{"type":"FeatureCollection","features":[{"type":"Feature","properties":{"potaRef":"JP-0116","nameJa":"南房総","nameEn":"Minami-Boso Quasi-National Park","authority":"環境省 生物多様性「見える化」マップ","boundaryStatus":"全国GIS候補・公開前検証待ち","boundarySource":"環境省 生物多様性「見える化」マップの自然公園区域を、POTA代表座標で一意に空間照合して加工","boundaryScaleNote":"区域は概要データであり、正確性は保証されない。POTA運用可否は公式情報で最終確認すること。","candidateMethod":"POTA representative point inside one public natural-park area","sourceParkKind":"国定公園","sourceName":"南房総","sourceFeatureCount":153,"cautionMeters":75},"geometry":{"type":"MultiPolygon","coordinates":[[[[140.384287,35.192255],[140.384835,35.192136],[140.385455,35.193436],[140.385947,35.194705],[140.386311,35.195403],[140.38688,35.196035],[140.387526,35.196394],[140.387753,35.196834],[140.388004,35.197144],[140.38844,35.197363],[140.388946,35.198982],[140.38915,35.199269],[140.389615,35.199651],[140.390412,35.200042],[140.390751,35.20044],[140.391054,35.200637],[140.391329,35.200734],[140.391412,35.200646],[140.391355,35.200548],[140.391554,35.200438],[140.391693,35.200454],[140.391776,35.200551],[140.391973,35.200531],[140.392057,35.200638],[140.392285,35.200706],[140.392448,35.200837],[140.392473,35.200969],[140.392739,35.201066],[140.393001,35.201446],[140.393121,35.201522],[140.393148,35.201629],[140.393079,35.201737],[140.393088,35.201806],[140.393391,35.201887],[140.393668,35.202043],[140.393743,35.20231],[140.393859,35.202439],[140.393743,35.202607],[140.394183,35.202787],[140.39418,35.202966],[140.39411,35.203011],[140.393869,35.203005],[140.393818,35.202938],[140.393675,35.202951],[140.393602,35.202887],[140.393496,35.202894],[140.393438,35.20302],[140.393491,35.203069],[140.393329,35.203203],[140.393036,35.203027],[140.392142,35.201475],[140.391338,35.201042],[140.390513,35.200453],[140.389312,35.199774],[140.38829,35.198954],[140.387486,35.197298],[140.38557,35.19585],[140.384985,35.193851],[140.384529,35.193016],[140.384287,35.192255]]],[[[139.753293,34.975053],[139.753484,34.974863],[139.753642,34.974973],[139.753916,34.974973],[139.753788,34.975255],[139.75395,34.975452],[139.753935,34.975581],[139.753728,34.975581],[139.753668,34.975458],[139.753439,34.975553],[139.753304,34.975492],[139.753338,34.975219],[139.753293,34.975053]]],[[[139.757881,34.960832],[139.758132,34.960823],[139.758162,34.960955],[139.757975,34.961191],[139.757787,34.961105],[139.757783,34.960955],[139.757881,34.960832]]],[[[139.765565,34.955195],[139.765745,34.95518],[139.765978,34.955284],[139.766004,34.955465],[139.765753,34.955566],[139.76555,34.955517],[139.765565,34.955195]]],[[[139.782298,34.978212],[139.782478,34.978065],[139.782763,34.978133],[139.782718,34.978341],[139.782448,34.978617],[139.782253,34.978531],[139.782298,34.978212]]],[[[139.800234,35.061703],[139.800365,35.061764],[139.800345,35.061913],[139.800255,35.061979],[139.800091,35.061815],[139.800234,35.061703]]],[[[139.804123,35.066681],[139.804389,35.066675],[139.804411,35.066712],[139.804326,35.066968],[139.804245,35.067017],[139.804074,35.066966],[139.804034,35.066843],[139.804123,35.066681]]],[[[139.815737,35.107715],[139.816188,35.10758],[139.81651,35.107752],[139.816495,35.108163],[139.815805,35.108243],[139.815647,35.107942],[139.815737,35.107715]]],[[[139.816863,35.107869],[139.817163,35.107832],[139.817314,35.107991],[139.817321,35.108163],[139.817028,35.108206],[139.816833,35.108004],[139.816863,35.107869]]],[[[139.820664,35.028556],[139.820975,35.028558],[139.821136,35.028631],[139.821118,35.028763],[139.820924,35.028931],[139.820711,35.028842],[139.820468,35.028842],[139.820133,35.028918],[139.819871,35.028846],[139.820056,35.028656],[139.820366,35.028678],[139.820664,35.028556]]],[[[139.820669,35.14983],[139.821479,35.149793],[139.821907,35.149946],[139.8219,35.150449],[139.82178,35.150578],[139.821254,35.150351],[139.820511,35.150333],[139.820271,35.15013],[139.820669,35.14983]]],[[[139.821787,35.099992],[139.822215,35.099937],[139.8225,35.099992],[139.822996,35.100219],[139.823063,35.100342],[139.822935,35.100575],[139.822335,35.100427],[139.821547,35.100354],[139.821547,35.100194],[139.821787,35.099992]]],[[[139.823096,35.114025],[139.823206,35.113935],[139.82335,35.114002],[139.823357,35.114098],[139.823432,35.11416],[139.823466,35.114284],[139.823425,35.114425],[139.823343,35.114431],[139.823226,35.114538],[139.823076,35.114543],[139.823048,35.114628],[139.822946,35.114662],[139.822836,35.114684],[139.822644,35.114594],[139.822623,35.114397],[139.823096,35.114025]]],[[[139.823686,35.149419],[139.823889,35.149333],[139.824204,35.149407],[139.824369,35.149578],[139.824399,35.150057],[139.824272,35.150222],[139.823724,35.14975],[139.823686,35.149419]]],[[[139.824532,34.923605],[139.824877,34.923574],[139.825091,34.923786],[139.825234,34.924016],[139.82526,34.924301],[139.82496,34.92439],[139.824727,34.924341],[139.824543,34.924062],[139.824532,34.923605]]],[[[139.824549,35.144873],[139.824797,35.144732],[139.82512,35.144793],[139.825337,35.144891],[139.825315,35.145192],[139.825127,35.145425],[139.824602,35.145511],[139.824414,35.145376],[139.824399,35.145106],[139.824549,35.144873]]],[[[139.830156,35.135383],[139.830306,35.135229],[139.8312,35.135389],[139.831305,35.135524],[139.83108,35.135929],[139.830419,35.135917],[139.830156,35.135996],[139.830066,35.135659],[139.830156,35.135383]]],[[[139.836278,34.902261],[139.836558,34.902274],[139.837011,34.902418],[139.837217,34.902412],[139.837368,34.902558],[139.837719,34.902616],[139.837951,34.902768],[139.838079,34.902799],[139.838111,34.902884],[139.838025,34.902932],[139.837449,34.902871],[139.836963,34.902582],[139.836734,34.902577],[139.836451,34.902492],[139.836255,34.902325],[139.836278,34.902261]]],[[[139.837918,35.024341],[139.838088,35.024296],[139.838214,35.024394],[139.83829,35.024368],[139.838499,35.024439],[139.838582,35.024554],[139.838835,35.024664],[139.838924,35.024823],[139.838871,35.024913],[139.838535,35.025017],[139.838299,35.025031],[139.838141,35.024959],[139.837969,35.024834],[139.837994,35.024709],[139.837925,35.024611],[139.837918,35.024341]]],[[[139.861015,34.902507],[139.861172,34.902449],[139.861307,34.902461],[139.861476,34.902587],[139.861386,34.902725],[139.861199,34.902814],[139.86097,34.902701],[139.861015,34.902507]]],[[[139.898823,34.900478],[139.898814,34.900387],[139.89903,34.900334],[139.899381,34.900071],[139.899621,34.900029],[139.899607,34.900125],[139.899349,34.900364],[139.898823,34.900478]]],[[[139.914127,34.902881],[139.914393,34.902621],[139.914521,34.902691],[139.914539,34.90309],[139.914371,34.903259],[139.91413,34.903283],[139.913901,34.903158],[139.913886,34.903016],[139.914127,34.902881]]],[[[140.050459,35.051437],[140.050554,35.051437],[140.050603,35.051493],[140.050815,35.051443],[140.050924,35.051522],[140.05102,35.051454],[140.05126,35.051533],[140.051329,35.051443],[140.051465,35.051448],[140.051561,35.051589],[140.051561,35.051697],[140.051534,35.051725],[140.051431,35.05168],[140.05128,35.051742],[140.051075,35.051691],[140.050829,35.051713],[140.050739,35.051764],[140.050472,35.051618],[140.05039,35.051499],[140.050459,35.051437]]],[[[140.063679,35.057632],[140.063535,35.05762],[140.06333,35.05771],[140.063186,35.057693],[140.063056,35.05775],[140.062891,35.057693],[140.06272,35.057451],[140.062775,35.057107],[140.062974,35.057068],[140.063131,35.056967],[140.063563,35.056944],[140.063707,35.056882],[140.063823,35.056758],[140.063953,35.056713],[140.064015,35.056499],[140.064241,35.056335],[140.064618,35.056155],[140.06481,35.0562],[140.06483,35.056454],[140.0647,35.0566],[140.064652,35.056736],[140.064556,35.056798],[140.064474,35.057],[140.064323,35.057057],[140.064186,35.057429],[140.064063,35.05753],[140.063885,35.057513],[140.063679,35.057632]]],[[[140.072475,35.054955],[140.072722,35.054988],[140.073071,35.055213],[140.073098,35.055383],[140.072968,35.05558],[140.072763,35.055648],[140.072242,35.055704],[140.072071,35.055557],[140.072057,35.055467],[140.072139,35.055321],[140.07227,35.055242],[140.072222,35.055191],[140.072256,35.055022],[140.072475,35.054955]]],[[[140.091621,35.06519],[140.091868,35.064869],[140.091991,35.064908],[140.092026,35.065043],[140.091923,35.065145],[140.091676,35.065258],[140.091621,35.06519]]],[[[140.101116,35.0896],[140.101054,35.08947],[140.101103,35.089205],[140.101343,35.089053],[140.101624,35.089013],[140.101891,35.089081],[140.102014,35.089143],[140.102179,35.089391],[140.102124,35.089758],[140.102056,35.089859],[140.101918,35.08991],[140.101363,35.089746],[140.101116,35.0896]]],[[[140.102876,35.077883],[140.102787,35.077816],[140.102759,35.077635],[140.10304,35.077269],[140.103095,35.076993],[140.103472,35.076795],[140.103623,35.076767],[140.103849,35.076547],[140.103766,35.076485],[140.103499,35.07662],[140.103444,35.076694],[140.103314,35.076733],[140.10315,35.076694],[140.10302,35.076778],[140.102903,35.076778],[140.102746,35.076637],[140.102636,35.076389],[140.102725,35.076079],[140.103136,35.075803],[140.103403,35.075719],[140.10378,35.075769],[140.10391,35.07586],[140.104171,35.075764],[140.104287,35.075589],[140.104486,35.075544],[140.104863,35.0756],[140.105143,35.075572],[140.105253,35.075668],[140.105465,35.075927],[140.105465,35.076023],[140.105575,35.076158],[140.105595,35.076423],[140.105472,35.076739],[140.10539,35.076812],[140.105417,35.076947],[140.104965,35.077415],[140.104869,35.077472],[140.10465,35.077483],[140.104527,35.077568],[140.104362,35.077579],[140.104232,35.077686],[140.104116,35.077708],[140.103965,35.0779],[140.103739,35.078035],[140.103691,35.078148],[140.103547,35.078153],[140.10328,35.078047],[140.103177,35.077894],[140.103102,35.077922],[140.102876,35.077883]]],[[[140.103656,35.085103],[140.103629,35.084979],[140.103869,35.084844],[140.104191,35.084895],[140.104253,35.084946],[140.104239,35.085222],[140.104177,35.08534],[140.104081,35.085352],[140.103656,35.085103]]],[[[140.103684,35.075634],[140.103602,35.075572],[140.103705,35.07542],[140.103855,35.075352],[140.104088,35.075386],[140.104102,35.075505],[140.103951,35.075629],[140.103684,35.075634]]],[[[140.105541,35.075854],[140.10563,35.075645],[140.105746,35.075566],[140.105897,35.075335],[140.106054,35.075228],[140.106205,35.075172],[140.106342,35.075212],[140.106438,35.075138],[140.10663,35.075183],[140.106664,35.075381],[140.106561,35.075414],[140.106561,35.075504],[140.106006,35.075944],[140.105835,35.076012],[140.105541,35.075854]]],[[[140.105972,35.085881],[140.106081,35.085887],[140.106143,35.086005],[140.105979,35.086022],[140.105972,35.085881]]],[[[140.107307,35.085874],[140.107395,35.085792],[140.10762,35.085814],[140.10772,35.085947],[140.107515,35.086101],[140.107331,35.086018],[140.107307,35.085874]]],[[[140.107486,35.075212],[140.107541,35.074947],[140.107685,35.074704],[140.10787,35.074535],[140.107986,35.074535],[140.108027,35.074676],[140.108109,35.074687],[140.108144,35.0748],[140.107924,35.075195],[140.107561,35.075285],[140.107486,35.075212]]],[[[140.107918,35.089076],[140.108055,35.089047],[140.108206,35.0892],[140.108199,35.089391],[140.108151,35.089465],[140.107939,35.089498],[140.107657,35.089436],[140.107651,35.08925],[140.107692,35.089188],[140.107918,35.089076]]],[[[140.108185,35.073875],[140.107774,35.074011],[140.107685,35.073994],[140.10752,35.073774],[140.107507,35.07365],[140.107253,35.073548],[140.107006,35.073684],[140.106924,35.07387],[140.106376,35.074118],[140.106205,35.074078],[140.105938,35.074146],[140.105815,35.074112],[140.105774,35.073875],[140.10589,35.073712],[140.10613,35.073684],[140.10639,35.073475],[140.106589,35.073436],[140.10678,35.073475],[140.106869,35.073385],[140.107233,35.073278],[140.107281,35.073143],[140.107568,35.07312],[140.107719,35.073036],[140.108,35.073036],[140.108055,35.07294],[140.107993,35.072861],[140.108007,35.072748],[140.108116,35.072664],[140.108609,35.072664],[140.10874,35.072743],[140.108945,35.072703],[140.108884,35.073053],[140.108767,35.073312],[140.108678,35.073351],[140.108644,35.07347],[140.108493,35.073571],[140.108466,35.073656],[140.108288,35.073752],[140.108185,35.073875]]],[[[140.108315,35.074783],[140.108322,35.074698],[140.108459,35.074507],[140.108603,35.074467],[140.108706,35.074372],[140.108808,35.074372],[140.108979,35.074484],[140.108979,35.074541],[140.108712,35.074693],[140.108541,35.074856],[140.108425,35.074873],[140.108315,35.074783]]],[[[140.108808,35.07418],[140.108692,35.074112],[140.108534,35.074163],[140.108445,35.074084],[140.108843,35.073858],[140.109048,35.073864],[140.109171,35.074028],[140.109151,35.074163],[140.109028,35.074219],[140.108966,35.074169],[140.108808,35.07418]]],[[[140.108822,35.074958],[140.109144,35.0748],[140.109219,35.074811],[140.109226,35.074986],[140.109281,35.075082],[140.109,35.07533],[140.108712,35.075493],[140.108569,35.075482],[140.108589,35.075239],[140.108822,35.074958]]],[[[140.108823,35.091105],[140.108768,35.090868],[140.108864,35.090744],[140.109097,35.09053],[140.109392,35.090406],[140.109811,35.090343],[140.110208,35.09036],[140.110565,35.090468],[140.110709,35.090631],[140.110729,35.090823],[140.110571,35.09102],[140.10979,35.091307],[140.10944,35.091319],[140.109214,35.091274],[140.108823,35.091105]]],[[[140.109241,35.092869],[140.10944,35.092694],[140.109769,35.092638],[140.110126,35.092728],[140.110235,35.092801],[140.110338,35.093015],[140.110222,35.093139],[140.109776,35.093201],[140.109509,35.093162],[140.10931,35.093043],[140.109241,35.092869]]],[[[140.109692,35.073904],[140.109774,35.07378],[140.109925,35.073746],[140.110089,35.073813],[140.110151,35.073718],[140.110329,35.07361],[140.110493,35.073627],[140.110384,35.073938],[140.110206,35.074],[140.110096,35.074101],[140.110021,35.074112],[140.109931,35.074011],[140.109692,35.073904]]],[[[140.110308,35.072607],[140.110267,35.072534],[140.110329,35.072461],[140.11026,35.072359],[140.110349,35.072252],[140.110349,35.072162],[140.110452,35.072066],[140.110658,35.072078],[140.110719,35.072128],[140.110692,35.07241],[140.110308,35.072607]]],[[[140.119903,35.087689],[140.119972,35.087655],[140.120185,35.087779],[140.120123,35.087835],[140.119897,35.087773],[140.119903,35.087689]]],[[[140.120671,35.088568],[140.120795,35.088579],[140.120843,35.088709],[140.120644,35.088664],[140.120671,35.088568]]],[[[140.120754,35.089312],[140.120966,35.089233],[140.121117,35.08934],[140.121213,35.089549],[140.120809,35.089678],[140.120754,35.089656],[140.120658,35.089453],[140.120596,35.089419],[140.120754,35.089312]]],[[[140.144646,35.153563],[140.144725,35.153492],[140.144882,35.153537],[140.145088,35.15381],[140.145219,35.153832],[140.14548,35.153653],[140.145656,35.153604],[140.145765,35.153679],[140.145784,35.153828],[140.145615,35.154072],[140.145608,35.154259],[140.145683,35.15461],[140.145638,35.154737],[140.145357,35.154864],[140.145147,35.154748],[140.144878,35.154685],[140.144773,35.154502],[140.144829,35.15406],[140.144646,35.153563]]],[[[140.146474,35.162837],[140.146886,35.16274],[140.148023,35.162875],[140.148105,35.163122],[140.148076,35.163256],[140.147447,35.163668],[140.146893,35.16387],[140.146698,35.163877],[140.146534,35.163757],[140.146354,35.163339],[140.146339,35.163032],[140.146474,35.162837]]],[[[140.192045,35.112989],[140.192217,35.112922],[140.19248,35.113011],[140.19266,35.112931],[140.192979,35.113051],[140.192976,35.113321],[140.191981,35.113397],[140.191895,35.113305],[140.191917,35.113137],[140.192045,35.112989]]],[[[140.199339,35.110008],[140.199721,35.110016],[140.199896,35.110193],[140.199874,35.110316],[140.199736,35.110365],[140.199492,35.110332],[140.199289,35.110116],[140.199339,35.110008]]],[[[140.205312,35.110916],[140.205325,35.110716],[140.205479,35.110644],[140.205604,35.110685],[140.205638,35.110814],[140.205538,35.110935],[140.205369,35.110952],[140.205312,35.110916]]],[[[140.253268,35.127501],[140.253345,35.12732],[140.253406,35.12728],[140.253534,35.12727],[140.253663,35.127371],[140.253642,35.127547],[140.253455,35.127665],[140.253381,35.127667],[140.253268,35.127501]]],[[[140.259426,35.136105],[140.259798,35.136086],[140.259846,35.13628],[140.259614,35.136513],[140.259396,35.136381],[140.259426,35.136105]]],[[[140.278475,35.127826],[140.278552,35.127822],[140.278794,35.127985],[140.278775,35.128194],[140.278565,35.128281],[140.278267,35.128216],[140.278386,35.127912],[140.278475,35.127826]]],[[[140.308502,35.138353],[140.308772,35.138224],[140.309058,35.138298],[140.309238,35.138605],[140.309005,35.138746],[140.30863,35.138684],[140.308502,35.138353]]],[[[139.798863,35.313823],[139.793326,35.313786],[139.790536,35.313978],[139.789579,35.314154],[139.785131,35.314285],[139.784674,35.314351],[139.783957,35.314643],[139.783698,35.314694],[139.783222,35.314573],[139.782438,35.314578],[139.781863,35.314674],[139.781128,35.314992],[139.78006,35.315522],[139.778787,35.316234],[139.778206,35.316446],[139.776613,35.316764],[139.774327,35.317723],[139.773648,35.317764],[139.773178,35.317668],[139.772672,35.31738],[139.771739,35.316562],[139.770843,35.315986],[139.770071,35.315976],[139.769002,35.316042],[139.768527,35.315719],[139.767847,35.315643],[139.767631,35.315507],[139.767724,35.314901],[139.768088,35.314452],[139.771171,35.314164],[139.771288,35.314507],[139.771967,35.315017],[139.772542,35.315976],[139.7729,35.31638],[139.77345,35.316648],[139.773919,35.316779],[139.774426,35.316739],[139.775087,35.316517],[139.776539,35.31584],[139.779754,35.314674],[139.782435,35.313502],[139.783889,35.312698],[139.785833,35.312224],[139.792414,35.311048],[139.793079,35.310812],[139.794317,35.310573],[139.79765,35.30976],[139.79839,35.309515],[139.800997,35.308827],[139.802314,35.30863],[139.807313,35.307502],[139.807679,35.307791],[139.808321,35.310692],[139.807422,35.310744],[139.806574,35.311001],[139.805778,35.311642],[139.805315,35.312284],[139.805193,35.312952],[139.801429,35.312477],[139.801301,35.312785],[139.799734,35.312811],[139.798873,35.313132],[139.798863,35.313823]]],[[[139.826844,34.989551],[139.826901,34.989826],[139.826643,34.990024],[139.826512,34.990171],[139.82647,34.990292],[139.826532,34.990315],[139.826564,34.990413],[139.826481,34.990645],[139.826546,34.990777],[139.826459,34.990896],[139.826476,34.990987],[139.826588,34.991123],[139.826549,34.991221],[139.826579,34.991324],[139.826532,34.991375],[139.826156,34.991361],[139.825851,34.991521],[139.82534,34.991248],[139.825259,34.991271],[139.825197,34.991403],[139.825068,34.991478],[139.825034,34.991568],[139.824863,34.991619],[139.824736,34.991609],[139.824651,34.991528],[139.824402,34.991499],[139.824293,34.991559],[139.824215,34.991545],[139.824109,34.991444],[139.823801,34.991357],[139.823734,34.991202],[139.823597,34.9911],[139.823463,34.991072],[139.823176,34.9908],[139.823163,34.990697],[139.823008,34.990621],[139.823019,34.990473],[139.823138,34.990385],[139.823306,34.990152],[139.82385,34.989816],[139.824038,34.989841],[139.824258,34.989826],[139.824422,34.989748],[139.824874,34.989783],[139.824962,34.989747],[139.826139,34.989817],[139.826566,34.989717],[139.826844,34.989551]]],[[[139.837906,35.158409],[139.838088,35.15914],[139.838106,35.160156],[139.836213,35.16047],[139.835683,35.160299],[139.834387,35.160314],[139.833228,35.159844],[139.831384,35.160038],[139.829422,35.159165],[139.828682,35.159031],[139.827468,35.158934],[139.826546,35.158158],[139.824917,35.157733],[139.82395,35.15739],[139.822215,35.1563],[139.821284,35.156002],[139.820335,35.155569],[139.820171,35.155211],[139.820372,35.154913],[139.820883,35.154719],[139.822361,35.154689],[139.823384,35.155152],[139.824516,35.155823],[139.826195,35.156211],[139.827108,35.156629],[139.827674,35.157106],[139.828568,35.157494],[139.829554,35.157792],[139.83273,35.158359],[139.833223,35.158673],[139.833899,35.158956],[139.834373,35.158956],[139.835432,35.158747],[139.836217,35.158822],[139.836856,35.158553],[139.837906,35.158409]]],[[[140.178723,35.119469],[140.178805,35.11939],[140.178785,35.119272],[140.178833,35.119187],[140.178792,35.119148],[140.178798,35.119024],[140.178888,35.118928],[140.179038,35.118928],[140.179244,35.118979],[140.179251,35.119057],[140.179457,35.119052],[140.17956,35.119142],[140.179704,35.119097],[140.17992,35.119177],[140.179951,35.119266],[140.18004,35.119244],[140.180286,35.119379],[140.180444,35.119379],[140.180554,35.119554],[140.180506,35.119599],[140.180643,35.119773],[140.180828,35.119689],[140.180739,35.119593],[140.180821,35.119407],[140.180869,35.119407],[140.18089,35.119277],[140.181006,35.119159],[140.181116,35.119159],[140.181099,35.119082],[140.181342,35.118967],[140.181315,35.118855],[140.181418,35.118624],[140.181558,35.118569],[140.181747,35.118607],[140.181788,35.118522],[140.182021,35.118443],[140.182117,35.118331],[140.182275,35.118297],[140.182282,35.118235],[140.182549,35.118178],[140.182597,35.118263],[140.182652,35.118229],[140.183159,35.118331],[140.183199,35.118444],[140.183453,35.118652],[140.183551,35.118872],[140.183551,35.119334],[140.183708,35.119559],[140.183948,35.119677],[140.184167,35.119661],[140.184229,35.119492],[140.184449,35.119452],[140.184579,35.119497],[140.184846,35.119734],[140.184798,35.119892],[140.18486,35.120016],[140.184791,35.120151],[140.184634,35.120202],[140.184641,35.120331],[140.184593,35.120399],[140.184462,35.120438],[140.183735,35.120268],[140.183235,35.120031],[140.183031,35.119753],[140.182704,35.118945],[140.182432,35.118829],[140.182018,35.118966],[140.181524,35.119541],[140.180684,35.120152],[140.180274,35.120107],[140.179536,35.119874],[140.178723,35.119469]]],[[[140.197259,35.115067],[140.197691,35.114757],[140.198863,35.113484],[140.199011,35.113406],[140.199454,35.113344],[140.19966,35.113238],[140.199874,35.113075],[140.200213,35.11261],[140.200391,35.112132],[140.200468,35.111711],[140.200401,35.110881],[140.200267,35.110491],[140.200249,35.110123],[140.20029,35.110034],[140.200666,35.109774],[140.200975,35.109696],[140.201402,35.109755],[140.201475,35.109848],[140.201665,35.109942],[140.203163,35.109541],[140.203269,35.10956],[140.203421,35.109693],[140.203379,35.109852],[140.203204,35.110012],[140.203592,35.110299],[140.203633,35.110441],[140.203997,35.11067],[140.204228,35.111035],[140.204239,35.111144],[140.204412,35.111367],[140.204609,35.111495],[140.204637,35.111589],[140.204759,35.111637],[140.204905,35.111824],[140.205055,35.111914],[140.205119,35.112032],[140.205257,35.112084],[140.205378,35.112279],[140.205574,35.112359],[140.205651,35.112522],[140.205755,35.112522],[140.205957,35.112636],[140.206164,35.112929],[140.206587,35.113182],[140.207065,35.113675],[140.207313,35.113784],[140.20735,35.113856],[140.207812,35.114022],[140.20787,35.114117],[140.208095,35.114169],[140.208204,35.114131],[140.208804,35.11415],[140.209416,35.114012],[140.20984,35.114031],[140.210405,35.113984],[140.210809,35.114055],[140.210907,35.114131],[140.21112,35.114187],[140.211253,35.114325],[140.211536,35.114439],[140.211692,35.114444],[140.211905,35.114554],[140.212609,35.114244],[140.213551,35.114323],[140.214086,35.114425],[140.214888,35.114769],[140.215176,35.114848],[140.217151,35.115254],[140.217693,35.115451],[140.219167,35.116201],[140.218722,35.116754],[140.218542,35.116754],[140.217739,35.116068],[140.217004,35.116007],[140.215021,35.11527],[140.213718,35.114846],[140.212767,35.114715],[140.2121,35.115108],[140.21163,35.115199],[140.211037,35.114861],[140.210104,35.114548],[140.208962,35.114477],[140.2078,35.114568],[140.207281,35.114467],[140.206373,35.113907],[140.203989,35.111832],[140.202636,35.110171],[140.202457,35.110135],[140.201611,35.110282],[140.201086,35.110555],[140.200894,35.110832],[140.200808,35.111549],[140.200826,35.112549],[140.200357,35.113352],[140.197578,35.115164],[140.197259,35.115067]]],[[[140.221121,35.116533],[140.221128,35.116448],[140.22263,35.11633],[140.223164,35.1162],[140.223397,35.116087],[140.223507,35.116121],[140.223624,35.116048],[140.223878,35.116065],[140.223946,35.116009],[140.224138,35.115986],[140.225193,35.115089],[140.2254,35.115107],[140.225681,35.115051],[140.225928,35.115208],[140.226051,35.115197],[140.226127,35.115248],[140.226161,35.115349],[140.22649,35.115535],[140.226614,35.115699],[140.226805,35.115653],[140.227011,35.115772],[140.227094,35.115716],[140.227279,35.115738],[140.227498,35.115772],[140.227574,35.115851],[140.227649,35.115772],[140.227937,35.115822],[140.227999,35.115749],[140.228198,35.115704],[140.228259,35.115738],[140.228287,35.11567],[140.228417,35.115608],[140.228664,35.115665],[140.22876,35.115557],[140.228897,35.115518],[140.229082,35.11558],[140.229247,35.115445],[140.229363,35.115434],[140.229418,35.11549],[140.229445,35.115422],[140.229555,35.115377],[140.22963,35.115411],[140.229658,35.115326],[140.230179,35.115242],[140.230289,35.115152],[140.230495,35.115163],[140.230666,35.115062],[140.230762,35.11509],[140.230892,35.115039],[140.230982,35.115073],[140.231132,35.114989],[140.231372,35.115022],[140.231448,35.114972],[140.231674,35.114983],[140.231744,35.114871],[140.231976,35.114893],[140.2321,35.11481],[140.23227,35.114881],[140.232462,35.114842],[140.23275,35.115011],[140.23297,35.115281],[140.233347,35.115546],[140.233368,35.115625],[140.233793,35.115828],[140.233813,35.11593],[140.233896,35.115907],[140.234012,35.115986],[140.234012,35.116087],[140.234122,35.116093],[140.23443,35.116347],[140.234563,35.116322],[140.234801,35.116437],[140.234897,35.116397],[140.235054,35.116476],[140.236371,35.116544],[140.236632,35.116634],[140.236817,35.116882],[140.236858,35.117119],[140.237043,35.117462],[140.237471,35.118036],[140.237554,35.118066],[140.237652,35.118244],[140.237619,35.118438],[140.237283,35.118714],[140.236947,35.118821],[140.236481,35.118827],[140.236254,35.118883],[140.235932,35.119091],[140.235222,35.119755],[140.234796,35.119962],[140.234753,35.120123],[140.234619,35.120211],[140.234592,35.120363],[140.234487,35.121028],[140.234471,35.121802],[140.233851,35.120498],[140.233737,35.120089],[140.233981,35.119556],[140.234753,35.118822],[140.235448,35.118496],[140.236013,35.11836],[140.236291,35.118034],[140.236282,35.117638],[140.236063,35.117305],[140.235615,35.116994],[140.233777,35.116512],[140.232634,35.115666],[140.232115,35.115527],[140.230157,35.115583],[140.227455,35.116254],[140.226834,35.116366],[140.225756,35.115876],[140.225209,35.115805],[140.224774,35.115952],[140.22352,35.11662],[140.222084,35.116981],[140.221345,35.116999],[140.221121,35.116533]]],[[[140.23683,35.121938],[140.236774,35.122332],[140.237077,35.122304],[140.237214,35.122417],[140.237489,35.12249],[140.237523,35.122552],[140.237763,35.122535],[140.237797,35.122609],[140.2379,35.12258],[140.238119,35.122687],[140.238167,35.122659],[140.238407,35.122716],[140.238421,35.122783],[140.238682,35.122845],[140.23873,35.122969],[140.23888,35.122952],[140.239052,35.123031],[140.239155,35.123166],[140.239114,35.12329],[140.239182,35.12351],[140.239319,35.123567],[140.239354,35.123854],[140.239436,35.123888],[140.239512,35.124074],[140.239477,35.124215],[140.239649,35.124384],[140.239649,35.124485],[140.239765,35.124508],[140.239861,35.124626],[140.239861,35.124733],[140.240012,35.12475],[140.240135,35.124981],[140.24041,35.124942],[140.240519,35.125032],[140.24104,35.125139],[140.241191,35.125111],[140.241493,35.125269],[140.241706,35.125241],[140.241884,35.125376],[140.24209,35.125252],[140.242282,35.125252],[140.242323,35.125037],[140.242515,35.125026],[140.242627,35.124914],[140.242638,35.124784],[140.242775,35.124716],[140.242734,35.124507],[140.24284,35.124402],[140.243084,35.124435],[140.243125,35.124491],[140.243255,35.124457],[140.243358,35.124513],[140.243385,35.124581],[140.243564,35.124598],[140.243619,35.124654],[140.243742,35.124626],[140.243859,35.124699],[140.243934,35.124874],[140.244105,35.12488],[140.244195,35.125111],[140.244375,35.125152],[140.244551,35.125133],[140.245091,35.124865],[140.245366,35.124911],[140.245814,35.125318],[140.245902,35.125472],[140.245929,35.125753],[140.24622,35.126189],[140.246533,35.127162],[140.24678,35.12747],[140.247345,35.127847],[140.247755,35.128003],[140.248562,35.128115],[140.249365,35.128508],[140.249424,35.128628],[140.249465,35.128958],[140.248779,35.128972],[140.248016,35.128876],[140.246354,35.12769],[140.246036,35.127387],[140.245665,35.126826],[140.245202,35.125834],[140.244964,35.125574],[140.244575,35.125453],[140.244071,35.125453],[140.243346,35.12513],[140.242811,35.125456],[140.242258,35.12568],[140.241706,35.125769],[140.240983,35.125764],[140.240356,35.12564],[140.239939,35.125478],[140.239371,35.12512],[140.23883,35.124595],[140.238296,35.123721],[140.237866,35.12333],[140.237218,35.123083],[140.236739,35.12282],[140.236461,35.122583],[140.236455,35.122275],[140.23683,35.121938]]],[[[140.252449,35.134419],[140.252553,35.134115],[140.252281,35.133951],[140.252386,35.133844],[140.252504,35.133929],[140.25292,35.133717],[140.253251,35.133816],[140.253624,35.134051],[140.254076,35.134602],[140.254302,35.134619],[140.254967,35.134805],[140.255184,35.134774],[140.255429,35.134558],[140.255714,35.134604],[140.255955,35.134585],[140.25637,35.134301],[140.256541,35.134256],[140.256921,35.134316],[140.256966,35.134347],[140.256958,35.134459],[140.257065,35.134511],[140.257082,35.134605],[140.257242,35.134647],[140.257244,35.134748],[140.257319,35.134842],[140.257173,35.134977],[140.257024,35.134966],[140.257011,35.135034],[140.257111,35.135041],[140.25721,35.135144],[140.257448,35.135087],[140.25755,35.13514],[140.257517,35.135262],[140.257601,35.135343],[140.257559,35.135439],[140.257602,35.135552],[140.257551,35.135634],[140.25756,35.135775],[140.257403,35.135794],[140.257275,35.135872],[140.257209,35.13583],[140.257119,35.135876],[140.256994,35.135842],[140.256922,35.135932],[140.256771,35.135941],[140.256845,35.135472],[140.256526,35.135099],[140.256179,35.135017],[140.254855,35.135218],[140.254372,35.135017],[140.253369,35.1344],[140.252449,35.134419]]],[[[140.263159,35.135515],[140.262669,35.135612],[140.262501,35.13538],[140.2626,35.135051],[140.26232,35.135208],[140.262263,35.13515],[140.262267,35.135026],[140.262103,35.134989],[140.262067,35.134907],[140.262142,35.134812],[140.262122,35.134721],[140.262239,35.134579],[140.262324,35.134545],[140.262241,35.134279],[140.262261,35.133987],[140.262397,35.133874],[140.262769,35.133843],[140.26315,35.133992],[140.263787,35.134778],[140.263932,35.134882],[140.264032,35.13487],[140.264075,35.134803],[140.264004,35.134736],[140.26403,35.134665],[140.263956,35.134574],[140.263982,35.134446],[140.263928,35.134387],[140.263925,35.134209],[140.263979,35.134124],[140.263926,35.13405],[140.263969,35.133984],[140.264028,35.133985],[140.2641,35.13385],[140.264219,35.133846],[140.264293,35.133767],[140.264537,35.133759],[140.264636,35.133835],[140.264638,35.133892],[140.264835,35.134002],[140.264832,35.134175],[140.264962,35.134267],[140.265013,35.134149],[140.265133,35.134075],[140.26523,35.134121],[140.265244,35.134242],[140.265392,35.134172],[140.265666,35.13418],[140.265742,35.134212],[140.265754,35.134271],[140.265927,35.134288],[140.266098,35.134407],[140.266075,35.134502],[140.266239,35.134614],[140.266214,35.134712],[140.26628,35.134809],[140.266268,35.1349],[140.266383,35.134996],[140.266408,35.135121],[140.266322,35.135288],[140.26643,35.135411],[140.266334,35.13548],[140.266356,35.135872],[140.266643,35.136087],[140.266977,35.136166],[140.267105,35.136037],[140.267338,35.135999],[140.267469,35.135925],[140.267891,35.135596],[140.268106,35.135341],[140.268148,35.135061],[140.268072,35.134914],[140.267672,35.134921],[140.267529,35.134829],[140.267499,35.134739],[140.267616,35.134696],[140.267584,35.134625],[140.267657,35.134549],[140.267642,35.134396],[140.267685,35.134346],[140.267589,35.134226],[140.267492,35.134223],[140.26739,35.134139],[140.267174,35.134156],[140.267119,35.134101],[140.266903,35.134067],[140.266903,35.133884],[140.267151,35.133681],[140.267325,35.13375],[140.267318,35.133876],[140.267444,35.133927],[140.267556,35.133918],[140.267623,35.133749],[140.267771,35.133693],[140.267884,35.133699],[140.26796,35.133819],[140.268101,35.133713],[140.268344,35.133697],[140.26844,35.133814],[140.268437,35.133882],[140.268264,35.133881],[140.268239,35.133934],[140.268421,35.134024],[140.268612,35.134004],[140.268634,35.134062],[140.268747,35.134083],[140.268774,35.134157],[140.268734,35.134268],[140.268652,35.134314],[140.268496,35.134285],[140.268435,35.134422],[140.268566,35.134562],[140.268984,35.135413],[140.268904,35.135771],[140.268908,35.136117],[140.268662,35.136557],[140.268655,35.136734],[140.26843,35.13683],[140.26815,35.136778],[140.268136,35.136121],[140.267205,35.136479],[140.266703,35.136367],[140.26622,35.136016],[140.265873,35.135614],[140.265672,35.135114],[140.265362,35.134681],[140.26496,35.134704],[140.263159,35.135515]]],[[[140.274728,35.132152],[140.274623,35.132115],[140.274575,35.131983],[140.274413,35.131967],[140.274344,35.13208],[140.274292,35.132089],[140.274108,35.13206],[140.274072,35.131927],[140.273948,35.131821],[140.273969,35.131696],[140.273867,35.131486],[140.273865,35.131338],[140.274023,35.131231],[140.274246,35.130947],[140.274383,35.13092],[140.274434,35.130786],[140.274714,35.130616],[140.274808,35.130614],[140.274899,35.130511],[140.275122,35.130477],[140.275246,35.130541],[140.27535,35.130537],[140.275525,35.130742],[140.275521,35.130892],[140.275604,35.130996],[140.275838,35.130981],[140.276174,35.131193],[140.276305,35.131134],[140.276322,35.131043],[140.27652,35.130936],[140.276919,35.130837],[140.277169,35.131008],[140.277384,35.131433],[140.277485,35.13151],[140.277567,35.131462],[140.277714,35.131197],[140.277837,35.131084],[140.277942,35.131022],[140.278217,35.131052],[140.278335,35.131178],[140.27835,35.1314],[140.278412,35.131485],[140.278887,35.131837],[140.278997,35.131938],[140.279037,35.132054],[140.278845,35.132567],[140.278464,35.13268],[140.278195,35.133117],[140.278201,35.1332],[140.278246,35.133214],[140.278577,35.132972],[140.278674,35.132971],[140.278766,35.133033],[140.278643,35.13457],[140.278286,35.134442],[140.278095,35.13404],[140.278013,35.133555],[140.277739,35.133338],[140.277702,35.133107],[140.277803,35.132839],[140.278122,35.132369],[140.278223,35.1321],[140.277638,35.131705],[140.277018,35.131653],[140.276643,35.131473],[140.276233,35.131466],[140.275767,35.131294],[140.275128,35.131354],[140.274809,35.131667],[140.274728,35.132152]]],[[[140.279288,35.13374],[140.279307,35.133318],[140.279428,35.133355],[140.27964,35.133175],[140.279867,35.133152],[140.28001,35.133197],[140.280141,35.13335],[140.280158,35.133732],[140.279655,35.133852],[140.279288,35.13374]]],[[[140.28076,35.134206],[140.280579,35.133685],[140.280582,35.133577],[140.280703,35.133368],[140.280824,35.133277],[140.280937,35.13326],[140.281341,35.133333],[140.281499,35.13322],[140.281635,35.133028],[140.281811,35.133035],[140.281978,35.133155],[140.282126,35.133403],[140.282129,35.13362],[140.281905,35.134107],[140.281162,35.134017],[140.28076,35.134206]]],[[[140.28197,35.134355],[140.282308,35.134153],[140.28233,35.133824],[140.282459,35.133744],[140.282481,35.133626],[140.282659,35.133629],[140.282867,35.133939],[140.283007,35.134077],[140.28311,35.134105],[140.283199,35.134043],[140.283316,35.133671],[140.283487,35.133564],[140.283611,35.133564],[140.283926,35.133772],[140.284091,35.134105],[140.284209,35.134598],[140.284327,35.134858],[140.284083,35.134748],[140.283845,35.13439],[140.283179,35.134323],[140.282649,35.134435],[140.282284,35.13445],[140.28197,35.134355]]],[[[140.284915,35.135127],[140.285442,35.134308],[140.285627,35.134144],[140.286011,35.134105],[140.286347,35.134246],[140.286457,35.134319],[140.286635,35.134561],[140.286806,35.135041],[140.287032,35.135491],[140.287072,35.135915],[140.287045,35.136177],[140.28695,35.136449],[140.286792,35.136576],[140.286634,35.136622],[140.286593,35.136457],[140.286364,35.136076],[140.286164,35.135591],[140.286118,35.135091],[140.285817,35.13483],[140.285388,35.134927],[140.284915,35.135127]]],[[[140.287854,35.137491],[140.288045,35.137446],[140.289035,35.136974],[140.289563,35.136624],[140.290125,35.136548],[140.290523,35.136669],[140.290722,35.136839],[140.290976,35.137301],[140.291085,35.137413],[140.291393,35.137363],[140.291654,35.137391],[140.291877,35.137666],[140.292269,35.137655],[140.292403,35.13779],[140.292442,35.137966],[140.292701,35.138092],[140.292871,35.13805],[140.293172,35.138131],[140.293223,35.138233],[140.293124,35.138369],[140.29295,35.13837],[140.292818,35.13844],[140.292696,35.138406],[140.292141,35.138469],[140.291077,35.138205],[140.291092,35.138026],[140.290618,35.137523],[140.290107,35.13721],[140.289614,35.137135],[140.289139,35.13727],[140.288583,35.137583],[140.287981,35.137735],[140.287854,35.137491]]],[[[140.289865,35.139874],[140.28979,35.140069],[140.290295,35.140394],[140.290296,35.140488],[140.290159,35.140618],[140.290221,35.140727],[140.29069,35.140624],[140.290877,35.140627],[140.291154,35.140742],[140.291277,35.14093],[140.291308,35.141071],[140.291256,35.141344],[140.290789,35.141471],[140.290572,35.141387],[140.290034,35.141014],[140.289888,35.140798],[140.28997,35.140544],[140.289778,35.140291],[140.289596,35.140149],[140.289623,35.139925],[140.289865,35.139874]]],[[[140.293815,35.146047],[140.293868,35.145966],[140.294082,35.14588],[140.294267,35.145878],[140.294367,35.145816],[140.294883,35.145714],[140.295382,35.145972],[140.295414,35.146067],[140.295349,35.146159],[140.295363,35.146308],[140.295386,35.146509],[140.295453,35.146605],[140.295398,35.14674],[140.295866,35.147282],[140.295852,35.147424],[140.295692,35.147469],[140.295714,35.147626],[140.295994,35.147709],[140.296108,35.147824],[140.296292,35.147851],[140.296395,35.147984],[140.296356,35.148086],[140.29628,35.1481],[140.296213,35.148292],[140.29607,35.14837],[140.295974,35.148688],[140.295988,35.148877],[140.296244,35.149228],[140.295611,35.149081],[140.295448,35.148604],[140.295077,35.147152],[140.294509,35.146418],[140.293815,35.146047]]],[[[140.311192,35.137316],[140.310908,35.137014],[140.310901,35.136801],[140.310984,35.136406],[140.310956,35.136325],[140.310559,35.136073],[140.310461,35.135964],[140.310387,35.135763],[140.310437,35.135503],[140.310593,35.135171],[140.310936,35.134895],[140.311178,35.134566],[140.311325,35.134509],[140.311482,35.134513],[140.311639,35.134587],[140.311683,35.134667],[140.31168,35.135096],[140.311885,35.135376],[140.312259,35.135756],[140.312712,35.136406],[140.313111,35.136711],[140.313779,35.137124],[140.31392,35.13727],[140.314125,35.137674],[140.314286,35.137853],[140.31479,35.138237],[140.315057,35.138367],[140.315613,35.138487],[140.316079,35.138462],[140.317126,35.138127],[140.317749,35.137781],[140.318653,35.137382],[140.318992,35.137365],[140.319294,35.137477],[140.319616,35.137715],[140.320145,35.138305],[140.320317,35.138344],[140.32075,35.13832],[140.320974,35.138412],[140.321052,35.138523],[140.320978,35.138768],[140.32101,35.138906],[140.321508,35.13901],[140.321623,35.139092],[140.321646,35.139163],[140.32151,35.139387],[140.321503,35.139477],[140.321525,35.139546],[140.321809,35.139693],[140.322125,35.139695],[140.322484,35.139353],[140.322971,35.138995],[140.323166,35.139055],[140.323277,35.139199],[140.323233,35.139299],[140.323393,35.139478],[140.323653,35.13964],[140.324085,35.139736],[140.324262,35.139723],[140.324352,35.139647],[140.324912,35.139647],[140.325685,35.139269],[140.325851,35.13928],[140.32624,35.139425],[140.326598,35.139697],[140.326675,35.139865],[140.326599,35.140026],[140.326287,35.140121],[140.326237,35.140091],[140.326142,35.140151],[140.326063,35.140351],[140.326235,35.140419],[140.326452,35.140683],[140.326602,35.140972],[140.326646,35.141253],[140.326598,35.141326],[140.326463,35.141336],[140.325809,35.141139],[140.325654,35.141176],[140.325597,35.141343],[140.325656,35.141472],[140.32616,35.141802],[140.326255,35.141935],[140.326298,35.142076],[140.326057,35.142202],[140.325713,35.142033],[140.325367,35.141758],[140.32525,35.141296],[140.325398,35.141013],[140.325781,35.140604],[140.325824,35.13996],[140.325636,35.139905],[140.324867,35.140092],[140.324101,35.140193],[140.323594,35.140213],[140.323163,35.13991],[140.322589,35.140238],[140.321829,35.140122],[140.321316,35.139718],[140.320779,35.139057],[140.32047,35.13891],[140.319741,35.138309],[140.319247,35.138027],[140.318913,35.137981],[140.318314,35.138203],[140.317178,35.138723],[140.316523,35.138956],[140.315782,35.138915],[140.315294,35.139087],[140.314781,35.139122],[140.313453,35.137593],[140.312205,35.136659],[140.311754,35.1358],[140.311383,35.135598],[140.311179,35.135714],[140.311192,35.136285],[140.311377,35.137133],[140.311192,35.137316]]],[[[140.34101,35.170683],[140.341513,35.170768],[140.342091,35.170955],[140.343011,35.17142],[140.344266,35.172396],[140.344977,35.172836],[140.345119,35.172997],[140.345344,35.173397],[140.345466,35.173491],[140.345444,35.173754],[140.345672,35.17407],[140.345755,35.174561],[140.345835,35.17469],[140.346335,35.174778],[140.346382,35.174828],[140.346247,35.175023],[140.346317,35.175069],[140.346352,35.175263],[140.346633,35.175302],[140.346645,35.175479],[140.346556,35.175558],[140.346864,35.176127],[140.347277,35.176294],[140.34766,35.176313],[140.347919,35.176411],[140.347998,35.176507],[140.34804,35.176681],[140.347974,35.17716],[140.347867,35.177294],[140.347715,35.177355],[140.348262,35.177619],[140.347703,35.177543],[140.347412,35.177381],[140.347097,35.176897],[140.346566,35.176483],[140.345948,35.17571],[140.345553,35.174867],[140.344639,35.173494],[140.343391,35.172242],[140.342637,35.171868],[140.34163,35.171469],[140.340889,35.171252],[140.34101,35.170683]]],[[[140.3678,35.178734],[140.367839,35.17867],[140.367922,35.178653],[140.368444,35.178675],[140.369307,35.179007],[140.370289,35.17918],[140.370587,35.179166],[140.371299,35.178856],[140.371485,35.178842],[140.373416,35.179372],[140.373694,35.179323],[140.373684,35.179156],[140.373753,35.179088],[140.374052,35.179139],[140.374227,35.179263],[140.374213,35.179396],[140.374495,35.179607],[140.374998,35.179812],[140.375244,35.179999],[140.375524,35.180102],[140.37609,35.180172],[140.376549,35.180466],[140.37729,35.180762],[140.377379,35.180887],[140.377353,35.181043],[140.377268,35.181161],[140.37741,35.181442],[140.37739,35.181898],[140.37747,35.182367],[140.37784,35.182976],[140.378173,35.183397],[140.377345,35.183654],[140.376652,35.182222],[140.376597,35.181058],[140.374333,35.180133],[140.372453,35.179596],[140.370719,35.179611],[140.368875,35.179491],[140.367962,35.179178],[140.3678,35.178734]]],[[[140.378534,35.183831],[140.37871,35.183989],[140.379074,35.184177],[140.379624,35.184553],[140.379797,35.184606],[140.380121,35.184602],[140.380407,35.184739],[140.380789,35.184683],[140.381046,35.184747],[140.381149,35.184993],[140.381204,35.185514],[140.381673,35.185772],[140.381742,35.185882],[140.381822,35.18641],[140.381193,35.186391],[140.380983,35.18628],[140.380791,35.185854],[140.380481,35.185422],[140.37997,35.185101],[140.378984,35.184728],[140.378244,35.18431],[140.378299,35.184034],[140.378534,35.183831]]],[[[140.382261,35.187064],[140.382667,35.187545],[140.38296,35.187706],[140.383257,35.187527],[140.383331,35.187363],[140.383707,35.187321],[140.383968,35.187353],[140.384024,35.187313],[140.384042,35.187163],[140.384251,35.187101],[140.384321,35.18714],[140.384383,35.187411],[140.384483,35.18752],[140.384569,35.187724],[140.384558,35.187838],[140.384431,35.188035],[140.384461,35.188422],[140.384558,35.188717],[140.384754,35.189078],[140.384953,35.189959],[140.384946,35.190323],[140.384747,35.191297],[140.384739,35.191628],[140.384835,35.192136],[140.384287,35.192255],[140.384132,35.192165],[140.384004,35.18936],[140.383885,35.188182],[140.38352,35.187824],[140.382233,35.187891],[140.381759,35.18757],[140.38154,35.187197],[140.382261,35.187064]]],[[[140.392209,35.211141],[140.392278,35.211025],[140.392583,35.21108],[140.392937,35.211322],[140.393767,35.211726],[140.394011,35.212041],[140.394803,35.212659],[140.395266,35.213142],[140.395331,35.213257],[140.395295,35.213465],[140.395134,35.213634],[140.394942,35.213727],[140.394903,35.213813],[140.395213,35.213935],[140.395384,35.214143],[140.395417,35.214284],[140.395304,35.214965],[140.395718,35.217434],[140.396081,35.218311],[140.396173,35.218498],[140.396246,35.218478],[140.396726,35.219509],[140.397073,35.220006],[140.397784,35.220414],[140.397789,35.220658],[140.396505,35.22052],[140.396094,35.219885],[140.39571,35.219229],[140.395327,35.218289],[140.395017,35.216902],[140.394825,35.215253],[140.394697,35.214895],[140.394789,35.214321],[140.394542,35.213142],[140.392945,35.211605],[140.392209,35.211141]]],[[[140.396615,35.222997],[140.396928,35.222893],[140.397233,35.22237],[140.397465,35.222965],[140.397807,35.223583],[140.397773,35.223607],[140.398037,35.223845],[140.398277,35.223902],[140.398431,35.224014],[140.399176,35.224703],[140.399651,35.22533],[140.400027,35.22606],[140.400462,35.227122],[140.400679,35.227944],[140.400679,35.228298],[140.400461,35.228739],[140.400237,35.228876],[140.399973,35.229224],[140.399841,35.229315],[140.399528,35.229803],[140.39951,35.229954],[140.399563,35.230127],[140.399796,35.230369],[140.400002,35.230714],[140.400152,35.231169],[140.400121,35.231457],[140.400067,35.231526],[140.399975,35.231471],[140.399994,35.231778],[140.400086,35.231878],[140.400096,35.231792],[140.400333,35.23184],[140.400565,35.232042],[140.400811,35.232579],[140.40087,35.232851],[140.401059,35.233098],[140.401249,35.233197],[140.401275,35.233143],[140.401883,35.233229],[140.401998,35.233264],[140.4021,35.233366],[140.402651,35.234025],[140.402672,35.234407],[140.402828,35.234662],[140.404805,35.236596],[140.404723,35.236647],[140.404484,35.236412],[140.404583,35.236702],[140.404895,35.236877],[140.405046,35.237046],[140.405157,35.238351],[140.405279,35.238904],[140.405735,35.239331],[140.406004,35.239411],[140.406104,35.239525],[140.406055,35.239757],[140.406087,35.240102],[140.405922,35.240305],[140.405629,35.240479],[140.405537,35.240851],[140.405386,35.241153],[140.40532,35.241464],[140.405368,35.241922],[140.405546,35.241436],[140.405651,35.241467],[140.405028,35.243366],[140.404823,35.243612],[140.404404,35.24383],[140.404112,35.244334],[140.404048,35.24454],[140.404305,35.245543],[140.403965,35.246253],[140.404359,35.246611],[140.404372,35.246728],[140.40427,35.246926],[140.404378,35.247058],[140.403971,35.247128],[140.403734,35.246979],[140.403438,35.246423],[140.403496,35.24592],[140.403423,35.244935],[140.403551,35.243585],[140.404172,35.242645],[140.404619,35.241735],[140.405112,35.239855],[140.40492,35.238781],[140.404564,35.238199],[140.404491,35.237386],[140.4043,35.236812],[140.40377,35.236409],[140.402985,35.235581],[140.401452,35.233514],[140.40084,35.233059],[140.400265,35.232768],[140.400001,35.232224],[140.39938,35.231582],[140.399088,35.230978],[140.398987,35.229605],[140.399243,35.228837],[140.3998,35.227875],[140.399681,35.226875],[140.399279,35.225868],[140.398431,35.224727],[140.396615,35.222997]]],[[[140.403243,35.32769],[140.403108,35.327529],[140.402889,35.327007],[140.403784,35.326082],[140.405536,35.324635],[140.406376,35.32362],[140.406905,35.323158],[140.407388,35.323238],[140.407405,35.323622],[140.40772,35.323738],[140.407485,35.324164],[140.407407,35.324132],[140.407232,35.324488],[140.406604,35.325024],[140.405847,35.325264],[140.405676,35.325389],[140.40541,35.325949],[140.404422,35.326393],[140.404138,35.326636],[140.403915,35.327146],[140.4036,35.327504],[140.403243,35.32769]]],[[[140.408421,35.321323],[140.408202,35.321054],[140.40822,35.320428],[140.408767,35.319741],[140.409096,35.319607],[140.408968,35.32032],[140.408758,35.320926],[140.408421,35.321323]]],[[[140.409352,35.319503],[140.409516,35.318757],[140.410392,35.316698],[140.411177,35.31622],[140.411086,35.315892],[140.411396,35.314684],[140.412126,35.313773],[140.412948,35.313147],[140.413235,35.311196],[140.413696,35.308969],[140.414025,35.307955],[140.414116,35.306911],[140.414116,35.305389],[140.414708,35.304557],[140.414727,35.305297],[140.415274,35.305574],[140.4153,35.305638],[140.415233,35.306049],[140.414943,35.306206],[140.414899,35.306854],[140.414952,35.307858],[140.415174,35.309107],[140.414597,35.309581],[140.414439,35.309769],[140.414294,35.310087],[140.41444,35.311302],[140.413998,35.312492],[140.413836,35.313719],[140.413726,35.314066],[140.413047,35.31473],[140.412383,35.315093],[140.412116,35.315482],[140.411563,35.316586],[140.411524,35.316874],[140.410452,35.318956],[140.410344,35.319089],[140.410092,35.319262],[140.410054,35.319431],[140.41048,35.319662],[140.410093,35.319729],[140.409352,35.319503]]],[[[139.815175,35.108599],[139.815558,35.108362],[139.815835,35.108453],[139.816101,35.10865],[139.816144,35.109442],[139.816342,35.109735],[139.816706,35.109841],[139.816787,35.109967],[139.816354,35.110513],[139.816571,35.11074],[139.816682,35.110952],[139.816095,35.110881],[139.815953,35.111366],[139.815094,35.111452],[139.814477,35.110922],[139.814032,35.110861],[139.813655,35.110174],[139.813544,35.10972],[139.813809,35.109205],[139.813809,35.108756],[139.81418,35.108685],[139.814612,35.109069],[139.814971,35.109069],[139.815175,35.108599]]],[[[139.836789,34.920759],[139.837477,34.920705],[139.838056,34.921067],[139.839051,34.921808],[139.839757,34.922134],[139.839847,34.923002],[139.840119,34.923562],[139.840028,34.923834],[139.83972,34.924105],[139.839141,34.923653],[139.837911,34.92349],[139.837748,34.923291],[139.837911,34.923092],[139.837784,34.922857],[139.837061,34.922767],[139.836319,34.923074],[139.835631,34.923074],[139.835251,34.922821],[139.835903,34.922333],[139.836427,34.921212],[139.836789,34.920759]]],[[[139.837323,35.048973],[139.837739,35.048919],[139.837794,35.049281],[139.837595,35.049661],[139.836238,35.050981],[139.836038,35.051451],[139.835858,35.051578],[139.835333,35.051541],[139.83479,35.051162],[139.834157,35.051053],[139.83379,35.051071],[139.833863,35.050511],[139.834917,35.050511],[139.83526,35.050257],[139.835568,35.049516],[139.835858,35.049389],[139.836437,35.049643],[139.837323,35.048973]]],[[[139.857028,34.978763],[139.857661,34.978727],[139.857914,34.978908],[139.858801,34.978926],[139.858855,34.979306],[139.858113,34.979577],[139.857589,34.981602],[139.857136,34.981874],[139.856521,34.981982],[139.855815,34.982308],[139.85511,34.98229],[139.854838,34.98115],[139.854911,34.980572],[139.856322,34.979432],[139.856376,34.979107],[139.856702,34.979071],[139.857028,34.978763]]],[[[139.860755,35.025058],[139.861316,35.025058],[139.861913,35.025293],[139.862293,35.025835],[139.863415,35.027101],[139.862076,35.028385],[139.861316,35.028439],[139.859796,35.028765],[139.859561,35.029],[139.85929,35.029434],[139.858294,35.028801],[139.856286,35.028711],[139.856123,35.028367],[139.854404,35.027336],[139.857155,35.025908],[139.858349,35.025908],[139.85967,35.025474],[139.860502,35.025383],[139.860755,35.025058]]],[[[140.098662,35.078085],[140.099191,35.077682],[140.100031,35.077995],[140.100515,35.078286],[140.100533,35.078607],[140.100369,35.078786],[140.099675,35.078674],[140.099319,35.079129],[140.09878,35.079144],[140.098443,35.078995],[140.09836,35.078727],[140.098388,35.078421],[140.098662,35.078085]]],[[[140.148253,35.119262],[140.148271,35.118934],[140.149083,35.1183],[140.149293,35.117905],[140.149567,35.117726],[140.150124,35.11777],[140.150608,35.118024],[140.150881,35.118501],[140.150836,35.119009],[140.150662,35.119389],[140.15048,35.119501],[140.14975,35.118658],[140.149503,35.118539],[140.149339,35.118591],[140.149494,35.119665],[140.14891,35.11959],[140.148253,35.119262]]],[[[140.199997,35.124183],[140.201445,35.123026],[140.201915,35.123496],[140.201137,35.12449],[140.201192,35.12496],[140.201553,35.125232],[140.202874,35.125828],[140.203037,35.126244],[140.202874,35.126588],[140.201083,35.127565],[140.199708,35.128089],[140.198405,35.128234],[140.197935,35.128704],[140.197645,35.128487],[140.197609,35.127637],[140.197736,35.127474],[140.198785,35.127366],[140.199002,35.127221],[140.198912,35.12704],[140.197953,35.127004],[140.19788,35.126715],[140.198296,35.125991],[140.198134,35.12572],[140.196596,35.125973],[140.196089,35.125919],[140.195637,35.125539],[140.196541,35.124237],[140.199997,35.124183]]],[[[139.755496,34.975728],[139.756052,34.975768],[139.757992,34.975622],[139.758288,34.974274],[139.758541,34.973986],[139.758406,34.972497],[139.758461,34.971669],[139.757992,34.971366],[139.758121,34.970775],[139.758714,34.970321],[139.759344,34.970124],[139.759344,34.969437],[139.75906,34.96924],[139.758375,34.969397],[139.757806,34.968922],[139.757442,34.969033],[139.757084,34.969341],[139.756945,34.968973],[139.756247,34.969074],[139.756055,34.968826],[139.755654,34.968927],[139.755627,34.969273],[139.755297,34.969245],[139.75499,34.9693],[139.754882,34.968955],[139.755575,34.968566],[139.755584,34.96839],[139.754868,34.968478],[139.754787,34.968145],[139.755402,34.968049],[139.755769,34.967902],[139.755924,34.96766],[139.755769,34.967511],[139.754593,34.967562],[139.754271,34.967372],[139.754315,34.967228],[139.754562,34.967059],[139.755118,34.967117],[139.7553,34.966928],[139.755235,34.966703],[139.754194,34.966696],[139.754068,34.966565],[139.754457,34.966347],[139.754188,34.965832],[139.75454,34.9651],[139.754503,34.964739],[139.755967,34.963631],[139.756971,34.963073],[139.757471,34.963187],[139.757576,34.962914],[139.758253,34.962586],[139.758418,34.962447],[139.759369,34.963404],[139.758789,34.964737],[139.760166,34.964984],[139.760617,34.964055],[139.760957,34.963823],[139.761735,34.963894],[139.762087,34.96352],[139.762186,34.963172],[139.763174,34.963202],[139.763576,34.962369],[139.763953,34.962308],[139.764052,34.962051],[139.763897,34.961814],[139.763384,34.961672],[139.76315,34.961405],[139.763218,34.960804],[139.7626,34.960148],[139.761006,34.960723],[139.760407,34.96043],[139.760024,34.960703],[139.759573,34.960925],[139.759449,34.961213],[139.75953,34.961415],[139.759964,34.961349],[139.759998,34.961607],[139.759862,34.961758],[139.75997,34.962008],[139.759717,34.962271],[139.758978,34.961541],[139.758725,34.961512],[139.758464,34.961181],[139.758123,34.961343],[139.758082,34.961292],[139.758192,34.961107],[139.758281,34.961078],[139.758493,34.960869],[139.758678,34.960903],[139.758828,34.960801],[139.758808,34.960694],[139.758896,34.960558],[139.758824,34.960378],[139.758657,34.960323],[139.758623,34.960164],[139.75847,34.960106],[139.7582,34.960088],[139.757775,34.959826],[139.757849,34.959483],[139.75794,34.959428],[139.757999,34.959289],[139.758104,34.959225],[139.758274,34.959263],[139.758446,34.959184],[139.758404,34.959053],[139.758224,34.959088],[139.75816,34.959029],[139.758386,34.958909],[139.758447,34.958826],[139.758657,34.958756],[139.758821,34.958812],[139.759056,34.958742],[139.759478,34.958809],[139.759534,34.958858],[139.759225,34.959111],[139.759046,34.959136],[139.758931,34.959274],[139.758985,34.959342],[139.759436,34.959218],[139.759482,34.959107],[139.759761,34.959055],[139.759788,34.958961],[139.759994,34.958866],[139.760216,34.958897],[139.760393,34.958859],[139.76045,34.958763],[139.7606,34.958688],[139.760908,34.958673],[139.761046,34.958828],[139.760882,34.958916],[139.761015,34.958965],[139.761183,34.958927],[139.761209,34.959038],[139.761278,34.959066],[139.761353,34.959052],[139.76136,34.958851],[139.761483,34.958796],[139.761476,34.958733],[139.761654,34.958541],[139.761792,34.958599],[139.761736,34.958744],[139.761818,34.958818],[139.761915,34.958819],[139.762028,34.958663],[139.762167,34.958784],[139.762279,34.958796],[139.762549,34.958764],[139.762906,34.958559],[139.763118,34.95857],[139.763378,34.958471],[139.763675,34.958538],[139.763717,34.958471],[139.763578,34.958382],[139.763563,34.958311],[139.763664,34.958208],[139.763597,34.957871],[139.763631,34.957781],[139.76402,34.957653],[139.76411,34.957539],[139.764288,34.957561],[139.764406,34.957513],[139.764514,34.957589],[139.76463,34.957567],[139.764685,34.957431],[139.764828,34.957364],[139.765407,34.957389],[139.765472,34.957505],[139.765615,34.957533],[139.76563,34.957576],[139.765591,34.95773],[139.765513,34.95782],[139.765547,34.957854],[139.765636,34.957854],[139.765717,34.957769],[139.76584,34.957731],[139.766113,34.957791],[139.766211,34.957877],[139.766423,34.957931],[139.766402,34.95804],[139.766559,34.958153],[139.766676,34.958096],[139.766794,34.958083],[139.766876,34.95813],[139.76696,34.958101],[139.766961,34.957993],[139.767209,34.957922],[139.767229,34.957867],[139.767019,34.957758],[139.767045,34.957674],[139.767259,34.957554],[139.767394,34.957595],[139.767388,34.957691],[139.767539,34.957703],[139.767662,34.957587],[139.767901,34.95751],[139.768003,34.957601],[139.768113,34.957578],[139.768202,34.957646],[139.768311,34.95765],[139.768407,34.957713],[139.768434,34.957792],[139.768559,34.95781],[139.768594,34.957674],[139.768681,34.957578],[139.76862,34.957479],[139.768373,34.957409],[139.768393,34.957218],[139.768291,34.95711],[139.768318,34.956992],[139.768229,34.956823],[139.767955,34.956817],[139.767942,34.956761],[139.767698,34.956641],[139.76775,34.95653],[139.767873,34.956507],[139.767932,34.956378],[139.767914,34.956276],[139.767641,34.95631],[139.767599,34.956197],[139.767497,34.956113],[139.767565,34.956006],[139.767579,34.95587],[139.76775,34.95578],[139.767791,34.955673],[139.768038,34.955566],[139.768126,34.955566],[139.768229,34.955639],[139.768432,34.955619],[139.768489,34.955493],[139.768633,34.955448],[139.768667,34.955329],[139.768831,34.955254],[139.768954,34.955256],[139.769091,34.954958],[139.769303,34.954941],[139.769474,34.955008],[139.769847,34.955639],[139.770565,34.956606],[139.770885,34.956952],[139.771206,34.957063],[139.772352,34.95706],[139.772729,34.957416],[139.773121,34.957702],[139.773828,34.957775],[139.774205,34.957964],[139.774174,34.958739],[139.77553,34.958661],[139.775972,34.958838],[139.776256,34.958855],[139.776099,34.958403],[139.776472,34.957936],[139.776645,34.957522],[139.776553,34.957351],[139.77558,34.957235],[139.775685,34.956626],[139.776221,34.955008],[139.776508,34.955076],[139.776577,34.955161],[139.776558,34.955263],[139.776653,34.955322],[139.776618,34.955442],[139.776823,34.955476],[139.776878,34.955594],[139.777138,34.955747],[139.777241,34.955882],[139.777295,34.955848],[139.777193,34.955662],[139.777264,34.955591],[139.777453,34.9556],[139.777425,34.955679],[139.77753,34.955804],[139.777706,34.955792],[139.777802,34.955718],[139.777747,34.955589],[139.777843,34.955448],[139.777608,34.955263],[139.77763,34.955173],[139.77787,34.955183],[139.777936,34.955121],[139.778034,34.955144],[139.778193,34.955046],[139.778293,34.955131],[139.778426,34.955127],[139.778517,34.955269],[139.778479,34.955363],[139.778271,34.955347],[139.778205,34.955429],[139.778253,34.955594],[139.778356,34.955606],[139.778437,34.955512],[139.778542,34.955501],[139.778819,34.955682],[139.778848,34.955758],[139.779019,34.955774],[139.779088,34.955882],[139.779184,34.955904],[139.77925,34.956011],[139.779336,34.956037],[139.779478,34.95619],[139.779676,34.956147],[139.779717,34.955972],[139.779642,34.955938],[139.779581,34.955826],[139.779416,34.955798],[139.779362,34.955734],[139.779355,34.955656],[139.779528,34.955495],[139.779731,34.955583],[139.779977,34.9556],[139.780083,34.955714],[139.780153,34.955669],[139.780299,34.95572],[139.780416,34.955693],[139.780586,34.955831],[139.780692,34.955803],[139.780689,34.955718],[139.780804,34.95562],[139.780789,34.95555],[139.780853,34.955453],[139.780745,34.955311],[139.780764,34.955245],[139.781111,34.955078],[139.781226,34.954966],[139.781359,34.954952],[139.781477,34.954875],[139.781787,34.954816],[139.782103,34.954858],[139.782345,34.954822],[139.782914,34.954611],[139.783111,34.954314],[139.783333,34.95441],[139.783563,34.954372],[139.783768,34.954293],[139.783794,34.954213],[139.783949,34.954258],[139.784096,34.954135],[139.785178,34.953911],[139.785395,34.953708],[139.785862,34.953653],[139.786327,34.953678],[139.786765,34.953549],[139.787388,34.953267],[139.787524,34.953126],[139.787568,34.952873],[139.787731,34.952873],[139.787872,34.952683],[139.788281,34.95267],[139.788747,34.952515],[139.788862,34.952368],[139.789113,34.95241],[139.789187,34.952372],[139.789294,34.952409],[139.789457,34.952389],[139.789557,34.952478],[139.790959,34.952117],[139.793229,34.951351],[139.79668,34.949961],[139.797172,34.949632],[139.799851,34.948568],[139.802872,34.947164],[139.809495,34.94443],[139.810265,34.943902],[139.810973,34.943664],[139.813195,34.942221],[139.814189,34.941691],[139.815487,34.940854],[139.817344,34.939516],[139.817836,34.939223],[139.818535,34.938554],[139.819622,34.937786],[139.820745,34.936849],[139.821377,34.936215],[139.821822,34.935651],[139.822024,34.935515],[139.822224,34.935239],[139.823125,34.934308],[139.824356,34.932547],[139.824569,34.932268],[139.824625,34.932255],[139.825,34.931722],[139.825113,34.93143],[139.825767,34.930758],[139.82601,34.930161],[139.826521,34.929297],[139.827073,34.928149],[139.827198,34.927717],[139.827195,34.927234],[139.828855,34.927279],[139.829868,34.927948],[139.832094,34.928707],[139.831858,34.932234],[139.832112,34.933174],[139.832003,34.934205],[139.832184,34.934476],[139.832781,34.934729],[139.834446,34.935],[139.834699,34.935362],[139.835839,34.935398],[139.836219,34.935525],[139.83517,34.936755],[139.832763,34.937171],[139.831895,34.937568],[139.831117,34.939178],[139.831261,34.939449],[139.830845,34.939847],[139.830574,34.939829],[139.829995,34.940588],[139.829018,34.941113],[139.828226,34.940833],[139.826914,34.942496],[139.823874,34.945408],[139.821884,34.94501],[139.82088,34.945019],[139.82173,34.945742],[139.82306,34.946158],[139.823721,34.946936],[139.824861,34.947677],[139.823838,34.949838],[139.823467,34.949983],[139.823341,34.950399],[139.822716,34.95039],[139.822345,34.949576],[139.821993,34.949332],[139.820056,34.949468],[139.819297,34.948988],[139.818591,34.94935],[139.817903,34.950236],[139.817876,34.952515],[139.816926,34.95416],[139.816944,34.954549],[139.817505,34.955354],[139.816926,34.95586],[139.816275,34.956113],[139.815859,34.956972],[139.815261,34.957786],[139.815081,34.958356],[139.814637,34.95879],[139.813678,34.95879],[139.813208,34.958048],[139.810132,34.957931],[139.80939,34.957714],[139.806359,34.957885],[139.80512,34.957108],[139.804676,34.955905],[139.803627,34.95558],[139.803383,34.955336],[139.803292,34.954875],[139.801347,34.955101],[139.79894,34.955806],[139.79818,34.954667],[139.797203,34.954658],[139.797113,34.954902],[139.796579,34.954884],[139.796344,34.955471],[139.793331,34.955146],[139.793186,34.954929],[139.791467,34.9552],[139.790264,34.955679],[139.789088,34.955978],[139.787867,34.9568],[139.786989,34.957008],[139.786464,34.957388],[139.784411,34.95737],[139.78375,34.957705],[139.782538,34.957659],[139.782067,34.957958],[139.781977,34.958446],[139.782285,34.959124],[139.782031,34.960688],[139.781307,34.961204],[139.780584,34.961403],[139.779625,34.96152],[139.779543,34.96275],[139.779082,34.963519],[139.778774,34.963844],[139.778557,34.963835],[139.777797,34.962777],[139.775219,34.96284],[139.774332,34.963618],[139.77435,34.965164],[139.774124,34.965282],[139.772903,34.965526],[139.771781,34.965363],[139.769872,34.965842],[139.768813,34.96643],[139.768433,34.966945],[139.768777,34.967515],[139.768849,34.968374],[139.769428,34.969613],[139.769926,34.970282],[139.77131,34.971539],[139.771935,34.972506],[139.77217,34.974459],[139.77179,34.97483],[139.772197,34.975345],[139.770986,34.975928],[139.770918,34.975834],[139.770722,34.975725],[139.770719,34.975794],[139.770583,34.975866],[139.770583,34.975931],[139.77048,34.976013],[139.770464,34.976107],[139.770277,34.976168],[139.770185,34.976266],[139.769862,34.976188],[139.76984,34.976106],[139.769898,34.97603],[139.769833,34.975883],[139.769679,34.975788],[139.769529,34.975816],[139.769453,34.975928],[139.769283,34.975945],[139.769159,34.97603],[139.769154,34.976213],[139.768897,34.976362],[139.768669,34.976228],[139.768658,34.976094],[139.768293,34.976029],[139.768184,34.975966],[139.768001,34.975733],[139.767749,34.975849],[139.767572,34.975759],[139.767421,34.975776],[139.767375,34.975685],[139.767271,34.975641],[139.767273,34.975505],[139.767367,34.975443],[139.767326,34.975308],[139.767038,34.975207],[139.766896,34.975217],[139.766823,34.975156],[139.766688,34.975197],[139.766522,34.975118],[139.766358,34.975126],[139.766286,34.975061],[139.766067,34.975015],[139.765974,34.974914],[139.765786,34.974886],[139.765606,34.974958],[139.765389,34.974841],[139.765182,34.974863],[139.765026,34.974959],[139.764869,34.97497],[139.764712,34.975241],[139.764504,34.975257],[139.764418,34.975382],[139.764489,34.975494],[139.764472,34.975596],[139.764363,34.975681],[139.764212,34.975673],[139.764198,34.975764],[139.764126,34.975829],[139.763884,34.975833],[139.76385,34.975917],[139.763553,34.975987],[139.763364,34.975917],[139.763159,34.975912],[139.763072,34.976068],[139.762868,34.976112],[139.762804,34.976218],[139.7627,34.976222],[139.762427,34.976099],[139.762473,34.975998],[139.762416,34.975888],[139.762157,34.975857],[139.76192,34.975945],[139.761845,34.976047],[139.761655,34.976094],[139.761578,34.976193],[139.761435,34.976197],[139.761318,34.976284],[139.761324,34.976402],[139.761058,34.976526],[139.760889,34.97653],[139.760757,34.976672],[139.760576,34.976692],[139.760531,34.976638],[139.760524,34.976441],[139.760645,34.97638],[139.760628,34.976241],[139.760716,34.976216],[139.760748,34.976111],[139.761407,34.975855],[139.761474,34.975751],[139.761452,34.975598],[139.761318,34.975523],[139.760709,34.975679],[139.760589,34.975514],[139.760146,34.975303],[139.76009,34.97514],[139.759936,34.9751],[139.759943,34.974914],[139.759888,34.974745],[139.760003,34.974648],[139.759681,34.974589],[139.759423,34.974688],[139.759286,34.974818],[139.759306,34.974959],[139.759379,34.975069],[139.759286,34.975224],[139.759371,34.975306],[139.759313,34.975399],[139.759383,34.975476],[139.759363,34.975612],[139.759692,34.97576],[139.759667,34.975961],[139.759559,34.975991],[139.759477,34.97594],[139.759279,34.975936],[139.759194,34.976199],[139.759033,34.976249],[139.758998,34.97634],[139.75887,34.976359],[139.758752,34.976441],[139.758615,34.976441],[139.758574,34.976537],[139.758702,34.976609],[139.75871,34.97672],[139.758773,34.97675],[139.758816,34.976852],[139.758988,34.976918],[139.759032,34.976983],[139.759007,34.9771],[139.759067,34.977196],[139.758988,34.977391],[139.758909,34.977449],[139.758567,34.977501],[139.758483,34.977643],[139.758314,34.977613],[139.758216,34.977709],[139.758141,34.977701],[139.757999,34.977782],[139.757819,34.977714],[139.757707,34.977736],[139.757415,34.977588],[139.757326,34.977587],[139.757295,34.977613],[139.757336,34.97772],[139.757171,34.977929],[139.756845,34.977978],[139.756727,34.977889],[139.756597,34.977867],[139.756508,34.977968],[139.756164,34.978022],[139.755226,34.977871],[139.754648,34.9772],[139.754679,34.976887],[139.754847,34.976698],[139.754991,34.976769],[139.75521,34.976634],[139.755384,34.97665],[139.75543,34.976574],[139.755255,34.976546],[139.755605,34.976464],[139.75647,34.976441],[139.756539,34.976261],[139.755496,34.975728]]],[[[139.788037,34.972891],[139.788464,34.971955],[139.788955,34.971957],[139.790862,34.972352],[139.79485,34.972296],[139.795248,34.972377],[139.795186,34.97275],[139.795484,34.972768],[139.796072,34.972217],[139.796362,34.972877],[139.796896,34.972244],[139.7979,34.972307],[139.798343,34.972126],[139.798949,34.97219],[139.799067,34.972787],[139.799682,34.972895],[139.799755,34.973193],[139.799329,34.973691],[139.79932,34.974043],[139.79942,34.974197],[139.801039,34.974514],[139.801799,34.974242],[139.802577,34.974224],[139.802524,34.975084],[139.806287,34.975843],[139.806377,34.976349],[139.808802,34.976593],[139.809245,34.976476],[139.809553,34.976828],[139.810412,34.976955],[139.810865,34.977081],[139.810885,34.978088],[139.809703,34.977521],[139.807914,34.976926],[139.807572,34.976887],[139.807143,34.976926],[139.806893,34.976993],[139.806798,34.977163],[139.806471,34.977158],[139.806466,34.976938],[139.806121,34.976949],[139.806113,34.97738],[139.805909,34.977383],[139.805896,34.976678],[139.805773,34.976611],[139.805177,34.976454],[139.8045,34.976143],[139.804151,34.976047],[139.803638,34.976003],[139.803399,34.976129],[139.802994,34.976047],[139.802906,34.975979],[139.80294,34.975873],[139.802762,34.975799],[139.802133,34.975746],[139.802021,34.975842],[139.801898,34.975834],[139.801776,34.975923],[139.80167,34.975875],[139.801415,34.975904],[139.801197,34.975766],[139.801029,34.975744],[139.800964,34.975596],[139.799951,34.975293],[139.799686,34.975116],[139.799603,34.975008],[139.799354,34.974916],[139.799336,34.974766],[139.799162,34.974679],[139.796864,34.973832],[139.796563,34.973787],[139.796494,34.973963],[139.796405,34.973968],[139.796332,34.973922],[139.795984,34.973882],[139.795947,34.973792],[139.79529,34.973573],[139.794355,34.973449],[139.79435,34.973494],[139.794237,34.97353],[139.794204,34.973618],[139.794061,34.973663],[139.794,34.973772],[139.793778,34.973877],[139.793479,34.973916],[139.793434,34.973854],[139.792419,34.973767],[139.791276,34.97345],[139.789283,34.973173],[139.788468,34.972953],[139.788037,34.972891]]],[[[139.798863,35.313823],[139.798873,35.313132],[139.799734,35.312811],[139.801301,35.312785],[139.801429,35.312477],[139.805193,35.312952],[139.805315,35.312284],[139.805778,35.311642],[139.806574,35.311001],[139.807422,35.310744],[139.808321,35.310692],[139.807679,35.307791],[139.807313,35.307502],[139.813567,35.305976],[139.81391,35.30587],[139.814664,35.305533],[139.815648,35.30526],[139.816882,35.304757],[139.816419,35.303783],[139.819089,35.302823],[139.819523,35.303655],[139.821335,35.303],[139.821024,35.302376],[139.821285,35.302275],[139.821615,35.302896],[139.825402,35.301635],[139.826084,35.301328],[139.825917,35.300916],[139.826772,35.300553],[139.827806,35.300031],[139.82797,35.300006],[139.828106,35.300205],[139.828869,35.299939],[139.829495,35.299672],[139.830835,35.298957],[139.831435,35.298704],[139.833304,35.297965],[139.836407,35.296912],[139.841878,35.294174],[139.843338,35.293022],[139.845093,35.291843],[139.846529,35.290769],[139.846712,35.290838],[139.846907,35.290701],[139.84689,35.290577],[139.84966,35.28836],[139.8499,35.287851],[139.850625,35.287357],[139.850836,35.286865],[139.85096,35.286718],[139.851353,35.286458],[139.851753,35.286271],[139.851946,35.286087],[139.852023,35.285933],[139.852073,35.28547],[139.852152,35.2853],[139.852821,35.284735],[139.852791,35.283851],[139.853188,35.283891],[139.853568,35.285328],[139.853532,35.285979],[139.85308,35.286829],[139.851406,35.288131],[139.848393,35.290998],[139.842694,35.294795],[139.841264,35.296142],[139.840477,35.297182],[139.839147,35.297761],[139.837419,35.298828],[139.835818,35.300437],[139.83542,35.30041],[139.834624,35.299868],[139.832724,35.300564],[139.830842,35.301333],[139.829412,35.302499],[139.827956,35.302996],[139.825893,35.303973],[139.824337,35.304199],[139.82269,35.305067],[139.820971,35.305763],[139.819614,35.306197],[139.819587,35.306658],[139.815869,35.30777],[139.814467,35.30825],[139.813354,35.308313],[139.813318,35.31098],[139.811381,35.311116],[139.811291,35.31249],[139.810703,35.312825],[139.809943,35.31296],[139.810269,35.314253],[139.809903,35.31524],[139.806379,35.314418],[139.805675,35.314306],[139.802461,35.314091],[139.800701,35.314033],[139.798863,35.313823]]],[[[139.817353,35.172663],[139.818139,35.171446],[139.818573,35.172251],[139.818881,35.173299],[139.818935,35.174285],[139.818447,35.17528],[139.818275,35.176102],[139.818266,35.17697],[139.818926,35.178878],[139.819243,35.180596],[139.819071,35.181564],[139.818609,35.182811],[139.818619,35.184213],[139.819722,35.189846],[139.82003,35.190425],[139.821161,35.191826],[139.822047,35.192685],[139.822798,35.193725],[139.823631,35.19557],[139.823639,35.196065],[139.823378,35.19584],[139.822952,35.195704],[139.822822,35.195704],[139.822609,35.195569],[139.822561,35.19549],[139.822602,35.195169],[139.822547,35.19495],[139.822396,35.194825],[139.822129,35.194803],[139.821929,35.194352],[139.821628,35.194132],[139.82158,35.19389],[139.821635,35.193794],[139.821559,35.193732],[139.821566,35.193659],[139.821957,35.193214],[139.82193,35.192876],[139.821848,35.192712],[139.821731,35.192588],[139.821237,35.192425],[139.821086,35.192312],[139.820907,35.191985],[139.820948,35.191861],[139.820818,35.191698],[139.820605,35.191552],[139.820468,35.191349],[139.820276,35.191202],[139.820077,35.191146],[139.820125,35.191078],[139.819823,35.190808],[139.819487,35.190362],[139.819404,35.190385],[139.819288,35.190295],[139.819164,35.190306],[139.819048,35.190255],[139.81878,35.189973],[139.818752,35.189861],[139.818828,35.189754],[139.818464,35.189252],[139.818588,35.189269],[139.818608,35.189106],[139.818519,35.189072],[139.81845,35.188852],[139.81832,35.188712],[139.818341,35.188492],[139.81808,35.1883],[139.818038,35.188182],[139.818114,35.188097],[139.818073,35.187849],[139.81799,35.187793],[139.817977,35.187652],[139.817894,35.1875],[139.817894,35.187427],[139.818025,35.187427],[139.817963,35.187134],[139.818066,35.187117],[139.818114,35.186998],[139.818512,35.186632],[139.818526,35.186418],[139.818464,35.186249],[139.818296,35.186088],[139.818141,35.186057],[139.817853,35.186114],[139.817771,35.186187],[139.81751,35.186125],[139.817325,35.185995],[139.817304,35.185933],[139.81716,35.185866],[139.817133,35.185821],[139.817188,35.185747],[139.817009,35.185674],[139.81705,35.185595],[139.817057,35.185319],[139.816872,35.185162],[139.816645,35.185325],[139.816645,35.185032],[139.816886,35.184665],[139.816865,35.184536],[139.816948,35.184434],[139.816961,35.184248],[139.817181,35.184125],[139.817256,35.184175],[139.817359,35.184062],[139.817455,35.184125],[139.81751,35.184023],[139.817675,35.184035],[139.817737,35.183967],[139.81797,35.184023],[139.818011,35.18399],[139.818018,35.183865],[139.817936,35.183685],[139.817949,35.183561],[139.817888,35.18351],[139.81784,35.183285],[139.817751,35.183138],[139.817709,35.182795],[139.817757,35.182722],[139.817682,35.182513],[139.817737,35.182429],[139.817654,35.182102],[139.817819,35.181809],[139.817915,35.181837],[139.817991,35.181752],[139.81821,35.181792],[139.818354,35.181752],[139.818512,35.181826],[139.818622,35.181679],[139.818615,35.181476],[139.818732,35.181425],[139.818746,35.1812],[139.818704,35.181093],[139.81854,35.181031],[139.818004,35.181104],[139.817778,35.181223],[139.817586,35.181206],[139.81749,35.18111],[139.817284,35.181115],[139.817208,35.181341],[139.817133,35.18129],[139.817064,35.181324],[139.816899,35.181104],[139.816803,35.181149],[139.816844,35.180839],[139.816961,35.180732],[139.817057,35.180541],[139.817153,35.180479],[139.817139,35.180411],[139.816989,35.180338],[139.81703,35.180045],[139.817106,35.179988],[139.817318,35.179977],[139.81703,35.179746],[139.817023,35.179617],[139.817099,35.179588],[139.817455,35.179718],[139.818169,35.179786],[139.818224,35.179493],[139.817771,35.179262],[139.817922,35.17907],[139.817949,35.179087],[139.818004,35.178884],[139.818265,35.178715],[139.818135,35.178535],[139.818135,35.178377],[139.817922,35.178292],[139.817764,35.178433],[139.81773,35.178619],[139.817634,35.178783],[139.817579,35.178805],[139.817559,35.17871],[139.817504,35.178681],[139.817215,35.178642],[139.816975,35.178676],[139.816954,35.178636],[139.817037,35.178529],[139.816961,35.17849],[139.817009,35.178372],[139.816941,35.178338],[139.816886,35.178135],[139.817023,35.17796],[139.816954,35.177752],[139.816831,35.177695],[139.816872,35.17752],[139.816721,35.177453],[139.816708,35.177385],[139.816604,35.177346],[139.816522,35.177205],[139.816412,35.177132],[139.816241,35.17716],[139.816158,35.177098],[139.81611,35.176929],[139.81609,35.176799],[139.816151,35.176732],[139.816076,35.176568],[139.816158,35.176529],[139.81611,35.176489],[139.816097,35.176258],[139.81622,35.176213],[139.816151,35.17614],[139.816151,35.175999],[139.816248,35.175926],[139.816234,35.175807],[139.816303,35.175684],[139.816563,35.17561],[139.816543,35.175391],[139.816598,35.175357],[139.816618,35.175244],[139.816852,35.175233],[139.81703,35.175165],[139.817202,35.175244],[139.817284,35.175165],[139.81762,35.175222],[139.817723,35.175312],[139.818025,35.175351],[139.818183,35.17512],[139.818039,35.175109],[139.817929,35.174934],[139.81797,35.174647],[139.818046,35.174591],[139.818012,35.17419],[139.818073,35.17414],[139.818059,35.174038],[139.818259,35.173937],[139.818389,35.173807],[139.818274,35.173259],[139.818099,35.17284],[139.817799,35.172579],[139.817353,35.172663]]],[[[139.818449,35.159687],[139.818408,35.159604],[139.81846,35.159545],[139.818874,35.159485],[139.818875,35.159357],[139.818933,35.159268],[139.818895,35.158598],[139.818745,35.158461],[139.818681,35.158234],[139.818511,35.158105],[139.818518,35.15801],[139.818364,35.157971],[139.818214,35.157841],[139.8182,35.157767],[139.818135,35.157768],[139.817818,35.157445],[139.817858,35.157356],[139.818128,35.157464],[139.818209,35.157443],[139.818224,35.157127],[139.818114,35.156908],[139.818049,35.156894],[139.817904,35.156684],[139.817764,35.156646],[139.817732,35.156567],[139.81796,35.156528],[139.817768,35.156342],[139.817798,35.156301],[139.818001,35.156347],[139.817984,35.156206],[139.818467,35.156293],[139.818701,35.156222],[139.818798,35.156043],[139.818841,35.155795],[139.81861,35.155635],[139.818478,35.155658],[139.818282,35.155543],[139.818167,35.155549],[139.81807,35.15545],[139.818071,35.155325],[139.817834,35.155294],[139.817722,35.1552],[139.817729,35.155134],[139.817953,35.155042],[139.817999,35.154933],[139.818152,35.15491],[139.81798,35.154767],[139.817631,35.154747],[139.817041,35.15488],[139.816648,35.15482],[139.816599,35.154762],[139.816806,35.154642],[139.817133,35.154595],[139.81735,35.154497],[139.817424,35.154521],[139.817568,35.154445],[139.817651,35.154442],[139.817704,35.15457],[139.817816,35.15456],[139.817831,35.154463],[139.818171,35.154337],[139.81833,35.154347],[139.818324,35.154293],[139.818484,35.154208],[139.818545,35.154217],[139.818726,35.154108],[139.818831,35.154121],[139.818842,35.154073],[139.818978,35.154014],[139.819133,35.154042],[139.819385,35.153984],[139.819444,35.154017],[139.819697,35.153983],[139.81975,35.15402],[139.820201,35.153869],[139.820274,35.153903],[139.820284,35.153836],[139.820551,35.153741],[139.820602,35.153618],[139.820813,35.153475],[139.820941,35.153467],[139.821232,35.153313],[139.821416,35.153312],[139.821528,35.153232],[139.821965,35.153212],[139.822037,35.153166],[139.822178,35.15321],[139.82242,35.153177],[139.822482,35.153233],[139.8227,35.153211],[139.822727,35.153243],[139.822769,35.153192],[139.823309,35.15318],[139.823555,35.153075],[139.823559,35.152891],[139.823694,35.152862],[139.823778,35.152907],[139.823941,35.152879],[139.824021,35.152918],[139.824052,35.152863],[139.824216,35.152837],[139.824289,35.152887],[139.824318,35.152837],[139.824529,35.152853],[139.824637,35.152792],[139.824855,35.152753],[139.824899,35.152783],[139.825174,35.1527],[139.825234,35.152734],[139.825435,35.152618],[139.825522,35.152627],[139.825532,35.152571],[139.825737,35.15249],[139.82592,35.15235],[139.825885,35.152231],[139.826376,35.152095],[139.826528,35.15199],[139.826775,35.15193],[139.826873,35.151972],[139.827029,35.151859],[139.827341,35.151828],[139.827397,35.151883],[139.827604,35.151746],[139.827584,35.15159],[139.827745,35.151527],[139.827909,35.151598],[139.828158,35.151384],[139.828456,35.150984],[139.828924,35.150067],[139.829283,35.149525],[139.829433,35.14935],[139.829913,35.149036],[139.830159,35.148807],[139.830412,35.148197],[139.830634,35.147211],[139.830636,35.146954],[139.830401,35.146382],[139.830227,35.146304],[139.830179,35.14615],[139.829899,35.145838],[139.829871,35.14565],[139.830113,35.145718],[139.830037,35.145535],[139.829931,35.145477],[139.82995,35.14536],[139.830086,35.14534],[139.830128,35.145256],[139.830303,35.145239],[139.830471,35.145094],[139.831337,35.144644],[139.832384,35.143763],[139.833237,35.142877],[139.834405,35.141259],[139.835264,35.140167],[139.836721,35.138047],[139.836558,35.138034],[139.837139,35.136852],[139.837343,35.136014],[139.837398,35.135492],[139.837326,35.1351],[139.837708,35.13545],[139.837735,35.136571],[139.837563,35.137611],[139.837283,35.138497],[139.836666,35.138878],[139.836315,35.140007],[139.834781,35.142195],[139.835256,35.142855],[139.835184,35.143271],[139.834686,35.142855],[139.833664,35.143931],[139.832822,35.144067],[139.832406,35.144745],[139.831728,35.145107],[139.831058,35.145577],[139.831049,35.146038],[139.831212,35.146373],[139.831882,35.146969],[139.831465,35.147476],[139.829746,35.15017],[139.829565,35.150677],[139.830135,35.151138],[139.831312,35.152232],[139.832108,35.153055],[139.833121,35.153651],[139.83579,35.15348],[139.836061,35.15546],[139.836577,35.156427],[139.837726,35.157684],[139.837906,35.158409],[139.836856,35.158553],[139.836217,35.158822],[139.835432,35.158747],[139.834373,35.158956],[139.833899,35.158956],[139.833223,35.158673],[139.83273,35.158359],[139.829554,35.157792],[139.828568,35.157494],[139.827674,35.157106],[139.827108,35.156629],[139.826195,35.156211],[139.824516,35.155823],[139.823384,35.155152],[139.822361,35.154689],[139.820883,35.154719],[139.820372,35.154913],[139.820171,35.155211],[139.820335,35.155569],[139.821284,35.156002],[139.822215,35.1563],[139.82395,35.15739],[139.824917,35.157733],[139.826546,35.158158],[139.827468,35.158934],[139.828682,35.159031],[139.829422,35.159165],[139.831384,35.160038],[139.833228,35.159844],[139.834387,35.160314],[139.835683,35.160299],[139.836213,35.16047],[139.838106,35.160156],[139.838115,35.160668],[139.837373,35.161925],[139.837183,35.162603],[139.836668,35.163697],[139.835835,35.164447],[139.834885,35.164547],[139.83408,35.165089],[139.833103,35.165433],[139.830742,35.166409],[139.830145,35.166409],[139.828498,35.165939],[139.827005,35.165758],[139.826652,35.165578],[139.826643,35.165135],[139.825784,35.165162],[139.825114,35.165342],[139.824472,35.165144],[139.823956,35.164312],[139.823432,35.164104],[139.823088,35.163507],[139.823133,35.162612],[139.822961,35.162214],[139.822862,35.161364],[139.821975,35.162151],[139.821676,35.162187],[139.820618,35.1615],[139.820075,35.161445],[139.819704,35.160948],[139.819632,35.159935],[139.819378,35.159664],[139.818449,35.159687]]],[[[139.823003,34.915566],[139.822969,34.915498],[139.822866,34.915492],[139.822777,34.915374],[139.822798,34.915284],[139.822989,34.915233],[139.822873,34.915098],[139.822839,34.914968],[139.822818,34.914765],[139.822859,34.914698],[139.822921,34.914658],[139.823174,34.914714],[139.82303,34.9145],[139.823133,34.914291],[139.823399,34.914269],[139.823433,34.914038],[139.823481,34.913993],[139.823673,34.913909],[139.823898,34.913892],[139.823939,34.913784],[139.823837,34.913553],[139.823891,34.913458],[139.824035,34.913413],[139.824363,34.913514],[139.824466,34.913446],[139.824718,34.913091],[139.824876,34.912685],[139.824964,34.912167],[139.824848,34.912065],[139.824725,34.911812],[139.824602,34.911693],[139.824541,34.911502],[139.824424,34.911451],[139.824315,34.91122],[139.824363,34.911147],[139.824226,34.911045],[139.824261,34.910899],[139.824548,34.910729],[139.824985,34.910786],[139.825252,34.910684],[139.825423,34.910561],[139.825737,34.910606],[139.825935,34.910561],[139.826209,34.910583],[139.82638,34.910436],[139.826482,34.910408],[139.826503,34.910296],[139.826674,34.910166],[139.826708,34.909986],[139.826893,34.909833],[139.827753,34.909743],[139.828082,34.909506],[139.82828,34.909467],[139.828499,34.909292],[139.828834,34.908774],[139.829046,34.908712],[139.829456,34.908357],[139.829681,34.908362],[139.829784,34.908312],[139.82977,34.908193],[139.829996,34.908002],[139.830091,34.908002],[139.830201,34.908131],[139.830365,34.908199],[139.830871,34.908064],[139.831021,34.907973],[139.831308,34.907928],[139.831397,34.907793],[139.831493,34.907748],[139.831821,34.907765],[139.831964,34.907889],[139.832033,34.907827],[139.832033,34.907692],[139.832244,34.907624],[139.832388,34.90772],[139.832566,34.907596],[139.832566,34.907466],[139.832737,34.907427],[139.832709,34.907274],[139.83299,34.907246],[139.833065,34.907308],[139.83312,34.907517],[139.833379,34.907562],[139.834083,34.907331],[139.834336,34.907089],[139.834781,34.907094],[139.834931,34.907156],[139.835095,34.907117],[139.835156,34.907044],[139.835656,34.906818],[139.836192,34.906434],[139.836508,34.906131],[139.837228,34.905077],[139.837419,34.904654],[139.837399,34.904434],[139.837488,34.904282],[139.837406,34.904197],[139.837399,34.904073],[139.837351,34.904028],[139.837371,34.903859],[139.837235,34.903746],[139.837132,34.903538],[139.837125,34.90342],[139.837016,34.903329],[139.836961,34.903104],[139.836879,34.903019],[139.836927,34.902958],[139.837091,34.903019],[139.837201,34.902958],[139.837399,34.903076],[139.837419,34.903313],[139.837501,34.903391],[139.837481,34.903487],[139.837583,34.903583],[139.837536,34.903735],[139.838014,34.90418],[139.838246,34.904288],[139.838841,34.904417],[139.839634,34.904473],[139.839976,34.904394],[139.840256,34.904259],[139.840502,34.90409],[139.840694,34.903797],[139.841274,34.903752],[139.841416,34.904147],[139.841869,34.90404],[139.841853,34.903983],[139.842231,34.903904],[139.842211,34.90382],[139.842368,34.903758],[139.842375,34.903701],[139.842559,34.9036],[139.842676,34.903628],[139.842778,34.903572],[139.842929,34.903578],[139.843018,34.903493],[139.843236,34.903442],[139.843291,34.903369],[139.843489,34.903335],[139.843428,34.903166],[139.843271,34.903087],[139.84299,34.902794],[139.84299,34.902715],[139.843298,34.902574],[139.843742,34.902586],[139.843865,34.90249],[139.844125,34.902484],[139.844276,34.902558],[139.844481,34.90258],[139.844549,34.902636],[139.844563,34.902766],[139.844713,34.902845],[139.844863,34.902642],[139.845075,34.902507],[139.845239,34.902496],[139.845301,34.902591],[139.845741,34.902401],[139.846062,34.902403],[139.847597,34.903345],[139.847872,34.903585],[139.847756,34.903895],[139.847777,34.904065],[139.848106,34.904112],[139.848665,34.904057],[139.848951,34.903753],[139.849163,34.903927],[139.849354,34.90395],[139.849511,34.903893],[139.84973,34.903955],[139.849839,34.903899],[139.850236,34.903978],[139.850339,34.903899],[139.850578,34.903922],[139.850844,34.904079],[139.851302,34.904063],[139.851357,34.904102],[139.851357,34.904198],[139.851685,34.904395],[139.851822,34.90435],[139.852123,34.904429],[139.852253,34.904564],[139.852389,34.904564],[139.852649,34.904711],[139.85284,34.904948],[139.853004,34.904931],[139.85308,34.905015],[139.853524,34.905077],[139.853647,34.905156],[139.853934,34.905184],[139.854043,34.905246],[139.854515,34.905241],[139.855206,34.905382],[139.855623,34.905415],[139.855923,34.905562],[139.856586,34.905675],[139.856655,34.905613],[139.856935,34.905534],[139.85714,34.905523],[139.857311,34.905421],[139.857755,34.905427],[139.857899,34.905466],[139.858131,34.905629],[139.858404,34.905613],[139.858548,34.90568],[139.858685,34.905635],[139.858828,34.905725],[139.859068,34.905742],[139.859143,34.905788],[139.859423,34.905737],[139.859635,34.905804],[139.859703,34.905872],[139.859929,34.905838],[139.860038,34.905906],[139.860291,34.905956],[139.860373,34.906069],[139.860551,34.906075],[139.860633,34.906154],[139.860831,34.906165],[139.861077,34.906272],[139.861316,34.906233],[139.861344,34.906143],[139.861405,34.906114],[139.86213,34.906052],[139.862226,34.90612],[139.862677,34.906092],[139.862779,34.906176],[139.863087,34.906204],[139.863401,34.906419],[139.863668,34.906447],[139.863811,34.906543],[139.864256,34.906684],[139.864351,34.906768],[139.86455,34.906774],[139.864734,34.90687],[139.864837,34.906825],[139.86496,34.906847],[139.865049,34.906774],[139.865254,34.906757],[139.865425,34.906802],[139.865561,34.906644],[139.866026,34.906526],[139.866184,34.906526],[139.866266,34.906588],[139.866559,34.906526],[139.866696,34.906447],[139.866812,34.906492],[139.866881,34.906419],[139.867079,34.906362],[139.867236,34.906408],[139.867571,34.906374],[139.867879,34.906238],[139.868043,34.90634],[139.868583,34.905979],[139.868815,34.905923],[139.868822,34.905754],[139.869102,34.905681],[139.869178,34.90559],[139.869308,34.90554],[139.869383,34.905433],[139.869513,34.905416],[139.869643,34.905252],[139.8701,34.90492],[139.870452,34.904361],[139.870618,34.904236],[139.870433,34.90351],[139.870813,34.903436],[139.871091,34.903989],[139.871504,34.90388],[139.871628,34.903719],[139.871447,34.903409],[139.871433,34.90324],[139.871536,34.903026],[139.8717,34.90284],[139.872009,34.90281],[139.872096,34.902742],[139.872392,34.902734],[139.872433,34.902877],[139.872541,34.902944],[139.872563,34.903043],[139.872482,34.903231],[139.872805,34.90328],[139.872881,34.903237],[139.872728,34.902988],[139.872736,34.902901],[139.872776,34.902888],[139.872892,34.902891],[139.873018,34.902976],[139.873344,34.902925],[139.873448,34.902858],[139.873746,34.902943],[139.873845,34.902893],[139.874148,34.90292],[139.874755,34.90284],[139.875237,34.903274],[139.875718,34.903284],[139.87629,34.903771],[139.876506,34.903867],[139.876806,34.903804],[139.876945,34.903519],[139.877507,34.90334],[139.878002,34.90308],[139.878114,34.903245],[139.87805,34.903356],[139.878346,34.903468],[139.878321,34.903576],[139.878375,34.903614],[139.878511,34.903556],[139.87871,34.90362],[139.878804,34.903592],[139.878744,34.903414],[139.878867,34.903284],[139.878983,34.903261],[139.878931,34.903159],[139.87897,34.903087],[139.879201,34.903004],[139.879308,34.90308],[139.879501,34.903037],[139.879544,34.903107],[139.879711,34.903154],[139.879742,34.903187],[139.879691,34.903284],[139.879462,34.903356],[139.87946,34.903475],[139.879659,34.903475],[139.879735,34.903389],[139.879876,34.903373],[139.879968,34.903206],[139.880069,34.903144],[139.879944,34.90305],[139.87983,34.903032],[139.879796,34.902974],[139.879969,34.902956],[139.880199,34.902774],[139.880293,34.902783],[139.880397,34.902871],[139.880697,34.90288],[139.880757,34.902944],[139.881051,34.902862],[139.881249,34.902939],[139.881438,34.902907],[139.881572,34.903015],[139.881474,34.903108],[139.881025,34.903099],[139.880933,34.903345],[139.880999,34.903424],[139.881166,34.903315],[139.881436,34.903258],[139.882083,34.903412],[139.882327,34.903333],[139.882513,34.903381],[139.882741,34.903357],[139.882622,34.903235],[139.882074,34.903053],[139.882029,34.902954],[139.882239,34.902798],[139.88243,34.902749],[139.882582,34.902746],[139.882656,34.90281],[139.882878,34.902785],[139.883046,34.902624],[139.88335,34.902538],[139.883523,34.902756],[139.883662,34.902609],[139.883851,34.902565],[139.884374,34.902673],[139.884244,34.902818],[139.884248,34.902945],[139.884199,34.903012],[139.883979,34.903089],[139.883589,34.903086],[139.883506,34.903205],[139.883683,34.903227],[139.883854,34.903315],[139.884331,34.903368],[139.884396,34.903432],[139.884728,34.903337],[139.884853,34.903376],[139.885007,34.90333],[139.884843,34.903181],[139.884808,34.903076],[139.884597,34.903013],[139.884588,34.902811],[139.88464,34.902728],[139.884841,34.902715],[139.88503,34.902643],[139.885213,34.902733],[139.885272,34.902858],[139.885478,34.90291],[139.885549,34.903017],[139.88554,34.903106],[139.885834,34.903086],[139.885856,34.903193],[139.886138,34.903176],[139.886228,34.903239],[139.886519,34.903196],[139.886586,34.903248],[139.886568,34.903309],[139.887559,34.903494],[139.887737,34.902981],[139.887024,34.902762],[139.886888,34.902794],[139.886796,34.902753],[139.886711,34.902561],[139.886735,34.902426],[139.886664,34.902302],[139.88668,34.902163],[139.886632,34.902043],[139.886688,34.901882],[139.88681,34.90179],[139.886733,34.901493],[139.886784,34.901321],[139.886888,34.901215],[139.88693,34.900973],[139.887019,34.900868],[139.886951,34.900728],[139.886999,34.900646],[139.886942,34.900452],[139.887158,34.900271],[139.887172,34.900131],[139.887245,34.900051],[139.887182,34.900006],[139.886851,34.900118],[139.886756,34.900027],[139.886737,34.899896],[139.886916,34.899474],[139.88717,34.899405],[139.887231,34.899491],[139.88719,34.899636],[139.887377,34.899721],[139.887391,34.899902],[139.887503,34.899913],[139.887629,34.899819],[139.887692,34.899698],[139.887958,34.899641],[139.888141,34.899673],[139.888245,34.899797],[139.888434,34.899809],[139.888592,34.899979],[139.88869,34.899973],[139.888832,34.9002],[139.888841,34.900354],[139.888778,34.900459],[139.888812,34.900524],[139.889097,34.900397],[139.889184,34.900459],[139.889304,34.900452],[139.889359,34.900484],[139.889389,34.90067],[139.889704,34.900908],[139.889751,34.901053],[139.889949,34.901169],[139.889953,34.901275],[139.88988,34.901395],[139.890079,34.901662],[139.890121,34.901821],[139.890229,34.901957],[139.890225,34.902039],[139.890314,34.902099],[139.890728,34.902004],[139.890708,34.90213],[139.890434,34.902293],[139.890475,34.902475],[139.890316,34.902787],[139.890424,34.902852],[139.890521,34.903125],[139.890713,34.903117],[139.890743,34.903234],[139.89051,34.903425],[139.890491,34.903516],[139.890238,34.903626],[139.89027,34.903913],[139.892871,34.904958],[139.89276,34.905629],[139.894378,34.90569],[139.894831,34.905931],[139.894053,34.906301],[139.892913,34.906202],[139.892334,34.905903],[139.891026,34.905067],[139.89026,34.904678],[139.888549,34.903943],[139.88776,34.903699],[139.885485,34.903516],[139.883911,34.903562],[139.882907,34.903507],[139.881631,34.903815],[139.880962,34.903842],[139.880446,34.903679],[139.876535,34.904277],[139.875755,34.904319],[139.872919,34.903833],[139.872177,34.903969],[139.871191,34.904683],[139.870196,34.905867],[139.869427,34.906952],[139.868929,34.908083],[139.868359,34.907829],[139.867816,34.907848],[139.866197,34.908318],[139.863103,34.907784],[139.862153,34.907667],[139.859502,34.90688],[139.856951,34.9066],[139.855376,34.906338],[139.853232,34.90565],[139.852074,34.905225],[139.851387,34.90509],[139.84794,34.904782],[139.847596,34.904611],[139.846963,34.904104],[139.845995,34.903218],[139.84547,34.903119],[139.845008,34.903191],[139.844565,34.903489],[139.843724,34.904249],[139.842665,34.904809],[139.840177,34.905687],[139.837635,34.906844],[139.836007,34.907287],[139.833238,34.907884],[139.832659,34.908363],[139.831555,34.908942],[139.830714,34.910072],[139.829845,34.910868],[139.828199,34.911582],[139.826769,34.911645],[139.826769,34.91217],[139.827267,34.913228],[139.82724,34.914511],[139.826869,34.915569],[139.826028,34.915633],[139.82543,34.916157],[139.823938,34.915841],[139.823003,34.915566]]],[[[139.824928,35.102003],[139.825449,35.101751],[139.8262,35.101742],[139.82724,35.102004],[139.828181,35.102818],[139.828525,35.103596],[139.829276,35.104066],[139.829991,35.104138],[139.830886,35.104735],[139.831058,35.105196],[139.830868,35.105856],[139.829366,35.107583],[139.828805,35.107764],[139.82829,35.108135],[139.828263,35.109274],[139.827921,35.109645],[139.827685,35.109351],[139.82741,35.109386],[139.82554,35.109383],[139.825682,35.109243],[139.825664,35.109033],[139.825955,35.108896],[139.825964,35.108642],[139.82601,35.108582],[139.826134,35.10858],[139.826117,35.108372],[139.826162,35.108287],[139.826123,35.108011],[139.826188,35.107963],[139.82613,35.107913],[139.826132,35.107734],[139.826184,35.107677],[139.826176,35.107599],[139.826061,35.107612],[139.825962,35.107557],[139.8259,35.107587],[139.825696,35.107493],[139.825469,35.107492],[139.825231,35.107368],[139.824651,35.107375],[139.82444,35.107518],[139.824183,35.107813],[139.823998,35.107858],[139.823951,35.107821],[139.82394,35.107684],[139.823957,35.10756],[139.824005,35.10753],[139.823966,35.107352],[139.823874,35.107213],[139.823749,35.107192],[139.823641,35.1071],[139.823673,35.107008],[139.823837,35.106965],[139.824091,35.10712],[139.824125,35.107103],[139.824198,35.10691],[139.824292,35.106877],[139.824236,35.106652],[139.824292,35.106591],[139.825099,35.106607],[139.825236,35.106388],[139.825226,35.106331],[139.825321,35.106292],[139.825374,35.106162],[139.825179,35.105924],[139.825072,35.105867],[139.825086,35.105739],[139.825317,35.105668],[139.825421,35.105696],[139.82562,35.105655],[139.825678,35.105761],[139.825586,35.105858],[139.825753,35.105967],[139.825885,35.105972],[139.826205,35.106129],[139.826892,35.106175],[139.827058,35.106121],[139.827392,35.106147],[139.827487,35.106075],[139.827539,35.105911],[139.827588,35.105897],[139.827616,35.105713],[139.827689,35.105629],[139.827623,35.105584],[139.827673,35.105254],[139.82772,35.105209],[139.827573,35.10485],[139.826972,35.104386],[139.826415,35.10413],[139.826338,35.103913],[139.826406,35.10384],[139.826531,35.103807],[139.826686,35.103865],[139.826703,35.103911],[139.827109,35.103928],[139.827319,35.104034],[139.827507,35.104068],[139.827552,35.103932],[139.82745,35.103796],[139.827309,35.103795],[139.827163,35.103671],[139.826929,35.103592],[139.826823,35.103457],[139.826743,35.103471],[139.826571,35.103308],[139.8265,35.103308],[139.826104,35.103056],[139.825956,35.102792],[139.82607,35.102726],[139.826091,35.102624],[139.826306,35.10254],[139.826351,35.102368],[139.825949,35.102195],[139.825727,35.102193],[139.82546,35.102105],[139.825199,35.102132],[139.825058,35.10202],[139.824928,35.102003]]],[[[139.826844,34.989551],[139.827637,34.988869],[139.828271,34.988673],[139.828724,34.989415],[139.828136,34.989576],[139.827312,34.989659],[139.826901,34.989826],[139.826844,34.989551]]],[[[139.827049,35.198539],[139.827478,35.198061],[139.828632,35.19868],[139.829238,35.199118],[139.830255,35.200466],[139.831834,35.20321],[139.832273,35.203676],[139.832644,35.203988],[139.8333,35.204236],[139.83373,35.204272],[139.834856,35.204195],[139.837249,35.203576],[139.839009,35.203644],[139.839764,35.202753],[139.840479,35.202428],[139.840845,35.202902],[139.840628,35.203377],[139.840682,35.203743],[139.84194,35.20415],[139.841926,35.204426],[139.841479,35.204991],[139.841809,35.205452],[139.841234,35.206013],[139.842062,35.207026],[139.842315,35.207853],[139.842469,35.208156],[139.842863,35.20831],[139.844491,35.208323],[139.84481,35.208463],[139.845353,35.208879],[139.845624,35.209431],[139.845751,35.21],[139.84595,35.210507],[139.846366,35.210923],[139.846764,35.21123],[139.847489,35.211602],[139.848334,35.212574],[139.848963,35.213045],[139.849532,35.213157],[139.849992,35.21331],[139.850143,35.213298],[139.850637,35.213462],[139.851316,35.213563],[139.851419,35.213631],[139.851728,35.213693],[139.851824,35.213766],[139.852655,35.213907],[139.852971,35.214183],[139.853108,35.214138],[139.853142,35.21407],[139.853431,35.214053],[139.853691,35.214183],[139.854432,35.214318],[139.854494,35.214487],[139.854659,35.214533],[139.854906,35.214504],[139.855057,35.214685],[139.855379,35.214764],[139.855455,35.214713],[139.855668,35.21482],[139.855833,35.21482],[139.857966,35.215406],[139.858317,35.215677],[139.858557,35.215795],[139.858701,35.215778],[139.859058,35.216139],[139.859333,35.216319],[139.859326,35.216432],[139.859388,35.216522],[139.859833,35.216922],[139.860273,35.217085],[139.860945,35.217254],[139.861577,35.217581],[139.861941,35.217621],[139.861791,35.217787],[139.861269,35.217767],[139.860574,35.217537],[139.859589,35.216984],[139.858591,35.216091],[139.858073,35.215803],[139.857007,35.215927],[139.856584,35.215601],[139.855778,35.215141],[139.855101,35.214967],[139.853813,35.2145],[139.848838,35.213299],[139.847988,35.212825],[139.847566,35.212346],[139.847412,35.212102],[139.846578,35.211812],[139.845785,35.211198],[139.845701,35.210815],[139.845368,35.210731],[139.845401,35.210537],[139.845279,35.209643],[139.84473,35.209128],[139.844322,35.208881],[139.843748,35.208679],[139.843155,35.208823],[139.842673,35.208785],[139.842189,35.208519],[139.841729,35.208435],[139.841139,35.208159],[139.840919,35.20795],[139.840789,35.207928],[139.840624,35.207821],[139.840542,35.20768],[139.840075,35.207364],[139.839972,35.207342],[139.839842,35.207206],[139.839547,35.20706],[139.838641,35.207003],[139.837968,35.206846],[139.83757,35.206806],[139.837398,35.20675],[139.837165,35.206569],[139.836849,35.206513],[139.836452,35.206186],[139.83639,35.206012],[139.836486,35.205916],[139.836246,35.205657],[139.83615,35.205618],[139.835834,35.205696],[139.835786,35.205668],[139.835802,35.205456],[139.835601,35.205138],[139.835024,35.204575],[139.834701,35.204383],[139.834509,35.204377],[139.834262,35.204439],[139.83394,35.204682],[139.833789,35.204693],[139.833552,35.20462],[139.833485,35.204643],[139.833446,35.204743],[139.833327,35.204778],[139.832979,35.204484],[139.83245,35.204253],[139.832293,35.204078],[139.832093,35.20396],[139.831853,35.203909],[139.831572,35.203735],[139.83138,35.203712],[139.831237,35.20363],[139.83103,35.203892],[139.829788,35.203239],[139.830089,35.202822],[139.830186,35.202811],[139.830385,35.202658],[139.830419,35.202506],[139.830348,35.2021],[139.83022,35.201717],[139.829823,35.20101],[139.829664,35.200618],[139.829334,35.200202],[139.829088,35.200145],[139.828894,35.199998],[139.828813,35.199993],[139.82847,35.199711],[139.828363,35.199727],[139.828093,35.199198],[139.827941,35.199001],[139.827049,35.198539]]],[[[139.827116,35.111484],[139.829312,35.113035],[139.829267,35.113424],[139.828796,35.113894],[139.827937,35.113958],[139.827964,35.11478],[139.828824,35.116137],[139.828986,35.11809],[139.830217,35.118063],[139.830986,35.118641],[139.831691,35.11894],[139.832578,35.118958],[139.832985,35.119979],[139.833655,35.120802],[139.834035,35.121462],[139.834306,35.122584],[139.834659,35.123063],[139.836577,35.124844],[139.836984,35.125631],[139.837147,35.126987],[139.835751,35.127115],[139.835376,35.126983],[139.835371,35.126918],[139.835468,35.126838],[139.835498,35.12662],[139.835548,35.126559],[139.835733,35.126543],[139.835967,35.126398],[139.836158,35.126436],[139.836215,35.126386],[139.83635,35.126023],[139.836297,35.125919],[139.836309,35.125816],[139.836164,35.125576],[139.835874,35.125372],[139.835774,35.125168],[139.835725,35.125154],[139.835664,35.125038],[139.835675,35.12496],[139.835605,35.124927],[139.835559,35.124821],[139.835569,35.124706],[139.835507,35.12457],[139.835329,35.124317],[139.834955,35.12397],[139.834563,35.123748],[139.834059,35.123692],[139.83385,35.123823],[139.83374,35.123604],[139.833459,35.123494],[139.83323,35.123556],[139.833127,35.123528],[139.833085,35.123581],[139.832825,35.123567],[139.832748,35.123631],[139.832583,35.123631],[139.832439,35.123567],[139.832359,35.123594],[139.832324,35.124174],[139.831608,35.124407],[139.831351,35.124412],[139.831184,35.12424],[139.831175,35.123851],[139.831311,35.123596],[139.831822,35.123433],[139.831547,35.123219],[139.831252,35.123127],[139.831057,35.123161],[139.830943,35.123133],[139.830884,35.123095],[139.830873,35.123002],[139.83098,35.12274],[139.831104,35.122643],[139.831265,35.122699],[139.831486,35.122675],[139.831525,35.122489],[139.831605,35.122406],[139.831571,35.122328],[139.831605,35.122158],[139.831801,35.121918],[139.83189,35.121566],[139.831584,35.121582],[139.831571,35.121433],[139.831699,35.121332],[139.831804,35.121161],[139.831874,35.120735],[139.831693,35.120007],[139.831292,35.119375],[139.830988,35.119048],[139.830591,35.11893],[139.830193,35.119268],[139.829882,35.119018],[139.830245,35.118651],[139.829996,35.118458],[139.829501,35.118257],[139.829071,35.118302],[139.828385,35.118673],[139.828223,35.118297],[139.82834,35.118021],[139.828402,35.117352],[139.828327,35.116858],[139.828045,35.116085],[139.827741,35.11555],[139.827569,35.115344],[139.826961,35.114857],[139.826096,35.114485],[139.82537,35.114017],[139.824248,35.113771],[139.824111,35.113799],[139.824049,35.113664],[139.824125,35.113591],[139.824356,35.113477],[139.824728,35.113377],[139.824763,35.113303],[139.824879,35.113247],[139.824827,35.113199],[139.82541,35.112336],[139.825983,35.112864],[139.826991,35.112159],[139.826871,35.112074],[139.827116,35.111484]]],[[[139.828555,35.099795],[139.828641,35.09973],[139.829022,35.099725],[139.829086,35.099772],[139.82916,35.099726],[139.829609,35.099758],[139.829645,35.0998],[139.829735,35.099766],[139.829947,35.099826],[139.830005,35.09979],[139.830185,35.099812],[139.830211,35.099854],[139.83027,35.099822],[139.830749,35.09988],[139.830966,35.099846],[139.831079,35.099901],[139.83121,35.099872],[139.83133,35.099945],[139.831791,35.100055],[139.831869,35.100023],[139.832073,35.100055],[139.832141,35.100115],[139.832238,35.100088],[139.832985,35.100232],[139.832958,35.09999],[139.832995,35.099968],[139.833101,35.100038],[139.833168,35.100203],[139.836083,35.099692],[139.836926,35.09897],[139.837104,35.099079],[139.837383,35.098675],[139.837625,35.098734],[139.838086,35.097727],[139.83854,35.09715],[139.83927,35.095763],[139.840218,35.093722],[139.841027,35.092478],[139.841249,35.091895],[139.841408,35.09117],[139.841895,35.090028],[139.842073,35.089428],[139.8423,35.088147],[139.842267,35.087277],[139.842336,35.086708],[139.842494,35.086233],[139.842338,35.085859],[139.842206,35.085677],[139.842226,35.085231],[139.842158,35.084363],[139.841973,35.083405],[139.84185,35.083107],[139.841635,35.082898],[139.841598,35.082732],[139.841518,35.082703],[139.840879,35.081638],[139.840771,35.08161],[139.839569,35.082126],[139.839396,35.082123],[139.83937,35.081862],[139.839241,35.081865],[139.838444,35.080077],[139.839237,35.079689],[139.840594,35.080647],[139.840711,35.081126],[139.841227,35.081569],[139.843118,35.08298],[139.843833,35.085638],[139.843914,35.087401],[139.843055,35.089047],[139.842711,35.090901],[139.842711,35.092971],[139.841915,35.094409],[139.841218,35.095024],[139.840503,35.097329],[139.839427,35.098876],[139.837237,35.100024],[139.84082,35.100232],[139.840874,35.101136],[139.839101,35.102049],[139.837075,35.101272],[139.836306,35.101489],[139.835238,35.101471],[139.833998,35.101046],[139.833103,35.101154],[139.832189,35.101001],[139.830434,35.100856],[139.829276,35.100693],[139.828787,35.10025],[139.828555,35.099795]]],[[[139.834073,35.032113],[139.8342,35.032331],[139.834597,35.0325],[139.835409,35.032568],[139.836204,35.032331],[139.836923,35.031925],[139.83798,35.031815],[139.838242,35.031655],[139.838538,35.031308],[139.839139,35.031325],[139.839798,35.031241],[139.84017,35.031139],[139.840678,35.031232],[139.8412,35.031224],[139.841842,35.030682],[139.842195,35.030474],[139.842647,35.030627],[139.843416,35.030555],[139.844185,35.031052],[139.845,35.031306],[139.846067,35.031486],[139.846954,35.03202],[139.848401,35.032689],[139.848582,35.034172],[139.847578,35.035004],[139.847062,35.034823],[139.84481,35.034479],[139.843353,35.034353],[139.842892,35.034181],[139.842457,35.033765],[139.841571,35.033801],[139.841317,35.034081],[139.839816,35.0341],[139.839508,35.033756],[139.838902,35.033602],[139.838088,35.033693],[139.837201,35.034109],[139.836061,35.033792],[139.834867,35.033738],[139.834831,35.032888],[139.830877,35.03334],[139.829864,35.033195],[139.828244,35.033168],[139.826571,35.032816],[139.826064,35.03259],[139.825901,35.032725],[139.825684,35.033186],[139.825783,35.033467],[139.826082,35.033756],[139.826525,35.033973],[139.828507,35.034289],[139.827539,35.035492],[139.826507,35.036143],[139.826263,35.036749],[139.825774,35.037228],[139.827715,35.038413],[139.829253,35.039226],[139.830484,35.039552],[139.831424,35.040257],[139.831623,35.040872],[139.833469,35.040999],[139.83374,35.041559],[139.831587,35.041451],[139.831587,35.041776],[139.834301,35.044905],[139.8345,35.046026],[139.834211,35.047274],[139.83318,35.049407],[139.833501,35.050285],[139.833193,35.050927],[139.832831,35.051876],[139.831963,35.052672],[139.831253,35.052807],[139.82895,35.052816],[139.828633,35.053079],[139.828642,35.055013],[139.828896,35.055167],[139.828814,35.055628],[139.82791,35.057789],[139.827566,35.059254],[139.826417,35.061668],[139.824191,35.064598],[139.824589,35.064923],[139.824137,35.066198],[139.822708,35.067419],[139.822735,35.067889],[139.823495,35.06854],[139.82382,35.069842],[139.824689,35.070656],[139.827846,35.071931],[139.828805,35.072175],[139.830027,35.072256],[139.830524,35.072871],[139.832451,35.074851],[139.832985,35.075177],[139.834605,35.07543],[139.834957,35.07637],[139.836125,35.077591],[139.837346,35.078251],[139.837725,35.078263],[139.837102,35.078405],[139.837047,35.078583],[139.836784,35.078688],[139.83651,35.078635],[139.836028,35.078444],[139.835937,35.078399],[139.835909,35.078328],[139.835498,35.078303],[139.835339,35.078345],[139.835141,35.07829],[139.834995,35.078307],[139.834734,35.078173],[139.834618,35.078173],[139.834399,35.078027],[139.834208,35.077993],[139.833865,35.077701],[139.833649,35.077656],[139.833566,35.077581],[139.833568,35.077477],[139.833477,35.077466],[139.833372,35.077368],[139.832797,35.077222],[139.832708,35.077179],[139.832699,35.077127],[139.832329,35.076975],[139.832197,35.076806],[139.831903,35.076612],[139.831268,35.076587],[139.830981,35.076512],[139.830563,35.076377],[139.830314,35.076219],[139.829759,35.076002],[139.829229,35.076098],[139.829106,35.076034],[139.828972,35.076056],[139.828769,35.07596],[139.828621,35.075992],[139.828203,35.075826],[139.827973,35.075601],[139.827981,35.075542],[139.827743,35.075373],[139.827593,35.075398],[139.827545,35.075482],[139.827279,35.075456],[139.827044,35.075209],[139.826988,35.074988],[139.82701,35.074836],[139.826865,35.074649],[139.826604,35.074536],[139.826368,35.074501],[139.826214,35.074409],[139.826052,35.074411],[139.825845,35.074188],[139.825744,35.07428],[139.825662,35.074267],[139.825618,35.074187],[139.825478,35.074211],[139.825152,35.074024],[139.825076,35.073834],[139.824677,35.073692],[139.824641,35.073617],[139.824424,35.073572],[139.823924,35.073313],[139.82384,35.073336],[139.82358,35.073238],[139.823346,35.073233],[139.822955,35.073099],[139.822292,35.072716],[139.821594,35.072444],[139.821523,35.072349],[139.821363,35.072336],[139.821223,35.072224],[139.821355,35.072094],[139.821267,35.071996],[139.821281,35.071825],[139.821226,35.07174],[139.821178,35.071323],[139.821206,35.07121],[139.821336,35.071114],[139.821315,35.070991],[139.821411,35.070658],[139.82139,35.070556],[139.821438,35.070387],[139.821562,35.070252],[139.821493,35.070139],[139.8215,35.070055],[139.821836,35.069858],[139.822046,35.069837],[139.822119,35.069903],[139.822174,35.069847],[139.822166,35.069508],[139.822002,35.069231],[139.821812,35.069281],[139.821525,35.069219],[139.821236,35.069034],[139.821257,35.068635],[139.821201,35.068606],[139.821232,35.068473],[139.821193,35.068343],[139.821208,35.068257],[139.821341,35.068186],[139.821416,35.068],[139.821439,35.067793],[139.82139,35.067519],[139.821136,35.067259],[139.820808,35.067062],[139.820638,35.067143],[139.820523,35.067087],[139.820401,35.067126],[139.820306,35.067082],[139.820212,35.066966],[139.820216,35.066709],[139.820272,35.066556],[139.819985,35.066294],[139.819728,35.066271],[139.819661,35.066201],[139.819597,35.066253],[139.819485,35.066226],[139.819319,35.065991],[139.819212,35.065916],[139.819257,35.065705],[139.819349,35.065633],[139.819353,35.065502],[139.819616,35.065289],[139.819814,35.065302],[139.820076,35.065139],[139.820396,35.065166],[139.820455,35.065218],[139.8205,35.065137],[139.820893,35.065089],[139.821087,35.065014],[139.821183,35.065054],[139.821404,35.064958],[139.821439,35.064849],[139.821671,35.064725],[139.821709,35.064614],[139.821763,35.064594],[139.821986,35.064677],[139.822105,35.064564],[139.82241,35.064488],[139.822752,35.064324],[139.82292,35.064381],[139.823542,35.064276],[139.823795,35.063754],[139.823917,35.063783],[139.824336,35.063067],[139.825035,35.062213],[139.8254,35.061494],[139.826083,35.060389],[139.826349,35.059849],[139.826558,35.059231],[139.826651,35.058671],[139.826856,35.058],[139.826911,35.057533],[139.827192,35.056946],[139.827569,35.056405],[139.827658,35.056203],[139.827633,35.055347],[139.827562,35.055307],[139.827554,35.055181],[139.827615,35.055121],[139.827674,35.053987],[139.827559,35.053981],[139.827397,35.053674],[139.827434,35.05356],[139.827536,35.053555],[139.827617,35.053474],[139.827559,35.053343],[139.827573,35.053149],[139.827468,35.052871],[139.827471,35.052794],[139.827536,35.052744],[139.82742,35.052574],[139.827407,35.05246],[139.827474,35.052273],[139.827749,35.052201],[139.827932,35.052259],[139.828094,35.052251],[139.828162,35.052309],[139.828254,35.052256],[139.828562,35.052259],[139.828749,35.052064],[139.828818,35.052063],[139.828834,35.051968],[139.829014,35.051921],[139.829048,35.051856],[139.829167,35.051809],[139.829211,35.051714],[139.829299,35.051686],[139.829461,35.05182],[139.829238,35.052171],[139.829444,35.052364],[139.829323,35.052453],[139.829459,35.052494],[139.830596,35.052443],[139.830864,35.052348],[139.831311,35.05207],[139.831635,35.05165],[139.831847,35.051259],[139.831776,35.051228],[139.831763,35.05114],[139.83197,35.051028],[139.83209,35.050669],[139.83199,35.050521],[139.831994,35.050436],[139.832197,35.050181],[139.832273,35.050167],[139.83228,35.050084],[139.832218,35.049846],[139.832094,35.049667],[139.831966,35.049783],[139.831742,35.049832],[139.831721,35.049894],[139.831608,35.049871],[139.83159,35.049749],[139.832144,35.048876],[139.831518,35.048546],[139.831179,35.048874],[139.831121,35.048874],[139.831036,35.048804],[139.83103,35.048721],[139.830893,35.048619],[139.830889,35.048529],[139.83071,35.048421],[139.830692,35.048363],[139.830722,35.048308],[139.83106,35.048266],[139.831392,35.048248],[139.831504,35.048332],[139.831913,35.048213],[139.832063,35.048263],[139.832207,35.048213],[139.832367,35.048254],[139.832573,35.048074],[139.832814,35.047563],[139.832933,35.046527],[139.8329,35.046044],[139.832609,35.045116],[139.831953,35.043953],[139.831555,35.043477],[139.831083,35.042603],[139.830391,35.04169],[139.829699,35.040969],[139.829562,35.040913],[139.829256,35.040644],[139.829053,35.040583],[139.826457,35.038556],[139.826101,35.038366],[139.824445,35.037796],[139.823511,35.039684],[139.823152,35.039778],[139.824109,35.037818],[139.82325,35.037574],[139.823056,35.037936],[139.822292,35.038157],[139.822684,35.039098],[139.822323,35.039214],[139.821967,35.038402],[139.820383,35.038901],[139.820842,35.039836],[139.820589,35.039926],[139.819805,35.038239],[139.819494,35.038437],[139.819079,35.038594],[139.818995,35.038739],[139.818816,35.038847],[139.818696,35.039008],[139.818634,35.039219],[139.81834,35.03942],[139.818312,35.039583],[139.818196,35.039647],[139.818107,35.03984],[139.818081,35.040003],[139.817699,35.040304],[139.817663,35.040462],[139.81742,35.040743],[139.817329,35.040941],[139.817189,35.041011],[139.817097,35.041273],[139.816613,35.041793],[139.816578,35.042006],[139.816474,35.04218],[139.816384,35.04248],[139.816304,35.042527],[139.816252,35.042687],[139.816196,35.04271],[139.816238,35.042751],[139.816189,35.042913],[139.816137,35.042972],[139.816052,35.042975],[139.815934,35.043234],[139.8158,35.043283],[139.815757,35.043398],[139.815504,35.043483],[139.815394,35.043417],[139.815443,35.043328],[139.815382,35.043225],[139.815159,35.043158],[139.815138,35.043034],[139.814985,35.042938],[139.814707,35.04289],[139.814186,35.042579],[139.813985,35.04257],[139.813834,35.042632],[139.813577,35.042574],[139.813261,35.042351],[139.813245,35.042266],[139.813146,35.042217],[139.813101,35.042075],[139.812786,35.041811],[139.812716,35.041958],[139.812603,35.041974],[139.812468,35.041875],[139.812397,35.041922],[139.812333,35.041904],[139.812045,35.041659],[139.811864,35.04131],[139.81209,35.041143],[139.812413,35.041104],[139.812457,35.041005],[139.812184,35.040891],[139.812021,35.040939],[139.811986,35.040904],[139.811951,35.040756],[139.812052,35.040628],[139.811958,35.04046],[139.811791,35.040377],[139.811798,35.040262],[139.81164,35.040113],[139.81152,35.04007],[139.811396,35.039831],[139.811264,35.039821],[139.811191,35.039761],[139.810989,35.03949],[139.810798,35.039322],[139.810811,35.03913],[139.81072,35.039061],[139.810557,35.038759],[139.810576,35.038506],[139.810493,35.038354],[139.810517,35.038231],[139.810396,35.037892],[139.81042,35.037684],[139.810368,35.037534],[139.810431,35.037445],[139.810554,35.037529],[139.810801,35.037482],[139.810827,35.037412],[139.810992,35.037348],[139.81108,35.037389],[139.81121,35.037334],[139.811259,35.037238],[139.811556,35.037168],[139.811648,35.037096],[139.811731,35.037146],[139.811901,35.036927],[139.812262,35.036913],[139.81233,35.036861],[139.812549,35.036892],[139.812772,35.036857],[139.812722,35.036815],[139.812732,35.036755],[139.812913,35.036628],[139.813057,35.036626],[139.813184,35.036536],[139.813168,35.036426],[139.813229,35.036321],[139.81337,35.036354],[139.813631,35.036311],[139.813879,35.036369],[139.814143,35.036344],[139.814249,35.036244],[139.814381,35.03622],[139.814529,35.036257],[139.81461,35.036189],[139.814721,35.036179],[139.814758,35.036067],[139.814893,35.035991],[139.81509,35.03604],[139.815307,35.035943],[139.815395,35.035781],[139.815544,35.035706],[139.815513,35.035551],[139.815594,35.035459],[139.815759,35.035329],[139.815858,35.03531],[139.815903,35.035189],[139.815992,35.035112],[139.816179,35.035032],[139.816408,35.03503],[139.816629,35.035098],[139.816806,35.035352],[139.816879,35.035356],[139.817014,35.035486],[139.817108,35.035478],[139.817169,35.035343],[139.817405,35.035374],[139.817618,35.035218],[139.818061,35.0351],[139.818514,35.034776],[139.818756,35.03446],[139.819026,35.033976],[139.819034,35.033879],[139.818957,35.033782],[139.819055,35.033508],[139.819218,35.033503],[139.819468,35.033213],[139.819778,35.033092],[139.819969,35.032888],[139.820114,35.032878],[139.820191,35.032812],[139.820308,35.032827],[139.820501,35.032702],[139.82066,35.032679],[139.820791,35.032559],[139.820896,35.032591],[139.821099,35.032521],[139.821272,35.032525],[139.821331,35.032476],[139.82145,35.032488],[139.821688,35.032358],[139.822061,35.032376],[139.822167,35.032302],[139.822384,35.032298],[139.822843,35.032076],[139.823014,35.032089],[139.823242,35.03192],[139.823663,35.031752],[139.823788,35.031609],[139.823996,35.031606],[139.824156,35.031502],[139.824198,35.031414],[139.824579,35.031309],[139.824769,35.031192],[139.824937,35.031279],[139.825041,35.031204],[139.825235,35.031243],[139.825453,35.031191],[139.825563,35.031324],[139.825676,35.031321],[139.825733,35.031418],[139.825829,35.031416],[139.825934,35.031549],[139.825865,35.031642],[139.825925,35.031743],[139.825883,35.031852],[139.825959,35.031924],[139.825986,35.032048],[139.825956,35.032121],[139.825904,35.032129],[139.825959,35.032217],[139.826496,35.032541],[139.827042,35.03254],[139.827185,35.032696],[139.827268,35.032718],[139.829002,35.032873],[139.82949,35.032876],[139.829716,35.03282],[139.830279,35.032845],[139.831269,35.032627],[139.832175,35.032525],[139.832646,35.032408],[139.832838,35.032278],[139.833098,35.032306],[139.833138,35.032354],[139.83319,35.032306],[139.834073,35.032113]]],[[[139.850362,35.276366],[139.848662,35.277452],[139.847668,35.278435],[139.847132,35.278237],[139.848027,35.27704],[139.847999,35.27701],[139.84865,35.275173],[139.848746,35.274672],[139.848757,35.274291],[139.848677,35.273708],[139.848341,35.272867],[139.847864,35.27254],[139.847746,35.272557],[139.847226,35.272291],[139.847217,35.272187],[139.847113,35.27203],[139.846934,35.271978],[139.846857,35.27207],[139.84659,35.272034],[139.846405,35.27212],[139.846247,35.272105],[139.846222,35.272052],[139.84629,35.27178],[139.846606,35.271626],[139.846786,35.271601],[139.847731,35.270827],[139.848851,35.270143],[139.850591,35.268577],[139.857621,35.262558],[139.858075,35.261961],[139.858737,35.260909],[139.859064,35.260531],[139.860447,35.25923],[139.861607,35.257453],[139.86353,35.255405],[139.864367,35.254174],[139.86389,35.253952],[139.863917,35.253813],[139.866002,35.250531],[139.865941,35.250507],[139.866588,35.249028],[139.868114,35.244429],[139.868212,35.244028],[139.868454,35.243474],[139.868701,35.242735],[139.869023,35.240797],[139.869448,35.239289],[139.869509,35.238575],[139.86932,35.237818],[139.869319,35.237512],[139.86978,35.236331],[139.869827,35.23581],[139.869719,35.235172],[139.869729,35.234869],[139.869847,35.23443],[139.869874,35.233777],[139.870067,35.232953],[139.870428,35.232084],[139.870692,35.230666],[139.870624,35.230531],[139.870687,35.22985],[139.870678,35.229105],[139.870631,35.228887],[139.87074,35.228592],[139.870733,35.228507],[139.870498,35.228113],[139.870435,35.228117],[139.870443,35.228186],[139.869284,35.228181],[139.869269,35.227442],[139.869332,35.226332],[139.869153,35.224315],[139.868954,35.223464],[139.868366,35.22201],[139.86835,35.221717],[139.868289,35.221532],[139.867911,35.220833],[139.867046,35.219694],[139.86671,35.219384],[139.866319,35.219283],[139.865763,35.21895],[139.865904,35.218648],[139.866058,35.218481],[139.866651,35.218996],[139.867114,35.218779],[139.867329,35.218798],[139.869708,35.220842],[139.870513,35.222089],[139.87092,35.224332],[139.871318,35.224377],[139.871337,35.224938],[139.871771,35.224956],[139.871599,35.228193],[139.871246,35.230806],[139.870807,35.233111],[139.87088,35.234504],[139.871658,35.235752],[139.871821,35.236385],[139.872038,35.236963],[139.871337,35.237433],[139.870734,35.237633],[139.870451,35.23823],[139.870278,35.240132],[139.869721,35.241729],[139.869538,35.243183],[139.869328,35.243817],[139.868781,35.244675],[139.868261,35.246816],[139.867202,35.249263],[139.866964,35.250151],[139.866985,35.250933],[139.864958,35.253655],[139.864995,35.254676],[139.865194,35.254993],[139.865212,35.255599],[139.864515,35.255951],[139.866795,35.258998],[139.867275,35.258573],[139.867455,35.258637],[139.867546,35.259288],[139.867881,35.259676],[139.868071,35.260436],[139.868659,35.260997],[139.869364,35.261159],[139.869835,35.262073],[139.87064,35.262805],[139.870658,35.263149],[139.869202,35.263158],[139.867727,35.263646],[139.86684,35.263637],[139.865384,35.263221],[139.863855,35.26323],[139.862832,35.263519],[139.862814,35.265319],[139.862362,35.264921],[139.861774,35.265074],[139.861647,35.264876],[139.860788,35.264577],[139.860761,35.26408],[139.860227,35.26351],[139.859286,35.263411],[139.858508,35.263682],[139.858101,35.264442],[139.857169,35.264957],[139.856382,35.265979],[139.855486,35.266431],[139.854853,35.266991],[139.854129,35.267163],[139.853686,35.268067],[139.852211,35.268981],[139.850542,35.270355],[139.850759,35.27182],[139.850669,35.273339],[139.851628,35.274261],[139.852351,35.274713],[139.852786,35.275509],[139.852261,35.275563],[139.850362,35.276366]]],[[[139.851815,35.023622],[139.8523,35.023199],[139.852309,35.023088],[139.852639,35.022704],[139.852989,35.022416],[139.854386,35.020319],[139.855028,35.018988],[139.856433,35.01543],[139.856972,35.013885],[139.856996,35.013653],[139.857401,35.012476],[139.857424,35.012271],[139.857296,35.010725],[139.857355,35.010613],[139.857602,35.010427],[139.857826,35.010066],[139.857968,35.009975],[139.858079,35.009763],[139.857918,35.009043],[139.857976,35.008598],[139.857948,35.008344],[139.858025,35.008056],[139.858046,35.007352],[139.858157,35.006934],[139.858163,35.005881],[139.858233,35.005574],[139.858257,35.004763],[139.858223,35.004219],[139.858304,35.003988],[139.858165,35.003647],[139.858141,35.003227],[139.857763,35.003236],[139.857759,35.003041],[139.858141,35.00305],[139.858164,35.002706],[139.858352,35.002136],[139.858352,35.001742],[139.858142,34.998919],[139.857707,34.996625],[139.857396,34.995302],[139.857234,34.994279],[139.857078,34.993886],[139.857858,34.994059],[139.858924,34.996899],[139.859178,34.998776],[139.85933,35.001785],[139.859178,35.00476],[139.858992,35.006061],[139.858958,35.0076],[139.858992,35.009561],[139.860818,35.010406],[139.862561,35.010828],[139.862459,35.011454],[139.860649,35.011234],[139.858434,35.011133],[139.857216,35.015224],[139.856353,35.017692],[139.855643,35.020396],[139.854797,35.02256],[139.853596,35.0242],[139.853004,35.02469],[139.851815,35.023622]]],[[[139.895121,34.905823],[139.895134,34.905444],[139.8957,34.905075],[139.896029,34.905298],[139.896052,34.905124],[139.895928,34.904949],[139.895948,34.904817],[139.896414,34.904674],[139.896468,34.904683],[139.896491,34.904753],[139.896786,34.904807],[139.896861,34.904883],[139.897082,34.904864],[139.897139,34.904836],[139.897108,34.9047],[139.897194,34.904657],[139.896971,34.904598],[139.896924,34.904566],[139.896951,34.904521],[139.89723,34.904496],[139.897574,34.904334],[139.898096,34.904315],[139.898661,34.904203],[139.898194,34.90491],[139.898108,34.905543],[139.898352,34.90573],[139.898691,34.905826],[139.898883,34.905677],[139.899118,34.905236],[139.899124,34.905129],[139.899326,34.904983],[139.899606,34.905047],[139.899654,34.905028],[139.899621,34.904939],[139.899683,34.904849],[139.900204,34.904881],[139.900023,34.904693],[139.90061,34.904615],[139.900395,34.904506],[139.900312,34.904553],[139.899932,34.904499],[139.899909,34.904438],[139.899999,34.904233],[139.900054,34.904201],[139.900421,34.904267],[139.900618,34.904241],[139.901,34.904367],[139.901402,34.904422],[139.901495,34.904544],[139.901699,34.904533],[139.901808,34.904352],[139.901562,34.904307],[139.901379,34.904211],[139.901213,34.904207],[139.901208,34.904064],[139.901262,34.903896],[139.901327,34.903873],[139.901604,34.903937],[139.901589,34.903833],[139.901829,34.903622],[139.901899,34.903628],[139.90201,34.903797],[139.902204,34.903729],[139.902336,34.903748],[139.902438,34.903688],[139.902663,34.903694],[139.90273,34.903726],[139.902769,34.903822],[139.902939,34.903899],[139.903218,34.903929],[139.903298,34.903867],[139.903376,34.903875],[139.903517,34.904113],[139.9034,34.904134],[139.903106,34.904049],[139.903025,34.904111],[139.902607,34.904228],[139.902664,34.904315],[139.90264,34.904407],[139.902357,34.904511],[139.902238,34.904494],[139.902264,34.904599],[139.902513,34.904648],[139.90274,34.904626],[139.902807,34.904552],[139.902988,34.904529],[139.90326,34.904623],[139.903358,34.904859],[139.903418,34.904884],[139.903808,34.904783],[139.904021,34.904785],[139.904034,34.904723],[139.903853,34.904676],[139.903739,34.904548],[139.903804,34.904523],[139.903936,34.904512],[139.904114,34.904583],[139.904306,34.904521],[139.904572,34.904621],[139.904984,34.904595],[139.905178,34.904751],[139.905188,34.904836],[139.905426,34.904898],[139.905554,34.904859],[139.905461,34.904706],[139.905484,34.904593],[139.906087,34.904604],[139.906223,34.904666],[139.906423,34.904587],[139.906358,34.904504],[139.906221,34.904518],[139.906128,34.904427],[139.905895,34.90435],[139.905678,34.904214],[139.905647,34.904139],[139.905973,34.904203],[139.906239,34.904148],[139.906565,34.904223],[139.906698,34.904333],[139.906897,34.904269],[139.907246,34.904444],[139.907295,34.904595],[139.907456,34.904544],[139.907394,34.904442],[139.907435,34.90441],[139.90766,34.904352],[139.907836,34.904435],[139.907906,34.904531],[139.908082,34.904518],[139.908136,34.90458],[139.908307,34.904625],[139.908403,34.904748],[139.908864,34.904806],[139.908978,34.904885],[139.909174,34.904896],[139.909257,34.904981],[139.909314,34.90525],[139.90927,34.905301],[139.908458,34.905095],[139.908474,34.905197],[139.908383,34.905254],[139.908394,34.905295],[139.908471,34.905395],[139.908782,34.905516],[139.908828,34.905589],[139.908764,34.905726],[139.908733,34.905984],[139.908608,34.906069],[139.908345,34.905965],[139.908128,34.906018],[139.908057,34.906168],[139.908044,34.906341],[139.908318,34.906771],[139.90838,34.907044],[139.908443,34.907091],[139.90861,34.907051],[139.908859,34.907107],[139.909037,34.907283],[139.909115,34.907275],[139.909268,34.907356],[139.909557,34.907392],[139.909874,34.90726],[139.909972,34.907143],[139.910202,34.907152],[139.910313,34.907324],[139.91045,34.907386],[139.910598,34.907294],[139.910683,34.907299],[139.911287,34.907659],[139.911668,34.907306],[139.911281,34.907045],[139.911344,34.906997],[139.911854,34.907158],[139.912066,34.907023],[139.912388,34.907056],[139.912388,34.906944],[139.912468,34.906893],[139.912626,34.906904],[139.912838,34.906994],[139.912933,34.906938],[139.91294,34.906848],[139.913111,34.906741],[139.913262,34.906713],[139.91346,34.906769],[139.913706,34.906554],[139.91398,34.906628],[139.914431,34.906386],[139.914663,34.906504],[139.914738,34.90638],[139.914711,34.906244],[139.914848,34.906126],[139.915148,34.906166],[139.915326,34.906408],[139.915402,34.906442],[139.91614,34.906329],[139.916358,34.906509],[139.916509,34.90629],[139.916611,34.906284],[139.916973,34.906554],[139.917281,34.906521],[139.917466,34.906707],[139.917514,34.906859],[139.91765,34.906932],[139.917931,34.906949],[139.918184,34.907141],[139.918307,34.907288],[139.918327,34.907406],[139.918847,34.907265],[139.919052,34.907338],[139.919127,34.907428],[139.91927,34.907316],[139.9194,34.907304],[139.919448,34.907237],[139.91964,34.907231],[139.919783,34.907146],[139.920282,34.907152],[139.92031,34.907282],[139.920125,34.907502],[139.91994,34.907659],[139.919756,34.907676],[139.91966,34.907733],[139.919968,34.907795],[139.920022,34.907902],[139.919872,34.908218],[139.919598,34.908589],[139.919223,34.908646],[139.919056,34.908598],[139.918942,34.908747],[139.918874,34.90895],[139.918863,34.909547],[139.918936,34.909804],[139.919079,34.909976],[139.919517,34.910179],[139.919785,34.910248],[139.91999,34.910077],[139.919961,34.910015],[139.919804,34.909959],[139.919804,34.909903],[139.919865,34.909897],[139.919906,34.909818],[139.92018,34.909796],[139.920686,34.909891],[139.920761,34.909914],[139.92087,34.910066],[139.920788,34.910106],[139.920262,34.910094],[139.920268,34.910342],[139.9201,34.910488],[139.919267,34.91047],[139.918363,34.910225],[139.917747,34.909773],[139.917729,34.90943],[139.918326,34.908589],[139.918326,34.908164],[139.918137,34.907856],[139.916924,34.907251],[139.915983,34.906907],[139.914798,34.906934],[139.913251,34.907531],[139.911879,34.907767],[139.910135,34.907752],[139.909677,34.908245],[139.908284,34.907911],[139.908157,34.906952],[139.907787,34.906122],[139.907398,34.905695],[139.906276,34.905325],[139.904493,34.905379],[139.902361,34.904768],[139.901517,34.904764],[139.900757,34.904999],[139.899816,34.905162],[139.898966,34.906039],[139.898387,34.906206],[139.897874,34.906139],[139.896662,34.90566],[139.896025,34.905488],[139.895121,34.905823]]],[[[139.931356,34.912783],[139.931513,34.912788],[139.93178,34.912974],[139.931869,34.913127],[139.931835,34.913262],[139.931944,34.913296],[139.932047,34.913431],[139.932026,34.913521],[139.932143,34.913572],[139.93219,34.913679],[139.93217,34.913747],[139.932286,34.913871],[139.932272,34.914029],[139.932313,34.913989],[139.932573,34.914017],[139.932662,34.914057],[139.932717,34.914158],[139.932744,34.914108],[139.933065,34.914102],[139.933175,34.914237],[139.933141,34.914299],[139.933257,34.914327],[139.933298,34.914384],[139.933517,34.914344],[139.933701,34.914373],[139.933769,34.91431],[139.934036,34.91435],[139.934118,34.914406],[139.934152,34.914322],[139.934275,34.914254],[139.934371,34.914299],[139.934398,34.914463],[139.934535,34.914468],[139.934597,34.914271],[139.934754,34.914254],[139.935048,34.914108],[139.935157,34.914147],[139.935212,34.914074],[139.935342,34.914085],[139.935431,34.914186],[139.935862,34.914209],[139.936087,34.914418],[139.936073,34.91453],[139.936169,34.914643],[139.93608,34.91488],[139.936005,34.914891],[139.935998,34.914992],[139.93567,34.915139],[139.935697,34.915302],[139.936005,34.915449],[139.936292,34.915511],[139.936347,34.915759],[139.936285,34.915928],[139.93647,34.915804],[139.936552,34.915821],[139.936682,34.915973],[139.936695,34.916119],[139.936805,34.916097],[139.936996,34.916334],[139.936989,34.916086],[139.937078,34.915939],[139.936982,34.915697],[139.937345,34.915624],[139.937529,34.915736],[139.937529,34.915922],[139.937481,34.915973],[139.937563,34.916142],[139.937632,34.916153],[139.937714,34.915922],[139.937837,34.915917],[139.938179,34.916131],[139.938206,34.916261],[139.938357,34.91621],[139.938562,34.916261],[139.938623,34.916306],[139.938609,34.916413],[139.938685,34.916509],[139.938931,34.916531],[139.938951,34.916492],[139.938862,34.91639],[139.938897,34.916328],[139.93919,34.916306],[139.93945,34.916373],[139.939539,34.916446],[139.939512,34.916554],[139.939553,34.916745],[139.939635,34.916847],[139.939655,34.916717],[139.93973,34.916638],[139.939874,34.916706],[139.939922,34.916802],[139.94012,34.916773],[139.94025,34.916858],[139.940346,34.917027],[139.940503,34.916886],[139.940872,34.916875],[139.940947,34.916959],[139.941145,34.917027],[139.941193,34.917134],[139.94131,34.917129],[139.941474,34.917196],[139.941535,34.917309],[139.941645,34.91732],[139.941747,34.917416],[139.941904,34.917473],[139.94198,34.917591],[139.941891,34.917715],[139.941945,34.917833],[139.941918,34.917929],[139.94215,34.91807],[139.942212,34.918171],[139.942144,34.918419],[139.941952,34.918532],[139.941993,34.918588],[139.941973,34.918673],[139.942137,34.918774],[139.942164,34.918848],[139.942314,34.918949],[139.942362,34.919084],[139.942513,34.919174],[139.942588,34.91927],[139.942553,34.919332],[139.94282,34.919445],[139.942943,34.919642],[139.942697,34.919856],[139.942239,34.919648],[139.942095,34.919671],[139.942178,34.919721],[139.942253,34.919919],[139.942135,34.920204],[139.942258,34.92027],[139.942381,34.920559],[139.942337,34.920726],[139.942346,34.921045],[139.942179,34.921277],[139.942029,34.922309],[139.942344,34.922811],[139.94156,34.922703],[139.94146,34.922134],[139.941659,34.921537],[139.941958,34.921003],[139.941885,34.919539],[139.941668,34.918544],[139.941189,34.918155],[139.939777,34.917522],[139.938158,34.916953],[139.937606,34.917025],[139.935941,34.916057],[139.935588,34.915596],[139.934584,34.915198],[139.93209,34.914086],[139.931237,34.913616],[139.931356,34.912783]]],[[[139.943605,34.924202],[139.94416,34.924006],[139.944477,34.923999],[139.944635,34.924057],[139.945262,34.923826],[139.945368,34.92384],[139.945429,34.92392],[139.945588,34.923992],[139.945852,34.923898],[139.94594,34.92392],[139.946019,34.924043],[139.945966,34.924181],[139.946133,34.924202],[139.946187,34.924282],[139.946012,34.924486],[139.946302,34.924457],[139.946452,34.924536],[139.946522,34.924761],[139.946434,34.924783],[139.946434,34.924819],[139.946663,34.924884],[139.947492,34.925473],[139.9478,34.925553],[139.947941,34.925669],[139.948161,34.925748],[139.948275,34.92585],[139.948275,34.925922],[139.948398,34.92598],[139.948488,34.926112],[139.948462,34.926163],[139.948277,34.926206],[139.948312,34.926409],[139.948189,34.926511],[139.947933,34.926337],[139.947713,34.926351],[139.947678,34.926394],[139.947845,34.926525],[139.947828,34.926598],[139.947907,34.926808],[139.947828,34.926894],[139.947925,34.927049],[139.94796,34.927447],[139.947618,34.92747],[139.947558,34.926727],[139.947241,34.926248],[139.945631,34.924774],[139.945007,34.924494],[139.943957,34.924466],[139.943605,34.924202]]],[[[139.948064,34.928427],[139.948436,34.928097],[139.948382,34.927956],[139.948444,34.927797],[139.948567,34.927667],[139.94862,34.927667],[139.948673,34.927746],[139.948664,34.927928],[139.948725,34.927869],[139.94884,34.927869],[139.948866,34.927804],[139.948796,34.927645],[139.948805,34.927377],[139.948875,34.927268],[139.949078,34.927252],[139.949158,34.927288],[139.949254,34.927658],[139.949325,34.928216],[139.949422,34.928136],[139.949518,34.928143],[139.949621,34.928496],[139.949677,34.928522],[139.949939,34.928453],[139.950108,34.928351],[139.950275,34.928345],[139.951346,34.928875],[139.95149,34.928805],[139.951722,34.928792],[139.951849,34.928818],[139.951929,34.928916],[139.952153,34.929008],[139.952177,34.928969],[139.951985,34.928706],[139.952017,34.928601],[139.952089,34.928575],[139.952208,34.928614],[139.952416,34.928858],[139.952639,34.92893],[139.952743,34.929035],[139.952775,34.929159],[139.953062,34.929206],[139.953262,34.929494],[139.953366,34.929501],[139.953793,34.929786],[139.954198,34.930209],[139.954205,34.930339],[139.954402,34.930663],[139.954807,34.930514],[139.954922,34.930603],[139.954792,34.930764],[139.955052,34.930693],[139.955117,34.930716],[139.955088,34.930877],[139.95524,34.930889],[139.955298,34.930943],[139.955284,34.931038],[139.955472,34.931056],[139.955884,34.931222],[139.955906,34.931294],[139.956065,34.931431],[139.956117,34.931593],[139.956073,34.931938],[139.955893,34.93198],[139.955712,34.932117],[139.955611,34.932134],[139.955134,34.931938],[139.955061,34.931825],[139.954505,34.931492],[139.953982,34.93089],[139.953765,34.930997],[139.953613,34.930837],[139.953273,34.931009],[139.953924,34.931741],[139.953734,34.931855],[139.953227,34.931286],[139.95305,34.931393],[139.953211,34.931574],[139.953063,34.931676],[139.953656,34.932266],[139.953803,34.932172],[139.953981,34.93229],[139.95367,34.932445],[139.954097,34.93254],[139.954524,34.932858],[139.954539,34.932941],[139.954466,34.933036],[139.95404,34.932798],[139.954011,34.932715],[139.953852,34.932703],[139.95383,34.932739],[139.95388,34.93281],[139.953873,34.932941],[139.954134,34.932995],[139.954228,34.933066],[139.9543,34.93334],[139.954423,34.933388],[139.95464,34.933709],[139.954785,34.933745],[139.955002,34.933399],[139.955132,34.93334],[139.955247,34.93337],[139.955348,34.933703],[139.955262,34.933852],[139.955153,34.933923],[139.955204,34.934001],[139.955493,34.933989],[139.955871,34.934169],[139.956225,34.93421],[139.956326,34.934299],[139.956261,34.934657],[139.956711,34.935408],[139.956783,34.935438],[139.956747,34.935247],[139.956674,34.93517],[139.956493,34.9347],[139.956515,34.934557],[139.956747,34.934414],[139.956986,34.934485],[139.957231,34.934622],[139.957275,34.934712],[139.957472,34.934777],[139.95758,34.934896],[139.957652,34.935176],[139.957508,34.935283],[139.957573,34.935337],[139.95779,34.935283],[139.95792,34.935331],[139.957956,34.935468],[139.957898,34.935551],[139.957719,34.935644],[139.957449,34.935496],[139.95712,34.935836],[139.957352,34.936009],[139.95718,34.936108],[139.95694,34.93599],[139.956783,34.93612],[139.956738,34.936305],[139.956575,34.935644],[139.956343,34.9351],[139.954198,34.933924],[139.954027,34.933725],[139.953574,34.932676],[139.952869,34.93198],[139.952805,34.931293],[139.952597,34.930868],[139.951747,34.930163],[139.950869,34.93],[139.950417,34.929765],[139.949105,34.928481],[139.948064,34.928427]]],[[[139.957,34.936552],[139.95718,34.93654],[139.957495,34.936287],[139.957397,34.936206],[139.957465,34.936145],[139.957636,34.936246],[139.957907,34.936028],[139.957974,34.935916],[139.958184,34.935873],[139.958334,34.935898],[139.958491,34.936015],[139.958574,34.936163],[139.958589,34.936287],[139.958446,34.93654],[139.958477,34.936591],[139.958799,34.936467],[139.958859,34.936541],[139.958754,34.936788],[139.958844,34.93685],[139.958912,34.936874],[139.959054,34.93677],[139.959204,34.936757],[139.959362,34.936831],[139.959414,34.936942],[139.95967,34.936869],[139.959827,34.936906],[139.959962,34.937116],[139.960075,34.93711],[139.960225,34.93719],[139.960307,34.937424],[139.960434,34.937406],[139.960683,34.937524],[139.960983,34.937864],[139.960946,34.938024],[139.961133,34.93808],[139.961208,34.938172],[139.961178,34.938222],[139.961223,34.938394],[139.961178,34.938456],[139.961088,34.938462],[139.960893,34.938413],[139.960571,34.93824],[139.960104,34.938159],[139.959776,34.938889],[139.958505,34.937568],[139.957,34.936552]]],[[[139.959546,34.96775],[139.959627,34.967461],[139.959645,34.965797],[139.959455,34.964929],[139.959907,34.963925],[139.960233,34.964016],[139.960541,34.962958],[139.961102,34.962271],[139.96074,34.961837],[139.961364,34.961222],[139.961491,34.96171],[139.961991,34.961723],[139.961245,34.962496],[139.960758,34.963876],[139.960667,34.963978],[139.960591,34.964351],[139.960516,34.964787],[139.960534,34.966142],[139.960808,34.967872],[139.961073,34.968551],[139.961432,34.969766],[139.96252,34.971775],[139.962955,34.972315],[139.963399,34.973076],[139.964041,34.973769],[139.964609,34.974696],[139.965631,34.975678],[139.965839,34.976153],[139.96599,34.976324],[139.96686,34.976956],[139.967172,34.97708],[139.967871,34.97715],[139.968108,34.977337],[139.968261,34.977549],[139.968318,34.977735],[139.96828,34.977922],[139.968006,34.978046],[139.967652,34.978086],[139.967155,34.978631],[139.966994,34.978903],[139.966834,34.97937],[139.966805,34.979644],[139.966871,34.980127],[139.967154,34.981154],[139.967456,34.981677],[139.967787,34.982066],[139.967957,34.982191],[139.967985,34.982296],[139.967943,34.982341],[139.967674,34.98249],[139.96751,34.9824],[139.96691,34.981774],[139.966853,34.981102],[139.966506,34.978984],[139.966414,34.978655],[139.966761,34.978461],[139.966177,34.977626],[139.964059,34.975806],[139.963384,34.974985],[139.963092,34.974314],[139.962544,34.973672],[139.96207,34.973254],[139.961011,34.971315],[139.960719,34.969883],[139.960244,34.968823],[139.959546,34.96775]]],[[[139.959836,34.938957],[139.960248,34.938679],[139.960645,34.93879],[139.96075,34.938969],[139.96051,34.938908],[139.96021,34.939086],[139.960533,34.93947],[139.960968,34.939248],[139.96111,34.93926],[139.961297,34.939519],[139.961387,34.93976],[139.961373,34.940125],[139.96201,34.939761],[139.962183,34.939983],[139.961231,34.94052],[139.961418,34.940663],[139.961658,34.941101],[139.961741,34.941083],[139.961741,34.940965],[139.961786,34.940947],[139.961928,34.941052],[139.962003,34.941039],[139.96204,34.940929],[139.962175,34.940923],[139.962229,34.940991],[139.962222,34.94112],[139.962522,34.941132],[139.962641,34.94136],[139.962761,34.941391],[139.962836,34.941527],[139.963122,34.941744],[139.963174,34.941905],[139.963159,34.942004],[139.963069,34.942071],[139.963099,34.942152],[139.963376,34.942139],[139.963481,34.942219],[139.963751,34.942275],[139.963901,34.94225],[139.964058,34.94238],[139.96439,34.942431],[139.964637,34.942579],[139.964584,34.942647],[139.964457,34.942678],[139.964629,34.942764],[139.964787,34.942733],[139.964967,34.942807],[139.965012,34.9429],[139.965012,34.943073],[139.964809,34.943221],[139.96436,34.943091],[139.963603,34.943122],[139.963444,34.943271],[139.963452,34.943376],[139.963977,34.943333],[139.964104,34.943401],[139.964119,34.943462],[139.963894,34.94353],[139.963992,34.943623],[139.963984,34.943666],[139.963302,34.943696],[139.963265,34.943844],[139.964217,34.943746],[139.964359,34.943783],[139.964465,34.943982],[139.964225,34.944049],[139.963386,34.944031],[139.963234,34.944161],[139.963254,34.944225],[139.963431,34.944204],[139.963618,34.944272],[139.963708,34.944234],[139.964,34.944272],[139.964053,34.944333],[139.96403,34.944494],[139.96421,34.944623],[139.964248,34.944791],[139.964465,34.944877],[139.964645,34.944692],[139.96469,34.944563],[139.965192,34.944279],[139.965364,34.944427],[139.965379,34.944575],[139.965177,34.944797],[139.965274,34.944828],[139.965492,34.945106],[139.965417,34.945291],[139.965207,34.945377],[139.965245,34.945588],[139.965148,34.945724],[139.965005,34.945755],[139.964661,34.945582],[139.964526,34.945619],[139.964391,34.945576],[139.964226,34.94594],[139.963798,34.945897],[139.963753,34.946274],[139.963843,34.946274],[139.963835,34.94649],[139.963963,34.946595],[139.964554,34.946657],[139.964742,34.946749],[139.964922,34.946954],[139.965035,34.946942],[139.965177,34.947016],[139.965245,34.947183],[139.965222,34.947251],[139.965065,34.947275],[139.965027,34.94746],[139.965207,34.947614],[139.965207,34.947676],[139.964915,34.947781],[139.964997,34.947986],[139.965185,34.948196],[139.965155,34.94827],[139.964893,34.948424],[139.965035,34.948443],[139.965125,34.948566],[139.965297,34.94864],[139.965327,34.948771],[139.96526,34.948901],[139.965327,34.949049],[139.965312,34.949172],[139.965432,34.949228],[139.965485,34.949314],[139.965372,34.949401],[139.96514,34.949413],[139.964758,34.949345],[139.965013,34.949512],[139.964998,34.949573],[139.964885,34.949592],[139.96478,34.94953],[139.96463,34.949524],[139.9646,34.949604],[139.964713,34.949666],[139.965649,34.949809],[139.965733,34.949931],[139.965726,34.950049],[139.965649,34.950102],[139.965326,34.950059],[139.964763,34.949916],[139.964317,34.949724],[139.964181,34.949873],[139.964129,34.950091],[139.964414,34.950278],[139.964543,34.950261],[139.964879,34.950412],[139.964931,34.950508],[139.965034,34.950561],[139.965041,34.950678],[139.964821,34.951094],[139.964517,34.951227],[139.964633,34.951254],[139.96475,34.951579],[139.964899,34.951622],[139.96495,34.951568],[139.965053,34.951563],[139.965041,34.951446],[139.965086,34.951372],[139.96517,34.951329],[139.965261,34.95135],[139.965312,34.951403],[139.965649,34.951483],[139.965784,34.95159],[139.965888,34.951595],[139.966458,34.952016],[139.966387,34.95216],[139.966335,34.952166],[139.966154,34.952022],[139.965993,34.951953],[139.965831,34.951953],[139.965521,34.951756],[139.965449,34.951809],[139.96563,34.95199],[139.965592,34.952038],[139.965216,34.952048],[139.966238,34.953237],[139.966318,34.953549],[139.966138,34.954162],[139.965888,34.954381],[139.965755,34.954715],[139.965489,34.954638],[139.965219,34.955259],[139.964879,34.955578],[139.964908,34.955423],[139.965834,34.953217],[139.964992,34.952219],[139.964404,34.951818],[139.96425,34.95123],[139.963834,34.950272],[139.964422,34.949241],[139.964386,34.947361],[139.963933,34.946936],[139.963472,34.946357],[139.963653,34.945236],[139.96302,34.944142],[139.962983,34.943545],[139.963164,34.942722],[139.962938,34.942351],[139.961138,34.940968],[139.959836,34.938957]]],[[[139.972457,34.993637],[139.97262,34.994084],[139.972637,34.994662],[139.97304,34.995778],[139.973091,34.996059],[139.973323,34.996553],[139.973391,34.996886],[139.97376,34.997684],[139.973811,34.998199],[139.97412,34.998983],[139.974394,34.999484],[139.975037,35.001008],[139.975132,35.001518],[139.97562,35.002329],[139.976014,35.003336],[139.977227,35.005304],[139.975817,35.00569],[139.974749,35.002887],[139.973772,35.00059],[139.973049,34.99918],[139.972361,34.997389],[139.97171,34.995328],[139.971293,34.994279],[139.972457,34.993637]]],[[[139.979947,35.012516],[139.979966,35.012322],[139.981511,35.011434],[139.982224,35.012178],[139.982639,35.012754],[139.983077,35.013247],[139.983543,35.013681],[139.984238,35.014447],[139.984447,35.014763],[139.986538,35.016577],[139.987334,35.01741],[139.987712,35.017643],[139.988278,35.018114],[139.99085,35.020508],[139.991356,35.021095],[139.992334,35.022384],[139.99371,35.023478],[139.994756,35.024478],[139.995389,35.02501],[139.997778,35.026847],[139.999137,35.028],[139.999407,35.028245],[139.999816,35.028962],[140.000664,35.029482],[140.001889,35.030364],[140.002701,35.030864],[140.005751,35.032422],[140.006146,35.032888],[140.006897,35.033637],[140.007922,35.034486],[140.008679,35.035056],[140.009772,35.035503],[140.009355,35.036007],[140.005554,35.032902],[139.998617,35.029545],[139.997797,35.029687],[139.996911,35.029289],[139.996693,35.028873],[139.997761,35.028819],[139.994092,35.025464],[139.993025,35.024958],[139.992455,35.025392],[139.992129,35.025383],[139.991939,35.025256],[139.991844,35.024413],[139.991479,35.023906],[139.989599,35.021683],[139.986404,35.018565],[139.984104,35.016476],[139.98279,35.015059],[139.981713,35.014029],[139.980489,35.013059],[139.979947,35.012516]]],[[[140.017694,35.036342],[140.017964,35.036401],[140.01792,35.036468],[140.018603,35.036855],[140.018615,35.036964],[140.018903,35.037063],[140.01926,35.037389],[140.019362,35.037755],[140.01997,35.038555],[140.020243,35.03871],[140.020339,35.03889],[140.020586,35.039142],[140.020761,35.039221],[140.021153,35.03982],[140.021812,35.040532],[140.0229,35.041449],[140.023482,35.042103],[140.023655,35.042423],[140.023955,35.042633],[140.024392,35.043081],[140.024824,35.043424],[140.024847,35.043526],[140.02615,35.044597],[140.028127,35.045761],[140.029202,35.046595],[140.030549,35.047455],[140.031134,35.047779],[140.032059,35.048083],[140.03247,35.048269],[140.03321,35.048912],[140.033984,35.049318],[140.034662,35.049791],[140.03534,35.050033],[140.035504,35.050276],[140.036134,35.0506],[140.036365,35.050641],[140.036922,35.050995],[140.037338,35.051042],[140.038088,35.051613],[140.038539,35.051843],[140.040067,35.05248],[140.041264,35.052915],[140.041683,35.053055],[140.042101,35.053096],[140.042231,35.053241],[140.04319,35.05381],[140.044766,35.054154],[140.04584,35.054633],[140.047636,35.0549],[140.048426,35.055271],[140.048669,35.055476],[140.049166,35.055602],[140.049568,35.055984],[140.049903,35.056161],[140.050071,35.056385],[140.050694,35.05664],[140.050826,35.05679],[140.051184,35.057051],[140.051716,35.057312],[140.052239,35.057406],[140.052446,35.05759],[140.052617,35.057627],[140.053062,35.057575],[140.053174,35.0576],[140.05387,35.057987],[140.054685,35.058223],[140.055137,35.058274],[140.05587,35.058212],[140.056863,35.058235],[140.057369,35.058007],[140.057956,35.058254],[140.058249,35.057983],[140.058414,35.057918],[140.058451,35.057948],[140.058199,35.058407],[140.058622,35.058817],[140.059008,35.05908],[140.059418,35.059238],[140.059836,35.059334],[140.060303,35.059336],[140.060706,35.059227],[140.060672,35.058923],[140.060994,35.058821],[140.061757,35.058821],[140.061754,35.059007],[140.062837,35.058983],[140.062823,35.058827],[140.063816,35.058787],[140.063905,35.058697],[140.064296,35.058697],[140.064584,35.058616],[140.064633,35.058665],[140.064613,35.058752],[140.064556,35.058809],[140.06457,35.058901],[140.064412,35.059266],[140.064967,35.059261],[140.064867,35.059126],[140.064899,35.05872],[140.065092,35.058484],[140.065151,35.058474],[140.065158,35.058572],[140.06526,35.05865],[140.065495,35.059014],[140.065549,35.059261],[140.065721,35.059266],[140.065714,35.059018],[140.065467,35.058703],[140.065467,35.058443],[140.065563,35.05837],[140.065724,35.05846],[140.065812,35.058631],[140.065803,35.058703],[140.065988,35.059016],[140.066043,35.059255],[140.06631,35.059255],[140.066122,35.059085],[140.066,35.058833],[140.065994,35.058596],[140.065892,35.058387],[140.065912,35.058201],[140.066007,35.058184],[140.066049,35.05823],[140.066034,35.058343],[140.066156,35.058543],[140.066392,35.058359],[140.066337,35.058246],[140.066392,35.058145],[140.066495,35.05819],[140.066639,35.058178],[140.066693,35.05824],[140.066714,35.058117],[140.066844,35.057913],[140.066988,35.057953],[140.067008,35.057806],[140.067159,35.057823],[140.067324,35.057733],[140.067317,35.057671],[140.067433,35.057547],[140.067406,35.057423],[140.067468,35.057395],[140.067721,35.057462],[140.067707,35.057682],[140.068207,35.057564],[140.068646,35.057727],[140.068749,35.05784],[140.068968,35.057857],[140.069016,35.057885],[140.068995,35.057992],[140.069064,35.058122],[140.069276,35.057947],[140.069358,35.057936],[140.069468,35.057778],[140.069659,35.057818],[140.069708,35.057964],[140.069646,35.058032],[140.069742,35.058212],[140.069735,35.058421],[140.069858,35.058455],[140.069913,35.058376],[140.070029,35.058336],[140.070002,35.058071],[140.06992,35.057958],[140.069988,35.057677],[140.070125,35.057665],[140.070372,35.057852],[140.070475,35.058004],[140.070605,35.058032],[140.070605,35.057958],[140.070351,35.057603],[140.070454,35.057496],[140.070666,35.057446],[140.070646,35.057406],[140.070728,35.057344],[140.070968,35.057361],[140.071105,35.057288],[140.071105,35.057153],[140.07116,35.057125],[140.071345,35.057136],[140.071715,35.057],[140.071975,35.057012],[140.072078,35.057158],[140.072057,35.057293],[140.072105,35.0574],[140.072222,35.057338],[140.072188,35.057254],[140.072229,35.05704],[140.072461,35.056916],[140.072763,35.056871],[140.072804,35.056713],[140.072667,35.056628],[140.072564,35.056645],[140.072427,35.056538],[140.072448,35.056375],[140.072688,35.056161],[140.072701,35.056065],[140.072866,35.055963],[140.073133,35.055952],[140.073297,35.056025],[140.073256,35.056183],[140.073331,35.056194],[140.073674,35.055946],[140.073873,35.055992],[140.073934,35.056262],[140.073873,35.05629],[140.073961,35.056504],[140.073893,35.056769],[140.073989,35.05682],[140.074174,35.056769],[140.074263,35.056809],[140.074441,35.056792],[140.074475,35.056961],[140.074564,35.057091],[140.074441,35.05717],[140.074468,35.05726],[140.074407,35.057395],[140.074606,35.057333],[140.074701,35.057164],[140.074873,35.056995],[140.074934,35.056989],[140.07501,35.05704],[140.075044,35.057108],[140.075016,35.057181],[140.075071,35.05726],[140.075352,35.057344],[140.075345,35.057479],[140.075414,35.057542],[140.075414,35.057654],[140.075249,35.057942],[140.074989,35.057998],[140.074838,35.058184],[140.074852,35.058319],[140.074729,35.058477],[140.074496,35.058494],[140.074366,35.058421],[140.074167,35.058455],[140.074016,35.05841],[140.073975,35.05846],[140.073756,35.058483],[140.073276,35.058838],[140.073379,35.058945],[140.073626,35.058849],[140.073907,35.058855],[140.074044,35.058928],[140.074304,35.058894],[140.074434,35.058923],[140.074558,35.058872],[140.074756,35.058985],[140.074879,35.058996],[140.074969,35.059097],[140.075434,35.058979],[140.075496,35.059063],[140.075653,35.059086],[140.075797,35.059283],[140.075585,35.059537],[140.075468,35.059587],[140.075558,35.059638],[140.075729,35.059553],[140.076222,35.059486],[140.076311,35.059633],[140.076256,35.059672],[140.076311,35.059864],[140.07627,35.05992],[140.076345,35.060078],[140.076448,35.060038],[140.076599,35.060089],[140.076825,35.060298],[140.076798,35.060439],[140.076564,35.060642],[140.076441,35.060664],[140.076153,35.060963],[140.075982,35.061014],[140.075681,35.061019],[140.075633,35.061149],[140.075544,35.061177],[140.075489,35.061177],[140.075386,35.061002],[140.075057,35.061002],[140.075071,35.061329],[140.075153,35.06147],[140.075261,35.061392],[140.075544,35.061318],[140.075818,35.061318],[140.075831,35.061437],[140.075392,35.062097],[140.075612,35.062107],[140.075592,35.062304],[140.075427,35.062378],[140.075608,35.062516],[140.075002,35.06289],[140.07494,35.063092],[140.075218,35.063496],[140.075675,35.063759],[140.07617,35.063764],[140.077442,35.063456],[140.077807,35.063577],[140.078474,35.064031],[140.078795,35.064026],[140.079011,35.063855],[140.078888,35.063431],[140.07885,35.062996],[140.079005,35.062471],[140.079178,35.062315],[140.079555,35.062138],[140.080234,35.06229],[140.080975,35.063219],[140.081198,35.063269],[140.081371,35.063097],[140.081346,35.062875],[140.082063,35.062754],[140.082514,35.063128],[140.083199,35.06284],[140.083385,35.063183],[140.083161,35.063482],[140.083079,35.063448],[140.083079,35.063702],[140.082915,35.063606],[140.082908,35.063742],[140.083059,35.063928],[140.083045,35.064063],[140.082935,35.064063],[140.082833,35.063995],[140.082593,35.063589],[140.082511,35.0636],[140.082511,35.063736],[140.082449,35.063832],[140.082552,35.063888],[140.082606,35.064007],[140.082689,35.064035],[140.082784,35.064181],[140.082894,35.064232],[140.082935,35.064373],[140.082908,35.06444],[140.082702,35.064486],[140.08236,35.064469],[140.082339,35.064958],[140.081724,35.065029],[140.081005,35.064804],[140.080668,35.064925],[140.080668,35.065089],[140.081202,35.065316],[140.081655,35.065627],[140.08168,35.066192],[140.08163,35.06698],[140.081408,35.067273],[140.079462,35.067121],[140.078943,35.067187],[140.078165,35.067687],[140.078597,35.068267],[140.079468,35.06908],[140.080074,35.069469],[140.080413,35.069585],[140.081235,35.069439],[140.081968,35.069638],[140.082216,35.069774],[140.083445,35.06987],[140.08418,35.070115],[140.084098,35.070529],[140.083026,35.070229],[140.081284,35.069956],[140.080617,35.070148],[140.079864,35.070027],[140.078017,35.06852],[140.077757,35.068202],[140.077535,35.067762],[140.077708,35.067424],[140.078505,35.067015],[140.079135,35.066763],[140.080247,35.066839],[140.080802,35.066753],[140.081179,35.066258],[140.08113,35.065778],[140.080401,35.065193],[140.080302,35.06489],[140.08045,35.064733],[140.080883,35.064587],[140.081599,35.064516],[140.08155,35.064021],[140.079425,35.063941],[140.079122,35.064158],[140.079159,35.064728],[140.078912,35.065006],[140.078362,35.065071],[140.077331,35.065026],[140.076769,35.065284],[140.074901,35.063997],[140.074648,35.063251],[140.07425,35.060208],[140.072636,35.059466],[140.072666,35.059288],[140.073439,35.058435],[140.072486,35.057865],[140.071668,35.058527],[140.070031,35.059288],[140.069063,35.059398],[140.067442,35.059208],[140.067014,35.059662],[140.063028,35.059711],[140.0617,35.059932],[140.060131,35.06003],[140.058712,35.059987],[140.057924,35.059858],[140.056828,35.0593],[140.05604,35.059441],[140.055042,35.060184],[140.054209,35.061196],[140.053368,35.061049],[140.053376,35.060466],[140.053901,35.059865],[140.053284,35.059276],[140.049261,35.05746],[140.048492,35.057179],[140.047461,35.056447],[140.046999,35.056212],[140.046312,35.056103],[140.041814,35.054425],[140.04047,35.053379],[140.039364,35.053364],[140.038734,35.053171],[140.037676,35.052485],[140.036187,35.052625],[140.034666,35.051733],[140.031318,35.049542],[140.029951,35.04886],[140.028295,35.04811],[140.027237,35.047685],[140.025744,35.046961],[140.023313,35.044604],[140.022917,35.043999],[140.022179,35.043381],[140.02153,35.043044],[140.020777,35.041645],[140.019836,35.040035],[140.0185,35.03796],[140.017796,35.037092],[140.017694,35.036342]]],[[[140.084053,35.07156],[140.084308,35.07166],[140.084364,35.071958],[140.08429,35.073462],[140.084481,35.073952],[140.085284,35.074437],[140.085747,35.074396],[140.086524,35.073752],[140.086607,35.073633],[140.086785,35.073577],[140.086881,35.073617],[140.086915,35.073549],[140.087223,35.073453],[140.087271,35.073391],[140.087531,35.073335],[140.087812,35.073092],[140.087942,35.073047],[140.088196,35.073087],[140.088394,35.073013],[140.088511,35.072867],[140.088908,35.072675],[140.089038,35.072523],[140.089278,35.07245],[140.089306,35.072613],[140.089415,35.072664],[140.089498,35.072828],[140.089737,35.072901],[140.089847,35.07303],[140.089826,35.073087],[140.089929,35.0732],[140.090066,35.073227],[140.090148,35.073352],[140.090634,35.073571],[140.090758,35.07369],[140.09084,35.07387],[140.090977,35.073915],[140.091073,35.07405],[140.091285,35.074073],[140.091676,35.074304],[140.091806,35.074304],[140.092059,35.0744],[140.092176,35.07453],[140.093231,35.074834],[140.093772,35.074727],[140.093923,35.074783],[140.09408,35.074772],[140.094224,35.07489],[140.094203,35.074941],[140.094382,35.075048],[140.094402,35.075195],[140.094388,35.075251],[140.094238,35.075324],[140.094053,35.075623],[140.094224,35.075854],[140.094423,35.076012],[140.094813,35.075848],[140.095197,35.075877],[140.095375,35.075933],[140.095491,35.076035],[140.095546,35.076001],[140.095834,35.076012],[140.095943,35.075944],[140.09608,35.075961],[140.096258,35.075815],[140.09643,35.07582],[140.096553,35.07577],[140.096784,35.07582],[140.096783,35.075608],[140.096635,35.075623],[140.096553,35.075499],[140.096587,35.075369],[140.096533,35.075257],[140.096567,35.0752],[140.096683,35.075178],[140.096786,35.075093],[140.096964,35.075087],[140.097081,35.074986],[140.097567,35.074913],[140.097752,35.074732],[140.097841,35.074721],[140.097882,35.074648],[140.098143,35.074524],[140.098697,35.074394],[140.098773,35.074439],[140.099088,35.07445],[140.099122,35.074546],[140.099375,35.074575],[140.099389,35.074811],[140.099266,35.074918],[140.099006,35.074947],[140.098889,35.075087],[140.098978,35.075178],[140.098937,35.075268],[140.098793,35.075358],[140.098745,35.075516],[140.098636,35.075538],[140.098499,35.075742],[140.098375,35.075775],[140.098341,35.075933],[140.098183,35.076023],[140.098252,35.076147],[140.098156,35.07613],[140.098334,35.076592],[140.098913,35.076652],[140.099116,35.076698],[140.099238,35.076795],[140.099505,35.076688],[140.099718,35.076508],[140.099903,35.076474],[140.099978,35.07653],[140.100163,35.076389],[140.100485,35.076277],[140.100848,35.076299],[140.100985,35.076401],[140.100588,35.076525],[140.100951,35.077055],[140.101712,35.077212],[140.101866,35.07735],[140.10194,35.077608],[140.102054,35.077514],[140.102232,35.077624],[140.102149,35.077979],[140.101964,35.077957],[140.101958,35.078216],[140.10241,35.078221],[140.102746,35.078278],[140.102773,35.078418],[140.102636,35.078526],[140.102198,35.078678],[140.102265,35.078891],[140.102044,35.079095],[140.10058,35.079398],[140.100163,35.079529],[140.100033,35.079625],[140.099889,35.079544],[140.099627,35.079774],[140.099485,35.079997],[140.099423,35.080307],[140.099273,35.081209],[140.099197,35.082071],[140.099224,35.082173],[140.099341,35.082274],[140.099451,35.082297],[140.099615,35.08242],[140.099766,35.082443],[140.099903,35.082623],[140.099889,35.08273],[140.099731,35.082866],[140.099594,35.082843],[140.099368,35.082894],[140.0993,35.082849],[140.098998,35.082933],[140.098896,35.0829],[140.098086,35.083543],[140.098108,35.084027],[140.098224,35.084264],[140.098101,35.084534],[140.098197,35.08503],[140.09858,35.085605],[140.098758,35.085712],[140.098964,35.086056],[140.099176,35.086141],[140.099484,35.086095],[140.099676,35.086129],[140.099779,35.086073],[140.099978,35.086191],[140.100108,35.086152],[140.100259,35.086253],[140.100416,35.086265],[140.10056,35.086388],[140.100759,35.086422],[140.100916,35.086507],[140.101,35.086675],[140.101583,35.086883],[140.101809,35.087176],[140.101836,35.087267],[140.101672,35.087926],[140.101041,35.08823],[140.100582,35.088766],[140.100081,35.089042],[140.099958,35.089225],[140.100036,35.089388],[140.100554,35.089758],[140.100725,35.089945],[140.101164,35.090637],[140.101519,35.091011],[140.101679,35.091099],[140.100474,35.091931],[140.101668,35.091922],[140.101179,35.092826],[140.102012,35.093007],[140.101939,35.093622],[140.102609,35.094218],[140.102808,35.094616],[140.10222,35.09581],[140.101387,35.095982],[140.099931,35.096054],[140.100039,35.096985],[140.099261,35.097591],[140.098601,35.097302],[140.097352,35.097338],[140.097307,35.096217],[140.096782,35.095801],[140.095091,35.095982],[140.094575,35.095819],[140.092861,35.094736],[140.091554,35.092037],[140.091191,35.089987],[140.091363,35.089255],[140.092874,35.088296],[140.093326,35.087518],[140.09396,35.086849],[140.096004,35.086253],[140.09662,35.085828],[140.096629,35.085547],[140.096077,35.08486],[140.09605,35.084182],[140.09633,35.083766],[140.097253,35.083676],[140.098085,35.083016],[140.098212,35.081072],[140.098375,35.080412],[140.099135,35.079525],[140.099793,35.079189],[140.100752,35.07892],[140.101153,35.078674],[140.101181,35.078048],[140.100971,35.077772],[140.100259,35.077675],[140.099757,35.077511],[140.099118,35.077488],[140.098707,35.07769],[140.097678,35.07807],[140.097542,35.078015],[140.095932,35.076677],[140.09443,35.076596],[140.094123,35.076894],[140.093969,35.07741],[140.093607,35.077581],[140.093127,35.078097],[140.092322,35.079788],[140.092006,35.079978],[140.091626,35.079996],[140.0912,35.07986],[140.089617,35.078404],[140.089282,35.078413],[140.08845,35.078992],[140.087201,35.07892],[140.086903,35.078712],[140.086867,35.077808],[140.086767,35.077699],[140.085654,35.077789],[140.085256,35.077518],[140.083583,35.077473],[140.082759,35.076623],[140.082226,35.076433],[140.081049,35.076117],[140.082388,35.074887],[140.083356,35.074769],[140.084017,35.075176],[140.084451,35.074507],[140.084225,35.074263],[140.084044,35.07391],[140.084053,35.07156]]],[[[140.105413,35.097445],[140.106526,35.09753],[140.10704,35.097625],[140.106923,35.098139],[140.106792,35.098447],[140.105833,35.098212],[140.105576,35.098877],[140.105107,35.098767],[140.105084,35.099302],[140.105245,35.100149],[140.105177,35.101089],[140.105189,35.101729],[140.105285,35.102152],[140.105399,35.102397],[140.10585,35.10302],[140.10638,35.103937],[140.106603,35.104199],[140.107239,35.104682],[140.107705,35.104924],[140.107979,35.105178],[140.108166,35.105836],[140.108775,35.106762],[140.109591,35.107263],[140.109961,35.107579],[140.111135,35.108405],[140.112011,35.109332],[140.113458,35.110474],[140.118093,35.113605],[140.118881,35.114021],[140.12165,35.115688],[140.121748,35.115788],[140.123228,35.116399],[140.124079,35.116899],[140.125073,35.117374],[140.125745,35.117757],[140.12613,35.117898],[140.126739,35.118225],[140.128742,35.119127],[140.129436,35.119376],[140.130414,35.119557],[140.131402,35.120141],[140.131868,35.120361],[140.132581,35.120626],[140.133576,35.120897],[140.134447,35.121387],[140.135133,35.121612],[140.135704,35.121435],[140.136452,35.120995],[140.137386,35.120698],[140.138931,35.120079],[140.139089,35.120124],[140.139274,35.12],[140.13948,35.120034],[140.139768,35.119859],[140.139953,35.11987],[140.140056,35.11978],[140.140227,35.119803],[140.140289,35.119724],[140.140536,35.119718],[140.140714,35.119623],[140.140926,35.119651],[140.141153,35.11956],[140.141297,35.1196],[140.141372,35.119487],[140.141612,35.11947],[140.141777,35.119324],[140.141941,35.11938],[140.142161,35.11929],[140.142298,35.119335],[140.14236,35.1192],[140.143121,35.119397],[140.143213,35.11954],[140.141039,35.119798],[140.139438,35.120272],[140.137714,35.120887],[140.136916,35.121447],[140.136674,35.121565],[140.134887,35.122099],[140.133706,35.121963],[140.132385,35.121651],[140.131996,35.121358],[140.130485,35.120693],[140.129522,35.120657],[140.128445,35.120209],[140.126496,35.119581],[140.122442,35.117777],[140.121063,35.117036],[140.119113,35.115892],[140.116955,35.11454],[140.112622,35.111588],[140.111586,35.110932],[140.110984,35.110733],[140.11007,35.110593],[140.110181,35.11008],[140.110007,35.109774],[140.109305,35.108879],[140.108456,35.108341],[140.108273,35.108386],[140.108008,35.108655],[140.107643,35.109304],[140.107524,35.109834],[140.107035,35.10949],[140.108121,35.107144],[140.104416,35.102216],[140.103869,35.100579],[140.103688,35.097763],[140.105031,35.097302],[140.105413,35.097445]]],[[[140.143512,35.119121],[140.14345,35.119002],[140.144308,35.118528],[140.14439,35.118608],[140.145233,35.118213],[140.14513,35.118168],[140.145096,35.118016],[140.146172,35.117678],[140.146316,35.117943],[140.146721,35.117858],[140.14668,35.117667],[140.149374,35.11712],[140.149551,35.117058],[140.149539,35.116917],[140.149861,35.116878],[140.150151,35.116965],[140.150225,35.116878],[140.151075,35.117255],[140.151164,35.117165],[140.15137,35.117187],[140.151391,35.117244],[140.151555,35.117231],[140.15174,35.11735],[140.151727,35.117446],[140.151871,35.117485],[140.152008,35.117677],[140.151974,35.117874],[140.152454,35.118241],[140.152419,35.118596],[140.152584,35.118629],[140.152419,35.11917],[140.152131,35.119148],[140.15222,35.119571],[140.152296,35.119599],[140.152337,35.119941],[140.152111,35.120275],[140.15222,35.120501],[140.152796,35.120412],[140.152885,35.120461],[140.153317,35.121167],[140.153538,35.121366],[140.153893,35.121536],[140.154254,35.121607],[140.155332,35.121646],[140.155615,35.121605],[140.155718,35.121543],[140.155868,35.121554],[140.156115,35.121447],[140.156252,35.121464],[140.156438,35.121397],[140.156595,35.121431],[140.156746,35.121323],[140.156917,35.121289],[140.156986,35.121318],[140.157045,35.121249],[140.157432,35.121233],[140.157471,35.121859],[140.155915,35.121823],[140.154883,35.122031],[140.152097,35.122085],[140.151482,35.121724],[140.151319,35.121064],[140.151346,35.120114],[140.151466,35.119881],[140.151374,35.119404],[140.151402,35.118039],[140.149722,35.117136],[140.149467,35.117203],[140.148965,35.117785],[140.14859,35.117927],[140.147066,35.118084],[140.146299,35.118233],[140.145866,35.118487],[140.144938,35.118464],[140.144445,35.11875],[140.144131,35.118796],[140.14366,35.119081],[140.143512,35.119121]]],[[[140.165858,35.124029],[140.165909,35.123762],[140.167049,35.123729],[140.168039,35.123623],[140.169185,35.123166],[140.16974,35.12289],[140.170537,35.122375],[140.170906,35.121995],[140.171242,35.121498],[140.171148,35.121376],[140.171191,35.121224],[140.171153,35.121065],[140.171181,35.120983],[140.171371,35.120952],[140.171541,35.121127],[140.171626,35.121345],[140.171716,35.121333],[140.171688,35.121154],[140.171636,35.121123],[140.171641,35.120924],[140.171821,35.120862],[140.172238,35.120904],[140.172077,35.120753],[140.172077,35.120691],[140.172157,35.120539],[140.172304,35.120465],[140.172564,35.120523],[140.172644,35.120675],[140.172701,35.120687],[140.172763,35.120512],[140.1729,35.120446],[140.173186,35.120372],[140.173739,35.120364],[140.174373,35.1205],[140.175044,35.120742],[140.175673,35.12073],[140.175779,35.12068],[140.1762,35.120722],[140.176299,35.120792],[140.176422,35.121088],[140.176625,35.121076],[140.176497,35.121633],[140.17505,35.121253],[140.173494,35.120964],[140.172541,35.120956],[140.172049,35.12112],[140.17183,35.121463],[140.171528,35.122067],[140.171455,35.122559],[140.171236,35.123082],[140.170241,35.123537],[140.169893,35.123912],[140.166943,35.124237],[140.165858,35.124029]]],[[[140.177357,35.121751],[140.17739,35.121477],[140.177999,35.121541],[140.178147,35.121474],[140.178177,35.121116],[140.178311,35.121019],[140.17828,35.120965],[140.178414,35.120788],[140.178389,35.120567],[140.178458,35.120541],[140.178387,35.12041],[140.178461,35.120346],[140.17838,35.120275],[140.178401,35.120185],[140.178427,35.120105],[140.178531,35.120091],[140.178545,35.119976],[140.178675,35.119858],[140.178665,35.119795],[140.178778,35.119672],[140.178723,35.119469],[140.179536,35.119874],[140.180274,35.120107],[140.180684,35.120152],[140.181524,35.119541],[140.182018,35.118966],[140.182432,35.118829],[140.182704,35.118945],[140.183031,35.119753],[140.183235,35.120031],[140.183735,35.120268],[140.184298,35.120404],[140.184593,35.120856],[140.184682,35.120861],[140.184784,35.121053],[140.184689,35.121087],[140.184839,35.121419],[140.184634,35.122783],[140.185086,35.122642],[140.185113,35.122682],[140.185443,35.123397],[140.185217,35.123465],[140.185656,35.124547],[140.18689,35.124204],[140.187116,35.124846],[140.185961,35.125263],[140.186492,35.125719],[140.187247,35.126127],[140.188183,35.126105],[140.188817,35.126324],[140.188912,35.126511],[140.189158,35.126622],[140.189221,35.126819],[140.189386,35.126802],[140.189794,35.126963],[140.190565,35.127157],[140.191149,35.127174],[140.191848,35.127078],[140.192205,35.126977],[140.193336,35.126481],[140.193747,35.126191],[140.19388,35.126032],[140.194085,35.126064],[140.194085,35.12629],[140.192375,35.127456],[140.19157,35.12761],[140.190439,35.127556],[140.189444,35.127212],[140.188023,35.126489],[140.187426,35.126489],[140.187363,35.127357],[140.18692,35.127284],[140.18578,35.126895],[140.184034,35.126552],[140.182559,35.126326],[140.182658,35.125467],[140.182676,35.124635],[140.182423,35.124436],[140.182387,35.123803],[140.180985,35.123794],[140.180179,35.12346],[140.178307,35.12195],[140.177357,35.121751]]],[[[140.197251,35.118089],[140.196596,35.116931],[140.196577,35.115991],[140.197578,35.115164],[140.200357,35.113352],[140.200826,35.112549],[140.200808,35.111549],[140.200894,35.110832],[140.201086,35.110555],[140.201611,35.110282],[140.202457,35.110135],[140.202636,35.110171],[140.203989,35.111832],[140.206373,35.113907],[140.207281,35.114467],[140.2078,35.114568],[140.208962,35.114477],[140.210104,35.114548],[140.211037,35.114861],[140.21163,35.115199],[140.2121,35.115108],[140.212767,35.114715],[140.213718,35.114846],[140.215021,35.11527],[140.217004,35.116007],[140.217739,35.116068],[140.218542,35.116754],[140.218722,35.116754],[140.219167,35.116201],[140.219572,35.116448],[140.219997,35.116555],[140.221121,35.116533],[140.221345,35.116999],[140.222084,35.116981],[140.22352,35.11662],[140.224774,35.115952],[140.225209,35.115805],[140.225756,35.115876],[140.226834,35.116366],[140.227455,35.116254],[140.230157,35.115583],[140.232115,35.115527],[140.232634,35.115666],[140.233777,35.116512],[140.235615,35.116994],[140.236063,35.117305],[140.236282,35.117638],[140.236291,35.118034],[140.236013,35.11836],[140.235448,35.118496],[140.234753,35.118822],[140.233981,35.119556],[140.233737,35.120089],[140.233851,35.120498],[140.234485,35.121819],[140.234924,35.121972],[140.234958,35.121909],[140.235706,35.121966],[140.235726,35.121854],[140.23683,35.121938],[140.236455,35.122275],[140.236461,35.122583],[140.236739,35.12282],[140.237218,35.123083],[140.237866,35.12333],[140.238296,35.123721],[140.23883,35.124595],[140.239371,35.12512],[140.239939,35.125478],[140.240356,35.12564],[140.240983,35.125764],[140.241706,35.125769],[140.242258,35.12568],[140.242811,35.125456],[140.243346,35.12513],[140.244071,35.125453],[140.244575,35.125453],[140.244964,35.125574],[140.245202,35.125834],[140.245665,35.126826],[140.246036,35.127387],[140.246354,35.12769],[140.248016,35.128876],[140.248779,35.128972],[140.249465,35.128958],[140.249261,35.129231],[140.249281,35.129391],[140.248414,35.129515],[140.247932,35.13002],[140.247865,35.130167],[140.247549,35.130003],[140.247497,35.130067],[140.247261,35.130568],[140.247211,35.130933],[140.247671,35.130983],[140.247559,35.13163],[140.247589,35.132731],[140.247317,35.133251],[140.247547,35.13335],[140.247646,35.133474],[140.246794,35.134183],[140.246523,35.134201],[140.246052,35.133713],[140.244664,35.131451],[140.244518,35.130899],[140.243916,35.130228],[140.242072,35.128721],[140.241565,35.129038],[140.23971,35.1278],[140.239203,35.127257],[140.238751,35.126642],[140.238552,35.125937],[140.23838,35.124924],[140.238063,35.124056],[140.237665,35.123604],[140.236978,35.123279],[140.235675,35.12242],[140.232563,35.122546],[140.231938,35.122356],[140.231459,35.121977],[140.229233,35.119128],[140.228564,35.118468],[140.22784,35.118034],[140.22708,35.117853],[140.224375,35.1177],[140.223117,35.118604],[140.219417,35.118342],[140.218802,35.118016],[140.217997,35.118043],[140.214324,35.119264],[140.213193,35.119942],[140.211058,35.11751],[140.210316,35.117338],[140.209972,35.117157],[140.20932,35.116416],[140.208289,35.116389],[140.207113,35.115792],[140.206389,35.115774],[140.20581,35.116208],[140.204806,35.11647],[140.204498,35.116624],[140.203566,35.118251],[140.20106,35.119581],[140.200436,35.119816],[140.200128,35.12015],[140.200065,35.120512],[140.200644,35.121425],[140.200653,35.121895],[140.19879,35.121687],[140.198238,35.121452],[140.197894,35.121109],[140.197821,35.119942],[140.198451,35.12015],[140.198706,35.120075],[140.199144,35.120314],[140.199382,35.120508],[140.199783,35.120314],[140.200021,35.119941],[140.199893,35.119463],[140.199163,35.118792],[140.199199,35.118628],[140.201609,35.118568],[140.20181,35.118464],[140.201682,35.118091],[140.2017,35.117942],[140.202704,35.117166],[140.201791,35.117166],[140.201828,35.116435],[140.201737,35.116435],[140.200404,35.117434],[140.199655,35.117763],[140.19929,35.117763],[140.19929,35.11739],[140.19977,35.116741],[140.200491,35.116062],[140.200591,35.11554],[140.200536,35.115398],[140.199687,35.115793],[140.198939,35.115868],[140.198565,35.117069],[140.197999,35.116718],[140.197707,35.11789],[140.197251,35.118089]]],[[[140.252354,35.1347],[140.252449,35.134419],[140.253369,35.1344],[140.254372,35.135017],[140.254855,35.135218],[140.256179,35.135017],[140.256526,35.135099],[140.256845,35.135472],[140.25676,35.136002],[140.256617,35.136105],[140.256672,35.136164],[140.256614,35.136276],[140.256747,35.136423],[140.25646,35.136577],[140.256706,35.13679],[140.256779,35.136743],[140.257137,35.136985],[140.257036,35.137109],[140.257126,35.137293],[140.257402,35.137501],[140.257781,35.137663],[140.259335,35.137966],[140.259939,35.138045],[140.260977,35.138062],[140.261276,35.137966],[140.26244,35.137296],[140.262942,35.136884],[140.263416,35.136118],[140.26345,35.135977],[140.263396,35.135725],[140.263319,35.135595],[140.263159,35.135515],[140.263667,35.135277],[140.263748,35.135928],[140.263757,35.136525],[140.263305,35.137167],[140.262238,35.13836],[140.262174,35.138921],[140.26145,35.138939],[140.261387,35.138388],[140.259949,35.138288],[140.258818,35.13808],[140.256764,35.13789],[140.256773,35.138279],[140.256674,35.138406],[140.256131,35.138424],[140.255823,35.138143],[140.255316,35.137972],[140.254538,35.13789],[140.254547,35.136932],[140.253797,35.136127],[140.253806,35.135802],[140.254041,35.135784],[140.254158,35.135576],[140.254104,35.13525],[140.253516,35.134753],[140.252354,35.1347]]],[[[140.26815,35.136778],[140.26843,35.13683],[140.268655,35.136734],[140.268723,35.136985],[140.268826,35.137047],[140.269304,35.136984],[140.269525,35.137081],[140.269697,35.137239],[140.269786,35.137211],[140.269829,35.137031],[140.269889,35.136968],[140.270239,35.137036],[140.270342,35.137087],[140.270492,35.137267],[140.270691,35.137771],[140.270938,35.137199],[140.271082,35.137053],[140.271274,35.137075],[140.271418,35.137194],[140.271499,35.137593],[140.272511,35.137687],[140.272993,35.137594],[140.273576,35.137402],[140.274606,35.1369],[140.276287,35.135841],[140.276527,35.135503],[140.276709,35.135086],[140.276782,35.134558],[140.276666,35.134211],[140.276101,35.133519],[140.275994,35.13332],[140.275298,35.132889],[140.274889,35.132326],[140.274798,35.132321],[140.274728,35.132242],[140.274809,35.131667],[140.275128,35.131354],[140.275767,35.131294],[140.276233,35.131466],[140.276643,35.131473],[140.277018,35.131653],[140.277638,35.131705],[140.278223,35.1321],[140.278122,35.132369],[140.277803,35.132839],[140.277702,35.133107],[140.277739,35.133338],[140.278013,35.133555],[140.278095,35.13404],[140.278286,35.134442],[140.278672,35.134585],[140.279236,35.134589],[140.27926,35.134377],[140.279169,35.134356],[140.27919,35.134014],[140.279279,35.133949],[140.279288,35.13374],[140.279655,35.133852],[140.280158,35.133732],[140.280045,35.134477],[140.28086,35.13449],[140.28076,35.134206],[140.281162,35.134017],[140.281905,35.134107],[140.281905,35.134324],[140.282284,35.13445],[140.282649,35.134435],[140.283179,35.134323],[140.283845,35.13439],[140.284083,35.134748],[140.284327,35.134858],[140.284365,35.135069],[140.284561,35.135242],[140.2847,35.13525],[140.285388,35.134927],[140.285817,35.13483],[140.286118,35.135091],[140.286164,35.135591],[140.286364,35.136076],[140.286593,35.136457],[140.286629,35.136777],[140.287067,35.13721],[140.287752,35.137297],[140.287765,35.137491],[140.287854,35.137491],[140.287981,35.137735],[140.288583,35.137583],[140.289139,35.13727],[140.289614,35.137135],[140.290107,35.13721],[140.290618,35.137523],[140.290983,35.137889],[140.291092,35.138026],[140.291077,35.138205],[140.290447,35.138317],[140.29044,35.138518],[140.290278,35.138612],[140.290236,35.138833],[140.290289,35.139183],[140.290955,35.139826],[140.290952,35.139964],[140.290816,35.140016],[140.289945,35.139767],[140.289865,35.139874],[140.289623,35.139925],[140.289596,35.140149],[140.289778,35.140291],[140.28997,35.140544],[140.289888,35.140798],[140.290034,35.141014],[140.290572,35.141387],[140.290789,35.141471],[140.290519,35.142297],[140.290879,35.142525],[140.290045,35.142903],[140.289877,35.14287],[140.290559,35.14446],[140.29021,35.144576],[140.290135,35.144743],[140.290171,35.144956],[140.290351,35.145078],[140.289194,35.145024],[140.288361,35.144735],[140.287837,35.144192],[140.287239,35.143777],[140.286425,35.143415],[140.283747,35.143017],[140.282607,35.143017],[140.28192,35.14318],[140.281902,35.142601],[140.28154,35.142059],[140.279658,35.141082],[140.277785,35.139491],[140.276519,35.139057],[140.276048,35.138189],[140.274999,35.137682],[140.274628,35.137592],[140.273759,35.137935],[140.273452,35.138442],[140.273053,35.13855],[140.272728,35.138351],[140.272185,35.138587],[140.271425,35.13808],[140.271063,35.138116],[140.269977,35.139925],[140.269597,35.140196],[140.268856,35.14025],[140.26862,35.140829],[140.268168,35.140883],[140.26777,35.140087],[140.266413,35.139599],[140.266322,35.139201],[140.268132,35.139021],[140.26815,35.136778]]],[[[140.293279,35.146335],[140.293666,35.146186],[140.293815,35.146047],[140.294509,35.146418],[140.295077,35.147152],[140.295448,35.148604],[140.295611,35.149081],[140.296244,35.149228],[140.297102,35.150412],[140.297623,35.150809],[140.298081,35.150978],[140.298702,35.151065],[140.299009,35.151043],[140.299575,35.150886],[140.299856,35.150864],[140.300261,35.151045],[140.301165,35.151241],[140.302254,35.151104],[140.302946,35.151075],[140.303779,35.151139],[140.304343,35.151109],[140.30604,35.150749],[140.307007,35.150304],[140.307035,35.150666],[140.306655,35.150974],[140.30423,35.15139],[140.298504,35.151492],[140.296997,35.150628],[140.296124,35.1511],[140.295816,35.151064],[140.295237,35.150486],[140.294351,35.148207],[140.293663,35.147068],[140.293279,35.146335]]],[[[140.311192,35.137316],[140.311377,35.137133],[140.311192,35.136285],[140.311179,35.135714],[140.311383,35.135598],[140.311754,35.1358],[140.312205,35.136659],[140.313453,35.137593],[140.314781,35.139122],[140.315294,35.139087],[140.315782,35.138915],[140.316523,35.138956],[140.317178,35.138723],[140.318314,35.138203],[140.318913,35.137981],[140.319247,35.138027],[140.319741,35.138309],[140.32047,35.13891],[140.320779,35.139057],[140.321316,35.139718],[140.321829,35.140122],[140.322589,35.140238],[140.323163,35.13991],[140.323594,35.140213],[140.324101,35.140193],[140.324867,35.140092],[140.325636,35.139905],[140.325824,35.13996],[140.325781,35.140604],[140.325398,35.141013],[140.32525,35.141296],[140.325367,35.141758],[140.325713,35.142033],[140.326057,35.142202],[140.326298,35.142076],[140.326255,35.141935],[140.326721,35.141839],[140.326964,35.142752],[140.326057,35.142936],[140.326452,35.144201],[140.326478,35.144438],[140.325256,35.144301],[140.323971,35.143722],[140.323464,35.14403],[140.322813,35.143975],[140.32341,35.143523],[140.323555,35.142728],[140.323537,35.142221],[140.322922,35.142348],[140.322162,35.142872],[140.321691,35.143704],[140.320967,35.144663],[140.320551,35.146055],[140.318507,35.1462],[140.318561,35.145277],[140.319086,35.145097],[140.319375,35.144753],[140.319375,35.144373],[140.319013,35.144283],[140.318597,35.144355],[140.318018,35.144771],[140.317783,35.144735],[140.317765,35.144518],[140.318308,35.143505],[140.318235,35.143216],[140.317747,35.143216],[140.317312,35.143035],[140.317186,35.142782],[140.316987,35.142872],[140.316932,35.143596],[140.316643,35.14365],[140.316444,35.143089],[140.315847,35.142456],[140.315829,35.141389],[140.314725,35.142619],[140.314309,35.14233],[140.313983,35.142203],[140.313838,35.141896],[140.313784,35.141154],[140.313965,35.140612],[140.314001,35.139617],[140.313965,35.138894],[140.313241,35.138116],[140.312897,35.138026],[140.31268,35.137773],[140.311757,35.137827],[140.31131,35.137656],[140.311297,35.137434],[140.311192,35.137316]]],[[[140.332326,35.159921],[140.332145,35.160974],[140.332139,35.161741],[140.33222,35.162126],[140.332447,35.16249],[140.332776,35.163279],[140.332892,35.163414],[140.333043,35.163792],[140.33342,35.16448],[140.333946,35.165074],[140.334195,35.165579],[140.334929,35.166576],[140.335375,35.166926],[140.337014,35.167916],[140.337529,35.168291],[140.338573,35.169373],[140.339327,35.169978],[140.340029,35.170378],[140.340537,35.170576],[140.34101,35.170683],[140.340889,35.171252],[140.34163,35.171469],[140.342637,35.171868],[140.343391,35.172242],[140.344639,35.173494],[140.345553,35.174867],[140.345948,35.17571],[140.346566,35.176483],[140.347097,35.176897],[140.347412,35.177381],[140.347703,35.177543],[140.348262,35.177619],[140.347784,35.177874],[140.346942,35.177394],[140.346399,35.176617],[140.345838,35.175947],[140.344879,35.175966],[140.343685,35.175495],[140.342871,35.175495],[140.342292,35.175242],[140.340935,35.175586],[140.340627,35.175568],[140.339505,35.174844],[140.339958,35.174266],[140.339976,35.173922],[140.339306,35.173741],[140.339143,35.173289],[140.339342,35.172927],[140.339704,35.172584],[140.339881,35.172484],[140.339872,35.171906],[140.338551,35.170016],[140.337347,35.16885],[140.334018,35.166372],[140.333086,35.164473],[140.332742,35.164292],[140.332145,35.164121],[140.33182,35.163831],[140.331729,35.163605],[140.332172,35.163542],[140.331926,35.1617],[140.331847,35.16035],[140.332326,35.159921]]],[[[140.34973,35.180426],[140.350737,35.181288],[140.352209,35.18177],[140.355365,35.182265],[140.357618,35.18248],[140.357776,35.18253],[140.358585,35.182538],[140.35916,35.182197],[140.360265,35.181812],[140.360923,35.181658],[140.363255,35.181278],[140.363869,35.181104],[140.364444,35.180853],[140.364818,35.180559],[140.364774,35.180476],[140.365882,35.180036],[140.365813,35.179912],[140.366416,35.179698],[140.366351,35.179567],[140.366782,35.179424],[140.367427,35.179115],[140.367772,35.178855],[140.3678,35.178734],[140.367962,35.179178],[140.368875,35.179491],[140.370719,35.179611],[140.372453,35.179596],[140.374333,35.180133],[140.376597,35.181058],[140.376652,35.182222],[140.377345,35.183654],[140.378173,35.183397],[140.378534,35.183831],[140.378299,35.184034],[140.378244,35.18431],[140.378984,35.184728],[140.37997,35.185101],[140.380481,35.185422],[140.380791,35.185854],[140.380983,35.18628],[140.381193,35.186391],[140.381822,35.18641],[140.381962,35.1867],[140.382171,35.186886],[140.382261,35.187064],[140.38154,35.187197],[140.381759,35.18757],[140.382233,35.187891],[140.38352,35.187824],[140.383885,35.188182],[140.384004,35.18936],[140.384132,35.192165],[140.384287,35.192255],[140.384529,35.193016],[140.384985,35.193851],[140.38557,35.19585],[140.387486,35.197298],[140.38829,35.198954],[140.389312,35.199774],[140.390513,35.200453],[140.391338,35.201042],[140.392142,35.201475],[140.393036,35.203027],[140.393329,35.203203],[140.393239,35.203394],[140.392797,35.205361],[140.392544,35.205434],[140.39229,35.2058],[140.39226,35.204411],[140.392024,35.202856],[140.391373,35.201554],[140.390432,35.200559],[140.388152,35.199637],[140.38741,35.199474],[140.386288,35.200035],[140.385655,35.199872],[140.385366,35.199601],[140.385329,35.198715],[140.384913,35.198208],[140.384135,35.198281],[140.383176,35.198299],[140.382398,35.197919],[140.381806,35.197368],[140.381977,35.196518],[140.381869,35.195577],[140.38195,35.194474],[140.382339,35.193669],[140.382222,35.19281],[140.38176,35.19206],[140.381805,35.1914],[140.382041,35.190857],[140.381995,35.190631],[140.379553,35.18989],[140.37939,35.18885],[140.378603,35.188597],[140.378069,35.188226],[140.378006,35.187828],[140.376811,35.18791],[140.375554,35.187539],[140.375246,35.187177],[140.375237,35.186508],[140.374848,35.186364],[140.374622,35.186119],[140.372478,35.185776],[140.372143,35.186156],[140.372143,35.186662],[140.372405,35.187575],[140.372206,35.188235],[140.371772,35.188642],[140.371139,35.188868],[140.370931,35.189013],[140.370506,35.189935],[140.370822,35.190315],[140.370813,35.19055],[140.370044,35.191183],[140.36999,35.192051],[140.36951,35.192693],[140.369447,35.193552],[140.369049,35.193742],[140.368569,35.192964],[140.367683,35.191979],[140.366896,35.190731],[140.367113,35.189754],[140.366579,35.18876],[140.366498,35.188208],[140.366054,35.187503],[140.365846,35.186933],[140.36562,35.187015],[140.365493,35.187657],[140.364679,35.188317],[140.364082,35.188416],[140.363765,35.188009],[140.363639,35.187286],[140.363892,35.186689],[140.365358,35.185767],[140.366208,35.18564],[140.36733,35.184917],[140.367843,35.185108],[140.368847,35.185153],[140.368994,35.1849],[140.368574,35.184571],[140.367515,35.184303],[140.367478,35.184198],[140.368209,35.183706],[140.368409,35.183467],[140.367989,35.183273],[140.367277,35.183258],[140.367131,35.183154],[140.367223,35.182915],[140.367916,35.182498],[140.367843,35.18214],[140.366894,35.182125],[140.367533,35.181647],[140.367533,35.181438],[140.366146,35.181617],[140.366073,35.181408],[140.367095,35.180603],[140.36662,35.180051],[140.36543,35.181038],[140.362503,35.182186],[140.360477,35.182331],[140.358631,35.18291],[140.357328,35.183886],[140.356641,35.184664],[140.356152,35.184863],[140.355664,35.184863],[140.355211,35.183796],[140.354886,35.183488],[140.352515,35.182855],[140.35076,35.182458],[140.350054,35.18206],[140.34962,35.181716],[140.34962,35.1813],[140.34973,35.180426]]],[[[140.392209,35.211141],[140.392945,35.211605],[140.394542,35.213142],[140.394789,35.214321],[140.394697,35.214895],[140.394825,35.215253],[140.395017,35.216902],[140.395327,35.218289],[140.39571,35.219229],[140.396505,35.22052],[140.396078,35.220723],[140.39577,35.220488],[140.395444,35.219909],[140.394214,35.219023],[140.393562,35.219294],[140.392495,35.218914],[140.391283,35.21886],[140.390559,35.218173],[140.390884,35.217395],[140.39112,35.216654],[140.390776,35.215786],[140.390251,35.215261],[140.390219,35.213815],[140.389948,35.213281],[140.39002,35.21197],[140.39154,35.210939],[140.391947,35.211283],[140.392209,35.211141]]],[[[140.396615,35.222997],[140.398431,35.224727],[140.399279,35.225868],[140.399681,35.226875],[140.3998,35.227875],[140.399243,35.228837],[140.398987,35.229605],[140.399088,35.230978],[140.39938,35.231582],[140.400001,35.232224],[140.400265,35.232768],[140.40084,35.233059],[140.401452,35.233514],[140.402985,35.235581],[140.40377,35.236409],[140.4043,35.236812],[140.404491,35.237386],[140.404564,35.238199],[140.40492,35.238781],[140.405112,35.239855],[140.404619,35.241735],[140.404172,35.242645],[140.403551,35.243585],[140.403423,35.244935],[140.403496,35.24592],[140.403438,35.246423],[140.403152,35.246402],[140.402718,35.246076],[140.402953,35.245751],[140.402374,35.243798],[140.401795,35.243038],[140.40156,35.242098],[140.401108,35.241465],[140.401216,35.240307],[140.401633,35.238861],[140.401651,35.238427],[140.401162,35.237975],[140.401253,35.236763],[140.401053,35.235768],[140.39995,35.235787],[140.399823,35.235588],[140.400185,35.234919],[140.399751,35.234611],[140.399226,35.233743],[140.398737,35.232586],[140.39814,35.231483],[140.397742,35.230506],[140.397996,35.229891],[140.398484,35.229656],[140.397815,35.229041],[140.397815,35.228589],[140.398231,35.228553],[140.398195,35.228228],[140.397851,35.227992],[140.397616,35.227414],[140.397634,35.227016],[140.396982,35.226184],[140.396277,35.225479],[140.395444,35.224665],[140.395227,35.224629],[140.395263,35.224321],[140.395752,35.223634],[140.396222,35.223128],[140.396615,35.222997]]],[[[140.397959,35.26633],[140.398122,35.265281],[140.397416,35.264685],[140.397706,35.262804],[140.398122,35.258084],[140.39995,35.258446],[140.399767,35.259453],[140.399829,35.260644],[140.399429,35.26278],[140.399313,35.26402],[140.399416,35.264251],[140.399416,35.264843],[140.399285,35.265564],[140.399299,35.266218],[140.399252,35.266753],[140.399302,35.267088],[140.399388,35.267351],[140.399491,35.267475],[140.399663,35.268591],[140.399849,35.269279],[140.399856,35.269966],[140.399904,35.270136],[140.400371,35.270989],[140.400165,35.271652],[140.40022,35.272103],[140.40068,35.273303],[140.40136,35.275952],[140.401758,35.276781],[140.402088,35.278258],[140.402679,35.279267],[140.403021,35.280344],[140.403743,35.281454],[140.403825,35.282271],[140.404148,35.283534],[140.404196,35.28452],[140.404677,35.285749],[140.404691,35.28647],[140.404993,35.287496],[140.405164,35.2878],[140.405453,35.28815],[140.405851,35.289379],[140.406435,35.290337],[140.406573,35.291087],[140.406799,35.291577],[140.407267,35.292338],[140.407459,35.293183],[140.40792,35.29404],[140.408307,35.29491],[140.408277,35.295025],[140.409344,35.296784],[140.409605,35.297049],[140.410051,35.297832],[140.410724,35.298796],[140.410869,35.299162],[140.411082,35.299523],[140.411391,35.299867],[140.411789,35.300718],[140.411001,35.300237],[140.410042,35.300192],[140.408359,35.300029],[140.406757,35.300445],[140.405997,35.300518],[140.406649,35.300002],[140.40711,35.299559],[140.407671,35.298565],[140.407662,35.298194],[140.407545,35.297841],[140.407165,35.297462],[140.407165,35.296991],[140.406794,35.296603],[140.406278,35.29653],[140.40559,35.296042],[140.404577,35.295463],[140.403843,35.29493],[140.403122,35.294222],[140.403612,35.293876],[140.404528,35.294356],[140.404966,35.294251],[140.40513,35.293811],[140.404966,35.293386],[140.404948,35.292282],[140.404875,35.291939],[140.404573,35.29164],[140.403259,35.291006],[140.402237,35.290007],[140.402196,35.28844],[140.402123,35.287948],[140.401812,35.287545],[140.401575,35.286754],[140.40108,35.286485],[140.401184,35.286096],[140.40113,35.283745],[140.400434,35.282371],[140.400352,35.280508],[140.400135,35.278139],[140.399628,35.276963],[140.400005,35.276773],[140.399914,35.275237],[140.399165,35.271447],[140.399056,35.271343],[140.398472,35.269045],[140.398234,35.266494],[140.397959,35.26633]]],[[[140.400673,35.327562],[140.401035,35.3272],[140.400981,35.326549],[140.401994,35.326839],[140.403283,35.325148],[140.403112,35.324877],[140.403826,35.324696],[140.40464,35.324144],[140.406052,35.323367],[140.406513,35.322544],[140.407382,35.321884],[140.408087,35.319994],[140.408766,35.319054],[140.408685,35.317679],[140.40901,35.316694],[140.409571,35.315708],[140.409508,35.314153],[140.409544,35.312634],[140.409309,35.311965],[140.410141,35.311974],[140.410494,35.311612],[140.411344,35.311784],[140.412195,35.311693],[140.412774,35.311368],[140.413235,35.311196],[140.412948,35.313147],[140.412126,35.313773],[140.411396,35.314684],[140.411086,35.315892],[140.411177,35.31622],[140.410392,35.316698],[140.409516,35.318757],[140.409352,35.319503],[140.408767,35.319741],[140.40822,35.320428],[140.408202,35.321054],[140.408421,35.321323],[140.407795,35.321955],[140.407498,35.322587],[140.407356,35.323041],[140.407388,35.323238],[140.406905,35.323158],[140.406376,35.32362],[140.405536,35.324635],[140.403784,35.326082],[140.402889,35.327007],[140.403108,35.327529],[140.403243,35.32769],[140.402946,35.327595],[140.40234,35.327549],[140.402278,35.327928],[140.401426,35.327938],[140.400673,35.327562]]],[[[140.405258,35.249782],[140.406024,35.249836],[140.406153,35.249701],[140.406556,35.249495],[140.40684,35.24955],[140.406947,35.249638],[140.407021,35.250094],[140.407153,35.250421],[140.407126,35.250528],[140.406542,35.25112],[140.406283,35.250615],[140.405595,35.250597],[140.405324,35.250398],[140.405342,35.250055],[140.405258,35.249782]]],[[[140.413484,35.310075],[140.412887,35.309768],[140.412055,35.309569],[140.411385,35.309569],[140.411693,35.308791],[140.411566,35.308212],[140.411276,35.307851],[140.411331,35.30729],[140.412217,35.307091],[140.412163,35.306621],[140.412199,35.306223],[140.412453,35.306024],[140.412688,35.305482],[140.413412,35.304975],[140.414667,35.304342],[140.414708,35.304557],[140.414116,35.305389],[140.414116,35.306911],[140.414025,35.307955],[140.413696,35.308969],[140.413484,35.310075]]],[[[139.969929,35.238532],[139.970243,35.238384],[139.970635,35.238397],[139.970918,35.238609],[139.971232,35.238737],[139.971586,35.239071],[139.972292,35.239963],[139.972735,35.240239],[139.973256,35.240708],[139.974476,35.241478],[139.975446,35.241934],[139.975793,35.242588],[139.975751,35.243082],[139.975548,35.243423],[139.975259,35.243615],[139.975041,35.243846],[139.974238,35.244276],[139.97287,35.244514],[139.972729,35.244649],[139.972703,35.244771],[139.9728,35.245175],[139.973114,35.245612],[139.973268,35.245714],[139.974007,35.245695],[139.974733,35.245483],[139.974848,35.245624],[139.975394,35.245977],[139.975632,35.246067],[139.975927,35.246067],[139.976114,35.245997],[139.976313,35.245785],[139.976454,35.245534],[139.97664,35.24497],[139.977212,35.244308],[139.978355,35.243339],[139.979004,35.243365],[139.979813,35.243564],[139.981412,35.243628],[139.981766,35.24393],[139.982157,35.244077],[139.98271,35.243872],[139.983101,35.24391],[139.984752,35.245098],[139.984816,35.246176],[139.985606,35.247069],[139.98576,35.248442],[139.985497,35.249013],[139.984778,35.250092],[139.984643,35.250413],[139.98438,35.252024],[139.984001,35.253025],[139.983699,35.254572],[139.983602,35.254752],[139.98332,35.254778],[139.983037,35.255015],[139.982761,35.255574],[139.982735,35.256145],[139.983262,35.257165],[139.983384,35.257531],[139.983558,35.259027],[139.983673,35.259438],[139.983705,35.259829],[139.98481,35.261415],[139.984759,35.261569],[139.984592,35.261703],[139.984206,35.261659],[139.980121,35.258115],[139.97928,35.257493],[139.978233,35.256928],[139.977212,35.256543],[139.975902,35.256575],[139.975581,35.256524],[139.975221,35.25635],[139.974559,35.255837],[139.973904,35.255047],[139.973358,35.255426],[139.973301,35.255516],[139.973496,35.255683],[139.972661,35.256654],[139.971853,35.257691],[139.970721,35.258699],[139.97009,35.259082],[139.969589,35.259521],[139.969542,35.259792],[139.969793,35.260016],[139.969914,35.260221],[139.969921,35.260733],[139.968381,35.260721],[139.967668,35.261145],[139.966951,35.261657],[139.966823,35.261491],[139.966415,35.261192],[139.965904,35.260931],[139.964809,35.260828],[139.964447,35.260875],[139.96363,35.261762],[139.96312,35.262173],[139.962609,35.2625],[139.962015,35.262715],[139.961384,35.263051],[139.961848,35.263994],[139.961904,35.264601],[139.961839,35.266291],[139.96144,35.26644],[139.960846,35.266412],[139.959946,35.26617],[139.959064,35.265787],[139.957913,35.265161],[139.957672,35.264946],[139.956966,35.264545],[139.956261,35.263966],[139.955862,35.2632],[139.955481,35.260529],[139.955684,35.259772],[139.955453,35.259512],[139.955518,35.259054],[139.95537,35.258307],[139.955091,35.258027],[139.954878,35.257896],[139.953903,35.257934],[139.953458,35.258083],[139.953588,35.259035],[139.953421,35.259418],[139.953161,35.259614],[139.952103,35.259857],[139.951407,35.260511],[139.951054,35.260744],[139.950613,35.260758],[139.950014,35.260674],[139.949773,35.260515],[139.949458,35.260207],[139.948687,35.260175],[139.94787,35.260716],[139.947471,35.260791],[139.946028,35.260716],[139.945583,35.260959],[139.945221,35.261178],[139.945142,35.261389],[139.9453,35.261659],[139.945318,35.261991],[139.945253,35.262234],[139.944418,35.263452],[139.944153,35.263756],[139.943699,35.263816],[139.943388,35.263676],[139.942905,35.263322],[139.942255,35.262967],[139.941503,35.262915],[139.941012,35.262617],[139.940492,35.262565],[139.939123,35.262551],[139.938631,35.262416],[139.938162,35.262224],[139.937206,35.26221],[139.935981,35.261781],[139.936,35.26208],[139.936269,35.262687],[139.936278,35.263144],[139.936167,35.263732],[139.935944,35.264199],[139.935944,35.266272],[139.935712,35.266571],[139.935341,35.266786],[139.934904,35.266833],[139.93445,35.266767],[139.933048,35.266216],[139.932603,35.266076],[139.932231,35.26602],[139.931953,35.265852],[139.931693,35.265805],[139.930032,35.26729],[139.929623,35.267356],[139.928964,35.267374],[139.928547,35.26785],[139.928138,35.26814],[139.927684,35.268271],[139.92747,35.268504],[139.926876,35.268952],[139.926505,35.269036],[139.924574,35.268999],[139.924194,35.269036],[139.92398,35.26912],[139.923962,35.269288],[139.923629,35.269791],[139.923417,35.270016],[139.923192,35.270164],[139.922331,35.269849],[139.922184,35.269681],[139.922667,35.269158],[139.922973,35.26863],[139.923113,35.268355],[139.923029,35.268117],[139.922458,35.267692],[139.922365,35.267416],[139.922082,35.267201],[139.921395,35.266912],[139.92063,35.266702],[139.920259,35.266716],[139.919883,35.266917],[139.919604,35.267001],[139.918286,35.266959],[139.917595,35.267159],[139.915947,35.268028],[139.915525,35.268201],[139.9154,35.268149],[139.915428,35.267995],[139.915752,35.267678],[139.915971,35.267332],[139.916263,35.266543],[139.916824,35.266095],[139.917265,35.26588],[139.917831,35.265819],[139.91875,35.265815],[139.919432,35.265656],[139.920133,35.265325],[139.925326,35.261188],[139.926212,35.26053],[139.927442,35.259745],[139.927586,35.25947],[139.927971,35.257653],[139.928036,35.256813],[139.927897,35.256159],[139.927674,35.255506],[139.927419,35.255132],[139.927335,35.254637],[139.927433,35.253713],[139.927619,35.253069],[139.927628,35.252396],[139.927349,35.251822],[139.926871,35.251318],[139.926398,35.250982],[139.925832,35.250725],[139.925196,35.250561],[139.925151,35.250453],[139.925212,35.250358],[139.925359,35.250281],[139.926124,35.250071],[139.92785,35.249811],[139.927933,35.249727],[139.927858,35.249607],[139.926848,35.24917],[139.926328,35.249011],[139.92605,35.248801],[139.92579,35.248474],[139.925595,35.248115],[139.925331,35.247849],[139.925303,35.247681],[139.925549,35.247611],[139.926287,35.247597],[139.928363,35.247884],[139.928523,35.247829],[139.928448,35.247621],[139.927558,35.246737],[139.927396,35.246434],[139.925795,35.244987],[139.926173,35.245034],[139.926686,35.245374],[139.927238,35.245463],[139.928505,35.245505],[139.928677,35.245636],[139.929136,35.245738],[139.931057,35.245804],[139.931294,35.245696],[139.931493,35.245715],[139.932255,35.246219],[139.933503,35.247167],[139.933781,35.247302],[139.936092,35.247615],[139.93645,35.247732],[139.939021,35.248213],[139.941401,35.248801],[139.942056,35.249165],[139.942496,35.249698],[139.942914,35.249926],[139.943452,35.250071],[139.94413,35.250001],[139.94471,35.249777],[139.945518,35.249754],[139.945801,35.249884],[139.946172,35.25023],[139.947731,35.250977],[139.948005,35.25094],[139.948102,35.250669],[139.948548,35.248442],[139.948669,35.246836],[139.948747,35.246616],[139.948966,35.246574],[139.950748,35.246765],[139.950998,35.246653],[139.950608,35.24592],[139.95046,35.244538],[139.950525,35.244011],[139.951165,35.242816],[139.951286,35.242283],[139.951239,35.241672],[139.951323,35.241429],[139.951499,35.241261],[139.952307,35.240901],[139.952599,35.240953],[139.953448,35.241653],[139.954163,35.241938],[139.955207,35.242596],[139.955574,35.242886],[139.956052,35.243086],[139.956669,35.243142],[139.956985,35.243296],[139.9573,35.243777],[139.957518,35.243871],[139.958094,35.243885],[139.958497,35.243987],[139.95892,35.244263],[139.959249,35.244585],[139.95995,35.244795],[139.960539,35.244543],[139.961416,35.243885],[139.962136,35.243553],[139.962266,35.243404],[139.963744,35.24237],[139.965035,35.24167],[139.965215,35.241491],[139.965414,35.240675],[139.965677,35.240111],[139.965985,35.239777],[139.966326,35.239584],[139.966563,35.239629],[139.966717,35.239835],[139.967572,35.239867],[139.967854,35.239957],[139.969074,35.240001],[139.969344,35.23988],[139.96955,35.239],[139.969646,35.238782],[139.969929,35.238532]]],[[[140.14357,35.166356],[140.142587,35.165845],[140.142137,35.165499],[140.141842,35.165071],[140.14176,35.164544],[140.14185,35.163679],[140.14185,35.162163],[140.141629,35.159872],[140.141367,35.159584],[140.14113,35.159469],[140.138837,35.159534],[140.138065,35.159284],[140.138562,35.158822],[140.139349,35.158452],[140.139974,35.158289],[140.139947,35.156951],[140.140544,35.155884],[140.140815,35.154672],[140.142127,35.152864],[140.142172,35.152439],[140.141955,35.15205],[140.142055,35.151508],[140.14267,35.151318],[140.14438,35.151227],[140.146994,35.150757],[140.147917,35.150323],[140.14817,35.150043],[140.148288,35.149229],[140.148912,35.148524],[140.149048,35.147312],[140.149745,35.14563],[140.149754,35.143759],[140.150459,35.14299],[140.151129,35.141543],[140.15416,35.141652],[140.154992,35.141833],[140.155906,35.141842],[140.157028,35.141335],[140.157941,35.14139],[140.159163,35.141751],[140.160013,35.142429],[140.160809,35.143388],[140.161171,35.144075],[140.161823,35.145115],[140.16204,35.145639],[140.162103,35.146444],[140.161678,35.147086],[140.161596,35.148415],[140.160827,35.149844],[140.160683,35.150224],[140.160719,35.150866],[140.161198,35.152294],[140.161578,35.153063],[140.161678,35.153687],[140.161895,35.153967],[140.162203,35.154166],[140.163379,35.154238],[140.163614,35.154473],[140.163831,35.155079],[140.164211,35.15545],[140.164817,35.155793],[140.166382,35.156381],[140.166591,35.156535],[140.1666,35.156969],[140.166373,35.157394],[140.165776,35.157837],[140.165116,35.158144],[140.164799,35.15837],[140.1647,35.158533],[140.164645,35.159826],[140.163967,35.160459],[140.163922,35.160812],[140.16422,35.161354],[140.164211,35.162087],[140.164826,35.162719],[140.164835,35.163316],[140.165722,35.16375],[140.165822,35.164031],[140.165695,35.164781],[140.165767,35.165396],[140.166084,35.165748],[140.166871,35.165875],[140.166998,35.166635],[140.167088,35.167611],[140.16698,35.168271],[140.167206,35.168904],[140.167821,35.169546],[140.168554,35.170034],[140.169368,35.170396],[140.171544,35.170134],[140.171969,35.171273],[140.17253,35.172015],[140.172892,35.172286],[140.17396,35.172322],[140.175317,35.17225],[140.175425,35.173624],[140.175733,35.175034],[140.175136,35.175233],[140.174846,35.174655],[140.174502,35.174854],[140.17414,35.174474],[140.173815,35.174564],[140.172422,35.175722],[140.171517,35.177042],[140.170612,35.177819],[140.169273,35.178163],[140.167572,35.178145],[140.166631,35.177584],[140.166251,35.177928],[140.165383,35.178055],[140.163917,35.179013],[140.163917,35.179194],[140.164098,35.179338],[140.164134,35.179989],[140.16569,35.182232],[140.165998,35.183009],[140.165944,35.183552],[140.165419,35.184131],[140.165292,35.184167],[140.163501,35.182467],[140.162795,35.182105],[140.161205,35.181507],[140.16107,35.181071],[140.160808,35.180733],[140.159195,35.180025],[140.157786,35.179522],[140.156705,35.179209],[140.155584,35.178962],[140.15501,35.178871],[140.15325,35.178731],[140.15094,35.178888],[140.14945,35.179193],[140.149032,35.179077],[140.148991,35.178855],[140.149081,35.178328],[140.149802,35.176861],[140.150916,35.175576],[140.151325,35.175032],[140.151464,35.174571],[140.151489,35.173186],[140.151333,35.172082],[140.151145,35.1713],[140.150907,35.170904],[140.149933,35.169635],[140.14918,35.168935],[140.148868,35.168754],[140.148541,35.16868],[140.148025,35.168622],[140.147362,35.168639],[140.146944,35.168573],[140.146633,35.168465],[140.145814,35.167839],[140.145363,35.167633],[140.145011,35.167559],[140.143963,35.167477],[140.143832,35.167304],[140.143783,35.166694],[140.14357,35.166356]],[[140.144646,35.153563],[140.144829,35.15406],[140.144773,35.154502],[140.144878,35.154685],[140.145147,35.154748],[140.145357,35.154864],[140.145638,35.154737],[140.145683,35.15461],[140.145608,35.154259],[140.145615,35.154072],[140.145784,35.153828],[140.145765,35.153679],[140.145656,35.153604],[140.14548,35.153653],[140.145219,35.153832],[140.145088,35.15381],[140.144882,35.153537],[140.144725,35.153492],[140.144646,35.153563]],[[140.146474,35.162837],[140.146339,35.163032],[140.146354,35.163339],[140.146534,35.163757],[140.146698,35.163877],[140.146893,35.16387],[140.147447,35.163668],[140.148076,35.163256],[140.148105,35.163122],[140.148023,35.162875],[140.146886,35.16274],[140.146474,35.162837]]],[[[139.788464,34.971955],[139.788662,34.97123],[139.789301,34.971519],[139.790397,34.971661],[139.792086,34.972124],[139.792747,34.972155],[139.794174,34.971809],[139.794647,34.971809],[139.79494,34.971933],[139.79485,34.972296],[139.790862,34.972352],[139.788955,34.971957],[139.788464,34.971955]]],[[[139.802577,34.974224],[139.803538,34.974776],[139.806287,34.975843],[139.802524,34.975084],[139.802577,34.974224]]],[[[139.866985,35.250933],[139.866964,35.250151],[139.867202,35.249263],[139.868261,35.246816],[139.868781,35.244675],[139.869328,35.243817],[139.869538,35.243183],[139.869721,35.241729],[139.870278,35.240132],[139.870451,35.23823],[139.870734,35.237633],[139.871337,35.237433],[139.872053,35.238223],[139.873039,35.238536],[139.873824,35.239133],[139.874426,35.239327],[139.875047,35.239938],[139.874664,35.241102],[139.873952,35.241833],[139.873915,35.241729],[139.872856,35.242788],[139.873025,35.242952],[139.873573,35.243183],[139.873673,35.243698],[139.872779,35.244108],[139.872578,35.244668],[139.87161,35.244877],[139.871428,35.245578],[139.87078,35.245764],[139.870269,35.246742],[139.868991,35.247488],[139.868927,35.248152],[139.868397,35.248965],[139.868708,35.252031],[139.868434,35.25215],[139.866985,35.250933]]],[[[139.755496,34.975728],[139.756539,34.976261],[139.75647,34.976441],[139.755605,34.976464],[139.755255,34.976546],[139.75543,34.976574],[139.755384,34.97665],[139.75521,34.976634],[139.754991,34.976769],[139.754847,34.976698],[139.754679,34.976887],[139.754648,34.9772],[139.755226,34.977871],[139.756164,34.978022],[139.756508,34.977968],[139.756597,34.977867],[139.756727,34.977889],[139.756845,34.977978],[139.757171,34.977929],[139.757336,34.97772],[139.757295,34.977613],[139.757326,34.977587],[139.757415,34.977588],[139.757707,34.977736],[139.757819,34.977714],[139.757999,34.977782],[139.758141,34.977701],[139.758216,34.977709],[139.758314,34.977613],[139.758483,34.977643],[139.758567,34.977501],[139.758909,34.977449],[139.758988,34.977391],[139.759067,34.977196],[139.759007,34.9771],[139.759032,34.976983],[139.758988,34.976918],[139.758816,34.976852],[139.758773,34.97675],[139.75871,34.97672],[139.758702,34.976609],[139.758574,34.976537],[139.758615,34.976441],[139.758752,34.976441],[139.75887,34.976359],[139.758998,34.97634],[139.759033,34.976249],[139.759194,34.976199],[139.759279,34.975936],[139.759477,34.97594],[139.759559,34.975991],[139.759667,34.975961],[139.759692,34.97576],[139.759363,34.975612],[139.759383,34.975476],[139.759313,34.975399],[139.759371,34.975306],[139.759286,34.975224],[139.759379,34.975069],[139.759306,34.974959],[139.759286,34.974818],[139.759423,34.974688],[139.759681,34.974589],[139.760003,34.974648],[139.759888,34.974745],[139.759943,34.974914],[139.759936,34.9751],[139.76009,34.97514],[139.760146,34.975303],[139.760589,34.975514],[139.760709,34.975679],[139.761318,34.975523],[139.761452,34.975598],[139.761474,34.975751],[139.761407,34.975855],[139.760748,34.976111],[139.760716,34.976216],[139.760628,34.976241],[139.760645,34.97638],[139.760524,34.976441],[139.760531,34.976638],[139.760576,34.976692],[139.760757,34.976672],[139.760889,34.97653],[139.761058,34.976526],[139.761324,34.976402],[139.761318,34.976284],[139.761435,34.976197],[139.761578,34.976193],[139.761655,34.976094],[139.761845,34.976047],[139.76192,34.975945],[139.762157,34.975857],[139.762416,34.975888],[139.762473,34.975998],[139.762427,34.976099],[139.7627,34.976222],[139.762804,34.976218],[139.762868,34.976112],[139.763072,34.976068],[139.763159,34.975912],[139.763364,34.975917],[139.763553,34.975987],[139.76385,34.975917],[139.763884,34.975833],[139.764126,34.975829],[139.764198,34.975764],[139.764212,34.975673],[139.764363,34.975681],[139.764472,34.975596],[139.764489,34.975494],[139.764418,34.975382],[139.764504,34.975257],[139.764741,34.975215],[139.764766,34.9751],[139.764848,34.975049],[139.764869,34.97497],[139.765389,34.974841],[139.765606,34.974958],[139.765786,34.974886],[139.765974,34.974914],[139.766067,34.975015],[139.766286,34.975061],[139.766358,34.975126],[139.766522,34.975118],[139.766688,34.975197],[139.766823,34.975156],[139.766896,34.975217],[139.767038,34.975207],[139.767326,34.975308],[139.767367,34.975443],[139.767273,34.975505],[139.767271,34.975641],[139.767375,34.975685],[139.767421,34.975776],[139.767572,34.975759],[139.767749,34.975849],[139.768001,34.975733],[139.768184,34.975966],[139.768293,34.976029],[139.768658,34.976094],[139.768669,34.976228],[139.768897,34.976362],[139.769154,34.976213],[139.769159,34.97603],[139.769283,34.975945],[139.769453,34.975928],[139.769529,34.975816],[139.769679,34.975788],[139.769833,34.975883],[139.769898,34.97603],[139.76984,34.976106],[139.769862,34.976188],[139.770185,34.976266],[139.770277,34.976168],[139.770464,34.976107],[139.77048,34.976013],[139.770583,34.975931],[139.770583,34.975866],[139.770719,34.975794],[139.770722,34.975725],[139.770918,34.975834],[139.770986,34.975928],[139.770634,34.97628],[139.770671,34.976396],[139.770603,34.976503],[139.770699,34.976578],[139.770658,34.976718],[139.770853,34.976804],[139.770814,34.97687],[139.770863,34.976926],[139.77112,34.97695],[139.771206,34.976834],[139.771178,34.976706],[139.771252,34.976584],[139.77141,34.976543],[139.771438,34.976413],[139.771862,34.976323],[139.771937,34.976357],[139.771903,34.976447],[139.771941,34.976521],[139.771883,34.976599],[139.771896,34.97668],[139.771766,34.976763],[139.771822,34.976837],[139.771967,34.976864],[139.772068,34.976799],[139.772273,34.976774],[139.772546,34.976802],[139.772673,34.9769],[139.772677,34.977025],[139.772729,34.977064],[139.772649,34.977174],[139.77251,34.977193],[139.772441,34.977257],[139.772476,34.977477],[139.772615,34.977468],[139.772781,34.977546],[139.773145,34.977549],[139.773301,34.97761],[139.773529,34.977553],[139.773614,34.977625],[139.773714,34.977626],[139.773883,34.977469],[139.77399,34.977473],[139.774038,34.977687],[139.774154,34.977732],[139.774343,34.977559],[139.774489,34.977518],[139.774532,34.977417],[139.774621,34.977393],[139.774688,34.977236],[139.774974,34.977236],[139.774968,34.977073],[139.774158,34.976887],[139.774199,34.976527],[139.774297,34.976381],[139.774715,34.976098],[139.774839,34.976194],[139.774944,34.976153],[139.775064,34.976176],[139.775179,34.976039],[139.775403,34.976087],[139.77546,34.976048],[139.775564,34.976081],[139.775656,34.976037],[139.775801,34.976088],[139.775956,34.976049],[139.775966,34.975992],[139.776125,34.975861],[139.776031,34.975769],[139.776118,34.975669],[139.776015,34.975523],[139.776016,34.975419],[139.776125,34.975382],[139.776132,34.975269],[139.776412,34.975162],[139.776925,34.97514],[139.776932,34.975264],[139.77711,34.975354],[139.777511,34.975331],[139.777611,34.975245],[139.777842,34.975224],[139.778661,34.975508],[139.778649,34.975568],[139.778773,34.975675],[139.778993,34.975751],[139.778992,34.975912],[139.778877,34.976143],[139.778897,34.97623],[139.779109,34.976297],[139.779191,34.976369],[139.779498,34.976374],[139.779549,34.976305],[139.779512,34.976199],[139.779583,34.976071],[139.779687,34.976094],[139.779874,34.976049],[139.779994,34.976084],[139.780062,34.976187],[139.780416,34.976099],[139.780565,34.976183],[139.780832,34.976137],[139.780946,34.97629],[139.781092,34.976346],[139.781651,34.976465],[139.781749,34.976554],[139.781982,34.976537],[139.78206,34.976428],[139.782194,34.9764],[139.782221,34.976306],[139.782351,34.976216],[139.782533,34.976222],[139.782723,34.976165],[139.782912,34.976036],[139.782885,34.975839],[139.783266,34.975942],[139.78349,34.975432],[139.783062,34.974997],[139.782823,34.975083],[139.782543,34.974892],[139.782588,34.974567],[139.782748,34.974119],[139.782959,34.973839],[139.783394,34.973479],[139.783924,34.973142],[139.78408,34.973216],[139.784153,34.973314],[139.784173,34.973558],[139.784231,34.973551],[139.784356,34.973291],[139.78619,34.972874],[139.786755,34.972978],[139.787394,34.972891],[139.787838,34.972882],[139.788468,34.972953],[139.789283,34.973173],[139.791276,34.97345],[139.792419,34.973767],[139.793434,34.973854],[139.793479,34.973916],[139.793778,34.973877],[139.794,34.973772],[139.794061,34.973663],[139.794204,34.973618],[139.794237,34.97353],[139.79435,34.973494],[139.794355,34.973449],[139.79529,34.973573],[139.795947,34.973792],[139.795984,34.973882],[139.796332,34.973922],[139.796405,34.973968],[139.796494,34.973963],[139.796563,34.973787],[139.796864,34.973832],[139.799162,34.974679],[139.799336,34.974766],[139.799354,34.974916],[139.799603,34.975008],[139.799686,34.975116],[139.799951,34.975293],[139.800964,34.975596],[139.801029,34.975744],[139.801197,34.975766],[139.801415,34.975904],[139.80167,34.975875],[139.801776,34.975923],[139.801898,34.975834],[139.802021,34.975842],[139.802133,34.975746],[139.802762,34.975799],[139.80294,34.975873],[139.802906,34.975979],[139.802994,34.976047],[139.803399,34.976129],[139.803638,34.976003],[139.804151,34.976047],[139.8045,34.976143],[139.805177,34.976454],[139.805773,34.976611],[139.805896,34.976678],[139.805909,34.977383],[139.806113,34.97738],[139.806121,34.976949],[139.806466,34.976938],[139.806471,34.977158],[139.806798,34.977163],[139.806893,34.976993],[139.807353,34.976889],[139.807572,34.976887],[139.808174,34.976988],[139.808804,34.977191],[139.809703,34.977521],[139.810174,34.977744],[139.810885,34.978088],[139.811,34.978245],[139.811192,34.978228],[139.811192,34.978352],[139.811424,34.978403],[139.811571,34.978488],[139.811609,34.978617],[139.811904,34.978713],[139.811926,34.978786],[139.812006,34.978826],[139.81236,34.978859],[139.812512,34.978809],[139.812861,34.978448],[139.813263,34.978265],[139.813539,34.9782],[139.813737,34.978245],[139.813997,34.978127],[139.814081,34.978174],[139.814224,34.978163],[139.814259,34.978063],[139.814333,34.978037],[139.814653,34.978063],[139.81556,34.978308],[139.815699,34.978446],[139.815723,34.978591],[139.815791,34.978638],[139.815805,34.978801],[139.81596,34.978808],[139.816581,34.979131],[139.816617,34.979178],[139.816495,34.979324],[139.816823,34.979502],[139.817014,34.979305],[139.81675,34.979141],[139.816759,34.978824],[139.817046,34.978745],[139.817147,34.978635],[139.817225,34.978616],[139.817279,34.978511],[139.817448,34.978445],[139.817488,34.978404],[139.817466,34.978257],[139.817546,34.978171],[139.817617,34.978189],[139.817741,34.978124],[139.817773,34.977991],[139.817911,34.977941],[139.817945,34.977828],[139.818267,34.977766],[139.818691,34.977845],[139.819498,34.978076],[139.819929,34.978253],[139.821278,34.979057],[139.822714,34.980336],[139.822861,34.980458],[139.822944,34.980454],[139.823022,34.980631],[139.823336,34.980966],[139.823365,34.981234],[139.823549,34.981278],[139.823576,34.981091],[139.823644,34.981079],[139.823848,34.981285],[139.823922,34.981443],[139.823953,34.981734],[139.824356,34.981801],[139.824191,34.982032],[139.824199,34.982196],[139.823443,34.982576],[139.823383,34.982734],[139.823395,34.982873],[139.827637,34.988869],[139.826793,34.989597],[139.826566,34.989717],[139.826139,34.989817],[139.824962,34.989747],[139.824874,34.989783],[139.824422,34.989748],[139.824258,34.989826],[139.824038,34.989841],[139.82385,34.989816],[139.823647,34.989918],[139.823507,34.990054],[139.823415,34.990058],[139.823193,34.990267],[139.823138,34.990385],[139.823019,34.990473],[139.823026,34.99066],[139.823163,34.990697],[139.823176,34.9908],[139.823463,34.991072],[139.823597,34.9911],[139.823734,34.991202],[139.823801,34.991357],[139.824109,34.991444],[139.824215,34.991545],[139.824293,34.991559],[139.824402,34.991499],[139.824651,34.991528],[139.824736,34.991609],[139.824863,34.991619],[139.825034,34.991568],[139.825068,34.991478],[139.825197,34.991403],[139.825259,34.991271],[139.82534,34.991248],[139.825784,34.991511],[139.825904,34.991515],[139.826156,34.991361],[139.826532,34.991375],[139.826579,34.991324],[139.82657,34.991058],[139.826476,34.990987],[139.826459,34.990896],[139.826546,34.990777],[139.826481,34.990645],[139.826564,34.990413],[139.826532,34.990315],[139.82647,34.990292],[139.826512,34.990171],[139.82674,34.989939],[139.826901,34.989826],[139.827312,34.989659],[139.828136,34.989576],[139.829026,34.990855],[139.837602,34.990957],[139.837781,34.99114],[139.837433,34.991239],[139.837316,34.991185],[139.836968,34.991268],[139.836864,34.991236],[139.836758,34.991314],[139.836652,34.991326],[139.836624,34.991386],[139.83685,34.991484],[139.837151,34.991408],[139.837253,34.991475],[139.837601,34.991441],[139.837683,34.991488],[139.838111,34.991426],[139.838029,34.99219],[139.837929,34.992624],[139.837441,34.994216],[139.836979,34.99531],[139.836047,34.996666],[139.835134,34.99757],[139.83412,34.998312],[139.83346,34.998683],[139.83222,34.999261],[139.830402,34.99984],[139.829723,34.999985],[139.828927,35.000066],[139.828023,35.000238],[139.826747,35.000301],[139.825046,35.00022],[139.82339,35.000075],[139.82245,34.99993],[139.820541,34.99937],[139.819075,34.998863],[139.816252,34.997272],[139.815628,34.996675],[139.814768,34.995654],[139.813638,34.993565],[139.813276,34.992344],[139.812914,34.990717],[139.812932,34.988167],[139.813059,34.987688],[139.811548,34.987642],[139.810471,34.987507],[139.808743,34.987018],[139.807721,34.986458],[139.806698,34.986015],[139.804889,34.985961],[139.804029,34.985789],[139.801822,34.984948],[139.800356,34.984857],[139.799533,34.984731],[139.799081,34.984613],[139.798764,34.984514],[139.795064,34.982904],[139.793028,34.982877],[139.79234,34.982733],[139.791617,34.983772],[139.790459,34.984993],[139.789201,34.985888],[139.787935,34.986548],[139.786496,34.987046],[139.785148,34.987245],[139.782063,34.987281],[139.781348,34.987245],[139.778851,34.986765],[139.777458,34.98644],[139.777105,34.986313],[139.774129,34.986367],[139.772916,34.986223],[139.771007,34.985816],[139.769198,34.985337],[139.767361,34.98455],[139.766909,34.98427],[139.765036,34.985129],[139.762458,34.986141],[139.758748,34.98691],[139.755998,34.986964],[139.75484,34.986729],[139.752768,34.986494],[139.750877,34.985961],[139.750018,34.985635],[139.748878,34.98512],[139.747566,34.984288],[139.746951,34.983827],[139.74563,34.982678],[139.744798,34.981684],[139.742943,34.978302],[139.742554,34.977362],[139.74221,34.974685],[139.742228,34.973962],[139.742328,34.973085],[139.742328,34.972135],[139.742626,34.971331],[139.742852,34.97049],[139.743178,34.969866],[139.743422,34.969513],[139.743133,34.967868],[139.743142,34.965978],[139.743232,34.964359],[139.743667,34.962813],[139.744354,34.961104],[139.744852,34.960218],[139.745169,34.959504],[139.746137,34.958238],[139.747141,34.957171],[139.748498,34.955896],[139.748733,34.954712],[139.74895,34.954142],[139.749403,34.953337],[139.750334,34.952099],[139.751275,34.951131],[139.753885,34.949467],[139.756061,34.948654],[139.756695,34.948473],[139.758477,34.948247],[139.759228,34.94765],[139.760069,34.94718],[139.761001,34.946963],[139.763507,34.946158],[139.765326,34.945688],[139.767705,34.945263],[139.769252,34.944838],[139.770193,34.944865],[139.772473,34.944775],[139.77554,34.944793],[139.776797,34.944883],[139.778652,34.945417],[139.779168,34.945634],[139.779358,34.945805],[139.781285,34.94491],[139.782931,34.944286],[139.785646,34.943834],[139.789282,34.94359],[139.790097,34.94331],[139.791065,34.94284],[139.79244,34.942333],[139.795145,34.941131],[139.797316,34.939928],[139.798212,34.939485],[139.800944,34.938427],[139.806961,34.935389],[139.808444,34.934548],[139.809639,34.933789],[139.811882,34.932197],[139.813095,34.931257],[139.815365,34.929241],[139.814207,34.92727],[139.814017,34.926528],[139.813701,34.925714],[139.813692,34.925118],[139.812959,34.923653],[139.812398,34.921636],[139.812407,34.920913],[139.812308,34.920154],[139.812253,34.91924],[139.812326,34.918381],[139.812452,34.918047],[139.812642,34.917776],[139.812353,34.916293],[139.812416,34.914032],[139.812742,34.912613],[139.813013,34.911835],[139.813656,34.910859],[139.813773,34.90952],[139.813891,34.908914],[139.814108,34.908318],[139.814859,34.906943],[139.815519,34.906057],[139.817274,34.904366],[139.819726,34.902531],[139.820884,34.901374],[139.821744,34.900723],[139.822458,34.900388],[139.823164,34.899845],[139.823625,34.899719],[139.823879,34.898308],[139.824141,34.897558],[139.824458,34.896753],[139.8252,34.895532],[139.826493,34.894041],[139.82785,34.893001],[139.828927,34.892431],[139.831442,34.891545],[139.833224,34.891256],[139.834229,34.891156],[139.835414,34.891165],[139.836644,34.891229],[139.83782,34.891418],[139.839051,34.891771],[139.840263,34.892214],[139.841023,34.892594],[139.843185,34.892585],[139.844497,34.891635],[139.845167,34.891229],[139.846171,34.890695],[139.847899,34.889917],[139.849898,34.88942],[139.850595,34.889411],[139.851346,34.889303],[139.853273,34.889312],[139.854105,34.889483],[139.85549,34.889963],[139.856159,34.890216],[139.856955,34.89065],[139.85767,34.890939],[139.858158,34.891346],[139.858828,34.891653],[139.859778,34.892341],[139.861008,34.893516],[139.862519,34.893588],[139.863795,34.893769],[139.865876,34.894466],[139.867224,34.895098],[139.869033,34.894375],[139.870119,34.894185],[139.87239,34.893923],[139.8758,34.89386],[139.877022,34.893896],[139.877818,34.89405],[139.879356,34.89235],[139.880288,34.891572],[139.882351,34.890288],[139.883671,34.889592],[139.884802,34.889321],[139.886784,34.889113],[139.888864,34.889122],[139.88986,34.889194],[139.891977,34.889646],[139.893099,34.889954],[139.893442,34.890161],[139.89413,34.88989],[139.895903,34.889547],[139.897152,34.889384],[139.899631,34.889284],[139.900951,34.889366],[139.902462,34.889664],[139.903711,34.890044],[139.904607,34.890442],[139.905502,34.890966],[139.906226,34.891473],[139.906977,34.892124],[139.907483,34.892711],[139.90828,34.89386],[139.908578,34.894583],[139.911781,34.893959],[139.914368,34.893661],[139.916992,34.893561],[139.920104,34.893724],[139.923072,34.89404],[139.924103,34.894212],[139.925542,34.894728],[139.926736,34.895288],[139.928998,34.896482],[139.929966,34.897151],[139.930789,34.897838],[139.931323,34.89839],[139.932236,34.899493],[139.932508,34.899945],[139.933042,34.90065],[139.933268,34.901057],[139.934236,34.900858],[139.935493,34.900722],[139.936887,34.900614],[139.937909,34.90065],[139.938588,34.90074],[139.940469,34.901156],[139.942125,34.901834],[139.942985,34.902278],[139.944224,34.903164],[139.945599,34.904466],[139.946169,34.905225],[139.947047,34.906844],[139.947553,34.908064],[139.947617,34.908887],[139.947997,34.90905],[139.950023,34.910216],[139.951136,34.911184],[139.95167,34.911708],[139.952041,34.912187],[139.953018,34.913987],[139.953398,34.915009],[139.953552,34.916338],[139.956763,34.918264],[139.959061,34.919746],[139.961866,34.92188],[139.962662,34.922595],[139.963485,34.923427],[139.963938,34.924059],[139.964571,34.924701],[139.965521,34.926139],[139.966064,34.927061],[139.96705,34.928806],[139.967249,34.929412],[139.969248,34.930543],[139.972053,34.932911],[139.973474,34.934232],[139.974315,34.935109],[139.975364,34.9367],[139.975663,34.937306],[139.975916,34.938319],[139.976821,34.939349],[139.977753,34.940959],[139.97816,34.941863],[139.978621,34.943138],[139.978712,34.943744],[139.978893,34.944313],[139.978947,34.944964],[139.979083,34.945715],[139.979137,34.948916],[139.978983,34.950706],[139.978631,34.952596],[139.97911,34.953328],[139.979472,34.954079],[139.979734,34.95473],[139.980268,34.956393],[139.980424,34.957185],[139.980465,34.957727],[139.98039,34.959603],[139.979983,34.961059],[139.979666,34.961683],[139.978698,34.963093],[139.977785,34.964188],[139.977278,34.964694],[139.975668,34.965924],[139.973722,34.96728],[139.973134,34.967506],[139.971976,34.968157],[139.971696,34.968374],[139.972646,34.96851],[139.973542,34.968736],[139.974926,34.969188],[139.976545,34.970155],[139.977369,34.970806],[139.97849,34.971855],[139.978834,34.97228],[139.979938,34.973202],[139.980499,34.97379],[139.980897,34.97407],[139.982598,34.975987],[139.98286,34.976466],[139.983774,34.978935],[139.983864,34.979631],[139.98391,34.980562],[139.983846,34.981883],[139.984199,34.982515],[139.98438,34.983302],[139.984923,34.98493],[139.98514,34.986431],[139.985068,34.987154],[139.985086,34.98795],[139.985013,34.988881],[139.984823,34.989568],[139.984579,34.990255],[139.983611,34.992172],[139.982915,34.99304],[139.983507,34.994812],[139.983959,34.996006],[139.98528,34.999098],[139.986999,35.002426],[139.988139,35.004397],[139.989352,35.006042],[139.99089,35.007652],[139.994183,35.010871],[139.998308,35.014614],[140.001059,35.017471],[140.005673,35.021757],[140.007374,35.023276],[140.008839,35.023475],[140.010956,35.024],[140.013363,35.024669],[140.014629,35.025211],[140.017325,35.025284],[140.019298,35.02541],[140.020438,35.025627],[140.021777,35.026097],[140.023061,35.026839],[140.024473,35.027779],[140.025504,35.028719],[140.026119,35.029479],[140.026662,35.030528],[140.02706,35.031468],[140.027223,35.032535],[140.030643,35.035971],[140.034135,35.038919],[140.037012,35.040944],[140.039238,35.042138],[140.044159,35.044344],[140.046023,35.043512],[140.047688,35.042969],[140.049732,35.042644],[140.05118,35.042481],[140.052754,35.042608],[140.054528,35.042987],[140.056626,35.043711],[140.058364,35.044633],[140.059485,35.045392],[140.061277,35.04711],[140.063611,35.047074],[140.06571,35.047255],[140.067954,35.046188],[140.06913,35.046007],[140.071319,35.045808],[140.072586,35.045863],[140.074359,35.046224],[140.076566,35.046984],[140.07834,35.047978],[140.080656,35.049769],[140.083099,35.051812],[140.085071,35.054073],[140.086826,35.054344],[140.088672,35.055085],[140.089992,35.0557],[140.090988,35.056261],[140.092978,35.056297],[140.09448,35.056532],[140.096488,35.057165],[140.097864,35.05778],[140.098895,35.058521],[140.099944,35.059534],[140.099944,35.059606],[140.100903,35.06089],[140.101555,35.062301],[140.101989,35.063566],[140.102224,35.06485],[140.102333,35.06608],[140.103545,35.065393],[140.105753,35.064362],[140.107309,35.063747],[140.109136,35.063512],[140.110801,35.063476],[140.112629,35.063603],[140.114094,35.064],[140.115994,35.064688],[140.117279,35.065447],[140.118636,35.066442],[140.119685,35.067762],[140.120518,35.069028],[140.121278,35.071035],[140.121459,35.072427],[140.121495,35.073748],[140.121314,35.07523],[140.120554,35.077437],[140.11945,35.079281],[140.120319,35.079118],[140.121314,35.079191],[140.122635,35.079444],[140.124607,35.08024],[140.126724,35.081433],[140.12933,35.083368],[140.130307,35.084471],[140.131139,35.086099],[140.131628,35.088612],[140.131682,35.089969],[140.131411,35.091488],[140.130361,35.094345],[140.129438,35.095484],[140.12857,35.096135],[140.127466,35.096949],[140.125837,35.097871],[140.124878,35.098269],[140.122924,35.098739],[140.122092,35.098884],[140.119269,35.099011],[140.117695,35.098938],[140.117134,35.101163],[140.119215,35.102682],[140.123775,35.105702],[140.126507,35.107365],[140.131067,35.109807],[140.135011,35.111561],[140.137128,35.110584],[140.139734,35.109662],[140.142683,35.109083],[140.143968,35.108957],[140.146085,35.108016],[140.147695,35.107636],[140.149867,35.107383],[140.151568,35.107365],[140.153196,35.107781],[140.155277,35.108486],[140.157159,35.109336],[140.160162,35.111579],[140.161592,35.113116],[140.165374,35.113278],[140.169572,35.111832],[140.173444,35.110837],[140.177841,35.109933],[140.18231,35.109137],[140.18316,35.107835],[140.184608,35.106569],[140.186472,35.10534],[140.189059,35.104689],[140.190633,35.104454],[140.191733,35.103486],[140.194347,35.102166],[140.195759,35.101732],[140.197161,35.101379],[140.199667,35.100909],[140.20154,35.100737],[140.203376,35.100701],[140.205313,35.100999],[140.207647,35.101488],[140.210374,35.102446],[140.212311,35.103549],[140.215115,35.105557],[140.217051,35.106189],[140.22058,35.106533],[140.225574,35.10637],[140.228415,35.106045],[140.231834,35.106099],[140.235055,35.106587],[140.238909,35.107871],[140.243596,35.110367],[140.246002,35.11241],[140.247468,35.114237],[140.248662,35.116262],[140.250273,35.116913],[140.252046,35.117872],[140.252661,35.118396],[140.25447,35.118396],[140.257764,35.119192],[140.260604,35.120548],[140.262106,35.121524],[140.263319,35.122664],[140.264712,35.124653],[140.265653,35.124653],[140.268277,35.124526],[140.268964,35.123369],[140.270249,35.122067],[140.271244,35.121253],[140.272872,35.120259],[140.274772,35.119553],[140.276672,35.119065],[140.278319,35.118957],[140.280762,35.119318],[140.282571,35.11977],[140.284652,35.120873],[140.28657,35.122356],[140.288217,35.124309],[140.288759,35.125412],[140.290098,35.125702],[140.292324,35.126696],[140.294115,35.127709],[140.296124,35.129626],[140.298621,35.130711],[140.300629,35.131923],[140.301281,35.130783],[140.30233,35.129481],[140.30376,35.128252],[140.304972,35.12742],[140.306781,35.12666],[140.308772,35.126226],[140.310636,35.126009],[140.313078,35.12619],[140.314598,35.126497],[140.316824,35.127148],[140.318488,35.127872],[140.319411,35.128414],[140.32142,35.12883],[140.322632,35.129174],[140.32408,35.12968],[140.325057,35.130114],[140.327355,35.130241],[140.329399,35.130711],[140.330937,35.131308],[140.332512,35.132302],[140.334068,35.133496],[140.335393,35.135006],[140.336198,35.136299],[140.336922,35.137691],[140.337329,35.139156],[140.337501,35.140114],[140.33761,35.142447],[140.337528,35.143695],[140.337185,35.144925],[140.33808,35.146227],[140.33856,35.147068],[140.338922,35.147845],[140.33922,35.149048],[140.340306,35.149735],[140.341563,35.150974],[140.34207,35.15167],[140.343409,35.15403],[140.343852,35.155938],[140.343852,35.156878],[140.343798,35.157882],[140.34331,35.159952],[140.343436,35.160151],[140.345888,35.162131],[140.347127,35.163361],[140.348485,35.163922],[140.350611,35.165197],[140.352945,35.166942],[140.355234,35.169284],[140.35755,35.17196],[140.357677,35.17234],[140.358446,35.173379],[140.359911,35.172349],[140.360146,35.17196],[140.362028,35.171011],[140.363802,35.170332],[140.365168,35.170016],[140.366651,35.169817],[140.369329,35.169636],[140.370976,35.169473],[140.373193,35.169519],[140.37549,35.169817],[140.377327,35.170233],[140.378793,35.170712],[140.38053,35.171408],[140.381905,35.172213],[140.383687,35.173488],[140.385261,35.174871],[140.386591,35.176191],[140.387505,35.177376],[140.387903,35.178108],[140.388781,35.178389],[140.390057,35.179022],[140.391567,35.179926],[140.392852,35.181047],[140.394101,35.182557],[140.395159,35.184826],[140.395367,35.185993],[140.39544,35.187114],[140.395349,35.188262],[140.39515,35.188904],[140.397104,35.19093],[140.39772,35.191807],[140.39819,35.192639],[140.399927,35.193742],[140.401691,35.195053],[140.402813,35.196147],[140.403654,35.197268],[140.404641,35.199302],[140.405039,35.200523],[140.405229,35.201572],[140.405292,35.202747],[140.405247,35.203823],[140.404966,35.205207],[140.404496,35.206409],[140.403971,35.207386],[140.404849,35.20848],[140.4055,35.209466],[140.406007,35.210713],[140.40636,35.212603],[140.406387,35.213489],[140.406206,35.214592],[140.40712,35.215524],[140.40778,35.216374],[140.408232,35.217205],[140.408486,35.218073],[140.408612,35.219086],[140.408522,35.219981],[140.409345,35.220831],[140.409734,35.221491],[140.410069,35.222251],[140.410205,35.222875],[140.410865,35.224023],[140.411272,35.225135],[140.411507,35.226157],[140.411625,35.22801],[140.411553,35.228481],[140.412114,35.229123],[140.412656,35.229973],[140.412756,35.230578],[140.414783,35.232821],[140.415488,35.233888],[140.416239,35.235334],[140.416628,35.236347],[140.416882,35.237342],[140.41709,35.238644],[140.417108,35.24009],[140.417062,35.241067],[140.4168,35.242188],[140.416366,35.2433],[140.41595,35.244105],[140.416447,35.244702],[140.416954,35.245516],[140.417632,35.247053],[140.418266,35.249367],[140.418239,35.251402],[140.418021,35.252424],[140.417678,35.253572],[140.417135,35.254648],[140.416619,35.255308],[140.416637,35.256927],[140.41642,35.257713],[140.416031,35.258744],[140.415597,35.259657],[140.414945,35.260471],[140.413498,35.262008],[140.412584,35.262813],[140.410576,35.264196],[140.411109,35.267524],[140.41148,35.269323],[140.411878,35.270923],[140.413226,35.277325],[140.415072,35.283465],[140.417252,35.289496],[140.418193,35.29153],[140.419288,35.293158],[140.420545,35.294785],[140.42316,35.297859],[140.424264,35.299595],[140.425078,35.301277],[140.425738,35.303917],[140.425892,35.308465],[140.425766,35.309587],[140.425558,35.310536],[140.424716,35.312679],[140.424671,35.314379],[140.424418,35.315455],[140.424119,35.316404],[140.423341,35.31814],[140.422536,35.319406],[140.421559,35.320636],[140.420591,35.322634],[140.419559,35.324488],[140.418094,35.326893],[140.41651,35.328982],[140.415352,35.330311],[140.412774,35.332797],[140.411308,35.333964],[140.409662,35.335157],[140.408296,35.335862],[140.406088,35.336459],[140.403673,35.336649],[140.400434,35.336595],[140.397566,35.336052],[140.396136,35.335627],[140.39525,35.335166],[140.395642,35.334269],[140.395903,35.333407],[140.396342,35.332432],[140.396954,35.331361],[140.397476,35.330763],[140.397715,35.330553],[140.396974,35.33012],[140.398192,35.328801],[140.400305,35.328913],[140.399823,35.328086],[140.400673,35.327562],[140.401426,35.327938],[140.402278,35.327928],[140.40234,35.327549],[140.402946,35.327595],[140.403243,35.32769],[140.4036,35.327504],[140.403915,35.327146],[140.404138,35.326636],[140.404422,35.326393],[140.40541,35.325949],[140.405676,35.325389],[140.405847,35.325264],[140.406604,35.325024],[140.407232,35.324488],[140.407407,35.324132],[140.407485,35.324164],[140.40772,35.323738],[140.407405,35.323622],[140.407356,35.323041],[140.407498,35.322587],[140.407795,35.321955],[140.408758,35.320926],[140.408968,35.32032],[140.409096,35.319607],[140.409352,35.319503],[140.410093,35.319729],[140.41048,35.319662],[140.410054,35.319431],[140.410092,35.319262],[140.410344,35.319089],[140.410452,35.318956],[140.411524,35.316874],[140.411563,35.316586],[140.412116,35.315482],[140.412383,35.315093],[140.413047,35.31473],[140.413726,35.314066],[140.413836,35.313719],[140.413998,35.312492],[140.41444,35.311302],[140.414294,35.310087],[140.414439,35.309769],[140.414597,35.309581],[140.415174,35.309107],[140.414952,35.307858],[140.414899,35.306854],[140.414943,35.306206],[140.415233,35.306049],[140.4153,35.305638],[140.415274,35.305574],[140.414727,35.305297],[140.414667,35.304342],[140.414578,35.304066],[140.414427,35.303812],[140.414219,35.303639],[140.414044,35.303629],[140.413728,35.303429],[140.412977,35.302736],[140.412662,35.302334],[140.412332,35.301755],[140.412124,35.301189],[140.411789,35.300718],[140.411391,35.299867],[140.411082,35.299523],[140.410869,35.299162],[140.410724,35.298796],[140.410051,35.297832],[140.409605,35.297049],[140.409344,35.296784],[140.408277,35.295025],[140.408307,35.29491],[140.40792,35.29404],[140.407459,35.293183],[140.407267,35.292338],[140.406799,35.291577],[140.406573,35.291087],[140.406435,35.290337],[140.405851,35.289379],[140.405453,35.28815],[140.405164,35.2878],[140.404993,35.287496],[140.404691,35.28647],[140.404677,35.285749],[140.404196,35.28452],[140.404148,35.283534],[140.403825,35.282271],[140.403743,35.281454],[140.403021,35.280344],[140.402679,35.279267],[140.402088,35.278258],[140.401758,35.276781],[140.40136,35.275952],[140.40068,35.273303],[140.40022,35.272103],[140.400165,35.271652],[140.400371,35.270989],[140.399904,35.270136],[140.399856,35.269966],[140.399849,35.269279],[140.399663,35.268591],[140.399491,35.267475],[140.399388,35.267351],[140.399252,35.266753],[140.399299,35.266218],[140.399285,35.265564],[140.399416,35.264843],[140.399416,35.264251],[140.399313,35.26402],[140.399368,35.263343],[140.399574,35.261895],[140.399829,35.260644],[140.399767,35.259453],[140.39995,35.258446],[140.405471,35.255865],[140.405169,35.255681],[140.403447,35.256496],[140.402273,35.255899],[140.403399,35.254358],[140.405696,35.253166],[140.405141,35.252871],[140.404943,35.252697],[140.40375,35.253299],[140.4028,35.253715],[140.401851,35.255012],[140.400961,35.254591],[140.401895,35.25336],[140.402407,35.253606],[140.402473,35.253526],[140.402287,35.253432],[140.402626,35.25282],[140.402705,35.252862],[140.404065,35.25224],[140.4044,35.252667],[140.404712,35.252505],[140.404674,35.25239],[140.405391,35.252048],[140.40561,35.252348],[140.405863,35.252225],[140.405682,35.251875],[140.406321,35.251554],[140.406411,35.251269],[140.406518,35.251104],[140.407038,35.250627],[140.407153,35.250421],[140.407021,35.250094],[140.406947,35.249638],[140.406728,35.249508],[140.406556,35.249495],[140.406153,35.249701],[140.406056,35.249824],[140.405926,35.249841],[140.404788,35.249744],[140.404515,35.249503],[140.404528,35.249202],[140.40497,35.248601],[140.405077,35.248357],[140.404867,35.247656],[140.404756,35.247678],[140.404616,35.247219],[140.404275,35.246971],[140.404372,35.246728],[140.404359,35.246611],[140.403965,35.246253],[140.404305,35.245543],[140.404048,35.244636],[140.404112,35.244334],[140.404404,35.24383],[140.404823,35.243612],[140.405028,35.243366],[140.405651,35.241467],[140.405546,35.241436],[140.405368,35.241922],[140.40532,35.241464],[140.405386,35.241153],[140.405537,35.240851],[140.405629,35.240479],[140.405922,35.240305],[140.406087,35.240102],[140.406055,35.239757],[140.406104,35.239525],[140.406004,35.239411],[140.405735,35.239331],[140.405279,35.238904],[140.405157,35.238351],[140.405046,35.237046],[140.404895,35.236877],[140.404583,35.236702],[140.404484,35.236412],[140.404723,35.236647],[140.404805,35.236596],[140.402828,35.234662],[140.402672,35.234407],[140.402651,35.234025],[140.4021,35.233366],[140.401998,35.233264],[140.401883,35.233229],[140.401275,35.233143],[140.401249,35.233197],[140.401059,35.233098],[140.40087,35.232851],[140.400811,35.232579],[140.400565,35.232042],[140.400333,35.23184],[140.400096,35.231792],[140.400086,35.231878],[140.399994,35.231778],[140.399975,35.231471],[140.400067,35.231526],[140.400121,35.231457],[140.400152,35.231169],[140.400002,35.230714],[140.399796,35.230369],[140.399563,35.230127],[140.39951,35.229954],[140.399528,35.229803],[140.399841,35.229315],[140.399973,35.229224],[140.400237,35.228876],[140.400461,35.228739],[140.400679,35.228298],[140.400679,35.227944],[140.40059,35.227522],[140.400027,35.22606],[140.399651,35.22533],[140.399176,35.224703],[140.398431,35.224014],[140.398277,35.223902],[140.398037,35.223845],[140.397773,35.223607],[140.397807,35.223583],[140.397707,35.223458],[140.397303,35.222587],[140.397233,35.22237],[140.397245,35.222202],[140.397624,35.221288],[140.397638,35.220871],[140.397789,35.220658],[140.397811,35.220505],[140.397784,35.220414],[140.397073,35.220006],[140.396726,35.219509],[140.396246,35.218478],[140.396173,35.218498],[140.396081,35.218311],[140.395718,35.217434],[140.395304,35.214965],[140.395417,35.214284],[140.395384,35.214143],[140.395213,35.213935],[140.394903,35.213813],[140.394942,35.213727],[140.395134,35.213634],[140.395295,35.213465],[140.395331,35.213257],[140.39499,35.212835],[140.394011,35.212041],[140.393767,35.211726],[140.392937,35.211322],[140.392583,35.21108],[140.392214,35.211016],[140.3921,35.210921],[140.392134,35.210678],[140.392108,35.210293],[140.393164,35.210234],[140.393165,35.209882],[140.393071,35.209681],[140.392634,35.209694],[140.392623,35.209243],[140.392178,35.20926],[140.392134,35.208691],[140.392543,35.20818],[140.392663,35.20812],[140.392798,35.208303],[140.393185,35.20811],[140.393255,35.207615],[140.392868,35.207505],[140.392693,35.207584],[140.392242,35.206826],[140.392201,35.206555],[140.39229,35.2058],[140.392544,35.205434],[140.392797,35.205361],[140.393239,35.203394],[140.393329,35.203203],[140.393491,35.203069],[140.393438,35.20302],[140.39346,35.202945],[140.393496,35.202894],[140.393602,35.202887],[140.393675,35.202951],[140.393818,35.202938],[140.393869,35.203005],[140.39411,35.203011],[140.39418,35.202966],[140.394205,35.202814],[140.393743,35.202607],[140.393859,35.202439],[140.393743,35.20231],[140.393668,35.202043],[140.393391,35.201887],[140.393088,35.201806],[140.393079,35.201737],[140.393148,35.201629],[140.393121,35.201522],[140.393001,35.201446],[140.392739,35.201066],[140.392473,35.200969],[140.392448,35.200837],[140.392285,35.200706],[140.392057,35.200638],[140.391973,35.200531],[140.391776,35.200551],[140.391693,35.200454],[140.391554,35.200438],[140.391355,35.200548],[140.391412,35.200646],[140.391329,35.200734],[140.391054,35.200637],[140.390751,35.20044],[140.390412,35.200042],[140.389615,35.199651],[140.389371,35.199481],[140.389027,35.199123],[140.388844,35.198702],[140.38844,35.197363],[140.388004,35.197144],[140.387753,35.196834],[140.387526,35.196394],[140.38688,35.196035],[140.386311,35.195403],[140.385947,35.194705],[140.385455,35.193436],[140.384914,35.19234],[140.384739,35.191628],[140.384747,35.191297],[140.384946,35.190323],[140.384953,35.189959],[140.384754,35.189078],[140.384558,35.188717],[140.384461,35.188422],[140.384431,35.188035],[140.384558,35.187838],[140.384569,35.187724],[140.384483,35.18752],[140.384383,35.187411],[140.384321,35.18714],[140.384251,35.187101],[140.384042,35.187163],[140.384024,35.187313],[140.383968,35.187353],[140.383707,35.187321],[140.383331,35.187363],[140.383284,35.1875],[140.383007,35.187706],[140.382798,35.187642],[140.382458,35.187316],[140.382171,35.186886],[140.381899,35.186604],[140.38178,35.186253],[140.381742,35.185882],[140.381673,35.185772],[140.381204,35.185514],[140.381149,35.184993],[140.381046,35.184747],[140.380789,35.184683],[140.380407,35.184739],[140.380121,35.184602],[140.379735,35.184592],[140.378642,35.183943],[140.37784,35.182976],[140.37747,35.182367],[140.37739,35.181898],[140.37741,35.181442],[140.377268,35.181161],[140.377353,35.181043],[140.377379,35.180887],[140.37729,35.180762],[140.376549,35.180466],[140.37609,35.180172],[140.375524,35.180102],[140.375244,35.179999],[140.374998,35.179812],[140.374495,35.179607],[140.374213,35.179396],[140.374242,35.179312],[140.374179,35.179222],[140.373874,35.179095],[140.373753,35.179088],[140.373684,35.179156],[140.373694,35.179323],[140.373416,35.179372],[140.371485,35.178842],[140.371299,35.178856],[140.370587,35.179166],[140.370289,35.17918],[140.369617,35.179087],[140.368444,35.178675],[140.368141,35.178634],[140.367839,35.17867],[140.367772,35.178855],[140.367427,35.179115],[140.366782,35.179424],[140.366351,35.179567],[140.366416,35.179698],[140.365813,35.179912],[140.365882,35.180036],[140.364774,35.180476],[140.364818,35.180559],[140.364444,35.180853],[140.363869,35.181104],[140.363255,35.181278],[140.360923,35.181658],[140.360265,35.181812],[140.35916,35.182197],[140.358585,35.182538],[140.357776,35.18253],[140.357618,35.18248],[140.356839,35.182432],[140.355365,35.182265],[140.352722,35.181876],[140.351701,35.181622],[140.350899,35.181354],[140.350599,35.181209],[140.350021,35.18065],[140.348835,35.179768],[140.348897,35.179732],[140.348537,35.179279],[140.348802,35.179164],[140.348704,35.179002],[140.348442,35.179094],[140.347784,35.177874],[140.348262,35.177619],[140.347715,35.177355],[140.347867,35.177294],[140.347974,35.17716],[140.348036,35.176571],[140.347919,35.176411],[140.347764,35.17635],[140.347277,35.176294],[140.346864,35.176127],[140.346556,35.175558],[140.346645,35.175479],[140.346633,35.175302],[140.346352,35.175263],[140.346317,35.175069],[140.346247,35.175023],[140.346382,35.174828],[140.346335,35.174778],[140.345835,35.17469],[140.345755,35.174561],[140.345672,35.17407],[140.345444,35.173754],[140.345466,35.173491],[140.345344,35.173397],[140.345119,35.172997],[140.344977,35.172836],[140.344266,35.172396],[140.343011,35.17142],[140.342395,35.171086],[140.341724,35.170824],[140.340537,35.170576],[140.340029,35.170378],[140.339215,35.169902],[140.338423,35.169231],[140.337529,35.168291],[140.337014,35.167916],[140.335025,35.166678],[140.334778,35.166407],[140.334195,35.165579],[140.333946,35.165074],[140.33342,35.16448],[140.333043,35.163792],[140.332892,35.163414],[140.332776,35.163279],[140.332447,35.16249],[140.33222,35.162126],[140.332139,35.161741],[140.332145,35.160974],[140.332326,35.159921],[140.332274,35.159395],[140.332377,35.158892],[140.332735,35.158122],[140.33281,35.157741],[140.332765,35.157496],[140.332705,35.157459],[140.332357,35.156613],[140.3327,35.156409],[140.332495,35.156171],[140.332087,35.156382],[140.331179,35.155494],[140.330437,35.155856],[140.330336,35.155751],[140.33013,35.155501],[140.330213,35.155287],[140.330769,35.15498],[140.330602,35.154776],[140.330476,35.154837],[140.329879,35.154152],[140.329604,35.154348],[140.329556,35.154339],[140.328822,35.153762],[140.328867,35.153721],[140.329624,35.153344],[140.33144,35.154764],[140.331497,35.154724],[140.33185,35.154904],[140.331898,35.154859],[140.331411,35.154611],[140.330671,35.154053],[140.329402,35.151967],[140.329005,35.152125],[140.328751,35.152052],[140.328307,35.15147],[140.328099,35.151473],[140.32795,35.151589],[140.327336,35.151197],[140.32716,35.149899],[140.326917,35.149794],[140.326817,35.149522],[140.326808,35.147777],[140.326961,35.14756],[140.326584,35.147312],[140.326502,35.147171],[140.326437,35.146362],[140.326254,35.145746],[140.326222,35.14516],[140.326694,35.145221],[140.3267,35.145097],[140.326515,35.145041],[140.326452,35.144201],[140.326057,35.142936],[140.326964,35.142752],[140.326721,35.141839],[140.326255,35.141935],[140.32616,35.141802],[140.325656,35.141472],[140.325597,35.141343],[140.325654,35.141176],[140.325748,35.141135],[140.326463,35.141336],[140.326598,35.141326],[140.326646,35.141253],[140.326602,35.140972],[140.326452,35.140683],[140.326235,35.140419],[140.326063,35.140351],[140.326104,35.140196],[140.326237,35.140091],[140.326287,35.140121],[140.326599,35.140026],[140.326675,35.139865],[140.326598,35.139697],[140.32624,35.139425],[140.325851,35.13928],[140.325685,35.139269],[140.324912,35.139647],[140.324352,35.139647],[140.324262,35.139723],[140.324085,35.139736],[140.323653,35.13964],[140.323393,35.139478],[140.323233,35.139299],[140.323277,35.139199],[140.323058,35.138992],[140.322971,35.138995],[140.322761,35.139129],[140.322125,35.139695],[140.321809,35.139693],[140.321525,35.139546],[140.321503,35.139477],[140.32151,35.139387],[140.321646,35.139163],[140.321623,35.139092],[140.321508,35.13901],[140.32101,35.138906],[140.320978,35.138768],[140.321052,35.138523],[140.320974,35.138412],[140.32075,35.13832],[140.320317,35.138344],[140.320145,35.138305],[140.319616,35.137715],[140.319294,35.137477],[140.318992,35.137365],[140.318653,35.137382],[140.317749,35.137781],[140.317126,35.138127],[140.316079,35.138462],[140.315613,35.138487],[140.315057,35.138367],[140.31479,35.138237],[140.314286,35.137853],[140.314125,35.137674],[140.31392,35.13727],[140.313779,35.137124],[140.313111,35.136711],[140.312712,35.136406],[140.312259,35.135756],[140.311885,35.135376],[140.31168,35.135096],[140.311683,35.134667],[140.31156,35.134529],[140.311325,35.134509],[140.311178,35.134566],[140.310936,35.134895],[140.310593,35.135171],[140.310437,35.135503],[140.310387,35.135763],[140.310461,35.135964],[140.310559,35.136073],[140.310956,35.136325],[140.310984,35.136406],[140.310901,35.136801],[140.310908,35.137014],[140.311297,35.137434],[140.31132,35.137527],[140.311208,35.137954],[140.311596,35.138311],[140.312285,35.138441],[140.312527,35.13866],[140.312438,35.139789],[140.311582,35.140085],[140.31213,35.141197],[140.312692,35.141656],[140.312727,35.142034],[140.312552,35.142358],[140.312552,35.142484],[140.312631,35.142568],[140.311806,35.143507],[140.310164,35.143404],[140.310166,35.143506],[140.311837,35.143616],[140.312594,35.14278],[140.31335,35.143586],[140.312719,35.143992],[140.312479,35.147274],[140.311389,35.148162],[140.311341,35.148269],[140.309908,35.148241],[140.309812,35.148577],[140.309873,35.148737],[140.310229,35.149204],[140.309493,35.149385],[140.30914,35.149532],[140.308674,35.149987],[140.308263,35.150182],[140.307906,35.150252],[140.307369,35.150252],[140.307007,35.150304],[140.30604,35.150749],[140.304257,35.151121],[140.303779,35.151139],[140.302946,35.151075],[140.302254,35.151104],[140.301165,35.151241],[140.300261,35.151045],[140.299856,35.150864],[140.299575,35.150886],[140.299009,35.151043],[140.298453,35.151053],[140.298081,35.150978],[140.297623,35.150809],[140.297102,35.150412],[140.295988,35.148877],[140.295974,35.148688],[140.29607,35.14837],[140.296213,35.148292],[140.29628,35.1481],[140.296356,35.148086],[140.296395,35.147984],[140.296292,35.147851],[140.296108,35.147824],[140.295994,35.147709],[140.295714,35.147626],[140.295692,35.147469],[140.295852,35.147424],[140.295866,35.147282],[140.295398,35.14674],[140.295453,35.146605],[140.295386,35.146509],[140.295363,35.146308],[140.295349,35.146159],[140.295414,35.146067],[140.295382,35.145972],[140.295265,35.145944],[140.295231,35.145872],[140.29507,35.145824],[140.294942,35.145718],[140.294665,35.145749],[140.294267,35.145878],[140.293942,35.145926],[140.293666,35.146186],[140.293074,35.146375],[140.292791,35.146174],[140.292817,35.146034],[140.292729,35.146019],[140.292726,35.145961],[140.292539,35.145817],[140.292333,35.14578],[140.292201,35.145846],[140.2911,35.145391],[140.291096,35.145267],[140.290972,35.145218],[140.290782,35.145],[140.290351,35.145078],[140.290226,35.145023],[140.29014,35.144885],[140.290135,35.144743],[140.29021,35.144576],[140.290559,35.14446],[140.289877,35.14287],[140.290045,35.142903],[140.290879,35.142525],[140.290519,35.142297],[140.290789,35.141471],[140.291256,35.141344],[140.291308,35.141071],[140.291248,35.14087],[140.291154,35.140742],[140.291024,35.140666],[140.29069,35.140624],[140.290221,35.140727],[140.290159,35.140618],[140.290296,35.140488],[140.290295,35.140394],[140.28979,35.140069],[140.289945,35.139767],[140.290816,35.140016],[140.290952,35.139964],[140.290955,35.139826],[140.290289,35.139183],[140.290236,35.138833],[140.290278,35.138612],[140.29044,35.138518],[140.290447,35.138317],[140.29102,35.138205],[140.291899,35.138433],[140.292354,35.138469],[140.292696,35.138406],[140.292818,35.13844],[140.29295,35.13837],[140.293124,35.138369],[140.293223,35.138233],[140.2932,35.138156],[140.292895,35.138053],[140.292701,35.138092],[140.292537,35.138015],[140.292442,35.137966],[140.292349,35.137697],[140.292269,35.137655],[140.291877,35.137666],[140.291654,35.137391],[140.291393,35.137363],[140.291085,35.137413],[140.290976,35.137301],[140.290722,35.136839],[140.290523,35.136669],[140.290125,35.136548],[140.289563,35.136624],[140.289035,35.136974],[140.288045,35.137446],[140.287854,35.137491],[140.287765,35.137491],[140.287752,35.137297],[140.287067,35.13721],[140.286629,35.136777],[140.286634,35.136622],[140.286902,35.136506],[140.28701,35.136303],[140.287074,35.135689],[140.286984,35.135345],[140.286806,35.135041],[140.286635,35.134561],[140.286457,35.134319],[140.286011,35.134105],[140.285627,35.134144],[140.285442,35.134308],[140.284915,35.135127],[140.2847,35.13525],[140.284561,35.135242],[140.284365,35.135069],[140.284091,35.134105],[140.283926,35.133772],[140.283611,35.133564],[140.283487,35.133564],[140.283316,35.133671],[140.283199,35.134043],[140.28311,35.134105],[140.283007,35.134077],[140.282867,35.133939],[140.282659,35.133629],[140.282481,35.133626],[140.282459,35.133744],[140.28233,35.133824],[140.282308,35.134153],[140.28197,35.134355],[140.281905,35.134324],[140.281905,35.134107],[140.282129,35.13362],[140.282126,35.133403],[140.281978,35.133155],[140.281811,35.133035],[140.281635,35.133028],[140.281499,35.13322],[140.281341,35.133333],[140.280824,35.133277],[140.280627,35.133469],[140.280579,35.133685],[140.28086,35.13449],[140.280045,35.134477],[140.280168,35.133451],[140.280086,35.133259],[140.28001,35.133197],[140.279729,35.133152],[140.27953,35.133237],[140.279428,35.133355],[140.279307,35.133318],[140.279279,35.133949],[140.27919,35.134014],[140.279169,35.134356],[140.27926,35.134377],[140.279236,35.134589],[140.278672,35.134585],[140.278653,35.134082],[140.278778,35.133232],[140.278766,35.133033],[140.278674,35.132971],[140.278577,35.132972],[140.278246,35.133214],[140.278201,35.1332],[140.278195,35.133117],[140.278464,35.13268],[140.278845,35.132567],[140.279037,35.132054],[140.278997,35.131938],[140.278887,35.131837],[140.278412,35.131485],[140.27835,35.1314],[140.278335,35.131178],[140.278217,35.131052],[140.277942,35.131022],[140.277837,35.131084],[140.277714,35.131197],[140.277567,35.131462],[140.277485,35.13151],[140.277384,35.131433],[140.277169,35.131008],[140.276919,35.130837],[140.27652,35.130936],[140.276322,35.131043],[140.276305,35.131134],[140.276174,35.131193],[140.275838,35.130981],[140.275604,35.130996],[140.275521,35.130892],[140.275525,35.130742],[140.275396,35.130566],[140.275074,35.130477],[140.274899,35.130511],[140.274808,35.130614],[140.274714,35.130616],[140.274434,35.130786],[140.274383,35.13092],[140.274246,35.130947],[140.274023,35.131231],[140.273875,35.131303],[140.273867,35.131486],[140.273969,35.131696],[140.273948,35.131821],[140.274072,35.131927],[140.274108,35.13206],[140.274292,35.132089],[140.274344,35.13208],[140.274413,35.131967],[140.274575,35.131983],[140.274588,35.132075],[140.274728,35.132152],[140.274728,35.132242],[140.274798,35.132321],[140.274889,35.132326],[140.275298,35.132889],[140.275994,35.13332],[140.276101,35.133519],[140.276666,35.134211],[140.276734,35.134364],[140.276782,35.134558],[140.276731,35.135002],[140.276527,35.135503],[140.276287,35.135841],[140.276139,35.135962],[140.275779,35.136128],[140.274606,35.1369],[140.273992,35.137219],[140.273368,35.137476],[140.272511,35.137687],[140.271499,35.137593],[140.271418,35.137194],[140.271185,35.137047],[140.271014,35.137092],[140.270938,35.137199],[140.270691,35.137771],[140.270492,35.137267],[140.270342,35.137087],[140.270239,35.137036],[140.269889,35.136968],[140.269829,35.137031],[140.269786,35.137211],[140.269697,35.137239],[140.269525,35.137081],[140.269304,35.136984],[140.268922,35.137047],[140.268723,35.136985],[140.268655,35.136734],[140.268662,35.136557],[140.268908,35.136117],[140.268904,35.135771],[140.268984,35.135413],[140.268566,35.134562],[140.268435,35.134422],[140.268496,35.134285],[140.268652,35.134314],[140.268734,35.134268],[140.268774,35.134157],[140.268747,35.134083],[140.268634,35.134062],[140.268612,35.134004],[140.268421,35.134024],[140.268239,35.133934],[140.268264,35.133881],[140.268437,35.133882],[140.26844,35.133814],[140.268344,35.133697],[140.268101,35.133713],[140.26796,35.133819],[140.267884,35.133699],[140.267771,35.133693],[140.267623,35.133749],[140.267556,35.133918],[140.267444,35.133927],[140.267318,35.133876],[140.267325,35.13375],[140.267151,35.133681],[140.266903,35.133884],[140.266903,35.134067],[140.267119,35.134101],[140.267174,35.134156],[140.26739,35.134139],[140.267492,35.134223],[140.267589,35.134226],[140.267685,35.134346],[140.267642,35.134396],[140.267657,35.134549],[140.267584,35.134625],[140.267616,35.134696],[140.267499,35.134739],[140.267529,35.134829],[140.267672,35.134921],[140.268072,35.134914],[140.268148,35.135061],[140.268106,35.135341],[140.267891,35.135596],[140.267469,35.135925],[140.267338,35.135999],[140.267105,35.136037],[140.266977,35.136166],[140.266643,35.136087],[140.266356,35.135872],[140.266334,35.13548],[140.26643,35.135411],[140.266322,35.135288],[140.266408,35.135121],[140.266383,35.134996],[140.266268,35.1349],[140.26628,35.134809],[140.266214,35.134712],[140.266239,35.134614],[140.266075,35.134502],[140.266098,35.134407],[140.265927,35.134288],[140.265754,35.134271],[140.265742,35.134212],[140.265666,35.13418],[140.265392,35.134172],[140.265244,35.134242],[140.26523,35.134121],[140.265133,35.134075],[140.265013,35.134149],[140.264962,35.134267],[140.264832,35.134175],[140.264835,35.134002],[140.264638,35.133892],[140.264636,35.133835],[140.264537,35.133759],[140.264293,35.133767],[140.264219,35.133846],[140.2641,35.13385],[140.264028,35.133985],[140.263969,35.133984],[140.263926,35.13405],[140.263979,35.134124],[140.263925,35.134209],[140.263928,35.134387],[140.263982,35.134446],[140.263956,35.134574],[140.26403,35.134665],[140.264004,35.134736],[140.264075,35.134803],[140.264032,35.13487],[140.263932,35.134882],[140.263787,35.134778],[140.26315,35.133992],[140.262769,35.133843],[140.262547,35.133833],[140.262337,35.133908],[140.262261,35.133987],[140.262242,35.134087],[140.262241,35.134279],[140.262324,35.134545],[140.262239,35.134579],[140.262122,35.134721],[140.262142,35.134812],[140.262067,35.134907],[140.262103,35.134989],[140.262267,35.135026],[140.262263,35.13515],[140.26232,35.135208],[140.2626,35.135051],[140.262501,35.13538],[140.262669,35.135612],[140.26282,35.135554],[140.262862,35.135591],[140.262997,35.135572],[140.263047,35.135517],[140.263247,35.135538],[140.263319,35.135595],[140.263436,35.135847],[140.263416,35.136118],[140.263093,35.136692],[140.262757,35.137064],[140.262003,35.137565],[140.261276,35.137966],[140.260977,35.138062],[140.259939,35.138045],[140.258807,35.137876],[140.257781,35.137663],[140.257231,35.137391],[140.257047,35.137176],[140.257052,35.137068],[140.257137,35.136985],[140.256779,35.136743],[140.256706,35.13679],[140.25646,35.136577],[140.256747,35.136423],[140.256614,35.136276],[140.256672,35.136164],[140.256617,35.136105],[140.256698,35.136076],[140.256771,35.135941],[140.256922,35.135932],[140.256994,35.135842],[140.257119,35.135876],[140.257209,35.13583],[140.257275,35.135872],[140.257403,35.135794],[140.25756,35.135775],[140.257551,35.135634],[140.257602,35.135552],[140.257559,35.135439],[140.257601,35.135343],[140.257517,35.135262],[140.25755,35.13514],[140.257448,35.135087],[140.25721,35.135144],[140.257111,35.135041],[140.257011,35.135034],[140.257024,35.134966],[140.257173,35.134977],[140.257319,35.134842],[140.257244,35.134748],[140.257242,35.134647],[140.257082,35.134605],[140.257065,35.134511],[140.256958,35.134459],[140.256966,35.134347],[140.256921,35.134316],[140.256541,35.134256],[140.25637,35.134301],[140.255955,35.134585],[140.255714,35.134604],[140.255429,35.134558],[140.255184,35.134774],[140.254967,35.134805],[140.254302,35.134619],[140.254076,35.134602],[140.253624,35.134051],[140.253251,35.133816],[140.25292,35.133717],[140.252504,35.133929],[140.252386,35.133844],[140.252281,35.133951],[140.252553,35.134115],[140.252157,35.135277],[140.25165,35.1353],[140.25156,35.134827],[140.25057,35.134995],[140.249975,35.134968],[140.248576,35.134405],[140.248091,35.134081],[140.247547,35.13335],[140.247317,35.133251],[140.247589,35.132731],[140.247559,35.13163],[140.247671,35.130983],[140.247211,35.130933],[140.24724,35.130704],[140.247314,35.130421],[140.247549,35.130003],[140.247865,35.130167],[140.247932,35.13002],[140.248414,35.129515],[140.249281,35.129391],[140.249261,35.129231],[140.249465,35.128958],[140.249424,35.128628],[140.249365,35.128508],[140.248562,35.128115],[140.247755,35.128003],[140.247345,35.127847],[140.24678,35.12747],[140.246533,35.127162],[140.24622,35.126189],[140.245929,35.125753],[140.245902,35.125472],[140.245814,35.125318],[140.245459,35.124974],[140.245286,35.124873],[140.245091,35.124865],[140.244551,35.125133],[140.244375,35.125152],[140.244195,35.125111],[140.244105,35.12488],[140.243934,35.124874],[140.243859,35.124699],[140.243742,35.124626],[140.243619,35.124654],[140.243564,35.124598],[140.243385,35.124581],[140.243358,35.124513],[140.243255,35.124457],[140.243125,35.124491],[140.243084,35.124435],[140.24284,35.124402],[140.242734,35.124507],[140.242775,35.124716],[140.242638,35.124784],[140.242627,35.124914],[140.242515,35.125026],[140.242323,35.125037],[140.242282,35.125252],[140.24209,35.125252],[140.241884,35.125376],[140.241706,35.125241],[140.241493,35.125269],[140.241191,35.125111],[140.24104,35.125139],[140.240519,35.125032],[140.24041,35.124942],[140.240135,35.124981],[140.240012,35.12475],[140.239861,35.124733],[140.239861,35.124626],[140.239765,35.124508],[140.239649,35.124485],[140.239649,35.124384],[140.239477,35.124215],[140.239512,35.124074],[140.239436,35.123888],[140.239354,35.123854],[140.239319,35.123567],[140.239182,35.12351],[140.239114,35.12329],[140.239155,35.123166],[140.239052,35.123031],[140.23888,35.122952],[140.23873,35.122969],[140.238682,35.122845],[140.238421,35.122783],[140.238407,35.122716],[140.238167,35.122659],[140.238119,35.122687],[140.2379,35.12258],[140.237797,35.122609],[140.237763,35.122535],[140.237523,35.122552],[140.237489,35.12249],[140.237214,35.122417],[140.237077,35.122304],[140.236774,35.122332],[140.23683,35.121938],[140.235726,35.121854],[140.235706,35.121966],[140.234958,35.121909],[140.234924,35.121972],[140.234485,35.121819],[140.234487,35.121028],[140.234592,35.120363],[140.234619,35.120211],[140.234753,35.120123],[140.234796,35.119962],[140.235222,35.119755],[140.235932,35.119091],[140.236254,35.118883],[140.236481,35.118827],[140.236947,35.118821],[140.237283,35.118714],[140.237619,35.118438],[140.237646,35.118191],[140.237554,35.118066],[140.237471,35.118036],[140.237043,35.117462],[140.236858,35.117119],[140.236817,35.116882],[140.236632,35.116634],[140.236371,35.116544],[140.235054,35.116476],[140.234897,35.116397],[140.234801,35.116437],[140.234563,35.116322],[140.23443,35.116347],[140.234122,35.116093],[140.234012,35.116087],[140.234012,35.115986],[140.233896,35.115907],[140.233813,35.11593],[140.233793,35.115828],[140.233368,35.115625],[140.233347,35.115546],[140.23297,35.115281],[140.23275,35.115011],[140.232462,35.114842],[140.23227,35.114881],[140.2321,35.11481],[140.231976,35.114893],[140.231744,35.114871],[140.231674,35.114983],[140.231448,35.114972],[140.231372,35.115022],[140.231132,35.114989],[140.230982,35.115073],[140.230892,35.115039],[140.230762,35.11509],[140.230666,35.115062],[140.230495,35.115163],[140.230289,35.115152],[140.230179,35.115242],[140.229658,35.115326],[140.22963,35.115411],[140.229555,35.115377],[140.229445,35.115422],[140.229418,35.11549],[140.229363,35.115434],[140.229247,35.115445],[140.229082,35.11558],[140.228897,35.115518],[140.22876,35.115557],[140.228664,35.115665],[140.228417,35.115608],[140.228287,35.11567],[140.228259,35.115738],[140.228198,35.115704],[140.227999,35.115749],[140.227937,35.115822],[140.227649,35.115772],[140.227574,35.115851],[140.227498,35.115772],[140.227279,35.115738],[140.227094,35.115716],[140.227011,35.115772],[140.226805,35.115653],[140.226614,35.115699],[140.22649,35.115535],[140.226161,35.115349],[140.226127,35.115248],[140.226051,35.115197],[140.225928,35.115208],[140.225681,35.115051],[140.2254,35.115107],[140.225193,35.115089],[140.2242,35.115941],[140.223878,35.116065],[140.223624,35.116048],[140.223507,35.116121],[140.223397,35.116087],[140.223164,35.1162],[140.22263,35.11633],[140.221128,35.116448],[140.221121,35.116533],[140.219997,35.116555],[140.219572,35.116448],[140.218419,35.115806],[140.217693,35.115451],[140.217151,35.115254],[140.215176,35.114848],[140.213976,35.114402],[140.213263,35.114273],[140.212609,35.114244],[140.211905,35.114554],[140.211692,35.114444],[140.211536,35.114439],[140.211253,35.114325],[140.21112,35.114187],[140.210907,35.114131],[140.210809,35.114055],[140.210405,35.113984],[140.20984,35.114031],[140.209416,35.114012],[140.208804,35.11415],[140.208204,35.114131],[140.208095,35.114169],[140.20787,35.114117],[140.207812,35.114022],[140.20735,35.113856],[140.207313,35.113784],[140.207065,35.113675],[140.206587,35.113182],[140.206164,35.112929],[140.205957,35.112636],[140.205755,35.112522],[140.205651,35.112522],[140.205574,35.112359],[140.205378,35.112279],[140.205257,35.112084],[140.205119,35.112032],[140.204986,35.111847],[140.204905,35.111824],[140.204759,35.111637],[140.204637,35.111589],[140.204609,35.111495],[140.204412,35.111367],[140.204239,35.111144],[140.204228,35.111035],[140.203997,35.11067],[140.203633,35.110441],[140.203592,35.110299],[140.203204,35.110012],[140.203416,35.109784],[140.203421,35.109693],[140.203269,35.10956],[140.203056,35.109545],[140.201665,35.109942],[140.201325,35.109729],[140.200975,35.109696],[140.200666,35.109774],[140.200378,35.10996],[140.200249,35.110123],[140.200267,35.110491],[140.200401,35.110881],[140.20046,35.111262],[140.200468,35.111711],[140.200391,35.112132],[140.200213,35.11261],[140.200094,35.112791],[140.199874,35.113075],[140.19966,35.113238],[140.199454,35.113344],[140.199011,35.113406],[140.198863,35.113484],[140.197691,35.114757],[140.196289,35.115673],[140.195909,35.116169],[140.195853,35.116927],[140.195922,35.11783],[140.194545,35.118961],[140.195154,35.119824],[140.195257,35.119757],[140.194749,35.119018],[140.19573,35.118229],[140.196292,35.118554],[140.196367,35.118506],[140.19695,35.118844],[140.196971,35.119289],[140.196612,35.119185],[140.196481,35.119467],[140.196839,35.119566],[140.19694,35.120142],[140.196718,35.120167],[140.196754,35.120417],[140.197012,35.120399],[140.197046,35.120562],[140.196751,35.120602],[140.196751,35.120867],[140.195192,35.120968],[140.195184,35.121255],[140.195478,35.121257],[140.195421,35.121493],[140.196477,35.121836],[140.197327,35.121724],[140.198095,35.12227],[140.198034,35.122682],[140.1978,35.122778],[140.197581,35.123003],[140.197101,35.123184],[140.196518,35.123172],[140.195707,35.123026],[140.19564,35.122929],[140.195505,35.122953],[140.195442,35.12284],[140.194714,35.123163],[140.194242,35.124102],[140.193878,35.124136],[140.193604,35.124683],[140.193638,35.124914],[140.193892,35.125004],[140.194111,35.124908],[140.194389,35.12439],[140.194429,35.124434],[140.19437,35.124661],[140.194392,35.12488],[140.194292,35.124952],[140.194017,35.125624],[140.194104,35.125647],[140.194077,35.125742],[140.193747,35.126191],[140.193336,35.126481],[140.192205,35.126977],[140.191848,35.127078],[140.191019,35.127174],[140.190565,35.127157],[140.189794,35.126963],[140.189386,35.126802],[140.189221,35.126819],[140.189158,35.126622],[140.188912,35.126511],[140.188817,35.126324],[140.188183,35.126105],[140.187247,35.126127],[140.186492,35.125719],[140.185961,35.125263],[140.187116,35.124846],[140.18689,35.124204],[140.185656,35.124547],[140.185217,35.123465],[140.185443,35.123397],[140.185113,35.122682],[140.185086,35.122642],[140.184634,35.122783],[140.184839,35.121419],[140.184689,35.121087],[140.184784,35.121053],[140.184682,35.120861],[140.184593,35.120856],[140.184298,35.120404],[140.184462,35.120438],[140.184593,35.120399],[140.184641,35.120331],[140.184634,35.120202],[140.184791,35.120151],[140.18486,35.120016],[140.184798,35.119892],[140.184846,35.119734],[140.184791,35.119649],[140.184695,35.119632],[140.184627,35.11952],[140.184449,35.119452],[140.184229,35.119492],[140.184167,35.119661],[140.183948,35.119677],[140.183708,35.119559],[140.183551,35.119334],[140.183551,35.118872],[140.183453,35.118652],[140.183199,35.118444],[140.183159,35.118331],[140.182652,35.118229],[140.182597,35.118263],[140.182549,35.118178],[140.182282,35.118235],[140.182275,35.118297],[140.182117,35.118331],[140.182021,35.118443],[140.181788,35.118522],[140.181747,35.118607],[140.181558,35.118569],[140.181418,35.118624],[140.181315,35.118855],[140.181342,35.118967],[140.181099,35.119082],[140.181116,35.119159],[140.181006,35.119159],[140.18089,35.119277],[140.180869,35.119407],[140.180821,35.119407],[140.180739,35.119593],[140.180828,35.119689],[140.180643,35.119773],[140.180506,35.119599],[140.180554,35.119554],[140.180444,35.119379],[140.180286,35.119379],[140.18004,35.119244],[140.179951,35.119266],[140.17992,35.119177],[140.179704,35.119097],[140.17956,35.119142],[140.179457,35.119052],[140.179251,35.119057],[140.17921,35.118962],[140.178853,35.118951],[140.178785,35.119069],[140.178833,35.119187],[140.178785,35.119272],[140.178805,35.11939],[140.178723,35.119469],[140.178778,35.119672],[140.178665,35.119795],[140.178675,35.119858],[140.178545,35.119976],[140.178531,35.120091],[140.178427,35.120105],[140.17838,35.120275],[140.178461,35.120346],[140.178387,35.12041],[140.178458,35.120541],[140.178389,35.120567],[140.178414,35.120788],[140.17828,35.120965],[140.178311,35.121019],[140.178177,35.121116],[140.178147,35.121474],[140.178091,35.121509],[140.177694,35.121532],[140.17753,35.12147],[140.17739,35.121477],[140.177357,35.121751],[140.176497,35.121633],[140.176625,35.121076],[140.176422,35.121088],[140.176299,35.120792],[140.1762,35.120722],[140.175779,35.12068],[140.175673,35.12073],[140.175044,35.120742],[140.174373,35.1205],[140.173583,35.120352],[140.173186,35.120372],[140.1729,35.120446],[140.172763,35.120512],[140.172701,35.120687],[140.172644,35.120675],[140.172564,35.120523],[140.172304,35.120465],[140.172157,35.120539],[140.172077,35.120691],[140.172077,35.120753],[140.172238,35.120904],[140.171821,35.120862],[140.171641,35.120924],[140.171636,35.121123],[140.171688,35.121154],[140.171716,35.121333],[140.171626,35.121345],[140.171541,35.121127],[140.171371,35.120952],[140.171181,35.120983],[140.171153,35.121065],[140.171191,35.121224],[140.171148,35.121376],[140.171242,35.121498],[140.170906,35.121995],[140.170537,35.122375],[140.16974,35.12289],[140.169185,35.123166],[140.168039,35.123623],[140.167049,35.123729],[140.165909,35.123762],[140.165858,35.124029],[140.165384,35.123966],[140.164868,35.123772],[140.164282,35.123386],[140.163754,35.123319],[140.161349,35.123203],[140.161351,35.122944],[140.160175,35.122879],[140.160161,35.123251],[140.159932,35.123221],[140.159186,35.122797],[140.159544,35.122479],[140.159228,35.122231],[140.158838,35.12258],[140.1582,35.122152],[140.157973,35.121582],[140.158001,35.121481],[140.157925,35.121335],[140.157774,35.121346],[140.157733,35.121284],[140.157569,35.121256],[140.157445,35.121295],[140.157432,35.121233],[140.157315,35.121222],[140.157045,35.121249],[140.156986,35.121318],[140.156917,35.121289],[140.156746,35.121323],[140.156595,35.121431],[140.156438,35.121397],[140.156252,35.121464],[140.156115,35.121447],[140.155868,35.121554],[140.155718,35.121543],[140.155615,35.121605],[140.155332,35.121646],[140.154823,35.121651],[140.153893,35.121536],[140.153538,35.121366],[140.153317,35.121167],[140.152885,35.120461],[140.152796,35.120412],[140.15222,35.120501],[140.152111,35.120275],[140.152337,35.119941],[140.152296,35.119599],[140.15222,35.119571],[140.152131,35.119148],[140.152419,35.11917],[140.152584,35.118629],[140.152419,35.118596],[140.152454,35.118241],[140.151974,35.117874],[140.152008,35.117677],[140.151871,35.117485],[140.151727,35.117446],[140.15174,35.11735],[140.151555,35.117231],[140.151391,35.117244],[140.15137,35.117187],[140.151164,35.117165],[140.151075,35.117255],[140.150225,35.116878],[140.150151,35.116965],[140.149861,35.116878],[140.149539,35.116917],[140.149551,35.117058],[140.149374,35.11712],[140.14668,35.117667],[140.146721,35.117858],[140.146316,35.117943],[140.146172,35.117678],[140.145096,35.118016],[140.14513,35.118168],[140.145233,35.118213],[140.14439,35.118608],[140.144308,35.118528],[140.14345,35.119002],[140.143649,35.119375],[140.143213,35.11954],[140.143121,35.119397],[140.14236,35.1192],[140.142298,35.119335],[140.142161,35.11929],[140.141941,35.11938],[140.141777,35.119324],[140.141612,35.11947],[140.141372,35.119487],[140.141297,35.1196],[140.141153,35.11956],[140.140926,35.119651],[140.140714,35.119623],[140.140536,35.119718],[140.140289,35.119724],[140.140227,35.119803],[140.140056,35.11978],[140.139953,35.11987],[140.139768,35.119859],[140.13948,35.120034],[140.139274,35.12],[140.139089,35.120124],[140.138931,35.120079],[140.137386,35.120698],[140.136452,35.120995],[140.135704,35.121435],[140.135133,35.121612],[140.134447,35.121387],[140.133576,35.120897],[140.132581,35.120626],[140.131868,35.120361],[140.131402,35.120141],[140.130414,35.119557],[140.129436,35.119376],[140.129063,35.119255],[140.126739,35.118225],[140.124079,35.116899],[140.123509,35.116535],[140.121748,35.115788],[140.12165,35.115688],[140.118881,35.114021],[140.118093,35.113605],[140.113458,35.110474],[140.112011,35.109332],[140.111135,35.108405],[140.109961,35.107579],[140.109591,35.107263],[140.108775,35.106762],[140.108166,35.105836],[140.107979,35.105178],[140.107705,35.104924],[140.107239,35.104682],[140.106603,35.104199],[140.10638,35.103937],[140.10585,35.10302],[140.105399,35.102397],[140.105285,35.102152],[140.105189,35.101729],[140.105177,35.101089],[140.105245,35.100149],[140.105084,35.099302],[140.105107,35.098767],[140.105576,35.098877],[140.105833,35.098212],[140.106792,35.098447],[140.106923,35.098139],[140.10704,35.097625],[140.106526,35.09753],[140.105413,35.097445],[140.105616,35.096797],[140.10588,35.095592],[140.106293,35.095625],[140.106366,35.095429],[140.10595,35.09536],[140.106272,35.094678],[140.106298,35.094652],[140.106448,35.094713],[140.106898,35.094453],[140.107054,35.094289],[140.107068,35.093939],[140.107404,35.093922],[140.107475,35.09386],[140.1075,35.093714],[140.107781,35.093449],[140.107321,35.093128],[140.106855,35.093506],[140.105278,35.092285],[140.105142,35.092315],[140.105016,35.092259],[140.104933,35.092326],[140.104896,35.092308],[140.104711,35.091176],[140.106521,35.091055],[140.10811,35.09182],[140.10846,35.092919],[140.108988,35.092812],[140.108974,35.092745],[140.10855,35.091459],[140.106954,35.090741],[140.104531,35.090947],[140.103955,35.090699],[140.103064,35.09071],[140.103105,35.09106],[140.102673,35.09106],[140.102337,35.091133],[140.102252,35.091218],[140.102172,35.091228],[140.101881,35.091184],[140.101519,35.091011],[140.101164,35.090637],[140.100725,35.089945],[140.100554,35.089758],[140.100036,35.089388],[140.099958,35.089225],[140.100081,35.089042],[140.100582,35.088766],[140.101041,35.08823],[140.101672,35.087926],[140.101836,35.087267],[140.101809,35.087176],[140.101583,35.086883],[140.101,35.086675],[140.100916,35.086507],[140.100759,35.086422],[140.10056,35.086388],[140.100416,35.086265],[140.100259,35.086253],[140.100108,35.086152],[140.099978,35.086191],[140.099779,35.086073],[140.099676,35.086129],[140.099484,35.086095],[140.099176,35.086141],[140.098964,35.086056],[140.098758,35.085712],[140.09858,35.085605],[140.098197,35.08503],[140.098101,35.084534],[140.098224,35.084264],[140.098108,35.084027],[140.098086,35.083543],[140.098896,35.0829],[140.098998,35.082933],[140.0993,35.082849],[140.099368,35.082894],[140.099594,35.082843],[140.099731,35.082866],[140.099889,35.08273],[140.099903,35.082623],[140.099766,35.082443],[140.099615,35.08242],[140.099451,35.082297],[140.099341,35.082274],[140.099224,35.082173],[140.099197,35.082071],[140.099273,35.081209],[140.099423,35.080307],[140.099485,35.079997],[140.099627,35.079774],[140.099889,35.079544],[140.100033,35.079625],[140.100163,35.079529],[140.10058,35.079398],[140.102044,35.079095],[140.102265,35.078891],[140.102198,35.078678],[140.102533,35.078582],[140.102773,35.078418],[140.102725,35.078261],[140.101958,35.078216],[140.101964,35.077957],[140.102149,35.077979],[140.102232,35.077624],[140.102054,35.077514],[140.10194,35.077608],[140.101866,35.07735],[140.101712,35.077212],[140.100951,35.077055],[140.100588,35.076525],[140.100985,35.076401],[140.100848,35.076299],[140.100485,35.076277],[140.100163,35.076389],[140.099978,35.07653],[140.099903,35.076474],[140.099718,35.076508],[140.099505,35.076688],[140.099238,35.076795],[140.099116,35.076698],[140.098913,35.076652],[140.098334,35.076592],[140.098156,35.07613],[140.098252,35.076147],[140.098183,35.076023],[140.098341,35.075933],[140.098375,35.075775],[140.098499,35.075742],[140.098636,35.075538],[140.098745,35.075516],[140.098793,35.075358],[140.098937,35.075268],[140.098978,35.075178],[140.098889,35.075087],[140.099006,35.074947],[140.099266,35.074918],[140.099389,35.074811],[140.099375,35.074575],[140.099122,35.074546],[140.099088,35.07445],[140.098971,35.074422],[140.098526,35.074411],[140.097992,35.07458],[140.097567,35.074913],[140.097081,35.074986],[140.096964,35.075087],[140.096711,35.075121],[140.096533,35.075257],[140.096587,35.075369],[140.096553,35.075499],[140.096635,35.075623],[140.096783,35.075608],[140.096784,35.07582],[140.096553,35.07577],[140.09643,35.07582],[140.096258,35.075815],[140.09608,35.075961],[140.095943,35.075944],[140.095834,35.076012],[140.095546,35.076001],[140.095491,35.076035],[140.095375,35.075933],[140.095197,35.075877],[140.094813,35.075848],[140.094423,35.076012],[140.094224,35.075854],[140.094053,35.075623],[140.094238,35.075324],[140.094388,35.075251],[140.094402,35.075195],[140.094382,35.075048],[140.094203,35.074941],[140.094224,35.07489],[140.09408,35.074772],[140.093923,35.074783],[140.093772,35.074727],[140.093231,35.074834],[140.092176,35.07453],[140.092059,35.0744],[140.091806,35.074304],[140.091676,35.074304],[140.091285,35.074073],[140.091073,35.07405],[140.090977,35.073915],[140.09084,35.07387],[140.090758,35.07369],[140.090634,35.073571],[140.090148,35.073352],[140.090066,35.073227],[140.089929,35.0732],[140.089826,35.073087],[140.089847,35.07303],[140.089737,35.072901],[140.089498,35.072828],[140.089415,35.072664],[140.089306,35.072613],[140.089278,35.07245],[140.089038,35.072523],[140.088908,35.072675],[140.088511,35.072867],[140.088394,35.073013],[140.088196,35.073087],[140.087942,35.073047],[140.087812,35.073092],[140.087531,35.073335],[140.087271,35.073391],[140.087223,35.073453],[140.086915,35.073549],[140.086881,35.073617],[140.086785,35.073577],[140.086607,35.073633],[140.086524,35.073752],[140.085747,35.074396],[140.085284,35.074437],[140.084481,35.073952],[140.08429,35.073462],[140.084364,35.071958],[140.084308,35.07166],[140.084053,35.07156],[140.084098,35.070529],[140.08418,35.070115],[140.083445,35.06987],[140.082216,35.069774],[140.081968,35.069638],[140.081235,35.069439],[140.080413,35.069585],[140.080074,35.069469],[140.079468,35.06908],[140.078597,35.068267],[140.078165,35.067687],[140.078943,35.067187],[140.079462,35.067121],[140.081408,35.067273],[140.08163,35.06698],[140.08168,35.066192],[140.081655,35.065627],[140.081202,35.065316],[140.080668,35.065089],[140.080668,35.064925],[140.081005,35.064804],[140.081724,35.065029],[140.082339,35.064958],[140.08236,35.064469],[140.082702,35.064486],[140.082908,35.06444],[140.082935,35.064373],[140.082894,35.064232],[140.082784,35.064181],[140.082689,35.064035],[140.082606,35.064007],[140.082552,35.063888],[140.082449,35.063832],[140.082511,35.063736],[140.082511,35.0636],[140.082593,35.063589],[140.082833,35.063995],[140.082935,35.064063],[140.083045,35.064063],[140.083059,35.063928],[140.082908,35.063742],[140.082915,35.063606],[140.083079,35.063702],[140.083079,35.063448],[140.083161,35.063482],[140.083385,35.063183],[140.083199,35.06284],[140.082514,35.063128],[140.082063,35.062754],[140.081346,35.062875],[140.081371,35.063097],[140.081198,35.063269],[140.080975,35.063219],[140.080234,35.06229],[140.079555,35.062138],[140.079178,35.062315],[140.079005,35.062471],[140.07885,35.062996],[140.078888,35.063431],[140.079011,35.063855],[140.078795,35.064026],[140.078474,35.064031],[140.077807,35.063577],[140.077442,35.063456],[140.07617,35.063764],[140.075675,35.063759],[140.075218,35.063496],[140.07494,35.063092],[140.075002,35.06289],[140.075608,35.062516],[140.075427,35.062378],[140.075592,35.062304],[140.075612,35.062107],[140.075392,35.062097],[140.075831,35.061437],[140.075818,35.061318],[140.075544,35.061318],[140.075261,35.061392],[140.075153,35.06147],[140.075071,35.061329],[140.075057,35.061002],[140.075386,35.061002],[140.075489,35.061177],[140.075544,35.061177],[140.075633,35.061149],[140.075681,35.061019],[140.075982,35.061014],[140.076153,35.060963],[140.076441,35.060664],[140.076564,35.060642],[140.076798,35.060439],[140.076825,35.060298],[140.076599,35.060089],[140.076448,35.060038],[140.076345,35.060078],[140.07627,35.05992],[140.076311,35.059864],[140.076256,35.059672],[140.076311,35.059633],[140.076222,35.059486],[140.075729,35.059553],[140.075558,35.059638],[140.075468,35.059587],[140.075585,35.059537],[140.075797,35.059283],[140.075653,35.059086],[140.075496,35.059063],[140.075434,35.058979],[140.074969,35.059097],[140.074879,35.058996],[140.074756,35.058985],[140.074558,35.058872],[140.074434,35.058923],[140.074304,35.058894],[140.074044,35.058928],[140.073907,35.058855],[140.073626,35.058849],[140.073379,35.058945],[140.073276,35.058838],[140.073756,35.058483],[140.073975,35.05846],[140.074016,35.05841],[140.074167,35.058455],[140.074366,35.058421],[140.074496,35.058494],[140.074729,35.058477],[140.074852,35.058319],[140.074838,35.058184],[140.074989,35.057998],[140.075249,35.057942],[140.075414,35.057654],[140.075414,35.057542],[140.075345,35.057479],[140.075352,35.057344],[140.075071,35.05726],[140.075016,35.057181],[140.075044,35.057108],[140.07501,35.05704],[140.074934,35.056989],[140.074873,35.056995],[140.074701,35.057164],[140.074606,35.057333],[140.074407,35.057395],[140.074468,35.05726],[140.074441,35.05717],[140.074564,35.057091],[140.074475,35.056961],[140.074441,35.056792],[140.074263,35.056809],[140.074174,35.056769],[140.073989,35.05682],[140.073893,35.056769],[140.073961,35.056504],[140.073873,35.05629],[140.073934,35.056262],[140.073873,35.055992],[140.073674,35.055946],[140.073331,35.056194],[140.073256,35.056183],[140.073297,35.056025],[140.073133,35.055952],[140.072866,35.055963],[140.072701,35.056065],[140.072688,35.056161],[140.072448,35.056375],[140.072427,35.056538],[140.072564,35.056645],[140.072667,35.056628],[140.072804,35.056713],[140.072763,35.056871],[140.072461,35.056916],[140.072229,35.05704],[140.072188,35.057254],[140.072222,35.057338],[140.072105,35.0574],[140.072057,35.057293],[140.072078,35.057158],[140.071975,35.057012],[140.071715,35.057],[140.071345,35.057136],[140.07116,35.057125],[140.071105,35.057153],[140.071105,35.057288],[140.070968,35.057361],[140.070728,35.057344],[140.070646,35.057406],[140.070666,35.057446],[140.070454,35.057496],[140.070351,35.057603],[140.070605,35.057958],[140.070605,35.058032],[140.070475,35.058004],[140.070372,35.057852],[140.070125,35.057665],[140.069988,35.057677],[140.06992,35.057958],[140.070002,35.058071],[140.070029,35.058336],[140.069913,35.058376],[140.069858,35.058455],[140.069735,35.058421],[140.069742,35.058212],[140.069646,35.058032],[140.069708,35.057964],[140.069659,35.057818],[140.069468,35.057778],[140.069358,35.057936],[140.069276,35.057947],[140.069064,35.058122],[140.068995,35.057992],[140.069016,35.057885],[140.068968,35.057857],[140.068749,35.05784],[140.068646,35.057727],[140.068207,35.057564],[140.067707,35.057682],[140.067721,35.057462],[140.067468,35.057395],[140.067406,35.057423],[140.067433,35.057547],[140.067317,35.057671],[140.067324,35.057733],[140.067159,35.057823],[140.067008,35.057806],[140.066988,35.057953],[140.066844,35.057913],[140.066714,35.058117],[140.066693,35.05824],[140.066639,35.058178],[140.066495,35.05819],[140.066392,35.058145],[140.066337,35.058246],[140.066392,35.058359],[140.066156,35.058543],[140.066034,35.058343],[140.066049,35.05823],[140.066007,35.058184],[140.065912,35.058201],[140.065892,35.058387],[140.065994,35.058596],[140.066,35.058833],[140.066122,35.059085],[140.06631,35.059255],[140.066043,35.059255],[140.065988,35.059016],[140.065803,35.058703],[140.065812,35.058631],[140.065724,35.05846],[140.065563,35.05837],[140.065467,35.058443],[140.065467,35.058703],[140.065714,35.059018],[140.065721,35.059266],[140.065549,35.059261],[140.065495,35.059014],[140.06526,35.05865],[140.065158,35.058572],[140.065151,35.058474],[140.065092,35.058484],[140.064899,35.05872],[140.064867,35.059126],[140.064967,35.059261],[140.064412,35.059266],[140.06457,35.058901],[140.064556,35.058809],[140.064613,35.058752],[140.064633,35.058665],[140.064584,35.058616],[140.064296,35.058697],[140.063905,35.058697],[140.063816,35.058787],[140.062823,35.058827],[140.062837,35.058983],[140.061754,35.059007],[140.061757,35.058821],[140.060994,35.058821],[140.060672,35.058923],[140.060706,35.059227],[140.060303,35.059336],[140.059836,35.059334],[140.059418,35.059238],[140.059008,35.05908],[140.058622,35.058817],[140.058199,35.058407],[140.058451,35.057948],[140.058414,35.057918],[140.058249,35.057983],[140.057956,35.058254],[140.057369,35.058007],[140.056863,35.058235],[140.05587,35.058212],[140.055137,35.058274],[140.054685,35.058223],[140.05387,35.057987],[140.053174,35.0576],[140.053062,35.057575],[140.052617,35.057627],[140.052446,35.05759],[140.052239,35.057406],[140.051716,35.057312],[140.051184,35.057051],[140.050826,35.05679],[140.050694,35.05664],[140.050071,35.056385],[140.049903,35.056161],[140.049568,35.055984],[140.049166,35.055602],[140.048669,35.055476],[140.048426,35.055271],[140.048116,35.055102],[140.047417,35.054853],[140.04584,35.054633],[140.044766,35.054154],[140.04319,35.05381],[140.042231,35.053241],[140.042101,35.053096],[140.041683,35.053055],[140.041264,35.052915],[140.038703,35.051916],[140.038088,35.051613],[140.037338,35.051042],[140.036922,35.050995],[140.036365,35.050641],[140.036134,35.0506],[140.035749,35.050417],[140.035504,35.050276],[140.03534,35.050033],[140.034662,35.049791],[140.033984,35.049318],[140.03321,35.048912],[140.03247,35.048269],[140.032059,35.048083],[140.031134,35.047779],[140.030549,35.047455],[140.029202,35.046595],[140.028339,35.045899],[140.026407,35.04477],[140.02597,35.044459],[140.024847,35.043526],[140.024824,35.043424],[140.024392,35.043081],[140.023955,35.042633],[140.023655,35.042423],[140.023482,35.042103],[140.0229,35.041449],[140.021812,35.040532],[140.021153,35.03982],[140.020761,35.039221],[140.020586,35.039142],[140.020339,35.03889],[140.020243,35.03871],[140.01997,35.038555],[140.019362,35.037755],[140.01926,35.037389],[140.018903,35.037063],[140.018615,35.036964],[140.018603,35.036855],[140.01792,35.036468],[140.017964,35.036401],[140.017875,35.036354],[140.017188,35.036296],[140.016935,35.035945],[140.017116,35.035683],[140.016313,35.035237],[140.016084,35.035207],[140.016058,35.035507],[140.016021,35.035538],[140.014893,35.035176],[140.013771,35.035423],[140.013747,35.035455],[140.013974,35.035627],[140.014646,35.035494],[140.014919,35.035813],[140.014809,35.035915],[140.014776,35.036061],[140.014077,35.036275],[140.013104,35.036472],[140.012664,35.036336],[140.012625,35.036066],[140.013039,35.035901],[140.012769,35.035781],[140.012668,35.035665],[140.012433,35.035807],[140.012214,35.035801],[140.012318,35.035277],[140.011942,35.035266],[140.011936,35.035649],[140.011343,35.036159],[140.009662,35.036205],[140.009355,35.036007],[140.009772,35.035503],[140.008679,35.035056],[140.007922,35.034486],[140.006897,35.033637],[140.006146,35.032888],[140.005751,35.032422],[140.002701,35.030864],[140.001889,35.030364],[140.000664,35.029482],[139.999816,35.028962],[139.999407,35.028245],[139.999137,35.028],[139.997778,35.026847],[139.995389,35.02501],[139.994756,35.024478],[139.99371,35.023478],[139.992531,35.022563],[139.992058,35.022057],[139.991356,35.021095],[139.99085,35.020508],[139.988278,35.018114],[139.987712,35.017643],[139.987334,35.01741],[139.986538,35.016577],[139.984447,35.014763],[139.984238,35.014447],[139.983543,35.013681],[139.983077,35.013247],[139.982639,35.012754],[139.982224,35.012178],[139.981511,35.011434],[139.980419,35.012062],[139.979513,35.011228],[139.979235,35.011117],[139.978463,35.011112],[139.977722,35.010334],[139.978006,35.009668],[139.978012,35.009304],[139.97774,35.008633],[139.97724,35.007557],[139.976591,35.007466],[139.976455,35.007376],[139.976375,35.007158],[139.976424,35.006957],[139.976628,35.006714],[139.976529,35.006376],[139.975817,35.00569],[139.977227,35.005304],[139.976014,35.003336],[139.97562,35.002329],[139.975132,35.001518],[139.975037,35.001008],[139.974394,34.999484],[139.97412,34.998983],[139.973811,34.998199],[139.97376,34.997684],[139.973391,34.996886],[139.973323,34.996553],[139.973091,34.996059],[139.97304,34.995778],[139.972637,34.994662],[139.97262,34.994084],[139.972209,34.99279],[139.972149,34.992741],[139.971811,34.992743],[139.972106,34.99255],[139.972226,34.99236],[139.972243,34.992064],[139.9722,34.991681],[139.971849,34.990424],[139.971841,34.990002],[139.971943,34.989656],[139.971875,34.988393],[139.972098,34.987085],[139.972176,34.98693],[139.972296,34.986951],[139.972527,34.986803],[139.972501,34.986444],[139.972259,34.986301],[139.971839,34.986337],[139.971797,34.986598],[139.971423,34.986576],[139.971454,34.986225],[139.971311,34.986216],[139.971335,34.98595],[139.971194,34.985941],[139.971171,34.986201],[139.970855,34.986182],[139.970898,34.985702],[139.97082,34.985723],[139.970735,34.985667],[139.970443,34.984826],[139.970289,34.984536],[139.970178,34.984486],[139.969835,34.983937],[139.969792,34.983746],[139.969938,34.98357],[139.969929,34.9835],[139.969619,34.983349],[139.969525,34.983223],[139.969354,34.983124],[139.969234,34.983124],[139.9692,34.983173],[139.96914,34.983131],[139.969097,34.982962],[139.969208,34.982927],[139.969217,34.982786],[139.969148,34.982729],[139.96914,34.982624],[139.969028,34.982539],[139.968772,34.982525],[139.968592,34.982454],[139.968331,34.982598],[139.968179,34.98256],[139.967943,34.982341],[139.967985,34.982296],[139.967957,34.982191],[139.967787,34.982066],[139.967456,34.981677],[139.967154,34.981154],[139.967059,34.980874],[139.966871,34.980127],[139.966805,34.979644],[139.966834,34.97937],[139.966994,34.978903],[139.967467,34.97825],[139.967652,34.978086],[139.968006,34.978046],[139.96828,34.977922],[139.968318,34.977735],[139.968261,34.977549],[139.968108,34.977337],[139.967871,34.97715],[139.967172,34.97708],[139.96686,34.976956],[139.96599,34.976324],[139.965839,34.976153],[139.965631,34.975678],[139.964609,34.974696],[139.964041,34.973769],[139.963399,34.973076],[139.962955,34.972315],[139.96252,34.971775],[139.961432,34.969766],[139.961073,34.968551],[139.960808,34.967872],[139.960534,34.966142],[139.960516,34.964787],[139.960667,34.963978],[139.960758,34.963876],[139.961245,34.962496],[139.961991,34.961723],[139.963462,34.96173],[139.963474,34.961426],[139.962086,34.961387],[139.962095,34.960376],[139.962254,34.960368],[139.962285,34.960038],[139.962794,34.96007],[139.962842,34.959557],[139.962511,34.959494],[139.96218,34.959518],[139.962152,34.959098],[139.962701,34.95908],[139.962991,34.959182],[139.963023,34.958754],[139.962412,34.958723],[139.962655,34.956693],[139.963691,34.956777],[139.96375,34.956279],[139.962758,34.956199],[139.962863,34.955326],[139.962778,34.955209],[139.963732,34.954323],[139.964261,34.954377],[139.964303,34.954183],[139.963974,34.954048],[139.964248,34.953153],[139.964108,34.952979],[139.964992,34.952219],[139.965834,34.953217],[139.964908,34.955423],[139.964879,34.955578],[139.965219,34.955259],[139.965489,34.954638],[139.965755,34.954715],[139.965888,34.954381],[139.966138,34.954162],[139.966318,34.953549],[139.966238,34.953237],[139.965216,34.952048],[139.965592,34.952038],[139.96563,34.95199],[139.965449,34.951809],[139.965521,34.951756],[139.965831,34.951953],[139.965993,34.951953],[139.966154,34.952022],[139.966335,34.952166],[139.966387,34.95216],[139.966458,34.952016],[139.965888,34.951595],[139.965784,34.95159],[139.965649,34.951483],[139.965312,34.951403],[139.965261,34.95135],[139.96517,34.951329],[139.965086,34.951372],[139.965041,34.951446],[139.965053,34.951563],[139.96495,34.951568],[139.964899,34.951622],[139.96475,34.951579],[139.964633,34.951254],[139.964517,34.951227],[139.964821,34.951094],[139.965041,34.950678],[139.965034,34.950561],[139.964931,34.950508],[139.964879,34.950412],[139.964666,34.950309],[139.964543,34.950261],[139.964414,34.950278],[139.964116,34.950049],[139.964181,34.949873],[139.964317,34.949724],[139.964763,34.949916],[139.965326,34.950059],[139.965649,34.950102],[139.965726,34.950049],[139.965733,34.949931],[139.965649,34.949809],[139.964713,34.949666],[139.9646,34.949604],[139.96463,34.949524],[139.96478,34.94953],[139.964885,34.949592],[139.964998,34.949573],[139.965013,34.949512],[139.964758,34.949345],[139.96514,34.949413],[139.965372,34.949401],[139.965485,34.949314],[139.965432,34.949228],[139.965312,34.949172],[139.965327,34.949049],[139.96526,34.948901],[139.965327,34.948771],[139.965297,34.94864],[139.965125,34.948566],[139.965035,34.948443],[139.964893,34.948424],[139.965155,34.94827],[139.965185,34.948196],[139.964997,34.947986],[139.964915,34.947781],[139.965207,34.947676],[139.965207,34.947614],[139.965027,34.94746],[139.965065,34.947275],[139.965222,34.947251],[139.965245,34.947183],[139.965177,34.947016],[139.965035,34.946942],[139.964922,34.946954],[139.964742,34.946749],[139.964554,34.946657],[139.963963,34.946595],[139.963835,34.94649],[139.963843,34.946274],[139.963753,34.946274],[139.963798,34.945897],[139.964226,34.94594],[139.964391,34.945576],[139.964526,34.945619],[139.964661,34.945582],[139.965005,34.945755],[139.965148,34.945724],[139.965245,34.945588],[139.965207,34.945377],[139.965417,34.945291],[139.965492,34.945106],[139.965274,34.944828],[139.965177,34.944797],[139.965357,34.944631],[139.965364,34.944427],[139.965192,34.944279],[139.965125,34.944304],[139.96469,34.944563],[139.964645,34.944692],[139.964465,34.944877],[139.964248,34.944791],[139.96421,34.944623],[139.96403,34.944494],[139.964053,34.944333],[139.964,34.944272],[139.963708,34.944234],[139.963618,34.944272],[139.963431,34.944204],[139.963254,34.944225],[139.963234,34.944161],[139.963386,34.944031],[139.963895,34.944062],[139.964435,34.944013],[139.964456,34.943924],[139.964359,34.943783],[139.964217,34.943746],[139.963265,34.943844],[139.963302,34.943696],[139.963984,34.943666],[139.963992,34.943623],[139.963894,34.94353],[139.964119,34.943462],[139.964104,34.943401],[139.963977,34.943333],[139.963489,34.943394],[139.963444,34.943271],[139.963603,34.943122],[139.963895,34.943103],[139.96436,34.943091],[139.964809,34.943221],[139.965012,34.943073],[139.964967,34.942807],[139.964787,34.942733],[139.964629,34.942764],[139.964457,34.942678],[139.964637,34.942616],[139.964577,34.942511],[139.96439,34.942431],[139.964058,34.94238],[139.963901,34.94225],[139.963751,34.942275],[139.963481,34.942219],[139.963376,34.942139],[139.963099,34.942152],[139.963069,34.942071],[139.963159,34.942004],[139.963174,34.941905],[139.963122,34.941744],[139.962836,34.941527],[139.962761,34.941391],[139.962641,34.94136],[139.962522,34.941132],[139.962222,34.94112],[139.962229,34.940991],[139.962175,34.940923],[139.96204,34.940929],[139.962003,34.941039],[139.961928,34.941052],[139.961786,34.940947],[139.961741,34.940965],[139.961741,34.941083],[139.961658,34.941101],[139.961418,34.940663],[139.961231,34.94052],[139.962183,34.939983],[139.96201,34.939761],[139.961373,34.940125],[139.961387,34.93976],[139.961297,34.939519],[139.96111,34.93926],[139.960968,34.939248],[139.960533,34.93947],[139.96021,34.939086],[139.96051,34.938908],[139.96075,34.938969],[139.960645,34.93879],[139.960248,34.938679],[139.959836,34.938957],[139.959776,34.938889],[139.960104,34.938159],[139.960571,34.93824],[139.960893,34.938413],[139.961088,34.938462],[139.961178,34.938456],[139.961223,34.938394],[139.961178,34.938222],[139.961208,34.938172],[139.961133,34.93808],[139.960946,34.938024],[139.960983,34.937864],[139.960683,34.937524],[139.960434,34.937406],[139.960307,34.937424],[139.960225,34.93719],[139.960075,34.93711],[139.959962,34.937116],[139.959827,34.936906],[139.95967,34.936869],[139.959414,34.936942],[139.959362,34.936831],[139.959204,34.936757],[139.959054,34.93677],[139.958912,34.936874],[139.958754,34.936788],[139.958859,34.936541],[139.958799,34.936467],[139.958454,34.936571],[139.958589,34.936287],[139.958574,34.936163],[139.958491,34.936015],[139.958334,34.935898],[139.958184,34.935873],[139.957974,34.935916],[139.957907,34.936028],[139.957636,34.936246],[139.957465,34.936145],[139.957397,34.936206],[139.957495,34.936287],[139.95718,34.93654],[139.957,34.936552],[139.956865,34.936503],[139.956738,34.936305],[139.956783,34.93612],[139.95694,34.93599],[139.95718,34.936108],[139.957352,34.936009],[139.95712,34.935836],[139.957449,34.935496],[139.957719,34.935644],[139.957898,34.935551],[139.957956,34.935468],[139.95792,34.935331],[139.957855,34.935295],[139.957645,34.935343],[139.957508,34.935283],[139.957652,34.935176],[139.95758,34.934896],[139.957472,34.934777],[139.957275,34.934712],[139.957231,34.934622],[139.956986,34.934485],[139.956747,34.934414],[139.956659,34.93445],[139.956515,34.934557],[139.956493,34.9347],[139.956674,34.93517],[139.956747,34.935247],[139.956783,34.935438],[139.956711,34.935408],[139.956261,34.934657],[139.956326,34.934299],[139.956225,34.93421],[139.955871,34.934169],[139.955493,34.933989],[139.955204,34.934001],[139.955153,34.933923],[139.955262,34.933852],[139.955348,34.933703],[139.955247,34.93337],[139.955132,34.93334],[139.955002,34.933399],[139.954785,34.933745],[139.95464,34.933709],[139.954423,34.933388],[139.9543,34.93334],[139.954228,34.933066],[139.954134,34.932995],[139.953873,34.932941],[139.95388,34.93281],[139.95383,34.932739],[139.953852,34.932703],[139.954011,34.932715],[139.95404,34.932798],[139.954466,34.933036],[139.954539,34.932941],[139.954524,34.932858],[139.954097,34.93254],[139.95367,34.932445],[139.953981,34.93229],[139.953803,34.932172],[139.953656,34.932266],[139.953063,34.931676],[139.953211,34.931574],[139.95305,34.931393],[139.953227,34.931286],[139.953734,34.931855],[139.953924,34.931741],[139.953273,34.931009],[139.953613,34.930837],[139.953765,34.930997],[139.953982,34.93089],[139.954505,34.931492],[139.955061,34.931825],[139.955134,34.931938],[139.955611,34.932134],[139.955712,34.932117],[139.955893,34.93198],[139.956073,34.931938],[139.956117,34.931593],[139.956065,34.931431],[139.955906,34.931294],[139.955884,34.931222],[139.955472,34.931056],[139.955284,34.931038],[139.955298,34.930943],[139.95524,34.930889],[139.955088,34.930877],[139.955117,34.930716],[139.955052,34.930693],[139.954792,34.930764],[139.954922,34.930603],[139.954807,34.930514],[139.954402,34.930663],[139.954205,34.930339],[139.954198,34.930209],[139.953793,34.929786],[139.953366,34.929501],[139.953262,34.929494],[139.953062,34.929206],[139.952775,34.929159],[139.952743,34.929035],[139.952639,34.92893],[139.952416,34.928858],[139.952208,34.928614],[139.952089,34.928575],[139.952017,34.928601],[139.951985,34.928706],[139.952177,34.928969],[139.952153,34.929008],[139.951929,34.928916],[139.951849,34.928818],[139.951722,34.928792],[139.95149,34.928805],[139.951346,34.928875],[139.950275,34.928345],[139.950108,34.928351],[139.949939,34.928453],[139.949677,34.928522],[139.949621,34.928496],[139.949518,34.928143],[139.949422,34.928136],[139.949325,34.928216],[139.949254,34.927658],[139.949158,34.927288],[139.949078,34.927252],[139.948875,34.927268],[139.948805,34.927377],[139.948796,34.927645],[139.948866,34.927804],[139.94884,34.927869],[139.948725,34.927869],[139.948664,34.927928],[139.948673,34.927746],[139.94862,34.927667],[139.948567,34.927667],[139.948444,34.927797],[139.948382,34.927956],[139.948436,34.928097],[139.948064,34.928427],[139.947675,34.928174],[139.947618,34.92747],[139.94796,34.927447],[139.947968,34.927266],[139.947925,34.927049],[139.947828,34.926894],[139.947907,34.926808],[139.947828,34.926598],[139.947845,34.926525],[139.947678,34.926394],[139.947713,34.926351],[139.947933,34.926337],[139.948189,34.926511],[139.948312,34.926409],[139.948277,34.926206],[139.948462,34.926163],[139.948488,34.926112],[139.948398,34.92598],[139.948275,34.925922],[139.948275,34.92585],[139.948161,34.925748],[139.947941,34.925669],[139.9478,34.925553],[139.947492,34.925473],[139.946663,34.924884],[139.946434,34.924819],[139.946434,34.924783],[139.946522,34.924761],[139.946452,34.924536],[139.946302,34.924457],[139.946012,34.924486],[139.946187,34.924282],[139.946133,34.924202],[139.945966,34.924181],[139.946019,34.924043],[139.94594,34.92392],[139.945852,34.923898],[139.945588,34.923992],[139.945429,34.92392],[139.945368,34.92384],[139.945262,34.923826],[139.944635,34.924057],[139.944477,34.923999],[139.94416,34.924006],[139.943605,34.924202],[139.943421,34.924078],[139.943016,34.923666],[139.942807,34.923729],[139.942628,34.923858],[139.942325,34.923839],[139.94219,34.923969],[139.941637,34.924248],[139.941898,34.92454],[139.942139,34.924395],[139.942405,34.924694],[139.941844,34.925032],[139.940858,34.923923],[139.941144,34.923751],[139.94147,34.924118],[139.941645,34.924012],[139.941517,34.923867],[139.941973,34.923592],[139.941927,34.923528],[139.942334,34.923379],[139.942201,34.923193],[139.942013,34.923289],[139.94201,34.923156],[139.942089,34.923027],[139.942344,34.922811],[139.942029,34.922309],[139.942179,34.921277],[139.942346,34.921045],[139.942337,34.920726],[139.942381,34.920559],[139.942258,34.92027],[139.942135,34.920204],[139.942253,34.919919],[139.942178,34.919721],[139.942095,34.919671],[139.942239,34.919648],[139.942697,34.919856],[139.942943,34.919642],[139.94282,34.919445],[139.942553,34.919332],[139.942588,34.91927],[139.942513,34.919174],[139.942362,34.919084],[139.942314,34.918949],[139.942164,34.918848],[139.942137,34.918774],[139.941973,34.918673],[139.941993,34.918588],[139.941952,34.918532],[139.942144,34.918419],[139.942212,34.918171],[139.94215,34.91807],[139.941918,34.917929],[139.941945,34.917833],[139.941891,34.917715],[139.94198,34.917591],[139.941904,34.917473],[139.941747,34.917416],[139.941645,34.91732],[139.941535,34.917309],[139.941474,34.917196],[139.94131,34.917129],[139.941193,34.917134],[139.941145,34.917027],[139.940947,34.916959],[139.940872,34.916875],[139.940503,34.916886],[139.940346,34.917027],[139.94025,34.916858],[139.94012,34.916773],[139.939922,34.916802],[139.939874,34.916706],[139.93973,34.916638],[139.939655,34.916717],[139.939635,34.916847],[139.939553,34.916745],[139.939512,34.916554],[139.939539,34.916446],[139.93945,34.916373],[139.93919,34.916306],[139.938897,34.916328],[139.938862,34.91639],[139.938951,34.916492],[139.938931,34.916531],[139.938685,34.916509],[139.938609,34.916413],[139.938623,34.916306],[139.938562,34.916261],[139.938357,34.91621],[139.938206,34.916261],[139.938179,34.916131],[139.937837,34.915917],[139.937714,34.915922],[139.937632,34.916153],[139.937563,34.916142],[139.937481,34.915973],[139.937529,34.915922],[139.937529,34.915736],[139.937345,34.915624],[139.936982,34.915697],[139.937078,34.915939],[139.936989,34.916086],[139.936996,34.916334],[139.936805,34.916097],[139.936695,34.916119],[139.936682,34.915973],[139.936552,34.915821],[139.93647,34.915804],[139.936285,34.915928],[139.936347,34.915759],[139.936292,34.915511],[139.936005,34.915449],[139.935697,34.915302],[139.93567,34.915139],[139.935998,34.914992],[139.936005,34.914891],[139.93608,34.91488],[139.936169,34.914643],[139.936073,34.91453],[139.936087,34.914418],[139.935862,34.914209],[139.935431,34.914186],[139.935342,34.914085],[139.935212,34.914074],[139.935157,34.914147],[139.935048,34.914108],[139.934754,34.914254],[139.934597,34.914271],[139.934562,34.914446],[139.934398,34.914463],[139.934371,34.914299],[139.934275,34.914254],[139.934152,34.914322],[139.934118,34.914406],[139.934036,34.91435],[139.933769,34.91431],[139.933701,34.914373],[139.933517,34.914344],[139.93336,34.914401],[139.933141,34.914299],[139.933175,34.914237],[139.933065,34.914102],[139.932744,34.914108],[139.932717,34.914158],[139.932662,34.914057],[139.932573,34.914017],[139.932313,34.913989],[139.932272,34.914029],[139.932286,34.913871],[139.93217,34.913747],[139.93219,34.913679],[139.932143,34.913572],[139.932026,34.913521],[139.932047,34.913431],[139.931944,34.913296],[139.931835,34.913262],[139.931869,34.913127],[139.93178,34.912974],[139.931513,34.912788],[139.931138,34.91276],[139.930905,34.912664],[139.930926,34.912591],[139.930864,34.912495],[139.930646,34.912321],[139.930468,34.912326],[139.930379,34.912444],[139.930249,34.912405],[139.929976,34.912535],[139.929818,34.912422],[139.929565,34.91245],[139.929422,34.912377],[139.929333,34.912259],[139.929042,34.912287],[139.928941,34.912205],[139.928752,34.912213],[139.928648,34.912147],[139.928198,34.912157],[139.928212,34.912026],[139.926028,34.911846],[139.926013,34.911921],[139.923725,34.911721],[139.923817,34.910726],[139.926223,34.910337],[139.926243,34.911137],[139.926413,34.911058],[139.926813,34.911023],[139.926805,34.910621],[139.928376,34.910354],[139.928417,34.910047],[139.928478,34.909948],[139.928465,34.909869],[139.928301,34.90979],[139.928267,34.909688],[139.928144,34.909677],[139.928028,34.909604],[139.927733,34.909717],[139.927679,34.909632],[139.927433,34.909525],[139.927262,34.909598],[139.927098,34.909491],[139.926988,34.909491],[139.926831,34.909587],[139.926605,34.909525],[139.926609,34.909673],[139.926483,34.909686],[139.926469,34.909626],[139.926387,34.909587],[139.926346,34.909643],[139.926374,34.909701],[139.925881,34.909743],[139.925723,34.909688],[139.925647,34.909696],[139.925614,34.909773],[139.924562,34.909858],[139.924753,34.909767],[139.924733,34.909711],[139.924582,34.90966],[139.924199,34.909643],[139.924097,34.909677],[139.924035,34.909762],[139.923933,34.909779],[139.923837,34.909717],[139.923618,34.9097],[139.923598,34.909767],[139.923798,34.909914],[139.923297,34.909957],[139.92327,34.910246],[139.923112,34.91032],[139.923044,34.910292],[139.922989,34.910156],[139.923085,34.910032],[139.922996,34.90975],[139.922935,34.909694],[139.922859,34.9097],[139.922812,34.909925],[139.922873,34.9101],[139.922852,34.910308],[139.922716,34.910348],[139.922634,34.910072],[139.922695,34.909965],[139.922688,34.909796],[139.922586,34.909671],[139.922483,34.9097],[139.922463,34.909756],[139.922497,34.910032],[139.922552,34.9101],[139.922429,34.910438],[139.921542,34.910443],[139.92157,34.910317],[139.921513,34.910247],[139.921048,34.910128],[139.921,34.910128],[139.920904,34.910292],[139.920761,34.91028],[139.920713,34.910359],[139.920268,34.910342],[139.920262,34.910094],[139.920788,34.910106],[139.92087,34.910066],[139.920761,34.909914],[139.92018,34.909796],[139.919906,34.909818],[139.919865,34.909897],[139.919804,34.909903],[139.919804,34.909959],[139.919961,34.910015],[139.91999,34.910077],[139.919785,34.910248],[139.919263,34.910089],[139.919079,34.909976],[139.918936,34.909804],[139.918863,34.909547],[139.918874,34.90895],[139.918922,34.908781],[139.919056,34.908598],[139.919223,34.908646],[139.919598,34.908589],[139.919872,34.908218],[139.920022,34.907902],[139.919968,34.907795],[139.91966,34.907733],[139.919756,34.907676],[139.91994,34.907659],[139.920125,34.907502],[139.92031,34.907282],[139.920282,34.907152],[139.919783,34.907146],[139.91964,34.907231],[139.919448,34.907237],[139.9194,34.907304],[139.91927,34.907316],[139.919127,34.907428],[139.919052,34.907338],[139.918847,34.907265],[139.918327,34.907406],[139.918307,34.907288],[139.918184,34.907141],[139.917931,34.906949],[139.91765,34.906932],[139.917514,34.906859],[139.917466,34.906707],[139.917281,34.906521],[139.916973,34.906554],[139.916611,34.906284],[139.916509,34.90629],[139.916358,34.906509],[139.91614,34.906329],[139.915402,34.906442],[139.915326,34.906408],[139.915148,34.906166],[139.914848,34.906126],[139.914711,34.906244],[139.914738,34.90638],[139.914663,34.906504],[139.914431,34.906386],[139.91398,34.906628],[139.913706,34.906554],[139.91346,34.906769],[139.913262,34.906713],[139.913111,34.906741],[139.91294,34.906848],[139.912933,34.906938],[139.912838,34.906994],[139.912626,34.906904],[139.912468,34.906893],[139.912388,34.906944],[139.912388,34.907056],[139.912066,34.907023],[139.911854,34.907158],[139.911344,34.906997],[139.911281,34.907045],[139.911668,34.907306],[139.911287,34.907659],[139.910683,34.907299],[139.910598,34.907294],[139.91045,34.907386],[139.910313,34.907324],[139.910202,34.907152],[139.909972,34.907143],[139.909874,34.90726],[139.909557,34.907392],[139.909268,34.907356],[139.909115,34.907275],[139.909037,34.907283],[139.908859,34.907107],[139.90861,34.907051],[139.908443,34.907091],[139.90838,34.907044],[139.908318,34.906771],[139.908044,34.906341],[139.908057,34.906168],[139.908128,34.906018],[139.908345,34.905965],[139.908608,34.906069],[139.908733,34.905984],[139.908764,34.905726],[139.908828,34.905589],[139.908782,34.905516],[139.908471,34.905395],[139.908394,34.905295],[139.908383,34.905254],[139.908474,34.905197],[139.908458,34.905095],[139.90927,34.905301],[139.909314,34.90525],[139.909306,34.905122],[139.909174,34.904896],[139.908403,34.904748],[139.908307,34.904625],[139.908136,34.90458],[139.908082,34.904518],[139.907906,34.904531],[139.907836,34.904435],[139.90766,34.904352],[139.907435,34.90441],[139.907394,34.904442],[139.907456,34.904544],[139.907295,34.904595],[139.907246,34.904444],[139.906897,34.904269],[139.906698,34.904333],[139.906565,34.904223],[139.906239,34.904148],[139.905973,34.904203],[139.905678,34.904137],[139.905637,34.904158],[139.905678,34.904214],[139.905895,34.90435],[139.906128,34.904427],[139.906221,34.904518],[139.906358,34.904504],[139.906423,34.904587],[139.906223,34.904666],[139.906087,34.904604],[139.905484,34.904593],[139.905461,34.904706],[139.905554,34.904859],[139.905426,34.904898],[139.905188,34.904836],[139.905178,34.904751],[139.904984,34.904595],[139.904572,34.904621],[139.904306,34.904521],[139.904114,34.904583],[139.903936,34.904512],[139.903804,34.904523],[139.903739,34.904548],[139.903853,34.904676],[139.904034,34.904723],[139.904021,34.904785],[139.903808,34.904783],[139.903418,34.904884],[139.903358,34.904859],[139.90326,34.904623],[139.902988,34.904529],[139.902807,34.904552],[139.90274,34.904626],[139.902513,34.904648],[139.902264,34.904599],[139.902254,34.904482],[139.902357,34.904511],[139.90264,34.904407],[139.902664,34.904315],[139.902607,34.904228],[139.903025,34.904111],[139.903106,34.904049],[139.9034,34.904134],[139.903517,34.904113],[139.903376,34.903875],[139.903298,34.903867],[139.903218,34.903929],[139.902939,34.903899],[139.902769,34.903822],[139.90273,34.903726],[139.902663,34.903694],[139.902438,34.903688],[139.902336,34.903748],[139.902204,34.903729],[139.90201,34.903797],[139.901899,34.903628],[139.901829,34.903622],[139.901589,34.903833],[139.901604,34.903937],[139.901327,34.903873],[139.901262,34.903896],[139.901213,34.904207],[139.901379,34.904211],[139.901562,34.904307],[139.901808,34.904352],[139.901699,34.904533],[139.901495,34.904544],[139.901402,34.904422],[139.901,34.904367],[139.900618,34.904241],[139.900421,34.904267],[139.900054,34.904201],[139.899999,34.904233],[139.899909,34.904438],[139.899932,34.904499],[139.900312,34.904553],[139.900395,34.904506],[139.90061,34.904615],[139.900023,34.904693],[139.900204,34.904881],[139.899683,34.904849],[139.899621,34.904939],[139.899654,34.905028],[139.899606,34.905047],[139.899326,34.904983],[139.899124,34.905129],[139.899118,34.905236],[139.898883,34.905677],[139.898691,34.905826],[139.898352,34.90573],[139.898108,34.905543],[139.898194,34.90491],[139.898661,34.904203],[139.898096,34.904315],[139.897574,34.904334],[139.89723,34.904496],[139.896951,34.904521],[139.896924,34.904566],[139.896971,34.904598],[139.897194,34.904657],[139.897108,34.9047],[139.897139,34.904836],[139.897082,34.904864],[139.896861,34.904883],[139.896786,34.904807],[139.896491,34.904753],[139.896468,34.904683],[139.896414,34.904674],[139.895948,34.904817],[139.895928,34.904949],[139.896052,34.905124],[139.896029,34.905298],[139.8957,34.905075],[139.895134,34.905444],[139.895121,34.905823],[139.894831,34.905931],[139.894378,34.90569],[139.89276,34.905629],[139.892871,34.904958],[139.89027,34.903913],[139.890238,34.903626],[139.890491,34.903516],[139.89051,34.903425],[139.890743,34.903234],[139.890713,34.903117],[139.890521,34.903125],[139.890424,34.902852],[139.890316,34.902787],[139.890475,34.902475],[139.890434,34.902293],[139.890708,34.90213],[139.890728,34.902004],[139.890314,34.902099],[139.890225,34.902039],[139.890229,34.901957],[139.890121,34.901821],[139.890079,34.901662],[139.88988,34.901395],[139.889953,34.901275],[139.889949,34.901169],[139.889751,34.901053],[139.889704,34.900908],[139.889389,34.90067],[139.889359,34.900484],[139.889304,34.900452],[139.889184,34.900459],[139.889097,34.900397],[139.888812,34.900524],[139.888778,34.900459],[139.888841,34.900354],[139.888832,34.9002],[139.88869,34.899973],[139.888592,34.899979],[139.888434,34.899809],[139.888245,34.899797],[139.888141,34.899673],[139.887958,34.899641],[139.887692,34.899698],[139.887629,34.899819],[139.887503,34.899913],[139.887391,34.899902],[139.887377,34.899721],[139.88719,34.899636],[139.887231,34.899491],[139.88717,34.899405],[139.886916,34.899474],[139.886737,34.899896],[139.886756,34.900027],[139.886851,34.900118],[139.887182,34.900006],[139.887245,34.900051],[139.887172,34.900131],[139.887158,34.900271],[139.886942,34.900452],[139.886999,34.900646],[139.886951,34.900728],[139.887019,34.900868],[139.88693,34.900973],[139.886888,34.901215],[139.886784,34.901321],[139.886733,34.901493],[139.88681,34.90179],[139.886688,34.901882],[139.886632,34.902043],[139.88668,34.902163],[139.886664,34.902302],[139.886735,34.902426],[139.886711,34.902561],[139.886796,34.902753],[139.886888,34.902794],[139.887024,34.902762],[139.887737,34.902981],[139.887559,34.903494],[139.886568,34.903309],[139.886586,34.903248],[139.886519,34.903196],[139.886228,34.903239],[139.886138,34.903176],[139.885856,34.903193],[139.885834,34.903086],[139.88554,34.903106],[139.885549,34.903017],[139.885478,34.90291],[139.885272,34.902858],[139.885213,34.902733],[139.88503,34.902643],[139.884841,34.902715],[139.88464,34.902728],[139.884588,34.902811],[139.884597,34.903013],[139.884808,34.903076],[139.884843,34.903181],[139.885007,34.90333],[139.884853,34.903376],[139.884728,34.903337],[139.884396,34.903432],[139.884331,34.903368],[139.883854,34.903315],[139.883683,34.903227],[139.883506,34.903205],[139.883589,34.903086],[139.883979,34.903089],[139.884199,34.903012],[139.884248,34.902945],[139.884244,34.902818],[139.884374,34.902673],[139.883851,34.902565],[139.883662,34.902609],[139.883523,34.902756],[139.88335,34.902538],[139.883046,34.902624],[139.882878,34.902785],[139.882656,34.90281],[139.882582,34.902746],[139.88243,34.902749],[139.882239,34.902798],[139.882029,34.902954],[139.882074,34.903053],[139.882622,34.903235],[139.882741,34.903357],[139.882513,34.903381],[139.882327,34.903333],[139.882083,34.903412],[139.881436,34.903258],[139.881166,34.903315],[139.880999,34.903424],[139.880933,34.903345],[139.881025,34.903099],[139.881474,34.903108],[139.881572,34.903015],[139.881438,34.902907],[139.881249,34.902939],[139.881051,34.902862],[139.880757,34.902944],[139.880697,34.90288],[139.880397,34.902871],[139.880293,34.902783],[139.880199,34.902774],[139.879969,34.902956],[139.879796,34.902974],[139.87983,34.903032],[139.879944,34.90305],[139.880069,34.903144],[139.879968,34.903206],[139.879876,34.903373],[139.879735,34.903389],[139.879659,34.903475],[139.87946,34.903475],[139.879462,34.903356],[139.879691,34.903284],[139.879742,34.903187],[139.879711,34.903154],[139.879544,34.903107],[139.879501,34.903037],[139.879308,34.90308],[139.879201,34.903004],[139.87897,34.903087],[139.878931,34.903159],[139.878983,34.903261],[139.878867,34.903284],[139.878744,34.903414],[139.878804,34.903592],[139.87871,34.90362],[139.878511,34.903556],[139.878375,34.903614],[139.878321,34.903576],[139.878346,34.903468],[139.87805,34.903356],[139.878114,34.903245],[139.878002,34.90308],[139.877507,34.90334],[139.876945,34.903519],[139.876806,34.903804],[139.876506,34.903867],[139.87629,34.903771],[139.875718,34.903284],[139.875237,34.903274],[139.874755,34.90284],[139.874148,34.90292],[139.873845,34.902893],[139.873746,34.902943],[139.873448,34.902858],[139.873344,34.902925],[139.873018,34.902976],[139.872892,34.902891],[139.872776,34.902888],[139.872736,34.902901],[139.872728,34.902988],[139.872881,34.903237],[139.872805,34.90328],[139.872482,34.903231],[139.872563,34.903043],[139.872541,34.902944],[139.872433,34.902877],[139.872392,34.902734],[139.872096,34.902742],[139.872009,34.90281],[139.8717,34.90284],[139.871536,34.903026],[139.871433,34.90324],[139.871447,34.903409],[139.871628,34.903719],[139.871504,34.90388],[139.871091,34.903989],[139.870813,34.903436],[139.870433,34.90351],[139.870618,34.904236],[139.870452,34.904361],[139.8701,34.90492],[139.869643,34.905252],[139.869513,34.905416],[139.869383,34.905433],[139.869308,34.90554],[139.869178,34.90559],[139.869102,34.905681],[139.868822,34.905754],[139.868815,34.905923],[139.868583,34.905979],[139.868043,34.90634],[139.867879,34.906238],[139.867571,34.906374],[139.867236,34.906408],[139.867079,34.906362],[139.866881,34.906419],[139.866812,34.906492],[139.866696,34.906447],[139.866559,34.906526],[139.866266,34.906588],[139.866184,34.906526],[139.866026,34.906526],[139.865561,34.906644],[139.865425,34.906802],[139.865254,34.906757],[139.865049,34.906774],[139.86496,34.906847],[139.864837,34.906825],[139.864734,34.90687],[139.86455,34.906774],[139.864351,34.906768],[139.864256,34.906684],[139.863811,34.906543],[139.863668,34.906447],[139.863401,34.906419],[139.863087,34.906204],[139.862779,34.906176],[139.862677,34.906092],[139.862226,34.90612],[139.86213,34.906052],[139.861405,34.906114],[139.861344,34.906143],[139.861316,34.906233],[139.861077,34.906272],[139.860831,34.906165],[139.860633,34.906154],[139.860551,34.906075],[139.860373,34.906069],[139.860291,34.905956],[139.860038,34.905906],[139.859929,34.905838],[139.859703,34.905872],[139.859635,34.905804],[139.859423,34.905737],[139.859143,34.905788],[139.859068,34.905742],[139.858828,34.905725],[139.858685,34.905635],[139.858548,34.90568],[139.858404,34.905613],[139.858131,34.905629],[139.857899,34.905466],[139.857755,34.905427],[139.857311,34.905421],[139.85714,34.905523],[139.856935,34.905534],[139.856655,34.905613],[139.856586,34.905675],[139.855923,34.905562],[139.855623,34.905415],[139.855206,34.905382],[139.854515,34.905241],[139.854043,34.905246],[139.853934,34.905184],[139.853647,34.905156],[139.853524,34.905077],[139.85308,34.905015],[139.853004,34.904931],[139.85284,34.904948],[139.852649,34.904711],[139.852389,34.904564],[139.852253,34.904564],[139.852123,34.904429],[139.851822,34.90435],[139.851685,34.904395],[139.851357,34.904198],[139.851357,34.904102],[139.851302,34.904063],[139.850844,34.904079],[139.850578,34.903922],[139.850339,34.903899],[139.850236,34.903978],[139.849839,34.903899],[139.84973,34.903955],[139.849511,34.903893],[139.849354,34.90395],[139.849163,34.903927],[139.848951,34.903753],[139.848665,34.904057],[139.848106,34.904112],[139.847777,34.904065],[139.847756,34.903895],[139.847872,34.903585],[139.847597,34.903345],[139.846062,34.902403],[139.845741,34.902401],[139.845301,34.902591],[139.845239,34.902496],[139.845075,34.902507],[139.844863,34.902642],[139.844713,34.902845],[139.844563,34.902766],[139.844549,34.902636],[139.844481,34.90258],[139.844276,34.902558],[139.844125,34.902484],[139.843865,34.90249],[139.843742,34.902586],[139.843298,34.902574],[139.84299,34.902715],[139.84299,34.902794],[139.843271,34.903087],[139.843428,34.903166],[139.843489,34.903335],[139.843291,34.903369],[139.843236,34.903442],[139.843018,34.903493],[139.842929,34.903578],[139.842778,34.903572],[139.842676,34.903628],[139.842559,34.9036],[139.842375,34.903701],[139.842368,34.903758],[139.842211,34.90382],[139.842231,34.903904],[139.841853,34.903983],[139.841869,34.90404],[139.841416,34.904147],[139.841274,34.903752],[139.840694,34.903797],[139.840502,34.90409],[139.840256,34.904259],[139.839976,34.904394],[139.839634,34.904473],[139.838841,34.904417],[139.838246,34.904288],[139.838014,34.90418],[139.837536,34.903735],[139.837583,34.903583],[139.837481,34.903487],[139.837501,34.903391],[139.837419,34.903313],[139.837399,34.903076],[139.837201,34.902958],[139.837091,34.903019],[139.836927,34.902958],[139.836879,34.903019],[139.836961,34.903104],[139.837016,34.903329],[139.837125,34.90342],[139.837132,34.903538],[139.837235,34.903746],[139.837371,34.903859],[139.837351,34.904028],[139.837399,34.904073],[139.837406,34.904197],[139.837488,34.904282],[139.837399,34.904434],[139.837419,34.904654],[139.837228,34.905077],[139.836508,34.906131],[139.836192,34.906434],[139.835656,34.906818],[139.835156,34.907044],[139.835095,34.907117],[139.834931,34.907156],[139.834781,34.907094],[139.834336,34.907089],[139.834083,34.907331],[139.833379,34.907562],[139.83312,34.907517],[139.833065,34.907308],[139.83299,34.907246],[139.832709,34.907274],[139.832737,34.907427],[139.832566,34.907466],[139.832566,34.907596],[139.832388,34.90772],[139.832244,34.907624],[139.832033,34.907692],[139.832033,34.907827],[139.831964,34.907889],[139.831821,34.907765],[139.831493,34.907748],[139.831397,34.907793],[139.831308,34.907928],[139.831021,34.907973],[139.830871,34.908064],[139.830365,34.908199],[139.830201,34.908131],[139.830091,34.908002],[139.829996,34.908002],[139.82977,34.908193],[139.829784,34.908312],[139.829681,34.908362],[139.829456,34.908357],[139.829046,34.908712],[139.828834,34.908774],[139.828499,34.909292],[139.82828,34.909467],[139.828082,34.909506],[139.827753,34.909743],[139.826893,34.909833],[139.826708,34.909986],[139.826674,34.910166],[139.826503,34.910296],[139.826482,34.910408],[139.82638,34.910436],[139.826209,34.910583],[139.825935,34.910561],[139.825737,34.910606],[139.825423,34.910561],[139.825252,34.910684],[139.824985,34.910786],[139.824548,34.910729],[139.82439,34.910797],[139.824226,34.910966],[139.824226,34.911045],[139.824363,34.911147],[139.824315,34.91122],[139.824424,34.911451],[139.824541,34.911502],[139.824602,34.911693],[139.824725,34.911812],[139.824848,34.912065],[139.824964,34.912167],[139.824821,34.912866],[139.824589,34.913305],[139.824466,34.913446],[139.824363,34.913514],[139.824035,34.913413],[139.823891,34.913458],[139.823837,34.913553],[139.823939,34.913784],[139.823898,34.913892],[139.823673,34.913909],[139.823481,34.913993],[139.823433,34.914038],[139.823399,34.914269],[139.823133,34.914291],[139.82303,34.9145],[139.823174,34.914714],[139.822921,34.914658],[139.822818,34.914765],[139.822873,34.915098],[139.822989,34.915233],[139.822798,34.915284],[139.822777,34.915374],[139.822866,34.915492],[139.823003,34.915526],[139.823037,34.915622],[139.823009,34.915763],[139.823071,34.915859],[139.823051,34.916084],[139.823133,34.916287],[139.823085,34.916428],[139.823085,34.916676],[139.823331,34.917065],[139.823488,34.917149],[139.823454,34.917493],[139.823529,34.917578],[139.823591,34.918085],[139.8237,34.918299],[139.823707,34.918479],[139.82385,34.918609],[139.823823,34.918908],[139.823966,34.919308],[139.82411,34.919331],[139.82413,34.91912],[139.824288,34.919111],[139.824302,34.918288],[139.824705,34.918288],[139.824726,34.918904],[139.825696,34.919601],[139.825157,34.920125],[139.825082,34.920073],[139.82489,34.92024],[139.824966,34.920296],[139.824388,34.920939],[139.82454,34.921024],[139.824159,34.921487],[139.82333,34.920949],[139.823956,34.920353],[139.823847,34.920267],[139.823211,34.920895],[139.823069,34.920788],[139.822827,34.920731],[139.822743,34.920594],[139.822526,34.920516],[139.822484,34.920562],[139.822505,34.920649],[139.823065,34.92113],[139.823301,34.921241],[139.823612,34.921477],[139.823725,34.921626],[139.823963,34.921746],[139.824043,34.921906],[139.824177,34.921978],[139.824098,34.922124],[139.82428,34.922238],[139.824267,34.922298],[139.824336,34.922391],[139.824445,34.922422],[139.824539,34.922538],[139.824583,34.922708],[139.824713,34.922751],[139.824828,34.922849],[139.824868,34.922949],[139.824996,34.922999],[139.825194,34.923263],[139.825378,34.92334],[139.825421,34.923473],[139.825351,34.923989],[139.826548,34.924093],[139.826531,34.924276],[139.827499,34.924361],[139.827398,34.925101],[139.82649,34.924986],[139.826503,34.925093],[139.826584,34.925194],[139.826773,34.925317],[139.826929,34.92577],[139.826896,34.925881],[139.826983,34.926052],[139.826973,34.926257],[139.827005,34.926331],[139.827081,34.926356],[139.827203,34.927004],[139.827198,34.927717],[139.826896,34.928566],[139.82601,34.930161],[139.825767,34.930758],[139.825113,34.93143],[139.825,34.931722],[139.824625,34.932255],[139.824569,34.932268],[139.824356,34.932547],[139.823125,34.934308],[139.822224,34.935239],[139.822024,34.935515],[139.821822,34.935651],[139.821377,34.936215],[139.820745,34.936849],[139.819622,34.937786],[139.818535,34.938554],[139.817836,34.939223],[139.817344,34.939516],[139.815487,34.940854],[139.814189,34.941691],[139.813195,34.942221],[139.810973,34.943664],[139.810265,34.943902],[139.809495,34.94443],[139.802872,34.947164],[139.799851,34.948568],[139.797172,34.949632],[139.79668,34.949961],[139.793229,34.951351],[139.790959,34.952117],[139.789557,34.952478],[139.789457,34.952389],[139.789294,34.952409],[139.789187,34.952372],[139.789113,34.95241],[139.788862,34.952368],[139.788747,34.952515],[139.788281,34.95267],[139.787872,34.952683],[139.787731,34.952873],[139.787568,34.952873],[139.787524,34.953126],[139.787388,34.953267],[139.786765,34.953549],[139.786327,34.953678],[139.785862,34.953653],[139.785395,34.953708],[139.785178,34.953911],[139.784096,34.954135],[139.783949,34.954258],[139.783794,34.954213],[139.783768,34.954293],[139.783563,34.954372],[139.783333,34.95441],[139.783111,34.954314],[139.782914,34.954611],[139.782345,34.954822],[139.782103,34.954858],[139.781677,34.954824],[139.781615,34.954878],[139.781477,34.954875],[139.781359,34.954952],[139.781226,34.954966],[139.781111,34.955078],[139.780764,34.955245],[139.780745,34.955311],[139.780853,34.955453],[139.780789,34.95555],[139.780804,34.95562],[139.780689,34.955718],[139.780692,34.955803],[139.780586,34.955831],[139.780416,34.955693],[139.780299,34.95572],[139.780153,34.955669],[139.780083,34.955714],[139.779977,34.9556],[139.779731,34.955583],[139.779528,34.955495],[139.779355,34.955656],[139.779362,34.955734],[139.779416,34.955798],[139.779581,34.955826],[139.779642,34.955938],[139.779717,34.955972],[139.779676,34.956147],[139.779478,34.95619],[139.779336,34.956037],[139.77925,34.956011],[139.779184,34.955904],[139.779088,34.955882],[139.779019,34.955774],[139.778848,34.955758],[139.778819,34.955682],[139.778542,34.955501],[139.778437,34.955512],[139.778356,34.955606],[139.778253,34.955594],[139.778205,34.955429],[139.778271,34.955347],[139.778479,34.955363],[139.778517,34.955269],[139.778426,34.955127],[139.778293,34.955131],[139.778193,34.955046],[139.778034,34.955144],[139.777936,34.955121],[139.77787,34.955183],[139.77763,34.955173],[139.777608,34.955263],[139.777843,34.955448],[139.777747,34.955589],[139.777802,34.955718],[139.777706,34.955792],[139.77753,34.955804],[139.777425,34.955679],[139.777453,34.9556],[139.777264,34.955591],[139.777193,34.955662],[139.777288,34.955882],[139.777207,34.955874],[139.777138,34.955747],[139.776878,34.955594],[139.776823,34.955476],[139.776618,34.955442],[139.776653,34.955322],[139.776558,34.955263],[139.776577,34.955161],[139.776508,34.955076],[139.776125,34.955025],[139.77607,34.954974],[139.775749,34.954997],[139.7756,34.954925],[139.77542,34.955031],[139.775366,34.955132],[139.775406,34.955262],[139.775366,34.955352],[139.775167,34.955386],[139.775106,34.955459],[139.775023,34.955448],[139.775037,34.955346],[139.774989,34.955279],[139.775106,34.955172],[139.77503,34.955025],[139.775085,34.954951],[139.775026,34.954872],[139.775057,34.954755],[139.774989,34.95467],[139.774825,34.954653],[139.774716,34.954659],[139.774579,34.954749],[139.774264,34.954724],[139.774213,34.954781],[139.773983,34.954834],[139.773833,34.954749],[139.773684,34.954752],[139.773488,34.954983],[139.773477,34.955149],[139.773395,34.955183],[139.773185,34.955072],[139.773094,34.954867],[139.772471,34.954817],[139.77236,34.954891],[139.772417,34.954956],[139.772502,34.955506],[139.771988,34.955563],[139.771418,34.955471],[139.771466,34.955093],[139.771548,34.954867],[139.771418,34.95476],[139.771048,34.954631],[139.770945,34.954732],[139.770573,34.954732],[139.77048,34.954873],[139.770179,34.954834],[139.769994,34.954896],[139.769986,34.954827],[139.769933,34.9548],[139.769639,34.954862],[139.769577,34.954901],[139.769565,34.954998],[139.769399,34.955003],[139.769303,34.954941],[139.769091,34.954958],[139.768954,34.955256],[139.768831,34.955254],[139.768667,34.955329],[139.768633,34.955448],[139.768489,34.955493],[139.768432,34.955619],[139.768229,34.955639],[139.768126,34.955566],[139.768038,34.955566],[139.767791,34.955673],[139.76775,34.95578],[139.767579,34.95587],[139.767511,34.956163],[139.767599,34.956197],[139.767641,34.95631],[139.767914,34.956276],[139.767928,34.956321],[139.767873,34.956507],[139.76775,34.95653],[139.767698,34.956641],[139.767942,34.956761],[139.767955,34.956817],[139.768229,34.956823],[139.768318,34.956992],[139.768291,34.95711],[139.768393,34.957218],[139.768373,34.957409],[139.76862,34.957479],[139.768681,34.957578],[139.768594,34.957674],[139.768559,34.95781],[139.768434,34.957792],[139.768407,34.957713],[139.768311,34.95765],[139.768202,34.957646],[139.768113,34.957578],[139.768003,34.957601],[139.767901,34.95751],[139.767662,34.957587],[139.767539,34.957703],[139.767388,34.957691],[139.767394,34.957595],[139.767259,34.957554],[139.767045,34.957674],[139.767019,34.957758],[139.767229,34.957867],[139.767209,34.957922],[139.766961,34.957993],[139.76696,34.958101],[139.766876,34.95813],[139.766794,34.958083],[139.766676,34.958096],[139.766559,34.958153],[139.766402,34.95804],[139.766423,34.957931],[139.766211,34.957877],[139.766113,34.957791],[139.76584,34.957731],[139.765717,34.957769],[139.765636,34.957854],[139.765547,34.957854],[139.765513,34.95782],[139.765591,34.95773],[139.76563,34.957576],[139.765615,34.957533],[139.765472,34.957505],[139.765407,34.957389],[139.764828,34.957364],[139.764685,34.957431],[139.76463,34.957567],[139.764514,34.957589],[139.764406,34.957513],[139.764288,34.957561],[139.76411,34.957539],[139.76402,34.957653],[139.763631,34.957781],[139.763597,34.957871],[139.763664,34.958208],[139.763563,34.958311],[139.763578,34.958382],[139.763717,34.958471],[139.763675,34.958538],[139.763378,34.958471],[139.763118,34.95857],[139.762906,34.958559],[139.762549,34.958764],[139.762279,34.958796],[139.762167,34.958784],[139.762028,34.958663],[139.761915,34.958819],[139.761818,34.958818],[139.761736,34.958744],[139.761792,34.958599],[139.761654,34.958541],[139.761476,34.958733],[139.761483,34.958796],[139.76136,34.958851],[139.761353,34.959052],[139.761278,34.959066],[139.761209,34.959038],[139.761183,34.958927],[139.761015,34.958965],[139.760882,34.958916],[139.761046,34.958828],[139.760908,34.958673],[139.7606,34.958688],[139.76045,34.958763],[139.760393,34.958859],[139.760216,34.958897],[139.759994,34.958866],[139.759788,34.958961],[139.759761,34.959055],[139.759482,34.959107],[139.759436,34.959218],[139.758985,34.959342],[139.758931,34.959274],[139.759046,34.959136],[139.759225,34.959111],[139.759534,34.958858],[139.759478,34.958809],[139.759056,34.958742],[139.758821,34.958812],[139.758657,34.958756],[139.758447,34.958826],[139.758386,34.958909],[139.75816,34.959029],[139.758224,34.959088],[139.758404,34.959053],[139.758446,34.959184],[139.758274,34.959263],[139.758104,34.959225],[139.757999,34.959289],[139.75794,34.959428],[139.757849,34.959483],[139.757775,34.959826],[139.7582,34.960088],[139.75847,34.960106],[139.758623,34.960164],[139.758657,34.960323],[139.758824,34.960378],[139.758896,34.960558],[139.758808,34.960694],[139.758828,34.960801],[139.758678,34.960903],[139.758493,34.960869],[139.758281,34.961078],[139.758192,34.961107],[139.758082,34.961292],[139.758123,34.961343],[139.758464,34.961181],[139.758883,34.961692],[139.758363,34.961951],[139.758558,34.962143],[139.758732,34.96216],[139.758766,34.962322],[139.758418,34.962447],[139.758253,34.962586],[139.757576,34.962914],[139.757471,34.963187],[139.756971,34.963073],[139.755967,34.963631],[139.754503,34.964739],[139.75454,34.9651],[139.754188,34.965832],[139.754457,34.966347],[139.754068,34.966565],[139.754194,34.966696],[139.755235,34.966703],[139.7553,34.966928],[139.755118,34.967117],[139.754562,34.967059],[139.754315,34.967228],[139.754271,34.967372],[139.754593,34.967562],[139.755769,34.967511],[139.755924,34.96766],[139.755769,34.967902],[139.755402,34.968049],[139.754787,34.968145],[139.754868,34.968478],[139.755584,34.96839],[139.755575,34.968566],[139.754882,34.968955],[139.75499,34.9693],[139.755297,34.969245],[139.755627,34.969273],[139.755654,34.968927],[139.756055,34.968826],[139.756247,34.969074],[139.756945,34.968973],[139.757084,34.969341],[139.756361,34.969533],[139.756478,34.969927],[139.755768,34.970144],[139.755663,34.970634],[139.75604,34.970775],[139.755842,34.971361],[139.755329,34.970901],[139.755064,34.971739],[139.754477,34.972487],[139.753594,34.973941],[139.753773,34.974244],[139.754298,34.974208],[139.754477,34.974365],[139.754392,34.974663],[139.75451,34.974655],[139.754674,34.974756],[139.754742,34.974956],[139.755891,34.974259],[139.756083,34.97444],[139.756089,34.974824],[139.755385,34.975602],[139.755496,34.975728]],[[139.753293,34.975053],[139.753338,34.975219],[139.753304,34.975492],[139.753439,34.975553],[139.753668,34.975458],[139.753728,34.975581],[139.753935,34.975581],[139.75395,34.975452],[139.753788,34.975255],[139.753916,34.974973],[139.753642,34.974973],[139.753484,34.974863],[139.753293,34.975053]],[[139.757881,34.960832],[139.757783,34.960955],[139.757787,34.961105],[139.757975,34.961191],[139.758162,34.960955],[139.758132,34.960823],[139.757881,34.960832]],[[139.765565,34.955195],[139.76555,34.955517],[139.765753,34.955566],[139.766004,34.955465],[139.765978,34.955284],[139.765745,34.95518],[139.765565,34.955195]],[[139.782298,34.978212],[139.782253,34.978531],[139.782448,34.978617],[139.782718,34.978341],[139.782763,34.978133],[139.782478,34.978065],[139.782298,34.978212]],[[139.824532,34.923605],[139.824543,34.924062],[139.824727,34.924341],[139.82496,34.92439],[139.82526,34.924301],[139.825234,34.924016],[139.825091,34.923786],[139.824877,34.923574],[139.824532,34.923605]],[[139.836278,34.902261],[139.836255,34.902325],[139.836451,34.902492],[139.836734,34.902577],[139.836963,34.902582],[139.837449,34.902871],[139.838025,34.902932],[139.838111,34.902884],[139.838079,34.902799],[139.837951,34.902768],[139.837719,34.902616],[139.837368,34.902558],[139.837217,34.902412],[139.837011,34.902418],[139.836558,34.902274],[139.836278,34.902261]],[[139.861015,34.902507],[139.86097,34.902701],[139.861199,34.902814],[139.861386,34.902725],[139.861476,34.902587],[139.861307,34.902461],[139.861172,34.902449],[139.861015,34.902507]],[[139.898823,34.900478],[139.899349,34.900364],[139.899607,34.900125],[139.899621,34.900029],[139.899381,34.900071],[139.89903,34.900334],[139.898814,34.900387],[139.898823,34.900478]],[[139.914127,34.902881],[139.913886,34.903016],[139.913901,34.903158],[139.91413,34.903283],[139.914371,34.903259],[139.914539,34.90309],[139.914521,34.902691],[139.914393,34.902621],[139.914127,34.902881]],[[140.050459,35.051437],[140.05039,35.051499],[140.050472,35.051618],[140.050739,35.051764],[140.050829,35.051713],[140.051075,35.051691],[140.05128,35.051742],[140.051431,35.05168],[140.051534,35.051725],[140.051561,35.051697],[140.051561,35.051589],[140.051465,35.051448],[140.051329,35.051443],[140.05126,35.051533],[140.05102,35.051454],[140.050924,35.051522],[140.050815,35.051443],[140.050603,35.051493],[140.050554,35.051437],[140.050459,35.051437]],[[140.063679,35.057632],[140.063885,35.057513],[140.064063,35.05753],[140.064186,35.057429],[140.064323,35.057057],[140.064474,35.057],[140.064556,35.056798],[140.064652,35.056736],[140.0647,35.0566],[140.06483,35.056454],[140.06481,35.0562],[140.064618,35.056155],[140.064241,35.056335],[140.064015,35.056499],[140.063953,35.056713],[140.063823,35.056758],[140.063707,35.056882],[140.063563,35.056944],[140.063131,35.056967],[140.062974,35.057068],[140.062775,35.057107],[140.06272,35.057451],[140.062891,35.057693],[140.063056,35.05775],[140.063186,35.057693],[140.06333,35.05771],[140.063535,35.05762],[140.063679,35.057632]],[[140.072475,35.054955],[140.072256,35.055022],[140.072222,35.055191],[140.07227,35.055242],[140.072139,35.055321],[140.072057,35.055467],[140.072071,35.055557],[140.072242,35.055704],[140.072763,35.055648],[140.072968,35.05558],[140.073098,35.055383],[140.073071,35.055213],[140.072722,35.054988],[140.072475,35.054955]],[[140.091621,35.06519],[140.091676,35.065258],[140.091923,35.065145],[140.092026,35.065043],[140.091991,35.064908],[140.091868,35.064869],[140.091621,35.06519]],[[140.101116,35.0896],[140.101363,35.089746],[140.101918,35.08991],[140.102056,35.089859],[140.102124,35.089758],[140.102179,35.089391],[140.102014,35.089143],[140.101891,35.089081],[140.101624,35.089013],[140.101343,35.089053],[140.101103,35.089205],[140.101054,35.08947],[140.101116,35.0896]],[[140.102876,35.077883],[140.103102,35.077922],[140.103177,35.077894],[140.10328,35.078047],[140.103547,35.078153],[140.103691,35.078148],[140.103739,35.078035],[140.103965,35.0779],[140.104116,35.077708],[140.104232,35.077686],[140.104362,35.077579],[140.104527,35.077568],[140.10465,35.077483],[140.104869,35.077472],[140.104965,35.077415],[140.105417,35.076947],[140.10539,35.076812],[140.105472,35.076739],[140.105595,35.076423],[140.105575,35.076158],[140.105465,35.076023],[140.105465,35.075927],[140.105253,35.075668],[140.105143,35.075572],[140.104863,35.0756],[140.104486,35.075544],[140.104287,35.075589],[140.104171,35.075764],[140.10391,35.07586],[140.10378,35.075769],[140.103403,35.075719],[140.103136,35.075803],[140.102725,35.076079],[140.102636,35.076389],[140.102746,35.076637],[140.102903,35.076778],[140.10302,35.076778],[140.10315,35.076694],[140.103314,35.076733],[140.103444,35.076694],[140.103499,35.07662],[140.103766,35.076485],[140.103849,35.076547],[140.103623,35.076767],[140.103472,35.076795],[140.103095,35.076993],[140.10304,35.077269],[140.102759,35.077635],[140.102787,35.077816],[140.102876,35.077883]],[[140.103656,35.085103],[140.104081,35.085352],[140.104177,35.08534],[140.104239,35.085222],[140.104253,35.084946],[140.104191,35.084895],[140.103869,35.084844],[140.103629,35.084979],[140.103656,35.085103]],[[140.103684,35.075634],[140.103951,35.075629],[140.104102,35.075505],[140.104088,35.075386],[140.103855,35.075352],[140.103705,35.07542],[140.103602,35.075572],[140.103684,35.075634]],[[140.105541,35.075854],[140.105835,35.076012],[140.106006,35.075944],[140.106561,35.075504],[140.106561,35.075414],[140.106664,35.075381],[140.10663,35.075183],[140.106438,35.075138],[140.106342,35.075212],[140.106205,35.075172],[140.106054,35.075228],[140.105897,35.075335],[140.105746,35.075566],[140.10563,35.075645],[140.105541,35.075854]],[[140.105972,35.085881],[140.105979,35.086022],[140.106143,35.086005],[140.106081,35.085887],[140.105972,35.085881]],[[140.107307,35.085874],[140.107331,35.086018],[140.107515,35.086101],[140.10772,35.085947],[140.10762,35.085814],[140.107395,35.085792],[140.107307,35.085874]],[[140.107486,35.075212],[140.107561,35.075285],[140.107924,35.075195],[140.108144,35.0748],[140.108109,35.074687],[140.108027,35.074676],[140.107986,35.074535],[140.10787,35.074535],[140.107685,35.074704],[140.107541,35.074947],[140.107486,35.075212]],[[140.107918,35.089076],[140.107692,35.089188],[140.107651,35.08925],[140.107657,35.089436],[140.107939,35.089498],[140.108151,35.089465],[140.108199,35.089391],[140.108206,35.0892],[140.108055,35.089047],[140.107918,35.089076]],[[140.108185,35.073875],[140.108288,35.073752],[140.108466,35.073656],[140.108493,35.073571],[140.108644,35.07347],[140.108678,35.073351],[140.108767,35.073312],[140.108884,35.073053],[140.108945,35.072703],[140.10874,35.072743],[140.108609,35.072664],[140.108116,35.072664],[140.108007,35.072748],[140.107993,35.072861],[140.108055,35.07294],[140.108,35.073036],[140.107719,35.073036],[140.107568,35.07312],[140.107281,35.073143],[140.107233,35.073278],[140.106869,35.073385],[140.10678,35.073475],[140.106589,35.073436],[140.10639,35.073475],[140.10613,35.073684],[140.10589,35.073712],[140.105774,35.073875],[140.105815,35.074112],[140.105938,35.074146],[140.106205,35.074078],[140.106376,35.074118],[140.106924,35.07387],[140.107006,35.073684],[140.107253,35.073548],[140.107507,35.07365],[140.10752,35.073774],[140.107685,35.073994],[140.107774,35.074011],[140.108185,35.073875]],[[140.108315,35.074783],[140.108425,35.074873],[140.108541,35.074856],[140.108712,35.074693],[140.108979,35.074541],[140.108979,35.074484],[140.108808,35.074372],[140.108706,35.074372],[140.108603,35.074467],[140.108459,35.074507],[140.108322,35.074698],[140.108315,35.074783]],[[140.108808,35.07418],[140.108966,35.074169],[140.109028,35.074219],[140.109151,35.074163],[140.109171,35.074028],[140.109048,35.073864],[140.108843,35.073858],[140.108445,35.074084],[140.108534,35.074163],[140.108692,35.074112],[140.108808,35.07418]],[[140.108822,35.074958],[140.108589,35.075239],[140.108569,35.075482],[140.108712,35.075493],[140.109,35.07533],[140.109281,35.075082],[140.109226,35.074986],[140.109219,35.074811],[140.109144,35.0748],[140.108822,35.074958]],[[140.108823,35.091105],[140.109214,35.091274],[140.10944,35.091319],[140.10979,35.091307],[140.110571,35.09102],[140.110729,35.090823],[140.110709,35.090631],[140.110565,35.090468],[140.110208,35.09036],[140.109811,35.090343],[140.109392,35.090406],[140.109097,35.09053],[140.108864,35.090744],[140.108768,35.090868],[140.108823,35.091105]],[[140.109241,35.092869],[140.10931,35.093043],[140.109509,35.093162],[140.109776,35.093201],[140.110222,35.093139],[140.110338,35.093015],[140.110235,35.092801],[140.110126,35.092728],[140.109769,35.092638],[140.10944,35.092694],[140.109241,35.092869]],[[140.109692,35.073904],[140.109931,35.074011],[140.110021,35.074112],[140.110096,35.074101],[140.110206,35.074],[140.110384,35.073938],[140.110493,35.073627],[140.110329,35.07361],[140.110151,35.073718],[140.110089,35.073813],[140.109925,35.073746],[140.109774,35.07378],[140.109692,35.073904]],[[140.110308,35.072607],[140.110692,35.07241],[140.110719,35.072128],[140.110658,35.072078],[140.110452,35.072066],[140.110349,35.072162],[140.110349,35.072252],[140.11026,35.072359],[140.110329,35.072461],[140.110267,35.072534],[140.110308,35.072607]],[[140.119903,35.087689],[140.119897,35.087773],[140.120123,35.087835],[140.120185,35.087779],[140.119972,35.087655],[140.119903,35.087689]],[[140.120671,35.088568],[140.120644,35.088664],[140.120843,35.088709],[140.120795,35.088579],[140.120671,35.088568]],[[140.120754,35.089312],[140.120596,35.089419],[140.120658,35.089453],[140.120754,35.089656],[140.120809,35.089678],[140.121213,35.089549],[140.121117,35.08934],[140.120966,35.089233],[140.120754,35.089312]],[[140.192045,35.112989],[140.191917,35.113137],[140.191895,35.113305],[140.191981,35.113397],[140.192976,35.113321],[140.192979,35.113051],[140.19266,35.112931],[140.19248,35.113011],[140.192217,35.112922],[140.192045,35.112989]],[[140.199339,35.110008],[140.199289,35.110116],[140.199492,35.110332],[140.199736,35.110365],[140.199874,35.110316],[140.199896,35.110193],[140.199721,35.110016],[140.199339,35.110008]],[[140.205312,35.110916],[140.205369,35.110952],[140.205538,35.110935],[140.205638,35.110814],[140.205604,35.110685],[140.205479,35.110644],[140.205325,35.110716],[140.205312,35.110916]],[[140.253268,35.127501],[140.253381,35.127667],[140.253455,35.127665],[140.253642,35.127547],[140.253663,35.127371],[140.253534,35.12727],[140.253406,35.12728],[140.253345,35.12732],[140.253268,35.127501]],[[140.259426,35.136105],[140.259396,35.136381],[140.259614,35.136513],[140.259846,35.13628],[140.259798,35.136086],[140.259426,35.136105]],[[140.278475,35.127826],[140.278386,35.127912],[140.278267,35.128216],[140.278565,35.128281],[140.278775,35.128194],[140.278794,35.127985],[140.278552,35.127822],[140.278475,35.127826]],[[140.308502,35.138353],[140.30863,35.138684],[140.309005,35.138746],[140.309238,35.138605],[140.309058,35.138298],[140.308772,35.138224],[140.308502,35.138353]]],[[[139.798863,35.313823],[139.800701,35.314033],[139.802461,35.314091],[139.805675,35.314306],[139.806379,35.314418],[139.8134,35.316075],[139.8134,35.315915],[139.813602,35.315138],[139.815491,35.315493],[139.81543,35.315715],[139.815755,35.315791],[139.815602,35.316355],[139.815928,35.316425],[139.816112,35.315841],[139.81642,35.315912],[139.816529,35.315678],[139.818266,35.31609],[139.818038,35.3168],[139.818254,35.31686],[139.818501,35.316158],[139.819619,35.316448],[139.819576,35.31662],[139.819768,35.316655],[139.819622,35.317082],[139.819504,35.317063],[139.819286,35.31777],[139.819473,35.318011],[139.820276,35.318031],[139.819263,35.319677],[139.817587,35.321584],[139.815591,35.322869],[139.81373,35.323562],[139.812174,35.323967],[139.809823,35.32417],[139.807455,35.324052],[139.798067,35.323021],[139.795006,35.322886],[139.792232,35.322818],[139.788067,35.32297],[139.786927,35.323151],[139.78367,35.323982],[139.776812,35.326415],[139.775383,35.326776],[139.771692,35.326758],[139.770687,35.326559],[139.767946,35.325737],[139.765874,35.32495],[139.763359,35.323756],[139.761704,35.323042],[139.760419,35.32221],[139.759252,35.321288],[139.758229,35.320167],[139.757497,35.319082],[139.757062,35.318024],[139.756728,35.316613],[139.756755,35.313675],[139.756918,35.312734],[139.757279,35.311803],[139.758139,35.310447],[139.759577,35.30881],[139.760826,35.307707],[139.76212,35.306857],[139.763631,35.306197],[139.765775,35.305555],[139.767439,35.305166],[139.771728,35.30504],[139.77332,35.305248],[139.77484,35.305564],[139.776224,35.306007],[139.777029,35.305564],[139.778296,35.305004],[139.781245,35.303855],[139.783091,35.303385],[139.78614,35.302969],[139.791441,35.301694],[139.807753,35.298159],[139.808685,35.297128],[139.809373,35.296622],[139.812558,35.295175],[139.813779,35.294777],[139.817597,35.293891],[139.819506,35.29371],[139.820519,35.29305],[139.82279,35.292137],[139.825857,35.291377],[139.826472,35.291188],[139.828336,35.290482],[139.830842,35.289244],[139.833565,35.287779],[139.836207,35.286223],[139.838532,35.28456],[139.838541,35.284388],[139.837953,35.283647],[139.837301,35.282525],[139.836695,35.281079],[139.836424,35.27984],[139.83636,35.277182],[139.836496,35.276223],[139.836071,35.275373],[139.835763,35.274587],[139.835302,35.272923],[139.835447,35.270635],[139.835999,35.268881],[139.836876,35.26729],[139.837808,35.266123],[139.838803,35.265165],[139.840215,35.264044],[139.844168,35.26125],[139.845579,35.260129],[139.849958,35.255436],[139.851397,35.253754],[139.852482,35.252298],[139.853849,35.250228],[139.854943,35.248248],[139.855857,35.246304],[139.856698,35.244097],[139.857422,35.241972],[139.857902,35.240399],[139.858363,35.238338],[139.858906,35.234938],[139.858824,35.232497],[139.858444,35.230941],[139.858146,35.229395],[139.858082,35.22756],[139.858309,35.226619],[139.856572,35.225932],[139.855278,35.225598],[139.852247,35.224259],[139.851225,35.223536],[139.846059,35.222017],[139.84291,35.220851],[139.841644,35.220254],[139.837645,35.217532],[139.835627,35.216357],[139.832814,35.214928],[139.831104,35.214142],[139.829159,35.213427],[139.826413,35.212207],[139.824024,35.210959],[139.8235,35.210597],[139.821563,35.20868],[139.820315,35.207252],[139.819645,35.206149],[139.818162,35.205461],[139.816244,35.204232],[139.814452,35.202387],[139.81286,35.20038],[139.811413,35.198119],[139.810037,35.195479],[139.809223,35.194286],[139.807414,35.190958],[139.807287,35.189819],[139.806817,35.188951],[139.806129,35.186745],[139.806183,35.183273],[139.806111,35.180795],[139.805658,35.17763],[139.805514,35.175515],[139.804808,35.173182],[139.804772,35.171446],[139.805007,35.170234],[139.805731,35.168806],[139.805767,35.167051],[139.806111,35.16584],[139.806961,35.164393],[139.807938,35.162133],[139.80792,35.160451],[139.807631,35.159673],[139.806834,35.158498],[139.806056,35.15716],[139.805713,35.15593],[139.805767,35.153525],[139.806111,35.151952],[139.80678,35.150812],[139.809512,35.14772],[139.810254,35.146291],[139.81105,35.145152],[139.812118,35.144031],[139.813584,35.143036],[139.813855,35.142006],[139.814488,35.140902],[139.815339,35.139872],[139.816696,35.138678],[139.819211,35.136996],[139.818903,35.135206],[139.819139,35.133759],[139.819808,35.132132],[139.820514,35.130866],[139.821871,35.129166],[139.821364,35.128443],[139.820369,35.125857],[139.81988,35.125585],[139.819048,35.124826],[139.818161,35.123922],[139.817311,35.122529],[139.815664,35.12148],[139.814271,35.120504],[139.813131,35.120106],[139.810435,35.119545],[139.808897,35.118876],[139.806979,35.117918],[139.805477,35.116779],[139.804265,35.115495],[139.803161,35.11365],[139.802419,35.11186],[139.802184,35.110413],[139.802166,35.108894],[139.802329,35.107664],[139.802817,35.106453],[139.80403,35.104265],[139.805061,35.103035],[139.806382,35.101878],[139.808336,35.100702],[139.810688,35.099563],[139.811195,35.097538],[139.811901,35.096127],[139.813692,35.094391],[139.815465,35.093197],[139.817438,35.092167],[139.819808,35.091443],[139.82207,35.091136],[139.824151,35.091082],[139.824892,35.09119],[139.825616,35.090991],[139.827733,35.090774],[139.830031,35.090846],[139.831443,35.088496],[139.829525,35.086054],[139.829199,35.086036],[139.826521,35.086344],[139.823933,35.086235],[139.821346,35.085819],[139.818958,35.08477],[139.81713,35.083306],[139.815737,35.081642],[139.814434,35.079291],[139.813873,35.078947],[139.812389,35.077446],[139.810924,35.074463],[139.80678,35.075855],[139.804156,35.07609],[139.801931,35.075964],[139.79994,35.075385],[139.797932,35.0743],[139.796104,35.072763],[139.794874,35.071063],[139.793915,35.069128],[139.792703,35.068169],[139.791436,35.066524],[139.790567,35.064535],[139.79026,35.062455],[139.79026,35.060249],[139.79073,35.058784],[139.791472,35.057102],[139.792902,35.055348],[139.795308,35.053793],[139.797715,35.052961],[139.800049,35.052527],[139.80412,35.052635],[139.805749,35.053015],[139.807504,35.053811],[139.808607,35.054625],[139.810127,35.055891],[139.811086,35.057301],[139.811864,35.059363],[139.813059,35.058386],[139.814307,35.057554],[139.81637,35.056795],[139.816859,35.054806],[139.816931,35.053992],[139.816931,35.052599],[139.815574,35.052672],[139.813855,35.052455],[139.811937,35.051966],[139.810032,35.051198],[139.807762,35.04995],[139.806287,35.04901],[139.805156,35.047997],[139.804152,35.046957],[139.803147,35.045673],[139.802324,35.044317],[139.801591,35.042925],[139.801012,35.041487],[139.80065,35.040266],[139.80047,35.039353],[139.80046,35.037174],[139.800786,35.035727],[139.801329,35.034416],[139.802053,35.033159],[139.80284,35.032011],[139.803763,35.03098],[139.804885,35.03013],[139.806251,35.029371],[139.807662,35.02881],[139.80882,35.028557],[139.809471,35.028023],[139.809734,35.026957],[139.810231,35.025474],[139.810847,35.024172],[139.812005,35.022725],[139.813452,35.021622],[139.81537,35.020672],[139.817551,35.019822],[139.819532,35.019479],[139.823549,35.019461],[139.824345,35.019551],[139.826399,35.019967],[139.828371,35.020627],[139.828841,35.019714],[139.829484,35.018728],[139.83028,35.017887],[139.831447,35.016974],[139.832768,35.016124],[139.833998,35.015573],[139.836197,35.01503],[139.838359,35.014904],[139.840277,35.015039],[139.840965,35.015292],[139.841426,35.014994],[139.842702,35.014533],[139.845606,35.014045],[139.845823,35.013403],[139.846257,35.010925],[139.846927,35.005898],[139.8467,35.001675],[139.845941,34.997444],[139.845769,34.993058],[139.846158,34.991775],[139.846691,34.9904],[139.847587,34.989315],[139.848718,34.988185],[139.849804,34.987362],[139.850918,34.98666],[139.851289,34.986928],[139.851632,34.986625],[139.852083,34.986982],[139.852158,34.986938],[139.85221,34.986964],[139.852663,34.987291],[139.85321,34.987909],[139.852504,34.988475],[139.852805,34.988765],[139.85312,34.988528],[139.853443,34.988844],[139.853818,34.988618],[139.854154,34.989026],[139.853805,34.989251],[139.854553,34.990126],[139.855135,34.989793],[139.855258,34.989887],[139.856002,34.991122],[139.856979,34.993713],[139.857165,34.994039],[139.857234,34.994279],[139.857396,34.995302],[139.857707,34.996625],[139.858142,34.998919],[139.858352,35.001742],[139.858352,35.002136],[139.858164,35.002706],[139.858141,35.00305],[139.857759,35.003041],[139.857763,35.003236],[139.858141,35.003227],[139.858165,35.003647],[139.858304,35.003988],[139.858223,35.004219],[139.858257,35.004763],[139.858233,35.005574],[139.858163,35.005881],[139.858157,35.006934],[139.858046,35.007352],[139.858025,35.008056],[139.857948,35.008344],[139.857976,35.008598],[139.857918,35.009043],[139.858079,35.009763],[139.857968,35.009975],[139.857826,35.010066],[139.857602,35.010427],[139.857355,35.010613],[139.857296,35.010725],[139.857424,35.012271],[139.857401,35.012476],[139.856996,35.013653],[139.856972,35.013885],[139.856433,35.01543],[139.855028,35.018988],[139.854386,35.020319],[139.852989,35.022416],[139.852639,35.022704],[139.852309,35.023088],[139.8523,35.023199],[139.851815,35.023622],[139.851714,35.023846],[139.851153,35.023883],[139.850941,35.024039],[139.850743,35.024102],[139.849045,35.024541],[139.848768,35.0239],[139.846393,35.022881],[139.846321,35.022943],[139.846861,35.02352],[139.848519,35.02422],[139.848798,35.024813],[139.848999,35.02502],[139.849139,35.025355],[139.847358,35.02591],[139.847276,35.025888],[139.847092,35.025555],[139.845571,35.0252],[139.845874,35.024227],[139.845386,35.024135],[139.844884,35.025555],[139.844075,35.025408],[139.844159,35.025158],[139.843651,35.025061],[139.844272,35.02411],[139.843998,35.023983],[139.843957,35.023974],[139.843857,35.024123],[139.843652,35.024086],[139.84345,35.024313],[139.843043,35.024287],[139.842742,35.024479],[139.842509,35.024541],[139.842435,35.024635],[139.842317,35.025043],[139.842131,35.025225],[139.842055,35.025242],[139.842018,35.025148],[139.841872,35.025077],[139.841811,35.025094],[139.841733,35.02535],[139.841615,35.025337],[139.841573,35.025396],[139.841372,35.025476],[139.841219,35.025427],[139.841159,35.025459],[139.841112,35.025586],[139.84124,35.025665],[139.841336,35.025849],[139.840573,35.027618],[139.840187,35.028272],[139.839919,35.028565],[139.839218,35.029054],[139.838711,35.029249],[139.838501,35.029044],[139.838306,35.02902],[139.838202,35.028928],[139.837906,35.028873],[139.837766,35.028946],[139.837736,35.029038],[139.837644,35.029089],[139.837681,35.02919],[139.837456,35.029504],[139.836458,35.030553],[139.835495,35.031323],[139.834443,35.031977],[139.834073,35.032113],[139.83319,35.032306],[139.833138,35.032354],[139.833098,35.032306],[139.832838,35.032278],[139.832646,35.032408],[139.832175,35.032525],[139.831269,35.032627],[139.830279,35.032845],[139.829716,35.03282],[139.82949,35.032876],[139.829002,35.032873],[139.827268,35.032718],[139.827185,35.032696],[139.827042,35.03254],[139.826496,35.032541],[139.825959,35.032217],[139.825904,35.032129],[139.825956,35.032121],[139.825986,35.032048],[139.825959,35.031924],[139.825883,35.031852],[139.825925,35.031743],[139.825865,35.031642],[139.825934,35.031549],[139.825829,35.031416],[139.825733,35.031418],[139.825676,35.031321],[139.825563,35.031324],[139.825453,35.031191],[139.825235,35.031243],[139.825041,35.031204],[139.824937,35.031279],[139.824769,35.031192],[139.824579,35.031309],[139.824198,35.031414],[139.824156,35.031502],[139.823996,35.031606],[139.823788,35.031609],[139.823663,35.031752],[139.823242,35.03192],[139.823014,35.032089],[139.822843,35.032076],[139.822384,35.032298],[139.822167,35.032302],[139.822061,35.032376],[139.821688,35.032358],[139.82145,35.032488],[139.821331,35.032476],[139.821272,35.032525],[139.821099,35.032521],[139.820896,35.032591],[139.820791,35.032559],[139.82066,35.032679],[139.820501,35.032702],[139.820308,35.032827],[139.820191,35.032812],[139.820114,35.032878],[139.819969,35.032888],[139.819778,35.033092],[139.819468,35.033213],[139.819218,35.033503],[139.819055,35.033508],[139.818957,35.033782],[139.819034,35.033879],[139.819026,35.033976],[139.818756,35.03446],[139.818514,35.034776],[139.818061,35.0351],[139.817618,35.035218],[139.817405,35.035374],[139.817169,35.035343],[139.817108,35.035478],[139.817014,35.035486],[139.816879,35.035356],[139.816806,35.035352],[139.816629,35.035098],[139.816408,35.03503],[139.816179,35.035032],[139.815992,35.035112],[139.815903,35.035189],[139.815858,35.03531],[139.815759,35.035329],[139.815594,35.035459],[139.815513,35.035551],[139.815544,35.035706],[139.815395,35.035781],[139.815307,35.035943],[139.81509,35.03604],[139.814893,35.035991],[139.814758,35.036067],[139.814721,35.036179],[139.81461,35.036189],[139.814529,35.036257],[139.814381,35.03622],[139.814249,35.036244],[139.814143,35.036344],[139.813879,35.036369],[139.813631,35.036311],[139.81337,35.036354],[139.813229,35.036321],[139.813168,35.036426],[139.813184,35.036536],[139.813057,35.036626],[139.812913,35.036628],[139.812732,35.036755],[139.812722,35.036815],[139.812772,35.036857],[139.812549,35.036892],[139.81233,35.036861],[139.812262,35.036913],[139.811901,35.036927],[139.811731,35.037146],[139.811648,35.037096],[139.811556,35.037168],[139.811259,35.037238],[139.81121,35.037334],[139.81108,35.037389],[139.810992,35.037348],[139.810827,35.037412],[139.810801,35.037482],[139.810554,35.037529],[139.810431,35.037445],[139.810368,35.037534],[139.81042,35.037684],[139.810396,35.037892],[139.810517,35.038231],[139.810493,35.038354],[139.810576,35.038506],[139.810557,35.038759],[139.81072,35.039061],[139.810811,35.03913],[139.810798,35.039322],[139.810989,35.03949],[139.811191,35.039761],[139.811264,35.039821],[139.811396,35.039831],[139.81152,35.04007],[139.81164,35.040113],[139.811798,35.040262],[139.811791,35.040377],[139.811958,35.04046],[139.812052,35.040628],[139.811951,35.040756],[139.811986,35.040904],[139.812021,35.040939],[139.812184,35.040891],[139.812457,35.041005],[139.812413,35.041104],[139.81209,35.041143],[139.811864,35.04131],[139.812045,35.041659],[139.812333,35.041904],[139.812397,35.041922],[139.812468,35.041875],[139.812603,35.041974],[139.812716,35.041958],[139.812786,35.041811],[139.813101,35.042075],[139.813146,35.042217],[139.813245,35.042266],[139.813261,35.042351],[139.813577,35.042574],[139.813834,35.042632],[139.813985,35.04257],[139.814186,35.042579],[139.814707,35.04289],[139.814985,35.042938],[139.815138,35.043034],[139.815159,35.043158],[139.815382,35.043225],[139.815443,35.043328],[139.815394,35.043417],[139.815504,35.043483],[139.815757,35.043398],[139.8158,35.043283],[139.815934,35.043234],[139.816052,35.042975],[139.816137,35.042972],[139.816189,35.042913],[139.816238,35.042751],[139.816196,35.04271],[139.816252,35.042687],[139.816304,35.042527],[139.816384,35.04248],[139.816474,35.04218],[139.816578,35.042006],[139.816613,35.041793],[139.817097,35.041273],[139.817189,35.041011],[139.817329,35.040941],[139.81742,35.040743],[139.817663,35.040462],[139.817699,35.040304],[139.818081,35.040003],[139.818107,35.03984],[139.818196,35.039647],[139.818312,35.039583],[139.81834,35.03942],[139.818634,35.039219],[139.818696,35.039008],[139.818816,35.038847],[139.818995,35.038739],[139.819079,35.038594],[139.819494,35.038437],[139.819805,35.038239],[139.820589,35.039926],[139.820842,35.039836],[139.820383,35.038901],[139.821967,35.038402],[139.822323,35.039214],[139.822684,35.039098],[139.822292,35.038157],[139.823056,35.037936],[139.82325,35.037574],[139.824109,35.037818],[139.823152,35.039778],[139.823511,35.039684],[139.824445,35.037796],[139.824963,35.037948],[139.826101,35.038366],[139.826457,35.038556],[139.829053,35.040583],[139.829356,35.040704],[139.829562,35.040913],[139.829699,35.040969],[139.830391,35.04169],[139.831083,35.042603],[139.831329,35.043116],[139.831555,35.043477],[139.831953,35.043953],[139.832609,35.045116],[139.832927,35.046212],[139.832899,35.047019],[139.832814,35.047563],[139.832573,35.048074],[139.832367,35.048254],[139.832207,35.048213],[139.832063,35.048263],[139.831913,35.048213],[139.831504,35.048332],[139.831392,35.048248],[139.83106,35.048266],[139.830722,35.048308],[139.830692,35.048363],[139.83071,35.048421],[139.830889,35.048529],[139.830893,35.048619],[139.83103,35.048721],[139.831036,35.048804],[139.831121,35.048874],[139.831179,35.048874],[139.831518,35.048546],[139.832144,35.048876],[139.83159,35.049749],[139.831608,35.049871],[139.831721,35.049894],[139.831742,35.049832],[139.832052,35.049741],[139.832073,35.049661],[139.832218,35.049846],[139.832273,35.050167],[139.832197,35.050181],[139.831994,35.050436],[139.83199,35.050521],[139.83209,35.050669],[139.83197,35.051028],[139.831787,35.051098],[139.83176,35.051188],[139.831847,35.051259],[139.831635,35.05165],[139.831311,35.05207],[139.830864,35.052348],[139.830596,35.052443],[139.829459,35.052494],[139.829323,35.052453],[139.829444,35.052364],[139.829238,35.052171],[139.829461,35.05182],[139.829299,35.051686],[139.829211,35.051714],[139.829167,35.051809],[139.829048,35.051856],[139.829014,35.051921],[139.828834,35.051968],[139.828818,35.052063],[139.828749,35.052064],[139.828562,35.052259],[139.828254,35.052256],[139.828162,35.052309],[139.828094,35.052251],[139.827932,35.052259],[139.827749,35.052201],[139.827474,35.052273],[139.827407,35.05246],[139.82742,35.052574],[139.827536,35.052744],[139.827471,35.052794],[139.827468,35.052871],[139.827573,35.053149],[139.827559,35.053343],[139.827617,35.053474],[139.827536,35.053555],[139.827434,35.05356],[139.827397,35.053674],[139.827559,35.053981],[139.827674,35.053987],[139.827615,35.055121],[139.827554,35.055181],[139.827562,35.055307],[139.827633,35.055347],[139.827658,35.056203],[139.827569,35.056405],[139.827192,35.056946],[139.826911,35.057533],[139.826856,35.058],[139.826651,35.058671],[139.826558,35.059231],[139.826349,35.059849],[139.826083,35.060389],[139.8254,35.061494],[139.825035,35.062213],[139.824336,35.063067],[139.823917,35.063783],[139.823795,35.063754],[139.823542,35.064276],[139.82292,35.064381],[139.822752,35.064324],[139.82241,35.064488],[139.822105,35.064564],[139.821986,35.064677],[139.821763,35.064594],[139.821709,35.064614],[139.821671,35.064725],[139.821439,35.064849],[139.821404,35.064958],[139.821183,35.065054],[139.821087,35.065014],[139.820893,35.065089],[139.8205,35.065137],[139.820455,35.065218],[139.820396,35.065166],[139.820076,35.065139],[139.819814,35.065302],[139.819616,35.065289],[139.819353,35.065502],[139.819349,35.065633],[139.819257,35.065705],[139.819212,35.065916],[139.819319,35.065991],[139.819485,35.066226],[139.819597,35.066253],[139.819661,35.066201],[139.819728,35.066271],[139.819985,35.066294],[139.820272,35.066556],[139.820216,35.066709],[139.820212,35.066966],[139.820306,35.067082],[139.820401,35.067126],[139.820523,35.067087],[139.820638,35.067143],[139.820808,35.067062],[139.821136,35.067259],[139.82139,35.067519],[139.821439,35.067793],[139.821416,35.068],[139.821341,35.068186],[139.821208,35.068257],[139.821193,35.068343],[139.821232,35.068473],[139.821201,35.068606],[139.821257,35.068635],[139.821236,35.069034],[139.821525,35.069219],[139.821812,35.069281],[139.822002,35.069231],[139.822166,35.069508],[139.822174,35.069847],[139.822119,35.069903],[139.822046,35.069837],[139.821836,35.069858],[139.8215,35.070055],[139.821493,35.070139],[139.821562,35.070252],[139.821438,35.070387],[139.82139,35.070556],[139.821411,35.070658],[139.821315,35.070991],[139.821336,35.071114],[139.821206,35.07121],[139.821178,35.071323],[139.821226,35.07174],[139.821281,35.071825],[139.821267,35.071996],[139.821355,35.072094],[139.821223,35.072224],[139.821363,35.072336],[139.821523,35.072349],[139.821594,35.072444],[139.822454,35.072794],[139.822955,35.073099],[139.823346,35.073233],[139.82358,35.073238],[139.82384,35.073336],[139.823924,35.073313],[139.824424,35.073572],[139.824641,35.073617],[139.824677,35.073692],[139.825076,35.073834],[139.825152,35.074024],[139.825478,35.074211],[139.825618,35.074187],[139.825662,35.074267],[139.825744,35.07428],[139.825845,35.074188],[139.826052,35.074411],[139.826214,35.074409],[139.826368,35.074501],[139.826604,35.074536],[139.826865,35.074649],[139.82701,35.074836],[139.826988,35.074988],[139.827044,35.075209],[139.827198,35.075398],[139.827279,35.075456],[139.827486,35.075485],[139.827545,35.075482],[139.827593,35.075398],[139.827743,35.075373],[139.827981,35.075542],[139.827973,35.075601],[139.828203,35.075826],[139.82853,35.07596],[139.828621,35.075992],[139.828769,35.07596],[139.828972,35.076056],[139.829106,35.076034],[139.829229,35.076098],[139.829759,35.076002],[139.830314,35.076219],[139.830563,35.076377],[139.830981,35.076512],[139.831268,35.076587],[139.831903,35.076612],[139.832197,35.076806],[139.832329,35.076975],[139.832699,35.077127],[139.832708,35.077179],[139.832797,35.077222],[139.833372,35.077368],[139.833477,35.077466],[139.833568,35.077477],[139.833566,35.077581],[139.833649,35.077656],[139.833865,35.077701],[139.834208,35.077993],[139.834399,35.078027],[139.834618,35.078173],[139.834734,35.078173],[139.834911,35.078287],[139.835339,35.078345],[139.835498,35.078303],[139.835909,35.078328],[139.835937,35.078399],[139.836028,35.078444],[139.83651,35.078635],[139.836784,35.078688],[139.837047,35.078583],[139.837102,35.078405],[139.837725,35.078263],[139.837782,35.07848],[139.837583,35.07884],[139.837855,35.078944],[139.838102,35.078475],[139.838281,35.07849],[139.83837,35.078547],[139.838617,35.078719],[139.838358,35.07888],[139.838091,35.079955],[139.838083,35.080137],[139.838444,35.080077],[139.839241,35.081865],[139.83937,35.081862],[139.839392,35.081901],[139.839396,35.082123],[139.839569,35.082126],[139.840771,35.08161],[139.840879,35.081638],[139.841518,35.082703],[139.841598,35.082732],[139.841635,35.082898],[139.84185,35.083107],[139.841973,35.083405],[139.842158,35.084363],[139.842226,35.085231],[139.842206,35.085677],[139.842338,35.085859],[139.842494,35.086233],[139.842336,35.086708],[139.842267,35.087277],[139.8423,35.088147],[139.842073,35.089428],[139.841895,35.090028],[139.841408,35.09117],[139.841149,35.092177],[139.840778,35.092896],[139.840218,35.093722],[139.83927,35.095763],[139.83854,35.09715],[139.838086,35.097727],[139.837625,35.098734],[139.837383,35.098675],[139.837104,35.099079],[139.836926,35.09897],[139.836083,35.099692],[139.833168,35.100203],[139.833101,35.100038],[139.832995,35.099968],[139.832958,35.09999],[139.832985,35.100232],[139.832238,35.100088],[139.832141,35.100115],[139.832073,35.100055],[139.831869,35.100023],[139.831791,35.100055],[139.83133,35.099945],[139.83121,35.099872],[139.831079,35.099901],[139.830966,35.099846],[139.830749,35.09988],[139.83027,35.099822],[139.830211,35.099854],[139.830185,35.099812],[139.830005,35.09979],[139.829947,35.099826],[139.829735,35.099766],[139.829645,35.0998],[139.829609,35.099758],[139.82916,35.099726],[139.829086,35.099772],[139.829022,35.099725],[139.828641,35.09973],[139.828555,35.099795],[139.828506,35.099733],[139.828341,35.099706],[139.828099,35.099774],[139.827921,35.09975],[139.827724,35.099821],[139.827616,35.100001],[139.827397,35.100125],[139.827384,35.100221],[139.8276,35.100253],[139.82764,35.100383],[139.827964,35.100427],[139.82809,35.100591],[139.828081,35.100667],[139.828332,35.100938],[139.828341,35.101119],[139.828488,35.101144],[139.828457,35.101227],[139.82902,35.101473],[139.829522,35.101615],[139.829495,35.101901],[139.829096,35.101937],[139.828742,35.102096],[139.828358,35.102062],[139.828404,35.101805],[139.828087,35.101727],[139.827854,35.101593],[139.827789,35.101454],[139.827801,35.101292],[139.827609,35.101242],[139.827523,35.101352],[139.827355,35.101397],[139.826979,35.101267],[139.826912,35.101256],[139.826828,35.101318],[139.826731,35.10129],[139.826635,35.100954],[139.826505,35.100903],[139.826364,35.100969],[139.826337,35.101136],[139.826266,35.101155],[139.826164,35.101054],[139.825896,35.101078],[139.825862,35.100919],[139.82568,35.100732],[139.82551,35.100746],[139.82535,35.100684],[139.825203,35.10074],[139.825117,35.100918],[139.825053,35.100936],[139.824921,35.100875],[139.824611,35.100863],[139.82456,35.100802],[139.824397,35.100794],[139.82432,35.100858],[139.824269,35.100826],[139.823721,35.100836],[139.823576,35.10089],[139.823528,35.101009],[139.823536,35.101086],[139.823577,35.101095],[139.823987,35.101098],[139.824519,35.101206],[139.824508,35.101291],[139.824645,35.101353],[139.824707,35.101507],[139.824715,35.101721],[139.824763,35.101743],[139.824811,35.101884],[139.824928,35.102003],[139.825058,35.10202],[139.825113,35.102093],[139.825199,35.102132],[139.82546,35.102105],[139.825727,35.102193],[139.825949,35.102195],[139.826351,35.102368],[139.826306,35.10254],[139.826091,35.102624],[139.82607,35.102726],[139.825956,35.102792],[139.826104,35.103056],[139.8265,35.103308],[139.826571,35.103308],[139.826743,35.103471],[139.826823,35.103457],[139.826929,35.103592],[139.827163,35.103671],[139.827309,35.103795],[139.82745,35.103796],[139.827552,35.103932],[139.827507,35.104068],[139.827319,35.104034],[139.82718,35.103945],[139.826703,35.103911],[139.826604,35.103827],[139.826461,35.103811],[139.826338,35.103913],[139.826415,35.10413],[139.826649,35.104252],[139.826755,35.10426],[139.826785,35.104322],[139.826972,35.104386],[139.827016,35.104456],[139.82741,35.104697],[139.827573,35.10485],[139.82772,35.105209],[139.827635,35.105443],[139.827623,35.105584],[139.827689,35.105629],[139.827675,35.105683],[139.827616,35.105713],[139.827588,35.105897],[139.827539,35.105911],[139.827487,35.106075],[139.827392,35.106147],[139.827058,35.106121],[139.826703,35.106179],[139.826663,35.106141],[139.826205,35.106129],[139.825885,35.105972],[139.825753,35.105967],[139.825586,35.105858],[139.825678,35.105761],[139.82562,35.105655],[139.825421,35.105696],[139.825317,35.105668],[139.825086,35.105739],[139.825072,35.105867],[139.825179,35.105924],[139.825374,35.106162],[139.825321,35.106292],[139.825226,35.106331],[139.825236,35.106388],[139.825099,35.106607],[139.824292,35.106591],[139.824236,35.106652],[139.824292,35.106877],[139.824198,35.10691],[139.824125,35.107103],[139.824091,35.10712],[139.823837,35.106965],[139.823673,35.107008],[139.823638,35.10707],[139.823749,35.107192],[139.823898,35.107232],[139.823966,35.107352],[139.824005,35.10753],[139.823957,35.10756],[139.823951,35.107821],[139.824111,35.107853],[139.82444,35.107518],[139.824651,35.107375],[139.824933,35.107343],[139.825231,35.107368],[139.825469,35.107492],[139.825696,35.107493],[139.8259,35.107587],[139.825962,35.107557],[139.826061,35.107612],[139.826176,35.107599],[139.826184,35.107677],[139.826132,35.107734],[139.82613,35.107913],[139.826188,35.107963],[139.826123,35.108011],[139.826162,35.108287],[139.826117,35.108372],[139.826134,35.10858],[139.82601,35.108582],[139.825964,35.108642],[139.825955,35.108896],[139.825664,35.109033],[139.825682,35.109243],[139.82554,35.109383],[139.82741,35.109386],[139.827685,35.109351],[139.828033,35.109822],[139.828141,35.110282],[139.827064,35.110261],[139.827051,35.110562],[139.828102,35.110575],[139.828094,35.110968],[139.827183,35.110959],[139.826876,35.111068],[139.826835,35.111357],[139.827116,35.111484],[139.826871,35.112074],[139.826991,35.112159],[139.825983,35.112864],[139.82541,35.112336],[139.824827,35.113199],[139.824879,35.113247],[139.824763,35.113303],[139.824728,35.113377],[139.824356,35.113477],[139.824125,35.113591],[139.824049,35.113664],[139.824111,35.113799],[139.824248,35.113771],[139.82537,35.114017],[139.826096,35.114485],[139.826961,35.114857],[139.827569,35.115344],[139.827741,35.11555],[139.828045,35.116085],[139.828327,35.116858],[139.828402,35.117352],[139.82834,35.118021],[139.828223,35.118297],[139.828385,35.118673],[139.829071,35.118302],[139.829501,35.118257],[139.829996,35.118458],[139.830245,35.118651],[139.829882,35.119018],[139.830193,35.119268],[139.830591,35.11893],[139.830988,35.119048],[139.831292,35.119375],[139.831693,35.120007],[139.831874,35.120735],[139.831804,35.121161],[139.831699,35.121332],[139.831571,35.121433],[139.831584,35.121582],[139.83189,35.121566],[139.831801,35.121918],[139.831605,35.122158],[139.831571,35.122328],[139.831605,35.122406],[139.831525,35.122489],[139.831486,35.122675],[139.831265,35.122699],[139.831104,35.122643],[139.83098,35.12274],[139.830904,35.122876],[139.830884,35.123095],[139.830943,35.123133],[139.831057,35.123161],[139.831252,35.123127],[139.831547,35.123219],[139.831822,35.123433],[139.831311,35.123596],[139.831175,35.123851],[139.831184,35.12424],[139.831351,35.124412],[139.831608,35.124407],[139.832012,35.124288],[139.832324,35.124174],[139.832359,35.123594],[139.832439,35.123567],[139.832583,35.123631],[139.832748,35.123631],[139.832825,35.123567],[139.833085,35.123581],[139.833127,35.123528],[139.83323,35.123556],[139.833459,35.123494],[139.83374,35.123604],[139.83385,35.123823],[139.834059,35.123692],[139.834204,35.123737],[139.834381,35.123712],[139.834563,35.123748],[139.834955,35.12397],[139.835418,35.124433],[139.835569,35.124706],[139.835559,35.124821],[139.835605,35.124927],[139.835675,35.12496],[139.835664,35.125038],[139.835725,35.125154],[139.835774,35.125168],[139.835874,35.125372],[139.836164,35.125576],[139.836247,35.125687],[139.83635,35.126023],[139.836254,35.12633],[139.836158,35.126436],[139.835967,35.126398],[139.835733,35.126543],[139.835548,35.126559],[139.835498,35.12662],[139.835468,35.126838],[139.835371,35.126918],[139.835376,35.126983],[139.835751,35.127115],[139.837147,35.126987],[139.838083,35.128128],[139.839059,35.128774],[139.839553,35.129794],[139.839466,35.130561],[139.839294,35.131288],[139.838911,35.132096],[139.838479,35.13247],[139.838475,35.132798],[139.838298,35.132798],[139.838251,35.133426],[139.83814,35.133549],[139.837849,35.133589],[139.837847,35.133431],[139.837351,35.133435],[139.837354,35.133236],[139.83592,35.132825],[139.83578,35.132954],[139.83609,35.133494],[139.836412,35.133627],[139.836392,35.135159],[139.836758,35.135081],[139.837073,35.134473],[139.837501,35.134576],[139.837297,35.134998],[139.837398,35.135492],[139.837343,35.136014],[139.837215,35.136587],[139.837139,35.136852],[139.836558,35.138034],[139.836721,35.138047],[139.835264,35.140167],[139.834405,35.141259],[139.833237,35.142877],[139.832384,35.143763],[139.831469,35.144548],[139.83116,35.144754],[139.830471,35.145094],[139.830303,35.145239],[139.830128,35.145256],[139.830086,35.14534],[139.82995,35.14536],[139.829931,35.145477],[139.830037,35.145535],[139.830113,35.145718],[139.829871,35.14565],[139.829899,35.145838],[139.830179,35.14615],[139.830227,35.146304],[139.830401,35.146382],[139.830636,35.146954],[139.830634,35.147211],[139.830412,35.148197],[139.830159,35.148807],[139.829913,35.149036],[139.829433,35.14935],[139.829283,35.149525],[139.828924,35.150067],[139.828456,35.150984],[139.828158,35.151384],[139.827909,35.151598],[139.827745,35.151527],[139.827584,35.15159],[139.827604,35.151746],[139.827397,35.151883],[139.827341,35.151828],[139.827029,35.151859],[139.826873,35.151972],[139.826775,35.15193],[139.826528,35.15199],[139.826376,35.152095],[139.825885,35.152231],[139.82592,35.15235],[139.825737,35.15249],[139.825532,35.152571],[139.825522,35.152627],[139.825435,35.152618],[139.825234,35.152734],[139.825174,35.1527],[139.824899,35.152783],[139.824855,35.152753],[139.824637,35.152792],[139.824529,35.152853],[139.824318,35.152837],[139.824289,35.152887],[139.824216,35.152837],[139.824052,35.152863],[139.824021,35.152918],[139.823941,35.152879],[139.823778,35.152907],[139.823694,35.152862],[139.823559,35.152891],[139.823555,35.153075],[139.823309,35.15318],[139.822769,35.153192],[139.822727,35.153243],[139.8227,35.153211],[139.822482,35.153233],[139.82242,35.153177],[139.822178,35.15321],[139.822037,35.153166],[139.821965,35.153212],[139.821528,35.153232],[139.821416,35.153312],[139.821232,35.153313],[139.820941,35.153467],[139.820813,35.153475],[139.820602,35.153618],[139.820551,35.153741],[139.820284,35.153836],[139.820274,35.153903],[139.820201,35.153869],[139.81975,35.15402],[139.819697,35.153983],[139.819444,35.154017],[139.819385,35.153984],[139.819133,35.154042],[139.818978,35.154014],[139.818842,35.154073],[139.818831,35.154121],[139.818726,35.154108],[139.818545,35.154217],[139.818484,35.154208],[139.818324,35.154293],[139.81833,35.154347],[139.818171,35.154337],[139.817831,35.154463],[139.817816,35.15456],[139.817704,35.15457],[139.817651,35.154442],[139.817568,35.154445],[139.817424,35.154521],[139.81735,35.154497],[139.817133,35.154595],[139.816806,35.154642],[139.816599,35.154762],[139.816648,35.15482],[139.817041,35.15488],[139.817631,35.154747],[139.81798,35.154767],[139.818152,35.15491],[139.817999,35.154933],[139.817953,35.155042],[139.817729,35.155134],[139.817722,35.1552],[139.817834,35.155294],[139.818071,35.155325],[139.81807,35.15545],[139.818167,35.155549],[139.818282,35.155543],[139.818478,35.155658],[139.81861,35.155635],[139.818841,35.155795],[139.818798,35.156043],[139.818701,35.156222],[139.818467,35.156293],[139.817984,35.156206],[139.818001,35.156347],[139.817798,35.156301],[139.817768,35.156342],[139.81796,35.156528],[139.817732,35.156567],[139.817764,35.156646],[139.817904,35.156684],[139.818049,35.156894],[139.818114,35.156908],[139.818224,35.157127],[139.818209,35.157443],[139.818128,35.157464],[139.817858,35.157356],[139.817818,35.157445],[139.818135,35.157768],[139.8182,35.157767],[139.818214,35.157841],[139.818364,35.157971],[139.818518,35.15801],[139.818511,35.158105],[139.818681,35.158234],[139.818745,35.158461],[139.818895,35.158598],[139.818933,35.159268],[139.818875,35.159357],[139.818874,35.159485],[139.81846,35.159545],[139.818408,35.159604],[139.818481,35.159729],[139.818591,35.159797],[139.819366,35.159859],[139.819426,35.16],[139.81937,35.160373],[139.819214,35.160462],[139.819063,35.160421],[139.818975,35.160547],[139.818896,35.160495],[139.818617,35.16053],[139.818624,35.160694],[139.818701,35.16084],[139.818798,35.16085],[139.818777,35.160933],[139.818999,35.161306],[139.81903,35.161471],[139.81891,35.161522],[139.81863,35.161277],[139.818587,35.161308],[139.818572,35.161441],[139.818794,35.16168],[139.818637,35.161672],[139.818633,35.16175],[139.818708,35.161848],[139.818916,35.161951],[139.818934,35.162023],[139.818802,35.161979],[139.81879,35.162057],[139.819272,35.162599],[139.819296,35.162699],[139.819525,35.163017],[139.819636,35.163093],[139.819983,35.163027],[139.82047,35.163224],[139.820497,35.163353],[139.82128,35.163523],[139.822054,35.164481],[139.822057,35.164535],[139.821917,35.165349],[139.821992,35.165417],[139.821886,35.166141],[139.821399,35.166306],[139.820681,35.166755],[139.819755,35.167537],[139.81894,35.167843],[139.818134,35.167554],[139.816521,35.168752],[139.816835,35.169474],[139.816762,35.169533],[139.817039,35.169731],[139.817642,35.169292],[139.818068,35.169354],[139.818399,35.169763],[139.818281,35.169976],[139.817269,35.170864],[139.817055,35.170683],[139.816996,35.170798],[139.816879,35.170821],[139.81679,35.170956],[139.816653,35.171041],[139.816543,35.171288],[139.81633,35.171485],[139.816248,35.171638],[139.816063,35.171773],[139.81598,35.171778],[139.815973,35.171987],[139.815658,35.172359],[139.817031,35.17306],[139.817353,35.172663],[139.817799,35.172579],[139.818099,35.17284],[139.818274,35.173259],[139.818389,35.173807],[139.818259,35.173937],[139.818059,35.174038],[139.818073,35.17414],[139.818012,35.17419],[139.818046,35.174591],[139.81797,35.174647],[139.817929,35.174934],[139.818039,35.175109],[139.818183,35.17512],[139.818025,35.175351],[139.817723,35.175312],[139.81762,35.175222],[139.817284,35.175165],[139.817202,35.175244],[139.81703,35.175165],[139.816852,35.175233],[139.816618,35.175244],[139.816598,35.175357],[139.816543,35.175391],[139.816563,35.17561],[139.816303,35.175684],[139.816234,35.175807],[139.816248,35.175926],[139.816151,35.175999],[139.816151,35.17614],[139.81622,35.176213],[139.816097,35.176258],[139.81611,35.176489],[139.816158,35.176529],[139.816076,35.176568],[139.816151,35.176732],[139.81609,35.176799],[139.816158,35.177098],[139.816241,35.17716],[139.816412,35.177132],[139.816522,35.177205],[139.816604,35.177346],[139.816708,35.177385],[139.816721,35.177453],[139.816872,35.17752],[139.816831,35.177695],[139.816954,35.177752],[139.817023,35.17796],[139.816886,35.178135],[139.816941,35.178338],[139.817009,35.178372],[139.816961,35.17849],[139.817037,35.178529],[139.816954,35.178636],[139.816975,35.178676],[139.817215,35.178642],[139.817504,35.178681],[139.817559,35.17871],[139.817579,35.178805],[139.817634,35.178783],[139.81773,35.178619],[139.817764,35.178433],[139.817922,35.178292],[139.818135,35.178377],[139.818135,35.178535],[139.818265,35.178715],[139.818004,35.178884],[139.817949,35.179087],[139.817922,35.17907],[139.817771,35.179262],[139.818224,35.179493],[139.818169,35.179786],[139.817455,35.179718],[139.817099,35.179588],[139.817023,35.179617],[139.81703,35.179746],[139.817318,35.179977],[139.817106,35.179988],[139.81703,35.180045],[139.816989,35.180338],[139.817139,35.180411],[139.817153,35.180479],[139.817057,35.180541],[139.816961,35.180732],[139.816844,35.180839],[139.816803,35.181149],[139.816899,35.181104],[139.817064,35.181324],[139.817133,35.18129],[139.817208,35.181341],[139.817284,35.181115],[139.81749,35.18111],[139.817586,35.181206],[139.817778,35.181223],[139.818004,35.181104],[139.81854,35.181031],[139.818704,35.181093],[139.818746,35.1812],[139.818732,35.181425],[139.818615,35.181476],[139.818622,35.181679],[139.818512,35.181826],[139.818354,35.181752],[139.81821,35.181792],[139.817991,35.181752],[139.817915,35.181837],[139.817819,35.181809],[139.817654,35.182102],[139.817737,35.182429],[139.817682,35.182513],[139.817757,35.182722],[139.817709,35.182795],[139.817751,35.183138],[139.81784,35.183285],[139.817888,35.18351],[139.817949,35.183561],[139.817936,35.183685],[139.818018,35.183865],[139.818011,35.18399],[139.81797,35.184023],[139.817737,35.183967],[139.817675,35.184035],[139.81751,35.184023],[139.817455,35.184125],[139.817359,35.184062],[139.817256,35.184175],[139.817181,35.184125],[139.816961,35.184248],[139.816948,35.184434],[139.816865,35.184536],[139.816886,35.184665],[139.816645,35.185032],[139.816645,35.185325],[139.816872,35.185162],[139.817057,35.185319],[139.81705,35.185595],[139.817009,35.185674],[139.817188,35.185747],[139.817133,35.185821],[139.81716,35.185866],[139.817304,35.185933],[139.817325,35.185995],[139.81751,35.186125],[139.817771,35.186187],[139.817853,35.186114],[139.818141,35.186057],[139.818296,35.186088],[139.818464,35.186249],[139.818526,35.186418],[139.818512,35.186632],[139.818114,35.186998],[139.818066,35.187117],[139.817963,35.187134],[139.818025,35.187427],[139.817894,35.187427],[139.817894,35.1875],[139.817977,35.187652],[139.81799,35.187793],[139.818073,35.187849],[139.818114,35.188097],[139.818038,35.188182],[139.81808,35.1883],[139.818341,35.188492],[139.81832,35.188712],[139.81845,35.188852],[139.818519,35.189072],[139.818608,35.189106],[139.818588,35.189269],[139.818464,35.189252],[139.818828,35.189754],[139.818752,35.189861],[139.81878,35.189973],[139.819048,35.190255],[139.819164,35.190306],[139.819288,35.190295],[139.819404,35.190385],[139.819487,35.190362],[139.819823,35.190808],[139.820125,35.191078],[139.820077,35.191146],[139.820276,35.191202],[139.820468,35.191349],[139.820605,35.191552],[139.820818,35.191698],[139.820948,35.191861],[139.820907,35.191985],[139.821086,35.192312],[139.821237,35.192425],[139.821731,35.192588],[139.821848,35.192712],[139.82193,35.192876],[139.821957,35.193214],[139.821566,35.193659],[139.821559,35.193732],[139.821635,35.193794],[139.82158,35.19389],[139.821628,35.194132],[139.821929,35.194352],[139.822129,35.194803],[139.822396,35.194825],[139.822547,35.19495],[139.822602,35.195169],[139.822561,35.19549],[139.822609,35.195569],[139.822822,35.195704],[139.822952,35.195704],[139.823378,35.19584],[139.823975,35.196285],[139.824002,35.196454],[139.823941,35.196572],[139.823776,35.196629],[139.823748,35.19686],[139.824043,35.196989],[139.824105,35.19708],[139.824126,35.197519],[139.824016,35.197609],[139.824043,35.197772],[139.824592,35.198094],[139.824743,35.198105],[139.824881,35.198195],[139.8251,35.198223],[139.82521,35.198302],[139.825347,35.198308],[139.825505,35.198387],[139.825608,35.198375],[139.825841,35.198517],[139.825998,35.198459],[139.826192,35.198303],[139.826482,35.198243],[139.826469,35.198354],[139.826996,35.198608],[139.827049,35.198539],[139.827323,35.198656],[139.827941,35.199001],[139.828093,35.199198],[139.828363,35.199727],[139.82847,35.199711],[139.828813,35.199993],[139.828894,35.199998],[139.829088,35.200145],[139.829334,35.200202],[139.829664,35.200618],[139.829823,35.20101],[139.83022,35.201717],[139.830348,35.2021],[139.830419,35.202506],[139.830385,35.202658],[139.830186,35.202811],[139.830089,35.202822],[139.829788,35.203239],[139.83103,35.203892],[139.831237,35.20363],[139.83138,35.203712],[139.831572,35.203735],[139.831853,35.203909],[139.832093,35.20396],[139.832293,35.204078],[139.83245,35.204253],[139.832979,35.204484],[139.833327,35.204778],[139.833446,35.204743],[139.833485,35.204643],[139.833552,35.20462],[139.833789,35.204693],[139.83394,35.204682],[139.834262,35.204439],[139.834509,35.204377],[139.834701,35.204383],[139.835024,35.204575],[139.835601,35.205138],[139.835802,35.205456],[139.835786,35.205668],[139.835834,35.205696],[139.83615,35.205618],[139.836246,35.205657],[139.836486,35.205916],[139.83639,35.206012],[139.836452,35.206186],[139.836849,35.206513],[139.837165,35.206569],[139.837398,35.20675],[139.83757,35.206806],[139.837968,35.206846],[139.838641,35.207003],[139.839547,35.20706],[139.839842,35.207206],[139.839972,35.207342],[139.840075,35.207364],[139.840542,35.20768],[139.840624,35.207821],[139.840789,35.207928],[139.840919,35.20795],[139.841139,35.208159],[139.841729,35.208435],[139.842189,35.208519],[139.842673,35.208785],[139.843155,35.208823],[139.843748,35.208679],[139.844322,35.208881],[139.84473,35.209128],[139.845279,35.209643],[139.845401,35.210537],[139.845368,35.210731],[139.845701,35.210815],[139.845785,35.211198],[139.846578,35.211812],[139.847412,35.212102],[139.847566,35.212346],[139.847988,35.212825],[139.848838,35.213299],[139.853813,35.2145],[139.855101,35.214967],[139.855778,35.215141],[139.856584,35.215601],[139.857007,35.215927],[139.858073,35.215803],[139.858591,35.216091],[139.859589,35.216984],[139.860574,35.217537],[139.861269,35.217767],[139.861791,35.217787],[139.861941,35.217621],[139.862174,35.217581],[139.862572,35.217694],[139.863217,35.218224],[139.863484,35.217805],[139.864347,35.217668],[139.865119,35.217426],[139.866762,35.216558],[139.867775,35.217214],[139.867294,35.217532],[139.867942,35.218168],[139.867329,35.218798],[139.867114,35.218779],[139.866651,35.218996],[139.866058,35.218481],[139.865904,35.218648],[139.865763,35.21895],[139.866319,35.219283],[139.86671,35.219384],[139.867046,35.219694],[139.867911,35.220833],[139.868289,35.221532],[139.86835,35.221717],[139.868366,35.22201],[139.868954,35.223464],[139.869153,35.224315],[139.869332,35.226332],[139.869269,35.227442],[139.869284,35.228181],[139.870443,35.228186],[139.870435,35.228117],[139.870498,35.228113],[139.870733,35.228507],[139.870631,35.228887],[139.870678,35.229105],[139.870687,35.22985],[139.870624,35.230531],[139.870692,35.230666],[139.870428,35.232084],[139.870067,35.232953],[139.869874,35.233777],[139.869847,35.23443],[139.869729,35.234869],[139.869719,35.235172],[139.869827,35.23581],[139.86978,35.236331],[139.869319,35.237512],[139.86932,35.237818],[139.869509,35.238575],[139.869448,35.239289],[139.869023,35.240797],[139.868701,35.242735],[139.868454,35.243474],[139.868212,35.244028],[139.868114,35.244429],[139.866588,35.249028],[139.865941,35.250507],[139.866002,35.250531],[139.863917,35.253813],[139.86389,35.253952],[139.864367,35.254174],[139.863731,35.25513],[139.86353,35.255405],[139.861607,35.257453],[139.860447,35.25923],[139.859064,35.260531],[139.858737,35.260909],[139.858075,35.261961],[139.857621,35.262558],[139.850591,35.268577],[139.848851,35.270143],[139.847731,35.270827],[139.846786,35.271601],[139.846606,35.271626],[139.84629,35.27178],[139.846222,35.272052],[139.846247,35.272105],[139.846405,35.27212],[139.84659,35.272034],[139.846857,35.27207],[139.846934,35.271978],[139.847113,35.27203],[139.847217,35.272187],[139.847226,35.272291],[139.847746,35.272557],[139.847864,35.27254],[139.848341,35.272867],[139.848677,35.273708],[139.848757,35.274291],[139.848746,35.274672],[139.84865,35.275173],[139.847999,35.27701],[139.848027,35.27704],[139.847132,35.278237],[139.847668,35.278435],[139.848662,35.277452],[139.850362,35.276366],[139.851634,35.277702],[139.850927,35.277982],[139.851097,35.278277],[139.851831,35.277992],[139.852585,35.280293],[139.8526,35.280514],[139.852542,35.280869],[139.852612,35.281406],[139.8526,35.281675],[139.85255,35.281965],[139.852452,35.282147],[139.852938,35.282199],[139.852952,35.282248],[139.853022,35.282262],[139.853282,35.28223],[139.853289,35.28244],[139.85328,35.283377],[139.852947,35.283529],[139.852791,35.283851],[139.852821,35.284735],[139.852152,35.2853],[139.852073,35.28547],[139.852023,35.285933],[139.851946,35.286087],[139.851753,35.286271],[139.851353,35.286458],[139.85096,35.286718],[139.850836,35.286865],[139.850625,35.287357],[139.8499,35.287851],[139.84966,35.28836],[139.84689,35.290577],[139.846907,35.290701],[139.846712,35.290838],[139.846529,35.290769],[139.845093,35.291843],[139.843338,35.293022],[139.841878,35.294174],[139.836407,35.296912],[139.833304,35.297965],[139.831435,35.298704],[139.830835,35.298957],[139.829495,35.299672],[139.828869,35.299939],[139.828106,35.300205],[139.82797,35.300006],[139.827806,35.300031],[139.826772,35.300553],[139.825917,35.300916],[139.826084,35.301328],[139.825726,35.301509],[139.824788,35.301849],[139.821615,35.302896],[139.821285,35.302275],[139.821024,35.302376],[139.821335,35.303],[139.819523,35.303655],[139.819089,35.302823],[139.816419,35.303783],[139.816882,35.304757],[139.815648,35.30526],[139.814664,35.305533],[139.813756,35.305922],[139.807313,35.307502],[139.802314,35.30863],[139.800997,35.308827],[139.79839,35.309515],[139.79765,35.30976],[139.794317,35.310573],[139.793079,35.310812],[139.792414,35.311048],[139.785833,35.312224],[139.783889,35.312698],[139.782435,35.313502],[139.779754,35.314674],[139.776539,35.31584],[139.775087,35.316517],[139.774426,35.316739],[139.773919,35.316779],[139.77345,35.316648],[139.7729,35.31638],[139.772542,35.315976],[139.771967,35.315017],[139.771288,35.314507],[139.771171,35.314164],[139.768088,35.314452],[139.767724,35.314901],[139.767631,35.315507],[139.767847,35.315643],[139.768527,35.315719],[139.769002,35.316042],[139.770071,35.315976],[139.770843,35.315986],[139.771739,35.316562],[139.772672,35.31738],[139.773178,35.317668],[139.773648,35.317764],[139.774327,35.317723],[139.776613,35.316764],[139.778206,35.316446],[139.778787,35.316234],[139.78006,35.315522],[139.781128,35.314992],[139.781863,35.314674],[139.782438,35.314578],[139.783222,35.314573],[139.783698,35.314694],[139.783957,35.314643],[139.784674,35.314351],[139.785131,35.314285],[139.789579,35.314154],[139.790536,35.313978],[139.793326,35.313786],[139.798863,35.313823]],[[139.800234,35.061703],[139.800091,35.061815],[139.800255,35.061979],[139.800345,35.061913],[139.800365,35.061764],[139.800234,35.061703]],[[139.804123,35.066681],[139.804034,35.066843],[139.804074,35.066966],[139.804245,35.067017],[139.804326,35.066968],[139.804411,35.066712],[139.804389,35.066675],[139.804123,35.066681]],[[139.815175,35.108599],[139.814971,35.109069],[139.814612,35.109069],[139.81418,35.108685],[139.813809,35.108756],[139.813809,35.109205],[139.813544,35.10972],[139.813655,35.110174],[139.814032,35.110861],[139.814477,35.110922],[139.815094,35.111452],[139.815953,35.111366],[139.816095,35.110881],[139.816682,35.110952],[139.816571,35.11074],[139.816354,35.110513],[139.816787,35.109967],[139.816706,35.109841],[139.816342,35.109735],[139.816144,35.109442],[139.816101,35.10865],[139.815835,35.108453],[139.815558,35.108362],[139.815175,35.108599]],[[139.815737,35.107715],[139.815647,35.107942],[139.815805,35.108243],[139.816495,35.108163],[139.81651,35.107752],[139.816188,35.10758],[139.815737,35.107715]],[[139.816863,35.107869],[139.816833,35.108004],[139.817028,35.108206],[139.817321,35.108163],[139.817314,35.107991],[139.817163,35.107832],[139.816863,35.107869]],[[139.820664,35.028556],[139.820366,35.028678],[139.820056,35.028656],[139.819871,35.028846],[139.820133,35.028918],[139.820468,35.028842],[139.820711,35.028842],[139.820924,35.028931],[139.821118,35.028763],[139.821136,35.028631],[139.820975,35.028558],[139.820664,35.028556]],[[139.820669,35.14983],[139.820271,35.15013],[139.820511,35.150333],[139.821254,35.150351],[139.82178,35.150578],[139.8219,35.150449],[139.821907,35.149946],[139.821479,35.149793],[139.820669,35.14983]],[[139.821787,35.099992],[139.821547,35.100194],[139.821547,35.100354],[139.822335,35.100427],[139.822935,35.100575],[139.823063,35.100342],[139.822996,35.100219],[139.8225,35.099992],[139.822215,35.099937],[139.821787,35.099992]],[[139.823096,35.114025],[139.822623,35.114397],[139.822644,35.114594],[139.822836,35.114684],[139.822946,35.114662],[139.823048,35.114628],[139.823076,35.114543],[139.823226,35.114538],[139.823343,35.114431],[139.823425,35.114425],[139.823466,35.114284],[139.823432,35.11416],[139.823357,35.114098],[139.82335,35.114002],[139.823206,35.113935],[139.823096,35.114025]],[[139.823686,35.149419],[139.823724,35.14975],[139.824272,35.150222],[139.824399,35.150057],[139.824369,35.149578],[139.824204,35.149407],[139.823889,35.149333],[139.823686,35.149419]],[[139.824549,35.144873],[139.824399,35.145106],[139.824414,35.145376],[139.824602,35.145511],[139.825127,35.145425],[139.825315,35.145192],[139.825337,35.144891],[139.82512,35.144793],[139.824797,35.144732],[139.824549,35.144873]],[[139.830156,35.135383],[139.830066,35.135659],[139.830156,35.135996],[139.830419,35.135917],[139.83108,35.135929],[139.831305,35.135524],[139.8312,35.135389],[139.830306,35.135229],[139.830156,35.135383]],[[139.837918,35.024341],[139.837925,35.024611],[139.837994,35.024709],[139.837969,35.024834],[139.838141,35.024959],[139.838299,35.025031],[139.838535,35.025017],[139.838871,35.024913],[139.838924,35.024823],[139.838835,35.024664],[139.838582,35.024554],[139.838499,35.024439],[139.83829,35.024368],[139.838214,35.024394],[139.838088,35.024296],[139.837918,35.024341]]],[[[139.959546,34.96775],[139.960244,34.968823],[139.960719,34.969883],[139.961011,34.971315],[139.96207,34.973254],[139.962544,34.973672],[139.963092,34.974314],[139.963384,34.974985],[139.964059,34.975806],[139.966177,34.977626],[139.966761,34.978461],[139.966414,34.978655],[139.966506,34.978984],[139.966853,34.981102],[139.96691,34.981774],[139.966241,34.980816],[139.965082,34.980309],[139.964938,34.979459],[139.964721,34.979188],[139.963798,34.978537],[139.962956,34.977579],[139.961952,34.975969],[139.961174,34.97521],[139.959926,34.975987],[139.958261,34.9736],[139.957537,34.972027],[139.957537,34.970544],[139.957067,34.969803],[139.956632,34.968302],[139.957067,34.968085],[139.957374,34.968247],[139.957718,34.968247],[139.95836,34.967958],[139.959546,34.96775]]],[[[139.979947,35.012516],[139.980489,35.013059],[139.981713,35.014029],[139.98279,35.015059],[139.984104,35.016476],[139.986404,35.018565],[139.989599,35.021683],[139.991479,35.023906],[139.991844,35.024413],[139.991939,35.025256],[139.991184,35.024379],[139.988795,35.02192],[139.983982,35.017725],[139.980327,35.014976],[139.979097,35.013348],[139.979947,35.012516]]],[[[139.997797,35.029687],[139.998617,35.029545],[140.005554,35.032902],[140.008156,35.035049],[140.007794,35.03541],[140.002185,35.031758],[139.997797,35.029687]]],[[[140.036187,35.052625],[140.037676,35.052485],[140.038734,35.053171],[140.039364,35.053364],[140.04047,35.053379],[140.041814,35.054425],[140.040819,35.054596],[140.036187,35.052625]]],[[[140.097678,35.07807],[140.098707,35.07769],[140.099118,35.077488],[140.099757,35.077511],[140.100259,35.077675],[140.100971,35.077772],[140.101181,35.078048],[140.101153,35.078674],[140.100752,35.07892],[140.099793,35.079189],[140.099135,35.079525],[140.09847,35.079458],[140.09795,35.078988],[140.097678,35.07807]],[[140.098662,35.078085],[140.098388,35.078421],[140.09836,35.078727],[140.098443,35.078995],[140.09878,35.079144],[140.099319,35.079129],[140.099675,35.078674],[140.100369,35.078786],[140.100533,35.078607],[140.100515,35.078286],[140.100031,35.077995],[140.099191,35.077682],[140.098662,35.078085]]],[[[140.107524,35.109834],[140.107643,35.109304],[140.108008,35.108655],[140.108273,35.108386],[140.108456,35.108341],[140.109305,35.108879],[140.110007,35.109774],[140.110181,35.11008],[140.11007,35.110593],[140.108336,35.110494],[140.107524,35.109834]]],[[[140.145866,35.118487],[140.146299,35.118233],[140.147066,35.118084],[140.14859,35.117927],[140.148965,35.117785],[140.149467,35.117203],[140.149722,35.117136],[140.151402,35.118039],[140.151374,35.119404],[140.151466,35.119881],[140.151346,35.120114],[140.150839,35.120114],[140.150297,35.120946],[140.148939,35.120964],[140.148867,35.120187],[140.148559,35.119662],[140.14827,35.119499],[140.147293,35.119355],[140.146786,35.119011],[140.145866,35.118487]],[[140.148253,35.119262],[140.14891,35.11959],[140.149494,35.119665],[140.149339,35.118591],[140.149503,35.118539],[140.14975,35.118658],[140.15048,35.119501],[140.150662,35.119389],[140.150836,35.119009],[140.150881,35.118501],[140.150608,35.118024],[140.150124,35.11777],[140.149567,35.117726],[140.149293,35.117905],[140.149083,35.1183],[140.148271,35.118934],[140.148253,35.119262]]],[[[140.169893,35.123912],[140.170241,35.123537],[140.171236,35.123082],[140.171455,35.122559],[140.171528,35.122067],[140.172049,35.12112],[140.172541,35.120956],[140.173494,35.120964],[140.17286,35.121145],[140.172589,35.121561],[140.172372,35.122176],[140.171992,35.123821],[140.171503,35.124093],[140.170707,35.125214],[140.169947,35.126154],[140.16973,35.126226],[140.169621,35.125883],[140.170019,35.125123],[140.170038,35.124364],[140.169893,35.123912]]],[[[140.197251,35.118089],[140.197707,35.11789],[140.197999,35.116718],[140.198565,35.117069],[140.198939,35.115868],[140.199687,35.115793],[140.200536,35.115398],[140.200591,35.11554],[140.200491,35.116062],[140.19977,35.116741],[140.19929,35.11739],[140.19929,35.117763],[140.199655,35.117763],[140.200404,35.117434],[140.201737,35.116435],[140.201828,35.116435],[140.201791,35.117166],[140.202704,35.117166],[140.2017,35.117942],[140.201682,35.118091],[140.20181,35.118464],[140.201609,35.118568],[140.199199,35.118628],[140.199163,35.118792],[140.199893,35.119463],[140.200021,35.119941],[140.199783,35.120314],[140.199382,35.120508],[140.199144,35.120314],[140.198706,35.120075],[140.198451,35.12015],[140.197821,35.119942],[140.197396,35.119915],[140.197423,35.119282],[140.197663,35.118776],[140.197251,35.118089]]],[[[140.241565,35.129038],[140.242072,35.128721],[140.243916,35.130228],[140.244518,35.130899],[140.244664,35.131451],[140.246052,35.133713],[140.245618,35.134382],[140.24531,35.134057],[140.245039,35.133586],[140.244641,35.133098],[140.244261,35.132755],[140.243935,35.130928],[140.24303,35.13006],[140.242216,35.129608],[140.241565,35.129038]]],[[[140.314309,35.14233],[140.314725,35.142619],[140.315829,35.141389],[140.315847,35.142456],[140.316444,35.143089],[140.316643,35.14365],[140.316932,35.143596],[140.316987,35.142872],[140.317186,35.142782],[140.317312,35.143035],[140.317747,35.143216],[140.318235,35.143216],[140.318308,35.143505],[140.317765,35.144518],[140.317783,35.144735],[140.318018,35.144771],[140.318597,35.144355],[140.319013,35.144283],[140.319375,35.144373],[140.319375,35.144753],[140.319086,35.145097],[140.318561,35.145277],[140.318507,35.1462],[140.316611,35.146679],[140.316394,35.144798],[140.315933,35.144418],[140.315064,35.144147],[140.314558,35.143695],[140.31425,35.143261],[140.314159,35.1427],[140.314309,35.14233]]],[[[140.36543,35.181038],[140.36662,35.180051],[140.367095,35.180603],[140.366073,35.181408],[140.366146,35.181617],[140.367533,35.181438],[140.367533,35.181647],[140.366894,35.182125],[140.367843,35.18214],[140.367916,35.182498],[140.367223,35.182915],[140.367131,35.183154],[140.367277,35.183258],[140.367989,35.183273],[140.368409,35.183467],[140.368209,35.183706],[140.367478,35.184198],[140.367515,35.184303],[140.368574,35.184571],[140.368994,35.1849],[140.368847,35.185153],[140.367843,35.185108],[140.36733,35.184917],[140.366566,35.183423],[140.366255,35.182617],[140.365543,35.181483],[140.36543,35.181038]]],[[[140.397959,35.26633],[140.398234,35.266494],[140.398472,35.269045],[140.399056,35.271343],[140.399165,35.271447],[140.399914,35.275237],[140.400005,35.276773],[140.399628,35.276963],[140.399185,35.274332],[140.398611,35.273112],[140.398014,35.270743],[140.397959,35.269857],[140.397326,35.267723],[140.397326,35.266402],[140.397959,35.26633]]],[[[140.40108,35.286485],[140.401575,35.286754],[140.401812,35.287545],[140.402123,35.287948],[140.402196,35.28844],[140.402237,35.290007],[140.403259,35.291006],[140.404573,35.29164],[140.404875,35.291939],[140.404948,35.292282],[140.404966,35.293386],[140.40513,35.293811],[140.404966,35.294251],[140.404528,35.294356],[140.403582,35.293827],[140.40275,35.293845],[140.402279,35.292904],[140.402243,35.292091],[140.401718,35.291639],[140.401139,35.290698],[140.400361,35.288528],[140.400343,35.287425],[140.400578,35.287479],[140.400922,35.287678],[140.400958,35.286937],[140.40108,35.286485]]]]}}]}
