{"type":"FeatureCollection","features":[{"type":"Feature","properties":{"potaRef":"JP-0124","nameJa":"中央アルプス","nameEn":"Chuo Alps Quasi-National Park","authority":"環境省 生物多様性「見える化」マップ","boundaryStatus":"全国GIS候補・公開前検証待ち","boundarySource":"環境省 生物多様性「見える化」マップの自然公園区域を、POTA代表座標で一意に空間照合して加工","boundaryScaleNote":"区域は概要データであり、正確性は保証されない。POTA運用可否は公式情報で最終確認すること。","candidateMethod":"POTA representative point inside one public natural-park area","sourceParkKind":"国定公園","sourceName":"中央アルプス","sourceFeatureCount":30,"cautionMeters":75},"geometry":{"type":"MultiPolygon","coordinates":[[[[137.807381,35.785923],[137.80752,35.784553],[137.808363,35.783634],[137.808615,35.783135],[137.808681,35.783092],[137.808869,35.78323],[137.809166,35.78298],[137.809036,35.782859],[137.809168,35.78278],[137.809086,35.781929],[137.809142,35.781386],[137.808751,35.779914],[137.808697,35.779241],[137.809061,35.778798],[137.809587,35.777889],[137.809331,35.776914],[137.809341,35.775558],[137.809784,35.774701],[137.810184,35.774238],[137.809969,35.773954],[137.809713,35.772978],[137.81387,35.775479],[137.816479,35.779295],[137.816496,35.779351],[137.815039,35.784137],[137.815616,35.784279],[137.81622,35.78433],[137.816454,35.784401],[137.816852,35.784284],[137.818875,35.784141],[137.819557,35.783996],[137.819778,35.783907],[137.817854,35.789914],[137.817762,35.797463],[137.816941,35.797197],[137.81602,35.797183],[137.815509,35.797055],[137.814958,35.796545],[137.814578,35.796324],[137.813929,35.795712],[137.81346,35.795482],[137.813115,35.795036],[137.812164,35.793571],[137.811575,35.792566],[137.811087,35.79235],[137.81063,35.791952],[137.809377,35.791308],[137.808873,35.790868],[137.808008,35.790693],[137.807086,35.790202],[137.805117,35.789796],[137.80459,35.789567],[137.804609,35.78948],[137.806187,35.787286],[137.807381,35.785923]],[[137.813483,35.77727],[137.813242,35.777369],[137.813091,35.777557],[137.812509,35.778071],[137.812292,35.778799],[137.814625,35.778994],[137.814061,35.778007],[137.813944,35.777665],[137.81375,35.777552],[137.81354,35.777264],[137.813483,35.77727]]],[[[137.813483,35.77727],[137.81354,35.777264],[137.81375,35.777552],[137.813944,35.777665],[137.814061,35.778007],[137.814625,35.778994],[137.812292,35.778799],[137.812509,35.778071],[137.813091,35.777557],[137.813242,35.777369],[137.813483,35.77727]]],[[[137.544547,35.649047],[137.545726,35.648535],[137.546286,35.6484],[137.54712,35.648092],[137.547156,35.647862],[137.547825,35.647743],[137.548836,35.647726],[137.548718,35.647947],[137.548561,35.649363],[137.547763,35.650083],[137.547388,35.649562],[137.546746,35.649607],[137.545735,35.650164],[137.545446,35.650476],[137.545425,35.650338],[137.545051,35.649668],[137.545085,35.649337],[137.544989,35.649204],[137.544547,35.649047]]],[[[137.545727,35.625698],[137.547115,35.625003],[137.547127,35.625063],[137.548081,35.625223],[137.547894,35.625832],[137.547487,35.626156],[137.547376,35.626413],[137.548303,35.627241],[137.548043,35.628502],[137.547921,35.629635],[137.54873,35.62994],[137.549214,35.630462],[137.549423,35.630542],[137.549666,35.630718],[137.549564,35.630803],[137.549572,35.630909],[137.549757,35.631086],[137.54985,35.631404],[137.550032,35.631716],[137.549959,35.632266],[137.550106,35.63247],[137.550307,35.632628],[137.550358,35.632742],[137.550262,35.633069],[137.550398,35.633433],[137.550377,35.633747],[137.550311,35.634012],[137.55005,35.63429],[137.55001,35.634565],[137.550489,35.63492],[137.550954,35.635083],[137.550867,35.635408],[137.550195,35.635147],[137.549192,35.634973],[137.548326,35.634674],[137.548339,35.63495],[137.548456,35.635152],[137.547444,35.634729],[137.54746,35.633803],[137.548065,35.63342],[137.548016,35.63313],[137.54764,35.632808],[137.547329,35.631663],[137.546443,35.631251],[137.546015,35.63082],[137.545785,35.630094],[137.545598,35.628846],[137.545919,35.628098],[137.545995,35.627449],[137.545445,35.62692],[137.545335,35.62634],[137.545727,35.625698]]],[[[137.695261,35.767638],[137.69637,35.7654],[137.696287,35.763051],[137.696689,35.763079],[137.696859,35.762927],[137.696573,35.762442],[137.697096,35.762782],[137.697202,35.76291],[137.697489,35.762816],[137.697623,35.762653],[137.699881,35.763101],[137.703024,35.761466],[137.703351,35.761571],[137.703221,35.761908],[137.702646,35.762596],[137.702845,35.762876],[137.700957,35.764035],[137.700767,35.764216],[137.700147,35.764388],[137.699185,35.764447],[137.698036,35.765772],[137.698109,35.76585],[137.698135,35.766215],[137.697865,35.766701],[137.697936,35.767086],[137.697817,35.767964],[137.69758,35.767987],[137.697393,35.768173],[137.697298,35.768778],[137.69603,35.768381],[137.695544,35.768094],[137.695377,35.767899],[137.695261,35.767638]]],[[[137.76785,35.755855],[137.76778,35.755875],[137.767522,35.755651],[137.764164,35.752624],[137.764296,35.752459],[137.76488,35.752088],[137.765269,35.75188],[137.765828,35.751671],[137.766672,35.751126],[137.766543,35.749805],[137.767155,35.74983],[137.767332,35.749999],[137.767825,35.749894],[137.767996,35.750124],[137.768138,35.750099],[137.770544,35.750419],[137.770735,35.751963],[137.771864,35.752908],[137.771156,35.753377],[137.772308,35.756388],[137.76785,35.755855]]],[[[137.827554,35.77066],[137.827432,35.770948],[137.826156,35.771669],[137.825768,35.772682],[137.826223,35.772958],[137.826347,35.773577],[137.826111,35.774568],[137.82598,35.775366],[137.825938,35.775971],[137.825981,35.775989],[137.825862,35.776132],[137.827392,35.776647],[137.82762,35.776778],[137.828321,35.776625],[137.828166,35.77698],[137.828174,35.777297],[137.828303,35.777374],[137.828937,35.777356],[137.829206,35.777235],[137.829708,35.777113],[137.830064,35.776923],[137.82948,35.778048],[137.829852,35.778322],[137.829999,35.778686],[137.830044,35.778932],[137.830207,35.779043],[137.830813,35.779132],[137.831591,35.779061],[137.832703,35.77836],[137.833402,35.778037],[137.833508,35.77836],[137.833815,35.778736],[137.834739,35.779368],[137.83528,35.779809],[137.83472,35.780362],[137.834366,35.780957],[137.834034,35.781351],[137.83336,35.782526],[137.833094,35.782761],[137.832512,35.783132],[137.83205,35.783334],[137.83064,35.783689],[137.829874,35.784155],[137.829516,35.784285],[137.829344,35.784436],[137.830051,35.784986],[137.83071,35.785273],[137.83124,35.785388],[137.832044,35.785433],[137.831759,35.785877],[137.83079,35.786231],[137.829737,35.786915],[137.828211,35.787512],[137.828136,35.787582],[137.828185,35.788613],[137.827675,35.788626],[137.82743,35.788774],[137.826973,35.789175],[137.826387,35.789528],[137.826221,35.789883],[137.826229,35.790687],[137.826095,35.791063],[137.826136,35.79131],[137.826111,35.791757],[137.826297,35.791974],[137.826298,35.792028],[137.826123,35.792197],[137.826089,35.792339],[137.826185,35.792689],[137.826821,35.792536],[137.827455,35.792642],[137.828342,35.792567],[137.828033,35.794051],[137.828431,35.793949],[137.828744,35.793965],[137.829288,35.794249],[137.829857,35.794265],[137.830258,35.794483],[137.830037,35.794972],[137.830028,35.795226],[137.830115,35.795726],[137.830054,35.796015],[137.83078,35.795434],[137.830985,35.795161],[137.831106,35.795091],[137.831732,35.795091],[137.832173,35.795263],[137.832374,35.795189],[137.832887,35.794842],[137.833381,35.794872],[137.833952,35.794827],[137.834184,35.794877],[137.83447,35.795087],[137.83464,35.795094],[137.835067,35.79477],[137.835388,35.794675],[137.835633,35.794693],[137.835826,35.794771],[137.836091,35.79503],[137.836438,35.795243],[137.836656,35.795549],[137.836837,35.795711],[137.837333,35.795409],[137.837468,35.795144],[137.837611,35.795009],[137.838007,35.795011],[137.838584,35.795159],[137.83888,35.795405],[137.838992,35.795785],[137.838988,35.79618],[137.839106,35.796292],[137.839311,35.796361],[137.839423,35.796379],[137.83978,35.796286],[137.84064,35.795762],[137.84072,35.795667],[137.840652,35.795932],[137.840625,35.79662],[137.840575,35.796674],[137.841336,35.796903],[137.843036,35.797526],[137.841671,35.798433],[137.841758,35.798556],[137.841934,35.798651],[137.842023,35.798853],[137.842265,35.798972],[137.842438,35.799265],[137.841737,35.800284],[137.841448,35.80109],[137.841329,35.801701],[137.841108,35.801838],[137.840762,35.801909],[137.840649,35.802035],[137.840307,35.802655],[137.839925,35.802905],[137.839837,35.803062],[137.840049,35.803104],[137.840929,35.802962],[137.841331,35.803054],[137.841717,35.803261],[137.841918,35.803306],[137.842438,35.803291],[137.842799,35.803381],[137.843386,35.803236],[137.843554,35.803285],[137.844429,35.803319],[137.845426,35.803475],[137.8456,35.803429],[137.845999,35.803178],[137.846792,35.803803],[137.847259,35.80428],[137.847121,35.804636],[137.847202,35.80507],[137.846764,35.80511],[137.8466,35.805227],[137.846294,35.80529],[137.84622,35.805364],[137.845971,35.805321],[137.845587,35.805458],[137.845095,35.805411],[137.844636,35.805291],[137.844309,35.805073],[137.843503,35.805269],[137.843351,35.805198],[137.842804,35.805342],[137.842284,35.805632],[137.841997,35.805697],[137.841147,35.806194],[137.840973,35.806113],[137.840833,35.806114],[137.840729,35.806232],[137.840531,35.806344],[137.840407,35.806535],[137.839864,35.806707],[137.839358,35.806655],[137.839015,35.806726],[137.838679,35.806693],[137.838311,35.806701],[137.838142,35.80676],[137.837202,35.806747],[137.834925,35.807364],[137.834169,35.807616],[137.83391,35.807756],[137.833995,35.808365],[137.834424,35.810422],[137.834005,35.81042],[137.833686,35.810543],[137.833302,35.810522],[137.832247,35.810107],[137.831746,35.809796],[137.831054,35.80954],[137.8303,35.809503],[137.830168,35.809539],[137.829945,35.809768],[137.829667,35.809902],[137.829099,35.81036],[137.828801,35.810527],[137.828686,35.810548],[137.828314,35.810487],[137.828027,35.810601],[137.827889,35.810954],[137.82757,35.811225],[137.827519,35.811318],[137.827366,35.811389],[137.827188,35.811636],[137.826566,35.811916],[137.826031,35.812418],[137.825973,35.81281],[137.826008,35.812944],[137.824698,35.813282],[137.823684,35.814062],[137.822135,35.815784],[137.821353,35.817706],[137.821521,35.818732],[137.820415,35.819489],[137.820271,35.819642],[137.818843,35.81802],[137.818533,35.817729],[137.819992,35.817246],[137.82092,35.816354],[137.820002,35.814982],[137.82156,35.813627],[137.82343,35.813211],[137.823588,35.812594],[137.824062,35.812146],[137.823627,35.811522],[137.82322,35.810693],[137.823964,35.809721],[137.825165,35.808523],[137.824589,35.807547],[137.825458,35.806658],[137.825101,35.805867],[137.82543,35.805277],[137.825404,35.805206],[137.822824,35.803656],[137.822381,35.802294],[137.821424,35.80177],[137.820642,35.801],[137.818177,35.802048],[137.816364,35.800558],[137.814273,35.801557],[137.812862,35.800533],[137.812554,35.799665],[137.811512,35.799502],[137.810712,35.798848],[137.810594,35.797861],[137.809529,35.797965],[137.80911,35.797012],[137.807969,35.797136],[137.80731,35.796291],[137.806415,35.79613],[137.805955,35.797763],[137.805198,35.798486],[137.805428,35.799655],[137.805174,35.801208],[137.803921,35.801218],[137.802488,35.802422],[137.801415,35.802025],[137.800151,35.798474],[137.799299,35.797274],[137.798225,35.796401],[137.798105,35.795491],[137.796588,35.795363],[137.796057,35.794363],[137.794881,35.794766],[137.794099,35.794577],[137.793927,35.795723],[137.793204,35.795939],[137.792981,35.797122],[137.791669,35.796891],[137.791309,35.797832],[137.790363,35.79806],[137.791701,35.800072],[137.790402,35.800793],[137.789342,35.80271],[137.788106,35.802079],[137.785774,35.800604],[137.783808,35.801306],[137.782406,35.800997],[137.782154,35.800892],[137.781595,35.799882],[137.780061,35.794945],[137.780539,35.793343],[137.780686,35.788624],[137.782634,35.78773],[137.785553,35.788822],[137.787086,35.788035],[137.786749,35.787429],[137.788426,35.786222],[137.791119,35.786319],[137.791802,35.785503],[137.792694,35.784048],[137.793693,35.783831],[137.794577,35.780605],[137.79644,35.779882],[137.795746,35.779223],[137.797018,35.775452],[137.795552,35.77467],[137.794604,35.772901],[137.792266,35.770379],[137.792592,35.769527],[137.79059,35.767835],[137.788536,35.765418],[137.787014,35.765755],[137.786193,35.765719],[137.784505,35.76537],[137.785117,35.764857],[137.787088,35.764311],[137.786901,35.763029],[137.786977,35.761758],[137.786314,35.760816],[137.784521,35.760671],[137.783888,35.76102],[137.783153,35.760779],[137.781915,35.76055],[137.780188,35.760792],[137.778084,35.760778],[137.777816,35.760809],[137.776875,35.761675],[137.775969,35.761316],[137.775291,35.760417],[137.774925,35.759471],[137.774573,35.758847],[137.774946,35.758803],[137.775864,35.758846],[137.777014,35.758995],[137.777518,35.759195],[137.777606,35.759345],[137.777949,35.759591],[137.778407,35.759764],[137.77881,35.760058],[137.7793,35.760285],[137.779393,35.760527],[137.780163,35.760495],[137.780801,35.760204],[137.781256,35.760159],[137.781603,35.760043],[137.782,35.760082],[137.785453,35.758932],[137.786713,35.759742],[137.787892,35.75994],[137.7899,35.75919],[137.792933,35.761011],[137.794341,35.760028],[137.796323,35.763773],[137.796933,35.764661],[137.804499,35.764082],[137.804944,35.763353],[137.805251,35.762118],[137.803603,35.759483],[137.806828,35.758671],[137.806369,35.755022],[137.807394,35.75202],[137.802569,35.751687],[137.802322,35.748847],[137.801131,35.746693],[137.798172,35.746079],[137.799034,35.742725],[137.79732,35.740025],[137.79908,35.738043],[137.799989,35.734661],[137.79908,35.729898],[137.802149,35.725386],[137.802616,35.724179],[137.805781,35.723265],[137.804384,35.720614],[137.808286,35.720198],[137.806672,35.716568],[137.807929,35.715686],[137.806301,35.714079],[137.807764,35.712286],[137.805143,35.709625],[137.806524,35.707308],[137.804896,35.704438],[137.802374,35.703862],[137.802069,35.703077],[137.799029,35.701695],[137.796305,35.700855],[137.79468,35.699367],[137.794543,35.699341],[137.798749,35.698131],[137.800666,35.696554],[137.804353,35.696581],[137.808939,35.695686],[137.80802,35.694083],[137.810203,35.693248],[137.807587,35.689285],[137.80416,35.688643],[137.805552,35.687077],[137.804744,35.686096],[137.802977,35.68251],[137.800356,35.680494],[137.799802,35.678123],[137.80044,35.67834],[137.80027,35.676175],[137.800907,35.675219],[137.800517,35.673725],[137.801547,35.668359],[137.800741,35.666607],[137.801309,35.665633],[137.802135,35.666461],[137.80243,35.666614],[137.802768,35.666877],[137.802846,35.667092],[137.803388,35.667461],[137.803505,35.667654],[137.803551,35.667852],[137.80396,35.668485],[137.803987,35.668858],[137.804139,35.669384],[137.804257,35.6702],[137.804983,35.670359],[137.80513,35.670183],[137.805347,35.670303],[137.805554,35.670131],[137.80568,35.670519],[137.805987,35.670623],[137.805891,35.670839],[137.805587,35.670843],[137.805508,35.671067],[137.805312,35.671111],[137.805023,35.671024],[137.804975,35.670892],[137.804803,35.67088],[137.804695,35.671401],[137.804899,35.671502],[137.805241,35.671438],[137.805691,35.671566],[137.806041,35.671288],[137.806134,35.671335],[137.806074,35.671488],[137.805784,35.671689],[137.805319,35.67215],[137.804982,35.672285],[137.805186,35.672992],[137.805583,35.67296],[137.805734,35.673029],[137.806071,35.673421],[137.8064,35.673049],[137.806639,35.67304],[137.807251,35.672872],[137.807049,35.673183],[137.806718,35.673219],[137.806697,35.67332],[137.807608,35.673243],[137.807498,35.673465],[137.807096,35.673535],[137.806901,35.673911],[137.807266,35.674035],[137.807491,35.674287],[137.808191,35.674496],[137.808804,35.67482],[137.810925,35.674891],[137.811463,35.674996],[137.812264,35.674977],[137.813028,35.675038],[137.813182,35.675519],[137.813683,35.675971],[137.813677,35.676326],[137.81386,35.676553],[137.814669,35.676491],[137.815088,35.676812],[137.81508,35.677164],[137.814987,35.677581],[137.815214,35.678306],[137.815328,35.678527],[137.815495,35.678643],[137.815772,35.679029],[137.816187,35.679274],[137.816387,35.679626],[137.816375,35.67989],[137.816471,35.680008],[137.816911,35.680283],[137.816677,35.680554],[137.816145,35.680748],[137.815783,35.681185],[137.815162,35.681544],[137.814871,35.681919],[137.814264,35.682223],[137.814086,35.68236],[137.813954,35.682617],[137.813836,35.682675],[137.813486,35.682686],[137.813154,35.683198],[137.813036,35.683566],[137.813843,35.684635],[137.814385,35.684892],[137.814488,35.68507],[137.814648,35.68511],[137.814874,35.685069],[137.815449,35.685436],[137.815405,35.685494],[137.815068,35.68554],[137.815426,35.686038],[137.816124,35.686791],[137.816182,35.687023],[137.816555,35.6873],[137.816757,35.687918],[137.816734,35.687985],[137.817038,35.688218],[137.817157,35.688151],[137.817038,35.687974],[137.817047,35.687818],[137.817231,35.687734],[137.817445,35.687953],[137.817329,35.688586],[137.817471,35.688677],[137.818195,35.688654],[137.818361,35.688723],[137.818352,35.68884],[137.818491,35.688908],[137.818734,35.688817],[137.818782,35.688639],[137.818591,35.688145],[137.818729,35.687804],[137.818922,35.688074],[137.819229,35.688954],[137.819768,35.689291],[137.819858,35.689303],[137.820171,35.6892],[137.820502,35.688832],[137.820487,35.688579],[137.820804,35.688466],[137.820906,35.688176],[137.821181,35.688153],[137.821305,35.688351],[137.821121,35.688415],[137.820949,35.688651],[137.820751,35.689178],[137.820611,35.689838],[137.820382,35.690381],[137.821647,35.690969],[137.822367,35.691159],[137.823659,35.6913],[137.825251,35.691591],[137.826259,35.691912],[137.826969,35.692007],[137.827357,35.692194],[137.827749,35.692448],[137.828906,35.693513],[137.83012,35.69541],[137.830217,35.695632],[137.830216,35.695897],[137.830126,35.696282],[137.829821,35.696738],[137.829714,35.697201],[137.82943,35.697613],[137.829345,35.697828],[137.829311,35.699529],[137.829364,35.699734],[137.829677,35.700323],[137.829855,35.70085],[137.829868,35.701036],[137.829781,35.701505],[137.829157,35.701674],[137.828554,35.70198],[137.827495,35.70257],[137.827145,35.702914],[137.827708,35.703407],[137.828109,35.703878],[137.829221,35.70487],[137.830262,35.70541],[137.831245,35.706771],[137.83138,35.707216],[137.831603,35.707545],[137.831752,35.707989],[137.832019,35.708467],[137.832235,35.709067],[137.832391,35.709357],[137.83204,35.709526],[137.831742,35.709529],[137.831435,35.709597],[137.831111,35.70976],[137.830647,35.709901],[137.829408,35.710125],[137.828912,35.710353],[137.827965,35.710603],[137.827419,35.710875],[137.826584,35.711096],[137.825802,35.711365],[137.825153,35.711786],[137.824705,35.711961],[137.824401,35.712217],[137.824179,35.712477],[137.823952,35.712887],[137.823896,35.713398],[137.823825,35.713722],[137.823754,35.713805],[137.822999,35.714011],[137.822551,35.714478],[137.822135,35.714424],[137.821981,35.71448],[137.821875,35.714637],[137.821842,35.714891],[137.821709,35.714953],[137.8215,35.715251],[137.821264,35.715434],[137.820618,35.715693],[137.820175,35.715675],[137.819845,35.715717],[137.819323,35.716218],[137.819006,35.716433],[137.818614,35.716587],[137.81805,35.716676],[137.817714,35.716791],[137.816879,35.71688],[137.816706,35.717019],[137.817053,35.717672],[137.817339,35.71838],[137.817037,35.719034],[137.818199,35.719687],[137.818546,35.719964],[137.818955,35.720046],[137.821691,35.720278],[137.826248,35.721169],[137.828311,35.721495],[137.828579,35.721608],[137.828884,35.721965],[137.830343,35.722599],[137.832019,35.723],[137.832964,35.723296],[137.833067,35.723684],[137.833051,35.724412],[137.833015,35.724452],[137.833099,35.724996],[137.833063,35.725351],[137.83343,35.726152],[137.833422,35.726237],[137.833175,35.726274],[137.833118,35.726358],[137.833172,35.726827],[137.833281,35.727084],[137.833301,35.72742],[137.833351,35.727536],[137.833899,35.727789],[137.833876,35.728028],[137.834031,35.72825],[137.834118,35.728842],[137.834259,35.729136],[137.834691,35.729643],[137.834711,35.730069],[137.834215,35.729656],[137.833779,35.729172],[137.832916,35.728629],[137.832422,35.728038],[137.831673,35.727581],[137.830373,35.727049],[137.829821,35.726651],[137.829067,35.726011],[137.829016,35.72589],[137.828694,35.725973],[137.828532,35.726117],[137.828417,35.726247],[137.827977,35.72708],[137.827334,35.727859],[137.826351,35.728998],[137.825999,35.72913],[137.825706,35.728781],[137.824908,35.728499],[137.824609,35.728254],[137.824506,35.727905],[137.824015,35.727404],[137.824028,35.726729],[137.823932,35.726346],[137.823453,35.726808],[137.822944,35.72764],[137.822965,35.728078],[137.822676,35.72869],[137.822726,35.729736],[137.82215,35.730165],[137.821497,35.730478],[137.821184,35.730603],[137.820786,35.730564],[137.820572,35.730854],[137.820244,35.730931],[137.819286,35.731546],[137.819433,35.731726],[137.819711,35.732447],[137.819674,35.733056],[137.81925,35.732875],[137.818808,35.73236],[137.818179,35.731803],[137.817716,35.73163],[137.817575,35.731532],[137.817096,35.731834],[137.816299,35.73206],[137.816097,35.732702],[137.815354,35.734441],[137.815247,35.735197],[137.815055,35.735717],[137.815693,35.735717],[137.816176,35.735859],[137.816818,35.735904],[137.817184,35.736353],[137.817643,35.736766],[137.818014,35.737188],[137.818948,35.737675],[137.819906,35.737135],[137.820326,35.73707],[137.821027,35.737262],[137.8216,35.736802],[137.821597,35.737165],[137.821383,35.738576],[137.820734,35.738936],[137.819937,35.739244],[137.819615,35.740121],[137.819228,35.741575],[137.819151,35.742105],[137.818695,35.742578],[137.818337,35.743235],[137.817771,35.743996],[137.817813,35.744509],[137.817389,35.746012],[137.816719,35.746934],[137.81666,35.7472],[137.81701,35.747618],[137.816943,35.747936],[137.817112,35.748152],[137.817259,35.748576],[137.817664,35.748743],[137.817768,35.749151],[137.817968,35.749424],[137.818641,35.749716],[137.819029,35.750491],[137.819489,35.750438],[137.819911,35.750464],[137.820302,35.750392],[137.82073,35.750517],[137.821287,35.750376],[137.821832,35.750304],[137.822312,35.750439],[137.822264,35.750674],[137.821867,35.750835],[137.821847,35.751143],[137.821465,35.75144],[137.821472,35.751786],[137.821272,35.752071],[137.821402,35.752311],[137.821756,35.752334],[137.821944,35.752479],[137.821978,35.752616],[137.821938,35.752914],[137.822258,35.75319],[137.822206,35.753559],[137.822386,35.753761],[137.82245,35.754065],[137.822875,35.754203],[137.822983,35.754284],[137.82314,35.754307],[137.823189,35.754377],[137.823972,35.754716],[137.82452,35.755263],[137.82464,35.755527],[137.824658,35.756022],[137.824572,35.756376],[137.824612,35.756707],[137.824478,35.7574],[137.824316,35.757768],[137.824332,35.75832],[137.824248,35.758697],[137.823886,35.759257],[137.823702,35.759742],[137.823759,35.760145],[137.823622,35.760636],[137.82367,35.760934],[137.823443,35.761435],[137.823205,35.761764],[137.822895,35.762018],[137.822218,35.762176],[137.821853,35.762561],[137.821557,35.762729],[137.820068,35.763164],[137.819618,35.763441],[137.819886,35.763587],[137.820252,35.764035],[137.821013,35.764291],[137.821966,35.76441],[137.822254,35.764488],[137.821866,35.765356],[137.821421,35.765735],[137.821265,35.765967],[137.821263,35.766564],[137.821179,35.767061],[137.822588,35.767821],[137.822793,35.767822],[137.823791,35.768318],[137.823751,35.768461],[137.823585,35.768589],[137.823506,35.768742],[137.823396,35.769164],[137.823338,35.76967],[137.823265,35.769798],[137.823018,35.769878],[137.82285,35.77006],[137.822645,35.770442],[137.82254,35.770808],[137.822704,35.770797],[137.822954,35.770889],[137.823582,35.770878],[137.823755,35.770816],[137.824066,35.770516],[137.824246,35.770456],[137.825994,35.770637],[137.826511,35.770737],[137.827554,35.77066]],[[137.807381,35.785923],[137.806187,35.787286],[137.804609,35.78948],[137.80459,35.789567],[137.805117,35.789796],[137.807086,35.790202],[137.808008,35.790693],[137.808873,35.790868],[137.809377,35.791308],[137.81063,35.791952],[137.811087,35.79235],[137.811575,35.792566],[137.812164,35.793571],[137.813115,35.795036],[137.81346,35.795482],[137.813929,35.795712],[137.814578,35.796324],[137.814958,35.796545],[137.815509,35.797055],[137.81602,35.797183],[137.816941,35.797197],[137.817762,35.797463],[137.817854,35.789914],[137.819778,35.783907],[137.819557,35.783996],[137.818875,35.784141],[137.816852,35.784284],[137.816454,35.784401],[137.81622,35.78433],[137.815616,35.784279],[137.815039,35.784137],[137.816496,35.779351],[137.816479,35.779295],[137.81387,35.775479],[137.809713,35.772978],[137.809969,35.773954],[137.810184,35.774238],[137.809784,35.774701],[137.809341,35.775558],[137.809331,35.776914],[137.809587,35.777889],[137.809061,35.778798],[137.808697,35.779241],[137.808751,35.779914],[137.809142,35.781386],[137.809086,35.781929],[137.809168,35.78278],[137.809036,35.782859],[137.809166,35.78298],[137.808869,35.78323],[137.808681,35.783092],[137.808615,35.783135],[137.808363,35.783634],[137.80752,35.784553],[137.807381,35.785923]]],[[[137.539385,35.635889],[137.539469,35.635542],[137.540311,35.63482],[137.541221,35.634844],[137.541953,35.634527],[137.542467,35.634363],[137.544009,35.634486],[137.544965,35.634671],[137.545251,35.634388],[137.545791,35.633699],[137.546171,35.633321],[137.545647,35.632527],[137.544781,35.631583],[137.544806,35.631106],[137.544706,35.630766],[137.544742,35.630502],[137.544643,35.63008],[137.544388,35.629424],[137.544013,35.62885],[137.544005,35.628648],[137.543858,35.628298],[137.543843,35.628135],[137.54355,35.627615],[137.543444,35.627238],[137.543459,35.62711],[137.543704,35.626586],[137.543834,35.625697],[137.544374,35.625886],[137.54494,35.625868],[137.545727,35.625698],[137.545335,35.62634],[137.545445,35.62692],[137.545995,35.627449],[137.545919,35.628098],[137.545598,35.628846],[137.545785,35.630094],[137.546015,35.63082],[137.546443,35.631251],[137.547329,35.631663],[137.54764,35.632808],[137.548016,35.63313],[137.548065,35.63342],[137.54746,35.633803],[137.547444,35.634729],[137.548456,35.635152],[137.548471,35.635215],[137.548229,35.635334],[137.547337,35.635515],[137.547188,35.635583],[137.547073,35.635698],[137.546809,35.635802],[137.546495,35.636026],[137.546218,35.636513],[137.546115,35.636568],[137.545924,35.6366],[137.545336,35.636509],[137.54503,35.63692],[137.544615,35.637049],[137.544425,35.637155],[137.544068,35.637463],[137.543513,35.637524],[137.543251,35.637631],[137.542829,35.63815],[137.542252,35.637987],[137.541885,35.637816],[137.541687,35.637628],[137.541403,35.63717],[137.540505,35.636173],[137.539385,35.635889]]],[[[137.547763,35.650083],[137.548561,35.649363],[137.548718,35.647947],[137.548836,35.647726],[137.549562,35.646991],[137.549871,35.646506],[137.550152,35.646183],[137.550291,35.645767],[137.550813,35.645395],[137.552139,35.645437],[137.551446,35.647194],[137.55071,35.648338],[137.549711,35.648563],[137.549608,35.64935],[137.54854,35.650586],[137.547956,35.65025],[137.547763,35.650083]]],[[[137.548081,35.625223],[137.549775,35.625515],[137.550132,35.626485],[137.550511,35.627123],[137.550809,35.627405],[137.551246,35.627535],[137.55122,35.627629],[137.551477,35.628042],[137.551426,35.628233],[137.551371,35.62829],[137.550906,35.628331],[137.550559,35.628486],[137.550487,35.628574],[137.550507,35.628642],[137.550608,35.628701],[137.550979,35.628766],[137.5511,35.62891],[137.55122,35.629201],[137.551218,35.629539],[137.551577,35.630165],[137.55154,35.630357],[137.551435,35.630434],[137.550263,35.630777],[137.550126,35.630778],[137.549866,35.630679],[137.549666,35.630718],[137.549423,35.630542],[137.549214,35.630462],[137.54873,35.62994],[137.547921,35.629635],[137.548043,35.628502],[137.548303,35.627241],[137.547376,35.626413],[137.547487,35.626156],[137.547894,35.625832],[137.548081,35.625223]]],[[[137.695261,35.767638],[137.694957,35.766986],[137.694292,35.766299],[137.693948,35.766042],[137.693398,35.765811],[137.693169,35.765561],[137.692428,35.765036],[137.693191,35.764687],[137.694163,35.764001],[137.694294,35.763835],[137.694396,35.763572],[137.695353,35.762543],[137.695645,35.761838],[137.695494,35.761654],[137.695122,35.760963],[137.694581,35.76052],[137.693872,35.760263],[137.693978,35.759221],[137.694199,35.758453],[137.694116,35.758069],[137.694155,35.757746],[137.694566,35.756903],[137.695082,35.757077],[137.695727,35.75719],[137.696353,35.757615],[137.696626,35.757688],[137.696798,35.757804],[137.697124,35.757848],[137.697327,35.757926],[137.69938,35.75699],[137.700248,35.7567],[137.701025,35.756611],[137.701942,35.756433],[137.703073,35.756389],[137.703686,35.756969],[137.703778,35.757362],[137.703906,35.757602],[137.704088,35.757765],[137.704326,35.758104],[137.704449,35.7584],[137.704395,35.758717],[137.703693,35.758874],[137.703764,35.759122],[137.703745,35.75922],[137.703487,35.759308],[137.703494,35.759516],[137.703367,35.759882],[137.703355,35.760318],[137.703072,35.760833],[137.703112,35.761039],[137.703024,35.761466],[137.699881,35.763101],[137.697623,35.762653],[137.697489,35.762816],[137.697202,35.76291],[137.697096,35.762782],[137.696573,35.762442],[137.696859,35.762927],[137.696689,35.763079],[137.696287,35.763051],[137.69637,35.7654],[137.695261,35.767638]]],[[[137.697298,35.768778],[137.697393,35.768173],[137.69758,35.767987],[137.697817,35.767964],[137.697936,35.767086],[137.697865,35.766701],[137.698135,35.766215],[137.698109,35.76585],[137.698036,35.765772],[137.699185,35.764447],[137.700147,35.764388],[137.700455,35.764318],[137.700767,35.764216],[137.700957,35.764035],[137.701615,35.763657],[137.702071,35.764169],[137.702107,35.764509],[137.700471,35.765112],[137.699621,35.765532],[137.699309,35.765744],[137.699134,35.766146],[137.698751,35.766746],[137.698912,35.767122],[137.698912,35.767826],[137.699067,35.768327],[137.699641,35.769055],[137.699748,35.769317],[137.699983,35.769108],[137.70004,35.769115],[137.700099,35.768901],[137.700219,35.769177],[137.700551,35.769401],[137.700717,35.769442],[137.701006,35.769814],[137.701324,35.769638],[137.701734,35.769598],[137.701738,35.770216],[137.701595,35.7711],[137.701376,35.771682],[137.701171,35.772045],[137.700847,35.772491],[137.700434,35.772894],[137.69949,35.773499],[137.698715,35.773767],[137.695282,35.774756],[137.694483,35.775125],[137.694078,35.775377],[137.693365,35.776007],[137.693152,35.775731],[137.693128,35.775541],[137.692255,35.774867],[137.692907,35.774209],[137.693231,35.774009],[137.693842,35.773793],[137.694207,35.773513],[137.696421,35.772275],[137.696776,35.772127],[137.69744,35.771937],[137.698246,35.772114],[137.699266,35.771996],[137.699536,35.771874],[137.699547,35.771769],[137.699453,35.771518],[137.698952,35.77032],[137.69867,35.769942],[137.698321,35.769325],[137.698027,35.768986],[137.697298,35.768778]]],[[[137.756364,35.615403],[137.756183,35.615975],[137.75813,35.616234],[137.758763,35.616447],[137.759506,35.616806],[137.760223,35.616392],[137.760415,35.616166],[137.761074,35.615925],[137.761037,35.616288],[137.760923,35.616579],[137.761254,35.61698],[137.761511,35.617212],[137.762337,35.617374],[137.762006,35.618141],[137.761859,35.61837],[137.761808,35.618646],[137.761874,35.619585],[137.761784,35.619838],[137.761617,35.620083],[137.760912,35.620783],[137.760395,35.621135],[137.75981,35.621456],[137.761346,35.621591],[137.761726,35.621685],[137.762667,35.62214],[137.763372,35.622157],[137.76424,35.622423],[137.765022,35.622554],[137.766331,35.622568],[137.766975,35.622446],[137.768101,35.622606],[137.768226,35.622078],[137.76903,35.622587],[137.769781,35.623244],[137.770949,35.6237],[137.771228,35.624223],[137.771607,35.624738],[137.771997,35.625176],[137.772634,35.625731],[137.773026,35.626231],[137.773406,35.626593],[137.773803,35.626803],[137.774123,35.626913],[137.774663,35.626998],[137.775664,35.626793],[137.776502,35.626916],[137.776933,35.627365],[137.777553,35.627102],[137.778194,35.626757],[137.778679,35.626825],[137.779093,35.626958],[137.779681,35.627326],[137.781157,35.627781],[137.78187,35.627815],[137.782726,35.627767],[137.783191,35.627889],[137.784086,35.627983],[137.785192,35.627806],[137.786441,35.628247],[137.787675,35.628249],[137.788359,35.628349],[137.789334,35.628568],[137.790557,35.62873],[137.790959,35.62872],[137.793286,35.627893],[137.793753,35.627783],[137.794802,35.627795],[137.79533,35.627647],[137.796099,35.627536],[137.797047,35.627225],[137.800026,35.625728],[137.801009,35.625342],[137.801292,35.625132],[137.801534,35.624727],[137.802084,35.624291],[137.802067,35.624681],[137.801882,35.625385],[137.801744,35.62571],[137.80149,35.626026],[137.801239,35.62617],[137.800987,35.626424],[137.800856,35.626715],[137.800698,35.626871],[137.800088,35.627202],[137.800036,35.627434],[137.800098,35.627691],[137.80008,35.628075],[137.799956,35.628365],[137.799718,35.6286],[137.799929,35.629678],[137.799821,35.629881],[137.798803,35.63112],[137.798521,35.631532],[137.79841,35.63195],[137.79883,35.633003],[137.799001,35.633819],[137.798888,35.634474],[137.799208,35.635454],[137.799162,35.635791],[137.798937,35.636293],[137.798855,35.637482],[137.798879,35.638041],[137.799116,35.638686],[137.799342,35.638943],[137.799383,35.639118],[137.799345,35.639391],[137.799373,35.639564],[137.800139,35.641084],[137.800319,35.642566],[137.800601,35.642975],[137.800614,35.643121],[137.800509,35.643644],[137.800665,35.643814],[137.801256,35.644164],[137.801382,35.644403],[137.801835,35.644877],[137.802031,35.645251],[137.802077,35.645743],[137.801867,35.647005],[137.801886,35.6472],[137.802117,35.647778],[137.802183,35.648433],[137.802101,35.648723],[137.801733,35.649222],[137.801623,35.649538],[137.801911,35.650093],[137.801943,35.650442],[137.802216,35.651134],[137.80241,35.651793],[137.80247,35.65237],[137.80299,35.654135],[137.803139,35.655019],[137.803176,35.655077],[137.803228,35.655042],[137.803517,35.654551],[137.803672,35.654477],[137.803721,35.654351],[137.80401,35.654187],[137.804347,35.65385],[137.804387,35.653409],[137.804584,35.653156],[137.804571,35.653007],[137.804636,35.652848],[137.804963,35.652422],[137.805291,35.652432],[137.805593,35.652351],[137.805792,35.652194],[137.806342,35.651926],[137.806573,35.651676],[137.806819,35.651509],[137.807124,35.651383],[137.80728,35.651187],[137.807437,35.651359],[137.807613,35.651661],[137.808233,35.652216],[137.808457,35.652585],[137.810937,35.653417],[137.811305,35.65364],[137.811563,35.653896],[137.811726,35.654143],[137.811793,35.654338],[137.811755,35.654667],[137.81181,35.655016],[137.811761,35.655201],[137.811339,35.656068],[137.811348,35.656252],[137.811592,35.656495],[137.81202,35.656704],[137.811966,35.656618],[137.812379,35.656793],[137.813021,35.657541],[137.813278,35.657706],[137.813554,35.658127],[137.813861,35.65845],[137.813903,35.658781],[137.813988,35.659028],[137.814313,35.65913],[137.814274,35.659262],[137.813974,35.659364],[137.813106,35.660236],[137.812401,35.660624],[137.811826,35.661272],[137.811144,35.661693],[137.810453,35.662263],[137.80923,35.663123],[137.809052,35.663316],[137.808856,35.663773],[137.808671,35.663962],[137.808111,35.664362],[137.806945,35.664946],[137.806408,35.665419],[137.806951,35.665701],[137.807948,35.665991],[137.809898,35.666404],[137.810393,35.666603],[137.810496,35.666569],[137.810612,35.667133],[137.810798,35.667401],[137.810918,35.667763],[137.811248,35.668139],[137.811318,35.668598],[137.81161,35.669063],[137.810854,35.669494],[137.809837,35.670335],[137.809026,35.670883],[137.808681,35.671183],[137.809918,35.671248],[137.81061,35.671053],[137.811144,35.670766],[137.812053,35.670801],[137.813425,35.670518],[137.81399,35.670459],[137.814718,35.67053],[137.815524,35.670468],[137.816542,35.670313],[137.816795,35.670639],[137.816605,35.670829],[137.816703,35.670944],[137.817147,35.671093],[137.817108,35.671179],[137.816933,35.671277],[137.816448,35.671317],[137.81689,35.671613],[137.817187,35.671988],[137.817345,35.672303],[137.817183,35.672896],[137.816649,35.673041],[137.816247,35.673286],[137.815505,35.673608],[137.815174,35.67393],[137.814689,35.674751],[137.814279,35.675248],[137.814949,35.675795],[137.815578,35.67604],[137.815861,35.676254],[137.81614,35.676371],[137.817072,35.676591],[137.817829,35.676673],[137.818812,35.676892],[137.820345,35.67693],[137.821155,35.677012],[137.821336,35.677101],[137.821521,35.677256],[137.821602,35.677501],[137.821578,35.677836],[137.821473,35.678052],[137.821428,35.678425],[137.821677,35.679302],[137.821758,35.679817],[137.821921,35.680119],[137.822204,35.680324],[137.822492,35.68065],[137.822579,35.680947],[137.823263,35.680615],[137.823679,35.680461],[137.824128,35.680366],[137.82391,35.680832],[137.824643,35.680956],[137.825435,35.68091],[137.826226,35.681],[137.82644,35.681266],[137.826653,35.681385],[137.827115,35.681378],[137.828002,35.681839],[137.828624,35.681766],[137.828728,35.681944],[137.828632,35.682022],[137.828527,35.682519],[137.828564,35.68297],[137.828883,35.683521],[137.828497,35.684179],[137.828528,35.684794],[137.828063,35.685145],[137.827508,35.68543],[137.828188,35.685626],[137.82938,35.686072],[137.830537,35.686873],[137.832157,35.6876],[137.832964,35.688088],[137.83332,35.688368],[137.833512,35.688665],[137.833716,35.689463],[137.833554,35.689701],[137.833302,35.68994],[137.832832,35.690289],[137.832143,35.690683],[137.8316,35.690919],[137.831264,35.691007],[137.830682,35.691059],[137.83025,35.691176],[137.831853,35.691845],[137.832508,35.691926],[137.833555,35.691706],[137.83442,35.691813],[137.835893,35.691775],[137.835707,35.692055],[137.835076,35.692532],[137.834805,35.692819],[137.834615,35.693216],[137.834266,35.69363],[137.833799,35.69441],[137.835283,35.695008],[137.836121,35.695803],[137.835806,35.696273],[137.835767,35.696303],[137.835589,35.696241],[137.835582,35.696844],[137.835907,35.697671],[137.835894,35.698114],[137.835761,35.698413],[137.835307,35.69899],[137.835029,35.699568],[137.835867,35.699943],[137.836625,35.700098],[137.837437,35.700661],[137.837615,35.701078],[137.837794,35.701767],[137.837926,35.702636],[137.837795,35.703681],[137.837306,35.703866],[137.836976,35.704511],[137.836856,35.70501],[137.838231,35.705136],[137.838857,35.705585],[137.839722,35.706701],[137.839607,35.706668],[137.8393,35.706876],[137.838057,35.707438],[137.837973,35.707614],[137.837673,35.707713],[137.83761,35.707916],[137.837282,35.707964],[137.83683,35.708174],[137.836231,35.708243],[137.835269,35.708544],[137.835007,35.708777],[137.833434,35.709423],[137.832917,35.709352],[137.832581,35.709245],[137.832391,35.709357],[137.832235,35.709067],[137.832019,35.708467],[137.831752,35.707989],[137.831603,35.707545],[137.83138,35.707216],[137.831245,35.706771],[137.830262,35.70541],[137.829221,35.70487],[137.828109,35.703878],[137.827708,35.703407],[137.827145,35.702914],[137.827495,35.70257],[137.828554,35.70198],[137.829157,35.701674],[137.829781,35.701505],[137.829868,35.701036],[137.829855,35.70085],[137.829677,35.700323],[137.829364,35.699734],[137.829311,35.699529],[137.829345,35.697828],[137.82943,35.697613],[137.829714,35.697201],[137.829821,35.696738],[137.830126,35.696282],[137.830216,35.695897],[137.830217,35.695632],[137.83012,35.69541],[137.828906,35.693513],[137.827749,35.692448],[137.827467,35.692254],[137.826969,35.692007],[137.826259,35.691912],[137.825251,35.691591],[137.823659,35.6913],[137.822367,35.691159],[137.821647,35.690969],[137.820382,35.690381],[137.820611,35.689838],[137.820751,35.689178],[137.820949,35.688651],[137.821121,35.688415],[137.821305,35.688351],[137.821181,35.688153],[137.820906,35.688176],[137.820804,35.688466],[137.820487,35.688579],[137.820502,35.688832],[137.820171,35.6892],[137.819858,35.689303],[137.819768,35.689291],[137.819229,35.688954],[137.818922,35.688074],[137.818729,35.687804],[137.818591,35.688145],[137.818782,35.688639],[137.818734,35.688817],[137.818491,35.688908],[137.818352,35.68884],[137.818361,35.688723],[137.818195,35.688654],[137.817471,35.688677],[137.817329,35.688586],[137.817445,35.687953],[137.817231,35.687734],[137.817047,35.687818],[137.817038,35.687974],[137.817157,35.688151],[137.817038,35.688218],[137.816734,35.687985],[137.816757,35.687918],[137.816555,35.6873],[137.816182,35.687023],[137.816124,35.686791],[137.815426,35.686038],[137.815068,35.68554],[137.815405,35.685494],[137.815449,35.685436],[137.814874,35.685069],[137.814648,35.68511],[137.814488,35.68507],[137.814385,35.684892],[137.813843,35.684635],[137.813036,35.683566],[137.813154,35.683198],[137.813486,35.682686],[137.813836,35.682675],[137.813954,35.682617],[137.814086,35.68236],[137.814264,35.682223],[137.814871,35.681919],[137.815162,35.681544],[137.815783,35.681185],[137.816145,35.680748],[137.816677,35.680554],[137.816911,35.680283],[137.816471,35.680008],[137.816375,35.67989],[137.816387,35.679626],[137.816187,35.679274],[137.815772,35.679029],[137.815495,35.678643],[137.815328,35.678527],[137.815214,35.678306],[137.814987,35.677581],[137.81508,35.677164],[137.815088,35.676812],[137.814669,35.676491],[137.81386,35.676553],[137.813677,35.676326],[137.813683,35.675971],[137.813182,35.675519],[137.813028,35.675038],[137.812264,35.674977],[137.811463,35.674996],[137.810925,35.674891],[137.808804,35.67482],[137.808191,35.674496],[137.807491,35.674287],[137.807266,35.674035],[137.806901,35.673911],[137.807096,35.673535],[137.807498,35.673465],[137.807608,35.673243],[137.806697,35.67332],[137.806718,35.673219],[137.807049,35.673183],[137.807251,35.672872],[137.806639,35.67304],[137.8064,35.673049],[137.806071,35.673421],[137.805734,35.673029],[137.805583,35.67296],[137.805186,35.672992],[137.804982,35.672285],[137.805319,35.67215],[137.805784,35.671689],[137.806074,35.671488],[137.806134,35.671335],[137.806041,35.671288],[137.805691,35.671566],[137.805241,35.671438],[137.804899,35.671502],[137.804695,35.671401],[137.804803,35.67088],[137.804975,35.670892],[137.805023,35.671024],[137.805312,35.671111],[137.805508,35.671067],[137.805587,35.670843],[137.805891,35.670839],[137.805987,35.670623],[137.80568,35.670519],[137.805554,35.670131],[137.805347,35.670303],[137.80513,35.670183],[137.804983,35.670359],[137.804257,35.6702],[137.804139,35.669384],[137.803987,35.668858],[137.80396,35.668485],[137.803551,35.667852],[137.803505,35.667654],[137.803388,35.667461],[137.802846,35.667092],[137.802768,35.666877],[137.80243,35.666614],[137.802135,35.666461],[137.801309,35.665633],[137.800741,35.666607],[137.801547,35.668359],[137.800517,35.673725],[137.800907,35.675219],[137.80027,35.676175],[137.80044,35.67834],[137.799802,35.678123],[137.800356,35.680494],[137.802977,35.68251],[137.804744,35.686096],[137.805552,35.687077],[137.80416,35.688643],[137.807587,35.689285],[137.810203,35.693248],[137.80802,35.694083],[137.808939,35.695686],[137.804353,35.696581],[137.800666,35.696554],[137.798749,35.698131],[137.794543,35.699341],[137.79468,35.699367],[137.796305,35.700855],[137.799029,35.701695],[137.802069,35.703077],[137.802374,35.703862],[137.804896,35.704438],[137.806524,35.707308],[137.805143,35.709625],[137.807764,35.712286],[137.806301,35.714079],[137.807929,35.715686],[137.806672,35.716568],[137.808286,35.720198],[137.804384,35.720614],[137.805781,35.723265],[137.802616,35.724179],[137.802149,35.725386],[137.79908,35.729898],[137.799989,35.734661],[137.79908,35.738043],[137.79732,35.740025],[137.799034,35.742725],[137.798172,35.746079],[137.801131,35.746693],[137.802322,35.748847],[137.802569,35.751687],[137.807394,35.75202],[137.806369,35.755022],[137.806828,35.758671],[137.803603,35.759483],[137.805251,35.762118],[137.804944,35.763353],[137.804499,35.764082],[137.796933,35.764661],[137.796323,35.763773],[137.794341,35.760028],[137.792933,35.761011],[137.7899,35.75919],[137.787892,35.75994],[137.786713,35.759742],[137.785453,35.758932],[137.782,35.760082],[137.781603,35.760043],[137.781256,35.760159],[137.780801,35.760204],[137.780163,35.760495],[137.779393,35.760527],[137.7793,35.760285],[137.77881,35.760058],[137.778407,35.759764],[137.777949,35.759591],[137.777606,35.759345],[137.777518,35.759195],[137.777014,35.758995],[137.775864,35.758846],[137.774946,35.758803],[137.774573,35.758847],[137.774925,35.759471],[137.775291,35.760417],[137.775969,35.761316],[137.776875,35.761675],[137.777816,35.760809],[137.778084,35.760778],[137.780188,35.760792],[137.781915,35.76055],[137.783153,35.760779],[137.783888,35.76102],[137.784521,35.760671],[137.786314,35.760816],[137.786977,35.761758],[137.786901,35.763029],[137.787088,35.764311],[137.785117,35.764857],[137.784505,35.76537],[137.786193,35.765719],[137.787014,35.765755],[137.788536,35.765418],[137.79059,35.767835],[137.792592,35.769527],[137.792266,35.770379],[137.794604,35.772901],[137.795552,35.77467],[137.797018,35.775452],[137.795746,35.779223],[137.79644,35.779882],[137.794577,35.780605],[137.793693,35.783831],[137.792694,35.784048],[137.791802,35.785503],[137.791119,35.786319],[137.788426,35.786222],[137.786749,35.787429],[137.787086,35.788035],[137.785553,35.788822],[137.782634,35.78773],[137.780686,35.788624],[137.780539,35.793343],[137.780061,35.794945],[137.781595,35.799882],[137.782154,35.800892],[137.782406,35.800997],[137.783808,35.801306],[137.785774,35.800604],[137.788106,35.802079],[137.789342,35.80271],[137.790402,35.800793],[137.791701,35.800072],[137.790363,35.79806],[137.791309,35.797832],[137.791669,35.796891],[137.792981,35.797122],[137.793204,35.795939],[137.793927,35.795723],[137.794099,35.794577],[137.794881,35.794766],[137.796057,35.794363],[137.796588,35.795363],[137.798105,35.795491],[137.798225,35.796401],[137.799299,35.797274],[137.800151,35.798474],[137.801415,35.802025],[137.802488,35.802422],[137.803921,35.801218],[137.805174,35.801208],[137.805428,35.799655],[137.805198,35.798486],[137.805955,35.797763],[137.806415,35.79613],[137.80731,35.796291],[137.807969,35.797136],[137.80911,35.797012],[137.809529,35.797965],[137.810594,35.797861],[137.810712,35.798848],[137.811512,35.799502],[137.812554,35.799665],[137.812862,35.800533],[137.814273,35.801557],[137.816364,35.800558],[137.818177,35.802048],[137.820642,35.801],[137.821424,35.80177],[137.822381,35.802294],[137.822824,35.803656],[137.825428,35.805235],[137.825101,35.805867],[137.825458,35.806658],[137.824589,35.807547],[137.825165,35.808523],[137.823964,35.809721],[137.82322,35.810693],[137.823627,35.811522],[137.824062,35.812146],[137.823588,35.812594],[137.82343,35.813211],[137.82156,35.813627],[137.820002,35.814982],[137.82092,35.816354],[137.819992,35.817246],[137.818533,35.817729],[137.818843,35.81802],[137.820271,35.819642],[137.820415,35.819489],[137.821521,35.818732],[137.821353,35.817706],[137.822135,35.815784],[137.823684,35.814062],[137.824698,35.813282],[137.826008,35.812944],[137.825973,35.81281],[137.826031,35.812418],[137.826566,35.811916],[137.827188,35.811636],[137.827366,35.811389],[137.827519,35.811318],[137.82757,35.811225],[137.827889,35.810954],[137.828027,35.810601],[137.828314,35.810487],[137.828686,35.810548],[137.828801,35.810527],[137.829099,35.81036],[137.829667,35.809902],[137.829945,35.809768],[137.830168,35.809539],[137.8303,35.809503],[137.831054,35.80954],[137.831746,35.809796],[137.832247,35.810107],[137.833302,35.810522],[137.833686,35.810543],[137.834005,35.81042],[137.834424,35.810422],[137.834724,35.812023],[137.834933,35.812663],[137.83529,35.81488],[137.835527,35.81585],[137.835961,35.818204],[137.836268,35.81955],[137.834806,35.819888],[137.834514,35.819863],[137.834131,35.819649],[137.833787,35.819277],[137.833631,35.818908],[137.833118,35.81859],[137.832704,35.818631],[137.832191,35.818201],[137.831625,35.817922],[137.831117,35.81758],[137.830756,35.817059],[137.830536,35.816937],[137.829683,35.816118],[137.826466,35.816883],[137.825609,35.818848],[137.81913,35.823397],[137.817411,35.823312],[137.815965,35.821127],[137.8138,35.819573],[137.811457,35.818279],[137.810922,35.816963],[137.814519,35.814235],[137.819674,35.806491],[137.819836,35.806178],[137.811447,35.805092],[137.808609,35.802609],[137.804815,35.806801],[137.803647,35.80645],[137.801997,35.804852],[137.79613,35.800366],[137.795451,35.801038],[137.794905,35.802498],[137.790569,35.807069],[137.789275,35.807237],[137.785063,35.804762],[137.783121,35.805326],[137.779686,35.80527],[137.778771,35.806056],[137.778226,35.806694],[137.776556,35.807349],[137.775233,35.807968],[137.773955,35.810086],[137.77394,35.81022],[137.774074,35.810552],[137.774048,35.810697],[137.773982,35.810803],[137.773857,35.810879],[137.773529,35.811011],[137.773509,35.811088],[137.773572,35.811352],[137.773701,35.811457],[137.773791,35.811609],[137.773789,35.811709],[137.773652,35.811893],[137.773667,35.81199],[137.77398,35.812222],[137.774085,35.812528],[137.774399,35.812738],[137.774728,35.813303],[137.774917,35.813528],[137.774918,35.813866],[137.774841,35.814031],[137.774497,35.814606],[137.774321,35.814745],[137.773729,35.815063],[137.773319,35.815113],[137.773196,35.815879],[137.772842,35.81612],[137.772635,35.816169],[137.772258,35.816074],[137.772084,35.816157],[137.771985,35.816419],[137.771804,35.816509],[137.771585,35.816517],[137.771421,35.816608],[137.771259,35.816611],[137.770896,35.816463],[137.770767,35.816461],[137.770332,35.816588],[137.770005,35.816784],[137.769918,35.817118],[137.76995,35.817756],[137.769734,35.818158],[137.769636,35.81846],[137.769785,35.819153],[137.769591,35.819169],[137.76967,35.819499],[137.769639,35.819909],[137.769752,35.820134],[137.76957,35.820332],[137.769548,35.82067],[137.769365,35.821501],[137.769238,35.822674],[137.768758,35.823094],[137.768508,35.823734],[137.76769,35.824175],[137.767238,35.824295],[137.766704,35.82469],[137.766353,35.82517],[137.766274,35.825362],[137.766332,35.825805],[137.766212,35.826218],[137.765864,35.826227],[137.764854,35.826629],[137.764731,35.825984],[137.764352,35.825238],[137.764385,35.824898],[137.765039,35.824557],[137.765479,35.824128],[137.766754,35.823895],[137.767481,35.823514],[137.767486,35.822984],[137.768413,35.822321],[137.768309,35.821631],[137.768484,35.82076],[137.768425,35.820096],[137.769126,35.819619],[137.768835,35.818844],[137.768385,35.817896],[137.768446,35.817335],[137.769064,35.816865],[137.769266,35.81625],[137.769655,35.816098],[137.769803,35.815789],[137.770389,35.815552],[137.770706,35.815567],[137.770918,35.815681],[137.771066,35.815706],[137.771235,35.815626],[137.771711,35.815113],[137.771897,35.815003],[137.772169,35.814561],[137.77218,35.81438],[137.772275,35.814324],[137.772518,35.814293],[137.772775,35.81414],[137.773404,35.814035],[137.773511,35.813976],[137.773621,35.81381],[137.773625,35.81368],[137.773554,35.813526],[137.77331,35.813215],[137.772976,35.812413],[137.772659,35.812107],[137.772761,35.811758],[137.772682,35.811031],[137.772802,35.810787],[137.773178,35.810476],[137.773205,35.810371],[137.773099,35.810228],[137.773407,35.809812],[137.773651,35.809204],[137.777001,35.800398],[137.776947,35.800305],[137.775988,35.793752],[137.776073,35.793776],[137.775734,35.792883],[137.773096,35.78612],[137.767037,35.778999],[137.76464,35.778778],[137.764068,35.778494],[137.763088,35.778937],[137.762013,35.779181],[137.761676,35.779337],[137.760118,35.779167],[137.759694,35.778991],[137.759218,35.778636],[137.756772,35.776403],[137.756083,35.775886],[137.755786,35.775777],[137.755417,35.775789],[137.754948,35.776015],[137.754364,35.775983],[137.753932,35.776081],[137.753088,35.77609],[137.752647,35.776444],[137.752111,35.776376],[137.751042,35.7761],[137.750271,35.775455],[137.750068,35.775449],[137.749588,35.775884],[137.749238,35.776014],[137.74908,35.776198],[137.748955,35.776472],[137.748706,35.776572],[137.747733,35.777311],[137.747546,35.777426],[137.747382,35.777439],[137.747034,35.777791],[137.747011,35.778029],[137.74708,35.778221],[137.747509,35.778419],[137.74759,35.778565],[137.747516,35.77888],[137.747099,35.779069],[137.746484,35.779159],[137.746564,35.779021],[137.746159,35.77823],[137.746115,35.777672],[137.74652,35.777048],[137.746639,35.776957],[137.747124,35.776821],[137.747808,35.776242],[137.747945,35.776074],[137.747982,35.775923],[137.748181,35.775833],[137.748183,35.775593],[137.74849,35.775268],[137.748706,35.775195],[137.748942,35.775197],[137.749154,35.774926],[137.749403,35.774731],[137.749856,35.774607],[137.750433,35.774764],[137.750938,35.774967],[137.751723,35.775088],[137.752875,35.775008],[137.754043,35.775069],[137.754681,35.774952],[137.755374,35.774664],[137.756118,35.774639],[137.756494,35.774776],[137.756844,35.775148],[137.757572,35.775469],[137.758301,35.776297],[137.759309,35.777163],[137.759732,35.777678],[137.759986,35.7779],[137.760397,35.778085],[137.761761,35.778094],[137.76241,35.778016],[137.762568,35.777849],[137.762785,35.777394],[137.76363,35.776875],[137.764677,35.777738],[137.786158,35.776956],[137.783487,35.770429],[137.780575,35.766878],[137.767862,35.755895],[137.76785,35.755855],[137.772308,35.756388],[137.771156,35.753377],[137.771864,35.752908],[137.770735,35.751963],[137.770571,35.750437],[137.777983,35.758306],[137.802391,35.755211],[137.802092,35.75273],[137.788846,35.744585],[137.780777,35.735984],[137.785451,35.728944],[137.798079,35.726301],[137.795471,35.717483],[137.794534,35.707587],[137.787171,35.703435],[137.787579,35.703192],[137.788391,35.702816],[137.788498,35.702736],[137.788566,35.702574],[137.788696,35.701945],[137.788597,35.701491],[137.788694,35.701262],[137.788648,35.701179],[137.790689,35.694631],[137.801547,35.692263],[137.789124,35.682807],[137.78705,35.678272],[137.788081,35.677897],[137.789641,35.677423],[137.790531,35.677214],[137.79043,35.676822],[137.797677,35.673416],[137.794067,35.656196],[137.793541,35.653913],[137.777327,35.636531],[137.777127,35.636311],[137.777064,35.635901],[137.768859,35.638541],[137.768678,35.635165],[137.765831,35.632576],[137.762355,35.632137],[137.749939,35.629516],[137.749804,35.629079],[137.749935,35.628891],[137.751938,35.623826],[137.751667,35.62383],[137.747815,35.623054],[137.745806,35.621628],[137.743151,35.623169],[137.741471,35.617603],[137.739303,35.617865],[137.735696,35.615763],[137.734709,35.616994],[137.732047,35.615581],[137.730887,35.6183],[137.727589,35.618011],[137.727477,35.617827],[137.726797,35.616004],[137.72652,35.614215],[137.726241,35.613071],[137.72677,35.611798],[137.726093,35.609776],[137.724729,35.607715],[137.724887,35.60673],[137.724971,35.606887],[137.725153,35.607711],[137.725539,35.608036],[137.72612,35.608091],[137.726087,35.608246],[137.726149,35.608406],[137.726255,35.608517],[137.726357,35.60879],[137.72657,35.608954],[137.726706,35.608968],[137.727086,35.609129],[137.727213,35.609274],[137.727415,35.609736],[137.727928,35.609951],[137.728295,35.610388],[137.72851,35.611416],[137.728629,35.611564],[137.728603,35.611931],[137.728437,35.612438],[137.728445,35.612627],[137.729445,35.613399],[137.729812,35.613356],[137.730286,35.61317],[137.730289,35.612936],[137.730666,35.612889],[137.730965,35.613106],[137.731388,35.613263],[137.732238,35.613411],[137.732605,35.613524],[137.733012,35.613368],[137.733501,35.61344],[137.733988,35.613398],[137.734398,35.613449],[137.735239,35.613362],[137.736273,35.613211],[137.736812,35.612968],[137.73713,35.613034],[137.737282,35.612926],[137.737587,35.612914],[137.737555,35.612321],[137.737453,35.611895],[137.737017,35.611309],[137.737101,35.610859],[137.737228,35.61055],[137.738043,35.609387],[137.738195,35.609098],[137.738108,35.607943],[137.738284,35.60742],[137.739571,35.607063],[137.740426,35.606981],[137.741226,35.607012],[137.741769,35.607155],[137.742578,35.607448],[137.743426,35.607417],[137.743939,35.607324],[137.745159,35.606923],[137.746651,35.606686],[137.746824,35.606502],[137.747155,35.606996],[137.74764,35.607591],[137.748839,35.608909],[137.749083,35.609067],[137.749314,35.609495],[137.749886,35.610129],[137.750314,35.610766],[137.750378,35.611014],[137.75061,35.611523],[137.750679,35.61187],[137.750571,35.612399],[137.750575,35.612671],[137.75074,35.613139],[137.75061,35.61348],[137.75064,35.614128],[137.750383,35.615073],[137.750205,35.615309],[137.750169,35.615853],[137.751434,35.614905],[137.752146,35.614277],[137.752664,35.613725],[137.753058,35.61321],[137.753137,35.612845],[137.753318,35.613059],[137.753952,35.613334],[137.755033,35.613746],[137.756116,35.614071],[137.756387,35.614247],[137.756339,35.614791],[137.756364,35.615403]]],[[[137.827554,35.77066],[137.826511,35.770737],[137.825994,35.770637],[137.824246,35.770456],[137.824066,35.770516],[137.823755,35.770816],[137.823582,35.770878],[137.822954,35.770889],[137.822704,35.770797],[137.82254,35.770808],[137.822645,35.770442],[137.82285,35.77006],[137.823018,35.769878],[137.823265,35.769798],[137.823338,35.76967],[137.823396,35.769164],[137.823506,35.768742],[137.823585,35.768589],[137.823751,35.768461],[137.823791,35.768318],[137.822793,35.767822],[137.822588,35.767821],[137.821179,35.767061],[137.821263,35.766564],[137.821265,35.765967],[137.821421,35.765735],[137.821866,35.765356],[137.822254,35.764488],[137.821966,35.76441],[137.821013,35.764291],[137.820252,35.764035],[137.819886,35.763587],[137.819618,35.763441],[137.820068,35.763164],[137.821557,35.762729],[137.821853,35.762561],[137.822218,35.762176],[137.822895,35.762018],[137.823205,35.761764],[137.823443,35.761435],[137.82367,35.760934],[137.823622,35.760636],[137.823759,35.760145],[137.823702,35.759742],[137.823886,35.759257],[137.824248,35.758697],[137.824332,35.75832],[137.824316,35.757768],[137.824478,35.7574],[137.824612,35.756707],[137.824572,35.756376],[137.824658,35.756022],[137.82464,35.755527],[137.82452,35.755263],[137.823972,35.754716],[137.823189,35.754377],[137.82314,35.754307],[137.822983,35.754284],[137.822875,35.754203],[137.82245,35.754065],[137.822386,35.753761],[137.822206,35.753559],[137.822258,35.75319],[137.821938,35.752914],[137.821978,35.752616],[137.821944,35.752479],[137.821756,35.752334],[137.821402,35.752311],[137.821272,35.752071],[137.821472,35.751786],[137.821465,35.75144],[137.821847,35.751143],[137.821867,35.750835],[137.822264,35.750674],[137.822312,35.750439],[137.821832,35.750304],[137.821287,35.750376],[137.82073,35.750517],[137.820302,35.750392],[137.819911,35.750464],[137.819489,35.750438],[137.819029,35.750491],[137.818641,35.749716],[137.817968,35.749424],[137.817768,35.749151],[137.817664,35.748743],[137.817259,35.748576],[137.817112,35.748152],[137.816943,35.747936],[137.81701,35.747618],[137.81666,35.7472],[137.816719,35.746934],[137.817389,35.746012],[137.817813,35.744509],[137.817771,35.743996],[137.818337,35.743235],[137.818695,35.742578],[137.819151,35.742105],[137.819228,35.741575],[137.819615,35.740121],[137.819937,35.739244],[137.820734,35.738936],[137.821383,35.738576],[137.821597,35.737165],[137.8216,35.736802],[137.821027,35.737262],[137.820326,35.73707],[137.819906,35.737135],[137.818948,35.737675],[137.818014,35.737188],[137.817643,35.736766],[137.817184,35.736353],[137.816818,35.735904],[137.816176,35.735859],[137.815693,35.735717],[137.815055,35.735717],[137.815247,35.735197],[137.815354,35.734441],[137.816097,35.732702],[137.816299,35.73206],[137.817096,35.731834],[137.817575,35.731532],[137.817716,35.73163],[137.818179,35.731803],[137.818808,35.73236],[137.81925,35.732875],[137.819674,35.733056],[137.819711,35.732447],[137.819433,35.731726],[137.819286,35.731546],[137.820244,35.730931],[137.820572,35.730854],[137.820786,35.730564],[137.821184,35.730603],[137.821497,35.730478],[137.82215,35.730165],[137.822726,35.729736],[137.822676,35.72869],[137.822965,35.728078],[137.822944,35.72764],[137.823453,35.726808],[137.823932,35.726346],[137.824028,35.726729],[137.824015,35.727404],[137.824506,35.727905],[137.824609,35.728254],[137.824908,35.728499],[137.825706,35.728781],[137.825999,35.72913],[137.826351,35.728998],[137.827334,35.727859],[137.827977,35.72708],[137.828417,35.726247],[137.828532,35.726117],[137.828694,35.725973],[137.829016,35.72589],[137.829067,35.726011],[137.829821,35.726651],[137.830373,35.727049],[137.831673,35.727581],[137.832422,35.728038],[137.832916,35.728629],[137.833779,35.729172],[137.834215,35.729656],[137.834711,35.730069],[137.834739,35.730189],[137.834909,35.730359],[137.834856,35.730527],[137.834911,35.730685],[137.83501,35.730786],[137.835212,35.730862],[137.835262,35.730947],[137.835335,35.731318],[137.835215,35.731529],[137.835224,35.731603],[137.835376,35.731833],[137.83577,35.732046],[137.835954,35.73222],[137.836118,35.732636],[137.836272,35.73287],[137.836332,35.733314],[137.836962,35.73406],[137.837038,35.734284],[137.837361,35.734838],[137.837536,35.735436],[137.837857,35.735531],[137.838212,35.735706],[137.83856,35.735732],[137.838578,35.73604],[137.838731,35.736271],[137.838763,35.736439],[137.838666,35.736799],[137.837974,35.737128],[137.837843,35.737231],[137.837777,35.73753],[137.837756,35.73817],[137.83727,35.738785],[137.836562,35.739388],[137.836247,35.739559],[137.83589,35.739645],[137.835263,35.740161],[137.835291,35.740735],[137.8351,35.741173],[137.83512,35.741555],[137.835139,35.741614],[137.835266,35.741685],[137.835883,35.74173],[137.835984,35.741781],[137.836068,35.741928],[137.83595,35.742274],[137.835136,35.742171],[137.834647,35.742609],[137.833911,35.742759],[137.833386,35.743022],[137.831417,35.743623],[137.831192,35.743834],[137.830259,35.744448],[137.829313,35.744717],[137.828956,35.745239],[137.828731,35.745408],[137.827306,35.745787],[137.826843,35.7463],[137.827334,35.746563],[137.82804,35.746758],[137.828966,35.747386],[137.8293,35.747553],[137.829846,35.74752],[137.830322,35.747385],[137.830925,35.747688],[137.831339,35.747747],[137.832041,35.747727],[137.83169,35.748033],[137.831417,35.748724],[137.83104,35.749142],[137.830201,35.749491],[137.82962,35.750066],[137.828814,35.750665],[137.828151,35.750959],[137.828115,35.751015],[137.828053,35.752163],[137.828183,35.752866],[137.828251,35.753651],[137.828103,35.754402],[137.827882,35.755054],[137.82776,35.756114],[137.828132,35.756228],[137.828472,35.756247],[137.829317,35.756168],[137.829522,35.756571],[137.829819,35.757463],[137.830461,35.758101],[137.831032,35.75892],[137.830944,35.759762],[137.831171,35.760213],[137.831572,35.76062],[137.830738,35.762676],[137.830669,35.763239],[137.829951,35.765015],[137.831165,35.766733],[137.831867,35.767187],[137.832059,35.767717],[137.831729,35.767747],[137.83119,35.76792],[137.830343,35.768439],[137.829992,35.768773],[137.8299,35.768936],[137.829825,35.76927],[137.829679,35.769426],[137.82943,35.769578],[137.828515,35.769667],[137.828194,35.769863],[137.827603,35.77055],[137.827554,35.77066]]],[[[137.539385,35.635889],[137.540505,35.636173],[137.541403,35.63717],[137.541687,35.637628],[137.541885,35.637816],[137.542252,35.637987],[137.542829,35.63815],[137.543251,35.637631],[137.543513,35.637524],[137.544068,35.637463],[137.544425,35.637155],[137.544615,35.637049],[137.54503,35.63692],[137.545336,35.636509],[137.545924,35.6366],[137.546115,35.636568],[137.546218,35.636513],[137.546495,35.636026],[137.546809,35.635802],[137.547073,35.635698],[137.547188,35.635583],[137.547337,35.635515],[137.548022,35.635392],[137.548424,35.635251],[137.548471,35.635215],[137.548434,35.635061],[137.548339,35.63495],[137.548326,35.634674],[137.549192,35.634973],[137.549909,35.635084],[137.550455,35.635229],[137.552556,35.636194],[137.553417,35.636346],[137.554191,35.636252],[137.555157,35.636303],[137.555271,35.636333],[137.555535,35.636541],[137.555352,35.636756],[137.555375,35.637185],[137.555438,35.63743],[137.555254,35.637682],[137.555372,35.63793],[137.555136,35.638327],[137.555152,35.63909],[137.555355,35.639306],[137.555177,35.639625],[137.555356,35.639876],[137.55496,35.640173],[137.554709,35.640198],[137.554061,35.64061],[137.553795,35.640826],[137.553531,35.64135],[137.552644,35.641822],[137.551364,35.642361],[137.55076,35.643658],[137.550626,35.644115],[137.550571,35.644658],[137.550775,35.64496],[137.550813,35.645395],[137.550291,35.645767],[137.550152,35.646183],[137.549871,35.646506],[137.549562,35.646991],[137.548836,35.647726],[137.547825,35.647743],[137.547156,35.647862],[137.54712,35.648092],[137.546286,35.6484],[137.545726,35.648535],[137.544547,35.649047],[137.544139,35.648988],[137.543709,35.648827],[137.543494,35.648813],[137.543211,35.648873],[137.543001,35.648831],[137.542435,35.648381],[137.540929,35.647366],[137.540001,35.647054],[137.539723,35.646833],[137.539564,35.646438],[137.539298,35.645037],[137.53944,35.644513],[137.539316,35.643994],[137.539349,35.64387],[137.539616,35.643548],[137.540374,35.642915],[137.540708,35.642735],[137.540935,35.642533],[137.541026,35.642317],[137.54102,35.642078],[137.540221,35.640705],[137.539412,35.639993],[137.539112,35.639612],[137.538642,35.638753],[137.538444,35.63855],[137.538183,35.63833],[137.537866,35.638247],[137.53747,35.638307],[137.537199,35.638198],[137.53884,35.637252],[137.539001,35.636444],[137.539385,35.635889]]],[[[137.543834,35.625697],[137.543936,35.624958],[137.543924,35.624309],[137.544006,35.624022],[137.543825,35.623469],[137.543509,35.622871],[137.543637,35.622676],[137.54394,35.622458],[137.544096,35.622237],[137.544084,35.622045],[137.544306,35.621354],[137.544625,35.621072],[137.545074,35.62042],[137.545191,35.62008],[137.545423,35.619775],[137.545619,35.619661],[137.546327,35.619423],[137.546914,35.618793],[137.54695,35.618611],[137.546744,35.618089],[137.546859,35.617852],[137.547352,35.61724],[137.5475,35.616052],[137.547459,35.61534],[137.5468,35.61435],[137.546703,35.614062],[137.54649,35.613664],[137.546029,35.613031],[137.545324,35.611767],[137.544994,35.610615],[137.545005,35.610356],[137.545314,35.610191],[137.545412,35.610285],[137.545656,35.610357],[137.545871,35.610567],[137.546223,35.61073],[137.546723,35.610767],[137.546966,35.610871],[137.54737,35.610787],[137.547708,35.610987],[137.548183,35.611024],[137.548468,35.611127],[137.548823,35.611073],[137.549497,35.611236],[137.549847,35.611488],[137.550129,35.611799],[137.550529,35.612036],[137.55065,35.612482],[137.550983,35.612977],[137.55122,35.613143],[137.551375,35.613696],[137.55116,35.613788],[137.551174,35.613948],[137.551096,35.61401],[137.551568,35.615004],[137.552523,35.616533],[137.552692,35.616959],[137.552698,35.617124],[137.55228,35.617109],[137.552068,35.617186],[137.551766,35.6175],[137.551206,35.617374],[137.550596,35.617356],[137.55058,35.617397],[137.550546,35.617946],[137.550474,35.618267],[137.550338,35.618409],[137.550235,35.618719],[137.550211,35.619175],[137.549856,35.619686],[137.549689,35.620424],[137.54981,35.621101],[137.549726,35.621501],[137.549385,35.622135],[137.549246,35.622498],[137.549411,35.623158],[137.549771,35.623768],[137.549954,35.62426],[137.549941,35.624659],[137.549775,35.625515],[137.547127,35.625063],[137.547115,35.625003],[137.546312,35.625429],[137.545727,35.625698],[137.545528,35.625745],[137.54494,35.625868],[137.544374,35.625886],[137.543834,35.625697]]],[[[137.63705,35.430445],[137.636679,35.430779],[137.636383,35.431257],[137.636123,35.431414],[137.635655,35.432055],[137.635545,35.432121],[137.634599,35.432051],[137.634465,35.4321],[137.63403,35.43243],[137.633264,35.432534],[137.632466,35.432287],[137.632249,35.432249],[137.632087,35.432287],[137.63077,35.431937],[137.629954,35.432268],[137.629648,35.432343],[137.62916,35.432701],[137.629024,35.432931],[137.629084,35.433368],[137.628912,35.433808],[137.62849,35.434051],[137.628079,35.43414],[137.627665,35.434414],[137.626958,35.434515],[137.626685,35.434673],[137.626349,35.434661],[137.625863,35.434508],[137.625592,35.43449],[137.625006,35.434283],[137.624781,35.4343],[137.623905,35.434575],[137.623378,35.434655],[137.622816,35.435007],[137.6219,35.435038],[137.621821,35.43563],[137.621937,35.435887],[137.621827,35.436167],[137.621834,35.43653],[137.621656,35.436809],[137.621641,35.437105],[137.6217,35.437306],[137.621947,35.437426],[137.622158,35.437741],[137.622445,35.437983],[137.623306,35.438483],[137.623344,35.438848],[137.623642,35.439424],[137.62382,35.439626],[137.624098,35.439668],[137.624374,35.439902],[137.624633,35.439953],[137.625441,35.440375],[137.626023,35.440954],[137.62619,35.441036],[137.626682,35.441633],[137.627,35.441778],[137.627715,35.441885],[137.62804,35.442049],[137.628195,35.442233],[137.6285,35.44292],[137.628744,35.443157],[137.628969,35.443289],[137.629266,35.443334],[137.629522,35.443482],[137.630252,35.443704],[137.630346,35.443861],[137.630218,35.443993],[137.629958,35.444428],[137.630236,35.444732],[137.630775,35.445055],[137.630831,35.445118],[137.630954,35.445661],[137.631632,35.446282],[137.631856,35.447208],[137.631958,35.447361],[137.632396,35.447614],[137.632729,35.447739],[137.632959,35.447987],[137.633229,35.448445],[137.633022,35.448891],[137.632906,35.449284],[137.632596,35.449749],[137.632515,35.450039],[137.632538,35.450178],[137.632729,35.450437],[137.632855,35.450862],[137.633079,35.451285],[137.633159,35.451915],[137.633286,35.452309],[137.633182,35.453455],[137.633586,35.45458],[137.633659,35.455075],[137.633476,35.45544],[137.63337,35.456199],[137.633866,35.456218],[137.634232,35.456297],[137.635253,35.456848],[137.635336,35.456994],[137.635887,35.457407],[137.636556,35.457419],[137.636601,35.457489],[137.637003,35.457556],[137.637352,35.457832],[137.637745,35.457976],[137.638271,35.457997],[137.639117,35.458375],[137.639701,35.458401],[137.640218,35.458787],[137.64048,35.458912],[137.640652,35.458931],[137.64232,35.458474],[137.642513,35.458284],[137.643031,35.458235],[137.643369,35.458089],[137.644195,35.458078],[137.644614,35.458259],[137.644878,35.458589],[137.645056,35.458726],[137.645482,35.458801],[137.646151,35.459239],[137.647017,35.459501],[137.647938,35.459544],[137.648812,35.459661],[137.650498,35.459538],[137.651544,35.459825],[137.651776,35.459805],[137.652039,35.459696],[137.652487,35.459665],[137.652803,35.459771],[137.653639,35.45989],[137.653985,35.460066],[137.654702,35.460124],[137.65518,35.460339],[137.656593,35.460359],[137.656925,35.460508],[137.657216,35.460498],[137.657792,35.460355],[137.657983,35.460504],[137.658085,35.460753],[137.65854,35.460713],[137.658663,35.460869],[137.658852,35.461608],[137.65902,35.461796],[137.659085,35.462057],[137.659098,35.462612],[137.659437,35.463113],[137.65973,35.463249],[137.659313,35.463351],[137.659233,35.463312],[137.659075,35.46333],[137.658952,35.463393],[137.65859,35.463969],[137.658452,35.464645],[137.65857,35.46503],[137.658519,35.465362],[137.658439,35.465557],[137.658288,35.465708],[137.657982,35.465823],[137.65691,35.465789],[137.656055,35.466095],[137.65508,35.466558],[137.654775,35.466595],[137.654731,35.466511],[137.654464,35.46652],[137.654333,35.466473],[137.654045,35.465977],[137.653664,35.465653],[137.653472,35.465601],[137.653157,35.465606],[137.652652,35.465846],[137.652529,35.465841],[137.652068,35.465638],[137.652019,35.465348],[137.651958,35.465265],[137.651561,35.465234],[137.651257,35.465017],[137.650942,35.465057],[137.650597,35.465009],[137.650626,35.46468],[137.650773,35.464495],[137.650665,35.464322],[137.650666,35.464193],[137.650887,35.464038],[137.650901,35.463962],[137.650493,35.463205],[137.650744,35.463099],[137.651074,35.462855],[137.65132,35.462766],[137.651336,35.462649],[137.650944,35.462494],[137.650801,35.462392],[137.650775,35.462351],[137.650859,35.462146],[137.650849,35.461932],[137.650661,35.461825],[137.650199,35.461708],[137.650107,35.461573],[137.65006,35.461342],[137.649905,35.461177],[137.649449,35.461415],[137.648923,35.461462],[137.64717,35.461019],[137.646839,35.461022],[137.646489,35.460955],[137.645996,35.460694],[137.645558,35.460538],[137.645254,35.460522],[137.644919,35.460416],[137.644592,35.460187],[137.644396,35.459977],[137.643955,35.459741],[137.643724,35.459456],[137.643414,35.459377],[137.643134,35.459402],[137.641663,35.459857],[137.641919,35.460434],[137.64225,35.460712],[137.642192,35.461088],[137.642255,35.461236],[137.642441,35.462354],[137.642524,35.462586],[137.642797,35.463132],[137.643214,35.463401],[137.643373,35.463555],[137.643716,35.464052],[137.643809,35.464585],[137.643758,35.46485],[137.643822,35.465004],[137.644158,35.465065],[137.643916,35.465496],[137.643829,35.465921],[137.643348,35.466626],[137.643007,35.467256],[137.64276,35.46758],[137.642539,35.468389],[137.641957,35.469064],[137.64172,35.469614],[137.641731,35.469783],[137.641655,35.470014],[137.641666,35.470725],[137.641584,35.470939],[137.641689,35.471049],[137.642031,35.471817],[137.64227,35.472202],[137.642556,35.472502],[137.642599,35.472716],[137.643029,35.473153],[137.643043,35.473294],[137.642969,35.473388],[137.642375,35.473742],[137.642164,35.474206],[137.642267,35.474785],[137.642017,35.47512],[137.641957,35.47541],[137.642018,35.475647],[137.64206,35.476281],[137.642005,35.476492],[137.641897,35.476608],[137.64157,35.476795],[137.641484,35.476588],[137.639347,35.47606],[137.638947,35.475888],[137.638422,35.475517],[137.637916,35.475954],[137.637237,35.476403],[137.637042,35.476658],[137.636921,35.476955],[137.63693,35.477285],[137.636733,35.477553],[137.636684,35.477775],[137.636857,35.478306],[137.637453,35.479565],[137.637635,35.480319],[137.637748,35.48049],[137.637993,35.480612],[137.638505,35.481016],[137.638834,35.481432],[137.639277,35.481872],[137.639511,35.482046],[137.639907,35.482231],[137.640124,35.48242],[137.640363,35.482522],[137.641446,35.482773],[137.642395,35.48315],[137.642535,35.483531],[137.642715,35.483707],[137.642952,35.484156],[137.643125,35.484317],[137.643197,35.484759],[137.643243,35.485782],[137.643866,35.48709],[137.643891,35.487702],[137.644173,35.488853],[137.644617,35.489301],[137.644806,35.489969],[137.644958,35.490188],[137.645062,35.490583],[137.645083,35.490896],[137.645646,35.491682],[137.645827,35.491798],[137.646684,35.492067],[137.647247,35.492512],[137.648385,35.492824],[137.648621,35.493],[137.64878,35.493248],[137.648853,35.493669],[137.64898,35.493859],[137.649669,35.494565],[137.649883,35.494934],[137.649551,35.495056],[137.648822,35.496175],[137.64843,35.496624],[137.647855,35.496981],[137.647363,35.497552],[137.647313,35.497764],[137.647224,35.499662],[137.647142,35.499803],[137.646721,35.499988],[137.646359,35.500244],[137.646317,35.500365],[137.646078,35.500462],[137.645981,35.500854],[137.64573,35.500919],[137.645612,35.501056],[137.645578,35.501174],[137.645555,35.501441],[137.645862,35.502182],[137.645947,35.502962],[137.646029,35.503199],[137.646856,35.503984],[137.646942,35.504183],[137.646964,35.504443],[137.647292,35.505022],[137.6475,35.505224],[137.647857,35.505399],[137.647959,35.505657],[137.64815,35.505908],[137.648354,35.506478],[137.648805,35.50698],[137.648721,35.507167],[137.648574,35.508011],[137.64844,35.508343],[137.648237,35.5086],[137.647847,35.50889],[137.648028,35.509067],[137.648262,35.509586],[137.648543,35.509981],[137.648777,35.510136],[137.649256,35.51062],[137.650191,35.511683],[137.650419,35.511706],[137.650699,35.511818],[137.650829,35.511919],[137.650958,35.512112],[137.651302,35.512103],[137.651603,35.512209],[137.651795,35.512336],[137.653425,35.512564],[137.654165,35.512454],[137.655142,35.512498],[137.655449,35.512448],[137.656007,35.512509],[137.656849,35.512521],[137.657308,35.512902],[137.658063,35.51305],[137.658899,35.512858],[137.659377,35.512388],[137.659877,35.512296],[137.659963,35.512854],[137.659837,35.513261],[137.659691,35.513234],[137.658879,35.513574],[137.658643,35.513628],[137.658231,35.513874],[137.657865,35.513891],[137.657603,35.513801],[137.657268,35.513897],[137.656961,35.513865],[137.656682,35.513687],[137.656593,35.513406],[137.655905,35.513408],[137.655493,35.513352],[137.6552,35.513404],[137.654221,35.513355],[137.653332,35.513471],[137.651946,35.51325],[137.651507,35.513255],[137.651309,35.513187],[137.651065,35.513012],[137.650846,35.513029],[137.65038,35.512969],[137.650129,35.512842],[137.650007,35.512713],[137.649624,35.512682],[137.64933,35.51248],[137.649213,35.512299],[137.649176,35.512038],[137.647965,35.510752],[137.64767,35.510552],[137.64722,35.509884],[137.647104,35.51022],[137.645483,35.510429],[137.645095,35.510629],[137.644809,35.510965],[137.644691,35.511037],[137.644195,35.511011],[137.644016,35.511021],[137.643912,35.511077],[137.643791,35.51095],[137.643006,35.510746],[137.642536,35.51073],[137.642326,35.510789],[137.641949,35.511001],[137.641782,35.511001],[137.640903,35.510449],[137.640724,35.510407],[137.640358,35.510432],[137.639406,35.510611],[137.638495,35.510908],[137.638087,35.510925],[137.637354,35.51078],[137.636402,35.510687],[137.636224,35.510602],[137.636109,35.510373],[137.635188,35.509337],[137.634047,35.508844],[137.633597,35.508802],[137.633105,35.508802],[137.632728,35.508861],[137.631755,35.509176],[137.631577,35.508904],[137.628929,35.507044],[137.628856,35.506739],[137.628981,35.506501],[137.629463,35.506059],[137.629453,35.505796],[137.628981,35.504972],[137.627956,35.50414],[137.627524,35.503212],[137.627556,35.502816],[137.628278,35.501652],[137.628274,35.501309],[137.626471,35.501161],[137.624271,35.500778],[137.624238,35.500592],[137.62429,35.500334],[137.624285,35.499494],[137.624191,35.499234],[137.624671,35.498207],[137.624757,35.497886],[137.624851,35.497487],[137.624809,35.496884],[137.624906,35.496493],[137.624725,35.495717],[137.624805,35.49538],[137.624786,35.495233],[137.624691,35.495069],[137.62431,35.494666],[137.62419,35.494277],[137.62431,35.494019],[137.624803,35.493633],[137.624942,35.493482],[137.625174,35.493078],[137.625647,35.492676],[137.625704,35.492519],[137.625712,35.492344],[137.625632,35.492135],[137.625621,35.491916],[137.625708,35.491454],[137.625682,35.491302],[137.625453,35.490895],[137.625588,35.489792],[137.625516,35.488845],[137.625599,35.488226],[137.62598,35.48802],[137.62718,35.487212],[137.627654,35.486703],[137.628579,35.486094],[137.628753,35.4859],[137.628621,35.485493],[137.628455,35.4844],[137.628761,35.484212],[137.629094,35.483923],[137.629357,35.48351],[137.629395,35.483287],[137.629605,35.483147],[137.629548,35.482765],[137.629224,35.481737],[137.629189,35.481223],[137.629289,35.480954],[137.629914,35.480805],[137.630139,35.480682],[137.630405,35.480451],[137.630606,35.480141],[137.630515,35.479211],[137.630222,35.478624],[137.629763,35.477903],[137.629517,35.477133],[137.629528,35.477055],[137.629631,35.476939],[137.630702,35.47647],[137.630906,35.476318],[137.631298,35.475694],[137.631396,35.475143],[137.63188,35.47493],[137.632337,35.474543],[137.632412,35.474334],[137.63238,35.474157],[137.631615,35.473109],[137.631564,35.4729],[137.631885,35.472332],[137.631988,35.471946],[137.631994,35.471462],[137.631848,35.471026],[137.631859,35.470357],[137.63175,35.470044],[137.630882,35.469561],[137.630597,35.469072],[137.630247,35.468793],[137.629572,35.468641],[137.629124,35.468224],[137.629032,35.46788],[137.628855,35.467543],[137.628539,35.467312],[137.628422,35.467312],[137.627503,35.467776],[137.627201,35.467781],[137.626533,35.467922],[137.625916,35.467687],[137.624754,35.467697],[137.624484,35.46762],[137.62375,35.467276],[137.623122,35.466913],[137.622877,35.466915],[137.622618,35.467125],[137.62222,35.467222],[137.62214,35.467337],[137.622221,35.467625],[137.622156,35.467851],[137.621634,35.468427],[137.621392,35.468644],[137.621272,35.468665],[137.620478,35.468147],[137.619952,35.467916],[137.619392,35.467748],[137.618176,35.467769],[137.617943,35.467517],[137.617917,35.466804],[137.617408,35.466097],[137.617468,35.465782],[137.617442,35.46567],[137.616942,35.464676],[137.615166,35.463284],[137.614657,35.463123],[137.613208,35.462913],[137.613148,35.462843],[137.613105,35.462381],[137.612682,35.461829],[137.611811,35.461087],[137.611432,35.460471],[137.610819,35.46003],[137.610586,35.459561],[137.610509,35.459065],[137.610431,35.458883],[137.610155,35.458694],[137.609785,35.458533],[137.608939,35.458435],[137.608327,35.458239],[137.607292,35.458015],[137.607111,35.457749],[137.606827,35.457029],[137.606473,35.45635],[137.606266,35.456147],[137.605749,35.455895],[137.605464,35.455811],[137.60455,35.455804],[137.604438,35.455755],[137.604196,35.455615],[137.603972,35.455377],[137.603334,35.454915],[137.603179,35.454685],[137.603187,35.454503],[137.602963,35.454146],[137.602506,35.453775],[137.602144,35.453348],[137.60192,35.453201],[137.601462,35.453019],[137.601135,35.452676],[137.600678,35.452348],[137.599927,35.451977],[137.598366,35.451522],[137.597633,35.451179],[137.597047,35.45057],[137.594745,35.448863],[137.594253,35.448205],[137.594175,35.447946],[137.59408,35.447806],[137.593192,35.447289],[137.593011,35.447107],[137.593011,35.44703],[137.593589,35.446652],[137.593848,35.446295],[137.594383,35.445889],[137.594745,35.445358],[137.595141,35.445036],[137.595538,35.444553],[137.596815,35.443482],[137.597133,35.443244],[137.597392,35.443125],[137.597953,35.442978],[137.598263,35.442965],[137.598436,35.442866],[137.598453,35.44265],[137.598694,35.4423],[137.598772,35.442055],[137.59891,35.441831],[137.599065,35.441747],[137.600083,35.440635],[137.600721,35.440166],[137.601437,35.439284],[137.602981,35.439431],[137.60349,35.439438],[137.603921,35.439361],[137.604749,35.439075],[137.606422,35.43869],[137.608009,35.438088],[137.608259,35.437927],[137.608819,35.437367],[137.608914,35.436695],[137.609268,35.436087],[137.609621,35.435716],[137.61095,35.434526],[137.611821,35.433813],[137.61201,35.433582],[137.612071,35.43333],[137.61226,35.433106],[137.612735,35.43275],[137.613304,35.432155],[137.613571,35.431938],[137.615305,35.430839],[137.615538,35.430595],[137.615969,35.429916],[137.61621,35.429209],[137.616296,35.4286],[137.616357,35.428475],[137.617521,35.42732],[137.617694,35.427096],[137.61778,35.426704],[137.617633,35.426445],[137.616659,35.425795],[137.616297,35.425382],[137.615667,35.423912],[137.615641,35.423646],[137.615685,35.423339],[137.616426,35.422065],[137.616728,35.421757],[137.617038,35.421568],[137.61747,35.421141],[137.618021,35.420309],[137.618266,35.419743],[137.61893,35.418848],[137.61936,35.41855],[137.619782,35.417977],[137.620524,35.417252],[137.620753,35.417257],[137.620999,35.417536],[137.621321,35.418037],[137.62217,35.418801],[137.622402,35.419255],[137.623605,35.420752],[137.624379,35.421164],[137.624669,35.421434],[137.624978,35.422129],[137.625492,35.422641],[137.625962,35.422986],[137.626422,35.423224],[137.627187,35.423488],[137.627916,35.423863],[137.629141,35.424333],[137.629735,35.424761],[137.631216,35.425548],[137.632159,35.426476],[137.632696,35.426868],[137.632964,35.427212],[137.633445,35.427539],[137.63422,35.427951],[137.635298,35.42843],[137.635443,35.428588],[137.636029,35.429774],[137.636263,35.430062],[137.636386,35.430193],[137.63705,35.430445]]],[[[137.714821,35.561544],[137.714683,35.56163],[137.714419,35.561945],[137.714236,35.562349],[137.714227,35.56267],[137.714105,35.562796],[137.713625,35.562812],[137.713335,35.563046],[137.713213,35.563078],[137.713081,35.563025],[137.712852,35.562769],[137.712657,35.56273],[137.712353,35.562836],[137.711969,35.562822],[137.711562,35.56291],[137.71127,35.56304],[137.711157,35.563304],[137.710822,35.563266],[137.710568,35.563099],[137.71022,35.562755],[137.70932,35.56271],[137.708891,35.562574],[137.708142,35.56259],[137.707468,35.562252],[137.707054,35.56215],[137.706576,35.562386],[137.706581,35.56269],[137.706938,35.562923],[137.707153,35.563216],[137.707185,35.56365],[137.707097,35.56397],[137.70695,35.564237],[137.706954,35.564425],[137.707108,35.564727],[137.707084,35.565336],[137.707249,35.565915],[137.707068,35.566383],[137.707065,35.566669],[137.70683,35.567215],[137.706838,35.567676],[137.706482,35.569832],[137.706545,35.570103],[137.707035,35.570857],[137.707699,35.57083],[137.707717,35.570383],[137.707852,35.570186],[137.70798,35.57015],[137.708534,35.570351],[137.709398,35.571857],[137.710398,35.572807],[137.71089,35.573165],[137.712453,35.572392],[137.71289,35.572309],[137.714365,35.57185],[137.715976,35.571215],[137.716187,35.571032],[137.716499,35.570508],[137.716877,35.570026],[137.717169,35.56985],[137.717841,35.569565],[137.718291,35.569782],[137.71841,35.569794],[137.71859,35.569643],[137.719342,35.569405],[137.719995,35.569435],[137.720557,35.569682],[137.720893,35.569889],[137.721199,35.569943],[137.721721,35.569847],[137.72318,35.569436],[137.724219,35.568275],[137.724787,35.568096],[137.725398,35.568029],[137.725586,35.567827],[137.725698,35.56747],[137.72639,35.567091],[137.726872,35.567023],[137.727015,35.566943],[137.726585,35.566138],[137.726641,35.566013],[137.727277,35.565865],[137.727398,35.565768],[137.727389,35.565572],[137.727456,35.565358],[137.728172,35.564955],[137.728675,35.565024],[137.729142,35.565295],[137.729356,35.565814],[137.729921,35.566139],[137.730071,35.566425],[137.730277,35.566668],[137.730516,35.566785],[137.730811,35.566787],[137.731128,35.566998],[137.731299,35.567311],[137.731658,35.567563],[137.732587,35.567587],[137.73299,35.56767],[137.733957,35.56769],[137.734316,35.568035],[137.734559,35.568195],[137.735499,35.568412],[137.73598,35.568858],[137.736331,35.569264],[137.736492,35.569588],[137.736583,35.570507],[137.736718,35.570992],[137.736962,35.571376],[137.737559,35.572002],[137.737745,35.573221],[137.73764,35.573842],[137.737662,35.574152],[137.737959,35.575024],[137.737973,35.575266],[137.737955,35.575414],[137.737804,35.575689],[137.737731,35.576435],[137.737637,35.57675],[137.737428,35.577139],[137.737567,35.577251],[137.737862,35.57734],[137.738018,35.577462],[137.73809,35.577618],[137.738096,35.577839],[137.737955,35.57882],[137.737864,35.578921],[137.737616,35.57898],[137.737525,35.579073],[137.737551,35.579797],[137.737713,35.580026],[137.737752,35.580289],[137.737674,35.580665],[137.737539,35.58098],[137.737588,35.581081],[137.738252,35.581573],[137.738358,35.581721],[137.738402,35.5823],[137.738646,35.582624],[137.73871,35.582864],[137.738597,35.583455],[137.738611,35.583751],[137.738707,35.584013],[137.738951,35.584331],[137.740244,35.585479],[137.740373,35.585701],[137.74047,35.586052],[137.740289,35.586342],[137.740162,35.587233],[137.740219,35.587437],[137.740608,35.587749],[137.741187,35.588358],[137.741267,35.588688],[137.74149,35.589009],[137.741617,35.589378],[137.741864,35.589583],[137.742504,35.589742],[137.7428,35.58989],[137.743354,35.590329],[137.74389,35.590617],[137.744302,35.591092],[137.744442,35.591572],[137.744422,35.591978],[137.744154,35.592434],[137.743691,35.592806],[137.743502,35.593933],[137.74338,35.594251],[137.743183,35.594396],[137.743073,35.595655],[137.74313,35.596045],[137.744009,35.599068],[137.743032,35.599099],[137.742387,35.599274],[137.741914,35.599512],[137.741447,35.599855],[137.741181,35.600243],[137.740796,35.600979],[137.740262,35.601233],[137.739134,35.602255],[137.738534,35.603437],[137.738608,35.603693],[137.738873,35.60402],[137.739081,35.604161],[137.740746,35.603209],[137.743167,35.60221],[137.744317,35.601965],[137.744471,35.60199],[137.744913,35.602197],[137.745741,35.602439],[137.746175,35.602417],[137.746549,35.602342],[137.746799,35.602213],[137.74711,35.601959],[137.747378,35.601873],[137.747645,35.601894],[137.74828,35.602116],[137.748995,35.602444],[137.749604,35.602603],[137.749912,35.602595],[137.750459,35.602458],[137.750665,35.60249],[137.751319,35.60291],[137.752314,35.603026],[137.752496,35.602994],[137.752847,35.602804],[137.753215,35.602508],[137.753209,35.602949],[137.752936,35.603208],[137.753064,35.603987],[137.752931,35.604609],[137.753868,35.605525],[137.754799,35.606063],[137.754986,35.606237],[137.755735,35.606548],[137.756231,35.607293],[137.755867,35.60804],[137.755815,35.608495],[137.755867,35.608708],[137.756131,35.609016],[137.756358,35.609481],[137.756367,35.609852],[137.756059,35.610344],[137.756168,35.610986],[137.756149,35.611144],[137.755906,35.611748],[137.756226,35.612596],[137.756387,35.614247],[137.756116,35.614071],[137.755033,35.613746],[137.753952,35.613334],[137.753318,35.613059],[137.753137,35.612845],[137.753058,35.61321],[137.752664,35.613725],[137.752146,35.614277],[137.751434,35.614905],[137.750169,35.615853],[137.750205,35.615309],[137.750383,35.615073],[137.75064,35.614128],[137.75061,35.61348],[137.75074,35.613139],[137.750575,35.612671],[137.750571,35.612399],[137.750679,35.61187],[137.75061,35.611523],[137.750378,35.611014],[137.750314,35.610766],[137.749886,35.610129],[137.749314,35.609495],[137.749083,35.609067],[137.748839,35.608909],[137.74764,35.607591],[137.747155,35.606996],[137.746824,35.606502],[137.746651,35.606686],[137.745159,35.606923],[137.743939,35.607324],[137.743426,35.607417],[137.742578,35.607448],[137.741769,35.607155],[137.741226,35.607012],[137.740426,35.606981],[137.739571,35.607063],[137.738284,35.60742],[137.738108,35.607943],[137.738195,35.609098],[137.738043,35.609387],[137.737228,35.61055],[137.737101,35.610859],[137.737017,35.611309],[137.737453,35.611895],[137.737555,35.612321],[137.737587,35.612914],[137.737282,35.612926],[137.73713,35.613034],[137.736812,35.612968],[137.736273,35.613211],[137.735239,35.613362],[137.734398,35.613449],[137.733988,35.613398],[137.733501,35.61344],[137.733012,35.613368],[137.732605,35.613524],[137.732238,35.613411],[137.731388,35.613263],[137.730965,35.613106],[137.730666,35.612889],[137.730289,35.612936],[137.730286,35.61317],[137.729812,35.613356],[137.729445,35.613399],[137.728445,35.612627],[137.728437,35.612438],[137.728603,35.611931],[137.728629,35.611564],[137.72851,35.611416],[137.728295,35.610388],[137.727928,35.609951],[137.727415,35.609736],[137.727213,35.609274],[137.727086,35.609129],[137.726706,35.608968],[137.72657,35.608954],[137.726357,35.60879],[137.726255,35.608517],[137.726149,35.608406],[137.726087,35.608246],[137.72612,35.608091],[137.725539,35.608036],[137.725153,35.607711],[137.724971,35.606887],[137.724887,35.60673],[137.724729,35.607715],[137.726093,35.609776],[137.72677,35.611798],[137.726241,35.613071],[137.72652,35.614215],[137.726797,35.616004],[137.727534,35.617962],[137.727589,35.618011],[137.730887,35.6183],[137.732047,35.615581],[137.734709,35.616994],[137.735696,35.615763],[137.739303,35.617865],[137.741471,35.617603],[137.743151,35.623169],[137.745806,35.621628],[137.747815,35.623054],[137.751667,35.62383],[137.751938,35.623826],[137.749935,35.628891],[137.749804,35.629079],[137.749939,35.629516],[137.762355,35.632137],[137.765831,35.632576],[137.768678,35.635165],[137.768859,35.638541],[137.777064,35.635901],[137.777127,35.636311],[137.777327,35.636531],[137.793541,35.653913],[137.794067,35.656196],[137.797677,35.673416],[137.79043,35.676822],[137.790531,35.677214],[137.789641,35.677423],[137.788081,35.677897],[137.78705,35.678272],[137.789124,35.682807],[137.801547,35.692263],[137.790689,35.694631],[137.788648,35.701179],[137.788694,35.701262],[137.788597,35.701491],[137.788696,35.701945],[137.788566,35.702574],[137.788498,35.702736],[137.788391,35.702816],[137.787579,35.703192],[137.787171,35.703435],[137.794534,35.707587],[137.795471,35.717483],[137.798079,35.726301],[137.785451,35.728944],[137.780777,35.735984],[137.788846,35.744585],[137.802092,35.75273],[137.802391,35.755211],[137.777983,35.758306],[137.770544,35.750419],[137.768138,35.750099],[137.767996,35.750124],[137.767825,35.749894],[137.767332,35.749999],[137.767155,35.74983],[137.766543,35.749805],[137.766672,35.751126],[137.765828,35.751671],[137.765269,35.75188],[137.76488,35.752088],[137.764296,35.752459],[137.764164,35.752624],[137.767522,35.755651],[137.76778,35.755875],[137.76785,35.755855],[137.780575,35.766878],[137.783487,35.770429],[137.786158,35.776956],[137.764677,35.777738],[137.76363,35.776875],[137.763453,35.776616],[137.762813,35.776254],[137.761618,35.775341],[137.761028,35.77466],[137.75994,35.773642],[137.759213,35.773146],[137.758544,35.772845],[137.757827,35.772281],[137.756253,35.771626],[137.755978,35.771555],[137.753653,35.77151],[137.753696,35.770701],[137.753979,35.770151],[137.753436,35.770076],[137.752867,35.770171],[137.752177,35.770023],[137.752024,35.769952],[137.752318,35.769661],[137.752624,35.769464],[137.752914,35.769355],[137.753035,35.769196],[137.753079,35.768991],[137.753012,35.76866],[137.753118,35.767421],[137.753214,35.767177],[137.753794,35.766308],[137.7539,35.765798],[137.753856,35.765212],[137.753781,35.764909],[137.753777,35.763989],[137.753679,35.763415],[137.753666,35.762387],[137.753447,35.761497],[137.753444,35.760641],[137.753303,35.76008],[137.753108,35.759643],[137.752884,35.75998],[137.752135,35.760672],[137.751937,35.760697],[137.751338,35.760571],[137.751089,35.760726],[137.751016,35.760905],[137.751119,35.761271],[137.751081,35.761392],[137.750954,35.761503],[137.750696,35.761563],[137.750316,35.761769],[137.750476,35.762012],[137.750555,35.762515],[137.750738,35.76278],[137.750723,35.762917],[137.750626,35.76305],[137.750148,35.763149],[137.749974,35.763128],[137.749648,35.762958],[137.749087,35.763193],[137.748838,35.76308],[137.748728,35.763076],[137.748404,35.76332],[137.747834,35.763574],[137.747718,35.763541],[137.747546,35.763378],[137.747188,35.763317],[137.746863,35.763194],[137.746727,35.763201],[137.746651,35.763224],[137.746482,35.763506],[137.746308,35.763523],[137.746036,35.763642],[137.745852,35.763949],[137.745723,35.764014],[137.745445,35.764024],[137.745169,35.76423],[137.744773,35.764237],[137.744607,35.764176],[137.744439,35.764021],[137.744303,35.764054],[137.744201,35.76415],[137.744027,35.764487],[137.743849,35.764626],[137.74362,35.764719],[137.743148,35.764772],[137.742722,35.764552],[137.742493,35.764509],[137.741113,35.764889],[137.741513,35.764212],[137.742044,35.763519],[137.741922,35.763341],[137.741185,35.76276],[137.741098,35.762376],[137.74146,35.76242],[137.741716,35.762537],[137.741876,35.762555],[137.742026,35.76236],[137.742537,35.762084],[137.742681,35.761885],[137.742574,35.761722],[137.742514,35.761384],[137.742277,35.76131],[137.742013,35.761088],[137.741589,35.760901],[137.741503,35.760796],[137.741535,35.76074],[137.741778,35.760542],[137.742333,35.76062],[137.743292,35.759959],[137.743458,35.759943],[137.743437,35.75972],[137.743367,35.759601],[137.743623,35.759598],[137.743719,35.759524],[137.743912,35.75922],[137.744184,35.75899],[137.74444,35.758975],[137.744743,35.759114],[137.745055,35.75912],[137.744906,35.758807],[137.744647,35.758492],[137.74375,35.757599],[137.742911,35.756926],[137.741838,35.755577],[137.741455,35.755198],[137.740978,35.754388],[137.740524,35.75403],[137.740287,35.753492],[137.740061,35.753202],[137.739721,35.752888],[137.739651,35.752709],[137.739623,35.752356],[137.739542,35.752221],[137.738893,35.752051],[137.738693,35.751921],[137.738313,35.75152],[137.738001,35.750882],[137.737373,35.750339],[137.737171,35.750236],[137.737451,35.749893],[137.738327,35.749549],[137.738745,35.74953],[137.739274,35.749625],[137.73972,35.749641],[137.740143,35.748913],[137.740356,35.748361],[137.740753,35.747583],[137.740891,35.746948],[137.740934,35.746353],[137.739895,35.746649],[137.738746,35.746806],[137.738373,35.746987],[137.737887,35.747087],[137.737256,35.746998],[137.736833,35.746479],[137.735788,35.74595],[137.735207,35.745898],[137.734406,35.74606],[137.734424,35.745846],[137.734321,35.745646],[137.734309,35.745498],[137.733845,35.74488],[137.733789,35.744593],[137.733869,35.744331],[137.733813,35.744159],[137.733733,35.743424],[137.733877,35.74287],[137.733914,35.74196],[137.733805,35.741809],[137.733582,35.741805],[137.733005,35.741476],[137.732775,35.740798],[137.731736,35.740347],[137.731953,35.739911],[137.732232,35.7397],[137.732564,35.739331],[137.733007,35.739076],[137.733515,35.738421],[137.733447,35.738177],[137.73365,35.737983],[137.734175,35.73777],[137.734545,35.737723],[137.735038,35.737236],[137.735125,35.737056],[137.735248,35.736523],[137.735528,35.735867],[137.735555,35.73567],[137.735445,35.735359],[137.735594,35.734997],[137.735578,35.734744],[137.735647,35.734385],[137.73561,35.734027],[137.735761,35.733864],[137.736149,35.733776],[137.736522,35.733419],[137.736846,35.733415],[137.737626,35.732951],[137.737861,35.73287],[137.738121,35.732502],[137.738524,35.732199],[137.739512,35.732123],[137.739899,35.731925],[137.740119,35.731863],[137.740324,35.731869],[137.740626,35.731769],[137.74121,35.731754],[137.741957,35.731986],[137.74279,35.732415],[137.743842,35.732269],[137.744849,35.73246],[137.745081,35.732404],[137.745538,35.732389],[137.745796,35.732291],[137.746546,35.732547],[137.74738,35.732616],[137.747827,35.732788],[137.750105,35.732851],[137.75062,35.733161],[137.750975,35.733231],[137.751974,35.733656],[137.751964,35.734011],[137.752016,35.734386],[137.751896,35.734637],[137.752398,35.735821],[137.75261,35.736006],[137.752728,35.736227],[137.752837,35.736267],[137.753376,35.735808],[137.753761,35.735228],[137.754504,35.734839],[137.754743,35.734644],[137.754691,35.734516],[137.754752,35.734444],[137.755205,35.734278],[137.756653,35.734328],[137.757251,35.734288],[137.757539,35.734329],[137.758425,35.734584],[137.758701,35.734592],[137.759915,35.734172],[137.760563,35.734167],[137.760954,35.734073],[137.762294,35.734417],[137.763138,35.734432],[137.762915,35.734234],[137.762659,35.733875],[137.762415,35.733669],[137.762474,35.73357],[137.762582,35.733551],[137.762852,35.73371],[137.763296,35.733687],[137.763863,35.733881],[137.764508,35.733798],[137.76483,35.733595],[137.764869,35.733542],[137.764846,35.733105],[137.764647,35.732944],[137.764548,35.732717],[137.764382,35.732513],[137.76402,35.732276],[137.763797,35.731882],[137.763819,35.731812],[137.764058,35.731657],[137.764422,35.731613],[137.764833,35.731496],[137.765362,35.731258],[137.765111,35.730949],[137.764887,35.730574],[137.764452,35.73019],[137.764348,35.73],[137.764368,35.729826],[137.764478,35.729713],[137.76464,35.729684],[137.765401,35.729986],[137.766168,35.730072],[137.766219,35.729944],[137.766123,35.729687],[137.766169,35.729506],[137.76642,35.729408],[137.766832,35.729398],[137.766692,35.729186],[137.766314,35.728904],[137.766112,35.728425],[137.766155,35.728244],[137.766335,35.72807],[137.766275,35.727875],[137.766301,35.727733],[137.766374,35.727604],[137.766597,35.727399],[137.766607,35.727197],[137.766819,35.726967],[137.767027,35.726296],[137.767324,35.725803],[137.767424,35.725845],[137.767608,35.726065],[137.768041,35.726142],[137.768224,35.726229],[137.768311,35.726361],[137.768355,35.72665],[137.768572,35.726666],[137.768743,35.726611],[137.768943,35.726704],[137.769223,35.726657],[137.76936,35.726693],[137.769419,35.726786],[137.769458,35.727106],[137.76981,35.727147],[137.770117,35.727416],[137.770364,35.72728],[137.770734,35.727308],[137.771141,35.727451],[137.771613,35.727474],[137.772061,35.727325],[137.772192,35.727383],[137.772342,35.727555],[137.772599,35.727634],[137.772732,35.727754],[137.7729,35.727791],[137.772984,35.727741],[137.773057,35.727446],[137.773197,35.727321],[137.773196,35.727096],[137.773355,35.727026],[137.773813,35.727031],[137.774163,35.727328],[137.774112,35.727542],[137.774152,35.727624],[137.774437,35.727685],[137.774539,35.727885],[137.77473,35.727976],[137.774808,35.728194],[137.774995,35.728258],[137.775159,35.728398],[137.775509,35.728484],[137.775744,35.728723],[137.775611,35.72818],[137.775224,35.727933],[137.775028,35.727749],[137.774272,35.726708],[137.774097,35.726546],[137.77395,35.726266],[137.773699,35.726187],[137.773064,35.726225],[137.772591,35.72614],[137.771989,35.726153],[137.771611,35.726035],[137.770632,35.72596],[137.770076,35.725508],[137.769701,35.725012],[137.769326,35.724759],[137.769206,35.72458],[137.768953,35.724386],[137.768551,35.724133],[137.768487,35.723963],[137.768396,35.723876],[137.767909,35.723625],[137.7682,35.723373],[137.768658,35.723169],[137.768902,35.723134],[137.769338,35.723333],[137.770032,35.723761],[137.770197,35.723759],[137.77052,35.723928],[137.771474,35.724252],[137.771856,35.724489],[137.772248,35.724503],[137.772833,35.724418],[137.774005,35.72403],[137.774397,35.724164],[137.774653,35.724049],[137.775449,35.723972],[137.776122,35.723829],[137.776217,35.7235],[137.776148,35.723164],[137.776485,35.722408],[137.777105,35.720708],[137.77766,35.720005],[137.777977,35.719493],[137.778301,35.719217],[137.778409,35.718868],[137.778381,35.718494],[137.778114,35.717793],[137.777847,35.717825],[137.77768,35.717786],[137.777192,35.717542],[137.776718,35.717513],[137.776336,35.717402],[137.776186,35.717408],[137.776413,35.715472],[137.775648,35.715179],[137.774713,35.715191],[137.774435,35.715138],[137.774306,35.715027],[137.77428,35.714827],[137.774055,35.714716],[137.773974,35.714627],[137.774027,35.713991],[137.774216,35.713868],[137.774043,35.713563],[137.77407,35.71308],[137.774204,35.712838],[137.774491,35.712631],[137.7749,35.712036],[137.774169,35.712208],[137.773971,35.712349],[137.773685,35.712362],[137.77349,35.712495],[137.77301,35.71269],[137.772614,35.712677],[137.772315,35.712881],[137.772143,35.713146],[137.771988,35.713224],[137.771751,35.713168],[137.771619,35.713017],[137.771482,35.712985],[137.771418,35.712735],[137.771341,35.712641],[137.770919,35.712822],[137.770709,35.712748],[137.770729,35.712675],[137.770918,35.712586],[137.770944,35.7123],[137.771016,35.712266],[137.771176,35.712315],[137.771332,35.712145],[137.771365,35.71209],[137.771333,35.711945],[137.771635,35.711622],[137.771632,35.711496],[137.77187,35.711209],[137.772045,35.711186],[137.772048,35.711033],[137.772166,35.710854],[137.772381,35.710723],[137.772222,35.710622],[137.772199,35.710542],[137.772209,35.710328],[137.772325,35.710214],[137.772296,35.709877],[137.772355,35.709654],[137.772443,35.709531],[137.772417,35.709471],[137.772336,35.709466],[137.772037,35.709643],[137.771824,35.709922],[137.771268,35.710339],[137.771174,35.710334],[137.771129,35.710207],[137.77108,35.710201],[137.770946,35.710275],[137.770804,35.710457],[137.770575,35.710464],[137.770432,35.710639],[137.770425,35.710849],[137.770322,35.710977],[137.770205,35.711031],[137.770024,35.710923],[137.769765,35.711232],[137.76961,35.711228],[137.769425,35.710993],[137.769348,35.710971],[137.769302,35.711103],[137.769096,35.711209],[137.769064,35.711323],[137.768984,35.711398],[137.768649,35.711372],[137.76845,35.711434],[137.768124,35.711371],[137.767901,35.711431],[137.767812,35.711548],[137.767669,35.711356],[137.767382,35.711154],[137.770493,35.709274],[137.770751,35.709051],[137.770869,35.708796],[137.770885,35.70853],[137.770997,35.70831],[137.772009,35.707145],[137.771938,35.707086],[137.77196,35.706833],[137.77178,35.706619],[137.771774,35.706385],[137.771978,35.706198],[137.771921,35.705961],[137.771948,35.70588],[137.772187,35.705805],[137.772259,35.705664],[137.772254,35.705357],[137.772611,35.705147],[137.772574,35.704977],[137.772702,35.704884],[137.772258,35.704465],[137.772251,35.704337],[137.772382,35.704167],[137.772361,35.704115],[137.771882,35.703965],[137.771287,35.703617],[137.771241,35.703455],[137.770999,35.703228],[137.770836,35.703174],[137.770758,35.703015],[137.770639,35.702933],[137.770252,35.702946],[137.770129,35.7029],[137.770021,35.702739],[137.769942,35.702391],[137.769671,35.702167],[137.769602,35.702032],[137.77076,35.702254],[137.77105,35.702371],[137.771669,35.702872],[137.772074,35.703326],[137.773058,35.703763],[137.774108,35.704665],[137.774503,35.704886],[137.774843,35.704983],[137.775367,35.705026],[137.775729,35.705013],[137.77622,35.70492],[137.776315,35.704715],[137.775769,35.704107],[137.775603,35.703573],[137.775542,35.702361],[137.775593,35.701775],[137.775653,35.70168],[137.775625,35.701313],[137.775327,35.701054],[137.77533,35.700847],[137.775588,35.70062],[137.775726,35.700349],[137.776115,35.700383],[137.776893,35.699924],[137.776989,35.700421],[137.777305,35.70085],[137.778477,35.701457],[137.778754,35.701739],[137.778923,35.701825],[137.779407,35.701814],[137.779861,35.701668],[137.780251,35.701687],[137.781006,35.701477],[137.781609,35.701409],[137.781395,35.701321],[137.781035,35.701257],[137.780647,35.701095],[137.780294,35.700638],[137.780387,35.700232],[137.78052,35.699999],[137.780701,35.699905],[137.780944,35.699866],[137.781112,35.699744],[137.78113,35.69964],[137.780899,35.699528],[137.780903,35.699482],[137.781228,35.699249],[137.781207,35.699144],[137.781043,35.698987],[137.780787,35.699003],[137.780432,35.698943],[137.78022,35.698691],[137.780305,35.698549],[137.780745,35.698345],[137.78088,35.698154],[137.780889,35.698074],[137.780573,35.697969],[137.780524,35.697911],[137.780614,35.697821],[137.780861,35.697742],[137.780865,35.697686],[137.780805,35.697595],[137.780448,35.697421],[137.780049,35.697369],[137.780054,35.6973],[137.780225,35.697159],[137.780221,35.697078],[137.779968,35.697069],[137.779599,35.697146],[137.77952,35.697024],[137.779538,35.696807],[137.779311,35.696859],[137.779231,35.696825],[137.779248,35.696515],[137.779017,35.696351],[137.77888,35.695837],[137.778682,35.695632],[137.778671,35.695397],[137.778579,35.695206],[137.778556,35.694939],[137.778433,35.69465],[137.778428,35.694461],[137.778287,35.694202],[137.778282,35.694074],[137.780183,35.694393],[137.78132,35.695512],[137.782545,35.696217],[137.782861,35.69609],[137.782836,35.695877],[137.783248,35.695407],[137.783729,35.69506],[137.78362,35.694874],[137.783973,35.694177],[137.784428,35.694033],[137.784576,35.69341],[137.784813,35.693191],[137.78353,35.692911],[137.782972,35.692646],[137.782095,35.691662],[137.781563,35.690839],[137.780841,35.690545],[137.78064,35.690374],[137.779847,35.690013],[137.77958,35.689816],[137.779306,35.689486],[137.778416,35.689212],[137.777859,35.688843],[137.777615,35.688752],[137.777284,35.688534],[137.776973,35.688173],[137.776712,35.687984],[137.776584,35.687965],[137.776375,35.688258],[137.775966,35.688442],[137.775178,35.688517],[137.774642,35.688627],[137.774468,35.688186],[137.774073,35.687628],[137.773591,35.687089],[137.77361,35.686946],[137.773746,35.686673],[137.774301,35.686048],[137.774313,35.685917],[137.773254,35.685551],[137.771699,35.685334],[137.77116,35.685116],[137.770595,35.685052],[137.770423,35.684989],[137.770305,35.6847],[137.770273,35.68448],[137.770317,35.684279],[137.770271,35.684057],[137.770089,35.683567],[137.7699,35.68324],[137.769826,35.682901],[137.769356,35.682558],[137.769247,35.682426],[137.76879,35.681643],[137.768269,35.680941],[137.768052,35.680415],[137.767637,35.680187],[137.767212,35.68009],[137.766878,35.680084],[137.766527,35.67997],[137.766093,35.679703],[137.765805,35.679385],[137.765759,35.679411],[137.765846,35.679595],[137.765699,35.67969],[137.765797,35.679829],[137.765806,35.679969],[137.765971,35.680099],[137.766014,35.680319],[137.766243,35.68043],[137.766316,35.680571],[137.766525,35.680683],[137.766547,35.680747],[137.766471,35.680998],[137.766772,35.681162],[137.76672,35.681377],[137.766958,35.68157],[137.766933,35.681818],[137.767134,35.682414],[137.767078,35.682506],[137.76698,35.682504],[137.766688,35.682339],[137.766383,35.682239],[137.766177,35.682017],[137.765906,35.681961],[137.765797,35.681857],[137.765644,35.681796],[137.765556,35.681706],[137.765533,35.681504],[137.765279,35.681508],[137.765129,35.681442],[137.765028,35.68125],[137.765002,35.680985],[137.76479,35.680923],[137.764592,35.680973],[137.764557,35.680939],[137.764625,35.680703],[137.764439,35.680555],[137.764108,35.680591],[137.763878,35.68043],[137.763505,35.680746],[137.763345,35.680798],[137.763236,35.680774],[137.763146,35.680695],[137.763018,35.680417],[137.762765,35.680374],[137.762659,35.680251],[137.762928,35.679958],[137.763002,35.67978],[137.762778,35.679782],[137.762515,35.679693],[137.76233,35.679872],[137.761968,35.680011],[137.761753,35.680042],[137.761557,35.680284],[137.761493,35.680495],[137.761319,35.680563],[137.760856,35.680369],[137.760575,35.680156],[137.760291,35.680219],[137.760147,35.680186],[137.759878,35.679905],[137.759502,35.679961],[137.75924,35.679933],[137.758713,35.679675],[137.758459,35.679398],[137.7582,35.679351],[137.75813,35.679581],[137.757668,35.679803],[137.75772,35.680022],[137.757691,35.680184],[137.757339,35.680382],[137.757089,35.680451],[137.757148,35.68074],[137.756969,35.680873],[137.756892,35.681125],[137.756218,35.681348],[137.75537,35.680847],[137.7548,35.680962],[137.75444,35.680903],[137.754344,35.680764],[137.754371,35.680477],[137.754269,35.680242],[137.754266,35.680071],[137.754446,35.679548],[137.754399,35.679494],[137.753926,35.679332],[137.753445,35.679389],[137.753077,35.679384],[137.7529,35.679316],[137.750807,35.679398],[137.749901,35.679324],[137.748711,35.67912],[137.748378,35.67893],[137.747916,35.678837],[137.74748,35.678565],[137.74562,35.678132],[137.744726,35.677726],[137.744486,35.677735],[137.743658,35.677445],[137.74409,35.677384],[137.74459,35.677412],[137.745745,35.677018],[137.745623,35.676484],[137.746251,35.676074],[137.74718,35.675906],[137.747702,35.67616],[137.748427,35.675789],[137.748634,35.675297],[137.749134,35.67497],[137.749939,35.674745],[137.750394,35.674511],[137.750498,35.674234],[137.749934,35.673946],[137.749425,35.67362],[137.749395,35.673464],[137.74959,35.672159],[137.749765,35.671485],[137.749796,35.67138],[137.750293,35.671917],[137.750332,35.671303],[137.750305,35.670597],[137.750503,35.669821],[137.750654,35.669464],[137.751321,35.66864],[137.7514,35.668471],[137.751799,35.667963],[137.751908,35.667741],[137.752184,35.667426],[137.752421,35.666595],[137.753035,35.665299],[137.753065,35.664992],[137.753277,35.664387],[137.753826,35.664655],[137.754075,35.6647],[137.754348,35.664868],[137.754884,35.6655],[137.755965,35.665978],[137.756184,35.666125],[137.756312,35.666296],[137.757185,35.666224],[137.758049,35.666038],[137.758297,35.66604],[137.760105,35.666223],[137.761765,35.666499],[137.76266,35.666867],[137.763913,35.667507],[137.764314,35.667945],[137.764404,35.667722],[137.764626,35.667463],[137.764827,35.667127],[137.764868,35.666771],[137.764971,35.666485],[137.76512,35.665766],[137.765351,35.665078],[137.765439,35.664602],[137.765794,35.6644],[137.76603,35.664091],[137.766184,35.663871],[137.766532,35.663167],[137.767258,35.663459],[137.767678,35.663498],[137.768359,35.663698],[137.768856,35.664008],[137.76924,35.663658],[137.769936,35.663147],[137.770047,35.662795],[137.770225,35.662473],[137.769964,35.662575],[137.7694,35.662599],[137.769108,35.662491],[137.768937,35.66235],[137.768757,35.662054],[137.768849,35.66177],[137.76842,35.661524],[137.768399,35.661245],[137.768086,35.661207],[137.76779,35.660976],[137.767698,35.660758],[137.767763,35.660517],[137.767661,35.660302],[137.767742,35.660004],[137.767239,35.659601],[137.767342,35.65948],[137.767776,35.659395],[137.768436,35.659184],[137.768569,35.658913],[137.768737,35.658782],[137.768841,35.658557],[137.769287,35.658602],[137.769554,35.658842],[137.769952,35.659017],[137.770431,35.659165],[137.770687,35.659155],[137.77077,35.658992],[137.770713,35.658642],[137.770794,35.658357],[137.770855,35.658256],[137.771052,35.658108],[137.771127,35.657629],[137.771327,35.657458],[137.771505,35.657397],[137.771895,35.657059],[137.772129,35.656976],[137.771618,35.655979],[137.770969,35.655049],[137.770489,35.654161],[137.770395,35.6539],[137.770266,35.653733],[137.77037,35.653549],[137.770342,35.653565],[137.770038,35.652554],[137.769316,35.651597],[137.768621,35.6508],[137.766357,35.650793],[137.765597,35.650481],[137.764849,35.650329],[137.763749,35.651236],[137.762591,35.65063],[137.762116,35.650755],[137.761299,35.650439],[137.760828,35.650643],[137.760331,35.650997],[137.759265,35.650515],[137.758786,35.65071],[137.758064,35.651319],[137.757389,35.651653],[137.755811,35.652022],[137.755225,35.652002],[137.755619,35.651405],[137.757111,35.649891],[137.75776,35.649307],[137.757562,35.649288],[137.756923,35.649042],[137.756678,35.648827],[137.756278,35.648694],[137.756043,35.648705],[137.755117,35.648421],[137.754877,35.648434],[137.754472,35.648163],[137.754001,35.648322],[137.753803,35.648672],[137.753062,35.648902],[137.752383,35.648953],[137.751137,35.649342],[137.75107,35.649777],[137.750449,35.651069],[137.750475,35.651464],[137.750344,35.651674],[137.750137,35.651838],[137.749353,35.650966],[137.749256,35.650513],[137.749107,35.650296],[137.748776,35.650194],[137.747966,35.65005],[137.747474,35.64936],[137.747138,35.649004],[137.74686,35.64884],[137.746431,35.648819],[137.746065,35.64854],[137.74557,35.648513],[137.745307,35.648295],[137.744787,35.647646],[137.744682,35.647235],[137.744319,35.647009],[137.743865,35.647027],[137.743854,35.647142],[137.744029,35.647663],[137.744015,35.647991],[137.743864,35.648426],[137.743511,35.648763],[137.743211,35.648531],[137.74271,35.648396],[137.742778,35.648189],[137.742921,35.648038],[137.742833,35.647939],[137.742954,35.647743],[137.742861,35.647483],[137.74238,35.647087],[137.742022,35.647037],[137.741974,35.646889],[137.742109,35.64671],[137.742137,35.646548],[137.742218,35.646467],[137.742716,35.646332],[137.742716,35.646296],[137.742355,35.646201],[137.742282,35.646137],[137.742259,35.645974],[137.742126,35.645971],[137.742097,35.645902],[137.742096,35.645639],[137.741645,35.645681],[137.741473,35.645775],[137.741218,35.645828],[137.740872,35.645659],[137.740808,35.645464],[137.74061,35.645263],[137.74066,35.645114],[137.74063,35.644888],[137.741095,35.64445],[137.740738,35.644447],[137.740625,35.644397],[137.740557,35.644252],[137.740572,35.643964],[137.740358,35.64407],[137.74021,35.644216],[137.739921,35.644241],[137.739724,35.644349],[137.739114,35.644497],[137.738994,35.644434],[137.738975,35.644331],[137.739236,35.644036],[137.739452,35.643616],[137.739101,35.64365],[137.738918,35.643575],[137.738699,35.643643],[137.738608,35.643627],[137.738455,35.643328],[137.738412,35.643083],[137.738328,35.643107],[137.738131,35.643288],[137.738011,35.643324],[137.737357,35.643022],[137.737207,35.643121],[137.736969,35.643056],[137.736924,35.643085],[137.73692,35.643502],[137.736854,35.643615],[137.736509,35.643844],[137.736157,35.64374],[137.735952,35.643795],[137.735708,35.643771],[137.735493,35.643811],[137.735218,35.643737],[137.734776,35.643733],[137.734554,35.643518],[137.733871,35.643279],[137.733799,35.643091],[137.733914,35.642832],[137.733679,35.642663],[137.733878,35.642398],[137.73383,35.642207],[137.733903,35.641966],[137.733877,35.641898],[137.733599,35.641845],[137.733496,35.641686],[137.732713,35.641672],[137.732616,35.641607],[137.732401,35.641279],[137.732088,35.641135],[137.731954,35.640992],[137.732001,35.640649],[137.732064,35.640611],[137.732417,35.640632],[137.732887,35.64052],[137.733246,35.640617],[137.733625,35.640392],[137.733726,35.640401],[137.733983,35.640571],[137.734182,35.640509],[137.734317,35.640535],[137.734492,35.640669],[137.734771,35.640553],[137.735275,35.640597],[137.735587,35.640506],[137.73588,35.640535],[137.735823,35.640387],[137.735573,35.640109],[137.735416,35.639561],[137.735437,35.639369],[137.735559,35.639188],[137.736058,35.638924],[137.736427,35.639013],[137.736649,35.638974],[137.736818,35.639049],[137.736982,35.638926],[137.737186,35.638891],[137.73745,35.638994],[137.737624,35.638969],[137.737814,35.639011],[137.73784,35.63881],[137.737923,35.638692],[137.738259,35.638615],[137.738441,35.638518],[137.738686,35.638502],[137.738461,35.638323],[137.738455,35.638023],[137.738098,35.637946],[137.737851,35.637769],[137.737413,35.637241],[137.737306,35.636934],[137.737074,35.636573],[137.737136,35.636303],[137.737557,35.636041],[137.737678,35.635853],[137.737351,35.635675],[137.736843,35.635557],[137.735738,35.635161],[137.734684,35.634987],[137.733737,35.634927],[137.732794,35.634797],[137.731383,35.634454],[137.730613,35.63379],[137.729776,35.633283],[137.729554,35.633116],[137.729217,35.632754],[137.727583,35.631618],[137.727362,35.631842],[137.727269,35.632222],[137.727282,35.632518],[137.727435,35.632934],[137.72743,35.633441],[137.727197,35.633882],[137.727062,35.634007],[137.726852,35.63418],[137.726665,35.634267],[137.726344,35.634159],[137.724868,35.633984],[137.725095,35.633649],[137.725199,35.633396],[137.725667,35.632839],[137.72585,35.632478],[137.725894,35.631666],[137.725832,35.631233],[137.72569,35.630865],[137.7254,35.630417],[137.725034,35.630022],[137.724855,35.629693],[137.724501,35.629271],[137.724315,35.628968],[137.724156,35.627956],[137.723795,35.627062],[137.723603,35.626862],[137.722697,35.626247],[137.721935,35.624903],[137.721868,35.624619],[137.721687,35.624372],[137.721928,35.623957],[137.721964,35.623106],[137.721484,35.623282],[137.721194,35.623434],[137.721021,35.623584],[137.720881,35.623629],[137.72061,35.623579],[137.720515,35.623616],[137.719678,35.62357],[137.718893,35.62377],[137.718528,35.623748],[137.718192,35.623989],[137.717626,35.624534],[137.717155,35.624577],[137.716956,35.624672],[137.716438,35.624714],[137.716217,35.624903],[137.715063,35.624343],[137.714352,35.62343],[137.713941,35.623059],[137.713489,35.622737],[137.71295,35.622534],[137.712546,35.622074],[137.712432,35.621818],[137.712742,35.621825],[137.712882,35.621753],[137.712991,35.621608],[137.713075,35.621339],[137.713123,35.620864],[137.713233,35.620591],[137.713226,35.620218],[137.713563,35.619625],[137.713641,35.619197],[137.713908,35.618588],[137.713847,35.618083],[137.713915,35.617906],[137.713846,35.617697],[137.713952,35.617369],[137.71394,35.61693],[137.713879,35.616795],[137.713684,35.616705],[137.713369,35.616456],[137.713856,35.616237],[137.714502,35.616261],[137.717471,35.615551],[137.717989,35.615121],[137.718475,35.614845],[137.719147,35.614206],[137.717151,35.613789],[137.715948,35.61362],[137.716187,35.613359],[137.716891,35.612888],[137.717261,35.612782],[137.716944,35.612507],[137.716753,35.612211],[137.716472,35.611755],[137.716346,35.611272],[137.716216,35.611086],[137.717021,35.609791],[137.717147,35.608789],[137.717106,35.608425],[137.716317,35.608757],[137.714624,35.608693],[137.714133,35.608962],[137.713614,35.608974],[137.713301,35.609034],[137.713113,35.609257],[137.71298,35.609661],[137.712821,35.609881],[137.712703,35.609979],[137.711762,35.610303],[137.711477,35.61054],[137.711367,35.610737],[137.710968,35.611122],[137.710579,35.611376],[137.710739,35.611161],[137.710763,35.611087],[137.710702,35.610895],[137.710938,35.610419],[137.71141,35.609766],[137.711503,35.609287],[137.711493,35.609094],[137.711178,35.608442],[137.710837,35.608093],[137.710733,35.607766],[137.710738,35.607358],[137.710487,35.607009],[137.710147,35.606301],[137.71009,35.606087],[137.710094,35.605809],[137.709932,35.605366],[137.709889,35.604983],[137.709679,35.604493],[137.708443,35.604509],[137.70807,35.604462],[137.707528,35.604065],[137.706764,35.603788],[137.706221,35.603789],[137.705194,35.603597],[137.701964,35.603195],[137.702111,35.602927],[137.701822,35.602441],[137.701609,35.601753],[137.701935,35.601814],[137.702439,35.601465],[137.702673,35.601053],[137.702649,35.600779],[137.702839,35.600354],[137.702326,35.601141],[137.701586,35.600387],[137.701222,35.600214],[137.701089,35.599927],[137.70119,35.599745],[137.701061,35.599445],[137.700359,35.599577],[137.700018,35.598643],[137.700074,35.598164],[137.699987,35.597671],[137.700723,35.597204],[137.700455,35.59699],[137.70052,35.596787],[137.70008,35.596586],[137.699832,35.596173],[137.700356,35.595085],[137.700132,35.59488],[137.699125,35.594847],[137.699251,35.594252],[137.698515,35.594239],[137.698867,35.593628],[137.69772,35.593754],[137.697429,35.593423],[137.697662,35.592942],[137.69723,35.592821],[137.69685,35.592955],[137.696151,35.592969],[137.69625,35.592202],[137.696693,35.591944],[137.696529,35.591646],[137.696073,35.59168],[137.695703,35.591498],[137.696125,35.590978],[137.696424,35.590833],[137.6968,35.590542],[137.696942,35.590386],[137.697182,35.589972],[137.697369,35.589563],[137.697343,35.588487],[137.697627,35.588318],[137.697609,35.588046],[137.697647,35.587908],[137.697815,35.587671],[137.698207,35.586913],[137.698242,35.586736],[137.698176,35.586116],[137.697936,35.58583],[137.697382,35.585424],[137.696866,35.585293],[137.69649,35.585106],[137.696916,35.584778],[137.697289,35.584569],[137.697669,35.584209],[137.697178,35.583959],[137.697259,35.583543],[137.697224,35.583163],[137.697162,35.583064],[137.696467,35.582683],[137.695357,35.581773],[137.694482,35.581319],[137.69366,35.580822],[137.692953,35.580548],[137.692228,35.580501],[137.691435,35.580203],[137.690729,35.580089],[137.691522,35.578319],[137.691485,35.578268],[137.691368,35.578191],[137.691034,35.578122],[137.690329,35.577846],[137.690163,35.57771],[137.689981,35.57746],[137.690003,35.577135],[137.689863,35.576822],[137.689471,35.576479],[137.688929,35.576214],[137.688352,35.57619],[137.687951,35.575935],[137.687818,35.575778],[137.687834,35.575528],[137.687584,35.575384],[137.68739,35.575198],[137.687272,35.574884],[137.687068,35.57459],[137.686655,35.574458],[137.686059,35.574062],[137.685511,35.57399],[137.685149,35.573836],[137.684999,35.573574],[137.684919,35.573524],[137.684241,35.573414],[137.683556,35.573087],[137.68322,35.573018],[137.683338,35.572967],[137.683817,35.571477],[137.684359,35.570344],[137.684212,35.569993],[137.684089,35.568908],[137.68415,35.568469],[137.684356,35.567752],[137.684382,35.567508],[137.684333,35.567449],[137.683872,35.567233],[137.683489,35.566897],[137.683051,35.566864],[137.682769,35.566724],[137.682542,35.566429],[137.682361,35.566086],[137.682002,35.565881],[137.681736,35.565864],[137.681124,35.565715],[137.680547,35.565456],[137.680172,35.5654],[137.679958,35.565248],[137.679359,35.565041],[137.679046,35.564808],[137.678733,35.564438],[137.678052,35.564245],[137.67737,35.564186],[137.676746,35.563937],[137.675151,35.563766],[137.673956,35.563573],[137.672634,35.563509],[137.672207,35.563399],[137.672056,35.563449],[137.672146,35.563238],[137.672117,35.562985],[137.67235,35.56282],[137.672104,35.562514],[137.673651,35.560366],[137.674169,35.559326],[137.674193,35.559168],[137.674136,35.559119],[137.675311,35.558118],[137.675742,35.557917],[137.676478,35.557681],[137.676262,35.557117],[137.676038,35.556863],[137.675997,35.556716],[137.675703,35.5564],[137.675484,35.556256],[137.675309,35.55623],[137.675459,35.555891],[137.675586,35.555048],[137.675698,35.554694],[137.67586,35.554414],[137.675716,35.55382],[137.675034,35.553038],[137.675182,35.552949],[137.675506,35.552899],[137.675746,35.552762],[137.676217,35.552861],[137.676469,35.552862],[137.676698,35.552943],[137.676928,35.553101],[137.67732,35.553261],[137.677736,35.553531],[137.679289,35.553549],[137.679791,35.553492],[137.680219,35.553152],[137.680796,35.552853],[137.68143,35.552794],[137.681924,35.552932],[137.683384,35.552484],[137.684694,35.552833],[137.685518,35.553309],[137.686523,35.553195],[137.687081,35.553233],[137.687596,35.553155],[137.689681,35.552516],[137.690366,35.552459],[137.690784,35.552344],[137.691422,35.552296],[137.69209,35.552799],[137.692681,35.552797],[137.692921,35.552856],[137.693367,35.552868],[137.693643,35.552835],[137.693844,35.553005],[137.694048,35.553487],[137.694018,35.553745],[137.694187,35.554052],[137.69456,35.554056],[137.694853,35.554135],[137.695278,35.554419],[137.695547,35.554359],[137.696187,35.554482],[137.697498,35.554406],[137.697935,35.554144],[137.698231,35.554174],[137.699489,35.553827],[137.700005,35.553538],[137.701632,35.554257],[137.702088,35.554015],[137.702402,35.553737],[137.702824,35.553514],[137.703057,35.553251],[137.703524,35.553133],[137.704129,35.552808],[137.704709,35.55312],[137.704936,35.553445],[137.706032,35.553657],[137.706272,35.55376],[137.70695,35.553726],[137.70754,35.553609],[137.708387,35.553189],[137.709147,35.552569],[137.709594,35.552109],[137.709807,35.551989],[137.710197,35.551895],[137.710563,35.551664],[137.71105,35.55147],[137.71195,35.551205],[137.713299,35.551591],[137.713864,35.551308],[137.714724,35.551073],[137.715269,35.551131],[137.715944,35.550648],[137.716287,35.550519],[137.717066,35.550392],[137.717269,35.550422],[137.717808,35.550339],[137.718158,35.5504],[137.718575,35.550591],[137.719007,35.550677],[137.719489,35.551077],[137.720491,35.551381],[137.721019,35.551622],[137.721649,35.551792],[137.722724,35.551525],[137.723131,35.551312],[137.72356,35.55135],[137.724269,35.55167],[137.724874,35.551635],[137.724886,35.551736],[137.724575,35.552177],[137.724366,35.552728],[137.723982,35.55342],[137.723616,35.553536],[137.723393,35.553816],[137.723164,35.554191],[137.723024,35.554658],[137.722527,35.555458],[137.722526,35.555598],[137.722312,35.556042],[137.72178,35.556656],[137.72174,35.556916],[137.721808,35.557105],[137.722021,35.557418],[137.722075,35.55771],[137.721967,35.557771],[137.721623,35.557769],[137.72144,35.557829],[137.721234,35.558038],[137.721151,35.558244],[137.721176,35.558415],[137.721372,35.558593],[137.720614,35.559176],[137.720069,35.559462],[137.719808,35.559811],[137.719423,35.559999],[137.719165,35.560102],[137.718568,35.560125],[137.718094,35.560253],[137.717622,35.560189],[137.717238,35.560289],[137.716801,35.560493],[137.716376,35.560542],[137.716106,35.560694],[137.715963,35.560991],[137.71565,35.561366],[137.715395,35.561436],[137.715368,35.561351],[137.714859,35.561459],[137.714821,35.561544]]],[[[137.756364,35.615403],[137.757224,35.614447],[137.758325,35.613916],[137.758686,35.613681],[137.758814,35.613531],[137.758994,35.612907],[137.760504,35.611352],[137.760973,35.610975],[137.761849,35.609821],[137.763097,35.609117],[137.763676,35.608523],[137.765085,35.608769],[137.765937,35.608797],[137.766209,35.608756],[137.766628,35.608901],[137.766917,35.60891],[137.767039,35.608989],[137.767633,35.609122],[137.768157,35.609377],[137.769251,35.610063],[137.769155,35.610188],[137.769903,35.610153],[137.769921,35.610589],[137.770097,35.611199],[137.770193,35.612262],[137.770459,35.612563],[137.770676,35.613013],[137.771021,35.613431],[137.771816,35.613942],[137.771975,35.614162],[137.7721,35.614497],[137.772366,35.614756],[137.773451,35.615269],[137.774061,35.615437],[137.774515,35.615632],[137.774862,35.615858],[137.775474,35.61657],[137.776357,35.616865],[137.777899,35.617088],[137.778826,35.617083],[137.77906,35.617005],[137.779256,35.617221],[137.779215,35.617604],[137.779239,35.617984],[137.779432,35.618498],[137.779457,35.618859],[137.779521,35.619051],[137.780638,35.620402],[137.780767,35.620702],[137.780865,35.621231],[137.781022,35.621516],[137.78159,35.62125],[137.782147,35.620901],[137.782763,35.620307],[137.783018,35.620201],[137.783236,35.619965],[137.783434,35.619851],[137.783792,35.619784],[137.784291,35.619925],[137.78547,35.620438],[137.786249,35.620504],[137.786616,35.620414],[137.787096,35.62022],[137.787348,35.620291],[137.788328,35.620777],[137.789464,35.620856],[137.790348,35.621081],[137.790626,35.621031],[137.790904,35.621043],[137.791233,35.620953],[137.792133,35.6205],[137.793298,35.620283],[137.793889,35.619834],[137.794285,35.619721],[137.794645,35.619646],[137.795081,35.619623],[137.795339,35.619681],[137.795516,35.619662],[137.796132,35.619176],[137.796576,35.618963],[137.796835,35.618933],[137.797761,35.619186],[137.797968,35.61986],[137.798253,35.620325],[137.798405,35.620707],[137.798675,35.621054],[137.79907,35.621347],[137.799771,35.621555],[137.800425,35.621811],[137.801389,35.622699],[137.801764,35.622946],[137.802314,35.623227],[137.803481,35.623677],[137.803725,35.623645],[137.803702,35.624204],[137.80379,35.62464],[137.803839,35.625497],[137.804036,35.626254],[137.80415,35.626913],[137.804338,35.627029],[137.805227,35.627353],[137.805569,35.627624],[137.805796,35.628123],[137.805932,35.628702],[137.806118,35.629127],[137.806315,35.62932],[137.806734,35.629471],[137.807146,35.62972],[137.807878,35.63036],[137.808816,35.630911],[137.80913,35.631228],[137.810004,35.631559],[137.810443,35.631923],[137.810745,35.632232],[137.810743,35.632499],[137.810832,35.632835],[137.811289,35.63337],[137.81117,35.633997],[137.811039,35.634372],[137.810949,35.635086],[137.810969,35.635237],[137.811144,35.635533],[137.811142,35.635724],[137.811033,35.636013],[137.810445,35.636637],[137.810415,35.63688],[137.810468,35.637239],[137.810831,35.63795],[137.810803,35.638731],[137.810488,35.639079],[137.810408,35.639258],[137.809994,35.639585],[137.809854,35.64014],[137.809738,35.640405],[137.809487,35.640688],[137.80898,35.641035],[137.808503,35.641455],[137.808005,35.641578],[137.807952,35.641766],[137.807569,35.642124],[137.807651,35.642254],[137.807699,35.642711],[137.808586,35.643896],[137.808626,35.644376],[137.808976,35.644858],[137.809338,35.64611],[137.809339,35.646848],[137.809405,35.64717],[137.80976,35.647656],[137.810105,35.648453],[137.810234,35.648622],[137.809914,35.648925],[137.809231,35.649108],[137.808384,35.649515],[137.808125,35.6502],[137.807941,35.650442],[137.80796,35.650557],[137.80787,35.650699],[137.807673,35.650966],[137.80728,35.651187],[137.807124,35.651383],[137.806819,35.651509],[137.806573,35.651676],[137.806342,35.651926],[137.805792,35.652194],[137.805593,35.652351],[137.805291,35.652432],[137.804963,35.652422],[137.804636,35.652848],[137.804571,35.653007],[137.804584,35.653156],[137.804387,35.653409],[137.804347,35.65385],[137.80401,35.654187],[137.803721,35.654351],[137.803672,35.654477],[137.803517,35.654551],[137.803405,35.654703],[137.803335,35.654914],[137.803176,35.655077],[137.80299,35.654135],[137.80247,35.65237],[137.80241,35.651793],[137.802216,35.651134],[137.801943,35.650442],[137.801911,35.650093],[137.801623,35.649538],[137.801733,35.649222],[137.802101,35.648723],[137.802183,35.648433],[137.802117,35.647778],[137.801886,35.6472],[137.801867,35.647005],[137.802077,35.645743],[137.802031,35.645251],[137.801835,35.644877],[137.801382,35.644403],[137.801256,35.644164],[137.800665,35.643814],[137.800509,35.643644],[137.800614,35.643121],[137.800601,35.642975],[137.800319,35.642566],[137.800139,35.641084],[137.799373,35.639564],[137.799345,35.639391],[137.799383,35.639118],[137.799342,35.638943],[137.799116,35.638686],[137.798879,35.638041],[137.798855,35.637482],[137.798937,35.636293],[137.799162,35.635791],[137.799208,35.635454],[137.798888,35.634474],[137.799001,35.633819],[137.79883,35.633003],[137.79841,35.63195],[137.798521,35.631532],[137.798803,35.63112],[137.799821,35.629881],[137.799929,35.629678],[137.799718,35.6286],[137.799956,35.628365],[137.80008,35.628075],[137.800098,35.627691],[137.800036,35.627434],[137.800088,35.627202],[137.800698,35.626871],[137.800856,35.626715],[137.800987,35.626424],[137.801239,35.62617],[137.80149,35.626026],[137.801744,35.62571],[137.801882,35.625385],[137.802067,35.624681],[137.802084,35.624291],[137.801534,35.624727],[137.801292,35.625132],[137.801009,35.625342],[137.800026,35.625728],[137.797047,35.627225],[137.796099,35.627536],[137.79533,35.627647],[137.794802,35.627795],[137.793753,35.627783],[137.793286,35.627893],[137.790959,35.62872],[137.790557,35.62873],[137.789334,35.628568],[137.788359,35.628349],[137.787675,35.628249],[137.786441,35.628247],[137.785192,35.627806],[137.784086,35.627983],[137.783191,35.627889],[137.782726,35.627767],[137.78187,35.627815],[137.781157,35.627781],[137.779681,35.627326],[137.779093,35.626958],[137.778679,35.626825],[137.778194,35.626757],[137.777553,35.627102],[137.776933,35.627365],[137.776502,35.626916],[137.775664,35.626793],[137.774663,35.626998],[137.774123,35.626913],[137.773803,35.626803],[137.773406,35.626593],[137.773026,35.626231],[137.772634,35.625731],[137.771997,35.625176],[137.771607,35.624738],[137.771228,35.624223],[137.770949,35.6237],[137.769781,35.623244],[137.76903,35.622587],[137.768226,35.622078],[137.768101,35.622606],[137.766975,35.622446],[137.766331,35.622568],[137.765022,35.622554],[137.76424,35.622423],[137.763372,35.622157],[137.762667,35.62214],[137.761726,35.621685],[137.761346,35.621591],[137.75981,35.621456],[137.760395,35.621135],[137.760912,35.620783],[137.761617,35.620083],[137.761784,35.619838],[137.761874,35.619585],[137.761808,35.618646],[137.761859,35.61837],[137.762006,35.618141],[137.762337,35.617374],[137.761511,35.617212],[137.761254,35.61698],[137.760923,35.616579],[137.761037,35.616288],[137.761074,35.615925],[137.760415,35.616166],[137.760223,35.616392],[137.759506,35.616806],[137.758763,35.616447],[137.75813,35.616234],[137.756183,35.615975],[137.756364,35.615403]]],[[[137.761676,35.779337],[137.762013,35.779181],[137.763088,35.778937],[137.764068,35.778494],[137.76464,35.778778],[137.767037,35.778999],[137.773096,35.78612],[137.776073,35.793776],[137.775988,35.793752],[137.776947,35.800305],[137.777001,35.800398],[137.773651,35.809204],[137.773407,35.809812],[137.773099,35.810228],[137.773205,35.810371],[137.773178,35.810476],[137.772802,35.810787],[137.772682,35.811031],[137.772761,35.811758],[137.772659,35.812107],[137.772976,35.812413],[137.77331,35.813215],[137.773554,35.813526],[137.773625,35.81368],[137.773621,35.81381],[137.773511,35.813976],[137.773404,35.814035],[137.772775,35.81414],[137.772518,35.814293],[137.772275,35.814324],[137.77218,35.81438],[137.772169,35.814561],[137.771897,35.815003],[137.771711,35.815113],[137.771235,35.815626],[137.771066,35.815706],[137.770918,35.815681],[137.770706,35.815567],[137.770389,35.815552],[137.769803,35.815789],[137.769655,35.816098],[137.769266,35.81625],[137.769064,35.816865],[137.768446,35.817335],[137.768385,35.817896],[137.768835,35.818844],[137.769126,35.819619],[137.768522,35.820036],[137.767547,35.820607],[137.767033,35.820793],[137.76443,35.820956],[137.763744,35.820696],[137.762923,35.820312],[137.762103,35.819821],[137.7619,35.819651],[137.761755,35.819942],[137.761322,35.820449],[137.760778,35.820341],[137.760706,35.820554],[137.760249,35.820713],[137.758801,35.82098],[137.758365,35.820681],[137.758048,35.820649],[137.757651,35.820503],[137.758054,35.819841],[137.758333,35.819625],[137.758014,35.81899],[137.757601,35.81875],[137.757296,35.818228],[137.757143,35.81806],[137.756019,35.818913],[137.75538,35.818934],[137.754544,35.819107],[137.753475,35.819223],[137.752193,35.819782],[137.751589,35.819938],[137.750871,35.819979],[137.749886,35.81991],[137.749959,35.819759],[137.749908,35.819488],[137.749802,35.819078],[137.749588,35.818542],[137.749587,35.818368],[137.749231,35.818315],[137.748994,35.81812],[137.74875,35.81831],[137.748561,35.818319],[137.748253,35.818156],[137.747937,35.818083],[137.747592,35.817891],[137.747435,35.817538],[137.747062,35.817483],[137.747691,35.816902],[137.748513,35.816538],[137.748971,35.816125],[137.748894,35.815744],[137.749004,35.81545],[137.749015,35.815244],[137.748951,35.814946],[137.748987,35.814367],[137.749249,35.813691],[137.749579,35.81341],[137.750027,35.813277],[137.750351,35.812681],[137.748101,35.811543],[137.74809,35.810592],[137.748401,35.809045],[137.74828,35.808825],[137.747947,35.808511],[137.747658,35.807912],[137.747516,35.8078],[137.747612,35.806958],[137.747436,35.806547],[137.747408,35.806276],[137.74725,35.805957],[137.747058,35.805775],[137.747051,35.805703],[137.746714,35.805218],[137.746624,35.805189],[137.745949,35.805352],[137.745847,35.805528],[137.745766,35.805574],[137.745334,35.805442],[137.744273,35.805553],[137.744147,35.805605],[137.743878,35.805536],[137.743751,35.80541],[137.743071,35.805355],[137.742904,35.805008],[137.742458,35.804817],[137.742117,35.804918],[137.741656,35.805246],[137.741402,35.805215],[137.741397,35.805029],[137.741611,35.804925],[137.741645,35.804755],[137.741833,35.804667],[137.741906,35.804419],[137.742036,35.804275],[137.742272,35.804161],[137.742321,35.803932],[137.742668,35.803751],[137.742825,35.803523],[137.743273,35.803318],[137.743555,35.803076],[137.743777,35.80281],[137.744259,35.802491],[137.744787,35.802],[137.745225,35.801998],[137.744979,35.801478],[137.745238,35.80111],[137.745012,35.800712],[137.744721,35.799877],[137.744422,35.799553],[137.744309,35.799341],[137.743861,35.799385],[137.743562,35.799318],[137.743079,35.79932],[137.743046,35.79937],[137.742741,35.799479],[137.741963,35.799566],[137.740929,35.799388],[137.740796,35.799458],[137.740606,35.799462],[137.740507,35.799362],[137.740435,35.79918],[137.740407,35.798773],[137.741248,35.79851],[137.741595,35.7983],[137.742045,35.798283],[137.742452,35.798112],[137.74275,35.797642],[137.742985,35.797488],[137.743122,35.797297],[137.743224,35.797083],[137.743245,35.796741],[137.743323,35.796639],[137.743485,35.79658],[137.743439,35.79619],[137.743779,35.796014],[137.744178,35.795649],[137.744288,35.795423],[137.744398,35.795387],[137.74449,35.795222],[137.744642,35.795113],[137.744736,35.795135],[137.744801,35.795083],[137.744984,35.795063],[137.746072,35.794178],[137.746285,35.794124],[137.746833,35.793768],[137.74709,35.79369],[137.747298,35.793471],[137.747644,35.793303],[137.74784,35.793086],[137.748126,35.793138],[137.748616,35.793097],[137.749193,35.792847],[137.749498,35.792607],[137.750057,35.792506],[137.750295,35.792328],[137.751135,35.7921],[137.752088,35.791976],[137.752344,35.791797],[137.752223,35.791639],[137.752203,35.791527],[137.752256,35.791364],[137.752375,35.791273],[137.752595,35.79123],[137.752714,35.791111],[137.753003,35.79026],[137.752803,35.790143],[137.752783,35.789434],[137.752885,35.789008],[137.752588,35.788328],[137.752606,35.788128],[137.753008,35.786618],[137.753368,35.786783],[137.754337,35.786736],[137.754601,35.786815],[137.755112,35.786523],[137.75613,35.786146],[137.755796,35.78583],[137.75453,35.785195],[137.754748,35.785029],[137.755434,35.783678],[137.755562,35.78351],[137.756098,35.783036],[137.75627,35.782502],[137.756458,35.782213],[137.756696,35.782151],[137.756901,35.781935],[137.757072,35.781845],[137.757107,35.781747],[137.757333,35.781546],[137.757565,35.781198],[137.757763,35.781117],[137.760118,35.78064],[137.760296,35.780553],[137.760755,35.780222],[137.761018,35.779865],[137.761676,35.779337]]],[[[137.76995,35.817756],[137.769918,35.817118],[137.770005,35.816784],[137.770332,35.816588],[137.770767,35.816461],[137.770896,35.816463],[137.771259,35.816611],[137.771421,35.816608],[137.771585,35.816517],[137.771804,35.816509],[137.771985,35.816419],[137.772084,35.816157],[137.772258,35.816074],[137.772635,35.816169],[137.772842,35.81612],[137.773196,35.815879],[137.773319,35.815113],[137.773729,35.815063],[137.774321,35.814745],[137.774497,35.814606],[137.774841,35.814031],[137.774918,35.813866],[137.774917,35.813528],[137.774728,35.813303],[137.774399,35.812738],[137.774085,35.812528],[137.77398,35.812222],[137.773667,35.81199],[137.773652,35.811893],[137.773789,35.811709],[137.773791,35.811609],[137.773701,35.811457],[137.773572,35.811352],[137.773509,35.811088],[137.773529,35.811011],[137.773857,35.810879],[137.773982,35.810803],[137.774048,35.810697],[137.774074,35.810552],[137.77394,35.81022],[137.773955,35.810086],[137.775233,35.807968],[137.776556,35.807349],[137.778226,35.806694],[137.778771,35.806056],[137.779686,35.80527],[137.783121,35.805326],[137.785063,35.804762],[137.789275,35.807237],[137.790569,35.807069],[137.794905,35.802498],[137.795451,35.801038],[137.79613,35.800366],[137.801997,35.804852],[137.803647,35.80645],[137.804815,35.806801],[137.808609,35.802609],[137.811447,35.805092],[137.819836,35.806178],[137.819674,35.806491],[137.814519,35.814235],[137.810922,35.816963],[137.811457,35.818279],[137.8138,35.819573],[137.815965,35.821127],[137.817411,35.823312],[137.81913,35.823397],[137.825609,35.818848],[137.82643,35.816905],[137.829683,35.816118],[137.830536,35.816937],[137.830756,35.817059],[137.831117,35.81758],[137.831625,35.817922],[137.832191,35.818201],[137.832704,35.818631],[137.833118,35.81859],[137.833631,35.818908],[137.833787,35.819277],[137.834131,35.819649],[137.834514,35.819863],[137.834806,35.819888],[137.836268,35.81955],[137.835961,35.818204],[137.835527,35.81585],[137.83529,35.81488],[137.834933,35.812663],[137.834724,35.812023],[137.834578,35.811135],[137.833995,35.808365],[137.83391,35.807756],[137.834169,35.807616],[137.834925,35.807364],[137.837202,35.806747],[137.838142,35.80676],[137.838311,35.806701],[137.838679,35.806693],[137.839015,35.806726],[137.839358,35.806655],[137.839864,35.806707],[137.840407,35.806535],[137.840531,35.806344],[137.840729,35.806232],[137.840833,35.806114],[137.840973,35.806113],[137.841147,35.806194],[137.841997,35.805697],[137.842284,35.805632],[137.842804,35.805342],[137.843351,35.805198],[137.843503,35.805269],[137.844309,35.805073],[137.844636,35.805291],[137.845095,35.805411],[137.845587,35.805458],[137.845971,35.805321],[137.84622,35.805364],[137.846294,35.80529],[137.8466,35.805227],[137.846764,35.80511],[137.847202,35.80507],[137.847121,35.804636],[137.847259,35.80428],[137.846792,35.803803],[137.845999,35.803178],[137.8456,35.803429],[137.845426,35.803475],[137.844429,35.803319],[137.843554,35.803285],[137.843386,35.803236],[137.842799,35.803381],[137.842438,35.803291],[137.841918,35.803306],[137.841717,35.803261],[137.841331,35.803054],[137.840929,35.802962],[137.840049,35.803104],[137.839837,35.803062],[137.839925,35.802905],[137.840307,35.802655],[137.840649,35.802035],[137.840762,35.801909],[137.841108,35.801838],[137.841329,35.801701],[137.841448,35.80109],[137.841737,35.800284],[137.842438,35.799265],[137.842265,35.798972],[137.842023,35.798853],[137.841934,35.798651],[137.841758,35.798556],[137.841671,35.798433],[137.843036,35.797526],[137.841336,35.796903],[137.840575,35.796674],[137.840625,35.79662],[137.840652,35.795932],[137.84072,35.795667],[137.84064,35.795762],[137.83978,35.796286],[137.839423,35.796379],[137.839311,35.796361],[137.839106,35.796292],[137.838988,35.79618],[137.838992,35.795785],[137.83888,35.795405],[137.838584,35.795159],[137.838007,35.795011],[137.837611,35.795009],[137.837468,35.795144],[137.837333,35.795409],[137.836837,35.795711],[137.836656,35.795549],[137.836438,35.795243],[137.836091,35.79503],[137.835826,35.794771],[137.835633,35.794693],[137.835388,35.794675],[137.835067,35.79477],[137.83464,35.795094],[137.83447,35.795087],[137.834184,35.794877],[137.833952,35.794827],[137.833381,35.794872],[137.832887,35.794842],[137.832374,35.795189],[137.832173,35.795263],[137.831732,35.795091],[137.831106,35.795091],[137.830985,35.795161],[137.83078,35.795434],[137.830054,35.796015],[137.830115,35.795726],[137.830028,35.795226],[137.830037,35.794972],[137.830258,35.794483],[137.829857,35.794265],[137.829288,35.794249],[137.828744,35.793965],[137.828431,35.793949],[137.828033,35.794051],[137.828342,35.792567],[137.827455,35.792642],[137.826821,35.792536],[137.826185,35.792689],[137.826126,35.79255],[137.826089,35.792339],[137.826123,35.792197],[137.826298,35.792028],[137.826297,35.791974],[137.826111,35.791757],[137.826136,35.79131],[137.826095,35.791063],[137.826229,35.790687],[137.826221,35.789883],[137.826387,35.789528],[137.826973,35.789175],[137.82743,35.788774],[137.827675,35.788626],[137.828185,35.788613],[137.828136,35.787582],[137.828211,35.787512],[137.829737,35.786915],[137.83079,35.786231],[137.831759,35.785877],[137.832044,35.785433],[137.83124,35.785388],[137.83071,35.785273],[137.830051,35.784986],[137.829344,35.784436],[137.829516,35.784285],[137.829874,35.784155],[137.83064,35.783689],[137.83205,35.783334],[137.832512,35.783132],[137.833094,35.782761],[137.83336,35.782526],[137.834034,35.781351],[137.834366,35.780957],[137.83472,35.780362],[137.83528,35.779809],[137.834739,35.779368],[137.833815,35.778736],[137.833508,35.77836],[137.833402,35.778037],[137.832703,35.77836],[137.831591,35.779061],[137.830813,35.779132],[137.830207,35.779043],[137.830044,35.778932],[137.829999,35.778686],[137.829852,35.778322],[137.82948,35.778048],[137.830064,35.776923],[137.829708,35.777113],[137.829206,35.777235],[137.828937,35.777356],[137.828303,35.777374],[137.828174,35.777297],[137.828166,35.77698],[137.828321,35.776625],[137.82762,35.776778],[137.827392,35.776647],[137.825862,35.776132],[137.825981,35.775989],[137.825938,35.775971],[137.82598,35.775366],[137.826111,35.774568],[137.826347,35.773577],[137.826223,35.772958],[137.825768,35.772682],[137.826156,35.771669],[137.827432,35.770948],[137.827603,35.77055],[137.828194,35.769863],[137.828515,35.769667],[137.82943,35.769578],[137.829543,35.769515],[137.829825,35.76927],[137.8299,35.768936],[137.829992,35.768773],[137.830343,35.768439],[137.83119,35.76792],[137.831729,35.767747],[137.832059,35.767717],[137.831867,35.767187],[137.831165,35.766733],[137.829951,35.765015],[137.830669,35.763239],[137.830738,35.762676],[137.831572,35.76062],[137.831171,35.760213],[137.830944,35.759762],[137.831032,35.75892],[137.830461,35.758101],[137.829819,35.757463],[137.829522,35.756571],[137.829317,35.756168],[137.828472,35.756247],[137.828132,35.756228],[137.82776,35.756114],[137.827882,35.755054],[137.828103,35.754402],[137.828251,35.753651],[137.828183,35.752866],[137.828053,35.752163],[137.828115,35.751015],[137.828151,35.750959],[137.828814,35.750665],[137.82962,35.750066],[137.830201,35.749491],[137.83104,35.749142],[137.831417,35.748724],[137.83169,35.748033],[137.832041,35.747727],[137.831339,35.747747],[137.830925,35.747688],[137.830322,35.747385],[137.829846,35.74752],[137.8293,35.747553],[137.828966,35.747386],[137.82804,35.746758],[137.827334,35.746563],[137.826843,35.7463],[137.827306,35.745787],[137.828731,35.745408],[137.828956,35.745239],[137.829313,35.744717],[137.830259,35.744448],[137.831192,35.743834],[137.831417,35.743623],[137.833386,35.743022],[137.833911,35.742759],[137.834647,35.742609],[137.835136,35.742171],[137.83595,35.742274],[137.836068,35.741928],[137.835984,35.741781],[137.835883,35.74173],[137.835266,35.741685],[137.835139,35.741614],[137.83512,35.741555],[137.8351,35.741173],[137.835291,35.740735],[137.835263,35.740161],[137.83589,35.739645],[137.836247,35.739559],[137.836562,35.739388],[137.83727,35.738785],[137.837756,35.73817],[137.837777,35.73753],[137.837843,35.737231],[137.837974,35.737128],[137.838666,35.736799],[137.838763,35.736439],[137.838731,35.736271],[137.838578,35.73604],[137.83856,35.735732],[137.838212,35.735706],[137.837857,35.735531],[137.837536,35.735436],[137.837361,35.734838],[137.837038,35.734284],[137.836962,35.73406],[137.836332,35.733314],[137.836272,35.73287],[137.836118,35.732636],[137.835954,35.73222],[137.83577,35.732046],[137.835376,35.731833],[137.835224,35.731603],[137.835215,35.731529],[137.835335,35.731318],[137.835262,35.730947],[137.835212,35.730862],[137.834946,35.730741],[137.834869,35.730611],[137.834856,35.730527],[137.83492,35.730397],[137.834716,35.730156],[137.834691,35.729643],[137.834166,35.728968],[137.834091,35.728748],[137.834031,35.72825],[137.833876,35.728028],[137.833899,35.727789],[137.833712,35.727731],[137.833322,35.727489],[137.833281,35.727084],[137.833123,35.726578],[137.833118,35.726358],[137.833175,35.726274],[137.833422,35.726237],[137.83343,35.726152],[137.833063,35.725351],[137.833099,35.724996],[137.833015,35.724452],[137.833051,35.724412],[137.833067,35.723684],[137.832964,35.723296],[137.832019,35.723],[137.830343,35.722599],[137.828884,35.721965],[137.828579,35.721608],[137.828311,35.721495],[137.826248,35.721169],[137.821691,35.720278],[137.818955,35.720046],[137.818546,35.719964],[137.818199,35.719687],[137.817037,35.719034],[137.817339,35.71838],[137.817053,35.717672],[137.816706,35.717019],[137.816879,35.71688],[137.817714,35.716791],[137.81805,35.716676],[137.818614,35.716587],[137.819006,35.716433],[137.819323,35.716218],[137.819845,35.715717],[137.820175,35.715675],[137.820618,35.715693],[137.821264,35.715434],[137.8215,35.715251],[137.821709,35.714953],[137.821842,35.714891],[137.821875,35.714637],[137.821981,35.71448],[137.822135,35.714424],[137.822551,35.714478],[137.822999,35.714011],[137.823754,35.713805],[137.823825,35.713722],[137.823896,35.713398],[137.823952,35.712887],[137.824179,35.712477],[137.824401,35.712217],[137.824705,35.711961],[137.825153,35.711786],[137.825802,35.711365],[137.826584,35.711096],[137.827419,35.710875],[137.827965,35.710603],[137.828912,35.710353],[137.829408,35.710125],[137.830647,35.709901],[137.831111,35.70976],[137.831435,35.709597],[137.831742,35.709529],[137.83204,35.709526],[137.832303,35.709426],[137.832581,35.709245],[137.832917,35.709352],[137.833434,35.709423],[137.835007,35.708777],[137.835269,35.708544],[137.836231,35.708243],[137.83683,35.708174],[137.837282,35.707964],[137.83761,35.707916],[137.837673,35.707713],[137.837973,35.707614],[137.838057,35.707438],[137.8393,35.706876],[137.839607,35.706668],[137.839722,35.706701],[137.838857,35.705585],[137.838231,35.705136],[137.836856,35.70501],[137.836976,35.704511],[137.837306,35.703866],[137.837795,35.703681],[137.837926,35.702636],[137.837794,35.701767],[137.837615,35.701078],[137.837437,35.700661],[137.836625,35.700098],[137.835867,35.699943],[137.835029,35.699568],[137.835307,35.69899],[137.835761,35.698413],[137.835894,35.698114],[137.835907,35.697671],[137.835582,35.696844],[137.835589,35.696241],[137.835767,35.696303],[137.835806,35.696273],[137.836121,35.695803],[137.835283,35.695008],[137.833799,35.69441],[137.834266,35.69363],[137.834615,35.693216],[137.834805,35.692819],[137.835076,35.692532],[137.835707,35.692055],[137.835893,35.691775],[137.83442,35.691813],[137.833555,35.691706],[137.832508,35.691926],[137.831853,35.691845],[137.83025,35.691176],[137.830682,35.691059],[137.831264,35.691007],[137.8316,35.690919],[137.832143,35.690683],[137.832832,35.690289],[137.833302,35.68994],[137.833554,35.689701],[137.833716,35.689463],[137.833512,35.688665],[137.83332,35.688368],[137.832964,35.688088],[137.832157,35.6876],[137.830537,35.686873],[137.82938,35.686072],[137.828188,35.685626],[137.827508,35.68543],[137.828063,35.685145],[137.828528,35.684794],[137.828497,35.684179],[137.828883,35.683521],[137.828564,35.68297],[137.828527,35.682519],[137.828632,35.682022],[137.828728,35.681944],[137.828624,35.681766],[137.828002,35.681839],[137.827115,35.681378],[137.826653,35.681385],[137.82644,35.681266],[137.826226,35.681],[137.825435,35.68091],[137.824643,35.680956],[137.82391,35.680832],[137.824128,35.680366],[137.823679,35.680461],[137.823263,35.680615],[137.822579,35.680947],[137.822492,35.68065],[137.822204,35.680324],[137.821921,35.680119],[137.821758,35.679817],[137.821677,35.679302],[137.821428,35.678425],[137.821473,35.678052],[137.821578,35.677836],[137.821602,35.677501],[137.821521,35.677256],[137.821336,35.677101],[137.821155,35.677012],[137.820345,35.67693],[137.818908,35.676904],[137.817829,35.676673],[137.817072,35.676591],[137.81598,35.676315],[137.815578,35.67604],[137.814949,35.675795],[137.814787,35.67569],[137.81427,35.67523],[137.814689,35.674751],[137.815174,35.67393],[137.815604,35.673543],[137.816247,35.673286],[137.816649,35.673041],[137.817183,35.672896],[137.817345,35.672303],[137.817187,35.671988],[137.81689,35.671613],[137.816448,35.671317],[137.816933,35.671277],[137.817108,35.671179],[137.817147,35.671093],[137.816703,35.670944],[137.816605,35.670829],[137.816795,35.670639],[137.81665,35.670438],[137.816542,35.670313],[137.815524,35.670468],[137.814718,35.67053],[137.81399,35.670459],[137.813425,35.670518],[137.812053,35.670801],[137.811144,35.670766],[137.81061,35.671053],[137.809918,35.671248],[137.808681,35.671183],[137.809026,35.670883],[137.809837,35.670335],[137.810854,35.669494],[137.81161,35.669063],[137.811318,35.668598],[137.811248,35.668139],[137.810918,35.667763],[137.810798,35.667401],[137.810612,35.667133],[137.810496,35.666569],[137.810393,35.666603],[137.809898,35.666404],[137.807948,35.665991],[137.806951,35.665701],[137.806408,35.665419],[137.806945,35.664946],[137.808111,35.664362],[137.808671,35.663962],[137.808856,35.663773],[137.809052,35.663316],[137.80923,35.663123],[137.810453,35.662263],[137.811144,35.661693],[137.811826,35.661272],[137.812401,35.660624],[137.813106,35.660236],[137.813974,35.659364],[137.814274,35.659262],[137.814313,35.65913],[137.814456,35.65918],[137.81479,35.659463],[137.815048,35.660024],[137.815639,35.660592],[137.81652,35.661188],[137.817203,35.661557],[137.817643,35.661905],[137.817607,35.662602],[137.817661,35.662826],[137.817951,35.663112],[137.818248,35.663652],[137.818547,35.663844],[137.8187,35.664067],[137.818963,35.664835],[137.819203,35.665145],[137.819427,35.665238],[137.819772,35.665246],[137.820013,35.665421],[137.82046,35.665456],[137.821164,35.665801],[137.821256,35.666058],[137.821927,35.66621],[137.822128,35.666995],[137.822398,35.667359],[137.822783,35.66735],[137.823218,35.667224],[137.823552,35.667193],[137.823797,35.66701],[137.824154,35.666997],[137.824619,35.666986],[137.825411,35.667093],[137.825648,35.667205],[137.826058,35.667265],[137.826413,35.66759],[137.826979,35.667898],[137.826997,35.668134],[137.827219,35.668505],[137.827312,35.668877],[137.827167,35.669163],[137.827229,35.669426],[137.82743,35.669713],[137.828131,35.670394],[137.82855,35.670647],[137.828665,35.670799],[137.829246,35.67088],[137.830133,35.670741],[137.830716,35.670873],[137.830859,35.671172],[137.831152,35.671326],[137.831725,35.671458],[137.832642,35.67181],[137.833214,35.6721],[137.833471,35.672396],[137.833621,35.672721],[137.83419,35.673129],[137.834142,35.673373],[137.834367,35.673489],[137.834617,35.673806],[137.83481,35.673953],[137.835027,35.674033],[137.835809,35.673955],[137.835989,35.674091],[137.836329,35.674167],[137.836607,35.67402],[137.837289,35.673394],[137.837753,35.673078],[137.838636,35.672996],[137.839921,35.673604],[137.840225,35.673696],[137.840333,35.673656],[137.840647,35.6737],[137.841262,35.67366],[137.841989,35.673763],[137.842513,35.67411],[137.842832,35.674493],[137.843217,35.67482],[137.84334,35.675131],[137.843174,35.675517],[137.843212,35.675717],[137.84304,35.67615],[137.842586,35.676689],[137.842535,35.676831],[137.842633,35.677131],[137.84282,35.677366],[137.843233,35.677392],[137.843503,35.677534],[137.843991,35.677955],[137.844142,35.678256],[137.844445,35.678138],[137.844685,35.67823],[137.845493,35.678171],[137.845813,35.677963],[137.846157,35.67785],[137.846229,35.677938],[137.845867,35.678128],[137.845833,35.678214],[137.846621,35.678035],[137.846887,35.6781],[137.846979,35.67808],[137.847194,35.677783],[137.847317,35.677754],[137.847595,35.677968],[137.847664,35.677943],[137.847732,35.677725],[137.847949,35.677645],[137.848183,35.677876],[137.848278,35.677752],[137.848826,35.67733],[137.848915,35.677126],[137.849754,35.676258],[137.850341,35.676239],[137.850612,35.676301],[137.851056,35.676267],[137.851427,35.676431],[137.851703,35.676326],[137.851936,35.676272],[137.852141,35.676292],[137.852254,35.676231],[137.852363,35.676133],[137.852369,35.675907],[137.852707,35.675387],[137.852984,35.67537],[137.853076,35.675445],[137.853766,35.675543],[137.854053,35.675776],[137.854412,35.675741],[137.85468,35.675893],[137.854755,35.676077],[137.854915,35.676179],[137.855034,35.676331],[137.855183,35.676768],[137.855205,35.677183],[137.854904,35.677136],[137.85491,35.677181],[137.855378,35.678054],[137.855629,35.678268],[137.855811,35.678604],[137.855684,35.679319],[137.855707,35.679503],[137.85583,35.679623],[137.856128,35.679707],[137.856353,35.679954],[137.856765,35.67996],[137.857009,35.680098],[137.857081,35.680042],[137.857205,35.679713],[137.857774,35.679232],[137.857828,35.679236],[137.858176,35.679662],[137.858467,35.679851],[137.859347,35.679784],[137.859454,35.679731],[137.859494,35.67963],[137.859243,35.679276],[137.859218,35.679163],[137.859281,35.679083],[137.859773,35.679043],[137.860033,35.678964],[137.86038,35.679085],[137.86062,35.679061],[137.860579,35.67903],[137.86081,35.678827],[137.861715,35.678571],[137.861947,35.678455],[137.861981,35.678366],[137.86184,35.678077],[137.862545,35.678072],[137.862832,35.677957],[137.863672,35.677521],[137.864458,35.676995],[137.865266,35.67655],[137.865235,35.676253],[137.865104,35.676064],[137.865163,35.676014],[137.865357,35.676014],[137.865783,35.676262],[137.865883,35.676259],[137.866139,35.676151],[137.866517,35.675899],[137.866983,35.675488],[137.867103,35.675226],[137.867199,35.6748],[137.867252,35.674752],[137.868157,35.674484],[137.868659,35.674147],[137.869042,35.67396],[137.869718,35.673919],[137.87006,35.673807],[137.870712,35.673827],[137.870863,35.673784],[137.870896,35.673651],[137.870846,35.673381],[137.870559,35.673089],[137.870548,35.673033],[137.870613,35.672986],[137.871065,35.673158],[137.871343,35.673321],[137.871516,35.673495],[137.871633,35.673811],[137.871861,35.673898],[137.872231,35.673917],[137.872904,35.673864],[137.876014,35.674016],[137.876431,35.674198],[137.877199,35.674652],[137.87743,35.674608],[137.877475,35.674482],[137.8774,35.674275],[137.876953,35.673626],[137.876911,35.673464],[137.876944,35.673365],[137.877132,35.673268],[137.877364,35.673242],[137.877527,35.673458],[137.878076,35.673722],[137.878141,35.67383],[137.878568,35.674138],[137.879004,35.674715],[137.879112,35.675075],[137.879243,35.675138],[137.880543,35.675028],[137.882122,35.67456],[137.882497,35.6744],[137.883239,35.673892],[137.883471,35.673785],[137.884475,35.673512],[137.885037,35.673461],[137.885457,35.673346],[137.885865,35.67316],[137.887003,35.673031],[137.88718,35.672942],[137.888221,35.672057],[137.889798,35.671769],[137.890671,35.67145],[137.891509,35.671283],[137.891752,35.671132],[137.892321,35.670373],[137.892626,35.670067],[137.89304,35.669743],[137.893524,35.669481],[137.893986,35.668685],[137.894462,35.668334],[137.894829,35.667591],[137.896042,35.666128],[137.896487,35.665808],[137.89666,35.665737],[137.897337,35.665864],[137.897815,35.666208],[137.898199,35.666672],[137.898528,35.66721],[137.898733,35.667411],[137.898788,35.667555],[137.898792,35.667701],[137.898623,35.668051],[137.89849,35.668193],[137.898129,35.668435],[137.898226,35.668879],[137.898166,35.669093],[137.897983,35.669355],[137.897976,35.669464],[137.898151,35.669871],[137.898077,35.670075],[137.898109,35.670326],[137.897988,35.670512],[137.898026,35.670692],[137.898096,35.670765],[137.898068,35.670858],[137.898284,35.671007],[137.898424,35.671046],[137.89967,35.671229],[137.900014,35.67135],[137.900008,35.671835],[137.899696,35.672249],[137.898812,35.672692],[137.898415,35.672654],[137.898032,35.672438],[137.897909,35.672415],[137.897223,35.672438],[137.896718,35.67259],[137.896659,35.672666],[137.896579,35.673108],[137.896343,35.673359],[137.895912,35.674206],[137.895533,35.674493],[137.895224,35.674569],[137.894928,35.674555],[137.893945,35.674298],[137.89342,35.673993],[137.89289,35.673399],[137.892647,35.673322],[137.891709,35.673259],[137.891526,35.673392],[137.891263,35.673861],[137.891087,35.674254],[137.890978,35.674725],[137.890875,35.674866],[137.890733,35.674947],[137.890466,35.675],[137.890192,35.674981],[137.889469,35.67466],[137.889176,35.674595],[137.888552,35.674743],[137.888079,35.674781],[137.88728,35.674644],[137.88699,35.6747],[137.886123,35.675071],[137.885595,35.675141],[137.884854,35.675113],[137.884468,35.675171],[137.884073,35.675376],[137.883719,35.675643],[137.883564,35.675932],[137.883468,35.676312],[137.883209,35.676654],[137.882993,35.676763],[137.882777,35.676779],[137.882313,35.676664],[137.881358,35.67614],[137.88083,35.676132],[137.880321,35.676452],[137.879716,35.676436],[137.879296,35.67651],[137.878312,35.67622],[137.877631,35.676164],[137.877142,35.675703],[137.876793,35.675497],[137.876175,35.675324],[137.875463,35.675239],[137.874966,35.675123],[137.873954,35.674623],[137.873822,35.674596],[137.873578,35.674634],[137.873489,35.674692],[137.873206,35.675115],[137.872979,35.675169],[137.872566,35.67512],[137.872168,35.674954],[137.871889,35.674906],[137.870658,35.674835],[137.870674,35.674862],[137.870552,35.674881],[137.870468,35.674981],[137.870382,35.675241],[137.870399,35.675758],[137.870565,35.676176],[137.869954,35.67672],[137.869742,35.676788],[137.869371,35.676677],[137.869093,35.676669],[137.868262,35.676107],[137.868037,35.676083],[137.867952,35.676121],[137.867846,35.676391],[137.867542,35.676659],[137.867247,35.677133],[137.86658,35.677727],[137.866038,35.678338],[137.865817,35.678372],[137.865562,35.678116],[137.865346,35.678181],[137.864799,35.678545],[137.864225,35.679216],[137.864124,35.679277],[137.863111,35.679289],[137.862946,35.679409],[137.862861,35.679654],[137.862728,35.679723],[137.862387,35.679681],[137.861842,35.67946],[137.861657,35.679487],[137.861499,35.679672],[137.861507,35.679873],[137.861437,35.68006],[137.860732,35.680351],[137.860461,35.680547],[137.86042,35.68072],[137.860443,35.680861],[137.860618,35.681492],[137.860598,35.681577],[137.860442,35.681747],[137.860212,35.681844],[137.859989,35.681795],[137.859635,35.681565],[137.859459,35.681528],[137.859169,35.68155],[137.858736,35.681696],[137.858395,35.681672],[137.857667,35.681507],[137.856702,35.681657],[137.856357,35.681638],[137.855792,35.681456],[137.855291,35.681081],[137.854905,35.680905],[137.854862,35.680743],[137.854873,35.680286],[137.854814,35.680143],[137.854705,35.680049],[137.854334,35.67993],[137.854252,35.679802],[137.854262,35.679395],[137.854396,35.67916],[137.854438,35.678951],[137.854346,35.678399],[137.854097,35.6779],[137.854052,35.677689],[137.854301,35.676986],[137.854195,35.676817],[137.853908,35.676576],[137.853756,35.676481],[137.853496,35.676443],[137.853392,35.676476],[137.853223,35.676943],[137.853387,35.677006],[137.853203,35.677099],[137.853154,35.677285],[137.853011,35.677396],[137.852695,35.677469],[137.852457,35.677891],[137.852233,35.678017],[137.852107,35.678188],[137.851459,35.678621],[137.851232,35.678965],[137.850668,35.679408],[137.8504,35.679821],[137.850159,35.680062],[137.850055,35.680108],[137.849966,35.680327],[137.849802,35.680528],[137.849364,35.680767],[137.84924,35.680963],[137.849021,35.681115],[137.848609,35.681286],[137.848235,35.681278],[137.848068,35.68132],[137.847961,35.681558],[137.847432,35.681882],[137.846797,35.682677],[137.846804,35.683046],[137.846575,35.683529],[137.846269,35.683731],[137.845889,35.684243],[137.845629,35.684508],[137.845459,35.684581],[137.845264,35.684822],[137.844658,35.68533],[137.844539,35.685522],[137.844532,35.685855],[137.844426,35.686099],[137.844449,35.686574],[137.84415,35.688107],[137.844002,35.688586],[137.844068,35.689174],[137.844343,35.689561],[137.844597,35.689816],[137.845219,35.69078],[137.845315,35.691562],[137.845241,35.692016],[137.845456,35.692493],[137.84552,35.69303],[137.845703,35.693668],[137.846499,35.693768],[137.846993,35.69402],[137.847152,35.69439],[137.847662,35.69462],[137.84793,35.695125],[137.848418,35.695762],[137.849425,35.696325],[137.850476,35.697361],[137.8508,35.697584],[137.852048,35.698028],[137.852836,35.698454],[137.853618,35.698765],[137.854566,35.698701],[137.855239,35.698788],[137.855477,35.698574],[137.855496,35.698985],[137.855277,35.699351],[137.855262,35.699519],[137.855526,35.699659],[137.856418,35.700386],[137.859965,35.703479],[137.860255,35.703596],[137.860353,35.703818],[137.860502,35.703947],[137.860659,35.704192],[137.860935,35.704152],[137.861218,35.703771],[137.861557,35.703429],[137.862156,35.703379],[137.862545,35.703265],[137.862826,35.703035],[137.862983,35.702658],[137.862251,35.702204],[137.862013,35.702117],[137.861786,35.701752],[137.861637,35.701436],[137.861505,35.700947],[137.861782,35.700261],[137.862325,35.700308],[137.862746,35.700165],[137.862928,35.700257],[137.863103,35.700219],[137.863383,35.700343],[137.864254,35.700363],[137.865856,35.700968],[137.866145,35.701019],[137.86652,35.701216],[137.866096,35.701622],[137.865984,35.702038],[137.866205,35.702772],[137.866686,35.703183],[137.866764,35.703625],[137.866622,35.704005],[137.866785,35.704852],[137.866109,35.704862],[137.865767,35.705926],[137.866212,35.706371],[137.866174,35.706812],[137.865877,35.707074],[137.865483,35.707684],[137.865209,35.707979],[137.864401,35.708627],[137.864129,35.708985],[137.863673,35.70988],[137.863294,35.710215],[137.862568,35.711144],[137.862699,35.711459],[137.862678,35.71164],[137.862352,35.711944],[137.861977,35.712103],[137.861293,35.712169],[137.860505,35.712336],[137.860529,35.712583],[137.860689,35.712822],[137.86088,35.712937],[137.860965,35.713059],[137.860906,35.713467],[137.860799,35.713704],[137.860539,35.713894],[137.860043,35.714389],[137.859863,35.714668],[137.859889,35.715017],[137.859683,35.715316],[137.859734,35.715792],[137.859607,35.716349],[137.85963,35.716469],[137.85973,35.71657],[137.859911,35.716978],[137.859719,35.717272],[137.859622,35.717617],[137.859416,35.71801],[137.85947,35.718337],[137.85942,35.718638],[137.859612,35.719304],[137.859789,35.719683],[137.859861,35.720203],[137.860008,35.720413],[137.860229,35.720673],[137.860667,35.720892],[137.860958,35.721158],[137.861313,35.721284],[137.861763,35.721571],[137.861588,35.721734],[137.861254,35.721922],[137.861006,35.722231],[137.860718,35.722294],[137.860106,35.72255],[137.859673,35.722854],[137.859527,35.723203],[137.859521,35.723375],[137.859514,35.723822],[137.859544,35.723997],[137.859645,35.724178],[137.859622,35.724424],[137.859442,35.724608],[137.859384,35.724771],[137.859061,35.725249],[137.859117,35.725956],[137.859212,35.726212],[137.858934,35.726622],[137.858965,35.726867],[137.858922,35.726979],[137.858827,35.727048],[137.858101,35.727144],[137.85778,35.727375],[137.857647,35.728074],[137.857509,35.728258],[137.857496,35.728524],[137.857733,35.728729],[137.858113,35.72898],[137.858476,35.729015],[137.858587,35.729474],[137.858898,35.730093],[137.859405,35.730427],[137.859418,35.730809],[137.859236,35.73118],[137.859636,35.73162],[137.860173,35.73282],[137.860519,35.733025],[137.860609,35.733194],[137.860331,35.733984],[137.860329,35.73427],[137.86051,35.734818],[137.860335,35.73542],[137.860638,35.736066],[137.860821,35.736295],[137.860399,35.736551],[137.860198,35.736794],[137.860051,35.7372],[137.859759,35.737344],[137.85956,35.737501],[137.859483,35.737652],[137.859255,35.73783],[137.859349,35.738199],[137.859202,35.738422],[137.85914,35.738799],[137.85863,35.739264],[137.858509,35.739448],[137.858303,35.740009],[137.857948,35.7402],[137.857623,35.740608],[137.857048,35.74152],[137.857013,35.741716],[137.85662,35.741935],[137.856146,35.742301],[137.855808,35.742441],[137.855638,35.742853],[137.855404,35.743091],[137.855461,35.743194],[137.855386,35.743336],[137.855192,35.743494],[137.854948,35.743572],[137.854417,35.74386],[137.854241,35.744806],[137.854294,35.745025],[137.854533,35.745362],[137.854481,35.745717],[137.854362,35.745842],[137.854176,35.745931],[137.854141,35.746226],[137.855169,35.746743],[137.855168,35.746875],[137.855323,35.7469],[137.855346,35.746786],[137.85563,35.746888],[137.856209,35.746955],[137.856777,35.747143],[137.857626,35.746891],[137.857992,35.746935],[137.858518,35.747375],[137.858887,35.747592],[137.859417,35.747687],[137.85979,35.747573],[137.860282,35.747283],[137.860519,35.747269],[137.860728,35.74736],[137.86099,35.747684],[137.861275,35.747857],[137.861416,35.748181],[137.861499,35.748747],[137.861674,35.748973],[137.862574,35.74949],[137.862726,35.749679],[137.863106,35.750517],[137.863259,35.750617],[137.863788,35.750664],[137.863964,35.750638],[137.864297,35.750424],[137.864726,35.750481],[137.865208,35.750905],[137.865787,35.751537],[137.866007,35.751584],[137.866922,35.751579],[137.867366,35.751123],[137.868219,35.750616],[137.868463,35.750419],[137.868921,35.749658],[137.869497,35.749338],[137.869783,35.749312],[137.870323,35.749378],[137.871573,35.749594],[137.871788,35.749552],[137.872001,35.749398],[137.872251,35.749538],[137.87248,35.749312],[137.872442,35.749259],[137.872647,35.749063],[137.873374,35.748623],[137.874237,35.748329],[137.87501,35.747895],[137.875271,35.747851],[137.87881,35.748027],[137.879163,35.748126],[137.879204,35.748234],[137.878983,35.74827],[137.878749,35.7486],[137.878691,35.748803],[137.878938,35.749137],[137.879162,35.749057],[137.879344,35.748823],[137.8797,35.74904],[137.880087,35.749113],[137.880207,35.749219],[137.880511,35.749329],[137.881204,35.749498],[137.882315,35.750179],[137.88238,35.75039],[137.882341,35.750705],[137.882056,35.75148],[137.881752,35.751866],[137.880862,35.752441],[137.880992,35.752554],[137.881402,35.752657],[137.881602,35.752834],[137.881769,35.752998],[137.881893,35.753296],[137.882046,35.753505],[137.882135,35.753531],[137.882454,35.753424],[137.882641,35.753452],[137.882862,35.753655],[137.882914,35.753819],[137.883062,35.753893],[137.883362,35.753926],[137.883494,35.754005],[137.883671,35.754002],[137.883796,35.754075],[137.884208,35.754156],[137.884748,35.754583],[137.884536,35.754584],[137.88436,35.754501],[137.88418,35.754495],[137.883735,35.754658],[137.883541,35.754684],[137.883308,35.754839],[137.883043,35.754866],[137.882747,35.75512],[137.882634,35.755555],[137.882529,35.755567],[137.882447,35.755743],[137.882303,35.755806],[137.882198,35.756029],[137.882034,35.756089],[137.881401,35.756154],[137.881833,35.756544],[137.881919,35.756586],[137.881975,35.756559],[137.88244,35.756777],[137.883021,35.757752],[137.883401,35.757992],[137.883784,35.758403],[137.883904,35.758398],[137.884204,35.758682],[137.88419,35.758849],[137.883855,35.759202],[137.883793,35.759339],[137.883836,35.759794],[137.88353,35.760031],[137.883499,35.760584],[137.883738,35.76059],[137.883884,35.76068],[137.884414,35.760597],[137.884619,35.76067],[137.88486,35.760838],[137.885076,35.761065],[137.88537,35.761478],[137.885415,35.762354],[137.885261,35.763462],[137.885241,35.764217],[137.885128,35.764613],[137.88515,35.765726],[137.884998,35.765906],[137.884839,35.766242],[137.884799,35.76645],[137.884919,35.766841],[137.884925,35.767009],[137.884755,35.767404],[137.884756,35.767629],[137.884807,35.767752],[137.884713,35.767866],[137.884818,35.768092],[137.885068,35.768377],[137.885091,35.768522],[137.885052,35.768664],[137.885269,35.76937],[137.885561,35.769586],[137.88554,35.769717],[137.885604,35.769848],[137.885935,35.770243],[137.886101,35.770544],[137.886455,35.771507],[137.886486,35.772006],[137.886568,35.772421],[137.886532,35.772647],[137.886349,35.772844],[137.886023,35.773552],[137.886255,35.77408],[137.886223,35.774584],[137.885892,35.774454],[137.885557,35.774627],[137.885198,35.77507],[137.88482,35.775314],[137.884518,35.775768],[137.884859,35.776691],[137.885432,35.777456],[137.88543,35.777839],[137.885037,35.77811],[137.884719,35.778455],[137.884477,35.778615],[137.884421,35.778779],[137.883651,35.779389],[137.883446,35.779391],[137.8832,35.779576],[137.882991,35.779649],[137.882875,35.78001],[137.88282,35.780494],[137.882932,35.780735],[137.882804,35.781212],[137.882806,35.781527],[137.882733,35.781869],[137.882552,35.782312],[137.882442,35.782417],[137.88203,35.783394],[137.881796,35.783589],[137.881557,35.784145],[137.881312,35.784279],[137.880951,35.784769],[137.880813,35.784838],[137.880241,35.785636],[137.880372,35.785907],[137.880323,35.7861],[137.87985,35.786584],[137.879822,35.786886],[137.879005,35.787236],[137.87885,35.788315],[137.878498,35.788918],[137.878053,35.789364],[137.877597,35.789735],[137.877374,35.790164],[137.876759,35.790665],[137.876608,35.790885],[137.876023,35.79132],[137.875797,35.791546],[137.875205,35.791708],[137.874658,35.791996],[137.874398,35.792242],[137.87419,35.792781],[137.873848,35.793025],[137.873626,35.793316],[137.873307,35.793872],[137.872691,35.794538],[137.872276,35.795125],[137.871655,35.796078],[137.871347,35.796761],[137.870883,35.79713],[137.870823,35.797275],[137.870602,35.797519],[137.86979,35.799004],[137.869648,35.799426],[137.869681,35.799651],[137.869489,35.799806],[137.869331,35.800155],[137.869105,35.800365],[137.869068,35.800547],[137.86891,35.800779],[137.868732,35.801715],[137.868469,35.802373],[137.868289,35.803102],[137.868326,35.803449],[137.86854,35.803705],[137.867918,35.803928],[137.866921,35.804128],[137.866144,35.804491],[137.865648,35.804832],[137.865297,35.804947],[137.863138,35.806873],[137.8627,35.807177],[137.859059,35.809381],[137.858583,35.80962],[137.85811,35.809959],[137.855611,35.81141],[137.855275,35.811544],[137.853966,35.811801],[137.853632,35.811819],[137.853889,35.812257],[137.854153,35.812556],[137.854382,35.812915],[137.85524,35.813886],[137.855443,35.814493],[137.855613,35.814811],[137.856454,35.815772],[137.857036,35.816312],[137.857374,35.816536],[137.857743,35.81695],[137.857965,35.817395],[137.858135,35.817591],[137.858208,35.817843],[137.858222,35.818819],[137.858325,35.819133],[137.858536,35.819506],[137.8585,35.819682],[137.858528,35.819964],[137.858913,35.820987],[137.858965,35.82126],[137.858998,35.821675],[137.858922,35.822743],[137.858682,35.823399],[137.858692,35.823688],[137.858786,35.823884],[137.859091,35.82416],[137.859422,35.824235],[137.859983,35.82445],[137.858467,35.824343],[137.858221,35.824408],[137.857941,35.824586],[137.857256,35.824851],[137.857055,35.824753],[137.856342,35.824965],[137.854907,35.825231],[137.8534,35.825117],[137.853099,35.825446],[137.852945,35.825466],[137.852674,35.825385],[137.85234,35.825447],[137.851999,35.825367],[137.851974,35.825065],[137.8519,35.824899],[137.851072,35.824315],[137.850475,35.824636],[137.849475,35.825661],[137.848423,35.826252],[137.848143,35.826455],[137.846348,35.826811],[137.845372,35.827258],[137.84448,35.827555],[137.844216,35.827684],[137.843439,35.828229],[137.843352,35.828339],[137.843164,35.828802],[137.842842,35.829053],[137.842011,35.829232],[137.841504,35.829418],[137.841147,35.829633],[137.840883,35.829476],[137.840476,35.829327],[137.840181,35.829038],[137.839857,35.828881],[137.839671,35.828824],[137.838344,35.828676],[137.838282,35.828279],[137.838101,35.828038],[137.838054,35.827852],[137.837783,35.827501],[137.837213,35.827084],[137.837204,35.826405],[137.83713,35.826247],[137.837183,35.826098],[137.836969,35.826159],[137.834737,35.827237],[137.834818,35.827375],[137.834826,35.827514],[137.834968,35.827734],[137.834846,35.828511],[137.834724,35.828818],[137.834729,35.829316],[137.834895,35.830481],[137.834912,35.830776],[137.834851,35.831007],[137.834962,35.831297],[137.834924,35.831532],[137.834844,35.831644],[137.834792,35.831984],[137.83478,35.832403],[137.834728,35.832526],[137.83475,35.832949],[137.834457,35.832658],[137.834126,35.83262],[137.833762,35.832461],[137.833654,35.832438],[137.833466,35.832484],[137.832967,35.832371],[137.832689,35.832489],[137.832328,35.832484],[137.830849,35.831792],[137.830364,35.83167],[137.829869,35.831617],[137.829419,35.831464],[137.829005,35.831403],[137.828532,35.831542],[137.827785,35.831606],[137.827158,35.832344],[137.826357,35.833075],[137.825805,35.833806],[137.825792,35.833834],[137.825956,35.833861],[137.82588,35.833998],[137.825873,35.834241],[137.826263,35.835268],[137.826357,35.836363],[137.826332,35.836858],[137.826526,35.837226],[137.826555,35.837858],[137.826628,35.838033],[137.826857,35.838335],[137.826868,35.838491],[137.82703,35.838739],[137.827053,35.838961],[137.827466,35.839625],[137.827559,35.840264],[137.827688,35.840522],[137.827773,35.840883],[137.827753,35.841176],[137.827652,35.84146],[137.827307,35.841743],[137.827181,35.841907],[137.826967,35.842839],[137.826846,35.843155],[137.826397,35.842858],[137.825593,35.842804],[137.825278,35.842448],[137.824935,35.842375],[137.824483,35.842142],[137.823597,35.841953],[137.822923,35.841728],[137.822481,35.842435],[137.822254,35.842897],[137.822099,35.843772],[137.822033,35.843922],[137.819482,35.84654],[137.819038,35.847219],[137.818705,35.847833],[137.81746,35.848154],[137.816717,35.848286],[137.815863,35.848625],[137.815341,35.848992],[137.814913,35.848908],[137.814378,35.848905],[137.813011,35.848781],[137.811985,35.848871],[137.811416,35.848808],[137.810711,35.8486],[137.810304,35.848339],[137.810131,35.848152],[137.810109,35.848067],[137.80952,35.848299],[137.809045,35.84838],[137.808455,35.848699],[137.807695,35.848755],[137.807491,35.848967],[137.806794,35.849224],[137.806382,35.849542],[137.806007,35.849633],[137.80571,35.849617],[137.80559,35.849715],[137.804607,35.850133],[137.804287,35.850339],[137.802925,35.850196],[137.801164,35.85012],[137.80087,35.849023],[137.800031,35.846968],[137.799754,35.84604],[137.799356,35.845053],[137.798613,35.843563],[137.79839,35.84276],[137.798446,35.842454],[137.798611,35.842087],[137.79861,35.841731],[137.798531,35.841448],[137.798261,35.841136],[137.797485,35.840794],[137.797272,35.840537],[137.798874,35.840342],[137.798812,35.840064],[137.798718,35.839962],[137.798021,35.839953],[137.796671,35.839436],[137.795732,35.838385],[137.796702,35.838434],[137.796455,35.837796],[137.796217,35.837615],[137.795938,35.837611],[137.795573,35.837178],[137.795912,35.836988],[137.795777,35.836877],[137.795477,35.836877],[137.795099,35.836576],[137.794,35.836126],[137.793598,35.835856],[137.793439,35.83563],[137.793239,35.835079],[137.793501,35.83482],[137.792637,35.834637],[137.792579,35.834458],[137.792367,35.834491],[137.79213,35.834433],[137.792028,35.834279],[137.791172,35.834702],[137.790947,35.83476],[137.788761,35.834788],[137.78893,35.834577],[137.788896,35.834356],[137.788993,35.834138],[137.78934,35.834314],[137.789581,35.834376],[137.790346,35.834259],[137.790399,35.833986],[137.790336,35.833732],[137.790463,35.833283],[137.790311,35.832977],[137.790308,35.832762],[137.790545,35.832628],[137.790587,35.832366],[137.790213,35.832088],[137.790066,35.831881],[137.79005,35.831696],[137.790183,35.83154],[137.789874,35.831205],[137.790064,35.830873],[137.790691,35.830734],[137.791482,35.829724],[137.791924,35.829289],[137.792403,35.829156],[137.792415,35.828824],[137.793103,35.828217],[137.79366,35.828082],[137.794313,35.827995],[137.795393,35.82796],[137.795647,35.82785],[137.795819,35.827615],[137.795871,35.827182],[137.796079,35.826676],[137.796025,35.826234],[137.796149,35.826089],[137.795475,35.826059],[137.794941,35.825821],[137.79462,35.825581],[137.794219,35.824799],[137.79408,35.824302],[137.793776,35.823942],[137.794008,35.823844],[137.794348,35.823561],[137.794063,35.823445],[137.793615,35.823679],[137.793407,35.82366],[137.793129,35.823376],[137.792863,35.823377],[137.792377,35.822958],[137.792339,35.822675],[137.791967,35.822614],[137.791681,35.822376],[137.79147,35.822017],[137.791119,35.821623],[137.791018,35.821264],[137.790541,35.821171],[137.790762,35.821077],[137.791162,35.820446],[137.791264,35.819931],[137.791422,35.819851],[137.791595,35.819559],[137.791859,35.818962],[137.791925,35.818589],[137.791912,35.818095],[137.791309,35.817836],[137.790983,35.818009],[137.790804,35.818208],[137.790471,35.818438],[137.790203,35.818568],[137.789826,35.818604],[137.789341,35.818002],[137.78887,35.817534],[137.78846,35.817285],[137.787917,35.816416],[137.787662,35.815713],[137.787558,35.815263],[137.787808,35.814425],[137.787978,35.814204],[137.787989,35.813951],[137.787611,35.813747],[137.787603,35.813473],[137.78767,35.813176],[137.787444,35.812837],[137.78697,35.813463],[137.786242,35.814153],[137.785448,35.814382],[137.784848,35.814625],[137.784698,35.814621],[137.783608,35.815024],[137.782726,35.815493],[137.782256,35.815839],[137.782077,35.8157],[137.781876,35.815435],[137.781612,35.815566],[137.781332,35.815534],[137.780989,35.815251],[137.780694,35.815272],[137.780701,35.815385],[137.780146,35.814983],[137.779712,35.815008],[137.779049,35.81514],[137.778962,35.815667],[137.779,35.815876],[137.778885,35.816209],[137.778023,35.816089],[137.777675,35.816141],[137.776339,35.816097],[137.776075,35.81595],[137.775188,35.815762],[137.775368,35.816054],[137.775783,35.816519],[137.775541,35.816806],[137.775487,35.816954],[137.775407,35.817717],[137.775431,35.81825],[137.775247,35.819071],[137.77475,35.819029],[137.77446,35.818946],[137.774322,35.818999],[137.774064,35.818823],[137.773804,35.818433],[137.773296,35.818496],[137.772729,35.818339],[137.772507,35.818456],[137.772068,35.817999],[137.771974,35.817626],[137.771522,35.817452],[137.771007,35.817604],[137.76995,35.817756]]],[[[137.54854,35.650586],[137.549608,35.64935],[137.549711,35.648563],[137.55071,35.648338],[137.551446,35.647194],[137.552139,35.645437],[137.55085,35.645415],[137.550813,35.645395],[137.550775,35.64496],[137.550571,35.644658],[137.550626,35.644115],[137.55076,35.643658],[137.551364,35.642361],[137.551836,35.642166],[137.552679,35.642558],[137.553726,35.642801],[137.554413,35.643072],[137.555446,35.643277],[137.555922,35.643487],[137.556158,35.643684],[137.556417,35.643731],[137.556887,35.644014],[137.557157,35.644101],[137.557688,35.644375],[137.557968,35.644449],[137.558636,35.644792],[137.558739,35.644908],[137.559214,35.645058],[137.559485,35.645061],[137.559347,35.645528],[137.559444,35.645661],[137.559451,35.645746],[137.559152,35.645986],[137.558925,35.646738],[137.558686,35.647108],[137.558683,35.647377],[137.558832,35.647751],[137.558372,35.648154],[137.558289,35.648328],[137.558254,35.648748],[137.558171,35.648969],[137.558854,35.649211],[137.559237,35.64923],[137.5588,35.649929],[137.558017,35.650697],[137.557287,35.651546],[137.556321,35.652307],[137.556167,35.652383],[137.555381,35.651518],[137.555092,35.651308],[137.554568,35.651374],[137.554129,35.651317],[137.553093,35.650921],[137.552698,35.651243],[137.551068,35.651587],[137.55026,35.651439],[137.54854,35.650586]]],[[[137.549666,35.630718],[137.549866,35.630679],[137.550126,35.630778],[137.550263,35.630777],[137.551435,35.630434],[137.551576,35.630278],[137.551542,35.630065],[137.551218,35.629539],[137.55122,35.629201],[137.551044,35.628814],[137.550893,35.628737],[137.550608,35.628701],[137.550507,35.628642],[137.550487,35.628574],[137.550559,35.628486],[137.550906,35.628331],[137.551371,35.62829],[137.551465,35.628158],[137.551477,35.628042],[137.55122,35.627629],[137.551246,35.627535],[137.550809,35.627405],[137.550511,35.627123],[137.550238,35.626711],[137.549934,35.626025],[137.549775,35.625515],[137.549941,35.624659],[137.549954,35.62426],[137.549771,35.623768],[137.549411,35.623158],[137.549241,35.622578],[137.549385,35.622135],[137.549726,35.621501],[137.54981,35.621101],[137.549689,35.620424],[137.549856,35.619686],[137.550211,35.619175],[137.550235,35.618719],[137.550338,35.618409],[137.550474,35.618267],[137.550546,35.617946],[137.550596,35.617356],[137.551206,35.617374],[137.551766,35.6175],[137.552068,35.617186],[137.55228,35.617109],[137.552698,35.617124],[137.552692,35.616959],[137.552523,35.616533],[137.551568,35.615004],[137.551096,35.61401],[137.551174,35.613948],[137.55116,35.613788],[137.551375,35.613696],[137.551802,35.613827],[137.552066,35.614384],[137.552403,35.614504],[137.553046,35.614949],[137.553938,35.614395],[137.554565,35.614215],[137.554931,35.614347],[137.555531,35.614662],[137.556193,35.615161],[137.556328,35.61451],[137.55632,35.614297],[137.55655,35.61404],[137.556439,35.613955],[137.556337,35.613966],[137.555207,35.613279],[137.555574,35.612853],[137.555971,35.61261],[137.556162,35.612563],[137.556338,35.612592],[137.556526,35.612775],[137.556772,35.612901],[137.556973,35.612913],[137.557387,35.613044],[137.557787,35.613469],[137.557985,35.613572],[137.558183,35.613667],[137.55861,35.613747],[137.558998,35.614062],[137.559163,35.614104],[137.559627,35.614432],[137.559741,35.614617],[137.559885,35.614743],[137.560137,35.614808],[137.560351,35.614956],[137.561213,35.614949],[137.561925,35.615213],[137.562277,35.615451],[137.562627,35.615541],[137.562742,35.615934],[137.56301,35.616165],[137.563152,35.616601],[137.563361,35.61691],[137.563718,35.617174],[137.563936,35.617275],[137.564059,35.61747],[137.564285,35.617614],[137.564861,35.617797],[137.564952,35.61771],[137.56526,35.617061],[137.565462,35.61679],[137.565621,35.616384],[137.565727,35.616262],[137.56595,35.616207],[137.566592,35.615366],[137.566628,35.615177],[137.566725,35.615107],[137.566789,35.614935],[137.566877,35.614607],[137.56687,35.614458],[137.567002,35.614167],[137.567109,35.613748],[137.567268,35.613781],[137.567206,35.614282],[137.567439,35.614429],[137.567649,35.614659],[137.567749,35.614714],[137.568017,35.614662],[137.568095,35.614708],[137.568247,35.615083],[137.568737,35.615214],[137.56898,35.61539],[137.569483,35.615384],[137.569738,35.61555],[137.569923,35.615926],[137.570751,35.616753],[137.570822,35.617364],[137.570878,35.617374],[137.57117,35.617221],[137.571359,35.617268],[137.571586,35.617917],[137.571588,35.61808],[137.571866,35.618059],[137.572132,35.61856],[137.572453,35.618893],[137.572826,35.61912],[137.57307,35.619484],[137.573366,35.619803],[137.573831,35.620199],[137.575089,35.621088],[137.575855,35.621186],[137.576553,35.621155],[137.577414,35.621234],[137.577416,35.621659],[137.577307,35.62241],[137.57674,35.62256],[137.576249,35.623054],[137.575943,35.623251],[137.575863,35.623378],[137.575578,35.623518],[137.575302,35.623726],[137.575182,35.62393],[137.574925,35.624091],[137.574702,35.624472],[137.57418,35.625073],[137.574103,35.625903],[137.573556,35.626208],[137.573428,35.627354],[137.573308,35.627764],[137.573052,35.628169],[137.572663,35.628538],[137.572419,35.628627],[137.572278,35.628839],[137.571653,35.629017],[137.571123,35.628954],[137.570736,35.628845],[137.570351,35.628613],[137.570256,35.628421],[137.569687,35.628371],[137.568993,35.628216],[137.568706,35.627885],[137.568422,35.627787],[137.568164,35.62734],[137.567953,35.627212],[137.567331,35.627065],[137.566751,35.627206],[137.566295,35.627255],[137.56595,35.627068],[137.565342,35.627082],[137.564163,35.627339],[137.56407,35.627569],[137.563968,35.628427],[137.563598,35.628555],[137.563477,35.628776],[137.56315,35.628916],[137.562754,35.629613],[137.562711,35.630294],[137.562255,35.630499],[137.562031,35.63089],[137.561749,35.631097],[137.561494,35.631561],[137.561212,35.631832],[137.560693,35.632034],[137.560365,35.632057],[137.559631,35.631936],[137.559013,35.631574],[137.558664,35.631445],[137.558231,35.63165],[137.557809,35.631729],[137.557154,35.632331],[137.556644,35.632583],[137.556164,35.633549],[137.556188,35.634005],[137.555639,35.634426],[137.55553,35.635026],[137.555373,35.635135],[137.555289,35.635383],[137.555373,35.635749],[137.555911,35.636361],[137.555535,35.636541],[137.555271,35.636333],[137.555157,35.636303],[137.554191,35.636252],[137.553417,35.636346],[137.552556,35.636194],[137.550867,35.635408],[137.550954,35.635083],[137.550608,35.634983],[137.550038,35.634612],[137.549995,35.634494],[137.55005,35.63429],[137.550311,35.634012],[137.550377,35.633747],[137.550398,35.633433],[137.550262,35.633069],[137.550358,35.632742],[137.550307,35.632628],[137.550106,35.63247],[137.549959,35.632266],[137.550032,35.631716],[137.54985,35.631404],[137.549757,35.631086],[137.549572,35.630909],[137.549564,35.630803],[137.549666,35.630718]]],[[[137.63705,35.430445],[137.637468,35.430539],[137.637963,35.430764],[137.638006,35.430912],[137.638364,35.431275],[137.638611,35.43136],[137.639615,35.431367],[137.639784,35.431414],[137.6404,35.431862],[137.640682,35.432193],[137.640179,35.432844],[137.639721,35.433552],[137.639217,35.43403],[137.638626,35.433979],[137.638674,35.434556],[137.638512,35.434761],[137.638326,35.434778],[137.638892,35.435138],[137.638917,35.436397],[137.639597,35.436433],[137.640101,35.436607],[137.640395,35.436617],[137.641051,35.436345],[137.641196,35.436354],[137.64148,35.436419],[137.641592,35.436595],[137.641768,35.436647],[137.641847,35.436779],[137.641999,35.436898],[137.642338,35.437021],[137.642624,35.437027],[137.642823,35.436948],[137.643232,35.436947],[137.643741,35.436858],[137.646783,35.43694],[137.648399,35.437141],[137.648308,35.437345],[137.647613,35.437775],[137.647981,35.437892],[137.647997,35.438282],[137.647888,35.438932],[137.647926,35.439158],[137.64788,35.439252],[137.647996,35.439518],[137.648056,35.44007],[137.648389,35.440836],[137.648617,35.442182],[137.64879,35.442546],[137.648764,35.44312],[137.648712,35.443278],[137.649453,35.443267],[137.649686,35.443122],[137.649872,35.443115],[137.650019,35.443044],[137.650577,35.442392],[137.651582,35.441531],[137.65174,35.442049],[137.652051,35.442516],[137.652141,35.442768],[137.65212,35.443026],[137.652253,35.443868],[137.652212,35.444481],[137.65213,35.445173],[137.652049,35.445347],[137.651972,35.445453],[137.651489,35.44576],[137.65123,35.44601],[137.651482,35.446725],[137.651935,35.447344],[137.652391,35.447692],[137.652883,35.448201],[137.653091,35.4487],[137.653103,35.448916],[137.653257,35.449264],[137.653601,35.44976],[137.653957,35.449945],[137.654043,35.450063],[137.654045,35.450359],[137.65436,35.450422],[137.65439,35.450165],[137.65459,35.450151],[137.654751,35.450273],[137.654942,35.450157],[137.655021,35.450192],[137.655273,35.450095],[137.655611,35.450109],[137.655856,35.450282],[137.656039,35.450488],[137.656106,35.450705],[137.656086,35.451329],[137.656381,35.451237],[137.656819,35.45125],[137.657055,35.450857],[137.657415,35.450532],[137.657647,35.450482],[137.659035,35.45051],[137.659071,35.450654],[137.658994,35.451107],[137.659068,35.451202],[137.65944,35.451136],[137.659777,35.451164],[137.660463,35.451453],[137.660771,35.451658],[137.661016,35.451572],[137.661238,35.45163],[137.661339,35.451577],[137.661722,35.45162],[137.661859,35.451763],[137.661662,35.451937],[137.661538,35.45186],[137.661275,35.451825],[137.660779,35.45192],[137.660492,35.452082],[137.659946,35.452159],[137.659499,35.452164],[137.658858,35.452466],[137.65842,35.452829],[137.658293,35.453014],[137.658122,35.453554],[137.658018,35.453684],[137.657486,35.454196],[137.656762,35.454655],[137.656308,35.455361],[137.656138,35.455926],[137.656591,35.45612],[137.656637,35.456383],[137.656738,35.456577],[137.65713,35.456979],[137.657724,35.457785],[137.657976,35.457871],[137.658541,35.457808],[137.658914,35.457869],[137.659056,35.457946],[137.659235,35.458234],[137.659434,35.458347],[137.659535,35.458508],[137.659753,35.458509],[137.660297,35.459019],[137.660525,35.459341],[137.660542,35.459629],[137.659941,35.459493],[137.659401,35.45966],[137.659012,35.459887],[137.658081,35.46028],[137.657547,35.460437],[137.656925,35.460508],[137.656593,35.460359],[137.65518,35.460339],[137.654702,35.460124],[137.653985,35.460066],[137.653639,35.45989],[137.652803,35.459771],[137.652487,35.459665],[137.652039,35.459696],[137.651776,35.459805],[137.651544,35.459825],[137.650498,35.459538],[137.648812,35.459661],[137.647938,35.459544],[137.647017,35.459501],[137.646151,35.459239],[137.645482,35.458801],[137.645056,35.458726],[137.644878,35.458589],[137.644614,35.458259],[137.644195,35.458078],[137.643369,35.458089],[137.643031,35.458235],[137.642513,35.458284],[137.64232,35.458474],[137.640652,35.458931],[137.64048,35.458912],[137.640218,35.458787],[137.639701,35.458401],[137.639117,35.458375],[137.638271,35.457997],[137.637745,35.457976],[137.637352,35.457832],[137.637003,35.457556],[137.636601,35.457489],[137.636556,35.457419],[137.635887,35.457407],[137.635336,35.456994],[137.635253,35.456848],[137.634232,35.456297],[137.633866,35.456218],[137.63337,35.456199],[137.633476,35.45544],[137.633659,35.455075],[137.633586,35.45458],[137.633182,35.453455],[137.633286,35.452309],[137.633159,35.451915],[137.633079,35.451285],[137.632855,35.450862],[137.632729,35.450437],[137.632538,35.450178],[137.632515,35.450039],[137.632596,35.449749],[137.632906,35.449284],[137.633022,35.448891],[137.633229,35.448445],[137.632959,35.447987],[137.632729,35.447739],[137.632396,35.447614],[137.631958,35.447361],[137.631856,35.447208],[137.631632,35.446282],[137.630954,35.445661],[137.630831,35.445118],[137.630775,35.445055],[137.630236,35.444732],[137.629958,35.444428],[137.630218,35.443993],[137.630346,35.443861],[137.630252,35.443704],[137.629522,35.443482],[137.629266,35.443334],[137.628969,35.443289],[137.628744,35.443157],[137.6285,35.44292],[137.628195,35.442233],[137.62804,35.442049],[137.627715,35.441885],[137.627,35.441778],[137.626682,35.441633],[137.62619,35.441036],[137.626023,35.440954],[137.625441,35.440375],[137.624633,35.439953],[137.624374,35.439902],[137.624098,35.439668],[137.62382,35.439626],[137.623642,35.439424],[137.623344,35.438848],[137.623306,35.438483],[137.622445,35.437983],[137.622158,35.437741],[137.621947,35.437426],[137.6217,35.437306],[137.621641,35.437105],[137.621656,35.436809],[137.621834,35.43653],[137.621827,35.436167],[137.621937,35.435887],[137.621821,35.43563],[137.6219,35.435038],[137.622816,35.435007],[137.623378,35.434655],[137.623905,35.434575],[137.624781,35.4343],[137.625006,35.434283],[137.625592,35.43449],[137.625863,35.434508],[137.626349,35.434661],[137.626685,35.434673],[137.626958,35.434515],[137.627665,35.434414],[137.628079,35.43414],[137.62849,35.434051],[137.628912,35.433808],[137.629084,35.433368],[137.629024,35.432931],[137.62916,35.432701],[137.629648,35.432343],[137.629954,35.432268],[137.63077,35.431937],[137.632087,35.432287],[137.632249,35.432249],[137.632466,35.432287],[137.633264,35.432534],[137.63403,35.43243],[137.634465,35.4321],[137.634599,35.432051],[137.635545,35.432121],[137.635655,35.432055],[137.636123,35.431414],[137.636383,35.431257],[137.636679,35.430779],[137.63705,35.430445]]],[[[137.643912,35.511077],[137.644016,35.511021],[137.644195,35.511011],[137.644691,35.511037],[137.644809,35.510965],[137.645095,35.510629],[137.645483,35.510429],[137.647104,35.51022],[137.64722,35.509884],[137.64767,35.510552],[137.647965,35.510752],[137.649176,35.512038],[137.649213,35.512299],[137.64933,35.51248],[137.649624,35.512682],[137.650007,35.512713],[137.650157,35.512861],[137.650413,35.51298],[137.651065,35.513012],[137.651309,35.513187],[137.651507,35.513255],[137.651946,35.51325],[137.653332,35.513471],[137.654221,35.513355],[137.6552,35.513404],[137.655493,35.513352],[137.655905,35.513408],[137.656593,35.513406],[137.656619,35.513581],[137.65675,35.513755],[137.656927,35.513854],[137.657196,35.5139],[137.657603,35.513801],[137.657865,35.513891],[137.658197,35.513882],[137.658643,35.513628],[137.658879,35.513574],[137.659691,35.513234],[137.660425,35.513245],[137.660701,35.513324],[137.661163,35.513648],[137.661399,35.513718],[137.661946,35.513688],[137.662136,35.513766],[137.662807,35.514208],[137.663012,35.514283],[137.66355,35.514365],[137.663542,35.51453],[137.663991,35.514499],[137.664539,35.51458],[137.664671,35.514865],[137.664839,35.514961],[137.664948,35.514948],[137.665173,35.515134],[137.665977,35.515504],[137.666232,35.515524],[137.666654,35.515324],[137.666935,35.515248],[137.667099,35.515267],[137.667273,35.515382],[137.666997,35.515983],[137.666736,35.516015],[137.666433,35.516271],[137.666134,35.516351],[137.665797,35.516799],[137.665322,35.517102],[137.665052,35.517129],[137.664923,35.517445],[137.664132,35.517755],[137.663891,35.518378],[137.663504,35.518858],[137.663296,35.518889],[137.662899,35.519499],[137.662222,35.519237],[137.661613,35.518646],[137.661262,35.518458],[137.660813,35.518295],[137.660615,35.518093],[137.660331,35.517943],[137.660137,35.517743],[137.660035,35.517285],[137.659665,35.517043],[137.659381,35.516997],[137.659071,35.516661],[137.65848,35.516735],[137.658155,35.516729],[137.657877,35.516602],[137.657838,35.516485],[137.657466,35.516081],[137.65731,35.516021],[137.656809,35.516057],[137.6565,35.516018],[137.656336,35.515638],[137.655971,35.515578],[137.655659,35.515609],[137.655478,35.515476],[137.654998,35.515566],[137.654577,35.515401],[137.653795,35.515543],[137.653372,35.515521],[137.652748,35.51584],[137.651923,35.515964],[137.651627,35.515889],[137.650554,35.515246],[137.650287,35.514926],[137.65019,35.514908],[137.649895,35.515294],[137.649733,35.515311],[137.649378,35.515211],[137.649272,35.514963],[137.649004,35.514829],[137.648716,35.514527],[137.648522,35.514482],[137.648396,35.514163],[137.648204,35.513888],[137.648108,35.513826],[137.647591,35.51376],[137.64673,35.513472],[137.646331,35.513495],[137.645954,35.513422],[137.645654,35.513191],[137.645057,35.512463],[137.644962,35.512268],[137.645019,35.512013],[137.644719,35.511799],[137.64419,35.51176],[137.644149,35.511628],[137.6442,35.511385],[137.644074,35.511193],[137.643912,35.511077]]],[[[137.656517,35.465903],[137.657348,35.465988],[137.657778,35.466083],[137.657957,35.466431],[137.658004,35.46643],[137.657989,35.466488],[137.658068,35.4665],[137.658187,35.466632],[137.658391,35.466737],[137.659799,35.466795],[137.660313,35.467356],[137.660317,35.467701],[137.66038,35.467864],[137.660655,35.468137],[137.66065,35.468294],[137.660776,35.468712],[137.660983,35.468898],[137.661481,35.468705],[137.661795,35.468767],[137.662313,35.468651],[137.662627,35.468793],[137.66276,35.468714],[137.663019,35.468691],[137.663398,35.468789],[137.663855,35.469112],[137.664089,35.469178],[137.66544,35.469222],[137.666189,35.469046],[137.666943,35.468625],[137.667142,35.468405],[137.667186,35.468227],[137.667318,35.46809],[137.667963,35.467888],[137.668372,35.467948],[137.66832,35.468358],[137.668584,35.469001],[137.668559,35.469125],[137.668473,35.469197],[137.668381,35.469221],[137.66821,35.469146],[137.668038,35.469144],[137.667895,35.469226],[137.667714,35.469753],[137.667313,35.470508],[137.667142,35.47072],[137.666775,35.470886],[137.666427,35.471277],[137.666568,35.472],[137.666747,35.472224],[137.667144,35.472308],[137.667235,35.472453],[137.667179,35.472665],[137.667024,35.472824],[137.66703,35.472964],[137.667391,35.473271],[137.667391,35.473394],[137.667245,35.473804],[137.667138,35.473944],[137.666859,35.474115],[137.666598,35.474581],[137.666613,35.474672],[137.667104,35.474945],[137.667243,35.475087],[137.667232,35.475296],[137.667107,35.475443],[137.666466,35.475429],[137.66633,35.475514],[137.666368,35.47561],[137.666761,35.476],[137.667013,35.476402],[137.667006,35.476495],[137.666826,35.476718],[137.666785,35.476883],[137.666596,35.477133],[137.666127,35.477335],[137.666087,35.477408],[137.666069,35.47763],[137.666149,35.477742],[137.666386,35.477894],[137.66645,35.478037],[137.666392,35.478157],[137.666182,35.47835],[137.666075,35.478559],[137.666064,35.478705],[137.666156,35.478833],[137.666493,35.47893],[137.667741,35.479103],[137.668049,35.479707],[137.668176,35.480198],[137.668484,35.480618],[137.668551,35.480781],[137.668575,35.48144],[137.668302,35.481264],[137.668034,35.481178],[137.667707,35.4812],[137.667242,35.481299],[137.66678,35.481591],[137.666224,35.481631],[137.665892,35.481735],[137.66554,35.481916],[137.665149,35.482012],[137.664902,35.482679],[137.665041,35.482942],[137.665054,35.48315],[137.664892,35.483842],[137.665115,35.483957],[137.665487,35.483755],[137.665446,35.483921],[137.664885,35.484698],[137.664882,35.484817],[137.665623,35.485394],[137.665639,35.485676],[137.665519,35.485934],[137.665356,35.486032],[137.6652,35.486031],[137.665228,35.486173],[137.665309,35.486241],[137.665268,35.486467],[137.664852,35.486389],[137.664849,35.48627],[137.664563,35.486256],[137.664519,35.486307],[137.663783,35.486223],[137.663443,35.486775],[137.663175,35.486822],[137.663201,35.487139],[137.663395,35.487101],[137.663489,35.487459],[137.663125,35.487609],[137.662518,35.487519],[137.662182,35.48707],[137.661999,35.486995],[137.661846,35.486982],[137.661605,35.487039],[137.661149,35.487014],[137.660507,35.486574],[137.660363,35.486283],[137.660262,35.48618],[137.660063,35.486329],[137.660192,35.486696],[137.660428,35.486767],[137.6605,35.487052],[137.660961,35.487221],[137.661143,35.487513],[137.661453,35.487727],[137.661468,35.487907],[137.661322,35.488025],[137.660609,35.488353],[137.660392,35.48854],[137.660314,35.488653],[137.660225,35.489066],[137.660723,35.489455],[137.660929,35.489763],[137.661522,35.489303],[137.661857,35.48917],[137.662654,35.489087],[137.662911,35.488993],[137.663231,35.489063],[137.665027,35.48848],[137.665063,35.48865],[137.665353,35.488743],[137.665799,35.489377],[137.665853,35.48952],[137.666139,35.489374],[137.666603,35.489224],[137.667383,35.489107],[137.66789,35.489179],[137.669464,35.489559],[137.669669,35.489691],[137.669552,35.489287],[137.669563,35.488815],[137.669677,35.488534],[137.669585,35.488101],[137.669653,35.487854],[137.670013,35.487297],[137.670121,35.486987],[137.669975,35.485985],[137.669967,35.485778],[137.670057,35.485516],[137.669752,35.485418],[137.669666,35.485301],[137.669447,35.48526],[137.669356,35.485],[137.669169,35.48495],[137.669157,35.484444],[137.669182,35.48433],[137.669252,35.484271],[137.669805,35.484613],[137.66986,35.484605],[137.670151,35.485269],[137.670358,35.485486],[137.670608,35.485618],[137.670848,35.486084],[137.671168,35.486463],[137.671425,35.487113],[137.67195,35.487518],[137.672481,35.488314],[137.672912,35.489238],[137.673101,35.489888],[137.67311,35.490009],[137.672973,35.489992],[137.672866,35.489887],[137.672797,35.489894],[137.672758,35.489958],[137.672712,35.490626],[137.672883,35.491092],[137.673144,35.491478],[137.673202,35.49155],[137.673261,35.491519],[137.67355,35.491024],[137.673765,35.491018],[137.673931,35.491067],[137.674135,35.491228],[137.674212,35.491357],[137.674321,35.492191],[137.674418,35.492296],[137.675049,35.492363],[137.675656,35.493226],[137.676722,35.493834],[137.677819,35.494373],[137.678055,35.494574],[137.67818,35.494706],[137.678051,35.495017],[137.678096,35.495048],[137.678211,35.495471],[137.67809,35.495924],[137.677666,35.495975],[137.677496,35.495926],[137.677468,35.496244],[137.67754,35.496366],[137.677484,35.496474],[137.676875,35.496487],[137.67663,35.49659],[137.676306,35.496495],[137.676273,35.496579],[137.676331,35.496646],[137.675893,35.496618],[137.675482,35.496904],[137.675015,35.497384],[137.674325,35.497869],[137.67389,35.498263],[137.673196,35.498719],[137.672813,35.498909],[137.672565,35.49913],[137.67226,35.499512],[137.671945,35.499532],[137.67068,35.499392],[137.670153,35.499444],[137.670223,35.499903],[137.670388,35.500245],[137.670487,35.500761],[137.670623,35.500996],[137.670488,35.501321],[137.67044,35.501951],[137.67035,35.50219],[137.670373,35.502561],[137.670489,35.502768],[137.670458,35.503062],[137.670565,35.503343],[137.670554,35.503653],[137.670373,35.503933],[137.670362,35.504072],[137.670223,35.504283],[137.670114,35.504717],[137.669292,35.504986],[137.668706,35.505411],[137.668586,35.505571],[137.668318,35.505786],[137.668132,35.506106],[137.667835,35.506396],[137.667689,35.506438],[137.667295,35.506424],[137.666784,35.506057],[137.666534,35.505787],[137.666014,35.505514],[137.665572,35.505209],[137.665385,35.50514],[137.665041,35.504863],[137.664783,35.504832],[137.66464,35.504933],[137.664496,35.504948],[137.664281,35.50486],[137.663583,35.504748],[137.663218,35.504774],[137.661693,35.505276],[137.661855,35.505384],[137.661922,35.505559],[137.66264,35.506171],[137.663446,35.506386],[137.663596,35.506499],[137.663632,35.506595],[137.664066,35.506915],[137.66435,35.506863],[137.664096,35.507154],[137.663971,35.507117],[137.663531,35.507216],[137.663317,35.50796],[137.663214,35.508011],[137.66409,35.508291],[137.664266,35.508435],[137.664479,35.50888],[137.664842,35.509283],[137.664892,35.509749],[137.664508,35.509658],[137.664026,35.509761],[137.663264,35.509346],[137.662941,35.509223],[137.662326,35.509311],[137.662251,35.509499],[137.6621,35.509686],[137.662022,35.510002],[137.661397,35.51022],[137.661535,35.51051],[137.661344,35.51065],[137.661239,35.511018],[137.661728,35.51151],[137.661718,35.511568],[137.661475,35.511575],[137.660698,35.512131],[137.660204,35.512293],[137.659877,35.512296],[137.659377,35.512388],[137.658899,35.512858],[137.658063,35.51305],[137.657308,35.512902],[137.656849,35.512521],[137.656007,35.512509],[137.655449,35.512448],[137.655142,35.512498],[137.654165,35.512454],[137.653425,35.512564],[137.651795,35.512336],[137.651603,35.512209],[137.651302,35.512103],[137.650958,35.512112],[137.650829,35.511919],[137.650699,35.511818],[137.650419,35.511706],[137.650191,35.511683],[137.649256,35.51062],[137.648777,35.510136],[137.648543,35.509981],[137.648262,35.509586],[137.648028,35.509067],[137.647847,35.50889],[137.648237,35.5086],[137.64844,35.508343],[137.648574,35.508011],[137.648721,35.507167],[137.648805,35.50698],[137.648354,35.506478],[137.64815,35.505908],[137.647959,35.505657],[137.647857,35.505399],[137.6475,35.505224],[137.647292,35.505022],[137.646964,35.504443],[137.646942,35.504183],[137.646856,35.503984],[137.646029,35.503199],[137.645947,35.502962],[137.645862,35.502182],[137.645555,35.501441],[137.645578,35.501174],[137.645612,35.501056],[137.64573,35.500919],[137.645981,35.500854],[137.646078,35.500462],[137.646317,35.500365],[137.646359,35.500244],[137.646721,35.499988],[137.647142,35.499803],[137.647224,35.499662],[137.647313,35.497764],[137.647363,35.497552],[137.647855,35.496981],[137.64843,35.496624],[137.648822,35.496175],[137.649551,35.495056],[137.649883,35.494934],[137.649669,35.494565],[137.64898,35.493859],[137.648853,35.493669],[137.64878,35.493248],[137.648621,35.493],[137.648385,35.492824],[137.647247,35.492512],[137.646684,35.492067],[137.645827,35.491798],[137.645646,35.491682],[137.645083,35.490896],[137.645062,35.490583],[137.644958,35.490188],[137.644806,35.489969],[137.644617,35.489301],[137.644173,35.488853],[137.643891,35.487702],[137.643866,35.48709],[137.643243,35.485782],[137.643197,35.484759],[137.643125,35.484317],[137.642952,35.484156],[137.642715,35.483707],[137.642535,35.483531],[137.642395,35.48315],[137.641446,35.482773],[137.640363,35.482522],[137.640124,35.48242],[137.639907,35.482231],[137.639511,35.482046],[137.639277,35.481872],[137.638834,35.481432],[137.638505,35.481016],[137.637993,35.480612],[137.637748,35.48049],[137.637635,35.480319],[137.637453,35.479565],[137.636857,35.478306],[137.636684,35.477775],[137.636733,35.477553],[137.63693,35.477285],[137.636921,35.476955],[137.637042,35.476658],[137.637237,35.476403],[137.637916,35.475954],[137.638422,35.475517],[137.638947,35.475888],[137.639347,35.47606],[137.641484,35.476588],[137.64157,35.476795],[137.641897,35.476608],[137.642005,35.476492],[137.64206,35.476281],[137.642018,35.475647],[137.641957,35.47541],[137.642017,35.47512],[137.642267,35.474785],[137.642164,35.474206],[137.642375,35.473742],[137.642969,35.473388],[137.643043,35.473294],[137.643029,35.473153],[137.642599,35.472716],[137.642556,35.472502],[137.64227,35.472202],[137.642031,35.471817],[137.641689,35.471049],[137.641584,35.470939],[137.641666,35.470725],[137.641655,35.470014],[137.641731,35.469783],[137.64172,35.469614],[137.641957,35.469064],[137.642539,35.468389],[137.64276,35.46758],[137.643007,35.467256],[137.643348,35.466626],[137.643829,35.465921],[137.643916,35.465496],[137.644158,35.465065],[137.643822,35.465004],[137.643758,35.46485],[137.643809,35.464585],[137.643716,35.464052],[137.643373,35.463555],[137.643214,35.463401],[137.642797,35.463132],[137.642524,35.462586],[137.642441,35.462354],[137.642255,35.461236],[137.642192,35.461088],[137.64225,35.460712],[137.641919,35.460434],[137.641663,35.459857],[137.643134,35.459402],[137.643414,35.459377],[137.643724,35.459456],[137.643955,35.459741],[137.644396,35.459977],[137.644592,35.460187],[137.644919,35.460416],[137.645254,35.460522],[137.645558,35.460538],[137.645996,35.460694],[137.646489,35.460955],[137.646839,35.461022],[137.64717,35.461019],[137.648923,35.461462],[137.649449,35.461415],[137.649905,35.461177],[137.65006,35.461342],[137.650107,35.461573],[137.650199,35.461708],[137.650661,35.461825],[137.650849,35.461932],[137.650859,35.462146],[137.650775,35.462351],[137.650801,35.462392],[137.650944,35.462494],[137.651336,35.462649],[137.65132,35.462766],[137.651074,35.462855],[137.650744,35.463099],[137.650493,35.463205],[137.650901,35.463962],[137.650887,35.464038],[137.650666,35.464193],[137.650665,35.464322],[137.650773,35.464495],[137.650626,35.46468],[137.650597,35.465009],[137.650942,35.465057],[137.651257,35.465017],[137.651561,35.465234],[137.651958,35.465265],[137.652019,35.465348],[137.652068,35.465638],[137.652529,35.465841],[137.652652,35.465846],[137.653157,35.465606],[137.653472,35.465601],[137.653664,35.465653],[137.654045,35.465977],[137.654333,35.466473],[137.654464,35.46652],[137.654731,35.466511],[137.654775,35.466595],[137.65508,35.466558],[137.656517,35.465903]]],[[[137.714821,35.561544],[137.714731,35.56173],[137.714717,35.562007],[137.714866,35.562436],[137.715093,35.562741],[137.715537,35.563119],[137.716153,35.564],[137.716348,35.564127],[137.716648,35.564178],[137.716735,35.563926],[137.716731,35.563556],[137.716452,35.563092],[137.71661,35.562632],[137.717136,35.562577],[137.717852,35.56212],[137.718062,35.562126],[137.718509,35.563146],[137.718724,35.56335],[137.718635,35.564058],[137.718707,35.564447],[137.718934,35.564677],[137.719137,35.564784],[137.719747,35.564865],[137.719975,35.564976],[137.720132,35.565127],[137.720348,35.565808],[137.720691,35.566013],[137.720416,35.566743],[137.720521,35.567145],[137.720485,35.567389],[137.720173,35.567991],[137.72038,35.568184],[137.721189,35.568458],[137.721791,35.568404],[137.721977,35.568502],[137.722848,35.568559],[137.723202,35.568339],[137.723522,35.568489],[137.723993,35.568513],[137.723694,35.568905],[137.72318,35.569436],[137.721721,35.569847],[137.721199,35.569943],[137.720893,35.569889],[137.720557,35.569682],[137.719995,35.569435],[137.719342,35.569405],[137.71859,35.569643],[137.71841,35.569794],[137.718291,35.569782],[137.717841,35.569565],[137.717169,35.56985],[137.716877,35.570026],[137.716499,35.570508],[137.716187,35.571032],[137.715976,35.571215],[137.714365,35.57185],[137.71289,35.572309],[137.712453,35.572392],[137.71089,35.573165],[137.710398,35.572807],[137.709398,35.571857],[137.708534,35.570351],[137.70798,35.57015],[137.707852,35.570186],[137.707717,35.570383],[137.707699,35.57083],[137.707035,35.570857],[137.706545,35.570103],[137.706482,35.569832],[137.706838,35.567676],[137.70683,35.567215],[137.707065,35.566669],[137.707068,35.566383],[137.707249,35.565915],[137.707084,35.565336],[137.707108,35.564727],[137.706954,35.564425],[137.70695,35.564237],[137.707097,35.56397],[137.707185,35.56365],[137.707153,35.563216],[137.706938,35.562923],[137.706581,35.56269],[137.706576,35.562386],[137.707054,35.56215],[137.707468,35.562252],[137.708142,35.56259],[137.708891,35.562574],[137.70932,35.56271],[137.71022,35.562755],[137.710568,35.563099],[137.710822,35.563266],[137.711157,35.563304],[137.71127,35.56304],[137.711562,35.56291],[137.711969,35.562822],[137.712353,35.562836],[137.712657,35.56273],[137.712852,35.562769],[137.713081,35.563025],[137.713213,35.563078],[137.713335,35.563046],[137.713625,35.562812],[137.714105,35.562796],[137.714227,35.56267],[137.714236,35.562349],[137.714419,35.561945],[137.714683,35.56163],[137.714821,35.561544]]],[[[137.744009,35.599068],[137.744797,35.598974],[137.747344,35.598822],[137.747759,35.598668],[137.748483,35.598216],[137.748841,35.597915],[137.749082,35.597522],[137.749455,35.5967],[137.749733,35.595831],[137.749862,35.595646],[137.7501,35.595523],[137.751617,35.595346],[137.751776,35.595236],[137.751974,35.594946],[137.752021,35.594481],[137.752407,35.594227],[137.752574,35.594053],[137.753707,35.593921],[137.754209,35.593931],[137.754633,35.594031],[137.755356,35.594028],[137.756064,35.593915],[137.757272,35.593832],[137.75825,35.59328],[137.758602,35.592977],[137.759006,35.592445],[137.759322,35.592177],[137.75969,35.591988],[137.760436,35.591884],[137.760916,35.591709],[137.761586,35.591303],[137.762184,35.591064],[137.76248,35.590671],[137.763339,35.590031],[137.763575,35.589761],[137.763947,35.589022],[137.764384,35.58965],[137.7644,35.58995],[137.76434,35.590185],[137.764406,35.590422],[137.76474,35.590813],[137.764863,35.591129],[137.764716,35.591403],[137.764443,35.591622],[137.764149,35.592191],[137.764204,35.592474],[137.764681,35.593044],[137.764679,35.593249],[137.76448,35.59392],[137.764169,35.594379],[137.764194,35.594884],[137.76428,35.595092],[137.765006,35.595959],[137.765128,35.596458],[137.76536,35.596659],[137.765424,35.597079],[137.765655,35.59731],[137.765911,35.597905],[137.765928,35.598134],[137.766101,35.598383],[137.766486,35.598655],[137.766621,35.59883],[137.766972,35.598842],[137.768141,35.598564],[137.768373,35.598469],[137.768575,35.59822],[137.768989,35.597953],[137.769754,35.597353],[137.769257,35.596946],[137.768816,35.596469],[137.768539,35.595945],[137.768333,35.595338],[137.76823,35.594822],[137.768272,35.594492],[137.768502,35.593635],[137.768605,35.592697],[137.76861,35.592123],[137.768441,35.591602],[137.768405,35.591311],[137.768485,35.591007],[137.768907,35.590293],[137.768947,35.590081],[137.768872,35.589844],[137.768296,35.589565],[137.767575,35.589301],[137.766845,35.588774],[137.766108,35.58814],[137.765756,35.587658],[137.765645,35.58709],[137.765776,35.586591],[137.766196,35.586019],[137.766633,35.58457],[137.765943,35.584109],[137.765714,35.583806],[137.765601,35.58353],[137.765324,35.583221],[137.764863,35.583022],[137.764527,35.58271],[137.76423,35.582551],[137.764002,35.582188],[137.763946,35.581951],[137.764008,35.581518],[137.764003,35.580909],[137.763453,35.578667],[137.763784,35.578275],[137.763805,35.57811],[137.763548,35.577723],[137.763291,35.577454],[137.763092,35.577023],[137.763001,35.576401],[137.763604,35.575914],[137.764079,35.575382],[137.764637,35.575153],[137.765058,35.574909],[137.765628,35.574447],[137.765907,35.574061],[137.76623,35.572841],[137.76639,35.572584],[137.767065,35.571973],[137.767882,35.571107],[137.768128,35.570937],[137.769015,35.570748],[137.769231,35.570646],[137.769767,35.570219],[137.770045,35.570055],[137.770095,35.569572],[137.769627,35.569415],[137.768866,35.569327],[137.768839,35.569087],[137.768885,35.5688],[137.769035,35.568489],[137.768993,35.568249],[137.768138,35.567118],[137.767411,35.56649],[137.766841,35.566283],[137.766403,35.565853],[137.766474,35.56559],[137.766752,35.565144],[137.766744,35.564928],[137.766456,35.564336],[137.766402,35.563896],[137.766475,35.563361],[137.766713,35.563027],[137.766714,35.562932],[137.766589,35.562691],[137.766564,35.562204],[137.765545,35.561391],[137.765449,35.561207],[137.765216,35.56099],[137.765024,35.560597],[137.765007,35.560309],[137.765048,35.56015],[137.765561,35.559667],[137.765826,35.559501],[137.766248,35.559328],[137.766357,35.559201],[137.766358,35.559065],[137.766271,35.558929],[137.766028,35.558824],[137.764944,35.558681],[137.764877,35.558585],[137.764868,35.558449],[137.765315,35.557629],[137.765737,35.55744],[137.765787,35.557377],[137.765446,35.556161],[137.766646,35.556093],[137.768616,35.556461],[137.769376,35.556408],[137.770194,35.556206],[137.770893,35.556593],[137.77125,35.556603],[137.77161,35.556548],[137.771837,35.556574],[137.772926,35.557029],[137.773438,35.557392],[137.773548,35.557834],[137.77415,35.558932],[137.77474,35.559572],[137.775031,35.559803],[137.77621,35.559812],[137.7776,35.559517],[137.77835,35.559265],[137.779052,35.559169],[137.779351,35.558421],[137.779584,35.558021],[137.780337,35.557941],[137.78063,35.557806],[137.781377,35.55729],[137.781686,35.556888],[137.782599,35.556433],[137.782809,35.556263],[137.782978,35.556043],[137.783172,35.555404],[137.783065,35.554598],[137.78311,35.554206],[137.78327,35.553832],[137.783168,35.553507],[137.783134,35.552762],[137.783198,35.552532],[137.783453,35.552056],[137.783818,35.55152],[137.784034,35.550864],[137.784264,35.550376],[137.784661,35.550544],[137.784893,35.550706],[137.78523,35.551424],[137.785377,35.552086],[137.785665,35.552452],[137.786224,35.552813],[137.786776,35.553084],[137.787205,35.553224],[137.787823,35.55355],[137.788265,35.55386],[137.788817,35.554369],[137.789005,35.554746],[137.789247,35.55499],[137.790884,35.555552],[137.791101,35.555706],[137.791321,35.556099],[137.791785,35.556537],[137.791959,35.557081],[137.7924,35.557993],[137.794117,35.559105],[137.794395,35.559445],[137.794513,35.559775],[137.794498,35.560063],[137.795465,35.559797],[137.796091,35.559832],[137.796473,35.559976],[137.797173,35.560602],[137.798341,35.561106],[137.800241,35.561634],[137.801126,35.561994],[137.80213,35.562189],[137.803183,35.562312],[137.803138,35.56259],[137.802758,35.562863],[137.802559,35.563076],[137.801718,35.56346],[137.801231,35.564467],[137.800678,35.564772],[137.800211,35.565497],[137.800044,35.565838],[137.800074,35.566073],[137.800326,35.56641],[137.800439,35.566685],[137.800387,35.566926],[137.799565,35.56773],[137.799315,35.568111],[137.798706,35.568335],[137.798523,35.568547],[137.799013,35.568657],[137.799329,35.568614],[137.799339,35.568545],[137.799674,35.568569],[137.800263,35.56873],[137.800754,35.569178],[137.80119,35.569674],[137.801641,35.570024],[137.801875,35.570472],[137.802155,35.57065],[137.803213,35.571018],[137.804696,35.572009],[137.805029,35.572117],[137.805678,35.572121],[137.805965,35.572317],[137.806243,35.572689],[137.806726,35.573536],[137.807452,35.573961],[137.807997,35.574364],[137.808276,35.574618],[137.808575,35.574985],[137.808942,35.575277],[137.809373,35.575515],[137.809776,35.575588],[137.81049,35.575568],[137.811319,35.575485],[137.811586,35.575417],[137.811883,35.575608],[137.812045,35.575654],[137.812905,35.575707],[137.813168,35.575804],[137.813946,35.576351],[137.814471,35.576634],[137.814849,35.577091],[137.815919,35.577985],[137.815833,35.578225],[137.816265,35.578614],[137.81639,35.5794],[137.816274,35.579986],[137.816299,35.580304],[137.816367,35.580517],[137.816724,35.580686],[137.816778,35.580769],[137.816786,35.581003],[137.816669,35.581408],[137.81691,35.581874],[137.817047,35.582429],[137.81784,35.582436],[137.818561,35.582714],[137.818874,35.582899],[137.819089,35.583108],[137.819249,35.583391],[137.819339,35.58369],[137.820408,35.583775],[137.820762,35.583858],[137.820861,35.583944],[137.820969,35.584226],[137.820887,35.584686],[137.820411,35.586134],[137.820346,35.586202],[137.819964,35.587288],[137.820011,35.587423],[137.820336,35.587802],[137.821574,35.588622],[137.822018,35.588531],[137.822517,35.588581],[137.822986,35.58831],[137.82374,35.588106],[137.824046,35.588287],[137.824342,35.58826],[137.825125,35.588376],[137.825605,35.588251],[137.82591,35.588273],[137.826312,35.588209],[137.826633,35.588396],[137.826906,35.588404],[137.827007,35.588372],[137.827198,35.588114],[137.827373,35.588139],[137.827664,35.588041],[137.82824,35.587505],[137.828788,35.587113],[137.828947,35.587095],[137.829462,35.586778],[137.830399,35.586392],[137.830669,35.586129],[137.830733,35.585946],[137.830822,35.58586],[137.831218,35.585607],[137.831861,35.584993],[137.832186,35.584796],[137.832631,35.584612],[137.832592,35.585092],[137.832521,35.585324],[137.83199,35.586028],[137.831797,35.586362],[137.831616,35.586912],[137.831626,35.587013],[137.831539,35.587072],[137.831682,35.587242],[137.831886,35.587754],[137.831918,35.588258],[137.831866,35.588481],[137.833292,35.588175],[137.833809,35.588212],[137.834033,35.588304],[137.834575,35.588411],[137.835368,35.588767],[137.835502,35.588761],[137.835976,35.588585],[137.837218,35.588686],[137.837682,35.589016],[137.838837,35.590166],[137.83927,35.590411],[137.839282,35.590765],[137.839418,35.591546],[137.839265,35.59206],[137.839311,35.592709],[137.83927,35.593004],[137.839127,35.593499],[137.839044,35.593623],[137.838532,35.594277],[137.838182,35.594528],[137.838108,35.594717],[137.838158,35.595146],[137.83834,35.595302],[137.838278,35.595509],[137.838539,35.595714],[137.838298,35.596119],[137.838231,35.596548],[137.83769,35.597339],[137.837639,35.597729],[137.837697,35.598054],[137.837996,35.59817],[137.83815,35.598375],[137.838496,35.599211],[137.838636,35.599839],[137.838249,35.600054],[137.837942,35.600953],[137.837484,35.601422],[137.836875,35.602606],[137.836753,35.602743],[137.836597,35.602864],[137.835431,35.603206],[137.83497,35.603242],[137.834527,35.603185],[137.834726,35.603521],[137.834684,35.604371],[137.834852,35.60521],[137.834831,35.605287],[137.834416,35.605706],[137.83427,35.60592],[137.834163,35.606482],[137.833409,35.607991],[137.832852,35.608135],[137.832332,35.608153],[137.832144,35.60856],[137.831313,35.609235],[137.830519,35.609679],[137.830219,35.610083],[137.829286,35.610354],[137.829167,35.610466],[137.829101,35.610973],[137.828996,35.611164],[137.828587,35.611375],[137.828524,35.611465],[137.828361,35.611966],[137.827605,35.613342],[137.827452,35.613527],[137.827076,35.61388],[137.826577,35.614215],[137.824435,35.615341],[137.824007,35.615609],[137.824792,35.616204],[137.826016,35.616775],[137.826592,35.617262],[137.8272,35.617493],[137.827678,35.617593],[137.828962,35.617757],[137.831007,35.617317],[137.832411,35.616697],[137.833092,35.616674],[137.834194,35.617075],[137.834606,35.61737],[137.835302,35.617701],[137.836103,35.617471],[137.836749,35.617577],[137.837193,35.617727],[137.837511,35.617928],[137.837861,35.618211],[137.838217,35.618595],[137.839329,35.618563],[137.839634,35.618616],[137.840132,35.619132],[137.840326,35.61918],[137.840457,35.619269],[137.840786,35.619701],[137.841139,35.619778],[137.841497,35.620104],[137.84152,35.620235],[137.841455,35.620564],[137.841551,35.620788],[137.842347,35.621419],[137.842558,35.6218],[137.843372,35.621891],[137.843674,35.621997],[137.843996,35.621949],[137.844554,35.62203],[137.845008,35.622038],[137.845672,35.621966],[137.845842,35.621991],[137.846027,35.6221],[137.846244,35.622028],[137.84677,35.62202],[137.847123,35.622105],[137.847406,35.622075],[137.847976,35.622199],[137.84821,35.62214],[137.848371,35.622235],[137.84885,35.622392],[137.849024,35.622582],[137.849198,35.62265],[137.84941,35.622922],[137.849579,35.62342],[137.849648,35.624389],[137.849797,35.624514],[137.849938,35.624742],[137.849831,35.625105],[137.849697,35.62536],[137.849751,35.625504],[137.849498,35.625712],[137.849403,35.625936],[137.849288,35.626001],[137.849227,35.626181],[137.84902,35.626332],[137.848994,35.626468],[137.848759,35.626578],[137.848661,35.626759],[137.84888,35.62692],[137.849217,35.626831],[137.849665,35.626865],[137.849902,35.62695],[137.850543,35.627029],[137.851022,35.627231],[137.851225,35.627796],[137.851368,35.627886],[137.851438,35.628182],[137.851452,35.628426],[137.851291,35.628503],[137.851638,35.62867],[137.851821,35.628945],[137.851298,35.628718],[137.85106,35.628802],[137.851051,35.628863],[137.851094,35.628862],[137.85102,35.629064],[137.851111,35.62915],[137.851226,35.629451],[137.851342,35.629557],[137.851354,35.629523],[137.851334,35.629747],[137.852153,35.630264],[137.85224,35.630475],[137.852476,35.630541],[137.853326,35.631072],[137.853601,35.631084],[137.854258,35.631353],[137.854318,35.631529],[137.854724,35.631653],[137.85488,35.631892],[137.855979,35.632412],[137.856352,35.63278],[137.856521,35.633395],[137.856768,35.633618],[137.857209,35.634292],[137.85793,35.634923],[137.858015,35.635264],[137.857644,35.636247],[137.857637,35.636483],[137.857978,35.636883],[137.858406,35.637209],[137.85854,35.637735],[137.857061,35.639344],[137.856822,35.640367],[137.855893,35.640874],[137.855045,35.641598],[137.854647,35.641838],[137.8542,35.642011],[137.85405,35.642177],[137.853949,35.642379],[137.853706,35.643847],[137.85352,35.644439],[137.853252,35.644941],[137.852701,35.645733],[137.852363,35.646635],[137.852112,35.647011],[137.85148,35.6476],[137.850995,35.647857],[137.850557,35.648156],[137.85029,35.648474],[137.850268,35.648771],[137.850337,35.649571],[137.850305,35.649714],[137.850156,35.649944],[137.850203,35.65022],[137.849844,35.650555],[137.849833,35.650695],[137.849676,35.650882],[137.849538,35.651252],[137.849248,35.651456],[137.849126,35.651716],[137.848395,35.651721],[137.847103,35.651602],[137.846881,35.651749],[137.846127,35.652056],[137.846072,35.652122],[137.846024,35.652347],[137.845851,35.652487],[137.845333,35.652601],[137.845069,35.652713],[137.844618,35.652618],[137.84448,35.652534],[137.843907,35.652509],[137.843317,35.65242],[137.842966,35.652165],[137.842735,35.652078],[137.841761,35.652479],[137.841028,35.652672],[137.84066,35.65284],[137.840173,35.652927],[137.839461,35.653368],[137.838838,35.65432],[137.838829,35.654402],[137.837965,35.654519],[137.83787,35.654748],[137.837423,35.655092],[137.837274,35.655333],[137.83547,35.656437],[137.834871,35.656609],[137.833891,35.65679],[137.833898,35.656901],[137.834142,35.657374],[137.83496,35.658362],[137.835239,35.658498],[137.835651,35.658595],[137.836013,35.658786],[137.836553,35.659382],[137.836964,35.65964],[137.837357,35.660006],[137.837485,35.660559],[137.837729,35.660925],[137.837777,35.661154],[137.837758,35.661437],[137.837807,35.661531],[137.83867,35.662049],[137.83879,35.662211],[137.838833,35.662373],[137.839008,35.6625],[137.839149,35.662735],[137.839664,35.66307],[137.839947,35.66344],[137.840231,35.663702],[137.840372,35.663999],[137.840678,35.664297],[137.840851,35.664667],[137.84096,35.664757],[137.841335,35.664732],[137.84194,35.664772],[137.842436,35.66463],[137.843594,35.66443],[137.844134,35.664433],[137.844949,35.664312],[137.845356,35.664395],[137.845816,35.664739],[137.845992,35.664749],[137.846082,35.6647],[137.846277,35.664712],[137.846601,35.664502],[137.847518,35.664577],[137.848179,35.664433],[137.848621,35.664393],[137.849,35.664259],[137.849425,35.664535],[137.849706,35.664895],[137.850285,35.665358],[137.850457,35.665371],[137.850711,35.665503],[137.851209,35.665894],[137.851592,35.666029],[137.852458,35.666106],[137.853045,35.666363],[137.853427,35.666421],[137.853858,35.666707],[137.85406,35.666789],[137.854402,35.667244],[137.854597,35.667352],[137.85491,35.668094],[137.8555,35.668602],[137.855584,35.668736],[137.855387,35.66903],[137.855317,35.669321],[137.857586,35.670001],[137.858033,35.67041],[137.858054,35.670639],[137.857954,35.671083],[137.857716,35.671601],[137.857421,35.671783],[137.857251,35.671949],[137.856795,35.672163],[137.856375,35.672485],[137.856453,35.673247],[137.85647,35.674132],[137.856597,35.674329],[137.856853,35.674503],[137.85712,35.674939],[137.857123,35.675073],[137.857283,35.675271],[137.857333,35.67553],[137.857527,35.675823],[137.857702,35.676332],[137.858247,35.67705],[137.858442,35.677236],[137.858717,35.677783],[137.858858,35.677791],[137.858985,35.678001],[137.859166,35.678154],[137.859671,35.678283],[137.859998,35.678597],[137.86062,35.679061],[137.86038,35.679085],[137.860033,35.678964],[137.859773,35.679043],[137.859281,35.679083],[137.859218,35.679163],[137.859243,35.679276],[137.859494,35.67963],[137.859454,35.679731],[137.859347,35.679784],[137.858467,35.679851],[137.858176,35.679662],[137.857828,35.679236],[137.857774,35.679232],[137.857205,35.679713],[137.857049,35.680081],[137.856965,35.68008],[137.856765,35.67996],[137.856353,35.679954],[137.856128,35.679707],[137.85583,35.679623],[137.855707,35.679503],[137.855684,35.679319],[137.85583,35.678661],[137.855629,35.678268],[137.855378,35.678054],[137.85491,35.677181],[137.854904,35.677136],[137.855205,35.677183],[137.855183,35.676768],[137.85499,35.676262],[137.854755,35.676077],[137.85468,35.675893],[137.854412,35.675741],[137.854053,35.675776],[137.853766,35.675543],[137.853076,35.675445],[137.852984,35.67537],[137.852707,35.675387],[137.852633,35.675456],[137.852557,35.675657],[137.852369,35.675907],[137.852363,35.676133],[137.852141,35.676292],[137.851936,35.676272],[137.851427,35.676431],[137.851056,35.676267],[137.850612,35.676301],[137.850341,35.676239],[137.849754,35.676258],[137.848915,35.677126],[137.848826,35.67733],[137.848278,35.677752],[137.848183,35.677876],[137.847949,35.677645],[137.847732,35.677725],[137.847664,35.677943],[137.847595,35.677968],[137.847317,35.677754],[137.847194,35.677783],[137.846979,35.67808],[137.846887,35.6781],[137.846621,35.678035],[137.845833,35.678214],[137.845867,35.678128],[137.846229,35.677938],[137.846157,35.67785],[137.845813,35.677963],[137.845493,35.678171],[137.844685,35.67823],[137.844445,35.678138],[137.844142,35.678256],[137.843991,35.677955],[137.843503,35.677534],[137.843233,35.677392],[137.84282,35.677366],[137.842633,35.677131],[137.842535,35.676831],[137.842586,35.676689],[137.84304,35.67615],[137.843212,35.675717],[137.843174,35.675517],[137.84334,35.675131],[137.843217,35.67482],[137.842832,35.674493],[137.842513,35.67411],[137.841989,35.673763],[137.841262,35.67366],[137.840647,35.6737],[137.840333,35.673656],[137.840225,35.673696],[137.839921,35.673604],[137.838636,35.672996],[137.837753,35.673078],[137.837289,35.673394],[137.836607,35.67402],[137.836329,35.674167],[137.835989,35.674091],[137.835809,35.673955],[137.835027,35.674033],[137.83481,35.673953],[137.834617,35.673806],[137.834367,35.673489],[137.834142,35.673373],[137.83419,35.673129],[137.833621,35.672721],[137.833471,35.672396],[137.833214,35.6721],[137.832642,35.67181],[137.831725,35.671458],[137.831152,35.671326],[137.830859,35.671172],[137.830716,35.670873],[137.830133,35.670741],[137.829246,35.67088],[137.828665,35.670799],[137.82855,35.670647],[137.828131,35.670394],[137.82743,35.669713],[137.827229,35.669426],[137.827167,35.669163],[137.827312,35.668877],[137.827219,35.668505],[137.826997,35.668134],[137.826979,35.667898],[137.826413,35.66759],[137.826058,35.667265],[137.825648,35.667205],[137.825411,35.667093],[137.824619,35.666986],[137.824154,35.666997],[137.823797,35.66701],[137.823552,35.667193],[137.823218,35.667224],[137.822783,35.66735],[137.822398,35.667359],[137.822128,35.666995],[137.821927,35.66621],[137.821256,35.666058],[137.821164,35.665801],[137.82046,35.665456],[137.820013,35.665421],[137.819772,35.665246],[137.819427,35.665238],[137.819203,35.665145],[137.818963,35.664835],[137.8187,35.664067],[137.818547,35.663844],[137.818248,35.663652],[137.817951,35.663112],[137.817661,35.662826],[137.817607,35.662602],[137.817643,35.661905],[137.817203,35.661557],[137.81652,35.661188],[137.815639,35.660592],[137.815048,35.660024],[137.81479,35.659463],[137.814456,35.65918],[137.813988,35.659028],[137.813903,35.658781],[137.813861,35.65845],[137.813554,35.658127],[137.813278,35.657706],[137.813021,35.657541],[137.812379,35.656793],[137.811966,35.656618],[137.81202,35.656704],[137.811592,35.656495],[137.811389,35.656327],[137.811339,35.656068],[137.811761,35.655201],[137.81181,35.655016],[137.811755,35.654667],[137.811793,35.654338],[137.811726,35.654143],[137.811563,35.653896],[137.811305,35.65364],[137.810937,35.653417],[137.808457,35.652585],[137.808233,35.652216],[137.807613,35.651661],[137.807437,35.651359],[137.80728,35.651187],[137.807673,35.650966],[137.80787,35.650699],[137.80796,35.650557],[137.807941,35.650442],[137.808125,35.6502],[137.808384,35.649515],[137.809231,35.649108],[137.809914,35.648925],[137.810234,35.648622],[137.810105,35.648453],[137.80976,35.647656],[137.809405,35.64717],[137.809339,35.646848],[137.809338,35.64611],[137.808976,35.644858],[137.808626,35.644376],[137.808586,35.643896],[137.807699,35.642711],[137.807651,35.642254],[137.807569,35.642124],[137.807952,35.641766],[137.808005,35.641578],[137.808503,35.641455],[137.80898,35.641035],[137.809487,35.640688],[137.809738,35.640405],[137.809854,35.64014],[137.809994,35.639585],[137.810408,35.639258],[137.810488,35.639079],[137.810803,35.638731],[137.810831,35.63795],[137.810468,35.637239],[137.810415,35.63688],[137.810445,35.636637],[137.811033,35.636013],[137.811142,35.635724],[137.811144,35.635533],[137.810969,35.635237],[137.810949,35.635086],[137.811039,35.634372],[137.81117,35.633997],[137.811289,35.63337],[137.810832,35.632835],[137.810743,35.632499],[137.810745,35.632232],[137.810443,35.631923],[137.810004,35.631559],[137.80913,35.631228],[137.808816,35.630911],[137.807878,35.63036],[137.807146,35.62972],[137.806734,35.629471],[137.806315,35.62932],[137.806118,35.629127],[137.805932,35.628702],[137.805796,35.628123],[137.805569,35.627624],[137.805227,35.627353],[137.804338,35.627029],[137.80415,35.626913],[137.804036,35.626254],[137.803839,35.625497],[137.80379,35.62464],[137.803702,35.624204],[137.803725,35.623645],[137.803481,35.623677],[137.802314,35.623227],[137.801764,35.622946],[137.801389,35.622699],[137.800425,35.621811],[137.799771,35.621555],[137.79907,35.621347],[137.798675,35.621054],[137.798405,35.620707],[137.798253,35.620325],[137.797968,35.61986],[137.797761,35.619186],[137.796835,35.618933],[137.796576,35.618963],[137.796132,35.619176],[137.795516,35.619662],[137.795339,35.619681],[137.795081,35.619623],[137.794645,35.619646],[137.794285,35.619721],[137.793889,35.619834],[137.793298,35.620283],[137.792133,35.6205],[137.791233,35.620953],[137.790904,35.621043],[137.790626,35.621031],[137.790348,35.621081],[137.789464,35.620856],[137.788328,35.620777],[137.787348,35.620291],[137.787096,35.62022],[137.786616,35.620414],[137.786249,35.620504],[137.78547,35.620438],[137.784291,35.619925],[137.783792,35.619784],[137.783434,35.619851],[137.783236,35.619965],[137.783018,35.620201],[137.782763,35.620307],[137.782147,35.620901],[137.78159,35.62125],[137.781022,35.621516],[137.780865,35.621231],[137.780767,35.620702],[137.780638,35.620402],[137.779521,35.619051],[137.779457,35.618859],[137.779432,35.618498],[137.779239,35.617984],[137.779215,35.617604],[137.779256,35.617221],[137.77906,35.617005],[137.778826,35.617083],[137.777899,35.617088],[137.776357,35.616865],[137.775474,35.61657],[137.774862,35.615858],[137.774515,35.615632],[137.774061,35.615437],[137.773451,35.615269],[137.772366,35.614756],[137.7721,35.614497],[137.771975,35.614162],[137.771816,35.613942],[137.771021,35.613431],[137.770676,35.613013],[137.770459,35.612563],[137.770193,35.612262],[137.770097,35.611199],[137.769921,35.610589],[137.769903,35.610153],[137.769155,35.610188],[137.769251,35.610063],[137.768157,35.609377],[137.767633,35.609122],[137.767039,35.608989],[137.766917,35.60891],[137.766628,35.608901],[137.766209,35.608756],[137.765937,35.608797],[137.765085,35.608769],[137.763676,35.608523],[137.763097,35.609117],[137.761849,35.609821],[137.760973,35.610975],[137.760504,35.611352],[137.758994,35.612907],[137.758814,35.613531],[137.758686,35.613681],[137.758325,35.613916],[137.757224,35.614447],[137.756364,35.615403],[137.756339,35.614791],[137.756387,35.614247],[137.756226,35.612596],[137.755906,35.611748],[137.756149,35.611144],[137.756168,35.610986],[137.756059,35.610344],[137.756367,35.609852],[137.756358,35.609481],[137.756131,35.609016],[137.755867,35.608708],[137.755811,35.608282],[137.755867,35.60804],[137.756231,35.607293],[137.755735,35.606548],[137.754986,35.606237],[137.754799,35.606063],[137.753868,35.605525],[137.752931,35.604609],[137.753064,35.603987],[137.752936,35.603208],[137.753209,35.602949],[137.753215,35.602508],[137.752847,35.602804],[137.752496,35.602994],[137.752314,35.603026],[137.751319,35.60291],[137.750665,35.60249],[137.750459,35.602458],[137.749912,35.602595],[137.749604,35.602603],[137.748995,35.602444],[137.74828,35.602116],[137.747645,35.601894],[137.747378,35.601873],[137.74711,35.601959],[137.746799,35.602213],[137.746549,35.602342],[137.746175,35.602417],[137.745741,35.602439],[137.744913,35.602197],[137.744471,35.60199],[137.744317,35.601965],[137.743167,35.60221],[137.740746,35.603209],[137.739081,35.604161],[137.738873,35.60402],[137.738608,35.603693],[137.738534,35.603437],[137.739134,35.602255],[137.740262,35.601233],[137.740796,35.600979],[137.741181,35.600243],[137.741447,35.599855],[137.741914,35.599512],[137.742387,35.599274],[137.743032,35.599099],[137.744009,35.599068]]],[[[137.764854,35.826629],[137.765864,35.826227],[137.766212,35.826218],[137.766332,35.825805],[137.766274,35.825362],[137.766353,35.82517],[137.766704,35.82469],[137.767238,35.824295],[137.76769,35.824175],[137.768508,35.823734],[137.768758,35.823094],[137.769238,35.822674],[137.769365,35.821501],[137.769548,35.82067],[137.76957,35.820332],[137.769752,35.820134],[137.769639,35.819909],[137.76967,35.819499],[137.769591,35.819169],[137.769785,35.819153],[137.77028,35.818968],[137.771161,35.818787],[137.771401,35.818899],[137.771906,35.81902],[137.7725,35.819465],[137.772913,35.819951],[137.773304,35.82014],[137.773664,35.820389],[137.773908,35.820678],[137.774552,35.82103],[137.775123,35.821211],[137.776089,35.822062],[137.776618,35.822287],[137.777709,35.823147],[137.7778,35.823439],[137.777947,35.823693],[137.7779,35.824084],[137.778071,35.824393],[137.77847,35.82459],[137.778477,35.824761],[137.778546,35.824821],[137.778456,35.824943],[137.778455,35.825021],[137.77865,35.825221],[137.77869,35.825688],[137.778846,35.825855],[137.77912,35.82554],[137.779286,35.825214],[137.779457,35.825063],[137.779634,35.825],[137.779829,35.825034],[137.779788,35.825049],[137.779738,35.825251],[137.780038,35.825746],[137.78009,35.82607],[137.780071,35.82625],[137.779791,35.826621],[137.779726,35.826978],[137.779762,35.827133],[137.78033,35.82817],[137.780309,35.828587],[137.780234,35.828896],[137.779946,35.829432],[137.7796,35.829836],[137.778697,35.830171],[137.77844,35.830322],[137.777003,35.831586],[137.77682,35.831996],[137.776348,35.832517],[137.776024,35.833166],[137.776053,35.833839],[137.776016,35.834008],[137.775765,35.834308],[137.775698,35.834465],[137.775518,35.835546],[137.774996,35.835506],[137.774963,35.835172],[137.77461,35.835867],[137.774536,35.836228],[137.774372,35.836432],[137.773902,35.836739],[137.773661,35.836968],[137.77314,35.837594],[137.77294,35.837919],[137.77283,35.838226],[137.77277,35.838701],[137.772755,35.838912],[137.772815,35.839107],[137.77277,35.839448],[137.772849,35.839569],[137.772835,35.839805],[137.772874,35.839879],[137.773528,35.840182],[137.773362,35.841158],[137.772756,35.840844],[137.77204,35.840597],[137.771755,35.840544],[137.769991,35.83941],[137.768396,35.838667],[137.767716,35.83948],[137.767546,35.839622],[137.767357,35.839586],[137.766871,35.839604],[137.766663,35.839328],[137.765957,35.839134],[137.765693,35.838973],[137.764982,35.838734],[137.764711,35.838546],[137.764419,35.838064],[137.764378,35.837869],[137.764416,35.837625],[137.763853,35.838048],[137.763413,35.838469],[137.763254,35.838574],[137.76299,35.838587],[137.762558,35.83888],[137.76261,35.838304],[137.76255,35.837877],[137.762208,35.837495],[137.761803,35.837268],[137.760389,35.837113],[137.760007,35.837116],[137.75982,35.837159],[137.759723,35.837353],[137.759585,35.837484],[137.759072,35.837427],[137.75862,35.837627],[137.758008,35.837715],[137.75775,35.837263],[137.757738,35.837096],[137.758016,35.835887],[137.757019,35.83558],[137.75561,35.834988],[137.755343,35.834829],[137.755064,35.835247],[137.755054,35.835649],[137.754997,35.83572],[137.754407,35.835868],[137.754244,35.835958],[137.754023,35.836214],[137.753878,35.836311],[137.753251,35.836239],[137.752849,35.83607],[137.752422,35.836492],[137.750569,35.836012],[137.749478,35.836696],[137.748092,35.83719],[137.746996,35.8375],[137.746677,35.837793],[137.746225,35.837996],[137.74537,35.838074],[137.745215,35.838136],[137.745305,35.837857],[137.746283,35.837142],[137.746852,35.83704],[137.748145,35.83634],[137.748758,35.836166],[137.749176,35.835826],[137.749791,35.83514],[137.749977,35.834729],[137.75027,35.834296],[137.750713,35.834054],[137.750847,35.83388],[137.751289,35.833547],[137.752043,35.832532],[137.752143,35.832436],[137.752319,35.832363],[137.752596,35.832029],[137.752925,35.83145],[137.753151,35.8309],[137.753463,35.829697],[137.753661,35.829227],[137.754039,35.82879],[137.754317,35.828609],[137.754959,35.828379],[137.756249,35.828066],[137.756882,35.828036],[137.757386,35.827772],[137.75783,35.827648],[137.759584,35.826178],[137.75988,35.826173],[137.759968,35.826212],[137.761136,35.826149],[137.762206,35.826202],[137.762439,35.826168],[137.762859,35.826246],[137.76338,35.826448],[137.764854,35.826629]]],[[[137.86652,35.701216],[137.866145,35.701019],[137.865856,35.700968],[137.864254,35.700363],[137.863383,35.700343],[137.863103,35.700219],[137.862928,35.700257],[137.862746,35.700165],[137.862325,35.700308],[137.861782,35.700261],[137.861505,35.700947],[137.861637,35.701436],[137.861786,35.701752],[137.862013,35.702117],[137.862251,35.702204],[137.862983,35.702658],[137.862826,35.703035],[137.862545,35.703265],[137.862156,35.703379],[137.861557,35.703429],[137.861218,35.703771],[137.860935,35.704152],[137.860659,35.704192],[137.860502,35.703947],[137.860353,35.703818],[137.860255,35.703596],[137.859965,35.703479],[137.856418,35.700386],[137.855526,35.699659],[137.855262,35.699519],[137.855277,35.699351],[137.855496,35.698985],[137.855477,35.698574],[137.855239,35.698788],[137.854566,35.698701],[137.853618,35.698765],[137.852836,35.698454],[137.852048,35.698028],[137.8508,35.697584],[137.850476,35.697361],[137.849425,35.696325],[137.848418,35.695762],[137.84793,35.695125],[137.847662,35.69462],[137.847152,35.69439],[137.846993,35.69402],[137.846499,35.693768],[137.845703,35.693668],[137.84552,35.69303],[137.845456,35.692493],[137.845241,35.692016],[137.845315,35.691562],[137.845219,35.69078],[137.844597,35.689816],[137.844343,35.689561],[137.844068,35.689174],[137.844002,35.688586],[137.84415,35.688107],[137.844449,35.686574],[137.844426,35.686099],[137.844532,35.685855],[137.844539,35.685522],[137.844658,35.68533],[137.845264,35.684822],[137.845459,35.684581],[137.845629,35.684508],[137.845889,35.684243],[137.846269,35.683731],[137.846575,35.683529],[137.846804,35.683046],[137.846797,35.682677],[137.847432,35.681882],[137.847961,35.681558],[137.848068,35.68132],[137.848235,35.681278],[137.848609,35.681286],[137.849021,35.681115],[137.84924,35.680963],[137.849364,35.680767],[137.849802,35.680528],[137.849966,35.680327],[137.850055,35.680108],[137.850159,35.680062],[137.8504,35.679821],[137.850668,35.679408],[137.851232,35.678965],[137.851459,35.678621],[137.852107,35.678188],[137.852233,35.678017],[137.852457,35.677891],[137.852695,35.677469],[137.853011,35.677396],[137.853154,35.677285],[137.853203,35.677099],[137.853387,35.677006],[137.853223,35.676943],[137.853392,35.676476],[137.853496,35.676443],[137.853756,35.676481],[137.854079,35.676707],[137.854301,35.676986],[137.854052,35.677689],[137.854097,35.6779],[137.854346,35.678399],[137.854438,35.678951],[137.854396,35.67916],[137.854262,35.679395],[137.854252,35.679802],[137.854334,35.67993],[137.854705,35.680049],[137.854814,35.680143],[137.854873,35.680286],[137.854862,35.680743],[137.854905,35.680905],[137.855291,35.681081],[137.855792,35.681456],[137.856357,35.681638],[137.856702,35.681657],[137.857667,35.681507],[137.858395,35.681672],[137.858736,35.681696],[137.859169,35.68155],[137.859459,35.681528],[137.859635,35.681565],[137.859989,35.681795],[137.860212,35.681844],[137.860442,35.681747],[137.860598,35.681577],[137.860618,35.681492],[137.860443,35.680861],[137.86042,35.68072],[137.860461,35.680547],[137.860732,35.680351],[137.861437,35.68006],[137.861507,35.679873],[137.861499,35.679672],[137.861657,35.679487],[137.861842,35.67946],[137.862387,35.679681],[137.862728,35.679723],[137.862861,35.679654],[137.862946,35.679409],[137.863111,35.679289],[137.864124,35.679277],[137.864225,35.679216],[137.864799,35.678545],[137.865346,35.678181],[137.865562,35.678116],[137.865817,35.678372],[137.866038,35.678338],[137.86658,35.677727],[137.867247,35.677133],[137.867542,35.676659],[137.867846,35.676391],[137.867952,35.676121],[137.868037,35.676083],[137.868262,35.676107],[137.869093,35.676669],[137.869371,35.676677],[137.869742,35.676788],[137.869954,35.67672],[137.870565,35.676176],[137.870439,35.675909],[137.870368,35.675444],[137.870411,35.675095],[137.870552,35.674881],[137.870674,35.674862],[137.870658,35.674835],[137.871889,35.674906],[137.872168,35.674954],[137.872566,35.67512],[137.872979,35.675169],[137.873206,35.675115],[137.873489,35.674692],[137.873578,35.674634],[137.873822,35.674596],[137.873954,35.674623],[137.874966,35.675123],[137.87488,35.675356],[137.87462,35.67562],[137.874237,35.675757],[137.87417,35.676429],[137.874096,35.676677],[137.87374,35.677126],[137.873708,35.67739],[137.874012,35.678573],[137.874116,35.678817],[137.874378,35.679237],[137.874855,35.679758],[137.875003,35.679988],[137.8751,35.680449],[137.875092,35.680941],[137.875173,35.681371],[137.875763,35.682283],[137.875679,35.683243],[137.875693,35.683557],[137.875863,35.683829],[137.876241,35.684184],[137.876443,35.684443],[137.876668,35.684812],[137.877011,35.685573],[137.877072,35.685923],[137.877242,35.686283],[137.877535,35.687147],[137.877402,35.68728],[137.877209,35.687628],[137.877041,35.688108],[137.877016,35.688987],[137.877114,35.689149],[137.87707,35.689308],[137.876842,35.689603],[137.876685,35.689949],[137.876449,35.690202],[137.876305,35.690289],[137.87587,35.690412],[137.875606,35.690645],[137.875288,35.690828],[137.87515,35.691077],[137.874796,35.691289],[137.874554,35.6913],[137.874375,35.691392],[137.874148,35.691578],[137.873476,35.69198],[137.873442,35.692552],[137.873613,35.692775],[137.873553,35.692895],[137.873619,35.693155],[137.873551,35.693244],[137.873409,35.693237],[137.873096,35.693487],[137.872738,35.693628],[137.872096,35.693745],[137.871601,35.693938],[137.871303,35.694228],[137.871238,35.694476],[137.871217,35.694898],[137.871129,35.695013],[137.870981,35.695101],[137.870512,35.695225],[137.86986,35.695535],[137.869488,35.696308],[137.869426,35.696553],[137.869963,35.697143],[137.870173,35.697447],[137.870331,35.698031],[137.870962,35.698642],[137.871097,35.699078],[137.871297,35.699172],[137.87076,35.699448],[137.870549,35.699478],[137.870359,35.699782],[137.869551,35.69995],[137.869386,35.700104],[137.868737,35.700065],[137.868429,35.700287],[137.86806,35.700354],[137.867787,35.700482],[137.867207,35.700579],[137.86677,35.701129],[137.86652,35.701216]]]]}}]}
