{"type":"FeatureCollection","features":[{"type":"Feature","properties":{"potaRef":"JP-0004","nameJa":"釧路湿原","nameEn":"Kushiroshitsugen National Park","authority":"環境省 生物多様性「見える化」マップ","boundaryStatus":"全国GIS候補・公開前検証待ち","boundarySource":"環境省 生物多様性「見える化」マップの自然公園区域を、POTA代表座標で一意に空間照合して加工","boundaryScaleNote":"区域は概要データであり、正確性は保証されない。POTA運用可否は公式情報で最終確認すること。","candidateMethod":"POTA representative point inside one public natural-park area","sourceParkKind":"国立公園","sourceName":"釧路湿原","sourceFeatureCount":49,"cautionMeters":75},"geometry":{"type":"MultiPolygon","coordinates":[[[[144.492531,43.246765],[144.486046,43.248281],[144.485881,43.248289],[144.483881,43.247658],[144.483702,43.247701],[144.48368,43.247823],[144.484956,43.252754],[144.485624,43.252739],[144.484781,43.253208],[144.47995,43.256597],[144.479728,43.256891],[144.479686,43.257281],[144.479572,43.257383],[144.479308,43.257425],[144.478624,43.257215],[144.478391,43.257269],[144.476958,43.257868],[144.476634,43.257898],[144.476352,43.257707],[144.476232,43.257359],[144.476076,43.257185],[144.47604,43.257047],[144.476178,43.256813],[144.476154,43.256717],[144.476022,43.256568],[144.475794,43.256423],[144.475566,43.256441],[144.475249,43.256609],[144.474973,43.256687],[144.474517,43.256663],[144.473756,43.256471],[144.473594,43.256387],[144.473516,43.256267],[144.473312,43.25544],[144.473198,43.255272],[144.473048,43.255164],[144.472664,43.255068],[144.472521,43.254936],[144.472473,43.254769],[144.472479,43.253971],[144.472401,43.253875],[144.472149,43.253773],[144.471909,43.253803],[144.471441,43.254121],[144.469798,43.254139],[144.469253,43.254379],[144.468629,43.254451],[144.468155,43.254433],[144.467509,43.254173],[144.466966,43.254266],[144.466816,43.254201],[144.466713,43.254051],[144.466797,43.253826],[144.466657,43.253414],[144.466385,43.252964],[144.466354,43.252239],[144.465409,43.250887],[144.465347,43.250719],[144.465323,43.25011],[144.46493,43.24962],[144.464037,43.248997],[144.46398,43.248858],[144.46398,43.248239],[144.46387,43.247942],[144.463554,43.247597],[144.462675,43.246968],[144.461824,43.245733],[144.461812,43.245493],[144.462046,43.243624],[144.461941,43.242986],[144.461798,43.242672],[144.461154,43.24193],[144.461971,43.241308],[144.46214,43.241308],[144.462317,43.241176],[144.462413,43.240935],[144.462558,43.240088],[144.462885,43.239186],[144.46292,43.238774],[144.46307,43.238234],[144.462935,43.237246],[144.462927,43.23547],[144.463055,43.234518],[144.463446,43.233651],[144.46346,43.232962],[144.463219,43.232557],[144.463105,43.232039],[144.463276,43.231818],[144.463261,43.231286],[144.463317,43.231168],[144.463922,43.230568],[144.464513,43.230132],[144.465912,43.22941],[144.464588,43.226379],[144.466694,43.224836],[144.466712,43.224773],[144.46662,43.224404],[144.465897,43.223382],[144.46596,43.222314],[144.465728,43.221965],[144.465616,43.2214],[144.464748,43.220648],[144.464577,43.219845],[144.46439,43.219408],[144.464505,43.218777],[144.464849,43.218447],[144.464871,43.218368],[144.464828,43.217422],[144.464921,43.216254],[144.465372,43.215745],[144.465451,43.215286],[144.466663,43.21368],[144.466584,43.212978],[144.466382,43.212284],[144.466337,43.211086],[144.466364,43.21071],[144.466103,43.209513],[144.46641,43.20793],[144.467208,43.206921],[144.470126,43.202351],[144.470232,43.202255],[144.470732,43.202104],[144.471856,43.202461],[144.473154,43.202994],[144.473347,43.203131],[144.473516,43.203361],[144.47363,43.203659],[144.474269,43.204635],[144.474772,43.206232],[144.475384,43.20701],[144.477018,43.208419],[144.47839,43.209494],[144.478778,43.210164],[144.480269,43.211334],[144.480948,43.212426],[144.481734,43.212449],[144.482146,43.215432],[144.482137,43.215484],[144.481212,43.216279],[144.481147,43.217284],[144.479993,43.218279],[144.478767,43.218385],[144.476734,43.218812],[144.475393,43.220268],[144.474549,43.221538],[144.474522,43.221652],[144.4747,43.223051],[144.475496,43.223627],[144.47551,43.223691],[144.475062,43.224037],[144.475176,43.224572],[144.474267,43.225004],[144.474272,43.225055],[144.475989,43.225066],[144.476325,43.225303],[144.47652,43.225694],[144.4761,43.227136],[144.476171,43.228948],[144.476384,43.229659],[144.476341,43.230007],[144.475226,43.230454],[144.475211,43.230504],[144.476433,43.23071],[144.476469,43.23076],[144.476504,43.232039],[144.476654,43.232621],[144.47595,43.234206],[144.475972,43.234298],[144.477343,43.235726],[144.477819,43.236969],[144.480064,43.238603],[144.483042,43.240975],[144.483372,43.241732],[144.485093,43.242976],[144.484987,43.243205],[144.487068,43.244718],[144.488269,43.244416],[144.488829,43.244787],[144.489534,43.244671],[144.489836,43.245289],[144.491494,43.246153],[144.492531,43.246765]]],[[[144.535716,43.254316],[144.534779,43.252281],[144.534705,43.252211],[144.533722,43.252483],[144.533045,43.252585],[144.529356,43.253607],[144.5293,43.253573],[144.529157,43.252987],[144.52917,43.251751],[144.528783,43.24978],[144.528726,43.248848],[144.52851,43.248289],[144.528288,43.248081],[144.527987,43.247952],[144.527579,43.247507],[144.527475,43.247194],[144.527034,43.246891],[144.526761,43.246439],[144.526589,43.246289],[144.526353,43.246332],[144.526181,43.24626],[144.525607,43.245665],[144.525364,43.245522],[144.525077,43.24545],[144.524396,43.245407],[144.523973,43.244563],[144.523858,43.244431],[144.523572,43.244259],[144.522602,43.242028],[144.522534,43.241976],[144.520492,43.242441],[144.520389,43.242401],[144.518347,43.237787],[144.518205,43.237745],[144.511183,43.239426],[144.509527,43.237188],[144.508955,43.237188],[144.507936,43.236103],[144.507474,43.235023],[144.507026,43.235115],[144.506891,43.235094],[144.504132,43.233245],[144.503094,43.230915],[144.502975,43.230875],[144.502159,43.231058],[144.502103,43.231023],[144.500135,43.229282],[144.499595,43.228728],[144.497395,43.226837],[144.495441,43.224653],[144.491902,43.222195],[144.491142,43.220621],[144.489061,43.221065],[144.489027,43.221122],[144.489152,43.221394],[144.489135,43.221457],[144.487368,43.222616],[144.487345,43.222679],[144.487487,43.222923],[144.487458,43.222992],[144.485822,43.224447],[144.48527,43.227163],[144.48531,43.227192],[144.485634,43.227118],[144.485674,43.227146],[144.486242,43.229534],[144.486242,43.229619],[144.486128,43.229681],[144.486111,43.22975],[144.48714,43.232012],[144.487242,43.232148],[144.488902,43.233245],[144.489385,43.234308],[144.491037,43.236297],[144.491095,43.236334],[144.492426,43.235955],[144.492488,43.235984],[144.492484,43.23609],[144.491626,43.237163],[144.491975,43.237961],[144.493816,43.238327],[144.492943,43.238556],[144.492921,43.238611],[144.494063,43.241032],[144.496591,43.242754],[144.497083,43.243026],[144.499266,43.245003],[144.499262,43.245051],[144.496007,43.245832],[144.495247,43.246218],[144.492531,43.246765],[144.491494,43.246153],[144.489836,43.245289],[144.489534,43.244671],[144.488829,43.244787],[144.488269,43.244416],[144.487068,43.244718],[144.484987,43.243205],[144.485093,43.242976],[144.483372,43.241732],[144.483042,43.240975],[144.480064,43.238603],[144.477819,43.236969],[144.477343,43.235726],[144.475972,43.234298],[144.47595,43.234206],[144.476654,43.232621],[144.476504,43.232039],[144.476469,43.23076],[144.476433,43.23071],[144.475211,43.230504],[144.475226,43.230454],[144.476341,43.230007],[144.476384,43.229659],[144.476171,43.228948],[144.4761,43.227136],[144.47652,43.225694],[144.476325,43.225303],[144.475989,43.225066],[144.474272,43.225055],[144.474267,43.225004],[144.475176,43.224572],[144.475062,43.224037],[144.47551,43.223691],[144.475496,43.223627],[144.4747,43.223051],[144.474522,43.221652],[144.474549,43.221538],[144.475393,43.220268],[144.476734,43.218812],[144.478767,43.218385],[144.479993,43.218279],[144.481147,43.217284],[144.481212,43.216279],[144.482137,43.215484],[144.482146,43.215432],[144.481734,43.212449],[144.481846,43.212466],[144.481955,43.212397],[144.482213,43.212082],[144.482517,43.211835],[144.482558,43.211738],[144.482558,43.211227],[144.483016,43.210832],[144.483108,43.210654],[144.483217,43.209839],[144.483137,43.209701],[144.482705,43.20937],[144.482609,43.209214],[144.4826,43.20887],[144.482701,43.208613],[144.482953,43.208256],[144.483013,43.208045],[144.48289,43.207664],[144.482567,43.207109],[144.482496,43.206508],[144.48254,43.206419],[144.483958,43.205595],[144.484055,43.205496],[144.48409,43.205299],[144.484064,43.204394],[144.484162,43.203928],[144.484422,43.20365],[144.484942,43.203327],[144.488741,43.202405],[144.495354,43.200926],[144.499271,43.199996],[144.500618,43.203122],[144.501756,43.204801],[144.501663,43.20494],[144.502003,43.205039],[144.503324,43.205662],[144.503438,43.2057],[144.503976,43.205703],[144.505291,43.206151],[144.50762,43.20712],[144.508268,43.20716],[144.508547,43.207059],[144.509317,43.207409],[144.51009,43.208128],[144.510995,43.209464],[144.51158,43.210169],[144.513206,43.211107],[144.514261,43.211855],[144.515178,43.213244],[144.515644,43.214386],[144.516372,43.215438],[144.521846,43.218931],[144.52521,43.221389],[144.526398,43.222355],[144.527166,43.222811],[144.529486,43.223769],[144.530655,43.22439],[144.531161,43.224788],[144.533498,43.227392],[144.532955,43.228607],[144.531523,43.229217],[144.531477,43.229286],[144.531771,43.231391],[144.531647,43.232892],[144.53324,43.234974],[144.533745,43.236207],[144.534221,43.236546],[144.534427,43.237658],[144.534542,43.23787],[144.535849,43.238908],[144.536256,43.239057],[144.53648,43.239218],[144.536681,43.239631],[144.537071,43.23978],[144.538097,43.240416],[144.538322,43.240879],[144.538382,43.240902],[144.540409,43.240327],[144.540474,43.240337],[144.541351,43.241038],[144.541516,43.241111],[144.54396,43.240255],[144.551534,43.245666],[144.551533,43.245715],[144.550784,43.246456],[144.550818,43.246575],[144.551083,43.24674],[144.551098,43.246819],[144.551291,43.249342],[144.545736,43.247228],[144.545451,43.247031],[144.544795,43.246925],[144.544093,43.246944],[144.543639,43.247031],[144.543396,43.247178],[144.543041,43.247574],[144.54101,43.248123],[144.540908,43.248165],[144.540779,43.248428],[144.540827,43.248667],[144.542405,43.252387],[144.535816,43.254389],[144.535716,43.254316]]],[[[144.461154,43.24193],[144.460492,43.242543],[144.460605,43.242718],[144.461081,43.242892],[144.461371,43.243084],[144.461499,43.243728],[144.461409,43.243833],[144.461229,43.243886],[144.461059,43.24432],[144.460804,43.244555],[144.460832,43.244796],[144.460476,43.244849],[144.460474,43.245155],[144.460354,43.245313],[144.460589,43.246129],[144.460512,43.246335],[144.460746,43.24662],[144.46079,43.247304],[144.460603,43.247582],[144.460627,43.247913],[144.46056,43.248109],[144.46031,43.248373],[144.460282,43.248599],[144.46019,43.248757],[144.460022,43.248855],[144.459644,43.249376],[144.459648,43.249644],[144.459994,43.24987],[144.459984,43.250052],[144.459279,43.250527],[144.458895,43.2507],[144.458838,43.250786],[144.458497,43.252374],[144.457989,43.252614],[144.457663,43.252455],[144.457524,43.252431],[144.457332,43.25247],[144.456785,43.252326],[144.45666,43.25223],[144.456473,43.251923],[144.456382,43.251366],[144.456329,43.251232],[144.456238,43.251165],[144.456075,43.251151],[144.455939,43.251215],[144.455902,43.251491],[144.45584,43.251611],[144.455748,43.251649],[144.455619,43.251592],[144.455581,43.251486],[144.455737,43.250912],[144.455592,43.250741],[144.455599,43.250684],[144.455705,43.250635],[144.455933,43.250709],[144.456152,43.250702],[144.456225,43.25074],[144.456267,43.250851],[144.456485,43.250867],[144.457103,43.250544],[144.457264,43.250372],[144.457257,43.250303],[144.457184,43.250241],[144.456589,43.250107],[144.456524,43.250172],[144.456589,43.250279],[144.456337,43.250494],[144.456086,43.250436],[144.456104,43.250147],[144.455935,43.249613],[144.455733,43.249392],[144.456175,43.249021],[144.456396,43.249128],[144.456638,43.249144],[144.456767,43.249101],[144.456792,43.248971],[144.456854,43.248917],[144.457,43.248894],[144.457556,43.248606],[144.457955,43.248588],[144.458293,43.248364],[144.45867,43.247949],[144.458707,43.247827],[144.458683,43.247685],[144.458538,43.24756],[144.458459,43.247553],[144.458161,43.247802],[144.457955,43.2481],[144.457857,43.248112],[144.457738,43.248018],[144.457715,43.247902],[144.457794,43.247608],[144.458544,43.247125],[144.45872,43.246869],[144.45873,43.246797],[144.458316,43.246089],[144.459386,43.245775],[144.459533,43.245666],[144.459609,43.245523],[144.459595,43.245457],[144.459267,43.245366],[144.459224,43.24529],[144.459257,43.2452],[144.4595,43.245],[144.459504,43.244934],[144.459357,43.244777],[144.459509,43.244648],[144.459647,43.244339],[144.459766,43.244244],[144.46018,43.244235],[144.460355,43.24414],[144.460351,43.24404],[144.460194,43.243945],[144.460175,43.243883],[144.460493,43.243764],[144.460527,43.243669],[144.460489,43.243574],[144.460099,43.243408],[144.459937,43.24345],[144.459932,43.243598],[144.459842,43.243669],[144.459737,43.243645],[144.459657,43.243545],[144.459642,43.243374],[144.459039,43.242965],[144.458962,43.242861],[144.458953,43.242737],[144.459119,43.242595],[144.459134,43.242523],[144.459077,43.242433],[144.458501,43.242005],[144.459619,43.241092],[144.457566,43.240222],[144.457537,43.240166],[144.45807,43.239488],[144.458628,43.238567],[144.459716,43.236166],[144.459728,43.235952],[144.459521,43.23525],[144.459412,43.235217],[144.459179,43.234184],[144.458924,43.233995],[144.45888,43.233911],[144.458986,43.233667],[144.4588,43.233071],[144.458804,43.232529],[144.458917,43.232354],[144.458968,43.232074],[144.458896,43.231696],[144.458742,43.231481],[144.459882,43.230928],[144.460919,43.230639],[144.465884,43.229452],[144.464513,43.230132],[144.463922,43.230568],[144.463317,43.231168],[144.463261,43.231286],[144.463276,43.231818],[144.463105,43.232039],[144.463219,43.232557],[144.46346,43.232962],[144.463446,43.233651],[144.463055,43.234518],[144.462927,43.23547],[144.462935,43.237246],[144.46307,43.238234],[144.46292,43.238774],[144.462885,43.239186],[144.462558,43.240088],[144.462413,43.240935],[144.462317,43.241176],[144.46214,43.241308],[144.461971,43.241308],[144.461154,43.24193]]],[[[144.511183,43.239426],[144.497083,43.243026],[144.496591,43.242754],[144.494063,43.241032],[144.492921,43.238611],[144.492943,43.238556],[144.493816,43.238327],[144.491975,43.237961],[144.491623,43.237132],[144.492484,43.23609],[144.492488,43.235984],[144.492426,43.235955],[144.491095,43.236334],[144.491037,43.236297],[144.489385,43.234308],[144.488902,43.233245],[144.487242,43.232148],[144.48714,43.232012],[144.486111,43.22975],[144.486128,43.229681],[144.486242,43.229619],[144.486242,43.229534],[144.485674,43.227146],[144.485634,43.227118],[144.48531,43.227192],[144.48527,43.227163],[144.485822,43.224447],[144.487458,43.222992],[144.487487,43.222923],[144.487345,43.222679],[144.487368,43.222616],[144.489135,43.221457],[144.489152,43.221394],[144.489027,43.221122],[144.489061,43.221065],[144.491142,43.220621],[144.491902,43.222195],[144.495441,43.224653],[144.497395,43.226837],[144.499595,43.228728],[144.500135,43.229282],[144.502103,43.231023],[144.502159,43.231058],[144.502975,43.230875],[144.503094,43.230915],[144.504132,43.233245],[144.506891,43.235094],[144.507026,43.235115],[144.507474,43.235023],[144.507936,43.236103],[144.508955,43.237188],[144.509527,43.237188],[144.511183,43.239426]]],[[[144.459412,43.235217],[144.457583,43.234995],[144.456632,43.234745],[144.454226,43.234415],[144.452616,43.236305],[144.453679,43.23678],[144.453712,43.236831],[144.45372,43.236911],[144.452947,43.238427],[144.449888,43.237703],[144.449221,43.237443],[144.447878,43.236707],[144.44701,43.236112],[144.445863,43.235215],[144.44562,43.23509],[144.444645,43.23483],[144.443296,43.234644],[144.442708,43.234377],[144.442547,43.234121],[144.442601,43.233587],[144.443059,43.231299],[144.443059,43.231073],[144.442797,43.230722],[144.442405,43.230485],[144.441829,43.23043],[144.4415,43.230535],[144.441115,43.230413],[144.441491,43.229228],[144.441689,43.228949],[144.441747,43.228768],[144.441704,43.22853],[144.44148,43.228369],[144.441352,43.228099],[144.441325,43.227875],[144.441538,43.227603],[144.441596,43.227389],[144.441567,43.227211],[144.441485,43.227086],[144.441491,43.226778],[144.441584,43.226382],[144.441724,43.226105],[144.441989,43.225925],[144.442675,43.225769],[144.443592,43.224504],[144.443801,43.224341],[144.444312,43.224248],[144.444788,43.22397],[144.445345,43.223912],[144.445577,43.223633],[144.445693,43.223413],[144.445565,43.222983],[144.446053,43.222287],[144.446204,43.221799],[144.447167,43.22108],[144.447631,43.220441],[144.448467,43.219977],[144.449233,43.219141],[144.449547,43.21899],[144.450081,43.218874],[144.451218,43.218178],[144.452042,43.217865],[144.452611,43.217319],[144.453574,43.215926],[144.454236,43.214684],[144.454456,43.214533],[144.454758,43.213941],[144.45463,43.2127],[144.455184,43.210717],[144.45538,43.211272],[144.455258,43.212232],[144.456068,43.213467],[144.45602,43.213516],[144.455803,43.214481],[144.455835,43.215206],[144.456042,43.216325],[144.455767,43.21758],[144.455473,43.218175],[144.455466,43.218268],[144.457028,43.219228],[144.457903,43.219307],[144.458792,43.220067],[144.459537,43.221078],[144.459473,43.221515],[144.459537,43.221852],[144.459939,43.222418],[144.461552,43.223236],[144.461623,43.223365],[144.461473,43.224598],[144.460699,43.226175],[144.460175,43.226727],[144.459932,43.227407],[144.458534,43.228562],[144.458469,43.228662],[144.458864,43.229493],[144.458717,43.231423],[144.458896,43.231696],[144.458968,43.232074],[144.458917,43.232354],[144.458804,43.232529],[144.4588,43.233071],[144.458986,43.233667],[144.45888,43.233911],[144.458924,43.233995],[144.459179,43.234184],[144.459412,43.235217]]],[[[144.465884,43.229452],[144.460919,43.230639],[144.459882,43.230928],[144.458742,43.231481],[144.458864,43.229493],[144.458469,43.228662],[144.458534,43.228562],[144.459932,43.227407],[144.460175,43.226727],[144.460699,43.226175],[144.461473,43.224598],[144.461623,43.223365],[144.461552,43.223236],[144.459939,43.222418],[144.459537,43.221852],[144.459473,43.221515],[144.459537,43.221078],[144.458792,43.220067],[144.457903,43.219307],[144.457028,43.219228],[144.455466,43.218268],[144.455473,43.218175],[144.455767,43.21758],[144.456042,43.216325],[144.455835,43.215206],[144.455803,43.214481],[144.45602,43.213516],[144.456068,43.213467],[144.456271,43.213545],[144.466382,43.212284],[144.466584,43.212978],[144.466663,43.21368],[144.465451,43.215286],[144.465372,43.215745],[144.464921,43.216254],[144.464828,43.217422],[144.464871,43.218368],[144.464849,43.218447],[144.464505,43.218777],[144.46439,43.219408],[144.464577,43.219845],[144.464748,43.220648],[144.465616,43.2214],[144.465728,43.221965],[144.46596,43.222314],[144.465897,43.223382],[144.46662,43.224404],[144.466712,43.224773],[144.466694,43.224836],[144.464588,43.226379],[144.465912,43.22941],[144.465884,43.229452]]],[[[144.565154,43.229561],[144.564706,43.229689],[144.563775,43.230148],[144.562458,43.22974],[144.560944,43.229928],[144.55937,43.230235],[144.558678,43.23018],[144.558233,43.230065],[144.557976,43.229763],[144.557815,43.229483],[144.557783,43.229295],[144.558086,43.228831],[144.55782,43.228689],[144.557728,43.228708],[144.557297,43.229019],[144.557223,43.229134],[144.55721,43.229295],[144.557335,43.229875],[144.557088,43.230132],[144.557043,43.23013],[144.556825,43.229802],[144.5567,43.229391],[144.556517,43.229169],[144.554691,43.228354],[144.554177,43.228327],[144.552429,43.228937],[144.551626,43.229822],[144.551181,43.230786],[144.550998,43.231038],[144.550764,43.231203],[144.550525,43.231249],[144.54981,43.231107],[144.549172,43.23124],[144.548617,43.231075],[144.548011,43.231038],[144.547901,43.230974],[144.547759,43.230978],[144.547635,43.230795],[144.547424,43.230717],[144.547039,43.230694],[144.54658,43.230377],[144.546419,43.230166],[144.546387,43.229997],[144.54613,43.229818],[144.545722,43.229749],[144.545497,43.229579],[144.545387,43.229368],[144.545355,43.229033],[144.54524,43.228951],[144.544002,43.229024],[144.543625,43.229166],[144.543355,43.229162],[144.543135,43.22901],[144.54274,43.22901],[144.542589,43.22913],[144.541561,43.229524],[144.540533,43.229474],[144.540033,43.229708],[144.539538,43.230079],[144.53873,43.230075],[144.538561,43.23002],[144.537868,43.229529],[144.53706,43.229221],[144.535345,43.228038],[144.533498,43.227392],[144.531161,43.224788],[144.530655,43.22439],[144.529486,43.223769],[144.527166,43.222811],[144.526398,43.222355],[144.52521,43.221389],[144.521846,43.218931],[144.516372,43.215438],[144.515644,43.214386],[144.515178,43.213244],[144.514261,43.211855],[144.513206,43.211107],[144.51158,43.210169],[144.510995,43.209464],[144.51009,43.208128],[144.509317,43.207409],[144.508547,43.207059],[144.508268,43.20716],[144.50762,43.20712],[144.505291,43.206151],[144.503976,43.205703],[144.503438,43.2057],[144.503324,43.205662],[144.502003,43.205039],[144.501663,43.20494],[144.501756,43.204801],[144.500618,43.203122],[144.499271,43.199996],[144.498504,43.197745],[144.495674,43.191186],[144.493498,43.191623],[144.4921,43.188595],[144.494976,43.187812],[144.495973,43.188719],[144.497877,43.191515],[144.498849,43.193317],[144.49948,43.195158],[144.499673,43.195482],[144.500881,43.196965],[144.500978,43.197027],[144.504122,43.19629],[144.50746,43.195429],[144.508525,43.197773],[144.508596,43.197801],[144.508923,43.197702],[144.509875,43.198164],[144.511744,43.202256],[144.511815,43.202291],[144.513932,43.201787],[144.514017,43.201815],[144.515701,43.205605],[144.515752,43.205633],[144.516622,43.205588],[144.517815,43.205355],[144.517832,43.205537],[144.517878,43.205571],[144.5186,43.205508],[144.518634,43.205167],[144.518691,43.205133],[144.519758,43.205112],[144.520198,43.205453],[144.520362,43.205524],[144.522543,43.205013],[144.522607,43.205034],[144.52304,43.205886],[144.523132,43.205929],[144.525434,43.205972],[144.526251,43.205588],[144.527331,43.204814],[144.529811,43.204984],[144.532297,43.205041],[144.534067,43.203911],[144.53666,43.203158],[144.538848,43.203542],[144.542166,43.204856],[144.544086,43.205903],[144.54461,43.20692],[144.544779,43.206965],[144.547132,43.206624],[144.548733,43.206478],[144.550161,43.206094],[144.553083,43.205889],[144.554197,43.2061],[144.555646,43.207373],[144.556254,43.209828],[144.555976,43.210793],[144.556003,43.21083],[144.558289,43.212545],[144.559204,43.213989],[144.560233,43.214102],[144.56071,43.215273],[144.562353,43.216103],[144.562825,43.216273],[144.562859,43.216347],[144.562745,43.216421],[144.562512,43.216416],[144.562399,43.216506],[144.562393,43.216603],[144.56245,43.2167],[144.562364,43.216835],[144.561853,43.216856],[144.561782,43.216899],[144.561597,43.218142],[144.561633,43.218213],[144.563643,43.218973],[144.564759,43.219847],[144.565114,43.221673],[144.565128,43.221929],[144.564716,43.222526],[144.564695,43.222774],[144.564837,43.223002],[144.565188,43.229497],[144.565154,43.229561]]],[[[144.571548,43.227663],[144.571355,43.227529],[144.57109,43.227443],[144.570265,43.227419],[144.569408,43.227468],[144.56828,43.228999],[144.568022,43.229164],[144.567535,43.229364],[144.566103,43.229412],[144.565154,43.229561],[144.565188,43.229497],[144.564837,43.223002],[144.564695,43.222774],[144.564716,43.222526],[144.565128,43.221929],[144.565114,43.221673],[144.564759,43.219847],[144.563643,43.218973],[144.561633,43.218213],[144.561597,43.218142],[144.561782,43.216899],[144.561853,43.216856],[144.562364,43.216835],[144.56245,43.2167],[144.562393,43.216603],[144.562399,43.216506],[144.562512,43.216416],[144.562745,43.216421],[144.562859,43.216347],[144.562825,43.216273],[144.562353,43.216103],[144.56071,43.215273],[144.560233,43.214102],[144.559204,43.213989],[144.558289,43.212545],[144.556003,43.21083],[144.555976,43.210793],[144.556254,43.209828],[144.555646,43.207373],[144.554197,43.2061],[144.553083,43.205889],[144.550161,43.206094],[144.548733,43.206478],[144.547132,43.206624],[144.544779,43.206965],[144.54461,43.20692],[144.544086,43.205903],[144.542166,43.204856],[144.538848,43.203542],[144.53666,43.203158],[144.534067,43.203911],[144.532297,43.205041],[144.529811,43.204984],[144.527331,43.204814],[144.526251,43.205588],[144.525434,43.205972],[144.523132,43.205929],[144.52304,43.205886],[144.522607,43.205034],[144.522543,43.205013],[144.520362,43.205524],[144.520198,43.205453],[144.519758,43.205112],[144.519345,43.205146],[144.519399,43.20485],[144.520207,43.203039],[144.520359,43.202842],[144.520599,43.202736],[144.530261,43.200543],[144.530284,43.200496],[144.530153,43.200253],[144.530212,43.200187],[144.532082,43.2],[144.533457,43.199416],[144.533567,43.199435],[144.535133,43.201387],[144.537981,43.200204],[144.538326,43.20068],[144.541589,43.199378],[144.543353,43.200966],[144.545099,43.201123],[144.547029,43.201157],[144.547121,43.201451],[144.547933,43.201824],[144.547494,43.202595],[144.548282,43.202976],[144.549088,43.202289],[144.550727,43.201821],[144.551076,43.202097],[144.551862,43.201786],[144.552967,43.201734],[144.553173,43.200777],[144.553821,43.200491],[144.553918,43.200129],[144.55453,43.199934],[144.55465,43.199865],[144.554778,43.199663],[144.554952,43.199213],[144.555164,43.197158],[144.555209,43.197025],[144.555361,43.196919],[144.556031,43.196759],[144.556783,43.196796],[144.558178,43.197066],[144.558389,43.197039],[144.55949,43.196378],[144.559737,43.196318],[144.559935,43.196351],[144.560077,43.196461],[144.5601,43.196621],[144.559971,43.196773],[144.559283,43.197204],[144.559182,43.197406],[144.559169,43.197575],[144.559256,43.197713],[144.560101,43.197836],[144.560383,43.197945],[144.560699,43.198217],[144.560522,43.198816],[144.560738,43.199603],[144.560892,43.200813],[144.560866,43.20088],[144.559436,43.201696],[144.559097,43.203038],[144.560215,43.20565],[144.562105,43.208205],[144.562155,43.208329],[144.561421,43.20988],[144.561421,43.209976],[144.562554,43.210604],[144.563628,43.210233],[144.565211,43.210462],[144.565812,43.211105],[144.565458,43.212178],[144.567422,43.213068],[144.567569,43.214364],[144.566813,43.215357],[144.567846,43.215391],[144.568508,43.214778],[144.569381,43.213693],[144.570665,43.21421],[144.571437,43.215797],[144.572694,43.216755],[144.572815,43.216761],[144.578383,43.21476],[144.581331,43.215373],[144.582839,43.216073],[144.583739,43.21632],[144.584846,43.216423],[144.584938,43.216549],[144.584886,43.217111],[144.583842,43.218923],[144.583074,43.219439],[144.58234,43.219726],[144.579696,43.221573],[144.576898,43.22124],[144.576508,43.22136],[144.57559,43.221985],[144.574833,43.222725],[144.574879,43.224727],[144.5727,43.224922],[144.572218,43.22656],[144.571548,43.227663]]],[[[144.466382,43.212284],[144.456271,43.213545],[144.456068,43.213467],[144.455258,43.212232],[144.45538,43.211272],[144.455184,43.210717],[144.457285,43.208935],[144.457464,43.208026],[144.458441,43.206792],[144.457973,43.205141],[144.457955,43.204273],[144.45787,43.203554],[144.457629,43.202597],[144.457681,43.201083],[144.458696,43.200228],[144.459934,43.199907],[144.460021,43.19985],[144.460107,43.19958],[144.461018,43.198319],[144.461242,43.197803],[144.461328,43.196478],[144.461477,43.196203],[144.461775,43.195841],[144.463175,43.194947],[144.463169,43.194792],[144.463381,43.194585],[144.463972,43.193662],[144.464184,43.193582],[144.464333,43.193467],[144.464855,43.193338],[144.465016,43.193448],[144.465108,43.19339],[144.465137,43.193276],[144.465615,43.193085],[144.465783,43.192913],[144.465857,43.192465],[144.465926,43.192344],[144.4663,43.192129],[144.4665,43.191515],[144.466786,43.19129],[144.466805,43.191033],[144.466984,43.190799],[144.467345,43.190543],[144.467554,43.190161],[144.467577,43.189762],[144.467419,43.1894],[144.467428,43.189272],[144.467699,43.188992],[144.467751,43.188834],[144.467722,43.188662],[144.467277,43.187932],[144.467258,43.187733],[144.467332,43.187595],[144.467562,43.18757],[144.467738,43.187387],[144.467805,43.187244],[144.467782,43.186978],[144.468002,43.18679],[144.468121,43.186597],[144.468121,43.186423],[144.467938,43.186037],[144.467984,43.185849],[144.468158,43.185758],[144.468364,43.185754],[144.469098,43.185473],[144.469322,43.185307],[144.469695,43.184733],[144.469924,43.184659],[144.470194,43.184699],[144.470349,43.184831],[144.470463,43.184831],[144.470624,43.184733],[144.470744,43.184751],[144.470899,43.184911],[144.471151,43.184963],[144.472238,43.184714],[144.472291,43.184675],[144.472319,43.184188],[144.472368,43.184151],[144.472434,43.184176],[144.472854,43.185071],[144.473049,43.185212],[144.473343,43.18532],[144.474787,43.185181],[144.475355,43.18533],[144.475963,43.185639],[144.476754,43.186293],[144.476961,43.186706],[144.47727,43.188191],[144.477563,43.18869],[144.47801,43.189292],[144.478555,43.189671],[144.479983,43.189958],[144.480138,43.190158],[144.480206,43.190829],[144.480614,43.191609],[144.480722,43.192091],[144.480373,43.193788],[144.480115,43.19415],[144.480057,43.194442],[144.479914,43.194683],[144.479226,43.195067],[144.478692,43.195233],[144.477488,43.195216],[144.47715,43.195308],[144.476932,43.195503],[144.476943,43.195996],[144.477029,43.196237],[144.477362,43.19661],[144.477494,43.196931],[144.477396,43.197091],[144.477477,43.198009],[144.477164,43.198462],[144.475752,43.199616],[144.475561,43.200245],[144.475638,43.200528],[144.47595,43.200899],[144.47653,43.201222],[144.477249,43.201409],[144.47852,43.202288],[144.474195,43.20448],[144.474118,43.204433],[144.47363,43.203659],[144.473516,43.203361],[144.473347,43.203131],[144.473154,43.202994],[144.471856,43.202461],[144.470732,43.202104],[144.470232,43.202255],[144.470126,43.202351],[144.467208,43.206921],[144.46641,43.20793],[144.466103,43.209513],[144.466364,43.21071],[144.466337,43.211086],[144.466382,43.212284]]],[[[144.481734,43.212449],[144.480948,43.212426],[144.480269,43.211334],[144.478778,43.210164],[144.47839,43.209494],[144.477018,43.208419],[144.475384,43.20701],[144.474772,43.206232],[144.474195,43.20448],[144.47852,43.202288],[144.477249,43.201409],[144.47653,43.201222],[144.47595,43.200899],[144.475638,43.200528],[144.475561,43.200245],[144.475752,43.199616],[144.477164,43.198462],[144.477477,43.198009],[144.477396,43.197091],[144.477494,43.196931],[144.477362,43.19661],[144.477029,43.196237],[144.476943,43.195996],[144.476932,43.195503],[144.47715,43.195308],[144.477488,43.195216],[144.478692,43.195233],[144.479226,43.195067],[144.479914,43.194683],[144.480057,43.194442],[144.480115,43.19415],[144.480373,43.193788],[144.480722,43.192091],[144.480614,43.191609],[144.480206,43.190829],[144.480138,43.190158],[144.479983,43.189958],[144.478555,43.189671],[144.47801,43.189292],[144.477563,43.18869],[144.47727,43.188191],[144.476961,43.186706],[144.476754,43.186293],[144.475963,43.185639],[144.475355,43.18533],[144.474787,43.185181],[144.473343,43.18532],[144.473049,43.185212],[144.472854,43.185071],[144.472434,43.184176],[144.472368,43.184151],[144.472319,43.184188],[144.472291,43.184675],[144.472238,43.184714],[144.471151,43.184963],[144.470899,43.184911],[144.470744,43.184751],[144.470624,43.184733],[144.470463,43.184831],[144.470349,43.184831],[144.470194,43.184699],[144.469924,43.184659],[144.469695,43.184733],[144.469322,43.185307],[144.469098,43.185473],[144.468364,43.185754],[144.468158,43.185758],[144.467984,43.185849],[144.467938,43.186037],[144.468121,43.186423],[144.468121,43.186597],[144.468002,43.18679],[144.467782,43.186978],[144.467805,43.187244],[144.467738,43.187387],[144.467562,43.18757],[144.467332,43.187595],[144.467258,43.187733],[144.467277,43.187932],[144.467722,43.188662],[144.467751,43.188834],[144.467699,43.188992],[144.467428,43.189272],[144.467419,43.1894],[144.467577,43.189762],[144.467554,43.190161],[144.467345,43.190543],[144.466984,43.190799],[144.465213,43.190772],[144.465318,43.189607],[144.465645,43.187473],[144.466412,43.185566],[144.466756,43.185086],[144.467236,43.184728],[144.46786,43.184441],[144.470533,43.182049],[144.470819,43.181711],[144.472222,43.17783],[144.47239,43.177542],[144.472606,43.177311],[144.473482,43.176858],[144.475045,43.1762],[144.476641,43.175149],[144.478585,43.173743],[144.479564,43.171504],[144.479576,43.171377],[144.477935,43.165104],[144.477637,43.164289],[144.477614,43.163922],[144.477769,43.163624],[144.47805,43.163401],[144.47875,43.163016],[144.479025,43.162236],[144.479564,43.161491],[144.479805,43.160986],[144.479868,43.160378],[144.47973,43.160023],[144.479748,43.159828],[144.480545,43.159186],[144.480671,43.158991],[144.480694,43.158738],[144.480591,43.158681],[144.480373,43.15875],[144.480143,43.158687],[144.479966,43.158543],[144.479931,43.158348],[144.48008,43.158125],[144.480373,43.157981],[144.481267,43.15793],[144.484094,43.158469],[144.484439,43.15848],[144.484725,43.158406],[144.485178,43.158543],[144.486147,43.158578],[144.486721,43.158303],[144.487426,43.157505],[144.487724,43.157339],[144.487799,43.157184],[144.487759,43.157006],[144.487615,43.156829],[144.487398,43.156708],[144.486366,43.156708],[144.48616,43.156566],[144.485752,43.155768],[144.485724,43.155561],[144.485798,43.155314],[144.485963,43.155103],[144.486477,43.15485],[144.487087,43.15463],[144.487665,43.15463],[144.487894,43.154502],[144.488023,43.154364],[144.488004,43.15419],[144.487894,43.154084],[144.487527,43.154024],[144.486467,43.15402],[144.486169,43.153841],[144.486027,43.153625],[144.486032,43.153332],[144.48616,43.153006],[144.486692,43.152543],[144.487068,43.152304],[144.487055,43.152203],[144.485848,43.152231],[144.485365,43.152191],[144.484526,43.151947],[144.483737,43.151632],[144.482641,43.150965],[144.481405,43.150767],[144.48117,43.150647],[144.481089,43.150417],[144.481164,43.150217],[144.48156,43.149953],[144.481829,43.14958],[144.482351,43.149288],[144.482466,43.149076],[144.482426,43.14884],[144.482179,43.148496],[144.481089,43.148043],[144.480831,43.14786],[144.480763,43.147659],[144.480906,43.147441],[144.481239,43.14724],[144.48133,43.146925],[144.481256,43.146627],[144.480814,43.146099],[144.480648,43.145795],[144.480304,43.143071],[144.480302,43.142675],[144.480508,43.14195],[144.481017,43.14161],[144.481549,43.141514],[144.482302,43.141518],[144.482756,43.141459],[144.483242,43.141271],[144.483655,43.141023],[144.483807,43.140807],[144.483848,43.140459],[144.483724,43.140165],[144.483293,43.139761],[144.48316,43.139486],[144.482912,43.139234],[144.482086,43.138825],[144.481921,43.138688],[144.48176,43.138403],[144.481737,43.137629],[144.481651,43.137403],[144.481293,43.137231],[144.480673,43.137045],[144.479953,43.137173],[144.479802,43.137145],[144.479408,43.136887],[144.4792,43.136621],[144.479164,43.13541],[144.479042,43.135173],[144.478433,43.134915],[144.477917,43.134872],[144.477726,43.134781],[144.477561,43.13459],[144.477418,43.134307],[144.477421,43.134157],[144.47763,43.133532],[144.477609,43.133288],[144.477121,43.132492],[144.477064,43.13194],[144.476885,43.131496],[144.476627,43.131338],[144.476562,43.131181],[144.476598,43.130865],[144.476476,43.130514],[144.476433,43.130077],[144.476634,43.129317],[144.476569,43.129088],[144.476017,43.128407],[144.475953,43.12822],[144.476046,43.12764],[144.476978,43.126751],[144.477193,43.126442],[144.477171,43.126249],[144.476963,43.126149],[144.475931,43.126113],[144.474003,43.12617],[144.473308,43.12607],[144.472094,43.12548],[144.47159,43.125136],[144.471245,43.12459],[144.471067,43.123686],[144.471094,43.12309],[144.471163,43.122736],[144.471089,43.12253],[144.470626,43.1222],[144.47019,43.12203],[144.47003,43.121837],[144.469952,43.121512],[144.469956,43.121241],[144.470085,43.121071],[144.470521,43.120796],[144.470947,43.120777],[144.4717,43.120966],[144.472218,43.121186],[144.472512,43.121222],[144.472709,43.12114],[144.472782,43.120961],[144.472727,43.120732],[144.472535,43.120566],[144.471814,43.120475],[144.471145,43.120498],[144.46979,43.120328],[144.468311,43.119961],[144.466188,43.119978],[144.46524,43.119823],[144.464456,43.11947],[144.463923,43.119011],[144.463208,43.118277],[144.462652,43.117477],[144.461678,43.116841],[144.458054,43.114674],[144.454905,43.112724],[144.446486,43.107692],[144.445908,43.10762],[144.445522,43.107501],[144.445119,43.107262],[144.444843,43.106996],[144.444747,43.106767],[144.444646,43.106744],[144.444054,43.106895],[144.443339,43.106918],[144.442586,43.106845],[144.441751,43.106712],[144.441224,43.10651],[144.440967,43.106262],[144.440756,43.105936],[144.440691,43.105482],[144.440742,43.10512],[144.440925,43.104721],[144.441564,43.104271],[144.441461,43.103981],[144.441292,43.103728],[144.440468,43.103528],[144.439925,43.103326],[144.439555,43.10305],[144.439329,43.102668],[144.439311,43.102172],[144.439373,43.101775],[144.439555,43.101482],[144.439869,43.101188],[144.440186,43.101027],[144.44097,43.100433],[144.440972,43.100386],[144.440562,43.100199],[144.440018,43.100522],[144.439574,43.100644],[144.438907,43.100723],[144.438369,43.100608],[144.434807,43.099375],[144.434155,43.099002],[144.433825,43.098637],[144.43358,43.098101],[144.433539,43.097688],[144.433681,43.097334],[144.434016,43.096944],[144.434516,43.096587],[144.43498,43.096454],[144.435746,43.096325],[144.435806,43.096279],[144.436159,43.095408],[144.43615,43.095252],[144.436017,43.095132],[144.435833,43.0951],[144.435659,43.095169],[144.435237,43.095531],[144.434847,43.095779],[144.434117,43.095986],[144.433466,43.096027],[144.43297,43.095917],[144.432493,43.095719],[144.432158,43.095385],[144.431544,43.095421],[144.430965,43.09532],[144.430387,43.095123],[144.42997,43.094834],[144.429708,43.094462],[144.429653,43.093985],[144.429961,43.09304],[144.429864,43.092357],[144.429929,43.092036],[144.430172,43.091696],[144.430199,43.091508],[144.430062,43.091128],[144.430071,43.090627],[144.430036,43.090526],[144.42961,43.090321],[144.429208,43.08994],[144.428843,43.089528],[144.42866,43.089051],[144.428696,43.088563],[144.429034,43.087528],[144.427907,43.08744],[144.427459,43.087325],[144.426995,43.087136],[144.426033,43.086529],[144.425158,43.085748],[144.427517,43.084013],[144.429919,43.084092],[144.430935,43.084243],[144.431475,43.084261],[144.43269,43.084879],[144.435862,43.085996],[144.438186,43.091071],[144.438655,43.091527],[144.438715,43.091666],[144.438768,43.092421],[144.441502,43.098525],[144.443339,43.099989],[144.44408,43.101656],[144.444074,43.101709],[144.443128,43.102006],[144.443108,43.102066],[144.443359,43.102847],[144.443368,43.105197],[144.446637,43.104452],[144.447277,43.105737],[144.449208,43.104772],[144.451186,43.104289],[144.452118,43.10411],[144.453237,43.103786],[144.45413,43.10368],[144.455634,43.103589],[144.455765,43.103554],[144.456844,43.102505],[144.457492,43.10208],[144.458271,43.101694],[144.461367,43.100436],[144.462205,43.100285],[144.462813,43.10048],[144.463954,43.100738],[144.464752,43.10106],[144.467022,43.102155],[144.467114,43.102258],[144.46759,43.103313],[144.467206,43.104116],[144.467453,43.104672],[144.467648,43.104896],[144.468605,43.105401],[144.47028,43.106651],[144.470383,43.107092],[144.470601,43.107339],[144.470689,43.10738],[144.471172,43.107161],[144.471236,43.10718],[144.471307,43.107364],[144.471479,43.107499],[144.471556,43.108314],[144.471502,43.108399],[144.470939,43.108239],[144.470165,43.108451],[144.469706,43.108836],[144.467871,43.111382],[144.468118,43.112523],[144.467373,43.113476],[144.466288,43.113664],[144.465468,43.114599],[144.465291,43.114662],[144.464821,43.115442],[144.46495,43.115571],[144.465314,43.11567],[144.465114,43.116083],[144.46502,43.116845],[144.465148,43.11748],[144.465446,43.118082],[144.465853,43.118574],[144.466411,43.118988],[144.466936,43.119308],[144.467629,43.11955],[144.470562,43.119957],[144.471227,43.120098],[144.472599,43.12028],[144.473292,43.120445],[144.474368,43.121107],[144.474357,43.121253],[144.474198,43.121453],[144.473174,43.122123],[144.473121,43.122196],[144.473147,43.122269],[144.473617,43.122689],[144.47283,43.124266],[144.47283,43.124336],[144.473682,43.124864],[144.476867,43.125209],[144.476922,43.125143],[144.476923,43.124551],[144.476979,43.124492],[144.477061,43.124523],[144.47774,43.125225],[144.47871,43.126056],[144.47828,43.126946],[144.478222,43.128574],[144.478819,43.131046],[144.479891,43.133368],[144.479954,43.133409],[144.481702,43.133014],[144.481882,43.133406],[144.483797,43.136646],[144.4846,43.137812],[144.485715,43.139036],[144.485885,43.139468],[144.485986,43.140087],[144.485829,43.142101],[144.48565,43.142926],[144.485273,43.143562],[144.484601,43.144458],[144.483822,43.145184],[144.483436,43.145757],[144.483078,43.14677],[144.48289,43.147818],[144.483024,43.149243],[144.483517,43.150309],[144.484042,43.151007],[144.485041,43.151506],[144.486208,43.151792],[144.488603,43.152136],[144.489995,43.152226],[144.490014,43.152327],[144.488508,43.152622],[144.488494,43.152753],[144.488852,43.153329],[144.4901,43.153202],[144.491923,43.153519],[144.491998,43.153422],[144.491673,43.152809],[144.491994,43.152608],[144.493171,43.152809],[144.494328,43.152556],[144.494417,43.152449],[144.494314,43.15222],[144.494399,43.152136],[144.495767,43.152164],[144.496752,43.152382],[144.497056,43.152645],[144.497202,43.152948],[144.497173,43.153205],[144.496205,43.154244],[144.494524,43.154158],[144.494524,43.154229],[144.495129,43.154573],[144.498247,43.154088],[144.498975,43.153752],[144.499419,43.153887],[144.500694,43.155101],[144.500804,43.155286],[144.500749,43.155988],[144.498001,43.160163],[144.497088,43.161282],[144.496747,43.161223],[144.496648,43.161277],[144.496454,43.161587],[144.496043,43.161616],[144.494344,43.161145],[144.493253,43.161103],[144.491659,43.160938],[144.491456,43.161481],[144.491479,43.161524],[144.492484,43.161733],[144.492994,43.16179],[144.494189,43.161801],[144.495416,43.162238],[144.495776,43.162529],[144.495659,43.162745],[144.494964,43.163218],[144.494257,43.163599],[144.493106,43.163883],[144.491725,43.163935],[144.488573,43.163441],[144.48722,43.163618],[144.484981,43.162842],[144.484949,43.162778],[144.485142,43.16192],[144.485807,43.161512],[144.485876,43.161447],[144.485871,43.161369],[144.485807,43.161323],[144.483561,43.161669],[144.482139,43.161193],[144.480516,43.161174],[144.480394,43.162571],[144.480572,43.162961],[144.479763,43.163678],[144.480281,43.163888],[144.480906,43.164272],[144.481101,43.164616],[144.481118,43.164869],[144.481015,43.164983],[144.480843,43.165064],[144.480189,43.165236],[144.480011,43.165396],[144.480011,43.165608],[144.480246,43.16578],[144.480605,43.165846],[144.481651,43.165809],[144.482116,43.165912],[144.482598,43.166155],[144.4833,43.166692],[144.483626,43.167124],[144.48369,43.167162],[144.483842,43.167136],[144.483973,43.167191],[144.484053,43.167287],[144.484179,43.168111],[144.484434,43.16811],[144.48436,43.168308],[144.484261,43.169638],[144.484275,43.172226],[144.484992,43.175015],[144.485694,43.177402],[144.485847,43.177701],[144.487666,43.179941],[144.487755,43.180273],[144.490264,43.183068],[144.491492,43.184798],[144.492397,43.185694],[144.494976,43.187812],[144.4921,43.188595],[144.492091,43.18864],[144.493498,43.191623],[144.495674,43.191186],[144.498504,43.197745],[144.499271,43.199996],[144.495354,43.200926],[144.488741,43.202405],[144.484942,43.203327],[144.484422,43.20365],[144.484162,43.203928],[144.484064,43.204394],[144.48409,43.205299],[144.484055,43.205496],[144.483958,43.205595],[144.48254,43.206419],[144.482496,43.206508],[144.482567,43.207109],[144.48289,43.207664],[144.483013,43.208045],[144.482953,43.208256],[144.482701,43.208613],[144.4826,43.20887],[144.482609,43.209214],[144.482705,43.20937],[144.483137,43.209701],[144.483217,43.209839],[144.483108,43.210654],[144.483016,43.210832],[144.482558,43.211227],[144.482558,43.211738],[144.482517,43.211835],[144.482213,43.212082],[144.481955,43.212397],[144.481846,43.212466],[144.481734,43.212449]]],[[[144.455184,43.210717],[144.454712,43.210262],[144.454549,43.210019],[144.454705,43.209543],[144.454732,43.208993],[144.454614,43.207895],[144.454406,43.207159],[144.453136,43.203898],[144.452961,43.202882],[144.453008,43.202242],[144.453388,43.201313],[144.453439,43.200762],[144.453101,43.199103],[144.452022,43.195933],[144.451056,43.193357],[144.446732,43.190112],[144.442786,43.187704],[144.442437,43.18769],[144.439846,43.188351],[144.439631,43.188351],[144.439497,43.188217],[144.439297,43.186755],[144.43951,43.186621],[144.441598,43.183603],[144.443895,43.182675],[144.443778,43.18244],[144.4434,43.181967],[144.455896,43.17905],[144.455989,43.179072],[144.456204,43.179531],[144.456376,43.180362],[144.456441,43.180462],[144.457586,43.181115],[144.458455,43.181939],[144.459333,43.183669],[144.459557,43.184959],[144.459727,43.185344],[144.462111,43.189134],[144.463208,43.190628],[144.464299,43.190502],[144.465213,43.190772],[144.466984,43.190799],[144.466805,43.191033],[144.466786,43.19129],[144.4665,43.191515],[144.4663,43.192129],[144.465926,43.192344],[144.465857,43.192465],[144.465783,43.192913],[144.465615,43.193085],[144.465137,43.193276],[144.465108,43.19339],[144.465016,43.193448],[144.464855,43.193338],[144.464333,43.193467],[144.464184,43.193582],[144.463972,43.193662],[144.463381,43.194585],[144.463169,43.194792],[144.463175,43.194947],[144.461775,43.195841],[144.461477,43.196203],[144.461328,43.196478],[144.461242,43.197803],[144.461018,43.198319],[144.460107,43.19958],[144.460021,43.19985],[144.459934,43.199907],[144.458696,43.200228],[144.457681,43.201083],[144.457629,43.202597],[144.45787,43.203554],[144.457955,43.204273],[144.457973,43.205141],[144.458441,43.206792],[144.457464,43.208026],[144.457285,43.208935],[144.455184,43.210717]]],[[[144.520599,43.202736],[144.520359,43.202842],[144.520207,43.203039],[144.519399,43.20485],[144.519345,43.205146],[144.518691,43.205133],[144.518634,43.205167],[144.5186,43.205508],[144.517878,43.205571],[144.517832,43.205537],[144.517815,43.205355],[144.516622,43.205588],[144.515752,43.205633],[144.515701,43.205605],[144.514017,43.201815],[144.513932,43.201787],[144.511815,43.202291],[144.511744,43.202256],[144.509875,43.198164],[144.508923,43.197702],[144.508596,43.197801],[144.508525,43.197773],[144.50746,43.195429],[144.504122,43.19629],[144.500978,43.197027],[144.500881,43.196965],[144.499673,43.195482],[144.49948,43.195158],[144.498849,43.193317],[144.497877,43.191515],[144.495973,43.188719],[144.494976,43.187812],[144.492397,43.185694],[144.491492,43.184798],[144.490264,43.183068],[144.487755,43.180273],[144.487666,43.179941],[144.485847,43.177701],[144.485694,43.177402],[144.484992,43.175015],[144.484275,43.172226],[144.484261,43.169638],[144.48436,43.168308],[144.48452,43.168011],[144.484793,43.167951],[144.485057,43.168029],[144.485561,43.168652],[144.486032,43.168734],[144.486134,43.168857],[144.486239,43.169188],[144.486507,43.169232],[144.486763,43.169418],[144.486951,43.169837],[144.487671,43.170075],[144.487798,43.170175],[144.487916,43.170503],[144.487968,43.170541],[144.488477,43.170476],[144.488765,43.170587],[144.489021,43.170748],[144.489294,43.17108],[144.489704,43.171221],[144.490249,43.171566],[144.491304,43.17303],[144.491509,43.17314],[144.4918,43.173149],[144.494446,43.172062],[144.496817,43.170984],[144.50628,43.170761],[144.506441,43.170793],[144.507141,43.171289],[144.507555,43.17145],[144.506882,43.171905],[144.506431,43.172429],[144.50466,43.177113],[144.504746,43.178008],[144.505484,43.179926],[144.505982,43.181453],[144.505932,43.181993],[144.505754,43.18232],[144.505321,43.182661],[144.503731,43.183602],[144.503522,43.18383],[144.503326,43.184157],[144.503226,43.184616],[144.503235,43.184957],[144.503408,43.185393],[144.503728,43.185658],[144.506718,43.187503],[144.506991,43.187783],[144.507163,43.188082],[144.507364,43.188654],[144.507373,43.190759],[144.507396,43.190805],[144.50761,43.190852],[144.507653,43.191389],[144.511781,43.194074],[144.515154,43.196446],[144.518446,43.19971],[144.520437,43.201769],[144.520628,43.202122],[144.520599,43.202736]]],[[[144.547029,43.201157],[144.548051,43.201305],[144.548685,43.201532],[144.550472,43.201523],[144.550601,43.201444],[144.550703,43.200991],[144.551291,43.200912],[144.551657,43.200667],[144.551712,43.200111],[144.551416,43.199097],[144.55143,43.198283],[144.551981,43.197251],[144.552032,43.196922],[144.552106,43.196811],[144.552564,43.196672],[144.552605,43.196579],[144.552874,43.195496],[144.552818,43.195339],[144.552555,43.19495],[144.552832,43.194371],[144.553804,43.194515],[144.554161,43.194228],[144.554226,43.194034],[144.554193,43.193719],[144.553939,43.193335],[144.554239,43.192682],[144.554638,43.192302],[144.554559,43.191978],[144.554721,43.19177],[144.554267,43.190872],[144.554249,43.190747],[144.554263,43.190636],[144.554508,43.190317],[144.554994,43.190094],[144.554994,43.190016],[144.554709,43.18951],[144.554797,43.189207],[144.554774,43.18913],[144.55454,43.188891],[144.554186,43.188698],[144.553934,43.188643],[144.553796,43.188556],[144.553085,43.187817],[144.552163,43.187327],[144.55144,43.187016],[144.55133,43.186861],[144.551378,43.186739],[144.551508,43.18661],[144.551691,43.18657],[144.552806,43.186835],[144.553041,43.187051],[144.553485,43.187268],[144.553705,43.187183],[144.553879,43.187033],[144.553896,43.186604],[144.553718,43.185891],[144.553562,43.185528],[144.553172,43.184955],[144.553072,43.18451],[144.553085,43.183973],[144.552851,43.183455],[144.552847,43.183262],[144.552902,43.183175],[144.553072,43.183133],[144.553122,43.183065],[144.553338,43.182129],[144.55309,43.181601],[144.552452,43.181376],[144.552264,43.181234],[144.551833,43.180358],[144.551896,43.179459],[144.551961,43.179399],[144.552296,43.179618],[144.552365,43.18014],[144.552887,43.180622],[144.552938,43.181006],[144.553707,43.181465],[144.554171,43.182101],[144.553833,43.18365],[144.553885,43.183948],[144.553707,43.184114],[144.553661,43.184269],[144.554126,43.185072],[144.554705,43.185743],[144.5549,43.186087],[144.554951,43.186259],[144.554854,43.187102],[144.554911,43.187262],[144.555915,43.188386],[144.556098,43.188432],[144.556328,43.188398],[144.556517,43.188214],[144.556586,43.188059],[144.55658,43.187755],[144.556872,43.187681],[144.556953,43.187606],[144.55697,43.187383],[144.557899,43.186758],[144.558461,43.186024],[144.559344,43.185295],[144.559673,43.185143],[144.559706,43.185066],[144.559446,43.184324],[144.559493,43.184042],[144.559203,43.183715],[144.559196,43.183656],[144.559262,43.183653],[144.559585,43.18384],[144.559948,43.184291],[144.560011,43.18431],[144.560095,43.184273],[144.560503,43.183818],[144.561215,43.183234],[144.561358,43.182908],[144.561453,43.181656],[144.562187,43.180893],[144.562286,43.180133],[144.562485,43.179458],[144.562573,43.179408],[144.563261,43.179316],[144.563531,43.17916],[144.564975,43.176625],[144.565818,43.175501],[144.566983,43.174262],[144.56716,43.174159],[144.567241,43.174182],[144.567235,43.174302],[144.566415,43.175317],[144.565847,43.176269],[144.565623,43.17655],[144.565285,43.176825],[144.565245,43.1769],[144.565256,43.177198],[144.564975,43.177617],[144.564895,43.177898],[144.563737,43.179538],[144.562533,43.181631],[144.562062,43.181946],[144.562188,43.182503],[144.562085,43.182812],[144.562418,43.182933],[144.562433,43.183084],[144.561804,43.183988],[144.561059,43.184905],[144.560692,43.185662],[144.560439,43.185783],[144.560118,43.185863],[144.559166,43.186735],[144.558077,43.188128],[144.5572,43.188934],[144.557073,43.189424],[144.557314,43.189791],[144.55732,43.189883],[144.556901,43.190359],[144.556884,43.190445],[144.557027,43.190663],[144.557022,43.190737],[144.556368,43.191558],[144.555966,43.192991],[144.555925,43.19419],[144.555191,43.19535],[144.554517,43.195924],[144.55446,43.19658],[144.553723,43.19753],[144.553503,43.198094],[144.552984,43.19864],[144.553398,43.200125],[144.553173,43.200777],[144.552967,43.201734],[144.551862,43.201786],[144.551076,43.202097],[144.550727,43.201821],[144.549088,43.202289],[144.548282,43.202976],[144.547494,43.202595],[144.547933,43.201824],[144.547121,43.201451],[144.547029,43.201157]]],[[[144.400472,43.197896],[144.399972,43.197801],[144.39924,43.197839],[144.397548,43.198186],[144.396673,43.198248],[144.395893,43.198105],[144.393562,43.1972],[144.391396,43.196265],[144.390374,43.196061],[144.389727,43.196076],[144.389192,43.196247],[144.388058,43.196935],[144.386171,43.198257],[144.385382,43.198557],[144.378978,43.20045],[144.376631,43.20127],[144.375947,43.201419],[144.375353,43.201407],[144.372946,43.200646],[144.371294,43.200236],[144.370646,43.199957],[144.370212,43.199657],[144.369247,43.198743],[144.368816,43.198401],[144.367791,43.197889],[144.367041,43.19771],[144.365911,43.197755],[144.364942,43.198017],[144.363884,43.198535],[144.363831,43.198485],[144.363826,43.1984],[144.364375,43.197778],[144.364862,43.196785],[144.365885,43.195994],[144.365961,43.195832],[144.366142,43.195036],[144.366476,43.194173],[144.366622,43.193398],[144.367069,43.192127],[144.367321,43.191888],[144.367547,43.191787],[144.371614,43.190968],[144.3717,43.190909],[144.370574,43.188309],[144.369765,43.185972],[144.370137,43.185786],[144.371339,43.185745],[144.371922,43.18495],[144.372199,43.184738],[144.372794,43.184531],[144.373259,43.184149],[144.373607,43.183571],[144.375362,43.182087],[144.375436,43.181896],[144.375417,43.181676],[144.37464,43.180258],[144.373363,43.177267],[144.372854,43.176652],[144.371791,43.175841],[144.370972,43.174377],[144.370194,43.17228],[144.369777,43.170051],[144.368543,43.168119],[144.368331,43.167558],[144.368239,43.166941],[144.368386,43.166389],[144.369215,43.165322],[144.369307,43.164981],[144.369213,43.164641],[144.368382,43.164052],[144.368058,43.163669],[144.367935,43.163186],[144.367905,43.162638],[144.368075,43.16187],[144.367835,43.161747],[144.367145,43.160506],[144.366916,43.160382],[144.365433,43.159982],[144.364953,43.159771],[144.364784,43.159641],[144.364697,43.159478],[144.364633,43.159024],[144.363985,43.158396],[144.363386,43.157587],[144.362672,43.157077],[144.36138,43.155949],[144.361328,43.155865],[144.361334,43.15557],[144.362145,43.154718],[144.362742,43.154587],[144.36383,43.154227],[144.364,43.154135],[144.36406,43.154039],[144.364121,43.153725],[144.364637,43.153338],[144.364868,43.153269],[144.364884,43.153215],[144.364333,43.152073],[144.370519,43.151228],[144.375865,43.148964],[144.378643,43.147144],[144.391202,43.144112],[144.391298,43.14412],[144.391391,43.144244],[144.392286,43.146378],[144.392684,43.147657],[144.392863,43.148073],[144.392923,43.148113],[144.393025,43.148109],[144.393947,43.147711],[144.394676,43.147635],[144.395175,43.147147],[144.395709,43.1469],[144.395948,43.146566],[144.398672,43.146745],[144.398674,43.146851],[144.398837,43.147056],[144.398851,43.147144],[144.398716,43.147221],[144.398364,43.147074],[144.398279,43.147086],[144.398208,43.147174],[144.398223,43.147329],[144.39817,43.147455],[144.397953,43.147585],[144.397938,43.14769],[144.398054,43.147894],[144.398073,43.148023],[144.397999,43.148155],[144.397243,43.148966],[144.396817,43.149282],[144.396834,43.149346],[144.39704,43.149437],[144.397128,43.149587],[144.397096,43.149778],[144.396755,43.149939],[144.396811,43.150063],[144.396796,43.150165],[144.396605,43.150471],[144.396599,43.15065],[144.396652,43.150788],[144.397031,43.151249],[144.397052,43.151334],[144.397037,43.151405],[144.396793,43.151595],[144.396743,43.151695],[144.396875,43.151933],[144.396884,43.152065],[144.396576,43.152406],[144.396511,43.152564],[144.396538,43.152696],[144.396776,43.153049],[144.396779,43.153128],[144.396673,43.153313],[144.396816,43.153949],[144.396736,43.154197],[144.396758,43.15439],[144.396885,43.154637],[144.396915,43.155379],[144.396801,43.155655],[144.396534,43.155894],[144.396403,43.156203],[144.39642,43.156287],[144.396504,43.156313],[144.396714,43.156255],[144.396857,43.156296],[144.396964,43.156395],[144.397101,43.156718],[144.397554,43.156839],[144.397782,43.157066],[144.39785,43.157339],[144.397804,43.157571],[144.397663,43.157866],[144.397736,43.158339],[144.397659,43.158621],[144.397718,43.158785],[144.398091,43.158876],[144.398602,43.15926],[144.398914,43.159285],[144.399166,43.159242],[144.39946,43.159089],[144.399795,43.159038],[144.400042,43.159231],[144.400232,43.159228],[144.400624,43.159519],[144.400864,43.159828],[144.40125,43.159868],[144.401657,43.160235],[144.401938,43.160348],[144.402007,43.160512],[144.402112,43.160606],[144.402345,43.160635],[144.402476,43.160704],[144.402538,43.160839],[144.402538,43.160999],[144.402822,43.161326],[144.402865,43.161454],[144.402796,43.161541],[144.402385,43.161516],[144.402363,43.161588],[144.402498,43.16177],[144.40248,43.161992],[144.402351,43.162313],[144.402105,43.162621],[144.401974,43.162607],[144.401901,43.162647],[144.401872,43.162694],[144.401963,43.162851],[144.401919,43.162898],[144.401712,43.162927],[144.401687,43.162982],[144.401756,43.163134],[144.401559,43.163105],[144.401487,43.163138],[144.401356,43.163513],[144.401497,43.16368],[144.401046,43.164069],[144.401101,43.16416],[144.401083,43.164226],[144.400945,43.164222],[144.400672,43.164506],[144.400679,43.164575],[144.400792,43.164691],[144.400752,43.164782],[144.400392,43.164942],[144.400221,43.165121],[144.399893,43.165139],[144.399857,43.165208],[144.399959,43.16535],[144.399922,43.165448],[144.399613,43.165881],[144.399697,43.166143],[144.399679,43.166223],[144.399304,43.166303],[144.399242,43.166576],[144.399137,43.166645],[144.399075,43.166896],[144.398966,43.167012],[144.398325,43.166997],[144.398209,43.167128],[144.39814,43.167299],[144.398158,43.167492],[144.398464,43.167776],[144.398325,43.16802],[144.398358,43.168074],[144.398598,43.168122],[144.39866,43.168216],[144.398649,43.168282],[144.397878,43.16882],[144.397543,43.168747],[144.397434,43.168773],[144.397241,43.169002],[144.39703,43.168991],[144.396929,43.169045],[144.396659,43.169416],[144.396256,43.16946],[144.396114,43.169766],[144.395892,43.169846],[144.395743,43.169969],[144.395728,43.17018],[144.395634,43.170322],[144.395041,43.170697],[144.394822,43.171017],[144.394917,43.171279],[144.394862,43.171956],[144.394193,43.172028],[144.393964,43.172097],[144.39392,43.172232],[144.393833,43.172319],[144.393371,43.172305],[144.393295,43.172439],[144.393182,43.172476],[144.392698,43.172359],[144.392571,43.17221],[144.392502,43.172232],[144.392403,43.172367],[144.392214,43.172443],[144.392029,43.172414],[144.391912,43.172297],[144.391803,43.172057],[144.391654,43.171996],[144.391498,43.172028],[144.391505,43.172228],[144.391589,43.172297],[144.391749,43.172327],[144.39184,43.172439],[144.391869,43.172552],[144.391785,43.172705],[144.391792,43.172792],[144.392247,43.17304],[144.392662,43.172912],[144.39284,43.173018],[144.392895,43.17312],[144.392851,43.173229],[144.392407,43.173483],[144.392207,43.173771],[144.392243,43.173942],[144.392138,43.174225],[144.392152,43.174338],[144.3924,43.174611],[144.392389,43.174673],[144.392218,43.174851],[144.392036,43.174833],[144.391978,43.174869],[144.391931,43.175018],[144.391803,43.175135],[144.391669,43.175135],[144.391549,43.175211],[144.393775,43.176695],[144.395499,43.175837],[144.396168,43.174913],[144.396918,43.174385],[144.397063,43.174353],[144.398064,43.174484],[144.398125,43.174396],[144.398387,43.173476],[144.399413,43.172912],[144.401888,43.171015],[144.402712,43.170884],[144.40395,43.16946],[144.403131,43.167303],[144.403163,43.167257],[144.405095,43.166831],[144.406215,43.165728],[144.407306,43.163773],[144.407318,43.163437],[144.407079,43.162585],[144.407613,43.16138],[144.407937,43.159624],[144.407795,43.159033],[144.407011,43.157771],[144.406749,43.157623],[144.406607,43.157396],[144.406568,43.15714],[144.406136,43.156475],[144.405891,43.155764],[144.405868,43.155065],[144.405976,43.154315],[144.406619,43.15361],[144.408369,43.152491],[144.410779,43.15149],[144.412928,43.150183],[144.414155,43.149284],[144.414155,43.149167],[144.436314,43.144385],[144.438163,43.148853],[144.438021,43.148887],[144.437805,43.148766],[144.437455,43.148338],[144.437199,43.14816],[144.436902,43.148088],[144.436131,43.148122],[144.435594,43.148219],[144.435303,43.148469],[144.435214,43.148641],[144.43519,43.148867],[144.435718,43.150698],[144.435997,43.152759],[144.435857,43.154895],[144.435649,43.155725],[144.435456,43.156089],[144.435263,43.156288],[144.434817,43.156278],[144.4344,43.156055],[144.434056,43.15599],[144.43297,43.156055],[144.4327,43.156176],[144.432329,43.157123],[144.432292,43.157569],[144.432403,43.157894],[144.43362,43.158748],[144.434297,43.159844],[144.434242,43.160225],[144.434028,43.160559],[144.434037,43.160838],[144.434317,43.161579],[144.434269,43.16181],[144.434079,43.162],[144.43358,43.162197],[144.432665,43.162232],[144.432237,43.162315],[144.432017,43.162494],[144.431957,43.162737],[144.432023,43.164211],[144.431928,43.164342],[144.430466,43.165186],[144.430299,43.165233],[144.428992,43.165192],[144.428234,43.165434],[144.426628,43.166613],[144.425931,43.166873],[144.425316,43.167269],[144.424696,43.167955],[144.424499,43.168431],[144.424299,43.170663],[144.424447,43.170923],[144.42447,43.17128],[144.424343,43.171577],[144.423779,43.172097],[144.423296,43.172179],[144.423214,43.172298],[144.423266,43.17258],[144.423472,43.172854],[144.423501,43.172992],[144.423418,43.17328],[144.423494,43.173538],[144.422709,43.174653],[144.422731,43.174764],[144.422939,43.175017],[144.422984,43.175217],[144.422821,43.175499],[144.422479,43.175745],[144.420926,43.175789],[144.420391,43.175871],[144.420176,43.175804],[144.419341,43.175057],[144.418861,43.174781],[144.418747,43.174809],[144.418419,43.177022],[144.418001,43.177895],[144.416544,43.179288],[144.416489,43.179413],[144.416813,43.180263],[144.416748,43.180839],[144.417063,43.181918],[144.417004,43.182244],[144.41667,43.18249],[144.416261,43.182623],[144.413971,43.182705],[144.413359,43.183011],[144.412931,43.183457],[144.412346,43.184437],[144.412323,43.184913],[144.412254,43.185121],[144.411337,43.185609],[144.411221,43.18583],[144.410318,43.186538],[144.409672,43.186917],[144.409375,43.187214],[144.409264,43.18763],[144.409249,43.188061],[144.409695,43.189948],[144.409643,43.190297],[144.409464,43.190572],[144.409257,43.190698],[144.409015,43.190693],[144.408603,43.190586],[144.408201,43.19026],[144.407717,43.190047],[144.407341,43.189999],[144.406923,43.190246],[144.406547,43.190955],[144.406439,43.191039],[144.406288,43.191019],[144.40613,43.190856],[144.405393,43.190364],[144.404814,43.190319],[144.404306,43.190411],[144.404237,43.190546],[144.404365,43.190936],[144.404305,43.192098],[144.403562,43.192619],[144.402898,43.193378],[144.402174,43.194035],[144.402083,43.194192],[144.402069,43.19443],[144.402174,43.195414],[144.402126,43.1955],[144.401907,43.195657],[144.401765,43.19587],[144.401713,43.196189],[144.401751,43.196441],[144.401846,43.196617],[144.402077,43.196761],[144.400562,43.197896],[144.400472,43.197896]]],[[[144.560699,43.198217],[144.560933,43.198215],[144.561328,43.198095],[144.561598,43.197957],[144.561936,43.197516],[144.562538,43.196524],[144.563462,43.196191],[144.564889,43.19595],[144.565073,43.195778],[144.566071,43.195514],[144.567132,43.194958],[144.568657,43.194379],[144.568783,43.194259],[144.568806,43.194098],[144.568938,43.193892],[144.569253,43.193674],[144.569575,43.193656],[144.56977,43.193811],[144.569982,43.193886],[144.570349,43.19384],[144.570785,43.193547],[144.570853,43.193547],[144.571203,43.193955],[144.571966,43.193937],[144.572367,43.19333],[144.572975,43.193146],[144.573382,43.192877],[144.574151,43.192945],[144.574248,43.192882],[144.574633,43.191781],[144.574701,43.191661],[144.575045,43.191558],[144.575785,43.190021],[144.576146,43.189688],[144.576278,43.189172],[144.577133,43.188776],[144.577724,43.188828],[144.578159,43.189092],[144.578291,43.189097],[144.578452,43.189009],[144.578526,43.188885],[144.578529,43.188703],[144.578464,43.188611],[144.578016,43.188386],[144.577993,43.187836],[144.57793,43.187647],[144.57715,43.187056],[144.577121,43.186987],[144.577334,43.185129],[144.577352,43.184082],[144.578052,43.183291],[144.578119,43.183323],[144.578079,43.186477],[144.578108,43.186557],[144.578523,43.187],[144.57952,43.186713],[144.57962,43.186634],[144.579671,43.186372],[144.579767,43.186281],[144.580611,43.185858],[144.581372,43.185106],[144.581445,43.185108],[144.581777,43.186023],[144.581765,43.186095],[144.581052,43.186634],[144.579215,43.187876],[144.579243,43.187956],[144.579312,43.187985],[144.580212,43.188289],[144.580574,43.18869],[144.581417,43.189126],[144.581467,43.189184],[144.581451,43.189252],[144.581,43.189598],[144.579644,43.189473],[144.578642,43.190537],[144.57735,43.190631],[144.576903,43.190996],[144.576852,43.191747],[144.576731,43.192177],[144.576628,43.192246],[144.576055,43.192165],[144.575911,43.192223],[144.575154,43.193238],[144.574426,43.193926],[144.574323,43.194683],[144.572952,43.196008],[144.571886,43.196128],[144.571456,43.196472],[144.570595,43.196489],[144.570538,43.196529],[144.570286,43.197114],[144.5702,43.197177],[144.569603,43.197315],[144.569064,43.197114],[144.568611,43.19716],[144.568273,43.197516],[144.566188,43.198106],[144.565136,43.198875],[144.564459,43.198938],[144.562518,43.199328],[144.560738,43.199603],[144.560522,43.198816],[144.560699,43.198217]]],[[[144.534189,43.175648],[144.534206,43.175991],[144.534146,43.176306],[144.533883,43.176551],[144.53379,43.176788],[144.533592,43.176968],[144.533986,43.17861],[144.533747,43.179217],[144.533935,43.179593],[144.53387,43.180461],[144.533733,43.180685],[144.533465,43.180743],[144.532916,43.180714],[144.53238,43.180819],[144.531503,43.18128],[144.530898,43.18166],[144.530735,43.182012],[144.530581,43.183622],[144.530093,43.184679],[144.530099,43.18516],[144.530013,43.185286],[144.529397,43.185493],[144.528357,43.18599],[144.527964,43.185945],[144.527681,43.185725],[144.527397,43.185609],[144.526813,43.185534],[144.526016,43.185922],[144.524909,43.186276],[144.52313,43.186319],[144.5227,43.186397],[144.522159,43.186678],[144.521519,43.187167],[144.521615,43.187878],[144.520911,43.188323],[144.52076,43.188368],[144.520579,43.188345],[144.517112,43.187715],[144.516249,43.187797],[144.514969,43.187501],[144.511954,43.187241],[144.511776,43.187315],[144.511347,43.187941],[144.511165,43.188441],[144.510165,43.189567],[144.508388,43.190474],[144.507843,43.190826],[144.50761,43.190852],[144.507396,43.190805],[144.507373,43.190759],[144.507364,43.188654],[144.507163,43.188082],[144.506991,43.187783],[144.506718,43.187503],[144.503728,43.185658],[144.503408,43.185393],[144.503235,43.184957],[144.503226,43.184616],[144.503326,43.184157],[144.503522,43.18383],[144.503731,43.183602],[144.505321,43.182661],[144.505754,43.18232],[144.505932,43.181993],[144.505982,43.181453],[144.505484,43.179926],[144.504746,43.178008],[144.50466,43.177113],[144.506431,43.172429],[144.506882,43.171905],[144.507555,43.17145],[144.507715,43.171439],[144.508381,43.171199],[144.509734,43.171086],[144.510178,43.17097],[144.510694,43.17065],[144.511994,43.169318],[144.513331,43.169474],[144.513632,43.169582],[144.513734,43.169547],[144.514183,43.168979],[144.514757,43.168547],[144.514792,43.168462],[144.514735,43.168212],[144.514837,43.168064],[144.516843,43.166887],[144.517116,43.166819],[144.517321,43.166626],[144.517386,43.166301],[144.517617,43.165905],[144.51834,43.165296],[144.519745,43.16541],[144.520055,43.165487],[144.520255,43.165651],[144.520259,43.166014],[144.520405,43.166255],[144.521355,43.167069],[144.521369,43.167351],[144.521632,43.167674],[144.522019,43.167961],[144.522428,43.168011],[144.522683,43.168292],[144.522765,43.168565],[144.52296,43.168797],[144.523047,43.169061],[144.52291,43.169334],[144.522933,43.169488],[144.52316,43.169688],[144.523783,43.169984],[144.524338,43.170402],[144.524515,43.17042],[144.525138,43.170348],[144.525275,43.170384],[144.52577,43.171075],[144.526029,43.171166],[144.526975,43.171848],[144.52783,43.172312],[144.528594,43.172389],[144.528821,43.172521],[144.529162,43.173008],[144.529331,43.173103],[144.530123,43.173093],[144.530342,43.173017],[144.530537,43.173011],[144.530772,43.173066],[144.531119,43.173244],[144.532006,43.173416],[144.532175,43.173672],[144.533031,43.174242],[144.533362,43.174935],[144.533989,43.175553],[144.534189,43.175648]]],[[[144.465213,43.190772],[144.464299,43.190502],[144.463208,43.190628],[144.462111,43.189134],[144.459727,43.185344],[144.459557,43.184959],[144.459333,43.183669],[144.458455,43.181939],[144.457586,43.181115],[144.456441,43.180462],[144.456376,43.180362],[144.456204,43.179531],[144.455989,43.179072],[144.455896,43.17905],[144.446018,43.181344],[144.452969,43.168873],[144.442027,43.143145],[144.436314,43.144385],[144.43495,43.141023],[144.433448,43.137519],[144.422535,43.139883],[144.419207,43.140523],[144.416092,43.141193],[144.413834,43.14175],[144.413802,43.141779],[144.416662,43.14861],[144.414155,43.149167],[144.396678,43.153376],[144.396776,43.153049],[144.396538,43.152696],[144.396511,43.152564],[144.396576,43.152406],[144.396884,43.152065],[144.396875,43.151933],[144.396743,43.151695],[144.396793,43.151595],[144.397037,43.151405],[144.397052,43.151334],[144.397031,43.151249],[144.396652,43.150788],[144.396599,43.15065],[144.396605,43.150471],[144.396796,43.150165],[144.396811,43.150063],[144.396755,43.149939],[144.397096,43.149778],[144.397128,43.149587],[144.39704,43.149437],[144.396834,43.149346],[144.396817,43.149282],[144.397243,43.148966],[144.397999,43.148155],[144.398073,43.148023],[144.398054,43.147894],[144.397938,43.14769],[144.397953,43.147585],[144.39817,43.147455],[144.398223,43.147329],[144.398208,43.147174],[144.398279,43.147086],[144.398364,43.147074],[144.398716,43.147221],[144.398851,43.147144],[144.398837,43.147056],[144.398674,43.146851],[144.398672,43.146745],[144.399102,43.14618],[144.399646,43.145939],[144.399664,43.145835],[144.399429,43.145629],[144.399509,43.145187],[144.399578,43.145153],[144.39979,43.145291],[144.399864,43.145273],[144.399933,43.145199],[144.399922,43.144884],[144.40014,43.144643],[144.398509,43.1424],[144.398484,43.142305],[144.39852,43.142191],[144.399402,43.141479],[144.399383,43.141368],[144.398763,43.14029],[144.398064,43.13959],[144.397278,43.139206],[144.397261,43.139011],[144.397318,43.138822],[144.397479,43.138742],[144.397903,43.137996],[144.398253,43.137188],[144.397919,43.135578],[144.396746,43.133238],[144.396617,43.133196],[144.395192,43.133405],[144.395133,43.133372],[144.394902,43.132898],[144.394902,43.132847],[144.395562,43.132516],[144.395755,43.1321],[144.395801,43.13165],[144.395718,43.131398],[144.394677,43.130921],[144.392296,43.130191],[144.391667,43.130077],[144.389626,43.130458],[144.387199,43.130843],[144.38656,43.131637],[144.386273,43.132703],[144.386262,43.13498],[144.383818,43.135499],[144.368761,43.139105],[144.368683,43.139036],[144.367081,43.135302],[144.362985,43.125386],[144.359841,43.11759],[144.358859,43.115289],[144.358708,43.115081],[144.358228,43.114772],[144.357546,43.114521],[144.357448,43.114316],[144.357257,43.114191],[144.357011,43.114114],[144.356595,43.114101],[144.35643,43.114036],[144.356319,43.113802],[144.356292,43.113523],[144.356622,43.11316],[144.356629,43.113054],[144.35656,43.112896],[144.356464,43.11278],[144.35547,43.112965],[144.355332,43.11293],[144.355291,43.112827],[144.355356,43.112477],[144.355312,43.112305],[144.35522,43.112187],[144.354959,43.112129],[144.354463,43.112143],[144.354261,43.112254],[144.353177,43.112248],[144.352599,43.112037],[144.352271,43.112074],[144.351418,43.112019],[144.351165,43.111927],[144.350725,43.111948],[144.350576,43.112055],[144.349812,43.112046],[144.349668,43.111975],[144.349254,43.111899],[144.348896,43.111934],[144.348676,43.112037],[144.348139,43.111937],[144.347822,43.112005],[144.347601,43.112269],[144.347334,43.112313],[144.346856,43.112659],[144.346762,43.112645],[144.346645,43.112448],[144.346323,43.112536],[144.345222,43.112582],[144.344764,43.112279],[144.344298,43.112356],[144.343931,43.112298],[144.343751,43.111813],[144.343685,43.111772],[144.343189,43.112033],[144.343031,43.112041],[144.342914,43.111989],[144.342796,43.111769],[144.342697,43.111721],[144.341985,43.11163],[144.341842,43.111347],[144.342154,43.111152],[144.342319,43.110925],[144.342319,43.110819],[144.342264,43.110741],[144.341127,43.110239],[144.341032,43.11012],[144.340939,43.109851],[144.35865,43.104139],[144.360616,43.103227],[144.362357,43.102214],[144.363891,43.101181],[144.365705,43.099619],[144.370722,43.094522],[144.388779,43.076931],[144.389771,43.076682],[144.390924,43.076636],[144.393608,43.075598],[144.393906,43.075592],[144.394319,43.075489],[144.395191,43.075099],[144.395896,43.074996],[144.397031,43.07464],[144.39915,43.07418],[144.399446,43.074032],[144.400948,43.073034],[144.400598,43.072208],[144.400622,43.072167],[144.401145,43.071836],[144.402759,43.070277],[144.404084,43.069631],[144.404298,43.069446],[144.404589,43.069026],[144.404676,43.069078],[144.413083,43.07593],[144.421524,43.08273],[144.425158,43.085748],[144.426033,43.086529],[144.426995,43.087136],[144.427459,43.087325],[144.427907,43.08744],[144.429034,43.087528],[144.428696,43.088563],[144.42866,43.089051],[144.428843,43.089528],[144.429208,43.08994],[144.42961,43.090321],[144.430036,43.090526],[144.430071,43.090627],[144.430062,43.091128],[144.430199,43.091508],[144.430172,43.091696],[144.429929,43.092036],[144.429864,43.092357],[144.429961,43.09304],[144.429653,43.093985],[144.429708,43.094462],[144.42997,43.094834],[144.430387,43.095123],[144.430965,43.09532],[144.431544,43.095421],[144.432158,43.095385],[144.432493,43.095719],[144.43297,43.095917],[144.433466,43.096027],[144.434117,43.095986],[144.434847,43.095779],[144.435237,43.095531],[144.435659,43.095169],[144.435833,43.0951],[144.436017,43.095132],[144.43615,43.095252],[144.436159,43.095408],[144.435806,43.096279],[144.435746,43.096325],[144.43498,43.096454],[144.434516,43.096587],[144.434016,43.096944],[144.433681,43.097334],[144.433539,43.097688],[144.43358,43.098101],[144.433825,43.098637],[144.434155,43.099002],[144.434807,43.099375],[144.438369,43.100608],[144.438907,43.100723],[144.439574,43.100644],[144.440018,43.100522],[144.440562,43.100199],[144.440972,43.100386],[144.44097,43.100433],[144.440186,43.101027],[144.439869,43.101188],[144.439555,43.101482],[144.439373,43.101775],[144.439311,43.102172],[144.439329,43.102668],[144.439555,43.10305],[144.439925,43.103326],[144.440468,43.103528],[144.441292,43.103728],[144.441461,43.103981],[144.441564,43.104271],[144.440925,43.104721],[144.440742,43.10512],[144.440691,43.105482],[144.440756,43.105936],[144.440967,43.106262],[144.441224,43.10651],[144.441751,43.106712],[144.443339,43.106918],[144.444054,43.106895],[144.444646,43.106744],[144.444747,43.106767],[144.444843,43.106996],[144.445119,43.107262],[144.445522,43.107501],[144.445908,43.10762],[144.446486,43.107692],[144.454905,43.112724],[144.458054,43.114674],[144.461678,43.116841],[144.462652,43.117477],[144.463208,43.118277],[144.463923,43.119011],[144.464456,43.11947],[144.46524,43.119823],[144.466188,43.119978],[144.468311,43.119961],[144.46979,43.120328],[144.471145,43.120498],[144.471814,43.120475],[144.472535,43.120566],[144.472727,43.120732],[144.472782,43.120961],[144.472709,43.12114],[144.472512,43.121222],[144.472218,43.121186],[144.4717,43.120966],[144.470947,43.120777],[144.470521,43.120796],[144.470085,43.121071],[144.469956,43.121241],[144.469952,43.121512],[144.47003,43.121837],[144.47019,43.12203],[144.470626,43.1222],[144.471089,43.12253],[144.471163,43.122736],[144.471094,43.12309],[144.471067,43.123686],[144.471245,43.12459],[144.47159,43.125136],[144.472094,43.12548],[144.473308,43.12607],[144.474003,43.12617],[144.475931,43.126113],[144.476963,43.126149],[144.477171,43.126249],[144.477193,43.126442],[144.476978,43.126751],[144.476046,43.12764],[144.475953,43.12822],[144.476017,43.128407],[144.476569,43.129088],[144.476634,43.129317],[144.476433,43.130077],[144.476476,43.130514],[144.476598,43.130865],[144.476562,43.131181],[144.476627,43.131338],[144.476885,43.131496],[144.477064,43.13194],[144.477121,43.132492],[144.477609,43.133288],[144.47763,43.133532],[144.477421,43.134157],[144.477418,43.134307],[144.477561,43.13459],[144.477726,43.134781],[144.477917,43.134872],[144.478433,43.134915],[144.479042,43.135173],[144.479164,43.13541],[144.4792,43.136621],[144.479408,43.136887],[144.479802,43.137145],[144.479953,43.137173],[144.480673,43.137045],[144.481293,43.137231],[144.481651,43.137403],[144.481737,43.137629],[144.48176,43.138403],[144.481921,43.138688],[144.482086,43.138825],[144.482912,43.139234],[144.48316,43.139486],[144.483293,43.139761],[144.483724,43.140165],[144.483848,43.140459],[144.483807,43.140807],[144.483655,43.141023],[144.483242,43.141271],[144.482756,43.141459],[144.482302,43.141518],[144.481549,43.141514],[144.481017,43.14161],[144.480508,43.14195],[144.480302,43.142675],[144.480304,43.143071],[144.480648,43.145795],[144.480814,43.146099],[144.481256,43.146627],[144.48133,43.146925],[144.481239,43.14724],[144.480906,43.147441],[144.480763,43.147659],[144.480831,43.14786],[144.481089,43.148043],[144.482179,43.148496],[144.482426,43.14884],[144.482466,43.149076],[144.482351,43.149288],[144.481829,43.14958],[144.48156,43.149953],[144.481164,43.150217],[144.481089,43.150417],[144.48117,43.150647],[144.481405,43.150767],[144.482641,43.150965],[144.483737,43.151632],[144.484526,43.151947],[144.485365,43.152191],[144.485848,43.152231],[144.487055,43.152203],[144.487068,43.152304],[144.486692,43.152543],[144.48616,43.153006],[144.486032,43.153332],[144.486027,43.153625],[144.486169,43.153841],[144.486467,43.15402],[144.487527,43.154024],[144.487894,43.154084],[144.488004,43.15419],[144.488023,43.154364],[144.487894,43.154502],[144.487665,43.15463],[144.487087,43.15463],[144.486477,43.15485],[144.485963,43.155103],[144.485798,43.155314],[144.485724,43.155561],[144.485752,43.155768],[144.48616,43.156566],[144.486366,43.156708],[144.487398,43.156708],[144.487615,43.156829],[144.487759,43.157006],[144.487799,43.157184],[144.487724,43.157339],[144.487426,43.157505],[144.486721,43.158303],[144.486147,43.158578],[144.485178,43.158543],[144.484725,43.158406],[144.484439,43.15848],[144.484094,43.158469],[144.481267,43.15793],[144.480373,43.157981],[144.48008,43.158125],[144.479931,43.158348],[144.479966,43.158543],[144.480143,43.158687],[144.480373,43.15875],[144.480591,43.158681],[144.480694,43.158738],[144.480671,43.158991],[144.480545,43.159186],[144.479748,43.159828],[144.47973,43.160023],[144.479868,43.160378],[144.479805,43.160986],[144.479564,43.161491],[144.479025,43.162236],[144.47875,43.163016],[144.47805,43.163401],[144.477769,43.163624],[144.477614,43.163922],[144.477637,43.164289],[144.477935,43.165104],[144.479576,43.171377],[144.479564,43.171504],[144.478585,43.173743],[144.476641,43.175149],[144.475045,43.1762],[144.473482,43.176858],[144.472606,43.177311],[144.47239,43.177542],[144.472222,43.17783],[144.470819,43.181711],[144.470533,43.182049],[144.46786,43.184441],[144.467236,43.184728],[144.466756,43.185086],[144.466412,43.185566],[144.465645,43.187473],[144.465318,43.189607],[144.465213,43.190772]]],[[[144.446018,43.181344],[144.4434,43.181967],[144.443035,43.181489],[144.440737,43.179388],[144.438241,43.179074],[144.436294,43.179139],[144.435096,43.178727],[144.435011,43.17866],[144.434925,43.178366],[144.43471,43.17817],[144.435089,43.177592],[144.43479,43.176892],[144.434771,43.176744],[144.436004,43.175859],[144.436367,43.175419],[144.436379,43.175282],[144.436284,43.175175],[144.436278,43.175027],[144.436355,43.174956],[144.436872,43.17489],[144.437098,43.174759],[144.437169,43.174605],[144.437039,43.174326],[144.437027,43.174159],[144.437359,43.173383],[144.437493,43.17325],[144.438515,43.172751],[144.438767,43.172523],[144.438919,43.172285],[144.438905,43.172095],[144.43861,43.171515],[144.4386,43.171301],[144.438714,43.171153],[144.439366,43.170992],[144.439489,43.170797],[144.439542,43.170507],[144.439656,43.170374],[144.440065,43.170203],[144.440129,43.169982],[144.440087,43.169756],[144.439784,43.169554],[144.439683,43.169423],[144.439731,43.169268],[144.44017,43.168942],[144.440574,43.168494],[144.440931,43.167796],[144.441176,43.167506],[144.441206,43.167343],[144.44099,43.166429],[144.439924,43.164515],[144.439968,43.164431],[144.440063,43.164395],[144.442066,43.163961],[144.441608,43.16291],[144.44162,43.162832],[144.442613,43.162577],[144.44266,43.162529],[144.441711,43.160212],[144.442654,43.160016],[144.44272,43.159968],[144.442708,43.159861],[144.436314,43.144385],[144.441891,43.143156],[144.442027,43.143145],[144.452969,43.168873],[144.446018,43.181344]]],[[[144.344042,43.178151],[144.334525,43.170663],[144.333711,43.167753],[144.333602,43.167643],[144.343279,43.16704],[144.346805,43.166869],[144.346801,43.168393],[144.347053,43.170342],[144.346789,43.171797],[144.346801,43.171909],[144.34706,43.172445],[144.347054,43.172563],[144.346124,43.175001],[144.34646,43.175791],[144.346412,43.177487],[144.346336,43.177552],[144.344042,43.178151]]],[[[144.391549,43.175211],[144.391669,43.175135],[144.391803,43.175135],[144.391931,43.175018],[144.391978,43.174869],[144.392036,43.174833],[144.392218,43.174851],[144.392389,43.174673],[144.3924,43.174611],[144.392152,43.174338],[144.392138,43.174225],[144.392243,43.173942],[144.392207,43.173771],[144.392407,43.173483],[144.392851,43.173229],[144.392895,43.17312],[144.39284,43.173018],[144.392662,43.172912],[144.392247,43.17304],[144.391792,43.172792],[144.391785,43.172705],[144.391869,43.172552],[144.39184,43.172439],[144.391749,43.172327],[144.391589,43.172297],[144.391505,43.172228],[144.391498,43.172028],[144.391654,43.171996],[144.391803,43.172057],[144.391912,43.172297],[144.392029,43.172414],[144.392214,43.172443],[144.392403,43.172367],[144.392502,43.172232],[144.392571,43.17221],[144.392698,43.172359],[144.393182,43.172476],[144.393295,43.172439],[144.393371,43.172305],[144.393833,43.172319],[144.39392,43.172232],[144.393964,43.172097],[144.394193,43.172028],[144.394862,43.171956],[144.394917,43.171279],[144.394822,43.171017],[144.395041,43.170697],[144.395634,43.170322],[144.395728,43.17018],[144.395743,43.169969],[144.395892,43.169846],[144.396114,43.169766],[144.396256,43.16946],[144.396659,43.169416],[144.396929,43.169045],[144.39703,43.168991],[144.397241,43.169002],[144.397434,43.168773],[144.397543,43.168747],[144.397878,43.16882],[144.398649,43.168282],[144.39866,43.168216],[144.398598,43.168122],[144.398358,43.168074],[144.398325,43.16802],[144.398464,43.167776],[144.398158,43.167492],[144.39814,43.167299],[144.398209,43.167128],[144.398325,43.166997],[144.398966,43.167012],[144.399075,43.166896],[144.399137,43.166645],[144.399242,43.166576],[144.399304,43.166303],[144.399679,43.166223],[144.399697,43.166143],[144.399613,43.165881],[144.399922,43.165448],[144.399959,43.16535],[144.399857,43.165208],[144.399893,43.165139],[144.400221,43.165121],[144.400392,43.164942],[144.400752,43.164782],[144.400792,43.164691],[144.400679,43.164575],[144.400672,43.164506],[144.400945,43.164222],[144.401083,43.164226],[144.401101,43.16416],[144.401046,43.164069],[144.401497,43.16368],[144.401356,43.163513],[144.401487,43.163138],[144.401559,43.163105],[144.401756,43.163134],[144.401687,43.162982],[144.401712,43.162927],[144.401919,43.162898],[144.401963,43.162851],[144.401872,43.162694],[144.401901,43.162647],[144.401974,43.162607],[144.402105,43.162621],[144.402351,43.162313],[144.40248,43.161992],[144.402498,43.16177],[144.402363,43.161588],[144.402385,43.161516],[144.402796,43.161541],[144.402865,43.161454],[144.402822,43.161326],[144.402538,43.160999],[144.402538,43.160839],[144.402476,43.160704],[144.402345,43.160635],[144.402112,43.160606],[144.402007,43.160512],[144.401938,43.160348],[144.401657,43.160235],[144.40125,43.159868],[144.400864,43.159828],[144.400624,43.159519],[144.400232,43.159228],[144.400042,43.159231],[144.399795,43.159038],[144.39946,43.159089],[144.399166,43.159242],[144.398914,43.159285],[144.398602,43.15926],[144.398091,43.158876],[144.397718,43.158785],[144.397659,43.158621],[144.397736,43.158339],[144.397663,43.157866],[144.397804,43.157571],[144.39785,43.157339],[144.397782,43.157066],[144.397554,43.156839],[144.397101,43.156718],[144.396964,43.156395],[144.396857,43.156296],[144.396714,43.156255],[144.396504,43.156313],[144.39642,43.156287],[144.396403,43.156203],[144.396534,43.155894],[144.396801,43.155655],[144.396915,43.155379],[144.396885,43.154637],[144.396758,43.15439],[144.396736,43.154197],[144.396816,43.153949],[144.396678,43.153376],[144.414155,43.149167],[144.414155,43.149284],[144.412928,43.150183],[144.410779,43.15149],[144.408369,43.152491],[144.406619,43.15361],[144.405976,43.154315],[144.405868,43.155065],[144.405891,43.155764],[144.406136,43.156475],[144.406568,43.15714],[144.406607,43.157396],[144.406749,43.157623],[144.407011,43.157771],[144.407795,43.159033],[144.407937,43.159624],[144.407613,43.16138],[144.407079,43.162585],[144.407318,43.163437],[144.407306,43.163773],[144.406215,43.165728],[144.405095,43.166831],[144.403163,43.167257],[144.403131,43.167303],[144.40395,43.16946],[144.402712,43.170884],[144.401888,43.171015],[144.399413,43.172912],[144.398387,43.173476],[144.398125,43.174396],[144.398064,43.174484],[144.397063,43.174353],[144.396918,43.174385],[144.396168,43.174913],[144.395499,43.175837],[144.393775,43.176695],[144.391549,43.175211]]],[[[144.51189,43.169405],[144.510694,43.17065],[144.510178,43.17097],[144.509734,43.171086],[144.508381,43.171199],[144.507715,43.171439],[144.507555,43.17145],[144.507141,43.171289],[144.506441,43.170793],[144.50628,43.170761],[144.496817,43.170984],[144.494446,43.172062],[144.4918,43.173149],[144.491509,43.17314],[144.491304,43.17303],[144.490249,43.171566],[144.489704,43.171221],[144.489294,43.17108],[144.489021,43.170748],[144.488765,43.170587],[144.488477,43.170476],[144.487968,43.170541],[144.487916,43.170503],[144.487798,43.170175],[144.487671,43.170075],[144.486951,43.169837],[144.486763,43.169418],[144.486507,43.169232],[144.486239,43.169188],[144.486134,43.168857],[144.486032,43.168734],[144.485561,43.168652],[144.485057,43.168029],[144.484793,43.167951],[144.48452,43.168011],[144.484434,43.16811],[144.48443,43.166321],[144.484492,43.165834],[144.484766,43.16521],[144.485302,43.164533],[144.485772,43.164188],[144.486205,43.163944],[144.486705,43.163736],[144.48722,43.163618],[144.488573,43.163441],[144.491725,43.163935],[144.493106,43.163883],[144.494257,43.163599],[144.494964,43.163218],[144.495659,43.162745],[144.495776,43.162529],[144.495991,43.162483],[144.496666,43.162517],[144.497248,43.162456],[144.497306,43.162483],[144.49757,43.163187],[144.498117,43.1635],[144.49847,43.163617],[144.498763,43.163699],[144.499467,43.16377],[144.500277,43.163663],[144.502375,43.162945],[144.502903,43.162847],[144.506216,43.162974],[144.506742,43.163088],[144.507069,43.162946],[144.507943,43.162832],[144.509136,43.162221],[144.50996,43.16161],[144.510955,43.160743],[144.511921,43.159393],[144.512568,43.158953],[144.513449,43.158683],[144.51472,43.158832],[144.514848,43.158811],[144.515147,43.158541],[144.515346,43.158498],[144.515736,43.158498],[144.516873,43.158861],[144.517101,43.15879],[144.517875,43.158257],[144.518593,43.157909],[144.519196,43.15734],[144.519637,43.157063],[144.520546,43.157106],[144.521633,43.157404],[144.521996,43.157369],[144.522472,43.157276],[144.523221,43.156924],[144.523385,43.156617],[144.524119,43.156208],[144.525863,43.156321],[144.526671,43.15606],[144.528154,43.153411],[144.528385,43.153235],[144.529763,43.151797],[144.530842,43.150376],[144.531789,43.149526],[144.531829,43.149533],[144.531919,43.150243],[144.532612,43.150598],[144.533411,43.150527],[144.535338,43.149159],[144.537399,43.149195],[144.539823,43.148546],[144.540454,43.147934],[144.540551,43.147907],[144.540702,43.149355],[144.540782,43.149541],[144.54104,43.149781],[144.542026,43.149612],[144.542487,43.149896],[144.542772,43.150252],[144.543082,43.151424],[144.543679,43.152751],[144.54434,43.153475],[144.54505,43.153965],[144.546379,43.154385],[144.548112,43.154669],[144.549114,43.154562],[144.549207,43.154591],[144.549221,43.154981],[144.549285,43.155045],[144.553462,43.154164],[144.556744,43.155388],[144.56073,43.153802],[144.562727,43.153148],[144.564162,43.153802],[144.565682,43.154747],[144.567338,43.154989],[144.569455,43.155656],[144.572773,43.155088],[144.573831,43.154427],[144.57413,43.154143],[144.574918,43.153021],[144.575778,43.151969],[144.57627,43.150625],[144.576306,43.149168],[144.576469,43.148054],[144.576869,43.146958],[144.576978,43.146503],[144.578414,43.142769],[144.580055,43.140879],[144.581103,43.14318],[144.582731,43.143677],[144.583709,43.143699],[144.585438,43.143939],[144.586445,43.144523],[144.587715,43.145114],[144.58878,43.145184],[144.58931,43.145419],[144.589381,43.145423],[144.58968,43.145176],[144.589766,43.145161],[144.590364,43.145273],[144.590427,43.145329],[144.590644,43.146133],[144.592501,43.147067],[144.595252,43.147636],[144.595321,43.147693],[144.596897,43.150918],[144.596815,43.150994],[144.596489,43.151076],[144.593915,43.152032],[144.593759,43.1522],[144.593551,43.152291],[144.592529,43.152433],[144.592136,43.152618],[144.592056,43.152702],[144.592038,43.152804],[144.592315,43.153946],[144.592285,43.15407],[144.592224,43.15416],[144.591869,43.1544],[144.591521,43.154537],[144.591219,43.154556],[144.5908,43.15429],[144.590377,43.153723],[144.588994,43.152843],[144.588595,43.152687],[144.588034,43.152699],[144.587166,43.152976],[144.586414,43.152936],[144.585963,43.153063],[144.585575,43.153306],[144.585072,43.153856],[144.58462,43.154585],[144.583538,43.155563],[144.582809,43.156569],[144.581924,43.15709],[144.581507,43.157819],[144.581183,43.158033],[144.57891,43.158994],[144.578643,43.159381],[144.57869,43.159584],[144.57895,43.160018],[144.578985,43.160168],[144.578881,43.160301],[144.578742,43.160319],[144.578123,43.160186],[144.577509,43.160371],[144.576514,43.161071],[144.575791,43.161273],[144.575432,43.161626],[144.575218,43.161644],[144.575056,43.161181],[144.575392,43.160562],[144.575345,43.160139],[144.574715,43.159538],[144.57479,43.15856],[144.57435,43.157935],[144.574084,43.157825],[144.573725,43.157842],[144.573575,43.157941],[144.573407,43.158618],[144.572956,43.159532],[144.572903,43.160211],[144.572713,43.160461],[144.572699,43.160785],[144.572792,43.161137],[144.573097,43.16147],[144.573148,43.161595],[144.573009,43.161762],[144.572935,43.161952],[144.572958,43.162141],[144.573148,43.162414],[144.57318,43.162674],[144.573055,43.162993],[144.57287,43.163109],[144.572518,43.163104],[144.572282,43.163187],[144.571745,43.163544],[144.571482,43.163891],[144.571227,43.164095],[144.570929,43.164166],[144.570394,43.163978],[144.570223,43.163997],[144.570107,43.164113],[144.570024,43.164724],[144.569686,43.164951],[144.569621,43.165678],[144.5695,43.165849],[144.569288,43.165946],[144.568862,43.166016],[144.568117,43.166501],[144.567888,43.16656],[144.567614,43.166504],[144.567421,43.16626],[144.56671,43.165842],[144.566485,43.165272],[144.566378,43.165174],[144.565816,43.164988],[144.565493,43.165],[144.565302,43.165136],[144.565148,43.165586],[144.564759,43.165919],[144.5646,43.166297],[144.564592,43.166927],[144.564488,43.167197],[144.563814,43.167886],[144.563322,43.168008],[144.561772,43.167684],[144.560481,43.167684],[144.56025,43.167563],[144.559868,43.167482],[144.559045,43.167735],[144.558549,43.168084],[144.558225,43.168147],[144.557554,43.168772],[144.55734,43.168795],[144.556443,43.168639],[144.555818,43.168344],[144.555181,43.16824],[144.554528,43.168315],[144.553428,43.168703],[144.552769,43.168656],[144.552074,43.168755],[144.551114,43.168801],[144.549476,43.168708],[144.549204,43.168824],[144.548325,43.168708],[144.547943,43.168708],[144.547422,43.168922],[144.546821,43.168928],[144.546066,43.168493],[144.544666,43.168274],[144.542913,43.168242],[144.542269,43.168325],[144.541131,43.168284],[144.540654,43.168038],[144.540399,43.167751],[144.540399,43.167566],[144.540307,43.167409],[144.540122,43.167349],[144.539969,43.167414],[144.539897,43.167763],[144.539541,43.168093],[144.539219,43.168593],[144.538848,43.168807],[144.53857,43.169362],[144.538691,43.170956],[144.538456,43.171341],[144.53754,43.17174],[144.537391,43.173385],[144.536698,43.173945],[144.536234,43.174588],[144.535461,43.174892],[144.53489,43.175304],[144.534384,43.175478],[144.534189,43.175648],[144.533989,43.175553],[144.533362,43.174935],[144.533031,43.174242],[144.532175,43.173672],[144.532006,43.173416],[144.531119,43.173244],[144.530772,43.173066],[144.530537,43.173011],[144.530342,43.173017],[144.530123,43.173093],[144.529331,43.173103],[144.529162,43.173008],[144.528821,43.172521],[144.528594,43.172389],[144.52783,43.172312],[144.526975,43.171848],[144.526029,43.171166],[144.52577,43.171075],[144.525275,43.170384],[144.525138,43.170348],[144.524515,43.17042],[144.524338,43.170402],[144.523783,43.169984],[144.52316,43.169688],[144.522933,43.169488],[144.52291,43.169334],[144.523047,43.169061],[144.52296,43.168797],[144.522765,43.168565],[144.522683,43.168292],[144.522428,43.168011],[144.522019,43.167961],[144.521632,43.167674],[144.521369,43.167351],[144.521355,43.167069],[144.520405,43.166255],[144.520259,43.166014],[144.520255,43.165651],[144.520055,43.165487],[144.519745,43.16541],[144.51834,43.165296],[144.517617,43.165905],[144.517386,43.166301],[144.517321,43.166626],[144.517116,43.166819],[144.516843,43.166887],[144.514837,43.168064],[144.514735,43.168212],[144.514792,43.168462],[144.514757,43.168547],[144.514183,43.168979],[144.513734,43.169547],[144.513632,43.169582],[144.513331,43.169474],[144.511994,43.169318],[144.51189,43.169405]]],[[[144.604655,43.166629],[144.603675,43.166788],[144.604422,43.166171],[144.602981,43.164218],[144.602455,43.164336],[144.602375,43.164289],[144.601396,43.16178],[144.601306,43.161662],[144.594983,43.159445],[144.594196,43.159295],[144.5932,43.158846],[144.592556,43.158762],[144.591663,43.158966],[144.591155,43.15895],[144.59107,43.158906],[144.59102,43.158577],[144.590927,43.158526],[144.590595,43.158558],[144.590424,43.158339],[144.590398,43.158125],[144.590728,43.157739],[144.5907,43.157235],[144.590913,43.156712],[144.591361,43.156295],[144.591739,43.156292],[144.592117,43.155877],[144.592446,43.155703],[144.592442,43.15564],[144.592246,43.155458],[144.592224,43.155269],[144.592287,43.155114],[144.592142,43.154674],[144.591869,43.1544],[144.592224,43.15416],[144.592315,43.153946],[144.592038,43.152804],[144.592056,43.152702],[144.592136,43.152618],[144.592529,43.152433],[144.593551,43.152291],[144.593759,43.1522],[144.593915,43.152032],[144.596489,43.151076],[144.596241,43.151543],[144.595871,43.152057],[144.595831,43.152292],[144.595917,43.152852],[144.598684,43.152149],[144.598782,43.152514],[144.598843,43.15258],[144.598927,43.152584],[144.599389,43.152514],[144.600393,43.15258],[144.600548,43.152551],[144.600949,43.152271],[144.601005,43.152276],[144.601215,43.152972],[144.601598,43.153612],[144.601967,43.15392],[144.602336,43.154125],[144.602556,43.154364],[144.602873,43.154429],[144.603322,43.154354],[144.603401,43.154387],[144.603817,43.156091],[144.603938,43.156148],[144.60426,43.156059],[144.604639,43.156437],[144.604653,43.156484],[144.604461,43.156857],[144.605044,43.157216],[144.606068,43.157315],[144.606595,43.157189],[144.606726,43.157236],[144.606913,43.157675],[144.606871,43.15774],[144.606184,43.157787],[144.605806,43.157988],[144.605582,43.158258],[144.605526,43.158515],[144.605647,43.15873],[144.606002,43.158838],[144.606465,43.158814],[144.607132,43.158665],[144.607291,43.158702],[144.608146,43.160598],[144.608151,43.160687],[144.607581,43.160934],[144.607413,43.161149],[144.607394,43.161462],[144.60759,43.161789],[144.608113,43.162195],[144.608823,43.163298],[144.608832,43.163391],[144.608622,43.163592],[144.608454,43.163891],[144.608459,43.164003],[144.608562,43.16411],[144.608697,43.164134],[144.609047,43.163914],[144.60908,43.16397],[144.608924,43.164192],[144.609053,43.164396],[144.610215,43.16496],[144.611002,43.164835],[144.6114,43.164664],[144.613321,43.164539],[144.613904,43.164206],[144.615075,43.164007],[144.615418,43.163831],[144.61545,43.163863],[144.615334,43.164002],[144.615371,43.164081],[144.61558,43.164127],[144.615547,43.164243],[144.614816,43.164201],[144.614071,43.164391],[144.614048,43.164465],[144.614353,43.164724],[144.614446,43.164956],[144.614598,43.165034],[144.614862,43.165039],[144.615557,43.165321],[144.616015,43.165011],[144.616075,43.165094],[144.615858,43.165395],[144.615936,43.165511],[144.616061,43.165562],[144.616672,43.165562],[144.616779,43.165599],[144.617121,43.165886],[144.617452,43.166029],[144.617955,43.166104],[144.611172,43.167291],[144.611153,43.167369],[144.612319,43.168423],[144.613066,43.169011],[144.61311,43.169633],[144.612192,43.170367],[144.611573,43.170649],[144.611487,43.170056],[144.611027,43.169866],[144.61064,43.169767],[144.608476,43.170767],[144.607932,43.171744],[144.607743,43.171837],[144.607584,43.171848],[144.607491,43.171785],[144.607506,43.171592],[144.607925,43.171],[144.607947,43.170855],[144.607814,43.1707],[144.607732,43.170689],[144.607284,43.170796],[144.607169,43.170918],[144.607055,43.170963],[144.606836,43.170911],[144.606777,43.170833],[144.606847,43.17063],[144.608228,43.17047],[144.610135,43.169559],[144.610145,43.169511],[144.608776,43.169293],[144.607888,43.168663],[144.607895,43.168271],[144.60784,43.16816],[144.607425,43.168052],[144.606914,43.1683],[144.606858,43.168274],[144.606747,43.167912],[144.607021,43.167734],[144.60708,43.167123],[144.607047,43.167052],[144.606603,43.16686],[144.60631,43.166908],[144.606177,43.166986],[144.60604,43.167323],[144.60614,43.167645],[144.606073,43.16803],[144.606007,43.168078],[144.605944,43.16803],[144.60581,43.167441],[144.605725,43.167382],[144.605581,43.16743],[144.605392,43.167593],[144.604851,43.168541],[144.604811,43.168548],[144.604551,43.168208],[144.604903,43.1677],[144.604925,43.167189],[144.605122,43.166945],[144.604896,43.166595],[144.604655,43.166629]]],[[[144.483569,43.167034],[144.4833,43.166692],[144.482598,43.166155],[144.482116,43.165912],[144.481651,43.165809],[144.480605,43.165846],[144.480246,43.16578],[144.480011,43.165608],[144.480011,43.165396],[144.480189,43.165236],[144.480843,43.165064],[144.481015,43.164983],[144.481118,43.164869],[144.481101,43.164616],[144.480906,43.164272],[144.480281,43.163888],[144.479763,43.163678],[144.480572,43.162961],[144.480394,43.162571],[144.480516,43.161174],[144.482139,43.161193],[144.483561,43.161669],[144.485807,43.161323],[144.485871,43.161369],[144.485876,43.161447],[144.485807,43.161512],[144.485142,43.16192],[144.484949,43.162778],[144.484981,43.162842],[144.48722,43.163618],[144.486705,43.163736],[144.486205,43.163944],[144.485772,43.164188],[144.485302,43.164533],[144.484766,43.16521],[144.484492,43.165834],[144.48443,43.166321],[144.484434,43.16811],[144.484179,43.168111],[144.484053,43.167287],[144.483973,43.167191],[144.483842,43.167136],[144.48369,43.167162],[144.483569,43.167034]]],[[[144.329146,43.167875],[144.326279,43.168062],[144.326202,43.168019],[144.324809,43.162728],[144.324419,43.160667],[144.324449,43.160402],[144.326074,43.157673],[144.327688,43.157738],[144.328279,43.157701],[144.329814,43.157355],[144.337047,43.155482],[144.339364,43.154817],[144.339419,43.154772],[144.339187,43.154283],[144.344166,43.153076],[144.345126,43.152974],[144.346514,43.153076],[144.34734,43.153244],[144.348298,43.153462],[144.348792,43.153713],[144.349133,43.154002],[144.349247,43.154184],[144.349253,43.154326],[144.354171,43.15528],[144.354581,43.154918],[144.356212,43.154128],[144.357466,43.153961],[144.359265,43.153506],[144.362138,43.152957],[144.363383,43.152587],[144.364333,43.152073],[144.364884,43.153215],[144.364868,43.153269],[144.364637,43.153338],[144.364121,43.153725],[144.36406,43.154039],[144.364,43.154135],[144.362742,43.154587],[144.362145,43.154718],[144.361334,43.15557],[144.359465,43.156077],[144.359091,43.156137],[144.357821,43.156054],[144.357592,43.156124],[144.357439,43.156236],[144.35737,43.156459],[144.35668,43.157186],[144.35633,43.157388],[144.355539,43.157536],[144.354572,43.158226],[144.354324,43.159063],[144.354186,43.159257],[144.353293,43.159754],[144.353632,43.160724],[144.353605,43.160856],[144.352418,43.161188],[144.351773,43.16077],[144.350344,43.16057],[144.349696,43.160811],[144.348972,43.161407],[144.347382,43.163609],[144.347371,43.163699],[144.347431,43.163763],[144.347944,43.164052],[144.347814,43.16543],[144.346899,43.165804],[144.346805,43.166869],[144.329146,43.167875]]],[[[144.497248,43.162456],[144.496666,43.162517],[144.495991,43.162483],[144.495776,43.162529],[144.495416,43.162238],[144.494189,43.161801],[144.492994,43.16179],[144.492484,43.161733],[144.491479,43.161524],[144.491456,43.161481],[144.491659,43.160938],[144.491712,43.160921],[144.493253,43.161103],[144.494344,43.161145],[144.496043,43.161616],[144.496454,43.161587],[144.496648,43.161277],[144.496747,43.161223],[144.497088,43.161282],[144.498001,43.160163],[144.500749,43.155988],[144.500804,43.155286],[144.50124,43.15597],[144.501352,43.156017],[144.501483,43.155979],[144.502011,43.155288],[144.502347,43.154364],[144.502333,43.153509],[144.502263,43.153217],[144.501726,43.152155],[144.501564,43.151575],[144.503748,43.151102],[144.504167,43.151238],[144.504678,43.151238],[144.504769,43.151284],[144.507676,43.150665],[144.507849,43.150735],[144.507909,43.150898],[144.507979,43.15095],[144.508082,43.150931],[144.508493,43.151828],[144.510522,43.151363],[144.51057,43.151399],[144.510874,43.152278],[144.510954,43.152281],[144.511048,43.152225],[144.511095,43.152098],[144.510945,43.151655],[144.510981,43.151594],[144.512543,43.150129],[144.512975,43.150024],[144.51454,43.149411],[144.517237,43.149913],[144.51757,43.150502],[144.52064,43.149773],[144.52074,43.149732],[144.52121,43.148246],[144.521677,43.147685],[144.522583,43.146901],[144.523013,43.146779],[144.523008,43.146592],[144.525269,43.146555],[144.525315,43.14653],[144.525306,43.146469],[144.525131,43.14613],[144.526797,43.144713],[144.526754,43.144507],[144.529236,43.143689],[144.530764,43.143095],[144.532661,43.141759],[144.534801,43.14124],[144.535037,43.141001],[144.536607,43.139854],[144.535863,43.138206],[144.535898,43.138167],[144.536653,43.138429],[144.536954,43.139095],[144.537284,43.139161],[144.537531,43.138698],[144.53793,43.138784],[144.539216,43.139254],[144.540372,43.13993],[144.541381,43.140423],[144.541722,43.140512],[144.544351,43.141544],[144.548755,43.140456],[144.551294,43.140905],[144.552299,43.141594],[144.554261,43.140801],[144.554266,43.140722],[144.553619,43.139512],[144.553645,43.139404],[144.554101,43.139307],[144.554665,43.13986],[144.555786,43.139475],[144.55583,43.139374],[144.555804,43.138989],[144.555853,43.138911],[144.557956,43.138418],[144.559014,43.140678],[144.558984,43.140768],[144.552897,43.142288],[144.553848,43.144457],[144.553943,43.144523],[144.555571,43.145165],[144.558061,43.145292],[144.558059,43.145034],[144.560781,43.143202],[144.561941,43.142487],[144.56348,43.141707],[144.563583,43.141726],[144.563648,43.141805],[144.563751,43.141791],[144.56561,43.140829],[144.565689,43.14082],[144.565792,43.141039],[144.565862,43.141077],[144.567739,43.140283],[144.570059,43.140233],[144.570148,43.140197],[144.570184,43.140122],[144.570091,43.139889],[144.570023,43.139442],[144.569366,43.137921],[144.569359,43.13782],[144.569422,43.137775],[144.570954,43.137517],[144.570988,43.137465],[144.570282,43.135382],[144.570174,43.135301],[144.568594,43.1356],[144.568513,43.135576],[144.568486,43.135516],[144.568253,43.134865],[144.56828,43.134814],[144.569359,43.134787],[144.569419,43.134805],[144.569467,43.134939],[144.569538,43.134942],[144.570895,43.134655],[144.571344,43.134829],[144.572402,43.1338],[144.572225,43.133636],[144.572361,43.133509],[144.572802,43.133783],[144.574371,43.133398],[144.574708,43.134149],[144.575101,43.134103],[144.576253,43.13586],[144.576439,43.135599],[144.576527,43.135569],[144.577215,43.135886],[144.576659,43.136238],[144.576487,43.136593],[144.57601,43.137102],[144.57649,43.138138],[144.578942,43.138459],[144.580055,43.140879],[144.578414,43.142769],[144.576978,43.146503],[144.576869,43.146958],[144.576469,43.148054],[144.576306,43.149168],[144.57627,43.150625],[144.575778,43.151969],[144.574918,43.153021],[144.57413,43.154143],[144.573831,43.154427],[144.572773,43.155088],[144.569455,43.155656],[144.567338,43.154989],[144.565682,43.154747],[144.564162,43.153802],[144.562727,43.153148],[144.56073,43.153802],[144.556744,43.155388],[144.553462,43.154164],[144.549285,43.155045],[144.549221,43.154981],[144.549207,43.154591],[144.549114,43.154562],[144.548112,43.154669],[144.546379,43.154385],[144.54505,43.153965],[144.54434,43.153475],[144.543679,43.152751],[144.543082,43.151424],[144.542772,43.150252],[144.542487,43.149896],[144.542026,43.149612],[144.54104,43.149781],[144.540782,43.149541],[144.540702,43.149355],[144.540551,43.147907],[144.540454,43.147934],[144.539823,43.148546],[144.537399,43.149195],[144.535338,43.149159],[144.533411,43.150527],[144.532612,43.150598],[144.531919,43.150243],[144.531829,43.149533],[144.531789,43.149526],[144.530842,43.150376],[144.529763,43.151797],[144.528385,43.153235],[144.528154,43.153411],[144.526671,43.15606],[144.525863,43.156321],[144.524119,43.156208],[144.523385,43.156617],[144.523221,43.156924],[144.522472,43.157276],[144.521996,43.157369],[144.521633,43.157404],[144.520546,43.157106],[144.519637,43.157063],[144.519196,43.15734],[144.518593,43.157909],[144.517875,43.158257],[144.517101,43.15879],[144.516873,43.158861],[144.515736,43.158498],[144.515346,43.158498],[144.515147,43.158541],[144.514848,43.158811],[144.51472,43.158832],[144.513449,43.158683],[144.512568,43.158953],[144.511921,43.159393],[144.510955,43.160743],[144.50996,43.16161],[144.509136,43.162221],[144.507943,43.162832],[144.507069,43.162946],[144.506742,43.163088],[144.506216,43.162974],[144.502903,43.162847],[144.502375,43.162945],[144.500277,43.163663],[144.499467,43.16377],[144.498763,43.163699],[144.49847,43.163617],[144.498117,43.1635],[144.49757,43.163187],[144.497306,43.162483],[144.497248,43.162456]]],[[[144.354171,43.15528],[144.349698,43.154432],[144.350799,43.153193],[144.352261,43.151226],[144.353391,43.149506],[144.354205,43.148032],[144.354613,43.146753],[144.355043,43.141758],[144.355691,43.136994],[144.356872,43.131725],[144.357425,43.129682],[144.357757,43.127608],[144.357683,43.125661],[144.357433,43.124507],[144.357054,43.12339],[144.356723,43.122873],[144.356243,43.122335],[144.354945,43.121159],[144.354286,43.120686],[144.352809,43.119783],[144.351569,43.11893],[144.350486,43.118385],[144.350386,43.118271],[144.349619,43.116615],[144.348723,43.115332],[144.348221,43.114765],[144.348394,43.114657],[144.348571,43.114655],[144.348606,43.114542],[144.348468,43.114474],[144.348249,43.114497],[144.347813,43.114191],[144.347817,43.114095],[144.347875,43.114067],[144.348689,43.114088],[144.348826,43.114037],[144.348958,43.113905],[144.348924,43.113717],[144.34877,43.113398],[144.348766,43.113265],[144.348878,43.113138],[144.348882,43.113024],[144.348492,43.112633],[144.348338,43.112626],[144.347752,43.112091],[144.347822,43.112005],[144.348139,43.111937],[144.348676,43.112037],[144.348896,43.111934],[144.349254,43.111899],[144.349668,43.111975],[144.349812,43.112046],[144.350576,43.112055],[144.350725,43.111948],[144.351165,43.111927],[144.351418,43.112019],[144.352271,43.112074],[144.352599,43.112037],[144.353177,43.112248],[144.354261,43.112254],[144.354463,43.112143],[144.354959,43.112129],[144.35522,43.112187],[144.355312,43.112305],[144.355356,43.112477],[144.355291,43.112827],[144.355332,43.11293],[144.35547,43.112965],[144.356464,43.11278],[144.35656,43.112896],[144.356629,43.113054],[144.356622,43.11316],[144.356292,43.113523],[144.356319,43.113802],[144.35643,43.114036],[144.356595,43.114101],[144.357011,43.114114],[144.357257,43.114191],[144.357448,43.114316],[144.357546,43.114521],[144.358228,43.114772],[144.358708,43.115081],[144.358859,43.115289],[144.359841,43.11759],[144.362985,43.125386],[144.367081,43.135302],[144.368683,43.139036],[144.368761,43.139105],[144.383818,43.135499],[144.386262,43.13498],[144.386087,43.136291],[144.385279,43.137516],[144.385918,43.139559],[144.38587,43.14058],[144.385465,43.142001],[144.384925,43.143067],[144.384265,43.143621],[144.383355,43.143976],[144.382559,43.144751],[144.378643,43.147144],[144.375865,43.148964],[144.370519,43.151228],[144.364333,43.152073],[144.363383,43.152587],[144.362138,43.152957],[144.359265,43.153506],[144.357466,43.153961],[144.356212,43.154128],[144.354581,43.154918],[144.354171,43.15528]]],[[[144.349698,43.154432],[144.349253,43.154326],[144.349247,43.154184],[144.349133,43.154002],[144.348792,43.153713],[144.348298,43.153462],[144.346514,43.153076],[144.345126,43.152974],[144.344166,43.153076],[144.339187,43.154283],[144.338709,43.153292],[144.338038,43.151627],[144.338049,43.151557],[144.339839,43.149198],[144.34256,43.145448],[144.342877,43.139028],[144.343223,43.137153],[144.345542,43.126895],[144.345483,43.126762],[144.341044,43.124553],[144.340815,43.12448],[144.338206,43.124981],[144.336153,43.125511],[144.336105,43.125383],[144.33624,43.125241],[144.333897,43.120906],[144.332952,43.11859],[144.332871,43.118509],[144.332764,43.118498],[144.324366,43.120306],[144.324338,43.120415],[144.325265,43.12267],[144.325231,43.122779],[144.312912,43.125643],[144.312859,43.125673],[144.312011,43.128611],[144.309316,43.12915],[144.306018,43.132442],[144.303498,43.133277],[144.299579,43.133945],[144.298963,43.131424],[144.302267,43.130714],[144.306691,43.126474],[144.307629,43.12653],[144.3093,43.126114],[144.309983,43.125637],[144.310106,43.12549],[144.310218,43.125195],[144.310438,43.124068],[144.310584,43.12261],[144.310966,43.122009],[144.311514,43.121326],[144.3126,43.121008],[144.316708,43.120006],[144.316756,43.119953],[144.315643,43.117574],[144.315667,43.117515],[144.317693,43.116955],[144.317758,43.116985],[144.318356,43.117917],[144.318906,43.117921],[144.31899,43.117805],[144.3193,43.117758],[144.319453,43.117636],[144.319689,43.117703],[144.320078,43.117623],[144.320285,43.117636],[144.320714,43.117739],[144.320848,43.117698],[144.321008,43.117542],[144.321543,43.117617],[144.32178,43.117489],[144.321919,43.11758],[144.322051,43.117499],[144.322112,43.117515],[144.322836,43.117818],[144.322962,43.117781],[144.32323,43.117515],[144.323541,43.117509],[144.323699,43.11758],[144.324008,43.117535],[144.324156,43.11774],[144.324459,43.117794],[144.324805,43.117729],[144.324998,43.117615],[144.325416,43.117679],[144.32551,43.117611],[144.325548,43.117381],[144.32588,43.117306],[144.325985,43.116899],[144.326287,43.116895],[144.326441,43.116782],[144.326637,43.116831],[144.328619,43.116967],[144.327867,43.115556],[144.327881,43.115405],[144.328046,43.115259],[144.328899,43.115159],[144.32837,43.113885],[144.340939,43.109851],[144.341032,43.11012],[144.341127,43.110239],[144.342264,43.110741],[144.342319,43.110819],[144.342319,43.110925],[144.342154,43.111152],[144.341842,43.111347],[144.341985,43.11163],[144.342697,43.111721],[144.342796,43.111769],[144.342914,43.111989],[144.343031,43.112041],[144.343189,43.112033],[144.343685,43.111772],[144.343751,43.111813],[144.343931,43.112298],[144.343986,43.112327],[144.344298,43.112356],[144.344764,43.112279],[144.345222,43.112582],[144.346323,43.112536],[144.346645,43.112448],[144.346803,43.112668],[144.347334,43.112313],[144.347601,43.112269],[144.347752,43.112091],[144.348338,43.112626],[144.348492,43.112633],[144.348882,43.113024],[144.348878,43.113138],[144.348766,43.113265],[144.34877,43.113398],[144.348924,43.113717],[144.348958,43.113905],[144.348826,43.114037],[144.348689,43.114088],[144.347875,43.114067],[144.347817,43.114095],[144.347813,43.114191],[144.348249,43.114497],[144.348468,43.114474],[144.348606,43.114542],[144.348571,43.114655],[144.348394,43.114657],[144.348221,43.114765],[144.348723,43.115332],[144.349619,43.116615],[144.350386,43.118271],[144.350486,43.118385],[144.351569,43.11893],[144.352809,43.119783],[144.354286,43.120686],[144.354945,43.121159],[144.356243,43.122335],[144.356723,43.122873],[144.357054,43.12339],[144.357433,43.124507],[144.357683,43.125661],[144.357757,43.127608],[144.357425,43.129682],[144.356872,43.131725],[144.355691,43.136994],[144.355043,43.141758],[144.354613,43.146753],[144.354205,43.148032],[144.353391,43.149506],[144.352261,43.151226],[144.350799,43.153193],[144.349698,43.154432]]],[[[144.485916,43.14072],[144.486446,43.14064],[144.486602,43.140523],[144.487144,43.139603],[144.487566,43.139021],[144.487588,43.138824],[144.487501,43.13865],[144.487479,43.138348],[144.487545,43.138104],[144.487457,43.137879],[144.487326,43.137726],[144.487297,43.137566],[144.487399,43.137417],[144.488285,43.136745],[144.488247,43.13586],[144.488334,43.135689],[144.488378,43.134929],[144.488465,43.134714],[144.488596,43.134608],[144.489043,43.134459],[144.489425,43.134168],[144.489665,43.133764],[144.489887,43.133634],[144.490105,43.133339],[144.490251,43.132841],[144.49116,43.132357],[144.49123,43.132262],[144.491327,43.131753],[144.491286,43.130816],[144.491159,43.130343],[144.491288,43.129239],[144.491495,43.129014],[144.491611,43.128399],[144.491579,43.128257],[144.491302,43.128155],[144.49096,43.127861],[144.4904,43.12761],[144.490196,43.12741],[144.490153,43.127151],[144.489927,43.126649],[144.489898,43.12646],[144.490015,43.126115],[144.490011,43.125998],[144.489667,43.125455],[144.489649,43.124937],[144.489553,43.12466],[144.48952,43.124325],[144.489549,43.123937],[144.489472,43.123573],[144.489567,43.123359],[144.489744,43.123145],[144.489644,43.122795],[144.489649,43.122523],[144.489531,43.122272],[144.489567,43.122145],[144.490222,43.12129],[144.490775,43.121033],[144.491659,43.120334],[144.491695,43.120258],[144.491673,43.120182],[144.491213,43.119776],[144.490968,43.119367],[144.491018,43.119012],[144.492073,43.118044],[144.492259,43.117939],[144.492795,43.117852],[144.493357,43.117916],[144.493856,43.118145],[144.494998,43.118236],[144.495531,43.117931],[144.495765,43.117874],[144.496461,43.117973],[144.497147,43.117894],[144.497493,43.117716],[144.497683,43.117525],[144.497702,43.117412],[144.497638,43.117166],[144.497988,43.11643],[144.497952,43.116025],[144.498015,43.115911],[144.498316,43.11572],[144.498929,43.114879],[144.498984,43.114452],[144.499089,43.114133],[144.499252,43.114051],[144.499489,43.114106],[144.499702,43.114324],[144.500334,43.114729],[144.500675,43.114856],[144.501799,43.11472],[144.502421,43.115043],[144.502762,43.115416],[144.503008,43.115516],[144.50309,43.115625],[144.503135,43.115861],[144.503563,43.116225],[144.503636,43.116239],[144.504127,43.116016],[144.504358,43.115975],[144.505623,43.115229],[144.505986,43.11512],[144.506355,43.115088],[144.506948,43.115231],[144.507441,43.115238],[144.507546,43.115167],[144.507603,43.11508],[144.507646,43.114715],[144.507614,43.114424],[144.507523,43.114379],[144.507487,43.114288],[144.507537,43.112774],[144.507669,43.112369],[144.505864,43.110564],[144.505832,43.110487],[144.505891,43.110046],[144.505372,43.109022],[144.50464,43.108127],[144.504218,43.107281],[144.503581,43.10649],[144.502876,43.105885],[144.502653,43.105931],[144.502585,43.10589],[144.502394,43.10554],[144.50311,43.105208],[144.504623,43.104372],[144.504703,43.104179],[144.505643,43.098911],[144.506055,43.098938],[144.50902,43.09784],[144.508562,43.096877],[144.51074,43.096316],[144.513404,43.09497],[144.513219,43.093786],[144.513766,43.092843],[144.514443,43.09232],[144.514592,43.091671],[144.515545,43.090699],[144.515648,43.090657],[144.51611,43.090732],[144.516825,43.090318],[144.517348,43.089305],[144.517722,43.087823],[144.517231,43.086921],[144.517095,43.085912],[144.517295,43.085801],[144.542156,43.085843],[144.542152,43.086083],[144.542392,43.086795],[144.542952,43.087472],[144.542865,43.088015],[144.542876,43.088219],[144.543443,43.089381],[144.544021,43.089714],[144.544304,43.090188],[144.54388,43.090905],[144.543133,43.091442],[144.5421,43.091973],[144.542018,43.092732],[144.540319,43.094764],[144.540134,43.095983],[144.54074,43.096257],[144.540807,43.097398],[144.540573,43.097698],[144.540781,43.098453],[144.541376,43.098687],[144.541756,43.099247],[144.541866,43.099778],[144.542088,43.101617],[144.542363,43.102166],[144.542368,43.102283],[144.541931,43.103065],[144.541796,43.104851],[144.541744,43.104939],[144.541685,43.104986],[144.539216,43.105149],[144.537955,43.104443],[144.536958,43.103435],[144.537167,43.102866],[144.537803,43.10209],[144.537552,43.101389],[144.536407,43.101161],[144.535766,43.101366],[144.535124,43.101314],[144.534861,43.100963],[144.534044,43.100479],[144.533297,43.100473],[144.532012,43.101559],[144.532344,43.102353],[144.532336,43.102477],[144.530797,43.103827],[144.530746,43.103914],[144.530767,43.104279],[144.531169,43.104673],[144.531548,43.106519],[144.53111,43.106862],[144.528673,43.107599],[144.527725,43.107658],[144.527622,43.10784],[144.527622,43.108103],[144.527783,43.108621],[144.527637,43.109015],[144.527681,43.110533],[144.527425,43.111124],[144.527535,43.111635],[144.527382,43.112043],[144.525448,43.112627],[144.52536,43.1127],[144.5249,43.113517],[144.521923,43.113291],[144.521376,43.112664],[144.520522,43.112058],[144.520477,43.112131],[144.520623,43.112434],[144.521189,43.115511],[144.521096,43.11596],[144.520956,43.116229],[144.520057,43.117362],[144.519076,43.120345],[144.51827,43.121565],[144.517891,43.121973],[144.517012,43.12269],[144.516122,43.12366],[144.515188,43.12585],[144.512678,43.128557],[144.510919,43.128922],[144.510277,43.129243],[144.509876,43.129732],[144.508208,43.133235],[144.506833,43.137715],[144.506475,43.137984],[144.505262,43.138642],[144.504336,43.138885],[144.5036,43.138868],[144.503133,43.138774],[144.502643,43.138792],[144.501784,43.138938],[144.501075,43.138997],[144.500512,43.138954],[144.500378,43.139002],[144.500337,43.139101],[144.500086,43.140065],[144.499695,43.140514],[144.499143,43.140759],[144.497581,43.141039],[144.495753,43.141749],[144.495202,43.141861],[144.493773,43.141889],[144.493194,43.141983],[144.493072,43.142048],[144.49289,43.142623],[144.492699,43.142823],[144.49183,43.143174],[144.491187,43.143823],[144.490363,43.14491],[144.489662,43.145486],[144.488845,43.146019],[144.488312,43.146194],[144.487189,43.146938],[144.486671,43.147624],[144.486459,43.148179],[144.486437,43.148887],[144.486583,43.149208],[144.488281,43.150781],[144.48879,43.151477],[144.488818,43.151958],[144.488603,43.152136],[144.486208,43.151792],[144.485041,43.151506],[144.484042,43.151007],[144.483517,43.150309],[144.483024,43.149243],[144.48289,43.147818],[144.483078,43.14677],[144.483436,43.145757],[144.483822,43.145184],[144.484601,43.144458],[144.485273,43.143562],[144.48565,43.142926],[144.485829,43.142101],[144.485916,43.14072]]],[[[144.436314,43.144385],[144.416662,43.14861],[144.413802,43.141779],[144.416092,43.141193],[144.419207,43.140523],[144.422535,43.139883],[144.433448,43.137519],[144.43495,43.141023],[144.436314,43.144385]]],[[[144.393661,43.147825],[144.393025,43.148109],[144.392863,43.148073],[144.392684,43.147657],[144.392286,43.146378],[144.391391,43.144244],[144.391298,43.14412],[144.391202,43.144112],[144.378643,43.147144],[144.382559,43.144751],[144.383355,43.143976],[144.384265,43.143621],[144.384925,43.143067],[144.385465,43.142001],[144.38587,43.14058],[144.385918,43.139559],[144.385279,43.137516],[144.386087,43.136291],[144.386262,43.13498],[144.38827,43.134539],[144.388321,43.134572],[144.393661,43.147825]]],[[[144.398672,43.146745],[144.395948,43.146566],[144.395709,43.1469],[144.395175,43.147147],[144.394676,43.147635],[144.393947,43.147711],[144.393661,43.147825],[144.388321,43.134572],[144.38827,43.134539],[144.386262,43.13498],[144.386273,43.132703],[144.38656,43.131637],[144.387199,43.130843],[144.389626,43.130458],[144.391667,43.130077],[144.392296,43.130191],[144.394677,43.130921],[144.395718,43.131398],[144.395801,43.13165],[144.395755,43.1321],[144.395562,43.132516],[144.394902,43.132847],[144.394902,43.132898],[144.395133,43.133372],[144.395192,43.133405],[144.396617,43.133196],[144.396746,43.133238],[144.397919,43.135578],[144.398253,43.137188],[144.397903,43.137996],[144.397479,43.138742],[144.397318,43.138822],[144.397261,43.139011],[144.397278,43.139206],[144.398064,43.13959],[144.398763,43.14029],[144.399383,43.141368],[144.399402,43.141479],[144.39852,43.142191],[144.398484,43.142305],[144.398509,43.1424],[144.40014,43.144643],[144.399922,43.144884],[144.399933,43.145199],[144.399864,43.145273],[144.39979,43.145291],[144.399578,43.145153],[144.399509,43.145187],[144.399429,43.145629],[144.399664,43.145835],[144.399646,43.145939],[144.399102,43.14618],[144.398672,43.146745]]],[[[144.481702,43.133014],[144.481898,43.132895],[144.481201,43.131802],[144.481081,43.131307],[144.481059,43.130898],[144.481104,43.130756],[144.481184,43.130688],[144.491327,43.131753],[144.49123,43.132262],[144.49116,43.132357],[144.490251,43.132841],[144.490105,43.133339],[144.489887,43.133634],[144.489665,43.133764],[144.489425,43.134168],[144.489043,43.134459],[144.488596,43.134608],[144.488465,43.134714],[144.488378,43.134929],[144.488334,43.135689],[144.488247,43.13586],[144.488285,43.136745],[144.487399,43.137417],[144.487297,43.137566],[144.487326,43.137726],[144.487457,43.137879],[144.487545,43.138104],[144.487479,43.138348],[144.487501,43.13865],[144.487588,43.138824],[144.487566,43.139021],[144.487144,43.139603],[144.486602,43.140523],[144.486446,43.14064],[144.485916,43.14072],[144.485986,43.140087],[144.485885,43.139468],[144.485715,43.139036],[144.4846,43.137812],[144.483797,43.136646],[144.481882,43.133406],[144.481702,43.133014]]],[[[144.576221,43.13582],[144.575101,43.134103],[144.574708,43.134149],[144.573854,43.13229],[144.573902,43.132224],[144.57614,43.131512],[144.580763,43.130351],[144.583962,43.129632],[144.584104,43.129541],[144.584146,43.129289],[144.58401,43.129004],[144.583963,43.128764],[144.584088,43.127858],[144.583763,43.126938],[144.586999,43.125959],[144.587069,43.125894],[144.586756,43.124773],[144.586822,43.124596],[144.587321,43.124035],[144.587536,43.122868],[144.58755,43.122746],[144.587504,43.122662],[144.586131,43.121018],[144.585855,43.120584],[144.585743,43.120168],[144.585678,43.118949],[144.585762,43.118665],[144.586498,43.117771],[144.587599,43.117716],[144.588773,43.11772],[144.59116,43.122435],[144.591149,43.122557],[144.591032,43.122633],[144.590314,43.122849],[144.590244,43.122925],[144.590221,43.123018],[144.590384,43.123725],[144.590372,43.123836],[144.589047,43.1247],[144.588983,43.124775],[144.589041,43.125383],[144.589135,43.12547],[144.589351,43.125464],[144.591686,43.124781],[144.591808,43.124781],[144.593023,43.127292],[144.593034,43.127414],[144.5875,43.128874],[144.58708,43.129498],[144.586659,43.129691],[144.586566,43.12979],[144.586998,43.131191],[144.586998,43.131355],[144.586128,43.132038],[144.585404,43.131676],[144.583962,43.133141],[144.584412,43.13453],[144.584406,43.134682],[144.584278,43.13477],[144.582812,43.135231],[144.582159,43.135529],[144.581079,43.135768],[144.579683,43.135797],[144.578837,43.135728],[144.57872,43.135645],[144.578247,43.135672],[144.577901,43.135895],[144.577369,43.135945],[144.576527,43.135569],[144.576439,43.135599],[144.576296,43.135849],[144.576221,43.13582]]],[[[144.481898,43.132895],[144.481702,43.133014],[144.479954,43.133409],[144.479891,43.133368],[144.478819,43.131046],[144.478222,43.128574],[144.47828,43.126946],[144.47871,43.126056],[144.47774,43.125225],[144.477061,43.124523],[144.476979,43.124492],[144.476923,43.124551],[144.476922,43.125143],[144.476867,43.125209],[144.473682,43.124864],[144.47283,43.124336],[144.47283,43.124266],[144.473617,43.122689],[144.473147,43.122269],[144.473121,43.122196],[144.473174,43.122123],[144.474198,43.121453],[144.474357,43.121253],[144.474368,43.121107],[144.473292,43.120445],[144.472599,43.12028],[144.471227,43.120098],[144.470562,43.119957],[144.467629,43.11955],[144.466936,43.119308],[144.466411,43.118988],[144.465853,43.118574],[144.465446,43.118082],[144.465148,43.11748],[144.46502,43.116845],[144.465114,43.116083],[144.4662,43.116234],[144.468304,43.115211],[144.469043,43.115177],[144.471527,43.115228],[144.47317,43.115416],[144.485088,43.113307],[144.487572,43.111778],[144.48785,43.11155],[144.487359,43.111085],[144.484831,43.112917],[144.482372,43.113434],[144.481328,43.111919],[144.481246,43.111903],[144.478894,43.112463],[144.47621,43.111448],[144.475737,43.110651],[144.472326,43.108701],[144.471502,43.108399],[144.471556,43.108314],[144.471479,43.107499],[144.471307,43.107364],[144.471303,43.107272],[144.471578,43.107383],[144.472032,43.107344],[144.473432,43.107843],[144.473659,43.107997],[144.474151,43.108014],[144.474688,43.108269],[144.474771,43.108263],[144.476062,43.10781],[144.476224,43.107698],[144.476813,43.106885],[144.477737,43.106675],[144.478484,43.105098],[144.47932,43.104124],[144.479305,43.104033],[144.479168,43.103957],[144.480274,43.103332],[144.48082,43.103139],[144.482144,43.101831],[144.482809,43.100939],[144.48294,43.100604],[144.483037,43.099819],[144.482974,43.098501],[144.483508,43.097614],[144.483861,43.097358],[144.484629,43.097114],[144.485008,43.096833],[144.485856,43.095767],[144.486249,43.097779],[144.493847,43.097327],[144.496518,43.103105],[144.496513,43.103196],[144.493335,43.103412],[144.493227,43.103451],[144.491045,43.105771],[144.491045,43.105853],[144.49144,43.106034],[144.491563,43.106153],[144.491822,43.106806],[144.491895,43.106895],[144.491991,43.106876],[144.492327,43.106563],[144.492426,43.106274],[144.492399,43.105901],[144.493141,43.104998],[144.493337,43.104839],[144.493637,43.104739],[144.494415,43.10464],[144.495974,43.104835],[144.496488,43.104726],[144.497115,43.104748],[144.497702,43.104548],[144.49816,43.104624],[144.499509,43.105412],[144.500817,43.105824],[144.501378,43.105867],[144.501854,43.10576],[144.502394,43.10554],[144.502585,43.10589],[144.502653,43.105931],[144.502876,43.105885],[144.503581,43.10649],[144.504218,43.107281],[144.50464,43.108127],[144.505372,43.109022],[144.505891,43.110046],[144.505832,43.110487],[144.505864,43.110564],[144.507669,43.112369],[144.507537,43.112774],[144.507487,43.114288],[144.507523,43.114379],[144.507614,43.114424],[144.507646,43.114715],[144.507603,43.11508],[144.507441,43.115238],[144.506948,43.115231],[144.506355,43.115088],[144.505986,43.11512],[144.505623,43.115229],[144.504358,43.115975],[144.504127,43.116016],[144.503636,43.116239],[144.503563,43.116225],[144.503135,43.115861],[144.50309,43.115625],[144.503008,43.115516],[144.502762,43.115416],[144.502421,43.115043],[144.501799,43.11472],[144.500675,43.114856],[144.500334,43.114729],[144.499702,43.114324],[144.499489,43.114106],[144.499252,43.114051],[144.499089,43.114133],[144.498984,43.114452],[144.498929,43.114879],[144.498316,43.11572],[144.498015,43.115911],[144.497952,43.116025],[144.497988,43.11643],[144.497638,43.117166],[144.497702,43.117412],[144.497683,43.117525],[144.497493,43.117716],[144.497147,43.117894],[144.496461,43.117973],[144.495765,43.117874],[144.495531,43.117931],[144.494998,43.118236],[144.493856,43.118145],[144.493357,43.117916],[144.492795,43.117852],[144.492259,43.117939],[144.492073,43.118044],[144.491018,43.119012],[144.490968,43.119367],[144.491213,43.119776],[144.491673,43.120182],[144.491659,43.120334],[144.490775,43.121033],[144.490222,43.12129],[144.489567,43.122145],[144.489531,43.122272],[144.489649,43.122523],[144.489644,43.122795],[144.489744,43.123145],[144.489567,43.123359],[144.489472,43.123573],[144.489549,43.123937],[144.48952,43.124325],[144.489553,43.12466],[144.489649,43.124937],[144.489667,43.125455],[144.490011,43.125998],[144.490015,43.126115],[144.489898,43.12646],[144.489927,43.126649],[144.490153,43.127151],[144.490196,43.12741],[144.4904,43.12761],[144.49096,43.127861],[144.491302,43.128155],[144.491579,43.128257],[144.491611,43.128399],[144.491495,43.129014],[144.491288,43.129239],[144.491159,43.130343],[144.491286,43.130816],[144.491327,43.131753],[144.481184,43.130688],[144.481104,43.130756],[144.481059,43.130898],[144.481081,43.131307],[144.481201,43.131802],[144.481898,43.132895]]],[[[144.464821,43.115442],[144.465291,43.114662],[144.465468,43.114599],[144.466288,43.113664],[144.467373,43.113476],[144.468118,43.112523],[144.467871,43.111382],[144.469706,43.108836],[144.470165,43.108451],[144.470939,43.108239],[144.472326,43.108701],[144.475737,43.110651],[144.47621,43.111448],[144.478894,43.112463],[144.481246,43.111903],[144.481328,43.111919],[144.482372,43.113434],[144.484831,43.112917],[144.487359,43.111085],[144.48785,43.11155],[144.487572,43.111778],[144.485088,43.113307],[144.47317,43.115416],[144.471527,43.115228],[144.469043,43.115177],[144.468304,43.115211],[144.466132,43.116252],[144.465114,43.116083],[144.465314,43.11567],[144.46495,43.115571],[144.464821,43.115442]]],[[[144.32837,43.113885],[144.3276,43.112043],[144.327511,43.111984],[144.327303,43.111981],[144.327189,43.109942],[144.328501,43.107771],[144.328706,43.106867],[144.329223,43.10583],[144.329827,43.104267],[144.330653,43.101355],[144.330919,43.101252],[144.356804,43.0948],[144.356886,43.094817],[144.360616,43.103227],[144.35865,43.104139],[144.32837,43.113885]]],[[[144.327303,43.111981],[144.326049,43.112317],[144.325097,43.111018],[144.325772,43.110684],[144.326319,43.110289],[144.326387,43.110283],[144.327214,43.110719],[144.327303,43.111981]]],[[[144.325097,43.111018],[144.324152,43.109564],[144.32284,43.10789],[144.322693,43.107214],[144.322945,43.105448],[144.323668,43.105304],[144.323875,43.104167],[144.324665,43.10323],[144.32483,43.102394],[144.32483,43.101218],[144.325216,43.100166],[144.325421,43.099836],[144.325708,43.099629],[144.327166,43.098899],[144.328558,43.099785],[144.32857,43.099842],[144.328126,43.101968],[144.328428,43.103139],[144.328416,43.105054],[144.328371,43.105316],[144.328706,43.106867],[144.328501,43.107771],[144.327189,43.109942],[144.327214,43.110719],[144.326387,43.110283],[144.326319,43.110289],[144.325772,43.110684],[144.325097,43.111018]]],[[[144.471303,43.107272],[144.471625,43.107207],[144.471676,43.107134],[144.471671,43.106889],[144.47175,43.106855],[144.471874,43.106865],[144.473085,43.107421],[144.473533,43.107494],[144.474381,43.107462],[144.474835,43.107366],[144.475158,43.107145],[144.476541,43.10558],[144.479168,43.103957],[144.479305,43.104033],[144.47932,43.104124],[144.478484,43.105098],[144.477737,43.106675],[144.476813,43.106885],[144.476224,43.107698],[144.476062,43.10781],[144.474688,43.108269],[144.474151,43.108014],[144.473659,43.107997],[144.473432,43.107843],[144.472032,43.107344],[144.471578,43.107383],[144.471303,43.107272]]],[[[144.471303,43.107272],[144.471172,43.107161],[144.470801,43.107349],[144.470689,43.10738],[144.470601,43.107339],[144.470383,43.107092],[144.47028,43.106651],[144.468605,43.105401],[144.467648,43.104896],[144.467453,43.104672],[144.467206,43.104116],[144.46759,43.103313],[144.467114,43.102258],[144.467022,43.102155],[144.464752,43.10106],[144.463954,43.100738],[144.462813,43.10048],[144.462205,43.100285],[144.461367,43.100436],[144.458271,43.101694],[144.457615,43.10119],[144.458111,43.100624],[144.458211,43.100208],[144.458117,43.099953],[144.457807,43.099717],[144.457047,43.099437],[144.456038,43.099237],[144.454373,43.099033],[144.453168,43.098815],[144.4514,43.098214],[144.450963,43.097992],[144.450649,43.097764],[144.450628,43.097682],[144.451839,43.095856],[144.451804,43.095432],[144.451308,43.095412],[144.449031,43.094892],[144.448501,43.094666],[144.447911,43.094266],[144.447184,43.093113],[144.446564,43.090936],[144.445615,43.088281],[144.445149,43.0874],[144.444683,43.087008],[144.442483,43.086195],[144.44142,43.085701],[144.440784,43.085218],[144.440124,43.084462],[144.439556,43.083547],[144.43934,43.082819],[144.439385,43.081955],[144.439601,43.080728],[144.43992,43.079989],[144.439908,43.079773],[144.439726,43.079676],[144.439351,43.079608],[144.438095,43.079631],[144.437265,43.079881],[144.435947,43.079858],[144.434878,43.079517],[144.434088,43.079131],[144.433912,43.078989],[144.433908,43.078757],[144.434767,43.076458],[144.434814,43.075858],[144.434728,43.075488],[144.434679,43.075439],[144.434564,43.075432],[144.434676,43.07538],[144.436885,43.072434],[144.437658,43.071164],[144.439342,43.069517],[144.443097,43.067317],[144.443585,43.066885],[144.44365,43.06705],[144.443576,43.067409],[144.442697,43.068644],[144.441119,43.06959],[144.440097,43.070676],[144.440033,43.071137],[144.440106,43.071624],[144.440484,43.072195],[144.441855,43.073539],[144.441956,43.073806],[144.441864,43.0741],[144.441496,43.074367],[144.441041,43.074901],[144.440659,43.075806],[144.440631,43.07664],[144.440778,43.077155],[144.441413,43.078011],[144.44157,43.078407],[144.441763,43.0786],[144.442306,43.078591],[144.442959,43.078683],[144.443383,43.078803],[144.443788,43.078748],[144.444367,43.078821],[144.444607,43.078775],[144.444791,43.078536],[144.445315,43.078297],[144.445481,43.078297],[144.445971,43.07847],[144.446551,43.078525],[144.446689,43.07849],[144.446931,43.07824],[144.447962,43.078299],[144.448115,43.07824],[144.448722,43.077675],[144.449664,43.077268],[144.4503,43.077251],[144.451378,43.077622],[144.451667,43.07794],[144.451997,43.078117],[144.452509,43.078152],[144.452798,43.078022],[144.453144,43.077501],[144.453985,43.077221],[144.454242,43.076988],[144.454761,43.076813],[144.455024,43.076655],[144.455199,43.076357],[144.455415,43.076252],[144.456227,43.07634],[144.45653,43.076258],[144.457283,43.075773],[144.457482,43.075721],[144.458819,43.075715],[144.459414,43.075581],[144.460033,43.075266],[144.460383,43.075213],[144.460961,43.075336],[144.461265,43.075231],[144.461667,43.074813],[144.461794,43.074477],[144.461619,43.072726],[144.461364,43.071734],[144.461259,43.070515],[144.461211,43.07042],[144.461008,43.068984],[144.460961,43.067606],[144.460984,43.067501],[144.461095,43.067443],[144.461901,43.067262],[144.463273,43.067268],[144.463769,43.067408],[144.464265,43.067665],[144.464826,43.068085],[144.464954,43.068114],[144.465853,43.067927],[144.466022,43.067951],[144.466163,43.068091],[144.466589,43.068745],[144.466682,43.069188],[144.466752,43.069225],[144.467577,43.068956],[144.467171,43.067252],[144.467966,43.066667],[144.469134,43.06547],[144.469268,43.065464],[144.473583,43.06641],[144.475404,43.066929],[144.47552,43.066999],[144.475509,43.067116],[144.475265,43.067545],[144.475214,43.068953],[144.475287,43.06945],[144.475243,43.069822],[144.475426,43.070763],[144.475461,43.073406],[144.475372,43.073476],[144.473635,43.073929],[144.47059,43.074578],[144.470305,43.074769],[144.470356,43.074839],[144.470604,43.074947],[144.47271,43.075152],[144.473247,43.075446],[144.47371,43.076156],[144.474842,43.076891],[144.47492,43.077044],[144.474898,43.077193],[144.474333,43.07781],[144.474087,43.078217],[144.474027,43.078628],[144.474105,43.078907],[144.474356,43.079375],[144.474374,43.07951],[144.473826,43.080135],[144.473513,43.081149],[144.473018,43.081644],[144.472556,43.081877],[144.471912,43.081994],[144.471307,43.082215],[144.470833,43.082532],[144.470482,43.083313],[144.470325,43.083533],[144.469734,43.083759],[144.47015,43.084553],[144.470179,43.084845],[144.470399,43.085419],[144.470805,43.086137],[144.470861,43.08659],[144.4708,43.08686],[144.470641,43.087089],[144.470138,43.087507],[144.469893,43.088033],[144.469852,43.08829],[144.469866,43.089541],[144.469525,43.090318],[144.471784,43.095946],[144.471869,43.095967],[144.474353,43.09329],[144.474499,43.092995],[144.474544,43.092703],[144.47402,43.091058],[144.474027,43.090965],[144.476431,43.08972],[144.476986,43.089253],[144.477552,43.088646],[144.47828,43.087962],[144.478393,43.08749],[144.478466,43.087388],[144.479566,43.08633],[144.480173,43.085525],[144.48024,43.085558],[144.481843,43.089291],[144.481832,43.089339],[144.480995,43.089982],[144.483471,43.095126],[144.4844,43.097169],[144.483861,43.097358],[144.483508,43.097614],[144.483014,43.098381],[144.482974,43.098501],[144.483037,43.099819],[144.48294,43.100604],[144.482809,43.100939],[144.482144,43.101831],[144.48082,43.103139],[144.480274,43.103332],[144.479168,43.103957],[144.476541,43.10558],[144.475158,43.107145],[144.474835,43.107366],[144.474381,43.107462],[144.473533,43.107494],[144.473085,43.107421],[144.471874,43.106865],[144.47175,43.106855],[144.471671,43.106889],[144.471676,43.107134],[144.471625,43.107207],[144.471303,43.107272]]],[[[144.491822,43.106806],[144.491563,43.106153],[144.49144,43.106034],[144.491086,43.105894],[144.491045,43.105771],[144.493227,43.103451],[144.493335,43.103412],[144.496513,43.103196],[144.496518,43.103105],[144.493847,43.097327],[144.498791,43.097053],[144.498835,43.097485],[144.498882,43.097551],[144.498961,43.097565],[144.502782,43.097018],[144.503333,43.099152],[144.503407,43.09918],[144.505643,43.098911],[144.504703,43.104179],[144.504623,43.104372],[144.50311,43.105208],[144.502394,43.10554],[144.501854,43.10576],[144.501378,43.105867],[144.500817,43.105824],[144.500056,43.105611],[144.499509,43.105412],[144.49816,43.104624],[144.497702,43.104548],[144.497115,43.104748],[144.496488,43.104726],[144.495974,43.104835],[144.494415,43.10464],[144.493637,43.104739],[144.493337,43.104839],[144.493141,43.104998],[144.492399,43.105901],[144.492426,43.106274],[144.492327,43.106563],[144.491991,43.106876],[144.491895,43.106895],[144.491822,43.106806]]],[[[144.328706,43.106867],[144.328371,43.105316],[144.328416,43.105054],[144.328428,43.103139],[144.328126,43.101968],[144.32857,43.099842],[144.328558,43.099785],[144.327166,43.098899],[144.325708,43.099629],[144.325421,43.099836],[144.325216,43.100166],[144.32483,43.101218],[144.32483,43.102394],[144.324665,43.10323],[144.323875,43.104167],[144.323668,43.105304],[144.322945,43.105448],[144.32298,43.104826],[144.323576,43.103283],[144.323624,43.103048],[144.323617,43.102724],[144.322976,43.100854],[144.322969,43.100714],[144.323028,43.100574],[144.324515,43.09863],[144.324596,43.098262],[144.324515,43.097798],[144.324309,43.097437],[144.323926,43.097099],[144.323388,43.096797],[144.322896,43.096785],[144.322776,43.096737],[144.322642,43.09625],[144.322241,43.095484],[144.319601,43.091303],[144.319375,43.090604],[144.319501,43.088455],[144.319648,43.087977],[144.320068,43.087196],[144.320598,43.086703],[144.321327,43.086151],[144.321708,43.08576],[144.321837,43.08542],[144.32191,43.084941],[144.321864,43.084168],[144.322048,43.083574],[144.322866,43.082293],[144.322925,43.082123],[144.32291,43.081902],[144.321925,43.079859],[144.321538,43.078851],[144.321469,43.077965],[144.321446,43.076079],[144.321387,43.07573],[144.321249,43.075527],[144.319732,43.074454],[144.319386,43.074119],[144.319252,43.073806],[144.319153,43.073231],[144.319524,43.072087],[144.319514,43.071637],[144.319373,43.071205],[144.31903,43.070718],[144.318244,43.070114],[144.316487,43.06913],[144.314746,43.068618],[144.312741,43.068595],[144.312654,43.068573],[144.31266,43.068248],[144.312786,43.068153],[144.313019,43.068139],[144.313729,43.068219],[144.314341,43.068003],[144.31785,43.067724],[144.320356,43.067188],[144.32145,43.066443],[144.329724,43.065817],[144.329871,43.065863],[144.329917,43.065946],[144.330138,43.066581],[144.330206,43.06664],[144.330317,43.066618],[144.330626,43.066158],[144.340289,43.06174],[144.361976,43.051676],[144.378675,43.043702],[144.378799,43.043674],[144.378889,43.043721],[144.379779,43.045027],[144.38433,43.043542],[144.388058,43.04925],[144.394179,43.058808],[144.39544,43.060633],[144.396257,43.062127],[144.396797,43.063654],[144.396815,43.063965],[144.396327,43.06647],[144.395874,43.067571],[144.392961,43.070599],[144.389906,43.073501],[144.387277,43.076084],[144.387289,43.076156],[144.388779,43.076931],[144.370722,43.094522],[144.365705,43.099619],[144.363891,43.101181],[144.362357,43.102214],[144.360616,43.103227],[144.356886,43.094817],[144.356804,43.0948],[144.330738,43.101299],[144.330653,43.101355],[144.329827,43.104267],[144.329223,43.10583],[144.328706,43.106867]]],[[[144.451186,43.104289],[144.449208,43.104772],[144.447277,43.105737],[144.446637,43.104452],[144.443343,43.10518],[144.443359,43.102847],[144.443108,43.102066],[144.443128,43.102006],[144.444074,43.101709],[144.44408,43.101656],[144.443339,43.099989],[144.441502,43.098525],[144.438768,43.092421],[144.438715,43.091666],[144.438655,43.091527],[144.438186,43.091071],[144.435862,43.085996],[144.43269,43.084879],[144.431644,43.084357],[144.43265,43.084456],[144.432712,43.084431],[144.432714,43.084356],[144.432667,43.084252],[144.432148,43.084114],[144.431602,43.083809],[144.431252,43.083414],[144.431038,43.082932],[144.430979,43.082427],[144.431347,43.080716],[144.432294,43.078281],[144.433066,43.077221],[144.434564,43.075432],[144.434679,43.075439],[144.434728,43.075488],[144.434814,43.075858],[144.434767,43.076458],[144.433908,43.078757],[144.433912,43.078989],[144.434088,43.079131],[144.434878,43.079517],[144.435947,43.079858],[144.437265,43.079881],[144.438095,43.079631],[144.439351,43.079608],[144.439726,43.079676],[144.439908,43.079773],[144.43992,43.079989],[144.439601,43.080728],[144.439385,43.081955],[144.43934,43.082819],[144.439556,43.083547],[144.440124,43.084462],[144.440784,43.085218],[144.44142,43.085701],[144.442483,43.086195],[144.444683,43.087008],[144.445149,43.0874],[144.445615,43.088281],[144.446564,43.090936],[144.447184,43.093113],[144.447911,43.094266],[144.448501,43.094666],[144.449031,43.094892],[144.451308,43.095412],[144.451804,43.095432],[144.451839,43.095856],[144.450628,43.097682],[144.450649,43.097764],[144.450963,43.097992],[144.4514,43.098214],[144.453168,43.098815],[144.454373,43.099033],[144.456038,43.099237],[144.457047,43.099437],[144.457807,43.099717],[144.458117,43.099953],[144.458211,43.100208],[144.458111,43.100624],[144.457615,43.10119],[144.458271,43.101694],[144.457492,43.10208],[144.456844,43.102505],[144.455765,43.103554],[144.453237,43.103786],[144.452118,43.10411],[144.451186,43.104289]]],[[[144.493847,43.097327],[144.486249,43.097779],[144.485856,43.095767],[144.48599,43.095485],[144.48617,43.095332],[144.487258,43.095057],[144.487902,43.09501],[144.489359,43.095136],[144.490606,43.095108],[144.492135,43.094927],[144.495129,43.093976],[144.496011,43.0939],[144.496402,43.093898],[144.49999,43.095691],[144.499964,43.095732],[144.498596,43.095874],[144.498559,43.095911],[144.498791,43.097053],[144.493847,43.097327]]],[[[144.542156,43.085843],[144.517295,43.085801],[144.518519,43.084981],[144.51851,43.084494],[144.518551,43.0844],[144.51882,43.084284],[144.518921,43.08418],[144.519111,43.083802],[144.520072,43.083141],[144.520083,43.083066],[144.519916,43.082579],[144.519719,43.08237],[144.519925,43.082035],[144.520027,43.081955],[144.520323,43.081859],[144.521802,43.080684],[144.522661,43.080427],[144.522932,43.080612],[144.52349,43.080706],[144.523835,43.08047],[144.524175,43.080003],[144.52488,43.079454],[144.524944,43.078673],[144.525397,43.077404],[144.526212,43.076698],[144.526721,43.076138],[144.527348,43.075592],[144.527377,43.075277],[144.5282,43.073812],[144.528533,43.073012],[144.528749,43.07286],[144.530144,43.07129],[144.53103,43.070001],[144.531385,43.06962],[144.531719,43.068992],[144.538419,43.069756],[144.548712,43.07085],[144.548732,43.07094],[144.548317,43.071722],[144.54826,43.073415],[144.54797,43.073887],[144.547784,43.074498],[144.546154,43.075727],[144.546009,43.076609],[144.545397,43.07731],[144.54535,43.07809],[144.544622,43.079019],[144.544709,43.080828],[144.545122,43.081381],[144.544936,43.08179],[144.545234,43.082503],[144.545289,43.082546],[144.545989,43.082663],[144.546781,43.082654],[144.546828,43.082711],[144.546921,43.083246],[144.546894,43.083347],[144.545941,43.083851],[144.545724,43.084538],[144.545392,43.085304],[144.545279,43.08536],[144.545145,43.085345],[144.544185,43.08486],[144.543221,43.084699],[144.542492,43.085106],[144.542156,43.085843]]],[[[144.431644,43.084357],[144.431475,43.084261],[144.430935,43.084243],[144.429919,43.084092],[144.427517,43.084013],[144.425158,43.085748],[144.421524,43.08273],[144.404589,43.069026],[144.404298,43.069446],[144.404084,43.069631],[144.402759,43.070277],[144.401145,43.071836],[144.400622,43.072167],[144.400598,43.072208],[144.400948,43.073034],[144.399446,43.074032],[144.39915,43.07418],[144.397031,43.07464],[144.395896,43.074996],[144.395191,43.075099],[144.394319,43.075489],[144.393906,43.075592],[144.393608,43.075598],[144.390924,43.076636],[144.389771,43.076682],[144.388779,43.076931],[144.387289,43.076156],[144.387277,43.076084],[144.389906,43.073501],[144.392961,43.070599],[144.395874,43.067571],[144.396327,43.06647],[144.396815,43.063965],[144.396797,43.063654],[144.396257,43.062127],[144.402609,43.059962],[144.405579,43.064425],[144.40722,43.066344],[144.40938,43.068411],[144.415177,43.073036],[144.421685,43.078379],[144.422871,43.079438],[144.424598,43.080723],[144.425578,43.081533],[144.427095,43.082619],[144.428196,43.081809],[144.428206,43.081763],[144.42783,43.081245],[144.427865,43.081131],[144.428178,43.080595],[144.429429,43.079338],[144.430203,43.078173],[144.430308,43.076676],[144.430441,43.076564],[144.430834,43.076456],[144.431333,43.076394],[144.432356,43.076027],[144.434564,43.075432],[144.433066,43.077221],[144.432294,43.078281],[144.431347,43.080716],[144.430979,43.082427],[144.431038,43.082932],[144.431252,43.083414],[144.431602,43.083809],[144.432148,43.084114],[144.432667,43.084252],[144.432714,43.084356],[144.432712,43.084431],[144.43265,43.084456],[144.431644,43.084357]]],[[[144.427095,43.082619],[144.425578,43.081533],[144.424598,43.080723],[144.422871,43.079438],[144.421685,43.078379],[144.415177,43.073036],[144.40938,43.068411],[144.40722,43.066344],[144.405579,43.064425],[144.402609,43.059962],[144.396257,43.062127],[144.39544,43.060633],[144.394179,43.058808],[144.388058,43.04925],[144.38433,43.043542],[144.383061,43.041511],[144.389754,43.036791],[144.402981,43.029967],[144.404729,43.031809],[144.4048,43.031839],[144.404888,43.031827],[144.405065,43.031672],[144.404962,43.031351],[144.405366,43.030895],[144.405692,43.030853],[144.405874,43.03062],[144.406104,43.030511],[144.406662,43.030409],[144.406726,43.030371],[144.406915,43.030024],[144.406994,43.029987],[144.407474,43.029972],[144.407584,43.0301],[144.407654,43.030311],[144.408283,43.030479],[144.408543,43.03039],[144.408713,43.030398],[144.408875,43.030473],[144.408958,43.030579],[144.408981,43.030741],[144.409109,43.030899],[144.409309,43.031031],[144.409478,43.031042],[144.409652,43.031133],[144.409795,43.031306],[144.410161,43.031299],[144.410676,43.031564],[144.410912,43.031974],[144.41126,43.032276],[144.412081,43.032715],[144.411999,43.033144],[144.412064,43.0332],[144.412255,43.033217],[144.412609,43.033212],[144.413117,43.03303],[144.413299,43.033074],[144.413536,43.032992],[144.413944,43.032995],[144.41422,43.033199],[144.414347,43.033241],[144.414489,43.033217],[144.414905,43.032809],[144.41569,43.032761],[144.41584,43.032708],[144.41631,43.032751],[144.416948,43.03261],[144.41773,43.032595],[144.417828,43.032531],[144.417982,43.032512],[144.418574,43.032754],[144.418838,43.03278],[144.419196,43.03269],[144.419279,43.032607],[144.419324,43.032267],[144.41942,43.032139],[144.419385,43.031947],[144.419513,43.031687],[144.420169,43.031152],[144.420336,43.031103],[144.420779,43.031164],[144.420943,43.031079],[144.421297,43.031117],[144.421542,43.03107],[144.421735,43.030952],[144.421745,43.030773],[144.421853,43.030622],[144.422291,43.030523],[144.422725,43.030495],[144.422791,43.030452],[144.422772,43.030358],[144.422503,43.029872],[144.422407,43.02887],[144.422503,43.02873],[144.422812,43.028524],[144.424439,43.028149],[144.425153,43.027862],[144.425639,43.027413],[144.425705,43.026927],[144.425529,43.026235],[144.425081,43.025632],[144.424219,43.02485],[144.42092,43.023365],[144.420124,43.022734],[144.420034,43.022475],[144.420039,43.022051],[144.42041,43.021268],[144.420515,43.021151],[144.423097,43.01985],[144.423577,43.019657],[144.42403,43.019356],[144.424199,43.019177],[144.424214,43.019007],[144.424091,43.018795],[144.423867,43.018667],[144.422212,43.018697],[144.421609,43.018606],[144.421509,43.018519],[144.421524,43.018251],[144.421579,43.018199],[144.422532,43.017969],[144.422955,43.017694],[144.423337,43.017593],[144.423584,43.01731],[144.423952,43.017068],[144.424052,43.016909],[144.424072,43.01674],[144.424025,43.015558],[144.424082,43.015397],[144.424335,43.015111],[144.424368,43.01492],[144.424873,43.014469],[144.425484,43.014151],[144.42591,43.01413],[144.425981,43.014182],[144.426051,43.014611],[144.426018,43.014959],[144.42623,43.015421],[144.426988,43.016307],[144.427371,43.017414],[144.427583,43.017697],[144.428026,43.017956],[144.428374,43.018088],[144.42878,43.018149],[144.429543,43.018107],[144.43,43.018239],[144.430254,43.018399],[144.431459,43.019466],[144.432412,43.019853],[144.433502,43.020212],[144.434717,43.020396],[144.435982,43.020477],[144.436282,43.020689],[144.43683,43.020872],[144.439186,43.022433],[144.439545,43.023151],[144.439934,43.023487],[144.440441,43.023722],[144.442152,43.023818],[144.442444,43.02387],[144.442691,43.024029],[144.443966,43.025194],[144.443939,43.025266],[144.433024,43.031652],[144.420419,43.039141],[144.420191,43.039178],[144.420155,43.039225],[144.420191,43.039425],[144.420161,43.03952],[144.419988,43.03981],[144.420007,43.039957],[144.420112,43.040097],[144.420263,43.04015],[144.421401,43.04024],[144.421745,43.040414],[144.421901,43.040548],[144.421915,43.040748],[144.421808,43.040952],[144.421544,43.041173],[144.420667,43.041668],[144.42051,43.041828],[144.42046,43.042046],[144.420527,43.042253],[144.420678,43.042362],[144.421037,43.042341],[144.421326,43.04216],[144.421544,43.042125],[144.421738,43.042155],[144.421931,43.042232],[144.422031,43.042393],[144.422036,43.042579],[144.421915,43.042812],[144.420711,43.043228],[144.420457,43.043399],[144.419493,43.044425],[144.418179,43.045298],[144.418081,43.045335],[144.417993,43.045301],[144.416219,43.043018],[144.416139,43.042974],[144.415771,43.043261],[144.415433,43.043443],[144.415222,43.04341],[144.414022,43.043727],[144.41384,43.043712],[144.413487,43.043814],[144.413247,43.04396],[144.413149,43.044163],[144.412854,43.0444],[144.412534,43.044534],[144.412185,43.04456],[144.411857,43.044505],[144.411603,43.04452],[144.410679,43.044738],[144.410493,43.044902],[144.41045,43.045095],[144.410529,43.045352],[144.410438,43.0455],[144.410046,43.045716],[144.409637,43.045864],[144.408966,43.045966],[144.408602,43.046108],[144.408358,43.046358],[144.407983,43.046466],[144.407835,43.046586],[144.407596,43.04662],[144.407329,43.04646],[144.407039,43.046409],[144.406829,43.046506],[144.406505,43.046398],[144.406266,43.046398],[144.406062,43.046512],[144.405903,43.046478],[144.405482,43.046199],[144.405175,43.046154],[144.403629,43.046135],[144.403203,43.046057],[144.402934,43.045895],[144.402687,43.045462],[144.402676,43.045335],[144.4024,43.045153],[144.402301,43.045167],[144.402271,43.045244],[144.402469,43.045778],[144.402432,43.045895],[144.402276,43.046008],[144.400418,43.046392],[144.398917,43.046301],[144.398633,43.046438],[144.398593,43.046637],[144.39832,43.046949],[144.397948,43.047095],[144.397424,43.047095],[144.396277,43.047453],[144.396254,43.047508],[144.397586,43.049498],[144.398424,43.05087],[144.40057,43.05406],[144.405921,43.06243],[144.407215,43.064234],[144.408625,43.065853],[144.410127,43.064911],[144.410473,43.064495],[144.41061,43.064218],[144.410566,43.064029],[144.410333,43.063729],[144.409946,43.063654],[144.409585,43.063726],[144.408628,43.063112],[144.408543,43.062903],[144.408383,43.06269],[144.408404,43.062524],[144.408596,43.062219],[144.410359,43.060944],[144.410819,43.060698],[144.411461,43.060658],[144.411825,43.060806],[144.41241,43.061198],[144.413155,43.061528],[144.4139,43.061727],[144.414615,43.061647],[144.415033,43.061479],[144.415133,43.061297],[144.41511,43.061075],[144.414969,43.060629],[144.414947,43.060247],[144.415028,43.059883],[144.415479,43.05916],[144.415924,43.058683],[144.417388,43.057992],[144.417652,43.057732],[144.417825,43.057341],[144.417825,43.056073],[144.417707,43.0555],[144.417766,43.055191],[144.417666,43.054691],[144.41772,43.054068],[144.417566,43.053122],[144.417611,43.052717],[144.417788,43.052335],[144.418339,43.051844],[144.419198,43.05143],[144.421385,43.049775],[144.421703,43.049316],[144.422135,43.048916],[144.422863,43.048829],[144.423372,43.048829],[144.423886,43.048716],[144.42505,43.048325],[144.426491,43.048175],[144.42696,43.047997],[144.427132,43.047661],[144.427119,43.047384],[144.426869,43.047043],[144.425973,43.046442],[144.425723,43.046383],[144.4257,43.046329],[144.425764,43.046283],[144.443095,43.041261],[144.450208,43.039274],[144.450274,43.039349],[144.450086,43.039656],[144.449998,43.039989],[144.45005,43.040169],[144.45021,43.040296],[144.450488,43.040352],[144.452033,43.040461],[144.452307,43.040574],[144.452542,43.040828],[144.452627,43.041186],[144.452561,43.041436],[144.452376,43.041796],[144.451343,43.042665],[144.450071,43.043277],[144.449706,43.043601],[144.449611,43.043819],[144.449488,43.044443],[144.449175,43.044844],[144.448634,43.045215],[144.447972,43.045328],[144.447425,43.045295],[144.446629,43.045554],[144.446181,43.045898],[144.445573,43.04661],[144.445312,43.047595],[144.444756,43.048492],[144.444687,43.049021],[144.445182,43.050678],[144.445231,43.051149],[144.445157,43.051473],[144.445437,43.052268],[144.445371,43.052504],[144.445172,43.052695],[144.444693,43.052695],[144.444347,43.052592],[144.443596,43.051834],[144.442676,43.051208],[144.442477,43.051142],[144.442264,43.051208],[144.44219,43.051355],[144.442241,43.05151],[144.442646,43.052025],[144.442646,43.052136],[144.442381,43.052659],[144.442337,43.053034],[144.442455,43.053225],[144.443156,43.053772],[144.443208,43.05405],[144.443113,43.054286],[144.442374,43.05478],[144.441733,43.055289],[144.441359,43.055405],[144.440929,43.055464],[144.440217,43.055417],[144.43971,43.05524],[144.439092,43.054851],[144.438856,43.054763],[144.438373,43.054757],[144.43822,43.054863],[144.438037,43.055122],[144.438014,43.055399],[144.438073,43.055634],[144.43835,43.055964],[144.438438,43.056259],[144.438403,43.056724],[144.438238,43.057148],[144.437539,43.058027],[144.437092,43.058979],[144.437026,43.059299],[144.437054,43.059557],[144.437007,43.059934],[144.43683,43.060246],[144.436241,43.060894],[144.435605,43.062355],[144.435464,43.062856],[144.435546,43.063462],[144.436084,43.065459],[144.435699,43.06603],[144.435846,43.067108],[144.435829,43.067886],[144.435658,43.068251],[144.435469,43.068369],[144.435151,43.068422],[144.434804,43.068298],[144.434609,43.068139],[144.434503,43.068115],[144.434233,43.068216],[144.433502,43.068881],[144.433022,43.06989],[144.432608,43.070235],[144.432295,43.070339],[144.432026,43.070311],[144.431734,43.070368],[144.431329,43.070552],[144.431282,43.070726],[144.430886,43.070924],[144.430198,43.071682],[144.43016,43.071913],[144.430221,43.072135],[144.430547,43.072366],[144.430688,43.072743],[144.430726,43.073148],[144.430499,43.07353],[144.430047,43.074001],[144.430038,43.074147],[144.430198,43.074453],[144.430664,43.07475],[144.430711,43.074821],[144.430876,43.075428],[144.430843,43.075527],[144.430545,43.075737],[144.430192,43.075878],[144.430127,43.075949],[144.430145,43.076397],[144.430226,43.076627],[144.430308,43.076676],[144.430203,43.078173],[144.429429,43.079338],[144.428178,43.080595],[144.427865,43.081131],[144.42783,43.081245],[144.428206,43.081763],[144.428196,43.081809],[144.427095,43.082619]]],[[[144.297826,43.065137],[144.2993,43.065109],[144.299401,43.065532],[144.297923,43.065595],[144.298117,43.066561],[144.298259,43.066785],[144.299291,43.067466],[144.298507,43.069245],[144.298467,43.069258],[144.297486,43.069162],[144.29423,43.066103],[144.294253,43.066016],[144.297653,43.064624],[144.297692,43.064631],[144.297826,43.065137]]],[[[144.426213,43.046128],[144.4257,43.046329],[144.425723,43.046383],[144.425973,43.046442],[144.426869,43.047043],[144.427119,43.047384],[144.427132,43.047661],[144.42696,43.047997],[144.426491,43.048175],[144.42505,43.048325],[144.423886,43.048716],[144.423372,43.048829],[144.422863,43.048829],[144.422135,43.048916],[144.421703,43.049316],[144.421385,43.049775],[144.419198,43.05143],[144.418339,43.051844],[144.417788,43.052335],[144.417611,43.052717],[144.417566,43.053122],[144.41772,43.054068],[144.417666,43.054691],[144.417766,43.055191],[144.417707,43.0555],[144.417825,43.056073],[144.417825,43.057341],[144.417652,43.057732],[144.417388,43.057992],[144.415924,43.058683],[144.415479,43.05916],[144.415028,43.059883],[144.414947,43.060247],[144.414969,43.060629],[144.41511,43.061075],[144.415133,43.061297],[144.415033,43.061479],[144.414615,43.061647],[144.4139,43.061727],[144.413155,43.061528],[144.41241,43.061198],[144.411825,43.060806],[144.411461,43.060658],[144.410819,43.060698],[144.410359,43.060944],[144.408596,43.062219],[144.408404,43.062524],[144.408383,43.06269],[144.408543,43.062903],[144.408628,43.063112],[144.409585,43.063726],[144.409946,43.063654],[144.410333,43.063729],[144.410566,43.064029],[144.41061,43.064218],[144.410473,43.064495],[144.410127,43.064911],[144.408625,43.065853],[144.407215,43.064234],[144.405921,43.06243],[144.40057,43.05406],[144.398424,43.05087],[144.397586,43.049498],[144.396254,43.047508],[144.396277,43.047453],[144.397424,43.047095],[144.397948,43.047095],[144.39832,43.046949],[144.398593,43.046637],[144.398633,43.046438],[144.398917,43.046301],[144.400418,43.046392],[144.402276,43.046008],[144.402432,43.045895],[144.402469,43.045778],[144.402271,43.045244],[144.402301,43.045167],[144.4024,43.045153],[144.402676,43.045335],[144.402687,43.045462],[144.402934,43.045895],[144.403203,43.046057],[144.403629,43.046135],[144.405175,43.046154],[144.405482,43.046199],[144.405903,43.046478],[144.406062,43.046512],[144.406266,43.046398],[144.406505,43.046398],[144.406829,43.046506],[144.407039,43.046409],[144.407329,43.04646],[144.407596,43.04662],[144.407835,43.046586],[144.407983,43.046466],[144.408358,43.046358],[144.408602,43.046108],[144.408966,43.045966],[144.409637,43.045864],[144.410046,43.045716],[144.410438,43.0455],[144.410529,43.045352],[144.41045,43.045095],[144.410493,43.044902],[144.410679,43.044738],[144.411603,43.04452],[144.411857,43.044505],[144.412185,43.04456],[144.412534,43.044534],[144.412854,43.0444],[144.413149,43.044163],[144.413247,43.04396],[144.413487,43.043814],[144.41384,43.043712],[144.414022,43.043727],[144.415222,43.04341],[144.415433,43.043443],[144.415771,43.043261],[144.416139,43.042974],[144.416219,43.043018],[144.417993,43.045301],[144.418081,43.045335],[144.419493,43.044425],[144.420457,43.043399],[144.420711,43.043228],[144.421915,43.042812],[144.422036,43.042579],[144.422031,43.042393],[144.421931,43.042232],[144.421544,43.042125],[144.421326,43.04216],[144.421037,43.042341],[144.420678,43.042362],[144.420527,43.042253],[144.42046,43.042046],[144.42051,43.041828],[144.420667,43.041668],[144.421544,43.041173],[144.421808,43.040952],[144.421915,43.040748],[144.421901,43.040548],[144.421745,43.040414],[144.423243,43.039553],[144.423337,43.039547],[144.424543,43.040748],[144.425095,43.041106],[144.425575,43.041879],[144.425142,43.043198],[144.425613,43.044697],[144.426213,43.046128]]]]}}]}
