{"type":"FeatureCollection","features":[{"type":"Feature","properties":{"potaRef":"JP-0141","nameJa":"西中国山地","nameEn":"Nishi-Chugoku Sanchi Quasi-National Park","authority":"環境省 生物多様性「見える化」マップ","boundaryStatus":"全国GIS候補・公開前検証待ち","boundarySource":"環境省 生物多様性「見える化」マップの自然公園区域を、POTA代表座標で一意に空間照合して加工","boundaryScaleNote":"区域は概要データであり、正確性は保証されない。POTA運用可否は公式情報で最終確認すること。","candidateMethod":"POTA representative point inside one public natural-park area","sourceParkKind":"国定公園","sourceName":"西中国山地","sourceFeatureCount":89,"cautionMeters":75},"geometry":{"type":"MultiPolygon","coordinates":[[[[132.051755,34.581886],[132.052096,34.581841],[132.052436,34.581959],[132.05259,34.582158],[132.052601,34.582467],[132.052513,34.58333],[132.05259,34.583439],[132.055051,34.583067],[132.055754,34.583139],[132.056402,34.583312],[132.056687,34.583503],[132.057028,34.583929],[132.057401,34.584965],[132.058072,34.5858],[132.058368,34.586363],[132.058533,34.586999],[132.058533,34.587544],[132.05839,34.587962],[132.058072,34.588588],[132.057687,34.589188],[132.057467,34.590132],[132.057511,34.59065],[132.057643,34.590958],[132.058544,34.591776],[132.059115,34.592085],[132.05973,34.592239],[132.061147,34.592466],[132.06151,34.592584],[132.061741,34.592766],[132.061894,34.593074],[132.061861,34.59391],[132.06151,34.594473],[132.060862,34.595281],[132.059071,34.596653],[132.057775,34.596698],[132.057401,34.596616],[132.057182,34.596671],[132.057094,34.596834],[132.057105,34.597098],[132.057303,34.597842],[132.057423,34.598523],[132.057379,34.599422],[132.057753,34.600576],[132.057764,34.600966],[132.057292,34.601829],[132.056709,34.601747],[132.057127,34.600703],[132.057127,34.600276],[132.056753,34.599477],[132.056665,34.599105],[132.056775,34.598732],[132.056808,34.598287],[132.056698,34.597988],[132.056424,34.59777],[132.055095,34.597715],[132.054886,34.597579],[132.054864,34.597297],[132.054985,34.596752],[132.055259,34.596044],[132.055721,34.595499],[132.055995,34.595336],[132.056786,34.595227],[132.058236,34.595154],[132.058775,34.594982],[132.059412,34.594573],[132.059752,34.594173],[132.059807,34.593928],[132.059796,34.593692],[132.059566,34.593492],[132.059126,34.593292],[132.058533,34.59312],[132.057665,34.592775],[132.05705,34.592339],[132.056325,34.591694],[132.055666,34.59104],[132.05527,34.590504],[132.055204,34.589805],[132.055402,34.589069],[132.055688,34.588279],[132.056643,34.586899],[132.056665,34.586518],[132.056621,34.586218],[132.055896,34.585546],[132.055391,34.584792],[132.055292,34.584411],[132.055029,34.584193],[132.05471,34.584211],[132.053337,34.584792],[132.052524,34.584983],[132.051964,34.585037],[132.051645,34.584946],[132.051283,34.58462],[132.050909,34.584429],[132.050876,34.583421],[132.050678,34.583185],[132.050063,34.582994],[132.049371,34.582967],[132.048668,34.583039],[132.048635,34.582885],[132.049184,34.582095],[132.051305,34.58224],[132.051755,34.581886]]],[[[132.020313,34.456839],[132.020938,34.457214],[132.021523,34.457479],[132.021666,34.457508],[132.021936,34.457476],[132.022079,34.457555],[132.022459,34.458414],[132.022659,34.458623],[132.02295,34.458814],[132.023175,34.459098],[132.02313,34.459246],[132.02301,34.459325],[132.022109,34.459696],[132.02203,34.4599],[132.022121,34.460182],[132.022321,34.460299],[132.02304,34.460262],[132.023314,34.460204],[132.023323,34.460316],[132.023058,34.460826],[132.023076,34.460932],[132.023279,34.461152],[132.024002,34.461439],[132.024536,34.461771],[132.024908,34.46213],[132.025068,34.462383],[132.025272,34.46242],[132.025602,34.462336],[132.026011,34.462033],[132.026136,34.461772],[132.026214,34.461726],[132.026461,34.461747],[132.026819,34.46194],[132.026989,34.461975],[132.027732,34.461631],[132.027975,34.46159],[132.028361,34.461614],[132.028766,34.461723],[132.028968,34.461843],[132.029282,34.462176],[132.029663,34.462333],[132.030088,34.462398],[132.030459,34.462384],[132.030972,34.462472],[132.031081,34.462532],[132.031009,34.463098],[132.030752,34.463885],[132.029978,34.464622],[132.029285,34.465409],[132.029166,34.465786],[132.029126,34.466523],[132.029166,34.467146],[132.028294,34.466457],[132.027957,34.466064],[132.027877,34.465556],[132.027838,34.464802],[132.027719,34.464458],[132.027441,34.464311],[132.027065,34.464262],[132.026748,34.464376],[132.026252,34.464753],[132.025697,34.465081],[132.024587,34.466556],[132.024448,34.466572],[132.024309,34.46649],[132.023735,34.465835],[132.023259,34.465687],[132.022268,34.465573],[132.022149,34.465458],[132.022109,34.465245],[132.022367,34.464147],[132.022347,34.463672],[132.021971,34.463115],[132.021455,34.462656],[132.020742,34.462262],[132.020405,34.461918],[132.020345,34.461689],[132.020444,34.45987],[132.020206,34.457396],[132.020313,34.456839]]],[[[132.045992,34.548361],[132.046543,34.547842],[132.046711,34.547468],[132.046911,34.547216],[132.047299,34.546895],[132.047699,34.546712],[132.050148,34.54666],[132.050337,34.546721],[132.050747,34.547112],[132.051094,34.54726],[132.051525,34.547338],[132.052208,34.547364],[132.05226,34.547485],[132.052103,34.547703],[132.05204,34.547885],[132.052082,34.548033],[132.05225,34.548189],[132.05307,34.548693],[132.053458,34.548876],[132.053753,34.549154],[132.053847,34.549406],[132.053795,34.549753],[132.053479,34.550266],[132.053574,34.550474],[132.054142,34.550718],[132.05473,34.550883],[132.054961,34.551161],[132.055077,34.551786],[132.055203,34.55196],[132.055497,34.552099],[132.056044,34.55209],[132.05638,34.552177],[132.056643,34.552438],[132.056906,34.553055],[132.057147,34.554011],[132.057515,34.555053],[132.057799,34.555331],[132.056233,34.556426],[132.055392,34.556131],[132.054898,34.555818],[132.054604,34.555479],[132.054163,34.554801],[132.053868,34.554506],[132.052145,34.554471],[132.051756,34.55415],[132.051525,34.553038],[132.051188,34.552473],[132.051178,34.55209],[132.051314,34.551786],[132.052397,34.550718],[132.052649,34.55037],[132.052796,34.550066],[132.052807,34.549649],[132.052618,34.549371],[132.051913,34.549041],[132.050726,34.54785],[132.04978,34.547607],[132.048813,34.547564],[132.048035,34.547598],[132.047552,34.547755],[132.047058,34.548102],[132.046588,34.549039],[132.045992,34.548361]]],[[[132.238589,34.802127],[132.238979,34.803107],[132.239566,34.803952],[132.239969,34.804412],[132.240275,34.804899],[132.240487,34.805056],[132.240794,34.805152],[132.241024,34.805328],[132.241562,34.806062],[132.241987,34.806351],[132.242637,34.806664],[132.243304,34.806672],[132.243744,34.806801],[132.244041,34.806802],[132.244457,34.806547],[132.246313,34.805884],[132.246697,34.805825],[132.247005,34.805837],[132.247233,34.806136],[132.247487,34.806366],[132.248196,34.806846],[132.248387,34.806913],[132.251042,34.807093],[132.252534,34.807246],[132.253358,34.807212],[132.253472,34.807397],[132.253778,34.80756],[132.254096,34.807632],[132.254424,34.808645],[132.254653,34.809051],[132.255123,34.809214],[132.255845,34.809268],[132.256414,34.809169],[132.256752,34.809024],[132.257146,34.808626],[132.257616,34.808012],[132.258951,34.80662],[132.259568,34.806845],[132.258568,34.808247],[132.257999,34.808934],[132.257485,34.80944],[132.256949,34.809774],[132.256151,34.809865],[132.254784,34.809901],[132.254609,34.810091],[132.254544,34.810263],[132.25462,34.811564],[132.254697,34.81207],[132.254926,34.812549],[132.255058,34.81339],[132.254817,34.815975],[132.254719,34.816048],[132.250378,34.815939],[132.25005,34.815785],[132.249897,34.815523],[132.249831,34.814457],[132.249722,34.814276],[132.249339,34.814095],[132.248749,34.813725],[132.248574,34.813462],[132.248475,34.813146],[132.248454,34.812161],[132.248497,34.811383],[132.24876,34.810696],[132.249164,34.809241],[132.249208,34.80869],[132.249153,34.808328],[132.249,34.808012],[132.247907,34.807171],[132.247338,34.80699],[132.246912,34.806963],[132.246136,34.807099],[132.244386,34.807506],[132.243697,34.807506],[132.243063,34.807334],[132.24221,34.807027],[132.241434,34.806584],[132.238908,34.804143],[132.238252,34.803375],[132.238121,34.803076],[132.238165,34.802769],[132.238296,34.802426],[132.238589,34.802127]]],[[[131.958552,34.4762],[131.958709,34.475841],[131.958668,34.475347],[131.958505,34.47492],[131.958042,34.474223],[131.958042,34.474043],[131.958124,34.473885],[131.958314,34.473818],[131.958695,34.473885],[131.959688,34.474504],[131.96166,34.475144],[131.962149,34.475099],[131.962326,34.474953],[131.962312,34.474762],[131.962027,34.474054],[131.962068,34.473705],[131.962217,34.473604],[131.962992,34.473402],[131.963645,34.472986],[131.963659,34.472795],[131.963359,34.472311],[131.963155,34.471828],[131.963196,34.471614],[131.963291,34.471457],[131.963591,34.471412],[131.964828,34.471423],[131.965862,34.471704],[131.966256,34.471659],[131.96665,34.471547],[131.967017,34.471547],[131.967412,34.471682],[131.968296,34.472143],[131.968568,34.472143],[131.96956,34.47194],[131.970023,34.471918],[131.970675,34.472053],[131.970852,34.472311],[131.970839,34.472682],[131.970907,34.472941],[131.971247,34.473188],[131.972402,34.473312],[131.972892,34.4732],[131.973667,34.47284],[131.974279,34.473447],[131.975788,34.474728],[131.977067,34.475662],[131.978807,34.476707],[131.980072,34.477404],[131.980589,34.477977],[131.980997,34.478551],[131.981337,34.47918],[131.981731,34.479619],[131.982316,34.479979],[131.983145,34.480383],[131.984152,34.480732],[131.985185,34.481024],[131.986491,34.481676],[131.988273,34.48247],[131.988257,34.482715],[131.988129,34.482888],[131.987936,34.482954],[131.986781,34.483153],[131.985931,34.483571],[131.985417,34.483935],[131.984888,34.484572],[131.984559,34.485162],[131.984366,34.486044],[131.98431,34.486833],[131.984158,34.487357],[131.983829,34.487841],[131.98346,34.488113],[131.982008,34.488962],[131.981366,34.489592],[131.980837,34.489844],[131.980043,34.490103],[131.977965,34.490388],[131.97685,34.490467],[131.975559,34.490408],[131.974572,34.490288],[131.973914,34.490069],[131.972759,34.487364],[131.972158,34.486528],[131.971347,34.485752],[131.970545,34.485235],[131.96858,34.484247],[131.967946,34.483763],[131.967657,34.483438],[131.967337,34.482881],[131.9672,34.482178],[131.96712,34.479824],[131.966927,34.479273],[131.966663,34.479114],[131.966278,34.479041],[131.964657,34.479068],[131.96428,34.479001],[131.962588,34.478119],[131.960855,34.477808],[131.960286,34.477549],[131.958552,34.4762]]],[[[131.994032,34.408994],[131.992263,34.40909],[131.992375,34.408409],[131.992787,34.407868],[131.993592,34.40714],[131.995165,34.406413],[131.995446,34.406242],[131.995633,34.406026],[131.995839,34.405639],[131.996007,34.403797],[131.9964,34.40214],[131.998029,34.398116],[131.999003,34.396119],[132.000201,34.394293],[132.001541,34.392096],[132.003682,34.391545],[132.004838,34.391181],[132.00519,34.390982],[132.0056,34.39124],[132.006566,34.391317],[132.006145,34.391727],[132.0057,34.392074],[132.005453,34.392373],[132.005204,34.392967],[132.005145,34.393512],[132.005026,34.393681],[132.004827,34.393777],[132.003806,34.393896],[132.003511,34.394063],[132.002943,34.394587],[132.002718,34.394703],[132.002364,34.394763],[132.001648,34.395586],[132.001042,34.396095],[132.000627,34.39684],[132.00026,34.397277],[132.000061,34.397702],[132.000001,34.398225],[132.000077,34.398655],[131.999938,34.399074],[131.999405,34.39991],[131.999061,34.400251],[131.998896,34.400493],[131.998674,34.402064],[131.998346,34.40276],[131.997793,34.404331],[131.997912,34.405688],[131.997702,34.406594],[131.997519,34.407089],[131.997132,34.407443],[131.996736,34.407977],[131.996286,34.408232],[131.996097,34.408252],[131.995296,34.408021],[131.99461,34.408061],[131.99435,34.408218],[131.994072,34.408537],[131.994001,34.408708],[131.994032,34.408994]]],[[[132.034267,34.551908],[132.035129,34.55183],[132.040079,34.550909],[132.040552,34.550857],[132.041508,34.55123],[132.04196,34.551248],[132.042465,34.551091],[132.042959,34.550709],[132.043516,34.549649],[132.043521,34.549232],[132.045607,34.550066],[132.045986,34.549788],[132.046448,34.549301],[132.047058,34.548102],[132.047552,34.547755],[132.048035,34.547598],[132.048813,34.547564],[132.04978,34.547607],[132.050337,34.54772],[132.050726,34.54785],[132.051913,34.549041],[132.052618,34.549371],[132.052807,34.549649],[132.052796,34.550066],[132.052649,34.55037],[132.052397,34.550718],[132.051314,34.551786],[132.051178,34.55209],[132.051188,34.552473],[132.051525,34.553038],[132.051756,34.55415],[132.052145,34.554471],[132.053868,34.554506],[132.054163,34.554801],[132.054604,34.555479],[132.054898,34.555818],[132.055392,34.556131],[132.056233,34.556426],[132.054982,34.557373],[132.054657,34.557512],[132.053921,34.557669],[132.053122,34.557921],[132.052386,34.558373],[132.052218,34.558355],[132.051451,34.557113],[132.050274,34.554854],[132.049959,34.55435],[132.049454,34.554072],[132.04814,34.553828],[132.046343,34.553654],[132.045418,34.553672],[132.044735,34.553959],[132.043905,34.554202],[132.042822,34.554332],[132.04154,34.554376],[132.039722,34.554106],[132.036968,34.554141],[132.036295,34.554063],[132.035717,34.553811],[132.035181,34.553385],[132.034645,34.552742],[132.034267,34.551908]]],[[[132.045397,34.547685],[132.04586,34.547147],[132.04628,34.54679],[132.047552,34.546069],[132.048498,34.545739],[132.049738,34.545565],[132.050568,34.545661],[132.051083,34.545861],[132.051829,34.546321],[132.05307,34.546747],[132.05329,34.546955],[132.053479,34.547937],[132.053826,34.548276],[132.054572,34.548684],[132.054898,34.549041],[132.055003,34.549336],[132.05494,34.550066],[132.05514,34.550301],[132.055445,34.550379],[132.05596,34.550683],[132.056202,34.551343],[132.056464,34.551439],[132.057274,34.551569],[132.057799,34.551856],[132.058283,34.553124],[132.058577,34.553733],[132.057799,34.555331],[132.057515,34.555053],[132.057147,34.554011],[132.056906,34.553055],[132.056643,34.552438],[132.05638,34.552177],[132.056044,34.55209],[132.055497,34.552099],[132.055203,34.55196],[132.055077,34.551786],[132.054961,34.551161],[132.05473,34.550883],[132.054142,34.550718],[132.053574,34.550474],[132.053479,34.550266],[132.053795,34.549753],[132.053847,34.549406],[132.053753,34.549154],[132.053458,34.548876],[132.05307,34.548693],[132.05225,34.548189],[132.052082,34.548033],[132.05204,34.547885],[132.052103,34.547703],[132.05226,34.547485],[132.052208,34.547364],[132.051525,34.547338],[132.051094,34.54726],[132.050747,34.547112],[132.050337,34.546721],[132.050148,34.54666],[132.047699,34.546712],[132.047299,34.546895],[132.046911,34.547216],[132.046711,34.547468],[132.046543,34.547842],[132.045992,34.548361],[132.045397,34.547685]]],[[[132.089052,34.544534],[132.089204,34.54482],[132.089427,34.545024],[132.091444,34.545855],[132.092174,34.546339],[132.093519,34.546995],[132.094257,34.547467],[132.094535,34.547587],[132.095732,34.548419],[132.096328,34.548997],[132.096602,34.549394],[132.096773,34.549826],[132.098136,34.551503],[132.098561,34.552215],[132.098935,34.553189],[132.099575,34.554084],[132.09968,34.554479],[132.099767,34.55462],[132.10002,34.554964],[132.100189,34.555099],[132.100728,34.55545],[132.101275,34.555689],[132.10165,34.555783],[132.101964,34.555817],[132.102792,34.555571],[132.103561,34.555744],[132.10442,34.55614],[132.105357,34.55645],[132.106321,34.556971],[132.106937,34.557202],[132.107099,34.557333],[132.10722,34.557658],[132.107208,34.557789],[132.106993,34.558111],[132.10701,34.558299],[132.107605,34.559261],[132.108,34.559833],[132.108114,34.55993],[132.108724,34.560109],[132.108986,34.560234],[132.109097,34.56043],[132.109113,34.560759],[132.109457,34.561209],[132.110679,34.561769],[132.111252,34.561739],[132.111501,34.561802],[132.112188,34.562112],[132.112667,34.562231],[132.113269,34.562482],[132.113741,34.562613],[132.113867,34.562693],[132.11393,34.562808],[132.114091,34.563522],[132.11285,34.563064],[132.11066,34.563064],[132.110028,34.562979],[132.108969,34.56242],[132.108087,34.561824],[132.107147,34.561071],[132.106441,34.560366],[132.105147,34.558664],[132.104515,34.558276],[132.103898,34.558008],[132.103295,34.557947],[132.103089,34.558045],[132.102663,34.558701],[132.102399,34.55892],[132.102207,34.558956],[132.101913,34.558859],[132.100443,34.556914],[132.100002,34.556793],[132.099503,34.556842],[132.098753,34.557012],[132.098503,34.557],[132.098371,34.55689],[132.098297,34.556574],[132.098003,34.554423],[132.097209,34.552795],[132.096078,34.550911],[132.095343,34.549903],[132.094725,34.549295],[132.094034,34.548918],[132.093343,34.548882],[132.092256,34.548943],[132.091609,34.548809],[132.090859,34.548833],[132.089198,34.549441],[132.087905,34.549781],[132.087537,34.549781],[132.08739,34.54972],[132.08739,34.54955],[132.08936,34.547606],[132.089448,34.547314],[132.089433,34.547047],[132.089183,34.54684],[132.088713,34.546658],[132.088228,34.546597],[132.087993,34.546488],[132.087993,34.54605],[132.089052,34.544534]]],[[[132.11595,34.567933],[132.116777,34.568562],[132.117261,34.569259],[132.117858,34.569679],[132.117958,34.569862],[132.118002,34.570134],[132.117979,34.570766],[132.118127,34.571215],[132.118271,34.571437],[132.118829,34.57206],[132.119028,34.572425],[132.119035,34.572634],[132.118866,34.573302],[132.118776,34.574107],[132.118357,34.576005],[132.118317,34.576302],[132.118331,34.576847],[132.118259,34.57724],[132.117989,34.577602],[132.117889,34.577843],[132.117849,34.578124],[132.11788,34.578298],[132.118096,34.578611],[132.1186,34.578929],[132.119834,34.580016],[132.120392,34.580282],[132.121305,34.580594],[132.122504,34.581112],[132.123296,34.581736],[132.124597,34.58259],[132.125366,34.583005],[132.125528,34.583151],[132.125609,34.583483],[132.125641,34.583916],[132.125287,34.5843],[132.125096,34.584589],[132.124436,34.586549],[132.124293,34.58747],[132.124281,34.587841],[132.124539,34.58829],[132.124669,34.588676],[132.124569,34.588922],[132.124535,34.589292],[132.125088,34.589665],[132.125486,34.590075],[132.125746,34.590595],[132.12621,34.591191],[132.126474,34.591927],[132.12678,34.592337],[132.127251,34.592656],[132.12762,34.592783],[132.128479,34.592913],[132.128638,34.59305],[132.128927,34.593916],[132.12912,34.594237],[132.129563,34.595304],[132.129684,34.595479],[132.129187,34.59582],[132.128584,34.596114],[132.127976,34.596216],[132.127034,34.596526],[132.126497,34.596646],[132.125961,34.596868],[132.125265,34.597367],[132.124678,34.597651],[132.125197,34.597035],[132.125231,34.596431],[132.125026,34.595704],[132.12482,34.595345],[132.124774,34.594977],[132.124877,34.59426],[132.124854,34.593042],[132.125733,34.59241],[132.124009,34.591031],[132.123361,34.591751],[132.121369,34.589045],[132.119281,34.585157],[132.118017,34.583188],[132.117253,34.581754],[132.116841,34.580855],[132.116723,34.579955],[132.116723,34.579469],[132.116488,34.578327],[132.115812,34.575994],[132.115018,34.572129],[132.115018,34.571716],[132.115283,34.571206],[132.115665,34.570817],[132.1159,34.570331],[132.116106,34.569699],[132.11595,34.567933]]],[[[132.116519,34.638686],[132.116471,34.638189],[132.116507,34.637551],[132.116688,34.636516],[132.116791,34.635505],[132.11708,34.635385],[132.117457,34.634749],[132.117778,34.634404],[132.118684,34.633608],[132.11931,34.632521],[132.119446,34.632408],[132.120425,34.632123],[132.121259,34.63195],[132.122234,34.631637],[132.123096,34.633707],[132.123385,34.634912],[132.123517,34.635888],[132.123517,34.637302],[132.123373,34.637979],[132.123036,34.638826],[132.122614,34.639463],[132.122204,34.639881],[132.121036,34.64029],[132.120229,34.640349],[132.119121,34.64027],[132.118085,34.639901],[132.117458,34.639573],[132.116519,34.638686]]],[[[132.201276,34.747642],[132.202546,34.748666],[132.203362,34.748834],[132.204037,34.748592],[132.204343,34.748378],[132.204991,34.748062],[132.205515,34.747684],[132.205507,34.748735],[132.204658,34.749723],[132.204074,34.750229],[132.203713,34.750379],[132.203351,34.750413],[132.203129,34.750333],[132.202823,34.74993],[132.202656,34.749804],[132.202447,34.749723],[132.201571,34.749999],[132.201307,34.750011],[132.20057,34.749723],[132.199736,34.749287],[132.199625,34.749091],[132.199694,34.748792],[132.200278,34.748287],[132.201276,34.747642]]],[[[132.253358,34.807212],[132.254768,34.80684],[132.254925,34.806919],[132.255219,34.8072],[132.255694,34.807401],[132.256299,34.807233],[132.257397,34.807041],[132.258397,34.806627],[132.258951,34.80662],[132.257616,34.808012],[132.257146,34.808626],[132.256752,34.809024],[132.256414,34.809169],[132.255845,34.809268],[132.255123,34.809214],[132.254653,34.809051],[132.254424,34.808645],[132.254096,34.807632],[132.253778,34.80756],[132.253472,34.807397],[132.253358,34.807212]]],[[[132.336623,34.79245],[132.337049,34.791169],[132.33746,34.790201],[132.337984,34.790363],[132.339371,34.791039],[132.339789,34.79118],[132.340351,34.791259],[132.340825,34.791412],[132.341924,34.792],[132.342289,34.792129],[132.34482,34.7928],[132.345989,34.793219],[132.346636,34.793387],[132.3472,34.793712],[132.348294,34.794599],[132.348683,34.795392],[132.348913,34.795723],[132.349461,34.796068],[132.350731,34.796989],[132.351834,34.797987],[132.351439,34.79831],[132.350682,34.79877],[132.349759,34.799073],[132.349369,34.799083],[132.348544,34.798687],[132.347703,34.797801],[132.347043,34.797024],[132.346466,34.796206],[132.345773,34.795715],[132.344817,34.795197],[132.342788,34.794488],[132.340463,34.793575],[132.33822,34.792811],[132.336623,34.79245]]],[[[132.354975,34.797183],[132.355379,34.797032],[132.356251,34.796823],[132.356772,34.796894],[132.357871,34.797986],[132.359191,34.799057],[132.360318,34.79987],[132.360931,34.800128],[132.361615,34.800225],[132.363723,34.800326],[132.368029,34.801002],[132.369155,34.80103],[132.369737,34.803297],[132.366487,34.803337],[132.363684,34.803118],[132.361276,34.802778],[132.360006,34.802423],[132.358588,34.801932],[132.35684,34.800869],[132.356097,34.800283],[132.355959,34.799621],[132.355687,34.798711],[132.355131,34.797889],[132.354977,34.797518],[132.354975,34.797183]]],[[[132.081602,34.549682],[132.081998,34.549788],[132.08559,34.551508],[132.086358,34.552008],[132.0868,34.552488],[132.087137,34.552777],[132.087462,34.552921],[132.087986,34.553017],[132.088765,34.553075],[132.089381,34.553229],[132.090032,34.553479],[132.09059,34.553767],[132.091381,34.554382],[132.092148,34.555189],[132.092474,34.55566],[132.09266,34.556189],[132.092799,34.55691],[132.092718,34.557967],[132.09252,34.55865],[132.092253,34.559217],[132.092078,34.559938],[132.092078,34.560457],[132.092229,34.560947],[132.092543,34.561543],[132.092834,34.561966],[132.093276,34.562466],[132.093729,34.562754],[132.09538,34.563571],[132.096752,34.564455],[132.097438,34.56508],[132.099182,34.566964],[132.100403,34.568627],[132.101752,34.569819],[132.102473,34.570203],[132.103322,34.570742],[132.103566,34.57104],[132.103554,34.571136],[132.103426,34.571299],[132.103124,34.571367],[132.101345,34.571491],[132.09938,34.572491],[132.098973,34.571318],[132.098636,34.570598],[132.098206,34.57005],[132.097717,34.569675],[132.096276,34.568858],[132.095392,34.568454],[132.094648,34.567839],[132.094334,34.567454],[132.094008,34.567281],[132.093543,34.567176],[132.092439,34.567233],[132.092218,34.567137],[132.091997,34.566926],[132.091846,34.566522],[132.091602,34.565148],[132.091416,34.564888],[132.091113,34.564763],[132.090346,34.564763],[132.090102,34.564705],[132.089939,34.564475],[132.089485,34.563523],[132.089044,34.563312],[132.08859,34.563312],[132.087555,34.563715],[132.086753,34.564196],[132.086404,34.564321],[132.085974,34.564321],[132.085346,34.564148],[132.084811,34.563879],[132.082498,34.562139],[132.08123,34.561803],[132.07951,34.560755],[132.079184,34.560457],[132.078731,34.559371],[132.078335,34.558957],[132.077463,34.558583],[132.076277,34.55789],[132.075533,34.557314],[132.075115,34.556881],[132.074917,34.556487],[132.075836,34.55568],[132.076754,34.554786],[132.07737,34.554065],[132.077754,34.553382],[132.078661,34.551383],[132.078882,34.551008],[132.079347,34.550681],[132.080521,34.550191],[132.081312,34.549691],[132.081602,34.549682]]],[[[131.957703,34.444146],[131.957999,34.444803],[131.958112,34.445519],[131.958112,34.446328],[131.958284,34.447104],[131.958501,34.447489],[131.95895,34.448556],[131.959295,34.44967],[131.959495,34.449969],[131.959937,34.450353],[131.960667,34.450824],[131.961108,34.451249],[131.962688,34.45343],[131.962905,34.453649],[131.963611,34.453875],[131.963931,34.4541],[131.964308,34.454472],[131.964653,34.454929],[131.965159,34.455864],[131.965415,34.456063],[131.965817,34.456262],[131.96621,34.456335],[131.966643,34.456335],[131.966923,34.456249],[131.967718,34.455751],[131.968375,34.455506],[131.969298,34.454737],[131.969635,34.454604],[131.970204,34.454624],[131.970605,34.454883],[131.972266,34.456275],[131.973076,34.456866],[131.973662,34.457118],[131.97544,34.457559],[131.975942,34.457728],[131.976455,34.458009],[131.977017,34.458474],[131.977979,34.459107],[131.978725,34.459409],[131.982126,34.460357],[131.982527,34.460616],[131.983109,34.461183],[131.983474,34.461726],[131.98424,34.462287],[131.984417,34.462529],[131.984453,34.462768],[131.984401,34.463567],[131.984477,34.463676],[131.98479,34.463659],[131.985427,34.463162],[131.985832,34.463016],[131.986157,34.462937],[131.986442,34.463003],[131.986426,34.463185],[131.985728,34.463341],[131.985347,34.463557],[131.98495,34.463938],[131.984703,34.464246],[131.984599,34.464578],[131.984583,34.465135],[131.984679,34.465394],[131.985225,34.466183],[131.985233,34.466581],[131.985353,34.466972],[131.98561,34.46727],[131.986235,34.467827],[131.986765,34.468955],[131.987808,34.470593],[131.989653,34.472887],[131.986027,34.4743],[131.985441,34.474678],[131.985225,34.475062],[131.985112,34.475918],[131.985112,34.476243],[131.985233,34.47668],[131.985425,34.477065],[131.987182,34.478783],[131.987431,34.479154],[131.987519,34.479665],[131.987495,34.480805],[131.987607,34.481216],[131.988273,34.48247],[131.986491,34.481676],[131.985185,34.481024],[131.984152,34.480732],[131.983145,34.480383],[131.982316,34.479979],[131.981731,34.479619],[131.981337,34.47918],[131.980997,34.478551],[131.980589,34.477977],[131.980072,34.477404],[131.978807,34.476707],[131.977067,34.475662],[131.975788,34.474728],[131.974279,34.473447],[131.973667,34.47284],[131.972892,34.4732],[131.972402,34.473312],[131.971722,34.473267],[131.971247,34.473188],[131.970907,34.472941],[131.970839,34.472682],[131.970852,34.472311],[131.970675,34.472053],[131.970023,34.471918],[131.96956,34.47194],[131.968568,34.472143],[131.968296,34.472143],[131.967412,34.471682],[131.967017,34.471547],[131.96665,34.471547],[131.966256,34.471659],[131.965862,34.471704],[131.964828,34.471423],[131.963591,34.471412],[131.963291,34.471457],[131.963196,34.471614],[131.963155,34.471828],[131.963359,34.472311],[131.963659,34.472795],[131.963645,34.472986],[131.962992,34.473402],[131.962217,34.473604],[131.962068,34.473705],[131.962027,34.474054],[131.962312,34.474762],[131.962326,34.474953],[131.962149,34.475099],[131.96166,34.475144],[131.959688,34.474504],[131.958695,34.473885],[131.958314,34.473818],[131.958124,34.473885],[131.958042,34.474043],[131.958042,34.474223],[131.958505,34.47492],[131.958668,34.475347],[131.958709,34.475841],[131.958552,34.4762],[131.957566,34.475473],[131.955497,34.474127],[131.954181,34.473411],[131.952521,34.472688],[131.951983,34.472536],[131.951325,34.47245],[131.950973,34.472556],[131.950644,34.472788],[131.950323,34.472894],[131.949825,34.472861],[131.949481,34.472595],[131.949047,34.472078],[131.948694,34.471826],[131.946641,34.470944],[131.946192,34.470633],[131.945855,34.470248],[131.945069,34.469001],[131.943216,34.467502],[131.942189,34.466422],[131.941788,34.465798],[131.941515,34.465042],[131.941379,34.464154],[131.941282,34.463046],[131.941186,34.462496],[131.940769,34.46099],[131.940729,34.460334],[131.940769,34.459903],[131.941018,34.45922],[131.942109,34.457084],[131.942381,34.456428],[131.942502,34.455904],[131.942606,34.455082],[131.942734,34.454617],[131.942983,34.454094],[131.943352,34.45359],[131.943745,34.453225],[131.944475,34.45282],[131.945269,34.452482],[131.946689,34.452018],[131.948927,34.451421],[131.949954,34.450983],[131.950419,34.450698],[131.951269,34.449909],[131.952136,34.448928],[131.952826,34.44788],[131.954887,34.444392],[131.955296,34.443828],[131.955585,34.443675],[131.955946,34.443722],[131.957703,34.444146]]],[[[131.971732,34.41959],[131.97166,34.419152],[131.970826,34.416871],[131.970722,34.416367],[131.970666,34.413701],[131.97069,34.413078],[131.970786,34.412839],[131.970986,34.412633],[131.97142,34.412408],[131.971989,34.412017],[131.97288,34.411281],[131.973529,34.410491],[131.974845,34.408509],[131.975045,34.408071],[131.975077,34.407786],[131.975053,34.407468],[131.974909,34.407176],[131.974628,34.406904],[131.97296,34.405816],[131.972735,34.405518],[131.972687,34.405233],[131.972847,34.404503],[131.973144,34.403668],[131.973457,34.403077],[131.973577,34.402951],[131.973746,34.402912],[131.975655,34.402832],[131.976561,34.402706],[131.977075,34.402547],[131.980252,34.400963],[131.981253,34.401521],[131.982077,34.402094],[131.982751,34.403054],[131.983425,34.403843],[131.984099,34.404261],[131.984679,34.404818],[131.985485,34.406087],[131.986308,34.406552],[131.986814,34.406583],[131.987282,34.406536],[131.987619,34.406397],[131.987844,34.406072],[131.987994,34.405654],[131.987994,34.40519],[131.987844,34.404431],[131.986271,34.401614],[131.986664,34.401274],[131.985971,34.400283],[131.985803,34.39988],[131.985709,34.399432],[131.985709,34.399168],[131.985915,34.399137],[131.98687,34.399215],[131.987039,34.399308],[131.986945,34.399571],[131.986945,34.400066],[131.987132,34.40084],[131.987319,34.40132],[131.987319,34.402311],[131.987713,34.402868],[131.987881,34.403224],[131.988031,34.403255],[131.988293,34.4031],[131.989454,34.402063],[131.990203,34.401537],[131.990353,34.401289],[131.990353,34.400964],[131.990222,34.400298],[131.990222,34.399478],[131.990577,34.399091],[131.990634,34.398766],[131.990545,34.397086],[131.994606,34.394649],[131.998308,34.392865],[131.999527,34.39248],[132.001541,34.392096],[132.000201,34.394293],[131.999003,34.396119],[131.998029,34.398116],[131.9964,34.40214],[131.996007,34.403797],[131.995839,34.405639],[131.995633,34.406026],[131.995446,34.406242],[131.995165,34.406413],[131.993592,34.40714],[131.992787,34.407868],[131.992375,34.408409],[131.992263,34.40909],[131.994032,34.408994],[131.99416,34.409552],[131.994391,34.409933],[131.994409,34.410227],[131.994296,34.410573],[131.994119,34.410799],[131.993433,34.411437],[131.993146,34.411582],[131.992052,34.41192],[131.991816,34.412121],[131.991343,34.412705],[131.991106,34.412899],[131.990225,34.413101],[131.989941,34.413208],[131.989853,34.413424],[131.989876,34.413954],[131.990113,34.414366],[131.990462,34.414835],[131.990929,34.415355],[131.991839,34.416051],[131.992035,34.416272],[131.992256,34.416844],[131.992866,34.4176],[131.993102,34.418083],[131.993415,34.419033],[131.99377,34.419749],[131.994151,34.420171],[131.994359,34.420182],[131.994803,34.420894],[131.99492,34.422136],[131.995024,34.422363],[131.995194,34.422568],[131.995441,34.422752],[131.995872,34.422978],[131.996511,34.423669],[131.99668,34.423972],[131.997084,34.425073],[131.997292,34.425937],[131.997462,34.427789],[131.998076,34.428613],[131.99851,34.428963],[131.999558,34.429467],[132.000187,34.429651],[132.002689,34.430216],[132.003655,34.430549],[132.004264,34.430839],[132.004555,34.431056],[132.005179,34.431891],[132.005677,34.432224],[132.005882,34.432302],[132.006298,34.432311],[132.007041,34.432137],[132.009136,34.431367],[132.009506,34.431299],[132.009751,34.43134],[132.009922,34.431508],[132.010417,34.432644],[132.010679,34.433013],[132.010735,34.433222],[132.010741,34.433923],[132.011067,34.434299],[132.011666,34.434771],[132.012271,34.435162],[132.013169,34.435606],[132.014263,34.43652],[132.014639,34.436675],[132.01518,34.436698],[132.01528,34.436741],[132.016233,34.437469],[132.016309,34.437844],[132.016697,34.438583],[132.017307,34.44014],[132.017321,34.440271],[132.017096,34.441046],[132.017011,34.441164],[132.016859,34.441319],[132.016213,34.441626],[132.016057,34.441807],[132.016058,34.441916],[132.016242,34.442266],[132.016254,34.442374],[132.016049,34.442883],[132.016054,34.443339],[132.016232,34.443535],[132.016362,34.443997],[132.016842,34.444447],[132.016878,34.444891],[132.016479,34.44537],[132.016349,34.445661],[132.016389,34.445844],[132.016586,34.446136],[132.016565,34.446409],[132.016196,34.447614],[132.015953,34.448125],[132.015942,34.448265],[132.016077,34.449031],[132.016077,34.44929],[132.016258,34.449844],[132.016077,34.450313],[132.015747,34.45077],[132.015607,34.451678],[132.015424,34.452042],[132.015441,34.452104],[132.015706,34.452218],[132.015883,34.452352],[132.016062,34.452609],[132.016254,34.453159],[132.016376,34.453288],[132.016716,34.453419],[132.016806,34.453503],[132.016995,34.45424],[132.017139,34.454558],[132.017314,34.454679],[132.018024,34.454936],[132.018088,34.454995],[132.018741,34.456211],[132.018895,34.456614],[132.019169,34.456729],[132.019969,34.456741],[132.020313,34.456839],[132.020206,34.457396],[132.020444,34.45987],[132.020345,34.461689],[132.020405,34.461918],[132.020742,34.462262],[132.021455,34.462656],[132.021971,34.463115],[132.022347,34.463672],[132.022367,34.464147],[132.022109,34.465245],[132.022149,34.465458],[132.022268,34.465573],[132.023259,34.465687],[132.023735,34.465835],[132.024309,34.46649],[132.024448,34.466572],[132.024587,34.466556],[132.025697,34.465081],[132.026252,34.464753],[132.026748,34.464376],[132.027065,34.464262],[132.027441,34.464311],[132.027719,34.464458],[132.027838,34.464802],[132.027877,34.465556],[132.027957,34.466064],[132.028294,34.466457],[132.029166,34.467146],[132.029019,34.47101],[132.02796,34.470851],[132.02735,34.470672],[132.026845,34.470361],[132.026235,34.469823],[132.025529,34.469419],[132.024318,34.468941],[132.022281,34.467284],[132.021254,34.466813],[132.020805,34.466806],[132.020379,34.466926],[132.019208,34.467562],[132.018759,34.467695],[132.018198,34.467609],[132.01681,34.467542],[132.016353,34.467383],[132.012863,34.463411],[132.01235,34.463073],[132.011604,34.462834],[132.010898,34.462502],[132.010136,34.461852],[132.009638,34.460957],[132.009302,34.460539],[132.008002,34.459916],[132.007465,34.459007],[132.007288,34.458139],[132.007489,34.457058],[132.007521,34.456421],[132.007256,34.455261],[132.006951,34.454452],[132.006654,34.45408],[132.008187,34.451903],[132.009635,34.450548],[132.011218,34.449203],[132.014394,34.446725],[132.014694,34.446357],[132.014761,34.446025],[132.014706,34.445362],[132.014483,34.445012],[132.012767,34.443317],[132.011262,34.442175],[132.010839,34.441898],[132.010315,34.441686],[132.009446,34.441465],[132.0088,34.441382],[132.008465,34.441244],[132.008231,34.441041],[132.007864,34.440176],[132.006872,34.438536],[132.004844,34.436279],[132.003061,34.433856],[132.002348,34.433064],[132.001545,34.432308],[132.00032,34.431378],[132.000086,34.431323],[131.999963,34.431378],[131.999863,34.431617],[131.99974,34.434409],[131.999629,34.434703],[131.999439,34.434925],[131.999205,34.435017],[131.999038,34.434998],[131.998916,34.434925],[131.99886,34.434657],[131.99886,34.434003],[131.998938,34.43357],[131.998949,34.43311],[131.99876,34.43287],[131.998503,34.432732],[131.99672,34.43264],[131.996275,34.432446],[131.996085,34.432225],[131.995963,34.431829],[131.995918,34.430521],[131.995807,34.430189],[131.995472,34.42995],[131.994469,34.429683],[131.994202,34.429563],[131.994035,34.429388],[131.993834,34.42878],[131.993489,34.428494],[131.991561,34.427942],[131.991149,34.427739],[131.990959,34.427509],[131.991015,34.427352],[131.99126,34.427242],[131.99165,34.427232],[131.992386,34.4275],[131.993678,34.427785],[131.994235,34.427748],[131.994414,34.427573],[131.994536,34.427371],[131.994525,34.427067],[131.994313,34.426689],[131.993545,34.426256],[131.990502,34.425547],[131.989778,34.425224],[131.989578,34.424948],[131.9896,34.424662],[131.989745,34.424146],[131.989812,34.423538],[131.989767,34.423262],[131.989644,34.423207],[131.989366,34.423253],[131.988051,34.424027],[131.987906,34.424017],[131.987906,34.423907],[131.987995,34.423741],[131.988898,34.422792],[131.988887,34.422654],[131.988675,34.422562],[131.988207,34.422617],[131.986001,34.423207],[131.985611,34.423216],[131.985343,34.423151],[131.985109,34.42293],[131.984385,34.421373],[131.983805,34.420867],[131.983014,34.4206],[131.981889,34.420461],[131.981621,34.420406],[131.981543,34.420314],[131.981588,34.420176],[131.981933,34.419881],[131.982903,34.41942],[131.984284,34.418951],[131.984518,34.418785],[131.98473,34.418591],[131.984808,34.418389],[131.984797,34.418241],[131.984563,34.418112],[131.98405,34.418066],[131.983036,34.418131],[131.981677,34.418352],[131.979259,34.419033],[131.978691,34.419153],[131.978078,34.419144],[131.976139,34.418748],[131.974724,34.418849],[131.97313,34.419153],[131.971732,34.41959]]],[[[132.00519,34.390982],[132.005391,34.390789],[132.005568,34.389954],[132.006137,34.388999],[132.006217,34.388641],[132.006161,34.386452],[132.006249,34.386015],[132.006634,34.385458],[132.007003,34.385272],[132.008431,34.3851],[132.008672,34.384967],[132.008848,34.384788],[132.009009,34.384476],[132.009089,34.384025],[132.009209,34.383747],[132.009442,34.383515],[132.010068,34.383289],[132.011455,34.382924],[132.011848,34.382732],[132.012506,34.382228],[132.013185,34.381563],[132.013522,34.382026],[132.013512,34.38209],[132.01275,34.382827],[132.012488,34.383005],[132.011836,34.383222],[132.011625,34.383402],[132.011265,34.383852],[132.010777,34.38422],[132.010491,34.384297],[132.010035,34.384196],[132.009889,34.384207],[132.009733,34.384293],[132.009472,34.384951],[132.009399,34.385669],[132.009307,34.385787],[132.009102,34.385828],[132.008388,34.385717],[132.008041,34.385744],[132.007457,34.385949],[132.007077,34.386324],[132.006975,34.386696],[132.006914,34.387258],[132.006941,34.387675],[132.007019,34.387967],[132.007171,34.388035],[132.00738,34.387935],[132.007604,34.387937],[132.007899,34.388092],[132.007943,34.388195],[132.007948,34.38832],[132.007785,34.388707],[132.007053,34.38918],[132.006911,34.389309],[132.006813,34.389483],[132.006842,34.389569],[132.007244,34.389826],[132.00732,34.389956],[132.007359,34.390133],[132.007314,34.390417],[132.007036,34.390851],[132.006566,34.391317],[132.0056,34.39124],[132.00519,34.390982]]],[[[132.031778,34.551561],[132.031618,34.55096],[132.03177,34.550748],[132.032011,34.550529],[132.038548,34.547624],[132.045816,34.54405],[132.048399,34.542889],[132.049385,34.542597],[132.050412,34.542412],[132.051383,34.542319],[132.052787,34.542292],[132.05711,34.542299],[132.059188,34.542349],[132.060542,34.544357],[132.0607,34.544879],[132.060574,34.546026],[132.060258,34.546495],[132.060048,34.547025],[132.060048,34.547372],[132.06009,34.547572],[132.06028,34.547694],[132.060521,34.547703],[132.060805,34.547642],[132.061068,34.547459],[132.061478,34.547051],[132.061751,34.546599],[132.061993,34.545808],[132.061972,34.545],[132.061425,34.542507],[132.061509,34.541942],[132.061888,34.541368],[132.062508,34.539518],[132.062833,34.538979],[132.063243,34.538631],[132.063716,34.538579],[132.064273,34.538631],[132.064641,34.538892],[132.065009,34.539474],[132.065272,34.540013],[132.065619,34.540335],[132.066092,34.540595],[132.066544,34.540708],[132.066922,34.540951],[132.067206,34.541264],[132.067553,34.542993],[132.0677,34.543541],[132.06792,34.54394],[132.068341,34.544288],[132.070863,34.545791],[132.071116,34.546034],[132.071221,34.546391],[132.071137,34.546895],[132.070916,34.547555],[132.070706,34.548459],[132.070737,34.549944],[132.070664,34.550353],[132.06997,34.551474],[132.069854,34.551847],[132.069844,34.55223],[132.069917,34.552481],[132.070401,34.553203],[132.070443,34.553646],[132.07038,34.553906],[132.070201,34.554089],[132.069865,34.554271],[132.069381,34.554358],[132.06894,34.554341],[132.068309,34.554141],[132.067637,34.553681],[132.066701,34.552751],[132.066386,34.552577],[132.066102,34.552551],[132.065871,34.552577],[132.065787,34.552716],[132.065713,34.553316],[132.065608,34.553637],[132.065482,34.55382],[132.065188,34.553976],[132.06482,34.554045],[132.064431,34.554045],[132.063559,34.553794],[132.063149,34.553794],[132.062634,34.553959],[132.06131,34.554741],[132.059229,34.55481],[132.058703,34.554923],[132.057799,34.555331],[132.058577,34.553733],[132.058283,34.553124],[132.057799,34.551856],[132.057274,34.551569],[132.056464,34.551439],[132.056202,34.551343],[132.05596,34.550683],[132.055445,34.550379],[132.05514,34.550301],[132.05494,34.550066],[132.055003,34.549336],[132.054898,34.549041],[132.054572,34.548684],[132.053826,34.548276],[132.053479,34.547937],[132.05329,34.546955],[132.05307,34.546747],[132.051829,34.546321],[132.051083,34.545861],[132.050568,34.545661],[132.049738,34.545565],[132.048498,34.545739],[132.047552,34.546069],[132.04628,34.54679],[132.04586,34.547147],[132.045397,34.547685],[132.044546,34.54719],[132.044073,34.547129],[132.043621,34.547138],[132.042833,34.547651],[132.042717,34.547902],[132.042749,34.54825],[132.042906,34.548563],[132.043521,34.549232],[132.043516,34.549649],[132.042959,34.550709],[132.042465,34.551091],[132.04196,34.551248],[132.041508,34.55123],[132.040552,34.550857],[132.040079,34.550909],[132.035129,34.55183],[132.034267,34.551908],[132.033142,34.551821],[132.031778,34.551561]]],[[[132.034774,34.573908],[132.035191,34.573],[132.035448,34.573119],[132.035737,34.573404],[132.036074,34.573988],[132.036515,34.574949],[132.036603,34.575301],[132.036916,34.575679],[132.037509,34.576156],[132.038095,34.575692],[132.038721,34.574996],[132.038841,34.57479],[132.039193,34.575202],[132.039787,34.575529],[132.041368,34.576201],[132.041901,34.576519],[132.042308,34.576873],[132.042626,34.577263],[132.042725,34.578335],[132.04311,34.579171],[132.043274,34.579361],[132.043472,34.579389],[132.044977,34.578608],[132.045417,34.578553],[132.046207,34.578571],[132.047141,34.578744],[132.048262,34.579162],[132.049195,34.579779],[132.049657,34.580451],[132.049778,34.580878],[132.050052,34.581105],[132.050448,34.581178],[132.05103,34.581187],[132.051568,34.581132],[132.05181,34.580969],[132.052304,34.580306],[132.052766,34.580042],[132.053128,34.579706],[132.053414,34.579352],[132.054194,34.57878],[132.055259,34.57868],[132.055534,34.578735],[132.055677,34.57898],[132.055787,34.579988],[132.056028,34.580324],[132.056731,34.58066],[132.057907,34.581041],[132.058698,34.581223],[132.059577,34.581241],[132.05995,34.581096],[132.06062,34.580642],[132.06251,34.581441],[132.06385,34.581713],[132.065084,34.58179],[132.065084,34.582081],[132.065164,34.582546],[132.066929,34.58539],[132.06753,34.5862],[132.068164,34.586883],[132.070065,34.588574],[132.070498,34.589064],[132.070827,34.589615],[132.070964,34.590066],[132.070907,34.591657],[132.07098,34.592254],[132.071116,34.592619],[132.071469,34.593163],[132.072263,34.593899],[132.073282,34.595119],[132.074148,34.595941],[132.074389,34.596299],[132.074397,34.596598],[132.074317,34.596856],[132.073731,34.59736],[132.07248,34.59803],[132.071854,34.598282],[132.069335,34.598879],[132.068814,34.599124],[132.068541,34.59939],[132.068405,34.599761],[132.068268,34.600305],[132.068172,34.601439],[132.067955,34.60179],[132.067651,34.602042],[132.067282,34.602254],[132.067017,34.602321],[132.066471,34.602354],[132.06526,34.602327],[132.063207,34.602095],[132.060977,34.601969],[132.061089,34.602433],[132.061298,34.602752],[132.061771,34.603203],[132.062068,34.603647],[132.062019,34.603912],[132.061851,34.604304],[132.061538,34.605815],[132.061506,34.606923],[132.06088,34.607022],[132.060564,34.606111],[132.060555,34.605572],[132.060849,34.604448],[132.061024,34.604099],[132.060959,34.603597],[132.060794,34.603058],[132.060546,34.602724],[132.059986,34.602755],[132.05938,34.603043],[132.057616,34.603453],[132.057028,34.603544],[132.056449,34.603544],[132.055871,34.603392],[132.055246,34.603051],[132.055035,34.602777],[132.054943,34.602512],[132.054952,34.602155],[132.055044,34.601767],[132.055467,34.600947],[132.055678,34.60037],[132.055659,34.600059],[132.055531,34.599854],[132.055182,34.599793],[132.054392,34.600173],[132.054043,34.600218],[132.053795,34.600203],[132.053538,34.600089],[132.051994,34.598297],[132.051765,34.597895],[132.051636,34.597636],[132.051636,34.597249],[132.052068,34.596308],[132.052197,34.595784],[132.052224,34.594857],[132.052086,34.594364],[132.051746,34.593855],[132.051535,34.593293],[132.051462,34.59103],[132.051416,34.590696],[132.051223,34.590369],[132.049863,34.589739],[132.048421,34.588835],[132.047668,34.588281],[132.047089,34.58778],[132.046437,34.587059],[132.04618,34.586542],[132.046006,34.585745],[132.045996,34.584735],[132.046226,34.582518],[132.046198,34.580786],[132.046015,34.580703],[132.045675,34.580672],[132.045078,34.580703],[132.043443,34.581105],[132.042837,34.581151],[132.042377,34.581136],[132.041321,34.580687],[132.040935,34.580399],[132.040752,34.580118],[132.04065,34.579715],[132.040788,34.578835],[132.040779,34.578394],[132.040559,34.578075],[132.040154,34.577817],[132.037876,34.577073],[132.03716,34.576663],[132.036462,34.57604],[132.035589,34.575091],[132.034774,34.573908]],[[132.051755,34.581886],[132.051305,34.58224],[132.049184,34.582095],[132.048635,34.582885],[132.048668,34.583039],[132.049371,34.582967],[132.050063,34.582994],[132.050678,34.583185],[132.050876,34.583421],[132.050909,34.584429],[132.051283,34.58462],[132.051645,34.584946],[132.051964,34.585037],[132.052524,34.584983],[132.053337,34.584792],[132.05471,34.584211],[132.055029,34.584193],[132.055292,34.584411],[132.055391,34.584792],[132.055896,34.585546],[132.056621,34.586218],[132.056665,34.586518],[132.056643,34.586899],[132.055688,34.588279],[132.055402,34.589069],[132.055204,34.589805],[132.05527,34.590504],[132.055666,34.59104],[132.056325,34.591694],[132.05705,34.592339],[132.057665,34.592775],[132.058533,34.59312],[132.059126,34.593292],[132.059566,34.593492],[132.059796,34.593692],[132.059807,34.593928],[132.059752,34.594173],[132.059412,34.594573],[132.058775,34.594982],[132.058236,34.595154],[132.056786,34.595227],[132.055995,34.595336],[132.055721,34.595499],[132.055259,34.596044],[132.054985,34.596752],[132.054864,34.597297],[132.054886,34.597579],[132.055095,34.597715],[132.056424,34.59777],[132.056698,34.597988],[132.056808,34.598287],[132.056775,34.598732],[132.056665,34.599105],[132.056753,34.599477],[132.057127,34.600276],[132.057127,34.600703],[132.056709,34.601747],[132.057292,34.601829],[132.057764,34.600966],[132.057753,34.600576],[132.057379,34.599422],[132.057423,34.598523],[132.057303,34.597842],[132.057105,34.597098],[132.057094,34.596834],[132.057182,34.596671],[132.057401,34.596616],[132.057775,34.596698],[132.059071,34.596653],[132.060862,34.595281],[132.06151,34.594473],[132.061861,34.59391],[132.061894,34.593074],[132.061741,34.592766],[132.06151,34.592584],[132.061147,34.592466],[132.05973,34.592239],[132.059115,34.592085],[132.058544,34.591776],[132.057643,34.590958],[132.057511,34.59065],[132.057467,34.590132],[132.057687,34.589188],[132.058072,34.588588],[132.05839,34.587962],[132.058533,34.587544],[132.058533,34.586999],[132.058368,34.586363],[132.058072,34.5858],[132.057401,34.584965],[132.057028,34.583929],[132.056687,34.583503],[132.056402,34.583312],[132.055754,34.583139],[132.055051,34.583067],[132.05259,34.583439],[132.052513,34.58333],[132.052601,34.582467],[132.05259,34.582158],[132.052436,34.581959],[132.052096,34.581841],[132.051755,34.581886]]],[[[132.03834,34.516556],[132.038107,34.516582],[132.037313,34.516516],[132.035179,34.516071],[132.034457,34.515853],[132.032548,34.515064],[132.032171,34.515077],[132.031979,34.515183],[132.030599,34.516755],[132.030294,34.516953],[132.029861,34.517073],[132.020676,34.516814],[132.019449,34.517053],[132.018815,34.512902],[132.018647,34.512391],[132.018438,34.511993],[132.017283,34.510892],[132.017179,34.51074],[132.017179,34.51062],[132.017804,34.509944],[132.018743,34.509201],[132.019569,34.508651],[132.020676,34.508027],[132.024206,34.50625],[132.026708,34.505216],[132.027575,34.504917],[132.028497,34.504453],[132.031136,34.50257],[132.033928,34.500434],[132.034546,34.499844],[132.035508,34.49871],[132.036471,34.497961],[132.037489,34.497079],[132.037963,34.496456],[132.038404,34.495308],[132.038645,34.494227],[132.038629,34.493597],[132.038741,34.493365],[132.038845,34.493292],[132.039511,34.493405],[132.040281,34.493717],[132.041139,34.494174],[132.042695,34.495196],[132.043024,34.495182],[132.043121,34.494997],[132.04308,34.494387],[132.043217,34.494135],[132.043514,34.494015],[132.044027,34.494035],[132.044661,34.494201],[132.045327,34.494261],[132.045984,34.494181],[132.04649,34.494009],[132.049217,34.492868],[132.050164,34.492384],[132.050845,34.491807],[132.052001,34.49064],[132.05237,34.490388],[132.052979,34.490162],[132.053388,34.490076],[132.053549,34.489977],[132.053741,34.489718],[132.053862,34.48934],[132.053789,34.48564],[132.053172,34.484738],[132.052955,34.484293],[132.052835,34.483504],[132.052883,34.482264],[132.053107,34.481581],[132.05334,34.48113],[132.053926,34.48048],[132.054752,34.479784],[132.055562,34.479227],[132.056252,34.478882],[132.056485,34.478663],[132.056677,34.478285],[132.056741,34.477967],[132.056717,34.477383],[132.056493,34.476773],[132.056043,34.476037],[132.055418,34.475347],[132.054728,34.474804],[132.053749,34.47422],[132.052875,34.473769],[132.052379,34.472389],[132.05342,34.471791],[132.053608,34.471397],[132.05368,34.470787],[132.05368,34.470118],[132.053781,34.469784],[132.054071,34.469401],[132.055625,34.46785],[132.056492,34.467798],[132.057365,34.467507],[132.057841,34.467604],[132.058347,34.467852],[132.058602,34.46792],[132.059099,34.467937],[132.059866,34.46782],[132.060177,34.467816],[132.060876,34.468021],[132.062051,34.46862],[132.063296,34.46873],[132.063819,34.468901],[132.064182,34.468878],[132.066491,34.468397],[132.068354,34.467832],[132.068585,34.467671],[132.068555,34.46787],[132.068416,34.46805],[132.068184,34.468147],[132.06811,34.468224],[132.068117,34.468376],[132.06837,34.468843],[132.068364,34.46906],[132.068179,34.46943],[132.06794,34.469668],[132.067695,34.469795],[132.067143,34.470047],[132.066579,34.470199],[132.066414,34.470343],[132.066641,34.470791],[132.066855,34.471409],[132.067204,34.472064],[132.067242,34.47236],[132.066889,34.473047],[132.06645,34.473574],[132.06621,34.4738],[132.065666,34.47413],[132.065563,34.474267],[132.065392,34.474602],[132.065182,34.475452],[132.064942,34.475839],[132.064426,34.476182],[132.063405,34.476347],[132.063187,34.476453],[132.062484,34.477438],[132.061656,34.4782],[132.061563,34.478413],[132.061487,34.479377],[132.061385,34.479527],[132.061232,34.479617],[132.060567,34.479727],[132.05994,34.47995],[132.059385,34.480079],[132.058516,34.480135],[132.058135,34.480271],[132.057937,34.480544],[132.057813,34.481121],[132.057722,34.481321],[132.057473,34.481636],[132.057224,34.482199],[132.057216,34.482593],[132.057381,34.482942],[132.057389,34.483249],[132.057316,34.483448],[132.057149,34.483687],[132.057138,34.484003],[132.057286,34.484319],[132.057495,34.48448],[132.057611,34.484628],[132.057631,34.484728],[132.057459,34.485227],[132.057547,34.486152],[132.057526,34.486332],[132.057412,34.486576],[132.05804,34.486767],[132.058454,34.487034],[132.058703,34.487386],[132.058818,34.487997],[132.058949,34.488281],[132.059199,34.488639],[132.059715,34.489134],[132.060038,34.490151],[132.059841,34.490922],[132.059931,34.491884],[132.059889,34.492071],[132.059743,34.49227],[132.058387,34.49335],[132.057668,34.493734],[132.05737,34.493972],[132.057039,34.494416],[132.056909,34.49468],[132.056657,34.494876],[132.056209,34.495464],[132.055963,34.49564],[132.055765,34.495735],[132.055559,34.495764],[132.054904,34.495637],[132.054547,34.495625],[132.054136,34.495747],[132.053789,34.496013],[132.053626,34.496227],[132.053422,34.497248],[132.053336,34.497402],[132.053042,34.497599],[132.052881,34.497774],[132.052801,34.497944],[132.052758,34.498287],[132.052471,34.498698],[132.052204,34.498916],[132.05138,34.499086],[132.050452,34.499431],[132.049972,34.499672],[132.049586,34.499768],[132.04939,34.499688],[132.049173,34.499366],[132.049042,34.499277],[132.048927,34.499244],[132.048702,34.499276],[132.048526,34.499382],[132.048073,34.49999],[132.047486,34.500407],[132.047247,34.500265],[132.046812,34.500177],[132.046669,34.500178],[132.046514,34.500272],[132.0463,34.500293],[132.044857,34.499931],[132.043929,34.499399],[132.043562,34.499479],[132.042862,34.499737],[132.042332,34.499748],[132.041139,34.500267],[132.040626,34.499926],[132.039789,34.499761],[132.039558,34.499663],[132.039358,34.499494],[132.039255,34.499479],[132.038911,34.499639],[132.038252,34.500326],[132.037904,34.500585],[132.037632,34.5007],[132.037074,34.500795],[132.036549,34.50106],[132.036463,34.501155],[132.036516,34.501893],[132.036667,34.502215],[132.03698,34.502423],[132.037837,34.502523],[132.038194,34.502771],[132.038429,34.503047],[132.038487,34.503222],[132.038488,34.503609],[132.038641,34.503947],[132.039057,34.504387],[132.039372,34.504632],[132.04001,34.504737],[132.040139,34.504846],[132.040355,34.505663],[132.040698,34.506164],[132.041221,34.506419],[132.041744,34.506865],[132.042266,34.506803],[132.042417,34.506834],[132.042554,34.506875],[132.042629,34.507088],[132.042498,34.508017],[132.041975,34.508411],[132.041618,34.508601],[132.040992,34.508696],[132.040149,34.508738],[132.03946,34.508686],[132.038758,34.508506],[132.03623,34.507472],[132.034544,34.506564],[132.034557,34.507936],[132.034749,34.508517],[132.034889,34.50877],[132.035757,34.509382],[132.035808,34.509773],[132.035719,34.510554],[132.035476,34.51182],[132.035502,34.512485],[132.035655,34.512992],[132.036587,34.514618],[132.036932,34.514966],[132.0372,34.515019],[132.038388,34.51505],[132.038681,34.515145],[132.038834,34.51543],[132.038847,34.515694],[132.038694,34.516085],[132.03834,34.516556]]],[[[132.108071,34.639198],[132.108436,34.639712],[132.108641,34.64016],[132.108762,34.640598],[132.108882,34.640678],[132.110388,34.64019],[132.110894,34.64013],[132.111568,34.64018],[132.111689,34.64026],[132.111689,34.640399],[132.110665,34.641355],[132.11052,34.641624],[132.110556,34.641863],[132.110737,34.642022],[132.110942,34.642022],[132.111713,34.641694],[132.115881,34.639135],[132.116519,34.638686],[132.117458,34.639573],[132.116977,34.64029],[132.116989,34.640638],[132.117061,34.640817],[132.119133,34.641694],[132.119807,34.642122],[132.117673,34.643065],[132.115074,34.643907],[132.114312,34.644033],[132.113334,34.644],[132.112074,34.644073],[132.111336,34.644325],[132.110654,34.64449],[132.109804,34.64461],[132.108834,34.644497],[132.108272,34.644344],[132.107133,34.644371],[132.10601,34.644855],[132.10544,34.644902],[132.105015,34.644802],[132.104943,34.644596],[132.104967,34.643416],[132.105208,34.642521],[132.105938,34.640883],[132.106347,34.640465],[132.108071,34.639198]]],[[[132.111031,34.596531],[132.112261,34.596044],[132.113265,34.595458],[132.113939,34.594967],[132.114396,34.594722],[132.115218,34.594741],[132.116325,34.594911],[132.117319,34.594977],[132.118301,34.594949],[132.11926,34.594779],[132.120173,34.59442],[132.121635,34.59358],[132.122685,34.592608],[132.123393,34.591711],[132.124009,34.591031],[132.125733,34.59241],[132.124854,34.593042],[132.124877,34.59426],[132.124774,34.594977],[132.12482,34.595345],[132.125026,34.595704],[132.125231,34.596431],[132.125197,34.597035],[132.124678,34.597651],[132.124075,34.598126],[132.123492,34.598496],[132.122605,34.597903],[132.121977,34.597771],[132.121189,34.597752],[132.120538,34.59795],[132.118997,34.597903],[132.118323,34.597676],[132.117947,34.597478],[132.117832,34.597167],[132.11765,34.596969],[132.11693,34.596912],[132.115994,34.596204],[132.115092,34.596176],[132.11403,34.595723],[132.113562,34.596147],[132.11306,34.596402],[132.1125,34.596582],[132.111375,34.597316],[132.111031,34.596531]]],[[[132.115844,34.603408],[132.116108,34.603548],[132.116554,34.603529],[132.116771,34.603425],[132.117033,34.602953],[132.116999,34.602254],[132.117307,34.601631],[132.117834,34.601619],[132.117637,34.601763],[132.117554,34.602757],[132.118035,34.603275],[132.118185,34.603512],[132.118189,34.603596],[132.117907,34.603701],[132.117696,34.603853],[132.11762,34.60411],[132.117294,34.604501],[132.116926,34.606246],[132.116549,34.606643],[132.116546,34.606719],[132.116927,34.60762],[132.116981,34.607721],[132.117119,34.607819],[132.117201,34.608027],[132.117226,34.608273],[132.117172,34.608437],[132.116844,34.60866],[132.116788,34.608889],[132.116811,34.609732],[132.116934,34.610041],[132.11709,34.61026],[132.11707,34.61052],[132.11687,34.610914],[132.117056,34.611179],[132.117097,34.611489],[132.116375,34.612271],[132.116368,34.612514],[132.11643,34.61257],[132.116908,34.612612],[132.117172,34.612711],[132.117552,34.612993],[132.118125,34.613707],[132.118369,34.61417],[132.119269,34.615149],[132.119407,34.615919],[132.119576,34.616123],[132.120522,34.616771],[132.121134,34.616897],[132.121455,34.617356],[132.121727,34.617576],[132.121871,34.618207],[132.122335,34.618811],[132.122392,34.619035],[132.122089,34.620019],[132.122095,34.620161],[132.12228,34.620531],[132.122293,34.620764],[132.122006,34.621287],[132.12192,34.621647],[132.122224,34.622036],[132.122731,34.622341],[132.123026,34.622606],[132.123056,34.623312],[132.123282,34.623666],[132.124009,34.624307],[132.124291,34.624631],[132.124568,34.625082],[132.12493,34.625275],[132.125372,34.625822],[132.125693,34.625985],[132.126296,34.62604],[132.126597,34.626142],[132.126741,34.626573],[132.126695,34.627358],[132.127884,34.627751],[132.128048,34.627833],[132.128238,34.62802],[132.128537,34.628016],[132.129006,34.628152],[132.1295,34.628419],[132.130042,34.628874],[132.130595,34.628946],[132.130805,34.629165],[132.130561,34.629708],[132.130252,34.630063],[132.130359,34.630582],[132.130404,34.631501],[132.130123,34.631968],[132.13006,34.632195],[132.130415,34.633064],[132.130529,34.633255],[132.130779,34.633479],[132.130871,34.633651],[132.130733,34.633939],[132.130538,34.634104],[132.130498,34.634581],[132.129611,34.635022],[132.129042,34.636473],[132.128858,34.636627],[132.128519,34.636706],[132.12828,34.637167],[132.128093,34.637673],[132.127849,34.637871],[132.127509,34.638336],[132.127063,34.638385],[132.127018,34.638425],[132.126801,34.638739],[132.126725,34.639037],[132.126759,34.639252],[132.126906,34.639482],[132.127053,34.639571],[132.127338,34.640216],[132.127535,34.640514],[132.127543,34.640826],[132.127726,34.641409],[132.127751,34.64178],[132.128198,34.641796],[132.128307,34.641924],[132.126954,34.642541],[132.126345,34.642726],[132.126071,34.642132],[132.125686,34.641047],[132.125613,34.640598],[132.125613,34.640071],[132.125686,34.639662],[132.126312,34.638756],[132.12683,34.638298],[132.129143,34.634673],[132.129239,34.634315],[132.128998,34.633429],[132.128998,34.632931],[132.129432,34.631467],[132.129468,34.63074],[132.129372,34.630222],[132.129095,34.629913],[132.127842,34.629326],[132.127215,34.629127],[132.126204,34.628499],[132.125565,34.628011],[132.12474,34.626983],[132.122021,34.624132],[132.121099,34.622931],[132.120722,34.622308],[132.120513,34.621685],[132.120417,34.620816],[132.120449,34.619881],[132.120393,34.619456],[132.12032,34.619145],[132.120152,34.61886],[132.119943,34.618654],[132.118949,34.618057],[132.118684,34.617825],[132.117713,34.616704],[132.115331,34.613329],[132.115195,34.612825],[132.115443,34.610683],[132.11554,34.609357],[132.115491,34.607235],[132.115299,34.60553],[132.115347,34.605106],[132.115794,34.603909],[132.115884,34.603541],[132.115844,34.603408]]],[[[132.198519,34.748147],[132.200537,34.747252],[132.201276,34.747642],[132.200278,34.748287],[132.199694,34.748792],[132.199625,34.749091],[132.199736,34.749287],[132.20057,34.749723],[132.201307,34.750011],[132.201571,34.749999],[132.202447,34.749723],[132.202656,34.749804],[132.202823,34.74993],[132.203129,34.750333],[132.203351,34.750413],[132.203713,34.750379],[132.204074,34.750229],[132.204658,34.749723],[132.205507,34.748735],[132.205515,34.747684],[132.205918,34.747156],[132.206321,34.746758],[132.206483,34.746397],[132.20677,34.746007],[132.207751,34.745776],[132.208654,34.745496],[132.209347,34.745444],[132.209532,34.74497],[132.209649,34.744905],[132.209886,34.744881],[132.212816,34.745129],[132.214455,34.745413],[132.214709,34.7455],[132.217483,34.747304],[132.218126,34.74759],[132.21859,34.747909],[132.219677,34.748358],[132.220518,34.748857],[132.22116,34.748969],[132.22197,34.749189],[132.222384,34.749539],[132.2225,34.749717],[132.222433,34.749961],[132.222116,34.750481],[132.221897,34.751101],[132.221601,34.751449],[132.22083,34.751494],[132.220413,34.751655],[132.219982,34.752023],[132.219567,34.752466],[132.214823,34.753122],[132.213874,34.753189],[132.21202,34.753093],[132.21125,34.752959],[132.20986,34.752605],[132.209223,34.752523],[132.20873,34.752547],[132.208325,34.752648],[132.208244,34.752767],[132.208244,34.75317],[132.208151,34.753356],[132.207532,34.753572],[132.207323,34.753787],[132.206993,34.7543],[132.206755,34.754371],[132.20657,34.754371],[132.206344,34.754209],[132.206078,34.75384],[132.205939,34.75384],[132.205533,34.754094],[132.204844,34.754233],[132.204734,34.754166],[132.204317,34.75362],[132.204149,34.753553],[132.203981,34.753653],[132.203471,34.754424],[132.20328,34.754544],[132.20313,34.754443],[132.202979,34.754094],[132.202846,34.753926],[132.20273,34.753907],[132.202672,34.754008],[132.202603,34.754438],[132.202481,34.75464],[132.202261,34.754687],[132.20196,34.754654],[132.201751,34.75451],[132.201525,34.754505],[132.200819,34.754668],[132.20046,34.754659],[132.200297,34.754582],[132.200048,34.754271],[132.199886,34.753873],[132.199753,34.753773],[132.199649,34.753811],[132.199481,34.754137],[132.199487,34.754438],[132.199585,34.75474],[132.199527,34.754855],[132.199342,34.754855],[132.198595,34.75384],[132.198734,34.753323],[132.198658,34.753189],[132.198363,34.752935],[132.198404,34.752399],[132.198351,34.752308],[132.198253,34.752274],[132.19783,34.752451],[132.197471,34.752978],[132.197164,34.753093],[132.196747,34.753165],[132.196585,34.753514],[132.196417,34.753615],[132.196237,34.753639],[132.195687,34.753433],[132.195473,34.753419],[132.195137,34.75361],[132.194778,34.753739],[132.194448,34.753692],[132.194149,34.75349],[132.194196,34.752954],[132.194648,34.752035],[132.195377,34.750943],[132.196142,34.750033],[132.197069,34.74921],[132.198519,34.748147]]],[[[132.333801,34.790042],[132.334613,34.790014],[132.335007,34.790236],[132.335314,34.790274],[132.336904,34.790131],[132.33746,34.790201],[132.337049,34.791169],[132.336623,34.79245],[132.335449,34.792266],[132.334246,34.792279],[132.333801,34.790042]]],[[[131.957703,34.444146],[131.9582,34.44408],[131.959524,34.443762],[131.961553,34.442926],[131.961898,34.442701],[131.962411,34.441958],[131.963045,34.441222],[131.963478,34.440386],[131.963919,34.439915],[131.964569,34.439597],[131.965275,34.439431],[131.965829,34.439445],[131.966206,34.439504],[131.966751,34.439736],[131.967321,34.440154],[131.967938,34.440459],[131.968909,34.440691],[131.96939,34.440691],[131.970786,34.44026],[131.971997,34.440055],[131.972615,34.440114],[131.973874,34.440406],[131.976329,34.440831],[131.976987,34.441043],[131.977299,34.441388],[131.978005,34.442004],[131.97977,34.44284],[131.980179,34.442973],[131.980677,34.443045],[131.984246,34.442316],[131.987383,34.441951],[131.987744,34.441839],[131.987896,34.441719],[131.988,34.44152],[131.987952,34.441222],[131.986741,34.43912],[131.986163,34.438012],[131.986019,34.437541],[131.985979,34.435433],[131.985899,34.434955],[131.985706,34.434478],[131.985345,34.43408],[131.984832,34.433708],[131.984005,34.43331],[131.98285,34.432959],[131.982521,34.432667],[131.981759,34.431275],[131.981045,34.43022],[131.979882,34.428775],[131.979249,34.428184],[131.978005,34.427335],[131.977332,34.427123],[131.975751,34.427077],[131.975406,34.427011],[131.975053,34.426705],[131.974396,34.425691],[131.974019,34.425313],[131.973377,34.424948],[131.972888,34.424816],[131.972158,34.424723],[131.971299,34.424504],[131.970914,34.424298],[131.970545,34.423821],[131.970048,34.42264],[131.96996,34.421891],[131.969984,34.421573],[131.970136,34.421274],[131.970449,34.420963],[131.971516,34.420193],[131.971652,34.419955],[131.971732,34.41959],[131.97313,34.419153],[131.974724,34.418849],[131.976139,34.418748],[131.978078,34.419144],[131.978691,34.419153],[131.979259,34.419033],[131.981677,34.418352],[131.983036,34.418131],[131.98405,34.418066],[131.984563,34.418112],[131.984797,34.418241],[131.984808,34.418389],[131.98473,34.418591],[131.984284,34.418951],[131.982903,34.41942],[131.981933,34.419881],[131.981588,34.420176],[131.981543,34.420314],[131.981621,34.420406],[131.983014,34.4206],[131.983805,34.420867],[131.984385,34.421373],[131.985109,34.42293],[131.985343,34.423151],[131.985611,34.423216],[131.986001,34.423207],[131.988207,34.422617],[131.988675,34.422562],[131.988887,34.422654],[131.988898,34.422792],[131.987995,34.423741],[131.987906,34.423907],[131.987906,34.424017],[131.988051,34.424027],[131.989366,34.423253],[131.989644,34.423207],[131.989767,34.423262],[131.989812,34.423538],[131.989745,34.424146],[131.9896,34.424662],[131.989578,34.424948],[131.989778,34.425224],[131.990502,34.425547],[131.993545,34.426256],[131.994313,34.426689],[131.994525,34.427067],[131.994536,34.427371],[131.994414,34.427573],[131.994235,34.427748],[131.993678,34.427785],[131.992386,34.4275],[131.99165,34.427232],[131.99126,34.427242],[131.991015,34.427352],[131.990959,34.427509],[131.991149,34.427739],[131.991561,34.427942],[131.993489,34.428494],[131.993834,34.42878],[131.994035,34.429388],[131.994202,34.429563],[131.994469,34.429683],[131.995472,34.42995],[131.995807,34.430189],[131.995918,34.430521],[131.995963,34.431829],[131.996085,34.432225],[131.996275,34.432446],[131.99672,34.43264],[131.998503,34.432732],[131.99876,34.43287],[131.998949,34.43311],[131.998938,34.43357],[131.99886,34.434003],[131.99886,34.434657],[131.998916,34.434925],[131.999038,34.434998],[131.999205,34.435017],[131.999439,34.434925],[131.999629,34.434703],[131.99974,34.434409],[131.999863,34.431617],[131.999963,34.431378],[132.000086,34.431323],[132.00032,34.431378],[132.001545,34.432308],[132.002348,34.433064],[132.003061,34.433856],[132.004844,34.436279],[132.006872,34.438536],[132.007864,34.440176],[132.008231,34.441041],[132.008465,34.441244],[132.0088,34.441382],[132.009446,34.441465],[132.010315,34.441686],[132.010839,34.441898],[132.012767,34.443317],[132.014483,34.445012],[132.014706,34.445362],[132.014761,34.446025],[132.014694,34.446357],[132.014394,34.446725],[132.011218,34.449203],[132.009635,34.450548],[132.008187,34.451903],[132.006654,34.45408],[132.006414,34.453987],[132.005836,34.453961],[132.002916,34.454034],[132.002491,34.453908],[132.00205,34.453543],[132.001448,34.452721],[132.000991,34.452277],[132.00051,34.452084],[131.999748,34.451965],[131.998873,34.451739],[131.996804,34.450692],[131.996355,34.450526],[131.995857,34.450493],[131.995528,34.450592],[131.995119,34.450897],[131.994967,34.450566],[131.994991,34.450181],[131.99536,34.449047],[131.995553,34.448218],[131.995585,34.447867],[131.995408,34.447648],[131.994999,34.447369],[131.994036,34.446885],[131.993579,34.446534],[131.99224,34.445247],[131.991855,34.445187],[131.991381,34.445241],[131.990916,34.445466],[131.990531,34.44593],[131.99013,34.446752],[131.989697,34.447853],[131.98948,34.448278],[131.989183,34.448556],[131.988229,34.448815],[131.986015,34.449193],[131.985526,34.449405],[131.98506,34.449723],[131.984707,34.450247],[131.984427,34.450818],[131.984122,34.451706],[131.983721,34.452668],[131.982886,34.453974],[131.982509,34.454664],[131.982357,34.455155],[131.982405,34.455612],[131.98287,34.457078],[131.982911,34.457462],[131.982806,34.457907],[131.982582,34.458364],[131.98214,34.458809],[131.981362,34.459127],[131.980175,34.459465],[131.97976,34.459707],[131.978725,34.459409],[131.977979,34.459107],[131.977017,34.458474],[131.976455,34.458009],[131.975942,34.457728],[131.97544,34.457559],[131.973662,34.457118],[131.973076,34.456866],[131.972266,34.456275],[131.970605,34.454883],[131.970204,34.454624],[131.969635,34.454604],[131.969298,34.454737],[131.968375,34.455506],[131.967718,34.455751],[131.966923,34.456249],[131.966643,34.456335],[131.96621,34.456335],[131.965817,34.456262],[131.965415,34.456063],[131.965159,34.455864],[131.964653,34.454929],[131.964308,34.454472],[131.963931,34.4541],[131.963611,34.453875],[131.962905,34.453649],[131.962688,34.45343],[131.961108,34.451249],[131.960667,34.450824],[131.959937,34.450353],[131.959495,34.449969],[131.959295,34.44967],[131.95895,34.448556],[131.958501,34.447489],[131.958284,34.447104],[131.958112,34.446328],[131.958112,34.445519],[131.957999,34.444803],[131.957703,34.444146]]],[[[131.980252,34.400963],[131.983492,34.399298],[131.986933,34.397832],[131.987463,34.397706],[131.989131,34.397792],[131.989532,34.397673],[131.990545,34.397086],[131.990634,34.398766],[131.990577,34.399091],[131.990222,34.399478],[131.990222,34.400298],[131.990353,34.400964],[131.990353,34.401289],[131.990203,34.401537],[131.989454,34.402063],[131.988293,34.4031],[131.988031,34.403255],[131.987881,34.403224],[131.987713,34.402868],[131.987319,34.402311],[131.987319,34.40132],[131.987132,34.40084],[131.986945,34.400066],[131.986945,34.399571],[131.987039,34.399308],[131.98687,34.399215],[131.985915,34.399137],[131.985709,34.399168],[131.985709,34.399432],[131.985803,34.39988],[131.985971,34.400283],[131.986664,34.401274],[131.986271,34.401614],[131.987844,34.404431],[131.987994,34.40519],[131.987994,34.405654],[131.987844,34.406072],[131.987619,34.406397],[131.987282,34.406536],[131.986814,34.406583],[131.986308,34.406552],[131.985485,34.406087],[131.984679,34.404818],[131.984099,34.404261],[131.983425,34.403843],[131.982751,34.403054],[131.982077,34.402094],[131.981253,34.401521],[131.980252,34.400963]]],[[[132.029019,34.47101],[132.029166,34.467146],[132.029126,34.466523],[132.029166,34.465786],[132.029285,34.465409],[132.029978,34.464622],[132.030752,34.463885],[132.031009,34.463098],[132.031081,34.462532],[132.031647,34.462809],[132.032134,34.462946],[132.033416,34.463101],[132.034884,34.463446],[132.035056,34.463646],[132.03507,34.464129],[132.035133,34.464226],[132.035423,34.464424],[132.036142,34.464537],[132.03635,34.464671],[132.036384,34.464973],[132.036292,34.465304],[132.036298,34.465438],[132.036409,34.465769],[132.036523,34.465953],[132.036785,34.466171],[132.037361,34.466346],[132.03753,34.466523],[132.037671,34.466781],[132.037668,34.4669],[132.037464,34.467308],[132.037259,34.467907],[132.03726,34.46812],[132.037307,34.468209],[132.037477,34.468292],[132.038132,34.468366],[132.038377,34.468447],[132.03865,34.468599],[132.038993,34.468885],[132.03936,34.468782],[132.039653,34.468602],[132.040171,34.468414],[132.040499,34.468215],[132.040939,34.468027],[132.041465,34.467966],[132.041694,34.468021],[132.042391,34.468336],[132.043082,34.468969],[132.043303,34.469051],[132.044152,34.469095],[132.044539,34.469215],[132.045407,34.469362],[132.045864,34.469489],[132.045937,34.46949],[132.046315,34.469213],[132.046497,34.469155],[132.046705,34.469182],[132.047084,34.469382],[132.047349,34.469388],[132.047893,34.469069],[132.048555,34.468938],[132.048682,34.468874],[132.049054,34.468036],[132.049243,34.46772],[132.04952,34.466977],[132.049842,34.466391],[132.049997,34.466284],[132.05058,34.466161],[132.051387,34.466165],[132.052296,34.466282],[132.052715,34.466384],[132.053995,34.466937],[132.054502,34.467531],[132.054724,34.467674],[132.054884,34.467742],[132.055625,34.46785],[132.054071,34.469401],[132.053781,34.469784],[132.05368,34.470118],[132.05368,34.470787],[132.053608,34.471397],[132.05342,34.471791],[132.052379,34.472389],[132.052875,34.473769],[132.051744,34.474446],[132.050316,34.475639],[132.049979,34.475798],[132.049177,34.475931],[132.048158,34.475878],[132.047051,34.475692],[132.045535,34.475719],[132.044621,34.475885],[132.042503,34.476601],[132.042014,34.475898],[132.041588,34.475646],[132.040265,34.47546],[132.036711,34.474227],[132.036013,34.473928],[132.035179,34.473259],[132.033751,34.472251],[132.031714,34.471461],[132.030815,34.471223],[132.029019,34.47101]]],[[[132.031778,34.551561],[132.033142,34.551821],[132.034267,34.551908],[132.034645,34.552742],[132.035181,34.553385],[132.035717,34.553811],[132.036295,34.554063],[132.036968,34.554141],[132.039722,34.554106],[132.04154,34.554376],[132.042822,34.554332],[132.043905,34.554202],[132.044735,34.553959],[132.045418,34.553672],[132.046343,34.553654],[132.04814,34.553828],[132.049454,34.554072],[132.049959,34.55435],[132.050274,34.554854],[132.051451,34.557113],[132.05205,34.558121],[132.052218,34.558355],[132.052386,34.558373],[132.053122,34.557921],[132.053921,34.557669],[132.054657,34.557512],[132.054982,34.557373],[132.056233,34.556426],[132.057799,34.555331],[132.058703,34.554923],[132.059229,34.55481],[132.06131,34.554741],[132.062634,34.553959],[132.063149,34.553794],[132.063559,34.553794],[132.064431,34.554045],[132.06482,34.554045],[132.065188,34.553976],[132.065482,34.55382],[132.065608,34.553637],[132.065713,34.553316],[132.065787,34.552716],[132.065871,34.552577],[132.066386,34.552577],[132.066701,34.552751],[132.067637,34.553681],[132.068309,34.554141],[132.06894,34.554341],[132.069381,34.554358],[132.069865,34.554271],[132.070201,34.554089],[132.07038,34.553906],[132.070443,34.553646],[132.070401,34.553203],[132.069917,34.552481],[132.069844,34.55223],[132.069854,34.551847],[132.06997,34.551474],[132.070664,34.550353],[132.070737,34.549944],[132.070706,34.548459],[132.070916,34.547555],[132.071137,34.546895],[132.071221,34.546391],[132.071116,34.546034],[132.070863,34.545791],[132.068341,34.544288],[132.06792,34.54394],[132.0677,34.543541],[132.067553,34.542993],[132.067206,34.541264],[132.066922,34.540951],[132.066544,34.540708],[132.066092,34.540595],[132.065619,34.540335],[132.065272,34.540013],[132.065009,34.539474],[132.064641,34.538892],[132.064273,34.538631],[132.063716,34.538579],[132.063243,34.538631],[132.062833,34.538979],[132.062508,34.539518],[132.061888,34.541368],[132.061509,34.541942],[132.061425,34.542507],[132.061972,34.545],[132.061993,34.545808],[132.061751,34.546599],[132.061478,34.547051],[132.061068,34.547459],[132.060805,34.547642],[132.060521,34.547703],[132.06028,34.547694],[132.06009,34.547572],[132.060048,34.547025],[132.060258,34.546495],[132.060574,34.546026],[132.0607,34.544879],[132.060542,34.544357],[132.059188,34.542349],[132.059332,34.542352],[132.061739,34.539142],[132.062108,34.538287],[132.062364,34.537272],[132.062517,34.536609],[132.062533,34.535893],[132.061538,34.535157],[132.060912,34.534461],[132.06056,34.534308],[132.059156,34.534229],[132.058691,34.534063],[132.058177,34.533778],[132.056677,34.532584],[132.055995,34.532551],[132.055057,34.532677],[132.053926,34.532929],[132.053316,34.533008],[132.052386,34.532869],[132.051656,34.532445],[132.051046,34.531848],[132.050244,34.530833],[132.048824,34.528777],[132.047075,34.525594],[132.046297,34.52393],[132.045936,34.52255],[132.045527,34.52005],[132.045246,34.519812],[132.044573,34.519573],[132.041444,34.51895],[132.040971,34.518976],[132.040514,34.519135],[132.039567,34.519672],[132.039134,34.519858],[132.038845,34.519858],[132.038564,34.519752],[132.038396,34.519507],[132.038396,34.51879],[132.038709,34.51761],[132.038661,34.517099],[132.03834,34.516556],[132.038694,34.516085],[132.038847,34.515694],[132.038834,34.51543],[132.038681,34.515145],[132.038388,34.51505],[132.0372,34.515019],[132.036932,34.514966],[132.036587,34.514618],[132.035655,34.512992],[132.035502,34.512485],[132.035476,34.51182],[132.035719,34.510554],[132.035808,34.509773],[132.035757,34.509382],[132.034889,34.50877],[132.034749,34.508517],[132.034557,34.507936],[132.034544,34.506564],[132.03623,34.507472],[132.038758,34.508506],[132.03946,34.508686],[132.040149,34.508738],[132.040992,34.508696],[132.041618,34.508601],[132.041975,34.508411],[132.042498,34.508017],[132.042676,34.508572],[132.042923,34.508893],[132.043179,34.508986],[132.043771,34.508881],[132.043909,34.508902],[132.043991,34.508977],[132.045171,34.510366],[132.045594,34.510785],[132.045912,34.511246],[132.047125,34.512474],[132.047247,34.512716],[132.047358,34.51319],[132.047668,34.51383],[132.047708,34.514024],[132.047631,34.514271],[132.047431,34.514535],[132.047437,34.514744],[132.047881,34.515301],[132.048222,34.515387],[132.048805,34.515367],[132.048969,34.515799],[132.048965,34.516195],[132.048877,34.516475],[132.047962,34.518055],[132.047574,34.518438],[132.047287,34.518849],[132.047797,34.519536],[132.047914,34.519789],[132.047982,34.520093],[132.047943,34.52057],[132.047873,34.520846],[132.047737,34.521067],[132.047768,34.521347],[132.047836,34.52149],[132.048288,34.521918],[132.048383,34.522076],[132.048615,34.523309],[132.049045,34.524364],[132.049681,34.525312],[132.050512,34.525915],[132.050642,34.526175],[132.0507,34.526439],[132.050639,34.526981],[132.050712,34.527235],[132.050836,34.527506],[132.051145,34.527842],[132.051206,34.528255],[132.051368,34.528599],[132.051924,34.528924],[132.052177,34.529162],[132.052408,34.529802],[132.052379,34.530276],[132.052712,34.530266],[132.053294,34.52993],[132.053907,34.529734],[132.054417,34.529723],[132.05486,34.529924],[132.055231,34.530025],[132.055763,34.529881],[132.056362,34.529852],[132.056682,34.52992],[132.05704,34.529905],[132.057614,34.529571],[132.057791,34.529543],[132.058203,34.529737],[132.058702,34.530185],[132.058722,34.530354],[132.058649,34.530622],[132.058803,34.531077],[132.058926,34.531182],[132.059249,34.531271],[132.060572,34.531289],[132.061017,34.531446],[132.061528,34.531734],[132.062579,34.531914],[132.063066,34.532193],[132.063504,34.532686],[132.063328,34.533386],[132.063337,34.533636],[132.063749,34.534033],[132.063913,34.534064],[132.064511,34.53384],[132.06479,34.533817],[132.066239,34.534498],[132.06678,34.534863],[132.066882,34.534856],[132.067513,34.534127],[132.067624,34.53411],[132.068803,34.534274],[132.069315,34.534428],[132.07058,34.534521],[132.071767,34.53485],[132.072051,34.534869],[132.072421,34.534814],[132.073608,34.534931],[132.074142,34.534893],[132.074299,34.534946],[132.074682,34.535448],[132.075231,34.535597],[132.07543,34.535792],[132.075572,34.535993],[132.075843,34.536709],[132.075974,34.536917],[132.077341,34.536738],[132.078284,34.536804],[132.078942,34.536571],[132.07989,34.536543],[132.080084,34.536637],[132.080333,34.536857],[132.080835,34.537091],[132.081476,34.537185],[132.082764,34.537171],[132.083318,34.537267],[132.08385,34.537466],[132.084346,34.537906],[132.08457,34.538294],[132.084864,34.538575],[132.085011,34.538799],[132.085201,34.539331],[132.086292,34.539961],[132.088165,34.541519],[132.088331,34.542067],[132.088767,34.544083],[132.089052,34.544534],[132.087993,34.54605],[132.087993,34.546488],[132.088228,34.546597],[132.088713,34.546658],[132.089183,34.54684],[132.089433,34.547047],[132.089448,34.547314],[132.08936,34.547606],[132.08739,34.54955],[132.08739,34.54972],[132.087537,34.549781],[132.087905,34.549781],[132.089198,34.549441],[132.090859,34.548833],[132.091609,34.548809],[132.092256,34.548943],[132.093343,34.548882],[132.094034,34.548918],[132.094725,34.549295],[132.095343,34.549903],[132.096078,34.550911],[132.097209,34.552795],[132.098003,34.554423],[132.098297,34.556574],[132.098371,34.55689],[132.098503,34.557],[132.098753,34.557012],[132.099503,34.556842],[132.100002,34.556793],[132.100443,34.556914],[132.101913,34.558859],[132.102207,34.558956],[132.102399,34.55892],[132.102663,34.558701],[132.103089,34.558045],[132.103295,34.557947],[132.103898,34.558008],[132.104515,34.558276],[132.105147,34.558664],[132.106441,34.560366],[132.107147,34.561071],[132.108087,34.561824],[132.108969,34.56242],[132.110028,34.562979],[132.11066,34.563064],[132.11285,34.563064],[132.114091,34.563522],[132.114203,34.564054],[132.114407,34.564388],[132.115037,34.564667],[132.115184,34.564798],[132.115378,34.565637],[132.115788,34.5663],[132.115931,34.566787],[132.115868,34.567799],[132.11595,34.567933],[132.116106,34.569699],[132.1159,34.570331],[132.115665,34.570817],[132.115283,34.571206],[132.115018,34.571716],[132.115018,34.572129],[132.115812,34.575994],[132.116488,34.578327],[132.116723,34.579469],[132.116723,34.579955],[132.116841,34.580855],[132.117253,34.581754],[132.118017,34.583188],[132.119281,34.585157],[132.121369,34.589045],[132.123361,34.591751],[132.122685,34.592608],[132.121635,34.59358],[132.120173,34.59442],[132.11926,34.594779],[132.118301,34.594949],[132.117319,34.594977],[132.116325,34.594911],[132.115218,34.594741],[132.114396,34.594722],[132.113939,34.594967],[132.113265,34.595458],[132.112261,34.596044],[132.111031,34.596531],[132.110053,34.596777],[132.108497,34.596823],[132.108184,34.596876],[132.107686,34.597075],[132.107382,34.597128],[132.106892,34.597115],[132.106459,34.596943],[132.106034,34.596843],[132.105697,34.596843],[132.10524,34.596949],[132.104614,34.597009],[132.103435,34.597009],[132.10305,34.597075],[132.102617,34.597261],[132.101919,34.597672],[132.100395,34.598786],[132.099857,34.599025],[132.095734,34.599661],[132.095389,34.599668],[132.095205,34.599608],[132.094972,34.599396],[132.094611,34.597506],[132.094306,34.596976],[132.093641,34.596299],[132.092133,34.594993],[132.091242,34.594303],[132.091074,34.594058],[132.091018,34.593753],[132.091034,34.593521],[132.091427,34.59303],[132.093288,34.591014],[132.09332,34.590848],[132.093272,34.590762],[132.091739,34.590371],[132.091804,34.589031],[132.091788,34.588441],[132.091595,34.587791],[132.089806,34.584681],[132.089678,34.584376],[132.089694,34.584024],[132.08983,34.583733],[132.090416,34.582864],[132.09048,34.582493],[132.090472,34.582101],[132.090247,34.581637],[132.089734,34.580921],[132.088675,34.579866],[132.087015,34.578613],[132.085651,34.57803],[132.084536,34.577678],[132.083614,34.577479],[132.08302,34.577426],[132.082442,34.577492],[132.081857,34.577698],[132.081183,34.577804],[132.080838,34.577804],[132.080261,34.577665],[132.078728,34.576922],[132.077886,34.576431],[132.077341,34.576266],[132.076683,34.576279],[132.075736,34.576398],[132.072584,34.576988],[132.070137,34.5773],[132.06733,34.577439],[132.065902,34.578315],[132.065276,34.57852],[132.064458,34.578633],[132.063022,34.578706],[132.062806,34.578812],[132.062741,34.579011],[132.062782,34.579197],[132.063207,34.579515],[132.064121,34.579973],[132.065092,34.580311],[132.065966,34.580742],[132.066086,34.581087],[132.066078,34.581378],[132.065766,34.58167],[132.065084,34.58179],[132.06385,34.581713],[132.06251,34.581441],[132.06062,34.580642],[132.05995,34.581096],[132.059577,34.581241],[132.058698,34.581223],[132.057907,34.581041],[132.056731,34.58066],[132.056028,34.580324],[132.055787,34.579988],[132.055677,34.57898],[132.055534,34.578735],[132.055259,34.57868],[132.054194,34.57878],[132.053414,34.579352],[132.053128,34.579706],[132.052766,34.580042],[132.052304,34.580306],[132.05181,34.580969],[132.051568,34.581132],[132.05103,34.581187],[132.050448,34.581178],[132.050052,34.581105],[132.049778,34.580878],[132.049657,34.580451],[132.049195,34.579779],[132.048262,34.579162],[132.047141,34.578744],[132.046207,34.578571],[132.045417,34.578553],[132.044977,34.578608],[132.043472,34.579389],[132.043274,34.579361],[132.04311,34.579171],[132.042725,34.578335],[132.042626,34.577263],[132.042308,34.576873],[132.041901,34.576519],[132.041368,34.576201],[132.039787,34.575529],[132.039193,34.575202],[132.038841,34.57479],[132.039018,34.574578],[132.041151,34.573623],[132.043365,34.572708],[132.044079,34.572356],[132.044552,34.571899],[132.046012,34.570075],[132.046598,34.569598],[132.047192,34.569253],[132.048684,34.568789],[132.049161,34.568566],[132.04949,34.568321],[132.04969,34.567963],[132.049915,34.567273],[132.049883,34.566643],[132.049987,34.566186],[132.050276,34.565317],[132.050886,34.564216],[132.050853,34.563812],[132.050677,34.563706],[132.050388,34.563652],[132.049875,34.563752],[132.048575,34.56421],[132.048287,34.564229],[132.047998,34.564103],[132.047147,34.563334],[132.046706,34.563022],[132.046185,34.562969],[132.045359,34.563122],[132.042214,34.56403],[132.041725,34.56407],[132.04126,34.564017],[132.040979,34.563911],[132.040217,34.563288],[132.039286,34.562293],[132.037826,34.560887],[132.035284,34.559276],[132.034032,34.558241],[132.033968,34.55728],[132.033864,34.556882],[132.033543,34.556417],[132.033118,34.556013],[132.032404,34.555516],[132.032725,34.554627],[132.032781,34.554043],[132.032709,34.553566],[132.03189,34.551901],[132.031778,34.551561]],[[132.081602,34.549682],[132.081312,34.549691],[132.080521,34.550191],[132.079347,34.550681],[132.078882,34.551008],[132.078661,34.551383],[132.077754,34.553382],[132.07737,34.554065],[132.076754,34.554786],[132.075836,34.55568],[132.074917,34.556487],[132.075115,34.556881],[132.075533,34.557314],[132.076277,34.55789],[132.077463,34.558583],[132.078335,34.558957],[132.078731,34.559371],[132.079184,34.560457],[132.07951,34.560755],[132.08123,34.561803],[132.082498,34.562139],[132.084811,34.563879],[132.085346,34.564148],[132.085974,34.564321],[132.086404,34.564321],[132.086753,34.564196],[132.087555,34.563715],[132.08859,34.563312],[132.089044,34.563312],[132.089485,34.563523],[132.089939,34.564475],[132.090102,34.564705],[132.090346,34.564763],[132.091113,34.564763],[132.091416,34.564888],[132.091602,34.565148],[132.091846,34.566522],[132.091997,34.566926],[132.092218,34.567137],[132.092439,34.567233],[132.093543,34.567176],[132.094008,34.567281],[132.094334,34.567454],[132.094648,34.567839],[132.095392,34.568454],[132.096276,34.568858],[132.097717,34.569675],[132.098206,34.57005],[132.098636,34.570598],[132.098973,34.571318],[132.09938,34.572491],[132.101345,34.571491],[132.103124,34.571367],[132.103426,34.571299],[132.103554,34.571136],[132.103566,34.57104],[132.103322,34.570742],[132.102473,34.570203],[132.101752,34.569819],[132.100403,34.568627],[132.099182,34.566964],[132.097438,34.56508],[132.096752,34.564455],[132.09538,34.563571],[132.093729,34.562754],[132.093276,34.562466],[132.092834,34.561966],[132.092543,34.561543],[132.092229,34.560947],[132.092078,34.560457],[132.092078,34.559938],[132.092253,34.559217],[132.09252,34.55865],[132.092718,34.557967],[132.092799,34.55691],[132.09266,34.556189],[132.092474,34.55566],[132.092148,34.555189],[132.091381,34.554382],[132.09059,34.553767],[132.090032,34.553479],[132.089381,34.553229],[132.088765,34.553075],[132.087986,34.553017],[132.087462,34.552921],[132.087137,34.552777],[132.0868,34.552488],[132.086358,34.552008],[132.08559,34.551508],[132.081998,34.549788],[132.081602,34.549682]]],[[[132.034774,34.573908],[132.035589,34.575091],[132.036462,34.57604],[132.03716,34.576663],[132.037876,34.577073],[132.040154,34.577817],[132.040559,34.578075],[132.040779,34.578394],[132.040788,34.578835],[132.04065,34.579715],[132.040752,34.580118],[132.040935,34.580399],[132.041321,34.580687],[132.042377,34.581136],[132.042837,34.581151],[132.043443,34.581105],[132.045078,34.580703],[132.045675,34.580672],[132.046015,34.580703],[132.046198,34.580786],[132.046226,34.582518],[132.045996,34.584735],[132.046006,34.585745],[132.04618,34.586542],[132.046437,34.587059],[132.047089,34.58778],[132.047668,34.588281],[132.048421,34.588835],[132.049863,34.589739],[132.051223,34.590369],[132.051416,34.590696],[132.051462,34.59103],[132.051535,34.593293],[132.051746,34.593855],[132.052086,34.594364],[132.052224,34.594857],[132.052197,34.595784],[132.052068,34.596308],[132.051636,34.597249],[132.051636,34.597636],[132.051765,34.597895],[132.051994,34.598297],[132.053538,34.600089],[132.053795,34.600203],[132.054043,34.600218],[132.054392,34.600173],[132.055182,34.599793],[132.055531,34.599854],[132.055659,34.600059],[132.055678,34.60037],[132.055467,34.600947],[132.055044,34.601767],[132.054952,34.602155],[132.054943,34.602512],[132.055035,34.602777],[132.055246,34.603051],[132.055871,34.603392],[132.056449,34.603544],[132.057028,34.603544],[132.057616,34.603453],[132.05938,34.603043],[132.059986,34.602755],[132.060546,34.602724],[132.060794,34.603058],[132.060959,34.603597],[132.061024,34.604099],[132.060849,34.604448],[132.060555,34.605572],[132.060564,34.606111],[132.06088,34.607022],[132.060142,34.607109],[132.059429,34.60691],[132.058498,34.606028],[132.057624,34.605351],[132.057182,34.605166],[132.05707,34.605497],[132.056926,34.605636],[132.056404,34.605643],[132.054479,34.604774],[132.053741,34.60429],[132.053252,34.603866],[132.052987,34.603455],[132.052747,34.602805],[132.052442,34.602473],[132.052017,34.602122],[132.051471,34.601518],[132.05091,34.601047],[132.050436,34.600729],[132.050051,34.600106],[132.049787,34.599973],[132.049289,34.599854],[132.049024,34.599721],[132.048704,34.599383],[132.048102,34.599111],[132.046987,34.598733],[132.045912,34.598435],[132.045551,34.598077],[132.045327,34.597699],[132.04515,34.597228],[132.044925,34.595523],[132.044677,34.594602],[132.044123,34.593779],[132.042896,34.592831],[132.042302,34.592446],[132.041749,34.592208],[132.041139,34.592108],[132.03996,34.591505],[132.037249,34.590835],[132.035227,34.59045],[132.034513,34.590125],[132.034,34.589741],[132.033615,34.58933],[132.033005,34.588348],[132.032949,34.588063],[132.032997,34.587864],[132.033166,34.587586],[132.03485,34.586067],[132.035051,34.585715],[132.035099,34.585318],[132.034987,34.584329],[132.034999,34.583577],[132.035191,34.58233],[132.03548,34.57985],[132.035416,34.578961],[132.035239,34.578351],[132.03459,34.577303],[132.034325,34.576607],[132.034221,34.575911],[132.034277,34.575447],[132.034774,34.573908]]],[[[132.043521,34.549232],[132.042906,34.548563],[132.042749,34.54825],[132.042717,34.547902],[132.042833,34.547651],[132.043621,34.547138],[132.044073,34.547129],[132.044546,34.54719],[132.045397,34.547685],[132.046588,34.549039],[132.046448,34.549301],[132.045986,34.549788],[132.045607,34.550066],[132.043521,34.549232]]],[[[132.108071,34.639198],[132.108954,34.638535],[132.109515,34.637945],[132.109892,34.637381],[132.110085,34.636732],[132.110053,34.63579],[132.1099,34.63522],[132.109571,34.63455],[132.110077,34.63447],[132.110855,34.63447],[132.111561,34.634543],[132.112259,34.634735],[132.112836,34.634987],[132.11412,34.635929],[132.114384,34.636015],[132.114649,34.636002],[132.115596,34.635578],[132.116791,34.635505],[132.116688,34.636516],[132.116507,34.637551],[132.116471,34.638189],[132.116519,34.638686],[132.115881,34.639135],[132.111713,34.641694],[132.110942,34.642022],[132.110737,34.642022],[132.110556,34.641863],[132.11052,34.641624],[132.110665,34.641355],[132.111689,34.640399],[132.111689,34.64026],[132.111568,34.64018],[132.110894,34.64013],[132.110388,34.64019],[132.108882,34.640678],[132.108762,34.640598],[132.108641,34.64016],[132.108436,34.639712],[132.108071,34.639198]]],[[[132.111375,34.597316],[132.1125,34.596582],[132.11306,34.596402],[132.113562,34.596147],[132.11403,34.595723],[132.115092,34.596176],[132.115994,34.596204],[132.11693,34.596912],[132.11765,34.596969],[132.117832,34.597167],[132.117947,34.597478],[132.118323,34.597676],[132.118997,34.597903],[132.120538,34.59795],[132.121189,34.597752],[132.121977,34.597771],[132.122605,34.597903],[132.123492,34.598496],[132.12327,34.598667],[132.122596,34.599376],[132.121767,34.599843],[132.12136,34.600176],[132.120642,34.600643],[132.120014,34.60077],[132.118748,34.601417],[132.118241,34.601482],[132.117834,34.601619],[132.117307,34.601631],[132.116999,34.602254],[132.117033,34.602953],[132.116771,34.603425],[132.116554,34.603529],[132.116108,34.603548],[132.115211,34.603024],[132.112684,34.602002],[132.11262,34.600364],[132.112363,34.599469],[132.111375,34.597316]]],[[[132.117458,34.639573],[132.118085,34.639901],[132.119121,34.64027],[132.120229,34.640349],[132.121036,34.64029],[132.122204,34.639881],[132.122614,34.639463],[132.123036,34.638826],[132.123373,34.637979],[132.123517,34.637302],[132.123517,34.635888],[132.123385,34.634912],[132.123096,34.633707],[132.122234,34.631637],[132.124339,34.629881],[132.124403,34.629642],[132.124307,34.62876],[132.125565,34.628011],[132.126204,34.628499],[132.127215,34.629127],[132.127842,34.629326],[132.129095,34.629913],[132.129372,34.630222],[132.129468,34.63074],[132.129432,34.631467],[132.128998,34.632931],[132.128998,34.633429],[132.129239,34.634315],[132.129143,34.634673],[132.12683,34.638298],[132.126312,34.638756],[132.125686,34.639662],[132.125613,34.640071],[132.125613,34.640598],[132.125686,34.641047],[132.126071,34.642132],[132.126345,34.642726],[132.125759,34.642879],[132.125182,34.642892],[132.124869,34.642879],[132.124299,34.642713],[132.122679,34.641652],[132.122254,34.641533],[132.121692,34.641506],[132.121042,34.641619],[132.119807,34.642122],[132.119133,34.641694],[132.117061,34.640817],[132.116989,34.640638],[132.116977,34.64029],[132.117458,34.639573]]],[[[132.187167,34.734262],[132.187651,34.734276],[132.188136,34.734205],[132.188414,34.734084],[132.188843,34.733673],[132.189042,34.733605],[132.189166,34.73363],[132.189273,34.733736],[132.189439,34.734257],[132.189487,34.734517],[132.189496,34.73525],[132.190841,34.735913],[132.190969,34.736197],[132.191222,34.736354],[132.191294,34.7368],[132.19159,34.737131],[132.191877,34.737368],[132.192381,34.737473],[132.194317,34.737531],[132.195069,34.737393],[132.195387,34.73743],[132.196499,34.738417],[132.196528,34.738572],[132.196139,34.73959],[132.196055,34.740279],[132.196014,34.740398],[132.195736,34.740729],[132.195647,34.741089],[132.195654,34.74121],[132.195709,34.741246],[132.196242,34.741358],[132.196364,34.741422],[132.196394,34.741543],[132.196376,34.741868],[132.196191,34.742752],[132.196086,34.743604],[132.195986,34.743888],[132.195646,34.744143],[132.195628,34.744334],[132.195687,34.744446],[132.195809,34.74452],[132.196605,34.744853],[132.19703,34.745128],[132.197651,34.745394],[132.198911,34.745746],[132.199681,34.7459],[132.199747,34.745989],[132.199745,34.746522],[132.200049,34.746925],[132.200537,34.747252],[132.198519,34.748147],[132.19567,34.746677],[132.194546,34.745987],[132.194071,34.745542],[132.19377,34.744977],[132.193735,34.744561],[132.193759,34.744235],[132.194089,34.743363],[132.194251,34.742573],[132.194152,34.742253],[132.193637,34.741616],[132.193486,34.741285],[132.193567,34.740864],[132.193759,34.740491],[132.194361,34.739835],[132.194477,34.739619],[132.194454,34.739519],[132.194274,34.739404],[132.193677,34.739332],[132.192589,34.739327],[132.191007,34.739476],[132.190735,34.739365],[132.190521,34.739164],[132.190162,34.738527],[132.189583,34.737718],[132.187903,34.735827],[132.187237,34.734769],[132.187167,34.734262]]],[[[132.219567,34.752466],[132.219982,34.752023],[132.220413,34.751655],[132.22083,34.751494],[132.221601,34.751449],[132.221344,34.751915],[132.221365,34.75225],[132.221567,34.752816],[132.222292,34.753846],[132.222866,34.754437],[132.223318,34.755293],[132.223732,34.755872],[132.224095,34.756888],[132.224305,34.757124],[132.22471,34.7574],[132.224739,34.757482],[132.224557,34.757754],[132.223819,34.758498],[132.222613,34.759612],[132.222257,34.760053],[132.222169,34.760276],[132.222542,34.760863],[132.222633,34.761335],[132.222724,34.761534],[132.223268,34.761848],[132.224434,34.762839],[132.225299,34.763679],[132.226546,34.764405],[132.226781,34.764596],[132.226856,34.764731],[132.226929,34.765244],[132.226836,34.765643],[132.226512,34.766075],[132.225942,34.766601],[132.225447,34.767214],[132.225376,34.767366],[132.22552,34.767915],[132.225536,34.76823],[132.225437,34.768746],[132.225078,34.769689],[132.225062,34.769804],[132.22511,34.769916],[132.225187,34.769985],[132.227361,34.770557],[132.228346,34.770719],[132.228587,34.770814],[132.228814,34.771145],[132.229189,34.772063],[132.229206,34.772716],[132.229116,34.773295],[132.23011,34.773274],[132.230649,34.773371],[132.231189,34.773577],[132.232178,34.773223],[132.232778,34.77311],[132.233433,34.773285],[132.234299,34.773661],[132.2344,34.773756],[132.233529,34.774473],[132.232861,34.775406],[132.232722,34.775833],[132.232804,34.776088],[132.233579,34.77679],[132.23389,34.776804],[132.234893,34.776659],[132.235596,34.776664],[132.236015,34.776841],[132.236203,34.776973],[132.236739,34.777606],[132.237104,34.77788],[132.237421,34.778466],[132.237684,34.778696],[132.238268,34.778949],[132.238629,34.779488],[132.238759,34.77961],[132.239069,34.779738],[132.23946,34.779649],[132.239832,34.779652],[132.240235,34.779879],[132.240686,34.780437],[132.241074,34.781173],[132.24167,34.782015],[132.2422,34.782357],[132.242583,34.782803],[132.242866,34.783855],[132.242534,34.784271],[132.242589,34.78515],[132.242355,34.785488],[132.241953,34.785895],[132.241791,34.786135],[132.241668,34.786431],[132.241579,34.786952],[132.24124,34.787537],[132.241237,34.787632],[132.241285,34.787759],[132.241559,34.788078],[132.241965,34.788792],[132.242145,34.789362],[132.242216,34.789431],[132.242863,34.789559],[132.242929,34.789637],[132.242788,34.790147],[132.242548,34.790651],[132.2425,34.790871],[132.242496,34.791186],[132.242575,34.791597],[132.242849,34.792035],[132.242526,34.792549],[132.242452,34.792859],[132.242456,34.793328],[132.242539,34.793584],[132.24252,34.793653],[132.24207,34.794052],[132.241936,34.794216],[132.241836,34.794444],[132.241913,34.794762],[132.241994,34.794867],[132.242527,34.795117],[132.24257,34.795455],[132.242752,34.796012],[132.242954,34.796377],[132.243291,34.796767],[132.243047,34.79801],[132.243167,34.798244],[132.243591,34.798682],[132.243618,34.798839],[132.243544,34.798955],[132.243291,34.799117],[132.242859,34.79893],[132.24222,34.798761],[132.241532,34.798797],[132.241309,34.79887],[132.240496,34.799404],[132.240282,34.799412],[132.239893,34.79925],[132.239696,34.799245],[132.239367,34.799308],[132.239214,34.799389],[132.23903,34.799635],[132.239154,34.799975],[132.239045,34.800141],[132.239104,34.800456],[132.239034,34.800659],[132.238416,34.801374],[132.238307,34.801609],[132.238379,34.801859],[132.238589,34.802127],[132.238296,34.802426],[132.238165,34.802769],[132.238121,34.803076],[132.238252,34.803375],[132.238908,34.804143],[132.240144,34.805345],[132.241434,34.806584],[132.24221,34.807027],[132.243063,34.807334],[132.243697,34.807506],[132.244386,34.807506],[132.246136,34.807099],[132.246912,34.806963],[132.247338,34.80699],[132.247907,34.807171],[132.249,34.808012],[132.249153,34.808328],[132.249208,34.80869],[132.249164,34.809241],[132.24876,34.810696],[132.248497,34.811383],[132.248454,34.812161],[132.248475,34.813146],[132.248574,34.813462],[132.248749,34.813725],[132.249339,34.814095],[132.249722,34.814276],[132.249831,34.814457],[132.249897,34.815523],[132.25005,34.815785],[132.250378,34.815939],[132.254719,34.816048],[132.254817,34.815975],[132.255058,34.81339],[132.254926,34.812549],[132.254697,34.81207],[132.25462,34.811564],[132.254544,34.810263],[132.254609,34.810091],[132.254784,34.809901],[132.256151,34.809865],[132.256949,34.809774],[132.257485,34.80944],[132.257999,34.808934],[132.258568,34.808247],[132.259568,34.806845],[132.259705,34.806771],[132.259961,34.806457],[132.260174,34.806026],[132.260371,34.805314],[132.26065,34.805009],[132.261545,34.804862],[132.262527,34.804614],[132.262792,34.804457],[132.262997,34.804161],[132.263772,34.804341],[132.264886,34.803691],[132.265083,34.803679],[132.265501,34.803776],[132.265638,34.803751],[132.265709,34.803614],[132.265731,34.803284],[132.265816,34.803089],[132.265924,34.802994],[132.266252,34.802853],[132.266976,34.802774],[132.267091,34.802712],[132.267367,34.802304],[132.267726,34.80198],[132.268042,34.801561],[132.268416,34.800739],[132.268514,34.799827],[132.268927,34.799361],[132.269077,34.798877],[132.269685,34.798347],[132.269964,34.798259],[132.270647,34.798246],[132.271079,34.798581],[132.271599,34.799189],[132.27181,34.799574],[132.272335,34.799655],[132.272832,34.799828],[132.273567,34.799936],[132.274884,34.799941],[132.275075,34.799885],[132.275458,34.799661],[132.276031,34.799637],[132.276976,34.799412],[132.278202,34.798915],[132.278426,34.798404],[132.278569,34.79752],[132.27849,34.797165],[132.278367,34.796875],[132.277566,34.795645],[132.276959,34.79449],[132.276764,34.79436],[132.276208,34.794255],[132.275219,34.793566],[132.274916,34.793435],[132.274751,34.793282],[132.274679,34.793139],[132.2747,34.792677],[132.274611,34.792456],[132.274543,34.792074],[132.274571,34.791821],[132.274642,34.791667],[132.274853,34.791553],[132.275821,34.791322],[132.276481,34.791089],[132.278169,34.790742],[132.278761,34.790396],[132.27933,34.789883],[132.279307,34.789793],[132.279029,34.789467],[132.278947,34.789303],[132.278938,34.789126],[132.279006,34.788994],[132.279238,34.788757],[132.279261,34.788561],[132.279233,34.788411],[132.279054,34.78807],[132.279034,34.787445],[132.278842,34.787085],[132.279307,34.786628],[132.279457,34.786336],[132.279552,34.785508],[132.279557,34.784381],[132.280214,34.783507],[132.280453,34.783391],[132.281463,34.783312],[132.281729,34.783233],[132.282589,34.782531],[132.282939,34.782143],[132.284391,34.7808],[132.285003,34.780393],[132.286355,34.780026],[132.287171,34.779911],[132.287968,34.779896],[132.288139,34.779854],[132.288587,34.779494],[132.28942,34.778531],[132.289766,34.778248],[132.290009,34.778264],[132.290762,34.778508],[132.290961,34.778501],[132.291467,34.778289],[132.291786,34.778323],[132.292034,34.778463],[132.292462,34.778885],[132.292796,34.779129],[132.293207,34.779206],[132.293504,34.779116],[132.294019,34.778666],[132.294859,34.778502],[132.29522,34.778367],[132.29586,34.777921],[132.296752,34.777409],[132.297868,34.77656],[132.298135,34.776622],[132.298535,34.77688],[132.298654,34.777009],[132.299028,34.777921],[132.299187,34.778814],[132.299758,34.779922],[132.300229,34.781121],[132.300345,34.78166],[132.300365,34.782225],[132.300731,34.782708],[132.300735,34.78288],[132.300474,34.783667],[132.300636,34.784545],[132.300746,34.784651],[132.300836,34.784662],[132.3013,34.784579],[132.301458,34.784612],[132.302203,34.785281],[132.302279,34.785397],[132.302371,34.785666],[132.302385,34.786078],[132.302491,34.786331],[132.302726,34.786471],[132.303586,34.786708],[132.303722,34.786877],[132.303981,34.787536],[132.304823,34.788267],[132.305227,34.788718],[132.306273,34.789247],[132.306484,34.78942],[132.306694,34.789695],[132.306717,34.789991],[132.306629,34.790188],[132.305933,34.790813],[132.305775,34.791052],[132.305734,34.79194],[132.305632,34.792717],[132.305725,34.793189],[132.305884,34.793346],[132.306492,34.793736],[132.307376,34.794195],[132.307913,34.794224],[132.308394,34.794364],[132.309208,34.795133],[132.309529,34.79533],[132.310368,34.795611],[132.311729,34.796196],[132.312093,34.796394],[132.312956,34.796996],[132.313172,34.797224],[132.31369,34.797973],[132.314025,34.798207],[132.314307,34.798588],[132.31469,34.799292],[132.31483,34.79988],[132.315281,34.800489],[132.315533,34.801126],[132.31572,34.801393],[132.315821,34.801417],[132.316543,34.801318],[132.317551,34.801432],[132.31831,34.801609],[132.318638,34.801519],[132.319037,34.801264],[132.318972,34.800516],[132.319068,34.799903],[132.319244,34.799351],[132.319203,34.798413],[132.319479,34.797439],[132.319691,34.797204],[132.319976,34.797008],[132.320789,34.796654],[132.321374,34.795837],[132.322405,34.795448],[132.32252,34.795366],[132.322781,34.794875],[132.322972,34.794184],[132.323171,34.793692],[132.323314,34.793489],[132.324131,34.793224],[132.324545,34.792912],[132.324957,34.79252],[132.325338,34.792396],[132.326144,34.792295],[132.326915,34.792272],[132.328178,34.792149],[132.328389,34.792041],[132.328766,34.791577],[132.329277,34.791439],[132.329891,34.791369],[132.330635,34.791107],[132.331931,34.790945],[132.332381,34.790735],[132.332855,34.790414],[132.333801,34.790042],[132.334246,34.792279],[132.333454,34.792716],[132.332629,34.793097],[132.328127,34.793915],[132.327121,34.794229],[132.326131,34.794761],[132.325373,34.795306],[132.323579,34.796929],[132.322046,34.79909],[132.32151,34.800064],[132.320339,34.80288],[132.320009,34.803132],[132.319407,34.803405],[132.318467,34.803623],[132.317395,34.803677],[132.316397,34.803602],[132.314352,34.803289],[132.313808,34.803057],[132.313272,34.802491],[132.312208,34.800651],[132.311433,34.799465],[132.310617,34.798272],[132.310229,34.797842],[132.309759,34.797447],[132.306593,34.795756],[132.304877,34.794761],[132.303665,34.793881],[132.30341,34.79365],[132.303187,34.793343],[132.30317,34.792982],[132.303517,34.790193],[132.303393,34.789764],[132.303187,34.789362],[132.302667,34.788837],[132.29927,34.785831],[132.298883,34.785333],[132.298305,34.784229],[132.298124,34.783622],[132.297934,34.782688],[132.297621,34.780213],[132.297547,34.779907],[132.297398,34.779784],[132.297159,34.779804],[132.293993,34.781495],[132.293391,34.78157],[132.292962,34.781549],[132.292236,34.781379],[132.290892,34.780909],[132.290406,34.780813],[132.290043,34.780854],[132.289416,34.781147],[132.288418,34.781965],[132.288014,34.782136],[132.287445,34.782231],[132.286489,34.782552],[132.285903,34.782879],[132.285318,34.783274],[132.283615,34.784801],[132.283054,34.78551],[132.28284,34.786055],[132.282026,34.790618],[132.281916,34.791049],[132.281696,34.79148],[132.281331,34.791877],[132.280827,34.792078],[132.28026,34.792231],[132.278557,34.792509],[132.278302,34.792691],[132.27825,34.793079],[132.278331,34.793543],[132.278632,34.79407],[132.279872,34.795564],[132.280404,34.796421],[132.28096,34.797513],[132.281099,34.798135],[132.281099,34.79869],[132.281024,34.799275],[132.280758,34.799811],[132.280509,34.800165],[132.279976,34.800697],[132.278742,34.801357],[132.277068,34.80187],[132.275684,34.802028],[132.274647,34.802013],[132.273309,34.80186],[132.272139,34.801587],[132.271277,34.801544],[132.271746,34.803043],[132.272168,34.804934],[132.272551,34.806361],[132.272539,34.806629],[132.272319,34.80683],[132.269441,34.80864],[132.267251,34.810273],[132.26545,34.810881],[132.264963,34.811168],[132.264535,34.811537],[132.264338,34.811786],[132.264135,34.812193],[132.263458,34.814405],[132.26329,34.81474],[132.262485,34.815588],[132.262276,34.815913],[132.260417,34.820793],[132.260081,34.82107],[132.259751,34.821252],[132.259479,34.82131],[132.259241,34.8213],[132.259119,34.82118],[132.258818,34.820184],[132.258604,34.819797],[132.258141,34.819347],[132.257573,34.818973],[132.256588,34.817905],[132.256218,34.817637],[132.256003,34.817561],[132.255824,34.817599],[132.255679,34.817695],[132.255766,34.818188],[132.255714,34.818327],[132.255523,34.818528],[132.255528,34.818959],[132.254133,34.819031],[132.253542,34.818973],[132.252754,34.818772],[132.251671,34.818312],[132.25075,34.817829],[132.24998,34.817561],[132.249134,34.817355],[132.2483,34.817259],[132.2468,34.81724],[132.246047,34.817283],[132.244547,34.817728],[132.243881,34.818059],[132.242323,34.818983],[132.241941,34.819021],[132.241582,34.818949],[132.240597,34.818561],[132.239711,34.818106],[132.23901,34.817537],[132.238877,34.817321],[132.23886,34.817072],[132.238987,34.816263],[132.238877,34.816153],[132.238379,34.81599],[132.238014,34.814937],[132.237753,34.814726],[132.237348,34.814635],[132.235581,34.814783],[132.234979,34.814783],[132.234458,34.814712],[132.233879,34.814563],[132.233213,34.814166],[132.232622,34.813682],[132.23228,34.813328],[132.232106,34.812916],[132.23195,34.812298],[132.231759,34.810761],[132.231423,34.810091],[132.230936,34.809512],[132.23005,34.808884],[132.228376,34.807855],[132.228249,34.807601],[132.22822,34.807261],[132.228533,34.806466],[132.228898,34.806002],[132.229888,34.805102],[132.231463,34.804082],[132.235529,34.801659],[132.235981,34.801247],[132.236473,34.800625],[132.236827,34.800074],[132.237035,34.799543],[132.237296,34.798346],[132.237406,34.798092],[132.237614,34.797877],[132.237916,34.797742],[132.238315,34.797699],[132.23919,34.797781],[132.239798,34.797905],[132.24036,34.797915],[132.240632,34.797877],[132.240858,34.797632],[132.240858,34.797426],[132.240696,34.797005],[132.239734,34.795631],[132.239531,34.795257],[132.239439,34.794884],[132.23952,34.794487],[132.239775,34.794161],[132.239966,34.793696],[132.240076,34.792921],[132.240058,34.792068],[132.239931,34.791274],[132.2389,34.787467],[132.238917,34.786979],[132.239028,34.786447],[132.239757,34.785322],[132.240058,34.784728],[132.240128,34.784182],[132.240111,34.78379],[132.239977,34.783412],[132.239682,34.783014],[132.239114,34.782449],[132.236578,34.78097],[132.235807,34.780175],[132.235419,34.7796],[132.235049,34.779251],[132.234666,34.778982],[132.232819,34.778461],[132.231794,34.778015],[132.231243,34.777656],[132.230965,34.777302],[132.230774,34.77679],[132.230763,34.776244],[132.230942,34.77542],[132.230207,34.775367],[132.229355,34.775238],[132.227612,34.774798],[132.227137,34.774439],[132.226986,34.774194],[132.226888,34.773826],[132.226842,34.773337],[132.226604,34.772839],[132.226251,34.772528],[132.22555,34.772145],[132.223216,34.771072],[132.222839,34.770823],[132.222671,34.770584],[132.222602,34.770249],[132.222625,34.769933],[132.222781,34.769588],[132.223042,34.769215],[132.223181,34.76887],[132.22321,34.768396],[132.222915,34.76728],[132.22288,34.76695],[132.222944,34.766706],[132.223679,34.765863],[132.223818,34.76558],[132.223865,34.765217],[132.223801,34.764982],[132.223592,34.76468],[132.2231,34.764278],[132.222602,34.764024],[132.221287,34.763483],[132.220847,34.76321],[132.220494,34.762818],[132.22025,34.762401],[132.219891,34.760993],[132.219787,34.759849],[132.219851,34.759423],[132.220106,34.759035],[132.221357,34.757838],[132.221559,34.757532],[132.221623,34.757244],[132.221571,34.756947],[132.221409,34.756579],[132.220117,34.754371],[132.219671,34.75349],[132.219567,34.752466]]],[[[132.349369,34.799083],[132.349759,34.799073],[132.350682,34.79877],[132.351439,34.79831],[132.351834,34.797987],[132.351964,34.798069],[132.352105,34.798087],[132.352941,34.797916],[132.354975,34.797183],[132.354977,34.797518],[132.355131,34.797889],[132.355687,34.798711],[132.355959,34.799621],[132.356097,34.800283],[132.355174,34.800269],[132.35364,34.800119],[132.350507,34.799465],[132.349369,34.799083]]],[[[132.369155,34.80103],[132.371277,34.800954],[132.373079,34.801229],[132.374315,34.800986],[132.374847,34.800796],[132.37574,34.800255],[132.376796,34.799732],[132.377914,34.799262],[132.378465,34.798929],[132.381027,34.796862],[132.381857,34.796141],[132.382624,34.795365],[132.383011,34.794925],[132.383048,34.794797],[132.381938,34.792685],[132.381812,34.792279],[132.381704,34.791332],[132.381695,34.7908],[132.381902,34.789122],[132.381902,34.788752],[132.38183,34.787967],[132.381406,34.787263],[132.381361,34.786145],[132.381397,34.785838],[132.383793,34.785267],[132.384134,34.787085],[132.384068,34.790493],[132.38415,34.791461],[132.384315,34.792116],[132.385915,34.795579],[132.384068,34.797419],[132.382122,34.798701],[132.378329,34.801619],[132.37729,34.802191],[132.376053,34.802696],[132.373975,34.803159],[132.369737,34.803297],[132.369155,34.80103]]],[[[132.166585,34.65091],[132.16774,34.650487],[132.16886,34.649798],[132.171052,34.647927],[132.172338,34.647159],[132.174816,34.645524],[132.175864,34.644677],[132.176388,34.644086],[132.177556,34.641329],[132.17808,34.640305],[132.178532,34.639891],[132.178795,34.639753],[132.178985,34.639891],[132.179223,34.640344],[132.179342,34.641408],[132.179057,34.644106],[132.179462,34.644244],[132.179867,34.644559],[132.17989,34.644756],[132.179747,34.64513],[132.179295,34.645642],[132.177776,34.64707],[132.174322,34.649828],[132.173595,34.650635],[132.172821,34.651827],[132.17238,34.652339],[132.171963,34.652615],[132.171296,34.652851],[132.170629,34.652999],[132.168306,34.651406],[132.168121,34.651397],[132.167463,34.651922],[132.167301,34.65195],[132.167151,34.651884],[132.166897,34.651511],[132.166585,34.65091]]],[[[132.181367,34.692879],[132.181256,34.692695],[132.181228,34.692063],[132.181353,34.691626],[132.181673,34.691016],[132.182883,34.689453],[132.183272,34.689131],[132.183537,34.689028],[132.184037,34.689039],[132.186401,34.690028],[132.186943,34.690177],[132.187402,34.690108],[132.189683,34.689327],[132.191254,34.688855],[132.192728,34.688694],[132.194077,34.688637],[132.19448,34.688752],[132.198304,34.691223],[132.198651,34.691534],[132.198902,34.692028],[132.199347,34.693925],[132.199444,34.696845],[132.198443,34.696937],[132.195884,34.697006],[132.1953,34.697213],[132.193965,34.698362],[132.19359,34.698603],[132.193187,34.698695],[132.192853,34.698695],[132.192102,34.6985],[132.19042,34.697787],[132.188626,34.696419],[132.18807,34.696097],[132.186026,34.695166],[132.185414,34.694741],[132.184899,34.694258],[132.183453,34.692683],[132.183092,34.692396],[132.182744,34.692304],[132.182355,34.692361],[132.181367,34.692879]]],[[[132.192806,34.624984],[132.192399,34.62478],[132.192116,34.62478],[132.191533,34.62494],[132.190967,34.625174],[132.190294,34.625789],[132.189516,34.626724],[132.189268,34.627646],[132.18918,34.628421],[132.189251,34.629357],[132.189445,34.630336],[132.1901,34.633027],[132.190224,34.633963],[132.1901,34.634445],[132.189675,34.634957],[132.189162,34.635294],[132.186651,34.636039],[132.184846,34.636112],[132.183307,34.636098],[132.182494,34.636039],[132.181362,34.635864],[132.179911,34.635469],[132.178302,34.634913],[132.174959,34.633524],[132.174516,34.633217],[132.174163,34.632881],[132.173986,34.632325],[132.173986,34.631799],[132.17418,34.631301],[132.174605,34.630907],[132.175418,34.630497],[132.176073,34.630263],[132.176851,34.630161],[132.179398,34.630088],[132.180106,34.629942],[132.180407,34.629766],[132.18069,34.6294],[132.180831,34.628976],[132.18099,34.627924],[132.181326,34.627368],[132.182848,34.625438],[132.183007,34.625101],[132.182901,34.624955],[132.182724,34.624882],[132.179858,34.624326],[132.178868,34.623975],[132.177488,34.623361],[132.176692,34.622908],[132.176073,34.622381],[132.175684,34.621826],[132.175507,34.62127],[132.175454,34.620612],[132.175648,34.619793],[132.175931,34.619106],[132.176356,34.618287],[132.177506,34.616781],[132.177966,34.616488],[132.178461,34.616371],[132.179381,34.616327],[132.180159,34.616357],[132.182883,34.617351],[132.184033,34.617643],[132.186261,34.617819],[132.187305,34.617702],[132.188225,34.617424],[132.189375,34.616781],[132.189888,34.616357],[132.190737,34.615362],[132.191639,34.61447],[132.192948,34.613681],[132.194097,34.613125],[132.194752,34.612657],[132.195283,34.61216],[132.195884,34.611399],[132.197423,34.608065],[132.19813,34.607027],[132.199245,34.605828],[132.199899,34.604892],[132.202384,34.599672],[132.202526,34.599175],[132.202446,34.597591],[132.203253,34.597788],[132.204932,34.598389],[132.209283,34.600598],[132.209521,34.60086],[132.209587,34.601133],[132.209349,34.602019],[132.208939,34.603145],[132.208767,34.604031],[132.208728,34.605255],[132.20882,34.60613],[132.209257,34.608262],[132.209309,34.608972],[132.209217,34.609749],[132.20927,34.611006],[132.209402,34.611662],[132.209878,34.612646],[132.210936,34.614504],[132.212616,34.617773],[132.212827,34.618626],[132.21288,34.619457],[132.212695,34.62008],[132.212351,34.620572],[132.211769,34.621086],[132.210843,34.621786],[132.209694,34.621029],[132.209287,34.620597],[132.208898,34.620005],[132.208217,34.61942],[132.206953,34.62048],[132.205555,34.621336],[132.204308,34.621994],[132.202035,34.622784],[132.201177,34.622893],[132.199744,34.622901],[132.199311,34.622842],[132.198621,34.622637],[132.196791,34.621723],[132.196331,34.621592],[132.196065,34.621621],[132.195871,34.621731],[132.19572,34.622133],[132.195782,34.622586],[132.196366,34.623866],[132.196569,34.624524],[132.196569,34.624758],[132.196428,34.624962],[132.196216,34.625101],[132.195906,34.62516],[132.192806,34.624984]]],[[[132.064587,34.476105],[132.064942,34.475839],[132.065119,34.475577],[132.065229,34.475312],[132.065392,34.474602],[132.065626,34.474178],[132.06621,34.4738],[132.06645,34.473574],[132.066889,34.473047],[132.067242,34.47236],[132.067204,34.472064],[132.066855,34.471409],[132.066641,34.470791],[132.066414,34.470343],[132.066579,34.470199],[132.067143,34.470047],[132.067695,34.469795],[132.06794,34.469668],[132.068179,34.46943],[132.068364,34.46906],[132.06837,34.468843],[132.068117,34.468376],[132.06811,34.468224],[132.068184,34.468147],[132.068416,34.46805],[132.068555,34.46787],[132.068585,34.467671],[132.068862,34.467353],[132.068944,34.467183],[132.068923,34.466882],[132.068655,34.466243],[132.068106,34.46563],[132.067896,34.465303],[132.067843,34.46509],[132.067911,34.464927],[132.069596,34.463962],[132.070852,34.463007],[132.071039,34.462714],[132.07164,34.462756],[132.072085,34.462856],[132.072821,34.462856],[132.073386,34.462969],[132.074054,34.463337],[132.075526,34.464342],[132.077015,34.465672],[132.077255,34.465941],[132.077409,34.466847],[132.078881,34.468545],[132.079155,34.469196],[132.079275,34.469734],[132.079224,34.470272],[132.079053,34.470796],[132.077888,34.472098],[132.077649,34.472593],[132.077632,34.474122],[132.077683,34.475367],[132.077632,34.476047],[132.077341,34.476754],[132.076262,34.478085],[132.076039,34.478424],[132.075714,34.479401],[132.075269,34.480052],[132.074944,34.480349],[132.074584,34.480519],[132.073917,34.480647],[132.072718,34.480717],[132.071999,34.480576],[132.07104,34.480123],[132.067942,34.478382],[132.065647,34.477434],[132.064928,34.476797],[132.064587,34.476105]]],[[[132.076833,34.436824],[132.076636,34.436329],[132.07625,34.434957],[132.076098,34.434226],[132.075799,34.433236],[132.075271,34.432372],[132.07492,34.431939],[132.074856,34.431768],[132.074964,34.431378],[132.075045,34.431262],[132.075188,34.431153],[132.075621,34.430981],[132.075699,34.430897],[132.075341,34.429946],[132.07521,34.429326],[132.074903,34.428452],[132.07512,34.427564],[132.07512,34.427375],[132.075019,34.426945],[132.075088,34.42637],[132.075247,34.426066],[132.075656,34.425943],[132.07701,34.426032],[132.07709,34.426495],[132.077857,34.42796],[132.078108,34.428167],[132.079126,34.428506],[132.080092,34.429272],[132.080978,34.42937],[132.080628,34.430104],[132.080285,34.430996],[132.07996,34.431506],[132.07984,34.431817],[132.080011,34.433218],[132.079857,34.433445],[132.079481,34.433558],[132.079001,34.4336],[132.078505,34.433572],[132.077854,34.433459],[132.078505,34.434605],[132.078556,34.43503],[132.078488,34.4352],[132.077871,34.435596],[132.077118,34.436219],[132.076833,34.436824]],[[132.075731,34.432907],[132.075903,34.433091],[132.076707,34.433091],[132.076998,34.432963],[132.077255,34.432709],[132.077272,34.432072],[132.077152,34.431704],[132.076861,34.431406],[132.076536,34.431307],[132.076091,34.43135],[132.075834,34.431619],[132.075697,34.432157],[132.07568,34.432539],[132.075731,34.432907]]],[[[132.089052,34.544534],[132.089444,34.54401],[132.090641,34.544795],[132.094984,34.547294],[132.095798,34.547866],[132.096563,34.548488],[132.098624,34.55116],[132.101092,34.55472],[132.101832,34.555169],[132.10251,34.555404],[132.103892,34.55572],[132.106249,34.556577],[132.107026,34.557025],[132.107976,34.558137],[132.109642,34.560534],[132.110259,34.561024],[132.111049,34.561442],[132.112048,34.561871],[132.113344,34.562268],[132.114146,34.562768],[132.114689,34.563176],[132.115293,34.5639],[132.11575,34.564482],[132.116404,34.565533],[132.116589,34.566502],[132.117169,34.568001],[132.117798,34.568888],[132.11897,34.570082],[132.119143,34.570439],[132.119377,34.571194],[132.119994,34.572724],[132.120167,34.573326],[132.120179,34.574346],[132.119624,34.575906],[132.11934,34.576936],[132.119377,34.578466],[132.119525,34.578875],[132.119797,34.579303],[132.120216,34.57967],[132.120771,34.579997],[132.124818,34.581302],[132.12583,34.58169],[132.126274,34.581996],[132.126694,34.582455],[132.127027,34.583016],[132.127126,34.584026],[132.126731,34.585321],[132.126299,34.586137],[132.126065,34.586688],[132.125707,34.587841],[132.125818,34.588779],[132.126225,34.58935],[132.126817,34.589962],[132.129359,34.592033],[132.13042,34.593206],[132.130716,34.593869],[132.131666,34.597102],[132.132123,34.59799],[132.132727,34.598908],[132.133517,34.60052],[132.133715,34.601254],[132.134443,34.60309],[132.134985,34.604161],[132.135948,34.60563],[132.136281,34.606232],[132.136762,34.607925],[132.136972,34.608302],[132.137453,34.608833],[132.137823,34.609057],[132.138317,34.609251],[132.140581,34.60969],[132.141321,34.610016],[132.14179,34.610771],[132.142018,34.611709],[132.142228,34.612219],[132.142426,34.612505],[132.142857,34.612933],[132.143376,34.613301],[132.144844,34.614616],[132.145967,34.615463],[132.147521,34.616391],[132.149187,34.617778],[132.149421,34.618054],[132.149594,34.618584],[132.149594,34.618952],[132.149496,34.619268],[132.149212,34.619543],[132.148965,34.619666],[132.14857,34.619625],[132.147867,34.619258],[132.142586,34.615534],[132.140957,34.61431],[132.140155,34.613576],[132.139859,34.613076],[132.139477,34.611689],[132.139144,34.611505],[132.137848,34.611077],[132.136096,34.610608],[132.135565,34.610353],[132.135195,34.609924],[132.134924,34.609394],[132.134492,34.608037],[132.134214,34.607557],[132.133381,34.606976],[132.13295,34.606497],[132.13274,34.606089],[132.132567,34.605334],[132.131494,34.602437],[132.131457,34.601856],[132.131309,34.60156],[132.131222,34.601489],[132.130951,34.601468],[132.129964,34.601693],[132.129692,34.601693],[132.129174,34.60154],[132.128742,34.601336],[132.128594,34.601111],[132.128594,34.600826],[132.128693,34.600418],[132.128508,34.600295],[132.124818,34.601101],[132.120102,34.601886],[132.119507,34.601009],[132.120014,34.60077],[132.120642,34.600643],[132.120857,34.600514],[132.121767,34.599843],[132.122596,34.599376],[132.12327,34.598667],[132.123492,34.598496],[132.123843,34.598644],[132.124678,34.597651],[132.125265,34.597367],[132.125961,34.596868],[132.126497,34.596646],[132.127034,34.596526],[132.127976,34.596216],[132.128584,34.596114],[132.129187,34.59582],[132.129684,34.595479],[132.129563,34.595304],[132.12912,34.594237],[132.128927,34.593916],[132.128638,34.59305],[132.128479,34.592913],[132.12762,34.592783],[132.127251,34.592656],[132.12678,34.592337],[132.126474,34.591927],[132.12621,34.591191],[132.125746,34.590595],[132.125486,34.590075],[132.125088,34.589665],[132.124535,34.589292],[132.124569,34.588922],[132.124669,34.588676],[132.124539,34.58829],[132.124281,34.587841],[132.124293,34.58747],[132.124436,34.586549],[132.125096,34.584589],[132.125287,34.5843],[132.125641,34.583916],[132.125609,34.583483],[132.125528,34.583151],[132.125366,34.583005],[132.124597,34.58259],[132.123296,34.581736],[132.122504,34.581112],[132.121305,34.580594],[132.120392,34.580282],[132.119834,34.580016],[132.1186,34.578929],[132.117985,34.578498],[132.11788,34.578298],[132.117849,34.578124],[132.117889,34.577843],[132.117989,34.577602],[132.118259,34.57724],[132.118331,34.576847],[132.118317,34.576302],[132.118357,34.576005],[132.118776,34.574107],[132.118866,34.573302],[132.119035,34.572634],[132.119028,34.572425],[132.118829,34.57206],[132.118271,34.571437],[132.118127,34.571215],[132.117979,34.570766],[132.118002,34.570134],[132.117958,34.569862],[132.117858,34.569679],[132.117261,34.569259],[132.116777,34.568562],[132.116072,34.568054],[132.115868,34.567799],[132.115931,34.566787],[132.115896,34.566572],[132.115788,34.5663],[132.115378,34.565637],[132.115184,34.564798],[132.115131,34.564721],[132.114572,34.564487],[132.114407,34.564388],[132.114271,34.564221],[132.11393,34.562808],[132.113867,34.562693],[132.112667,34.562231],[132.112034,34.562056],[132.111501,34.561802],[132.111252,34.561739],[132.110679,34.561769],[132.109457,34.561209],[132.109113,34.560759],[132.109097,34.56043],[132.108986,34.560234],[132.108724,34.560109],[132.108114,34.55993],[132.108,34.559833],[132.107605,34.559261],[132.10701,34.558299],[132.106993,34.558111],[132.107208,34.557789],[132.10722,34.557658],[132.107099,34.557333],[132.106937,34.557202],[132.106321,34.556971],[132.105357,34.55645],[132.10442,34.55614],[132.103561,34.555744],[132.102792,34.555571],[132.101964,34.555817],[132.10165,34.555783],[132.101275,34.555689],[132.100728,34.55545],[132.100189,34.555099],[132.10002,34.554964],[132.099767,34.55462],[132.09968,34.554479],[132.099575,34.554084],[132.098935,34.553189],[132.098561,34.552215],[132.098136,34.551503],[132.096773,34.549826],[132.096602,34.549394],[132.096328,34.548997],[132.095732,34.548419],[132.094535,34.547587],[132.094257,34.547467],[132.093519,34.546995],[132.092174,34.546339],[132.091444,34.545855],[132.089427,34.545024],[132.089204,34.54482],[132.089052,34.544534]]],[[[132.093343,34.529044],[132.09413,34.528614],[132.095264,34.52825],[132.096288,34.528093],[132.096855,34.527859],[132.097312,34.527507],[132.097831,34.526895],[132.098351,34.526388],[132.099154,34.525919],[132.100934,34.525333],[132.10306,34.52519],[132.103942,34.525008],[132.104777,34.524773],[132.105691,34.524422],[132.106888,34.523797],[132.10788,34.523406],[132.111282,34.522299],[132.111943,34.522221],[132.112967,34.522247],[132.11355,34.522403],[132.113975,34.522716],[132.114621,34.523302],[132.115109,34.523536],[132.115676,34.523562],[132.115912,34.523497],[132.116715,34.522807],[132.117141,34.52256],[132.117802,34.522377],[132.122984,34.520307],[132.124212,34.519422],[132.125,34.518458],[132.125283,34.517924],[132.125283,34.51756],[132.125047,34.516674],[132.124763,34.516037],[132.124779,34.51575],[132.124968,34.515425],[132.127094,34.513953],[132.128496,34.513276],[132.129095,34.513107],[132.130197,34.512899],[132.131205,34.512899],[132.131725,34.513224],[132.132118,34.513393],[132.13237,34.513419],[132.132906,34.512742],[132.133737,34.512145],[132.134518,34.51349],[132.135139,34.514726],[132.135457,34.515196],[132.135509,34.515425],[132.135549,34.516639],[132.135642,34.517415],[132.135787,34.518148],[132.135972,34.518563],[132.136567,34.519011],[132.13752,34.519875],[132.138379,34.520946],[132.138723,34.521198],[132.13904,34.521318],[132.140614,34.521406],[132.141302,34.52158],[132.141725,34.521832],[132.142479,34.522718],[132.142981,34.523647],[132.138432,34.526664],[132.135351,34.52849],[132.134319,34.529179],[132.132345,34.530092],[132.132244,34.529795],[132.132255,34.529405],[132.132412,34.528987],[132.132772,34.528532],[132.133379,34.52803],[132.134098,34.527612],[132.134401,34.527306],[132.134525,34.526925],[132.134604,34.525949],[132.134637,34.524352],[132.134278,34.523237],[132.134368,34.520645],[132.134345,34.52005],[132.134087,34.519651],[132.133918,34.519595],[132.133761,34.519632],[132.132469,34.520812],[132.13203,34.521072],[132.131615,34.521091],[132.13148,34.521007],[132.131334,34.520747],[132.131255,34.519725],[132.131098,34.519056],[132.130862,34.518239],[132.130615,34.517644],[132.129997,34.516827],[132.129255,34.515963],[132.128749,34.515554],[132.128547,34.515536],[132.128266,34.515573],[132.128041,34.51574],[132.127727,34.516102],[132.127626,34.516418],[132.127614,34.517254],[132.127749,34.518062],[132.127738,34.518369],[132.127614,34.518592],[132.12667,34.519252],[132.126479,34.520032],[132.126176,34.520617],[132.125783,34.521035],[132.12494,34.5215],[132.123052,34.52228],[132.11994,34.523423],[132.119232,34.523776],[132.118636,34.524231],[132.118142,34.524816],[132.117321,34.525448],[132.116962,34.525578],[132.116164,34.525615],[132.114186,34.525522],[132.113782,34.525383],[132.112669,34.524287],[132.111995,34.524194],[132.111782,34.524296],[132.111613,34.524463],[132.111422,34.5249],[132.111287,34.525067],[132.111085,34.525132],[132.110849,34.52503],[132.11059,34.525011],[132.110029,34.52515],[132.109826,34.525076],[132.109579,34.524909],[132.109175,34.524807],[132.108646,34.524862],[132.108298,34.525067],[132.107871,34.525401],[132.107568,34.525494],[132.107163,34.525476],[132.106804,34.525541],[132.106523,34.525764],[132.105905,34.526386],[132.103612,34.527436],[132.103287,34.527742],[132.103039,34.528272],[132.102994,34.528885],[132.103124,34.52987],[132.103501,34.53071],[132.103643,34.531257],[132.103627,34.531778],[132.103297,34.532078],[132.102682,34.532429],[132.101785,34.53282],[132.099375,34.533406],[132.09865,34.533406],[132.098288,34.533275],[132.097233,34.53265],[132.094871,34.530658],[132.093343,34.529044]]],[[[132.120348,34.543622],[132.121637,34.545513],[132.121954,34.545884],[132.127165,34.549733],[132.128038,34.550465],[132.129148,34.551668],[132.129876,34.552717],[132.130735,34.5538],[132.131555,34.554685],[132.132322,34.555319],[132.132783,34.55556],[132.133708,34.555844],[132.1356,34.556636],[132.138101,34.557787],[132.138596,34.557947],[132.139144,34.558002],[132.140446,34.557931],[132.14089,34.558123],[132.141626,34.558579],[132.142405,34.559149],[132.143221,34.559913],[132.144037,34.560807],[132.144585,34.561626],[132.144906,34.562398],[132.145359,34.56392],[132.147147,34.564684],[132.147954,34.564765],[132.148813,34.565552],[132.149131,34.56599],[132.150705,34.568789],[132.150916,34.569248],[132.150969,34.569685],[132.150969,34.570964],[132.150863,34.571981],[132.150533,34.572856],[132.150519,34.573304],[132.150559,34.573599],[132.151154,34.57466],[132.15122,34.575009],[132.15122,34.575523],[132.15081,34.576442],[132.150334,34.577688],[132.15007,34.577961],[132.148367,34.579016],[132.14686,34.578951],[132.146687,34.578833],[132.146655,34.578677],[132.146844,34.578456],[132.148199,34.577714],[132.149301,34.576972],[132.149506,34.576607],[132.149632,34.576216],[132.149679,34.575696],[132.149695,34.573339],[132.149758,34.572441],[132.149884,34.571581],[132.149884,34.570696],[132.14979,34.569732],[132.149034,34.567883],[132.148608,34.567076],[132.147931,34.566074],[132.146939,34.565331],[132.145096,34.564576],[132.143474,34.564212],[132.14286,34.564394],[132.141852,34.56554],[132.141521,34.565774],[132.140986,34.566008],[132.140781,34.566022],[132.140608,34.565969],[132.140151,34.565475],[132.140025,34.564993],[132.140041,34.564472],[132.140182,34.563782],[132.14034,34.563287],[132.140387,34.562675],[132.140261,34.561907],[132.139663,34.560983],[132.13845,34.559342],[132.137473,34.558548],[132.136371,34.55791],[132.135174,34.557311],[132.132166,34.556217],[132.130827,34.55554],[132.130055,34.55498],[132.128685,34.553678],[132.126795,34.551491],[132.12344,34.548535],[132.122133,34.547676],[132.119865,34.545462],[132.119188,34.544304],[132.119786,34.543887],[132.120348,34.543622]]],[[[132.14786,34.638241],[132.148483,34.63847],[132.148783,34.638756],[132.149084,34.639597],[132.148876,34.640628],[132.148714,34.640971],[132.14816,34.641449],[132.147582,34.641697],[132.14689,34.641888],[132.145804,34.641926],[132.145111,34.641754],[132.144695,34.641468],[132.144488,34.641086],[132.144303,34.640399],[132.144187,34.639597],[132.144303,34.6391],[132.144534,34.638814],[132.145388,34.638336],[132.145943,34.638165],[132.146659,34.638107],[132.14786,34.638241]]],[[[132.155649,34.62435],[132.156342,34.624264],[132.1573,34.623959],[132.157739,34.623615],[132.157924,34.6233],[132.15931,34.623233],[132.160083,34.623749],[132.160545,34.62415],[132.161608,34.624713],[132.160493,34.625887],[132.15987,34.625677],[132.159339,34.62562],[132.158438,34.625925],[132.156521,34.626364],[132.153749,34.626746],[132.153149,34.627014],[132.152387,34.627758],[132.151532,34.62835],[132.150931,34.628522],[132.150285,34.628675],[132.149846,34.628713],[132.149107,34.628694],[132.148368,34.62877],[132.147421,34.629057],[132.144857,34.629515],[132.144049,34.629439],[132.143056,34.628961],[132.142594,34.628866],[132.142316,34.628904],[132.142109,34.629133],[132.141901,34.630164],[132.140729,34.630155],[132.140567,34.63004],[132.140544,34.629868],[132.140625,34.629677],[132.141191,34.629353],[132.141479,34.629047],[132.141502,34.628303],[132.141375,34.627529],[132.14268,34.627176],[132.143442,34.62709],[132.14417,34.627186],[132.145209,34.627501],[132.14566,34.627529],[132.146156,34.627472],[132.14678,34.6273],[132.148108,34.626746],[132.148986,34.62666],[132.149979,34.62646],[132.151053,34.625773],[132.151746,34.625142],[132.152554,34.624761],[132.153339,34.624598],[132.155649,34.62435]]],[[[132.198443,34.696937],[132.199444,34.696845],[132.203839,34.696062],[132.208853,34.702036],[132.209842,34.703113],[132.210807,34.703999],[132.213165,34.705765],[132.214392,34.706972],[132.213905,34.707811],[132.213585,34.708926],[132.212918,34.708995],[132.212974,34.70934],[132.21346,34.710421],[132.213474,34.710628],[132.213363,34.710938],[132.213363,34.712237],[132.21353,34.71272],[132.213599,34.713318],[132.213474,34.714571],[132.213293,34.715053],[132.212974,34.715628],[132.211917,34.716663],[132.211583,34.717088],[132.211416,34.717962],[132.211277,34.718364],[132.211069,34.718686],[132.210804,34.718801],[132.210415,34.718824],[132.209956,34.718709],[132.20826,34.71795],[132.209692,34.715605],[132.210304,34.714364],[132.21054,34.713536],[132.210707,34.712777],[132.210721,34.712065],[132.210596,34.711409],[132.210123,34.710352],[132.209636,34.709685],[132.207453,34.707662],[132.205701,34.706225],[132.204519,34.70511],[132.200862,34.701017],[132.199972,34.700121],[132.19854,34.697971],[132.198443,34.697603],[132.198443,34.696937]]],[[[132.212225,34.657718],[132.211261,34.658386],[132.209445,34.659111],[132.208491,34.659416],[132.207822,34.65941],[132.207591,34.659314],[132.20726,34.659092],[132.206498,34.658023],[132.206221,34.657877],[132.205883,34.657832],[132.204005,34.658106],[132.203343,34.658068],[132.202812,34.657845],[132.20252,34.657584],[132.202443,34.657431],[132.202512,34.657139],[132.203343,34.655771],[132.203374,34.655561],[132.203343,34.655434],[132.203228,34.6553],[132.202189,34.654919],[132.201412,34.654715],[132.201042,34.654677],[132.200812,34.654734],[132.200134,34.655275],[132.199503,34.655682],[132.19908,34.655803],[132.198911,34.65579],[132.198757,34.655727],[132.198557,34.655523],[132.198403,34.654919],[132.198357,34.654257],[132.198172,34.65399],[132.197926,34.653863],[132.197572,34.653812],[132.196472,34.653901],[132.194248,34.654232],[132.193848,34.654232],[132.193624,34.654155],[132.193455,34.654015],[132.193232,34.653392],[132.193194,34.653125],[132.19327,34.652908],[132.193632,34.652609],[132.195725,34.651204],[132.196456,34.650803],[132.197533,34.649906],[132.197695,34.649486],[132.19768,34.648589],[132.197572,34.648214],[132.197064,34.64766],[132.19571,34.646509],[132.195633,34.64635],[132.195641,34.646159],[132.195779,34.645987],[132.196171,34.645784],[132.196787,34.645605],[132.200465,34.64516],[132.201204,34.645014],[132.201612,34.64481],[132.203005,34.643812],[132.203974,34.643029],[132.204721,34.64196],[132.204905,34.641547],[132.205113,34.641267],[132.205382,34.641089],[132.207491,34.640484],[132.208391,34.640974],[132.209415,34.641241],[132.210376,34.641763],[132.210746,34.641865],[132.211107,34.64189],[132.212446,34.641769],[132.212931,34.641769],[132.213293,34.641954],[132.21387,34.642342],[132.214786,34.643042],[132.216795,34.644253],[132.216768,34.64469],[132.216887,34.64528],[132.217363,34.64668],[132.217363,34.646942],[132.217218,34.64704],[132.21694,34.647051],[132.216318,34.646876],[132.21612,34.646898],[132.216054,34.647008],[132.21608,34.647139],[132.216371,34.647358],[132.216477,34.6475],[132.216438,34.64762],[132.216239,34.64786],[132.216186,34.648123],[132.216266,34.64868],[132.216266,34.649161],[132.216186,34.649227],[132.216028,34.649183],[132.215856,34.648844],[132.215684,34.648287],[132.215538,34.648068],[132.215419,34.648014],[132.21534,34.648855],[132.215432,34.649227],[132.215631,34.649457],[132.215644,34.649653],[132.215459,34.649894],[132.215432,34.650102],[132.215485,34.650222],[132.215895,34.650462],[132.216041,34.650823],[132.21608,34.651129],[132.215948,34.651326],[132.215631,34.651435],[132.215432,34.651807],[132.215261,34.651927],[132.214665,34.651993],[132.214586,34.652135],[132.214586,34.652507],[132.214599,34.652911],[132.214692,34.653316],[132.214507,34.653447],[132.213581,34.653546],[132.213555,34.653666],[132.213912,34.653906],[132.214031,34.65407],[132.213925,34.654256],[132.212761,34.654519],[132.212378,34.654726],[132.212077,34.655987],[132.212176,34.657561],[132.212225,34.657718]]],[[[132.238589,34.802127],[132.238379,34.801859],[132.238307,34.801609],[132.238416,34.801374],[132.239034,34.800659],[132.239104,34.800456],[132.239045,34.800141],[132.239154,34.799975],[132.23903,34.799635],[132.239214,34.799389],[132.239367,34.799308],[132.239696,34.799245],[132.239893,34.79925],[132.240282,34.799412],[132.240496,34.799404],[132.241309,34.79887],[132.241532,34.798797],[132.24222,34.798761],[132.242859,34.79893],[132.243291,34.799117],[132.243596,34.799355],[132.244973,34.799453],[132.245506,34.7996],[132.245971,34.799893],[132.246402,34.80032],[132.24663,34.800669],[132.246917,34.801535],[132.247255,34.80208],[132.249267,34.803715],[132.249807,34.803722],[132.250746,34.803422],[132.251405,34.803352],[132.251827,34.803387],[132.252233,34.803547],[132.25367,34.804463],[132.254151,34.804679],[132.254853,34.804819],[132.255681,34.804826],[132.256543,34.804658],[132.257422,34.804421],[132.259171,34.803498],[132.260786,34.802555],[132.263228,34.801542],[132.264259,34.801018],[132.265087,34.800417],[132.266008,34.799593],[132.266499,34.798943],[132.268577,34.799731],[132.268514,34.799827],[132.268416,34.800739],[132.268162,34.801322],[132.26791,34.801759],[132.267367,34.802304],[132.267091,34.802712],[132.266976,34.802774],[132.266252,34.802853],[132.265924,34.802994],[132.265816,34.803089],[132.265731,34.803284],[132.265709,34.803614],[132.265638,34.803751],[132.265501,34.803776],[132.265083,34.803679],[132.264886,34.803691],[132.263772,34.804341],[132.262997,34.804161],[132.262792,34.804457],[132.262527,34.804614],[132.261545,34.804862],[132.260698,34.804981],[132.260453,34.80518],[132.260371,34.805314],[132.260241,34.805837],[132.260022,34.806344],[132.259831,34.806637],[132.259634,34.806825],[132.259481,34.806843],[132.258951,34.80662],[132.258564,34.806598],[132.258227,34.806676],[132.257397,34.807041],[132.256299,34.807233],[132.255694,34.807401],[132.255219,34.8072],[132.254925,34.806919],[132.254768,34.80684],[132.253698,34.807142],[132.252845,34.807251],[132.248387,34.806913],[132.248196,34.806846],[132.247487,34.806366],[132.247233,34.806136],[132.247005,34.805837],[132.246876,34.805817],[132.246313,34.805884],[132.245584,34.806132],[132.244457,34.806547],[132.244041,34.806802],[132.243744,34.806801],[132.243304,34.806672],[132.242637,34.806664],[132.241987,34.806351],[132.241562,34.806062],[132.241024,34.805328],[132.240794,34.805152],[132.240487,34.805056],[132.240275,34.804899],[132.239969,34.804412],[132.239566,34.803952],[132.238979,34.803107],[132.238589,34.802127]]],[[[132.33746,34.790201],[132.337641,34.788204],[132.337629,34.787079],[132.337479,34.785638],[132.338863,34.786962],[132.340084,34.787971],[132.342145,34.789212],[132.346635,34.791022],[132.348599,34.791971],[132.350054,34.792822],[132.350847,34.793379],[132.351522,34.794094],[132.351971,34.794866],[132.352291,34.795737],[132.352362,34.796383],[132.352315,34.797019],[132.352161,34.797478],[132.351834,34.797987],[132.350731,34.796989],[132.349461,34.796068],[132.348913,34.795723],[132.348683,34.795392],[132.348294,34.794599],[132.3472,34.793712],[132.346786,34.793444],[132.345989,34.793219],[132.34482,34.7928],[132.342289,34.792129],[132.341924,34.792],[132.340825,34.791412],[132.340351,34.791259],[132.339789,34.79118],[132.339371,34.791039],[132.337984,34.790363],[132.33746,34.790201]]],[[[132.075731,34.432907],[132.07568,34.432539],[132.075697,34.432157],[132.075834,34.431619],[132.076091,34.43135],[132.076536,34.431307],[132.076861,34.431406],[132.077152,34.431704],[132.077272,34.432072],[132.077255,34.432709],[132.076998,34.432963],[132.076707,34.433091],[132.075903,34.433091],[132.075731,34.432907]]],[[[132.176601,34.677177],[132.177006,34.6772],[132.177216,34.677327],[132.177398,34.677674],[132.177803,34.679049],[132.178488,34.680216],[132.177887,34.68151],[132.177481,34.682538],[132.176964,34.682631],[132.176657,34.682758],[132.176433,34.682943],[132.176224,34.682977],[132.176014,34.682885],[132.175748,34.682561],[132.175469,34.682076],[132.174337,34.682076],[132.174323,34.68129],[132.173945,34.681094],[132.173708,34.681591],[132.173596,34.682353],[132.173442,34.682642],[132.173163,34.682954],[132.172841,34.683128],[132.17259,34.683151],[132.172282,34.683047],[132.172044,34.682827],[132.171919,34.682007],[132.171737,34.681833],[132.170283,34.681706],[132.169822,34.681568],[132.169543,34.681417],[132.169235,34.681094],[132.169067,34.67973],[132.168942,34.679245],[132.168704,34.678829],[132.168438,34.678482],[132.168341,34.678217],[132.16841,34.678043],[132.168704,34.677893],[132.169836,34.677766],[132.170423,34.677396],[132.170703,34.677396],[132.171094,34.677731],[132.171541,34.678459],[132.172659,34.679083],[132.172981,34.679661],[132.173135,34.679742],[132.173428,34.679753],[132.173596,34.679684],[132.173792,34.679476],[132.174113,34.679026],[132.174784,34.677847],[132.175063,34.677593],[132.17593,34.677292],[132.176601,34.677177]]],[[[132.042554,34.506875],[132.042266,34.506803],[132.041744,34.506865],[132.041221,34.506419],[132.040698,34.506164],[132.040355,34.505663],[132.040139,34.504846],[132.04001,34.504737],[132.039372,34.504632],[132.039057,34.504387],[132.038641,34.503947],[132.038488,34.503609],[132.038487,34.503222],[132.038429,34.503047],[132.038194,34.502771],[132.037837,34.502523],[132.03698,34.502423],[132.036667,34.502215],[132.036516,34.501893],[132.036448,34.501262],[132.036488,34.501118],[132.037074,34.500795],[132.037632,34.5007],[132.037844,34.500621],[132.038252,34.500326],[132.038911,34.499639],[132.039255,34.499479],[132.039358,34.499494],[132.039558,34.499663],[132.039789,34.499761],[132.040626,34.499926],[132.041139,34.500267],[132.042332,34.499748],[132.042862,34.499737],[132.043562,34.499479],[132.043929,34.499399],[132.044857,34.499931],[132.0463,34.500293],[132.046514,34.500272],[132.046669,34.500178],[132.046812,34.500177],[132.047247,34.500265],[132.047486,34.500407],[132.048073,34.49999],[132.048526,34.499382],[132.048702,34.499276],[132.048927,34.499244],[132.049042,34.499277],[132.049173,34.499366],[132.04939,34.499688],[132.049586,34.499768],[132.049972,34.499672],[132.050452,34.499431],[132.05138,34.499086],[132.052281,34.498876],[132.052471,34.498698],[132.052758,34.498287],[132.052801,34.497944],[132.052881,34.497774],[132.053042,34.497599],[132.053336,34.497402],[132.053422,34.497248],[132.053626,34.496227],[132.053789,34.496013],[132.054283,34.495676],[132.054547,34.495625],[132.054904,34.495637],[132.055559,34.495764],[132.055823,34.495715],[132.056209,34.495464],[132.056657,34.494876],[132.056909,34.49468],[132.057039,34.494416],[132.05737,34.493972],[132.057668,34.493734],[132.058387,34.49335],[132.058896,34.492925],[132.059139,34.492781],[132.059743,34.49227],[132.059889,34.492071],[132.059931,34.491884],[132.059841,34.490922],[132.060038,34.490151],[132.059715,34.489134],[132.059199,34.488639],[132.058949,34.488281],[132.058818,34.487997],[132.058703,34.487386],[132.058454,34.487034],[132.05804,34.486767],[132.057412,34.486576],[132.057526,34.486332],[132.057547,34.486152],[132.057459,34.485227],[132.057631,34.484728],[132.057611,34.484628],[132.057495,34.48448],[132.057226,34.484221],[132.057132,34.483878],[132.057161,34.483656],[132.057316,34.483448],[132.057389,34.483249],[132.057381,34.482942],[132.057235,34.482659],[132.057201,34.482453],[132.057224,34.482199],[132.057377,34.481825],[132.057722,34.481321],[132.057813,34.481121],[132.057937,34.480544],[132.058135,34.480271],[132.058516,34.480135],[132.059385,34.480079],[132.05994,34.47995],[132.060567,34.479727],[132.061232,34.479617],[132.061385,34.479527],[132.061487,34.479377],[132.061563,34.478413],[132.061656,34.4782],[132.062484,34.477438],[132.063132,34.476511],[132.063405,34.476347],[132.064262,34.476226],[132.064587,34.476105],[132.064928,34.476797],[132.065647,34.477434],[132.064535,34.478594],[132.062925,34.480448],[132.0626,34.480972],[132.062138,34.481298],[132.061076,34.481807],[132.060546,34.482274],[132.060135,34.48284],[132.059861,34.483463],[132.059775,34.484072],[132.059998,34.48611],[132.06034,34.486917],[132.061282,34.487964],[132.061949,34.488332],[132.062857,34.488742],[132.064706,34.488841],[132.065202,34.488969],[132.065853,34.489577],[132.067051,34.490427],[132.067154,34.490582],[132.067154,34.49071],[132.066949,34.49095],[132.065716,34.491828],[132.061675,34.494305],[132.05969,34.495196],[132.05808,34.496088],[132.057121,34.496881],[132.056454,34.497602],[132.056128,34.498098],[132.055889,34.498636],[132.055837,34.499895],[132.056128,34.501834],[132.05606,34.502188],[132.055872,34.502443],[132.055649,34.502542],[132.055084,34.502528],[132.053475,34.502245],[132.052379,34.502457],[132.050376,34.502471],[132.049897,34.502627],[132.049024,34.503009],[132.046661,34.503165],[132.04625,34.503377],[132.045617,34.504071],[132.045171,34.504764],[132.044692,34.505373],[132.044178,34.505684],[132.043031,34.506208],[132.04274,34.506519],[132.042554,34.506875]]],[[[132.071039,34.462714],[132.071015,34.462519],[132.070865,34.462369],[132.070863,34.462301],[132.070979,34.461942],[132.071314,34.461398],[132.071595,34.460733],[132.07151,34.459826],[132.071252,34.459377],[132.071227,34.459129],[132.071243,34.458798],[132.071457,34.458264],[132.071653,34.458006],[132.072186,34.457493],[132.072912,34.456946],[132.073273,34.456419],[132.074148,34.455432],[132.074313,34.455],[132.074477,34.454748],[132.074755,34.454486],[132.075273,34.454188],[132.075364,34.454081],[132.075424,34.453918],[132.075311,34.453202],[132.075316,34.452889],[132.075371,34.452696],[132.076061,34.45178],[132.076705,34.451218],[132.077096,34.450778],[132.077581,34.450131],[132.077744,34.449752],[132.078024,34.44948],[132.078131,34.449261],[132.078132,34.448827],[132.078222,34.448491],[132.078401,34.448152],[132.07845,34.44795],[132.078492,34.447451],[132.078579,34.447148],[132.078766,34.446789],[132.078868,34.446421],[132.079377,34.445861],[132.079566,34.445569],[132.079712,34.445172],[132.079793,34.444746],[132.079899,34.444541],[132.080102,34.444317],[132.080783,34.443771],[132.081021,34.443471],[132.081041,34.443104],[132.080874,34.442406],[132.080828,34.441381],[132.080736,34.44125],[132.080294,34.440995],[132.079999,34.440764],[132.079954,34.440695],[132.079848,34.440029],[132.079478,34.439521],[132.078719,34.438979],[132.077484,34.438228],[132.077054,34.437807],[132.076972,34.437642],[132.076833,34.436824],[132.076997,34.436475],[132.077683,34.43711],[132.07859,34.43779],[132.079703,34.438752],[132.080474,34.439474],[132.081347,34.440451],[132.081741,34.441087],[132.082014,34.441654],[132.082151,34.442347],[132.0821,34.443012],[132.081878,34.443777],[132.079652,34.447754],[132.078385,34.450301],[132.07681,34.452453],[132.075988,34.454293],[132.075526,34.454972],[132.074396,34.456302],[132.07378,34.456954],[132.072769,34.457817],[132.072205,34.458482],[132.072016,34.458878],[132.072016,34.459629],[132.072581,34.460662],[132.072667,34.460931],[132.072513,34.461341],[132.071811,34.46236],[132.07164,34.462756],[132.071039,34.462714]]],[[[132.089444,34.54401],[132.089917,34.543581],[132.09228,34.545026],[132.095036,34.546602],[132.095918,34.547162],[132.096721,34.547787],[132.097335,34.548359],[132.097981,34.549141],[132.101556,34.554219],[132.101981,34.554648],[132.102627,34.554961],[132.104942,34.555416],[132.106108,34.555898],[132.107116,34.556419],[132.107888,34.557018],[132.10877,34.558125],[132.109415,34.559153],[132.109998,34.559948],[132.110786,34.560729],[132.113731,34.561875],[132.114644,34.562369],[132.11518,34.562812],[132.116534,34.564492],[132.116912,34.565234],[132.117133,34.565833],[132.117306,34.566666],[132.117668,34.567486],[132.11803,34.568137],[132.119574,34.569817],[132.120141,34.57134],[132.120708,34.572668],[132.12085,34.573293],[132.120834,34.5744],[132.120046,34.576861],[132.120031,34.577603],[132.120078,34.578371],[132.120377,34.579035],[132.120944,34.579413],[132.124157,34.580481],[132.125984,34.581145],[132.126693,34.5816],[132.127228,34.582121],[132.127606,34.582681],[132.127779,34.583306],[132.127779,34.58397],[132.127701,34.584556],[132.127512,34.585064],[132.12663,34.5869],[132.126362,34.587655],[132.126346,34.588137],[132.126535,34.588657],[132.126866,34.589139],[132.127512,34.589777],[132.12989,34.591678],[132.130583,34.592433],[132.131181,34.593306],[132.13252,34.597342],[132.132898,34.597941],[132.133686,34.599399],[132.134095,34.600284],[132.134757,34.602277],[132.135339,34.603566],[132.135985,34.604633],[132.136568,34.605375],[132.137135,34.606534],[132.137402,34.607524],[132.137654,34.608019],[132.137985,34.608422],[132.138631,34.608748],[132.139387,34.608943],[132.140269,34.609008],[132.14082,34.609099],[132.141608,34.609399],[132.142001,34.609841],[132.142379,34.610584],[132.142568,34.611339],[132.142805,34.61186],[132.143183,34.61238],[132.146238,34.614893],[132.147781,34.613253],[132.149136,34.611951],[132.14975,34.611677],[132.150412,34.611599],[132.152577,34.611768],[132.153428,34.611768],[132.1539,34.61169],[132.154184,34.611404],[132.154436,34.611039],[132.154404,34.610675],[132.154058,34.61031],[132.153711,34.610128],[132.15264,34.609946],[132.151632,34.609477],[132.151128,34.609008],[132.150561,34.608383],[132.149049,34.607498],[132.148388,34.606769],[132.147569,34.606612],[132.146624,34.6063],[132.143379,34.604737],[132.142214,34.603904],[132.141269,34.603409],[132.140041,34.602889],[132.138088,34.60242],[132.137804,34.602049],[132.137946,34.601788],[132.139647,34.60132],[132.13971,34.601281],[132.139789,34.601033],[132.13971,34.600747],[132.139474,34.600512],[132.139064,34.600291],[132.137867,34.600018],[132.136686,34.599822],[132.136387,34.599731],[132.136135,34.59951],[132.136182,34.599249],[132.136308,34.599106],[132.136497,34.599067],[132.137694,34.599132],[132.139584,34.59908],[132.140513,34.598833],[132.14097,34.598455],[132.141096,34.59826],[132.141049,34.598065],[132.139678,34.597322],[132.139048,34.596815],[132.138859,34.59632],[132.138859,34.595981],[132.138985,34.595721],[132.140025,34.595018],[132.140182,34.594888],[132.140198,34.594809],[132.140041,34.594692],[132.138418,34.594653],[132.138119,34.594419],[132.137599,34.593807],[132.137521,34.593455],[132.137725,34.593],[132.13856,34.592088],[132.138718,34.591737],[132.138639,34.590747],[132.138403,34.590265],[132.136387,34.586841],[132.136119,34.586542],[132.136056,34.586255],[132.136513,34.585552],[132.136402,34.585357],[132.135662,34.585083],[132.135473,34.584784],[132.135536,34.584562],[132.135867,34.584367],[132.137347,34.58395],[132.137599,34.583807],[132.137347,34.583482],[132.136906,34.58313],[132.136922,34.582583],[132.13708,34.58205],[132.136906,34.581438],[132.136009,34.580344],[132.135914,34.578625],[132.135552,34.577766],[132.134686,34.578196],[132.134056,34.576464],[132.13352,34.576008],[132.132307,34.575305],[132.131583,34.575032],[132.129047,34.574914],[132.128543,34.574719],[132.128291,34.574381],[132.128181,34.574016],[132.128291,34.573638],[132.128669,34.573079],[132.128748,34.572818],[132.128717,34.571972],[132.127913,34.570683],[132.126606,34.569081],[132.125378,34.567688],[132.124165,34.566699],[132.121566,34.564732],[132.120952,34.564094],[132.120007,34.56274],[132.115833,34.55636],[132.114857,34.555137],[132.114243,34.554642],[132.11292,34.553978],[132.112321,34.553587],[132.111849,34.553131],[132.11103,34.552025],[132.109644,34.550671],[132.107895,34.549251],[132.105517,34.547442],[132.105061,34.546777],[132.104588,34.545853],[132.104352,34.54558],[132.104068,34.545371],[132.102966,34.544916],[132.102478,34.544629],[132.10232,34.544304],[132.102383,34.54278],[132.102289,34.542507],[132.102021,34.542207],[132.100682,34.541465],[132.099595,34.541062],[132.09895,34.540723],[132.098619,34.540476],[132.098398,34.540098],[132.098241,34.539707],[132.098162,34.539174],[132.098083,34.536986],[132.09802,34.536478],[132.097753,34.536335],[132.097422,34.536322],[132.094209,34.537754],[132.093422,34.537754],[132.092886,34.537572],[132.092524,34.537312],[132.092272,34.536817],[132.091973,34.536465],[132.091012,34.53627],[132.090902,34.536075],[132.090791,34.535072],[132.090681,34.534838],[132.090476,34.534734],[132.089579,34.534734],[132.087767,34.534838],[132.087547,34.53476],[132.087342,34.534473],[132.087374,34.532846],[132.087106,34.532494],[132.086586,34.532038],[132.085468,34.53045],[132.084917,34.529434],[132.084051,34.528445],[132.083106,34.527755],[132.080586,34.52614],[132.078885,34.524604],[132.077987,34.523276],[132.077892,34.522807],[132.078003,34.52187],[132.077955,34.52075],[132.07805,34.520437],[132.079704,34.51799],[132.080223,34.518523],[132.08057,34.51907],[132.080979,34.519943],[132.081294,34.521687],[132.081499,34.522521],[132.081688,34.523028],[132.081924,34.523315],[132.082365,34.523523],[132.08394,34.523588],[132.084303,34.52364],[132.084712,34.52394],[132.085578,34.525073],[132.086129,34.525411],[132.087216,34.52588],[132.087783,34.526205],[132.088413,34.526791],[132.089783,34.528302],[132.091185,34.529265],[132.091658,34.529343],[132.092162,34.52933],[132.093343,34.529044],[132.094871,34.530658],[132.097233,34.53265],[132.098288,34.533275],[132.09865,34.533406],[132.098554,34.53358],[132.098724,34.534002],[132.09896,34.53422],[132.100281,34.534517],[132.100508,34.534712],[132.100715,34.535094],[132.100753,34.535632],[132.100734,34.537138],[132.100423,34.538566],[132.100555,34.539011],[132.100762,34.539307],[132.101074,34.539627],[132.103603,34.540603],[132.104632,34.541086],[132.105057,34.54143],[132.105359,34.541874],[132.105491,34.542756],[132.105632,34.543255],[132.105887,34.543521],[132.106218,34.543716],[132.106822,34.543872],[132.107265,34.544082],[132.10752,34.544285],[132.107662,34.544636],[132.10752,34.545612],[132.10752,34.545932],[132.107614,34.546212],[132.108605,34.547156],[132.110389,34.54874],[132.112456,34.550277],[132.113022,34.550792],[132.113202,34.551042],[132.113522,34.551736],[132.113834,34.552103],[132.115552,34.55293],[132.11641,34.553476],[132.117033,34.554069],[132.117609,34.554717],[132.118204,34.555661],[132.119185,34.557838],[132.119515,34.558345],[132.119912,34.558743],[132.120497,34.55911],[132.121412,34.559508],[132.121856,34.559874],[132.12213,34.560272],[132.122432,34.560928],[132.123224,34.562917],[132.123545,34.563331],[132.123932,34.563729],[132.127113,34.566093],[132.129067,34.568621],[132.130463,34.569822],[132.131266,34.570618],[132.131596,34.571125],[132.131945,34.572295],[132.1322,34.572686],[132.132558,34.572974],[132.133493,34.57313],[132.134437,34.573388],[132.134845,34.573591],[132.136775,34.575451],[132.137284,34.575813],[132.138497,34.575435],[132.139096,34.575188],[132.14045,34.574263],[132.14097,34.574055],[132.142072,34.57386],[132.141017,34.571308],[132.140482,34.568613],[132.140135,34.56804],[132.138544,34.567844],[132.138387,34.567662],[132.13834,34.566946],[132.138229,34.566425],[132.137678,34.566022],[132.137568,34.565748],[132.137568,34.565279],[132.13782,34.564277],[132.138119,34.563847],[132.138466,34.563574],[132.138481,34.563417],[132.138166,34.56291],[132.138166,34.562688],[132.138088,34.562454],[132.137473,34.561881],[132.13741,34.561569],[132.137221,34.561204],[132.136969,34.561087],[132.13667,34.561048],[132.136213,34.561243],[132.135851,34.561256],[132.135678,34.561178],[132.135536,34.560891],[132.135473,34.560462],[132.135268,34.559941],[132.134607,34.559707],[132.134371,34.55955],[132.134134,34.559108],[132.13404,34.558691],[132.133898,34.55847],[132.133315,34.558079],[132.1333,34.55761],[132.131677,34.556907],[132.130559,34.556334],[132.129646,34.555644],[132.127504,34.553496],[132.126386,34.552506],[132.123897,34.550488],[132.122606,34.549342],[132.11996,34.547272],[132.119298,34.546413],[132.117408,34.543679],[132.11262,34.539135],[132.110242,34.537195],[132.104273,34.533067],[132.103297,34.532078],[132.103627,34.531778],[132.103643,34.531257],[132.103501,34.53071],[132.103124,34.52987],[132.105528,34.531021],[132.106854,34.531839],[132.11599,34.538592],[132.11677,34.539303],[132.118119,34.540691],[132.118846,34.541511],[132.120348,34.543622],[132.119786,34.543887],[132.119188,34.544304],[132.119865,34.545462],[132.122133,34.547676],[132.12344,34.548535],[132.126795,34.551491],[132.128685,34.553678],[132.130055,34.55498],[132.130827,34.55554],[132.132166,34.556217],[132.135174,34.557311],[132.136371,34.55791],[132.137473,34.558548],[132.13845,34.559342],[132.139663,34.560983],[132.140261,34.561907],[132.140387,34.562675],[132.14034,34.563287],[132.140182,34.563782],[132.140041,34.564472],[132.140025,34.564993],[132.140151,34.565475],[132.140608,34.565969],[132.140781,34.566022],[132.140986,34.566008],[132.141521,34.565774],[132.141852,34.56554],[132.14286,34.564394],[132.143474,34.564212],[132.145096,34.564576],[132.146939,34.565331],[132.147931,34.566074],[132.148608,34.567076],[132.149034,34.567883],[132.14979,34.569732],[132.149884,34.570696],[132.149884,34.571581],[132.149758,34.572441],[132.149695,34.573339],[132.149679,34.575696],[132.149632,34.576216],[132.149506,34.576607],[132.149301,34.576972],[132.148199,34.577714],[132.146844,34.578456],[132.146655,34.578677],[132.146687,34.578833],[132.14686,34.578951],[132.148367,34.579016],[132.150609,34.581667],[132.150926,34.582149],[132.151462,34.582602],[132.152103,34.582914],[132.152883,34.58322],[132.153168,34.58346],[132.153399,34.583816],[132.153584,34.584641],[132.153723,34.584942],[132.153895,34.585177],[132.154232,34.585467],[132.155257,34.585991],[132.156104,34.586194],[132.158596,34.586658],[132.159218,34.586746],[132.159674,34.586757],[132.1606,34.586675],[132.161149,34.586691],[132.161473,34.586751],[132.162736,34.587467],[132.163129,34.587806],[132.163169,34.588058],[132.163037,34.588517],[132.162481,34.589621],[132.162481,34.58984],[132.162627,34.590113],[132.162878,34.590288],[132.163499,34.59043],[132.164359,34.590813],[132.164954,34.591174],[132.16539,34.591589],[132.166964,34.59394],[132.167202,34.594191],[132.168287,34.59453],[132.170799,34.594847],[132.170998,34.594978],[132.171315,34.595514],[132.171527,34.595754],[132.171937,34.595864],[132.17359,34.596104],[132.176922,34.596717],[132.180387,34.59769],[132.181286,34.598214],[132.183283,34.5998],[132.18368,34.599975],[132.18405,34.599985],[132.185796,34.599625],[132.18696,34.599483],[132.18737,34.599483],[132.187767,34.599592],[132.189248,34.600401],[132.190464,34.600969],[132.191205,34.601166],[132.19221,34.600346],[132.19381,34.599384],[132.196085,34.598302],[132.199153,34.596618],[132.202446,34.597591],[132.202526,34.599175],[132.202384,34.599672],[132.199899,34.604892],[132.199245,34.605828],[132.19813,34.607027],[132.197423,34.608065],[132.195884,34.611399],[132.195283,34.61216],[132.194752,34.612657],[132.194097,34.613125],[132.192948,34.613681],[132.191639,34.61447],[132.190737,34.615362],[132.189888,34.616357],[132.189375,34.616781],[132.188225,34.617424],[132.187305,34.617702],[132.186261,34.617819],[132.184033,34.617643],[132.182883,34.617351],[132.180159,34.616357],[132.179381,34.616327],[132.178461,34.616371],[132.177966,34.616488],[132.177506,34.616781],[132.176356,34.618287],[132.175931,34.619106],[132.175648,34.619793],[132.175454,34.620612],[132.175507,34.62127],[132.175684,34.621826],[132.176073,34.622381],[132.176692,34.622908],[132.177488,34.623361],[132.178868,34.623975],[132.179858,34.624326],[132.182724,34.624882],[132.182901,34.624955],[132.183007,34.625101],[132.182848,34.625438],[132.181326,34.627368],[132.18099,34.627924],[132.180831,34.628976],[132.18069,34.6294],[132.180407,34.629766],[132.180106,34.629942],[132.179398,34.630088],[132.176851,34.630161],[132.176073,34.630263],[132.175418,34.630497],[132.174605,34.630907],[132.17418,34.631301],[132.173986,34.631799],[132.173986,34.632325],[132.174163,34.632881],[132.174516,34.633217],[132.174959,34.633524],[132.178302,34.634913],[132.179911,34.635469],[132.181362,34.635864],[132.182494,34.636039],[132.183307,34.636098],[132.184846,34.636112],[132.186651,34.636039],[132.189162,34.635294],[132.189675,34.634957],[132.1901,34.634445],[132.190224,34.633963],[132.1901,34.633027],[132.189445,34.630336],[132.189251,34.629357],[132.18918,34.628421],[132.189268,34.627646],[132.189516,34.626724],[132.190294,34.625789],[132.190967,34.625174],[132.191533,34.62494],[132.192116,34.62478],[132.192399,34.62478],[132.192806,34.624984],[132.192824,34.625408],[132.192624,34.625828],[132.192278,34.626197],[132.192093,34.626591],[132.192055,34.62696],[132.192155,34.627202],[132.19267,34.627838],[132.192909,34.628315],[132.19294,34.628773],[132.193178,34.629225],[132.193424,34.629524],[132.194456,34.630083],[132.194648,34.630338],[132.194686,34.630681],[132.194255,34.631464],[132.194232,34.631928],[132.194371,34.632094],[132.194648,34.632259],[132.194863,34.632259],[132.195464,34.632119],[132.195702,34.632126],[132.196202,34.632234],[132.196533,34.632501],[132.196918,34.632984],[132.197056,34.633404],[132.197226,34.633576],[132.197433,34.633589],[132.197703,34.633487],[132.197934,34.63329],[132.198457,34.633073],[132.198803,34.633124],[132.199126,34.633449],[132.199173,34.633805],[132.199057,34.634218],[132.198726,34.634575],[132.198249,34.634982],[132.198172,34.635154],[132.198188,34.6353],[132.198303,34.635427],[132.199219,34.635898],[132.199426,34.636127],[132.199742,34.63675],[132.200027,34.636992],[132.20035,34.637132],[132.200888,34.637215],[132.202104,34.637565],[132.20272,34.637838],[132.202982,34.638054],[132.203274,34.638595],[132.203482,34.639753],[132.203628,34.639893],[132.203774,34.63995],[132.204036,34.639848],[132.204621,34.639524],[132.205482,34.639155],[132.205929,34.639123],[132.206437,34.639238],[132.207068,34.639594],[132.207575,34.639969],[132.208229,34.640351],[132.208645,34.640446],[132.209915,34.640351],[132.211377,34.640554],[132.213577,34.640675],[132.214755,34.640974],[132.215424,34.641292],[132.21714,34.64273],[132.218356,34.643875],[132.218787,34.64467],[132.218765,34.644941],[132.217932,34.644788],[132.217297,34.644559],[132.214786,34.643042],[132.21387,34.642342],[132.213293,34.641954],[132.212931,34.641769],[132.212446,34.641769],[132.211107,34.64189],[132.210746,34.641865],[132.210376,34.641763],[132.209415,34.641241],[132.208391,34.640974],[132.207491,34.640484],[132.205382,34.641089],[132.205113,34.641267],[132.204905,34.641547],[132.204721,34.64196],[132.203974,34.643029],[132.203005,34.643812],[132.201612,34.64481],[132.201204,34.645014],[132.200465,34.64516],[132.196787,34.645605],[132.196171,34.645784],[132.195779,34.645987],[132.195641,34.646159],[132.195633,34.64635],[132.19571,34.646509],[132.197064,34.64766],[132.197572,34.648214],[132.19768,34.648589],[132.197695,34.649486],[132.197533,34.649906],[132.196456,34.650803],[132.195725,34.651204],[132.193632,34.652609],[132.19327,34.652908],[132.193194,34.653125],[132.193232,34.653392],[132.193455,34.654015],[132.193624,34.654155],[132.193848,34.654232],[132.194248,34.654232],[132.196472,34.653901],[132.197572,34.653812],[132.197926,34.653863],[132.198172,34.65399],[132.198357,34.654257],[132.198403,34.654919],[132.198557,34.655523],[132.198757,34.655727],[132.198911,34.65579],[132.19908,34.655803],[132.199503,34.655682],[132.200134,34.655275],[132.200812,34.654734],[132.201042,34.654677],[132.201412,34.654715],[132.202189,34.654919],[132.203228,34.6553],[132.203343,34.655434],[132.203374,34.655561],[132.203343,34.655771],[132.202512,34.657139],[132.202443,34.657431],[132.20252,34.657584],[132.202812,34.657845],[132.203343,34.658068],[132.204005,34.658106],[132.205883,34.657832],[132.206221,34.657877],[132.206498,34.658023],[132.20726,34.659092],[132.207591,34.659314],[132.207822,34.65941],[132.208491,34.659416],[132.209445,34.659111],[132.211261,34.658386],[132.212225,34.657718],[132.21267,34.657677],[132.212901,34.657575],[132.213083,34.657575],[132.213206,34.65763],[132.213256,34.657848],[132.212959,34.658495],[132.212984,34.658809],[132.212918,34.658918],[132.212728,34.658877],[132.212398,34.658564],[132.212283,34.658591],[132.21225,34.658686],[132.212275,34.659123],[132.212184,34.659395],[132.21197,34.659688],[132.211442,34.660193],[132.210634,34.660793],[132.210362,34.660943],[132.209776,34.661059],[132.20896,34.661147],[132.208209,34.661161],[132.206255,34.660881],[132.204787,34.660779],[132.204482,34.660868],[132.204243,34.661038],[132.203608,34.661979],[132.203278,34.662306],[132.203039,34.662415],[132.202751,34.662429],[132.20247,34.662333],[132.201876,34.661795],[132.201101,34.661699],[132.199634,34.661788],[132.199279,34.661747],[132.199032,34.661563],[132.198974,34.661365],[132.199007,34.661202],[132.199427,34.660861],[132.199617,34.660622],[132.199708,34.660356],[132.19965,34.660166],[132.199378,34.660043],[132.199023,34.660145],[132.198067,34.660575],[132.197885,34.660575],[132.197729,34.660486],[132.197671,34.660322],[132.197712,34.659927],[132.198207,34.659238],[132.198166,34.659],[132.197935,34.658959],[132.197597,34.659],[132.196632,34.659463],[132.196418,34.659511],[132.195774,34.659504],[132.195519,34.659552],[132.194892,34.659988],[132.194546,34.659995],[132.193639,34.659668],[132.193581,34.659702],[132.193589,34.659859],[132.1941,34.660513],[132.194307,34.66065],[132.194711,34.660711],[132.194208,34.660922],[132.19396,34.66095],[132.193548,34.660881],[132.19227,34.660159],[132.191701,34.660056],[132.190926,34.660131],[132.189994,34.660452],[132.188905,34.661093],[132.187899,34.661406],[132.187306,34.661645],[132.186588,34.662033],[132.185978,34.662477],[132.185648,34.662838],[132.185409,34.663226],[132.185187,34.664106],[132.185178,34.664494],[132.185426,34.665742],[132.185533,34.665919],[132.185764,34.666103],[132.18639,34.666321],[132.187067,34.666628],[132.187182,34.666751],[132.187166,34.666983],[132.18686,34.667235],[132.186704,34.667514],[132.186729,34.667692],[132.186869,34.668019],[132.186918,34.668332],[132.186745,34.66868],[132.186663,34.66913],[132.186806,34.670013],[132.187002,34.670233],[132.188515,34.670729],[132.188827,34.67092],[132.188966,34.671207],[132.189004,34.672048],[132.188938,34.672354],[132.188807,34.6726],[132.188592,34.67277],[132.188567,34.673132],[132.188608,34.673469],[132.185282,34.673746],[132.184658,34.67367],[132.184104,34.673469],[132.183434,34.673135],[132.182764,34.672601],[132.182383,34.672209],[132.182268,34.671818],[132.182268,34.671541],[132.182348,34.671312],[132.183653,34.669078],[132.183988,34.668591],[132.184866,34.66839],[132.185039,34.668285],[132.18512,34.668047],[132.185062,34.667808],[132.184854,34.66755],[132.18445,34.667436],[132.183792,34.667445],[132.183272,34.667531],[132.182129,34.668066],[132.181933,34.66798],[132.181794,34.667541],[132.181771,34.667111],[132.181552,34.666681],[132.180905,34.665889],[132.180097,34.664657],[132.179819,34.663961],[132.179715,34.663416],[132.179565,34.663044],[132.179219,34.662738],[132.178018,34.661946],[132.177591,34.661507],[132.177498,34.661077],[132.177487,34.660619],[132.177406,34.660438],[132.176713,34.660104],[132.176066,34.659626],[132.175327,34.659483],[132.175015,34.659292],[132.174831,34.659034],[132.174299,34.658805],[132.174126,34.658643],[132.173895,34.65827],[132.173283,34.657812],[132.173283,34.657096],[132.172602,34.655855],[132.172532,34.655473],[132.172659,34.654939],[132.172532,34.654709],[132.172278,34.654528],[132.171805,34.65448],[132.1705,34.654633],[132.170304,34.654557],[132.169899,34.65385],[132.169899,34.653688],[132.170073,34.653516],[132.170465,34.653306],[132.170629,34.652999],[132.171296,34.652851],[132.171963,34.652615],[132.17238,34.652339],[132.172821,34.651827],[132.173595,34.650635],[132.174322,34.649828],[132.177776,34.64707],[132.179295,34.645642],[132.179747,34.64513],[132.17989,34.644756],[132.179867,34.644559],[132.179462,34.644244],[132.179057,34.644106],[132.179342,34.641408],[132.179223,34.640344],[132.178985,34.639891],[132.178795,34.639753],[132.178532,34.639891],[132.17808,34.640305],[132.177556,34.641329],[132.176388,34.644086],[132.175864,34.644677],[132.174816,34.645524],[132.172338,34.647159],[132.171052,34.647927],[132.16886,34.649798],[132.16774,34.650487],[132.166585,34.65091],[132.165875,34.649621],[132.164789,34.648437],[132.162434,34.646318],[132.159223,34.643759],[132.15883,34.643511],[132.158322,34.643511],[132.157583,34.643625],[132.155943,34.643969],[132.155528,34.643874],[132.151832,34.642365],[132.150793,34.641678],[132.149846,34.641162],[132.149222,34.64099],[132.148714,34.640971],[132.148876,34.640628],[132.149084,34.639597],[132.148783,34.638756],[132.148483,34.63847],[132.14786,34.638241],[132.148229,34.637802],[132.148645,34.637534],[132.151232,34.636198],[132.151717,34.635797],[132.151994,34.635224],[132.15204,34.634537],[132.151994,34.633353],[132.152063,34.633028],[132.152271,34.632742],[132.154742,34.630031],[132.155666,34.628751],[132.156128,34.627892],[132.156452,34.62688],[132.156521,34.626364],[132.158438,34.625925],[132.159339,34.62562],[132.15987,34.625677],[132.160493,34.625887],[132.161608,34.624713],[132.160545,34.62415],[132.160083,34.623749],[132.15931,34.623233],[132.157924,34.6233],[132.157739,34.623615],[132.1573,34.623959],[132.156342,34.624264],[132.155649,34.62435],[132.155565,34.624018],[132.155179,34.623779],[132.154553,34.62348],[132.153517,34.622425],[132.153035,34.622046],[132.151807,34.621529],[132.151036,34.62129],[132.149494,34.620573],[132.14853,34.620294],[132.14747,34.619816],[132.145591,34.618561],[132.140749,34.615036],[132.139857,34.614259],[132.139327,34.613522],[132.139062,34.612905],[132.138894,34.612247],[132.138773,34.612068],[132.136027,34.611331],[132.135232,34.611013],[132.134533,34.610276],[132.134172,34.609638],[132.13381,34.608125],[132.1336,34.607876],[132.132503,34.607139],[132.132202,34.60684],[132.131973,34.606283],[132.131757,34.605406],[132.131648,34.60459],[132.131419,34.603644],[132.131275,34.603196],[132.131022,34.602837],[132.130769,34.602618],[132.129805,34.602249],[132.129143,34.60206],[132.128275,34.601642],[132.127505,34.601473],[132.126685,34.601473],[132.125553,34.601582],[132.120434,34.602329],[132.120398,34.60215],[132.119229,34.602518],[132.119458,34.603375],[132.11941,34.603793],[132.119265,34.604181],[132.118229,34.605705],[132.117736,34.606691],[132.117687,34.607517],[132.117784,34.607836],[132.118374,34.608931],[132.11841,34.60927],[132.118073,34.61165],[132.118097,34.612716],[132.118302,34.613104],[132.120121,34.615643],[132.12053,34.6163],[132.120735,34.61652],[132.121807,34.617207],[132.122457,34.617565],[132.122855,34.617993],[132.123036,34.618581],[132.123168,34.619378],[132.123277,34.621588],[132.123337,34.621947],[132.123554,34.622305],[132.124204,34.623082],[132.125553,34.624347],[132.127324,34.62585],[132.127782,34.626408],[132.128167,34.627215],[132.128601,34.627593],[132.128914,34.627792],[132.130648,34.628708],[132.131118,34.629037],[132.131612,34.629565],[132.131901,34.630152],[132.132034,34.63072],[132.132058,34.631278],[132.131973,34.631785],[132.131745,34.632492],[132.131769,34.633339],[132.131913,34.633747],[132.13219,34.634235],[132.132287,34.634534],[132.132287,34.634853],[132.130865,34.637113],[132.130227,34.637681],[132.129625,34.638099],[132.129203,34.638467],[132.128504,34.639184],[132.128107,34.639812],[132.127938,34.64032],[132.127974,34.640728],[132.128312,34.641694],[132.128307,34.641924],[132.128198,34.641796],[132.127751,34.64178],[132.127726,34.641409],[132.127543,34.640826],[132.127535,34.640514],[132.127338,34.640216],[132.127053,34.639571],[132.126906,34.639482],[132.126759,34.639252],[132.126725,34.639037],[132.126801,34.638739],[132.127018,34.638425],[132.127063,34.638385],[132.127509,34.638336],[132.127849,34.637871],[132.128093,34.637673],[132.12828,34.637167],[132.128519,34.636706],[132.128858,34.636627],[132.129042,34.636473],[132.129611,34.635022],[132.130498,34.634581],[132.130538,34.634104],[132.130733,34.633939],[132.130871,34.633651],[132.130779,34.633479],[132.130529,34.633255],[132.130415,34.633064],[132.13006,34.632195],[132.130123,34.631968],[132.130404,34.631501],[132.130359,34.630582],[132.130252,34.630063],[132.130561,34.629708],[132.130805,34.629165],[132.130595,34.628946],[132.130042,34.628874],[132.1295,34.628419],[132.129006,34.628152],[132.128537,34.628016],[132.128238,34.62802],[132.128048,34.627833],[132.127884,34.627751],[132.126695,34.627358],[132.126741,34.626573],[132.126597,34.626142],[132.126296,34.62604],[132.125693,34.625985],[132.125372,34.625822],[132.12493,34.625275],[132.124568,34.625082],[132.124291,34.624631],[132.124009,34.624307],[132.123282,34.623666],[132.123056,34.623312],[132.123026,34.622606],[132.122731,34.622341],[132.122224,34.622036],[132.12192,34.621647],[132.122006,34.621287],[132.122293,34.620764],[132.12228,34.620531],[132.122095,34.620161],[132.122089,34.620019],[132.122392,34.619035],[132.122335,34.618811],[132.121871,34.618207],[132.121727,34.617576],[132.121455,34.617356],[132.121134,34.616897],[132.120522,34.616771],[132.119576,34.616123],[132.119407,34.615919],[132.119269,34.615149],[132.118369,34.61417],[132.118125,34.613707],[132.117552,34.612993],[132.117172,34.612711],[132.116908,34.612612],[132.11643,34.61257],[132.116368,34.612514],[132.116375,34.612271],[132.117097,34.611489],[132.117056,34.611179],[132.11687,34.610914],[132.11707,34.61052],[132.11709,34.61026],[132.116934,34.610041],[132.116811,34.609732],[132.116788,34.608889],[132.116844,34.60866],[132.117172,34.608437],[132.117226,34.608273],[132.117201,34.608027],[132.117119,34.607819],[132.116981,34.607721],[132.116927,34.60762],[132.116546,34.606719],[132.116549,34.606643],[132.116926,34.606246],[132.117294,34.604501],[132.11762,34.60411],[132.117696,34.603853],[132.117907,34.603701],[132.118189,34.603596],[132.118185,34.603512],[132.118035,34.603275],[132.117554,34.602757],[132.117637,34.601763],[132.117834,34.601619],[132.118241,34.601482],[132.118748,34.601417],[132.119004,34.601318],[132.119507,34.601009],[132.120102,34.601886],[132.124818,34.601101],[132.128508,34.600295],[132.128693,34.600418],[132.128594,34.600826],[132.128594,34.601111],[132.128742,34.601336],[132.129174,34.60154],[132.129692,34.601693],[132.129964,34.601693],[132.130951,34.601468],[132.131222,34.601489],[132.131309,34.60156],[132.131457,34.601856],[132.131494,34.602437],[132.132567,34.605334],[132.13274,34.606089],[132.13295,34.606497],[132.133381,34.606976],[132.134214,34.607557],[132.134492,34.608037],[132.134924,34.609394],[132.135195,34.609924],[132.135565,34.610353],[132.136096,34.610608],[132.137848,34.611077],[132.139144,34.611505],[132.139477,34.611689],[132.139859,34.613076],[132.140155,34.613576],[132.140957,34.61431],[132.142586,34.615534],[132.147867,34.619258],[132.14857,34.619625],[132.148965,34.619666],[132.149212,34.619543],[132.149496,34.619268],[132.149594,34.618952],[132.149594,34.618584],[132.149421,34.618054],[132.149187,34.617778],[132.147521,34.616391],[132.145967,34.615463],[132.144844,34.614616],[132.143376,34.613301],[132.142857,34.612933],[132.142426,34.612505],[132.142228,34.612219],[132.142018,34.611709],[132.14179,34.610771],[132.141321,34.610016],[132.140581,34.60969],[132.138317,34.609251],[132.137823,34.609057],[132.137453,34.608833],[132.136972,34.608302],[132.136762,34.607925],[132.136281,34.606232],[132.135948,34.60563],[132.134985,34.604161],[132.134443,34.60309],[132.133715,34.601254],[132.133517,34.60052],[132.132727,34.598908],[132.132123,34.59799],[132.131666,34.597102],[132.130716,34.593869],[132.13042,34.593206],[132.129359,34.592033],[132.126817,34.589962],[132.126225,34.58935],[132.125818,34.588779],[132.125707,34.587841],[132.126065,34.586688],[132.126299,34.586137],[132.126731,34.585321],[132.127126,34.584026],[132.127027,34.583016],[132.126694,34.582455],[132.126274,34.581996],[132.12583,34.58169],[132.124818,34.581302],[132.120771,34.579997],[132.120216,34.57967],[132.119797,34.579303],[132.119525,34.578875],[132.119377,34.578466],[132.11934,34.576936],[132.119624,34.575906],[132.120179,34.574346],[132.120167,34.573326],[132.119994,34.572724],[132.119377,34.571194],[132.119143,34.570439],[132.11897,34.570082],[132.117798,34.568888],[132.117169,34.568001],[132.116589,34.566502],[132.116404,34.565533],[132.11575,34.564482],[132.115293,34.5639],[132.114689,34.563176],[132.114146,34.562768],[132.113344,34.562268],[132.112048,34.561871],[132.111049,34.561442],[132.110259,34.561024],[132.109642,34.560534],[132.107976,34.558137],[132.107026,34.557025],[132.106249,34.556577],[132.103892,34.55572],[132.10251,34.555404],[132.101832,34.555169],[132.101092,34.55472],[132.098624,34.55116],[132.096563,34.548488],[132.095798,34.547866],[132.094984,34.547294],[132.090641,34.544795],[132.089444,34.54401]],[[132.143411,34.58908],[132.144104,34.59037],[132.144718,34.591229],[132.145789,34.592231],[132.147159,34.593221],[132.148561,34.594328],[132.150971,34.596411],[132.152861,34.599132],[132.153743,34.600031],[132.154892,34.600812],[132.161129,34.603585],[132.162358,34.604301],[132.163885,34.605395],[132.164704,34.606098],[132.165334,34.606788],[132.165791,34.607804],[132.16639,34.608663],[132.167366,34.609692],[132.168264,34.610408],[132.169918,34.608142],[132.168658,34.606489],[132.167508,34.604692],[132.166484,34.603559],[132.165728,34.60296],[132.165004,34.602609],[132.163901,34.602192],[132.157192,34.598637],[132.156326,34.59757],[132.155822,34.596554],[132.155097,34.595447],[132.154325,34.594731],[132.150278,34.592075],[132.147459,34.589302],[132.146309,34.588403],[132.145332,34.587739],[132.144356,34.588234],[132.143411,34.58908]]],[[[132.123492,34.598496],[132.124075,34.598126],[132.124678,34.597651],[132.123843,34.598644],[132.123492,34.598496]]],[[[132.133708,34.555844],[132.134198,34.555602],[132.134609,34.555517],[132.135338,34.555691],[132.1358,34.555582],[132.1367,34.555582],[132.136991,34.555724],[132.137229,34.555713],[132.13785,34.555538],[132.138485,34.555254],[132.138763,34.555243],[132.138961,34.555276],[132.139212,34.55544],[132.13949,34.555789],[132.1399,34.556183],[132.140085,34.55626],[132.141381,34.55626],[132.141765,34.556325],[132.141937,34.5565],[132.142042,34.556883],[132.142056,34.557593],[132.14232,34.557867],[132.143418,34.558555],[132.144687,34.558632],[132.14523,34.558719],[132.145454,34.558872],[132.145613,34.559157],[132.145732,34.560392],[132.145825,34.560895],[132.145997,34.561256],[132.146512,34.561835],[132.147491,34.56248],[132.147808,34.562743],[132.148073,34.563082],[132.148126,34.563344],[132.147914,34.564394],[132.147954,34.564765],[132.147147,34.564684],[132.145359,34.56392],[132.144906,34.562398],[132.144585,34.561626],[132.144037,34.560807],[132.143221,34.559913],[132.142405,34.559149],[132.141626,34.558579],[132.14089,34.558123],[132.140446,34.557931],[132.139144,34.558002],[132.138596,34.557947],[132.138101,34.557787],[132.1356,34.556636],[132.133708,34.555844]]],[[[132.174023,34.697392],[132.174957,34.697075],[132.175555,34.696925],[132.175944,34.696925],[132.176292,34.697052],[132.177488,34.697787],[132.178002,34.698052],[132.178364,34.698144],[132.178781,34.698155],[132.179268,34.698052],[132.179685,34.697833],[132.180283,34.697304],[132.180811,34.696753],[132.181089,34.696362],[132.181214,34.695856],[132.181159,34.694936],[132.180728,34.694005],[132.1807,34.693775],[132.181367,34.692879],[132.182355,34.692361],[132.182744,34.692304],[132.183092,34.692396],[132.183453,34.692683],[132.184899,34.694258],[132.185414,34.694741],[132.186026,34.695166],[132.18807,34.696097],[132.188626,34.696419],[132.19042,34.697787],[132.192102,34.6985],[132.192853,34.698695],[132.193187,34.698695],[132.19359,34.698603],[132.193965,34.698362],[132.1953,34.697213],[132.195884,34.697006],[132.198443,34.696937],[132.198443,34.697603],[132.19854,34.697971],[132.199972,34.700121],[132.200862,34.701017],[132.204519,34.70511],[132.205701,34.706225],[132.207453,34.707662],[132.209636,34.709685],[132.210123,34.710352],[132.210596,34.711409],[132.210721,34.712065],[132.210707,34.712777],[132.210304,34.714364],[132.209692,34.715605],[132.20826,34.71795],[132.207634,34.718088],[132.207036,34.718123],[132.206424,34.718054],[132.205993,34.717824],[132.205687,34.717513],[132.205159,34.716651],[132.204923,34.716387],[132.203198,34.715456],[132.202962,34.715249],[132.202795,34.714927],[132.202767,34.714594],[132.203031,34.712789],[132.202976,34.712444],[132.202823,34.712007],[132.202545,34.711536],[132.202434,34.711225],[132.20242,34.710961],[132.202489,34.710754],[132.202739,34.710375],[132.203615,34.709708],[132.203727,34.709559],[132.203755,34.709317],[132.203643,34.70857],[132.203463,34.708053],[132.203157,34.707627],[132.201442,34.708574],[132.200341,34.709108],[132.200018,34.709193],[132.199387,34.709229],[132.198242,34.709448],[132.197523,34.709678],[132.197171,34.709909],[132.196951,34.71185],[132.196965,34.712384],[132.197127,34.712809],[132.19745,34.713185],[132.197905,34.71344],[132.198536,34.713464],[132.199343,34.713428],[132.200532,34.713258],[132.200591,34.713683],[132.200591,34.713901],[132.200385,34.71401],[132.19949,34.714314],[132.199167,34.714483],[132.19858,34.715345],[132.197626,34.716134],[132.197274,34.716255],[132.195336,34.714872],[132.194954,34.714508],[132.194705,34.71401],[132.194221,34.712287],[132.193986,34.711171],[132.193736,34.71077],[132.19334,34.710406],[132.192767,34.710079],[132.191211,34.709496],[132.190257,34.709205],[132.189685,34.709132],[132.189259,34.709193],[132.186691,34.7102],[132.186133,34.710285],[132.185707,34.710285],[132.185428,34.710224],[132.185208,34.710018],[132.185179,34.709618],[132.185296,34.709132],[132.186558,34.706936],[132.186514,34.706681],[132.186368,34.706523],[132.186015,34.706365],[132.185678,34.706414],[132.184577,34.707081],[132.184195,34.707069],[132.183285,34.706414],[132.183021,34.706135],[132.182537,34.7048],[132.182199,34.704448],[132.18148,34.703975],[132.180364,34.703623],[132.179616,34.703599],[132.178544,34.703441],[132.177766,34.703587],[132.177341,34.703926],[132.175497,34.703919],[132.175236,34.701889],[132.1751,34.70151],[132.174903,34.70128],[132.174567,34.701156],[132.174776,34.70039],[132.174648,34.70016],[132.174347,34.699834],[132.174231,34.699633],[132.174185,34.699135],[132.174231,34.698446],[132.174208,34.697823],[132.174023,34.697392]]],[[[132.210566,34.744931],[132.213759,34.743458],[132.21451,34.743275],[132.215066,34.743206],[132.21768,34.743366],[132.218042,34.743275],[132.218793,34.742884],[132.219544,34.742401],[132.22035,34.742332],[132.222798,34.742539],[132.223548,34.74247],[132.22455,34.74224],[132.225551,34.741918],[132.226268,34.741547],[132.226342,34.741908],[132.226351,34.74227],[132.226235,34.742781],[132.225897,34.743585],[132.225567,34.744206],[132.225048,34.744785],[132.224932,34.745072],[132.224932,34.745297],[132.22499,34.745535],[132.226623,34.747158],[132.226738,34.747648],[132.226738,34.747919],[132.223959,34.75054],[132.22286,34.751505],[132.222568,34.751678],[132.222207,34.751632],[132.221601,34.751449],[132.221897,34.751101],[132.222116,34.750481],[132.222486,34.749827],[132.2225,34.749717],[132.222384,34.749539],[132.22197,34.749189],[132.22116,34.748969],[132.220518,34.748857],[132.219677,34.748358],[132.21859,34.747909],[132.218126,34.74759],[132.217483,34.747304],[132.214709,34.7455],[132.214455,34.745413],[132.212816,34.745129],[132.210566,34.744931]]],[[[132.3323,34.788094],[132.331063,34.786703],[132.32938,34.784413],[132.32844,34.782899],[132.328012,34.782095],[132.32788,34.781263],[132.328589,34.7808],[132.330947,34.779982],[132.33324,34.779382],[132.333817,34.780322],[132.334608,34.782981],[132.334988,34.783513],[132.335581,34.784154],[132.336225,34.784617],[132.336752,34.784917],[132.337479,34.785638],[132.337629,34.787079],[132.337641,34.788204],[132.33746,34.790201],[132.336904,34.790131],[132.335314,34.790274],[132.335007,34.790236],[132.334613,34.790014],[132.333801,34.790042],[132.332991,34.78885],[132.3323,34.788094]]],[[[132.372936,34.779423],[132.37503,34.7778],[132.376399,34.776668],[132.376778,34.776614],[132.376943,34.776641],[132.378725,34.778086],[132.381644,34.781672],[132.383793,34.785267],[132.381397,34.785838],[132.378917,34.785826],[132.377971,34.785044],[132.376845,34.783778],[132.374998,34.781507],[132.372936,34.779423]]],[[[132.143411,34.58908],[132.144356,34.588234],[132.145332,34.587739],[132.146309,34.588403],[132.147459,34.589302],[132.150278,34.592075],[132.154325,34.594731],[132.155097,34.595447],[132.155822,34.596554],[132.156326,34.59757],[132.157192,34.598637],[132.163901,34.602192],[132.165004,34.602609],[132.165728,34.60296],[132.166484,34.603559],[132.167508,34.604692],[132.168658,34.606489],[132.169918,34.608142],[132.168264,34.610408],[132.167366,34.609692],[132.16639,34.608663],[132.165791,34.607804],[132.165334,34.606788],[132.164704,34.606098],[132.163885,34.605395],[132.162358,34.604301],[132.161129,34.603585],[132.154892,34.600812],[132.153743,34.600031],[132.152861,34.599132],[132.150971,34.596411],[132.148561,34.594328],[132.147159,34.593221],[132.145789,34.592231],[132.144718,34.591229],[132.144104,34.59037],[132.143411,34.58908]]],[[[132.042498,34.508017],[132.042629,34.507088],[132.042554,34.506875],[132.04274,34.506519],[132.043031,34.506208],[132.044178,34.505684],[132.044692,34.505373],[132.045171,34.504764],[132.045617,34.504071],[132.04625,34.503377],[132.046661,34.503165],[132.049024,34.503009],[132.049897,34.502627],[132.050376,34.502471],[132.052379,34.502457],[132.053475,34.502245],[132.055084,34.502528],[132.055649,34.502542],[132.055872,34.502443],[132.05606,34.502188],[132.056128,34.501834],[132.055837,34.499895],[132.055889,34.498636],[132.056128,34.498098],[132.056454,34.497602],[132.057121,34.496881],[132.05808,34.496088],[132.05969,34.495196],[132.061675,34.494305],[132.065716,34.491828],[132.066949,34.49095],[132.067154,34.49071],[132.067154,34.490582],[132.067051,34.490427],[132.065853,34.489577],[132.065202,34.488969],[132.064706,34.488841],[132.062857,34.488742],[132.061949,34.488332],[132.061282,34.487964],[132.06034,34.486917],[132.059998,34.48611],[132.059861,34.485119],[132.059775,34.484072],[132.059861,34.483463],[132.060135,34.48284],[132.060546,34.482274],[132.061076,34.481807],[132.062138,34.481298],[132.0626,34.480972],[132.062925,34.480448],[132.064535,34.478594],[132.065647,34.477434],[132.067942,34.478382],[132.07104,34.480123],[132.071999,34.480576],[132.072718,34.480717],[132.073917,34.480647],[132.074584,34.480519],[132.074944,34.480349],[132.075269,34.480052],[132.075714,34.479401],[132.076039,34.478424],[132.076262,34.478085],[132.077341,34.476754],[132.077632,34.476047],[132.077683,34.475367],[132.077632,34.474122],[132.077649,34.472593],[132.077888,34.472098],[132.079053,34.470796],[132.079224,34.470272],[132.079275,34.469734],[132.079155,34.469196],[132.078881,34.468545],[132.077409,34.466847],[132.077255,34.465941],[132.077015,34.465672],[132.075526,34.464342],[132.074054,34.463337],[132.073386,34.462969],[132.072821,34.462856],[132.072085,34.462856],[132.07164,34.462756],[132.071811,34.46236],[132.072513,34.461341],[132.072667,34.460931],[132.072581,34.460662],[132.072016,34.459629],[132.072016,34.458878],[132.072205,34.458482],[132.072769,34.457817],[132.07378,34.456954],[132.074396,34.456302],[132.075526,34.454972],[132.075988,34.454293],[132.07681,34.452453],[132.078385,34.450301],[132.079652,34.447754],[132.081878,34.443777],[132.0821,34.443012],[132.082151,34.442347],[132.082014,34.441654],[132.081741,34.441087],[132.081347,34.440451],[132.080474,34.439474],[132.079703,34.438752],[132.07859,34.43779],[132.077683,34.43711],[132.076997,34.436475],[132.077118,34.436219],[132.077871,34.435596],[132.078488,34.4352],[132.078556,34.43503],[132.078505,34.434605],[132.077854,34.433459],[132.078505,34.433572],[132.079001,34.4336],[132.079481,34.433558],[132.079857,34.433445],[132.080011,34.433218],[132.07984,34.431817],[132.07996,34.431506],[132.080285,34.430996],[132.080628,34.430104],[132.080978,34.42937],[132.082181,34.429447],[132.083014,34.429567],[132.083517,34.429698],[132.083967,34.429906],[132.085038,34.430912],[132.085633,34.431852],[132.085897,34.432114],[132.086479,34.432213],[132.086744,34.432114],[132.087736,34.431163],[132.089349,34.433896],[132.090209,34.437143],[132.091134,34.438215],[132.091293,34.438565],[132.091624,34.440139],[132.091862,34.440729],[132.092139,34.441167],[132.092933,34.441965],[132.09333,34.442151],[132.093541,34.442457],[132.093647,34.443944],[132.093568,34.444097],[132.093025,34.444414],[132.09247,34.444851],[132.092311,34.445146],[132.092262,34.445556],[132.092282,34.445928],[132.0925,34.446382],[132.093108,34.44713],[132.093379,34.4478],[132.0916,34.447407],[132.091032,34.447434],[132.090913,34.447663],[132.090972,34.447849],[132.091224,34.448013],[132.092162,34.448456],[132.092334,34.448631],[132.092374,34.448784],[132.092328,34.448926],[132.091832,34.449418],[132.091733,34.449626],[132.091786,34.449872],[132.092202,34.450358],[132.092248,34.450506],[132.092189,34.450621],[132.09168,34.450889],[132.09168,34.451157],[132.092394,34.451856],[132.093121,34.452037],[132.093333,34.452184],[132.093432,34.452403],[132.093498,34.452895],[132.093697,34.453179],[132.093769,34.453447],[132.09369,34.4536],[132.09324,34.453764],[132.093128,34.453895],[132.093035,34.454322],[132.092903,34.454349],[132.092467,34.454092],[132.092275,34.454092],[132.092129,34.454185],[132.09203,34.454414],[132.091997,34.455256],[132.091924,34.455497],[132.091733,34.455759],[132.091257,34.456104],[132.091124,34.456279],[132.091058,34.456546],[132.091071,34.457109],[132.090784,34.458257],[132.090757,34.459274],[132.090718,34.459373],[132.090612,34.459373],[132.090453,34.459274],[132.090202,34.458826],[132.090109,34.45852],[132.090043,34.458498],[132.089977,34.458618],[132.09003,34.459799],[132.089818,34.460116],[132.088972,34.460586],[132.088549,34.46075],[132.08765,34.461417],[132.087293,34.461975],[132.086803,34.463123],[132.086605,34.464172],[132.086473,34.468523],[132.08683,34.468501],[132.088628,34.467714],[132.089766,34.467397],[132.090837,34.4672],[132.094976,34.467507],[132.096127,34.467725],[132.097343,34.468261],[132.097952,34.468622],[132.099631,34.469901],[132.100755,34.471093],[132.101192,34.471694],[132.101443,34.472273],[132.101535,34.472929],[132.101628,34.474394],[132.101628,34.476067],[132.101456,34.477073],[132.097568,34.47938],[132.096642,34.479992],[132.095584,34.480768],[132.095148,34.481391],[132.095174,34.481807],[132.095346,34.482222],[132.09577,34.482561],[132.096589,34.483053],[132.097158,34.483523],[132.097621,34.484026],[132.099062,34.485808],[132.099062,34.486082],[132.098811,34.486453],[132.098269,34.486869],[132.097555,34.487229],[132.097118,34.487579],[132.096933,34.487864],[132.095439,34.48934],[132.095055,34.489536],[132.094672,34.489591],[132.09323,34.48958],[132.092939,34.489678],[132.088351,34.493374],[132.086684,34.494718],[132.086235,34.495221],[132.085388,34.497058],[132.084899,34.497802],[132.084489,34.498239],[132.083391,34.499201],[132.082082,34.499988],[132.079622,34.501573],[132.078617,34.502361],[132.077533,34.503607],[132.076911,34.504656],[132.076567,34.505673],[132.076501,34.506592],[132.076594,34.507029],[132.07703,34.507882],[132.077718,34.508603],[132.078035,34.509215],[132.078247,34.509981],[132.078657,34.510899],[132.079675,34.512178],[132.08072,34.512933],[132.082122,34.513753],[132.082611,34.514102],[132.083576,34.515327],[132.084291,34.51607],[132.084991,34.516617],[132.086063,34.517284],[132.088139,34.518377],[132.088866,34.518661],[132.091273,34.518957],[132.093971,34.518946],[132.096748,34.518705],[132.097132,34.518727],[132.097436,34.518825],[132.097753,34.519022],[132.099049,34.519995],[132.099605,34.520258],[132.100425,34.520356],[132.100927,34.52029],[132.1066,34.517918],[132.107129,34.517645],[132.107381,34.517415],[132.107579,34.517065],[132.107936,34.515513],[132.108227,34.51489],[132.108769,34.514354],[132.110079,34.513446],[132.113266,34.51232],[132.113914,34.512156],[132.114416,34.512102],[132.119891,34.512222],[132.120579,34.512266],[132.121756,34.512583],[132.122232,34.512637],[132.12288,34.512637],[132.123343,34.512583],[132.124057,34.512266],[132.124692,34.511916],[132.125327,34.511664],[132.125869,34.511544],[132.131304,34.510735],[132.133235,34.510637],[132.133446,34.511402],[132.133737,34.512145],[132.132906,34.512742],[132.13237,34.513419],[132.132118,34.513393],[132.131725,34.513224],[132.131205,34.512899],[132.130197,34.512899],[132.129095,34.513107],[132.128496,34.513276],[132.127094,34.513953],[132.124968,34.515425],[132.124779,34.51575],[132.124763,34.516037],[132.125047,34.516674],[132.125283,34.51756],[132.125283,34.517924],[132.125,34.518458],[132.124212,34.519422],[132.122984,34.520307],[132.117802,34.522377],[132.117141,34.52256],[132.116715,34.522807],[132.115912,34.523497],[132.115676,34.523562],[132.115109,34.523536],[132.114621,34.523302],[132.113975,34.522716],[132.11355,34.522403],[132.112967,34.522247],[132.111943,34.522221],[132.111282,34.522299],[132.10788,34.523406],[132.106888,34.523797],[132.105691,34.524422],[132.104777,34.524773],[132.103942,34.525008],[132.10306,34.52519],[132.100934,34.525333],[132.099154,34.525919],[132.098351,34.526388],[132.097831,34.526895],[132.097312,34.527507],[132.096855,34.527859],[132.096288,34.528093],[132.095264,34.52825],[132.09413,34.528614],[132.093343,34.529044],[132.092162,34.52933],[132.091658,34.529343],[132.091185,34.529265],[132.089783,34.528302],[132.088413,34.526791],[132.087783,34.526205],[132.087216,34.52588],[132.086129,34.525411],[132.085578,34.525073],[132.084712,34.52394],[132.084303,34.52364],[132.08394,34.523588],[132.082365,34.523523],[132.081924,34.523315],[132.081688,34.523028],[132.081499,34.522521],[132.081294,34.521687],[132.080979,34.519943],[132.08057,34.51907],[132.080223,34.518523],[132.079704,34.51799],[132.07805,34.520437],[132.077955,34.52075],[132.078003,34.52187],[132.077892,34.522807],[132.077987,34.523276],[132.078885,34.524604],[132.080586,34.52614],[132.083106,34.527755],[132.084051,34.528445],[132.084917,34.529434],[132.085468,34.53045],[132.086586,34.532038],[132.087106,34.532494],[132.087374,34.532846],[132.087342,34.534473],[132.087547,34.53476],[132.087767,34.534838],[132.089579,34.534734],[132.090476,34.534734],[132.090681,34.534838],[132.090791,34.535072],[132.090902,34.536075],[132.091012,34.53627],[132.091973,34.536465],[132.092272,34.536817],[132.092524,34.537312],[132.092886,34.537572],[132.093422,34.537754],[132.094209,34.537754],[132.097422,34.536322],[132.097753,34.536335],[132.09802,34.536478],[132.098083,34.536986],[132.098162,34.539174],[132.098241,34.539707],[132.098398,34.540098],[132.098619,34.540476],[132.09895,34.540723],[132.099595,34.541062],[132.100682,34.541465],[132.102021,34.542207],[132.102289,34.542507],[132.102383,34.54278],[132.10232,34.544304],[132.102478,34.544629],[132.102966,34.544916],[132.104068,34.545371],[132.104352,34.54558],[132.104588,34.545853],[132.105061,34.546777],[132.105517,34.547442],[132.107895,34.549251],[132.109644,34.550671],[132.11103,34.552025],[132.111849,34.553131],[132.112321,34.553587],[132.11292,34.553978],[132.114243,34.554642],[132.114857,34.555137],[132.115833,34.55636],[132.120007,34.56274],[132.120952,34.564094],[132.121566,34.564732],[132.124165,34.566699],[132.125378,34.567688],[132.126606,34.569081],[132.127913,34.570683],[132.128717,34.571972],[132.128748,34.572818],[132.128669,34.573079],[132.128291,34.573638],[132.128181,34.574016],[132.128291,34.574381],[132.128543,34.574719],[132.129047,34.574914],[132.131583,34.575032],[132.132307,34.575305],[132.13352,34.576008],[132.134056,34.576464],[132.134686,34.578196],[132.135552,34.577766],[132.135914,34.578625],[132.136009,34.580344],[132.136906,34.581438],[132.13708,34.58205],[132.136922,34.582583],[132.136906,34.58313],[132.137347,34.583482],[132.137599,34.583807],[132.137347,34.58395],[132.135867,34.584367],[132.135536,34.584562],[132.135473,34.584784],[132.135662,34.585083],[132.136402,34.585357],[132.136513,34.585552],[132.136056,34.586255],[132.136119,34.586542],[132.136387,34.586841],[132.138403,34.590265],[132.138639,34.590747],[132.138718,34.591737],[132.13856,34.592088],[132.137725,34.593],[132.137521,34.593455],[132.137599,34.593807],[132.138119,34.594419],[132.138418,34.594653],[132.140041,34.594692],[132.140198,34.594809],[132.140182,34.594888],[132.140025,34.595018],[132.138985,34.595721],[132.138859,34.595981],[132.138859,34.59632],[132.139048,34.596815],[132.139678,34.597322],[132.141049,34.598065],[132.141096,34.59826],[132.14097,34.598455],[132.140513,34.598833],[132.139584,34.59908],[132.137694,34.599132],[132.136497,34.599067],[132.136308,34.599106],[132.136182,34.599249],[132.136135,34.59951],[132.136387,34.599731],[132.136686,34.599822],[132.137867,34.600018],[132.139064,34.600291],[132.139474,34.600512],[132.13971,34.600747],[132.139789,34.601033],[132.13971,34.601281],[132.139647,34.60132],[132.137946,34.601788],[132.137804,34.602049],[132.138088,34.60242],[132.140041,34.602889],[132.141269,34.603409],[132.142214,34.603904],[132.143379,34.604737],[132.146624,34.6063],[132.147569,34.606612],[132.148388,34.606769],[132.149049,34.607498],[132.150561,34.608383],[132.151128,34.609008],[132.151632,34.609477],[132.15264,34.609946],[132.153711,34.610128],[132.154058,34.61031],[132.154404,34.610675],[132.154436,34.611039],[132.154184,34.611404],[132.1539,34.61169],[132.153428,34.611768],[132.152577,34.611768],[132.150412,34.611599],[132.14975,34.611677],[132.149136,34.611951],[132.147781,34.613253],[132.146238,34.614893],[132.143183,34.61238],[132.142805,34.61186],[132.142568,34.611339],[132.142379,34.610584],[132.142001,34.609841],[132.141608,34.609399],[132.14082,34.609099],[132.140269,34.609008],[132.139387,34.608943],[132.138631,34.608748],[132.137985,34.608422],[132.137654,34.608019],[132.137402,34.607524],[132.137135,34.606534],[132.136568,34.605375],[132.135985,34.604633],[132.135339,34.603566],[132.134757,34.602277],[132.134095,34.600284],[132.133686,34.599399],[132.132898,34.597941],[132.13252,34.597342],[132.131181,34.593306],[132.130583,34.592433],[132.12989,34.591678],[132.127512,34.589777],[132.126866,34.589139],[132.126535,34.588657],[132.126346,34.588137],[132.126362,34.587655],[132.12663,34.5869],[132.127512,34.585064],[132.127701,34.584556],[132.127779,34.58397],[132.127779,34.583306],[132.127606,34.582681],[132.127228,34.582121],[132.126693,34.5816],[132.125984,34.581145],[132.124157,34.580481],[132.120944,34.579413],[132.120377,34.579035],[132.120078,34.578371],[132.120031,34.577603],[132.120046,34.576861],[132.120834,34.5744],[132.12085,34.573293],[132.120708,34.572668],[132.120141,34.57134],[132.119574,34.569817],[132.11803,34.568137],[132.117668,34.567486],[132.117306,34.566666],[132.117133,34.565833],[132.116912,34.565234],[132.116534,34.564492],[132.11518,34.562812],[132.114644,34.562369],[132.113731,34.561875],[132.110786,34.560729],[132.109998,34.559948],[132.109415,34.559153],[132.10877,34.558125],[132.107888,34.557018],[132.107116,34.556419],[132.106108,34.555898],[132.104942,34.555416],[132.102627,34.554961],[132.101981,34.554648],[132.101556,34.554219],[132.097981,34.549141],[132.097335,34.548359],[132.096721,34.547787],[132.095918,34.547162],[132.095036,34.546602],[132.09228,34.545026],[132.089917,34.543581],[132.089444,34.54401],[132.089052,34.544534],[132.088767,34.544083],[132.088331,34.542067],[132.088165,34.541519],[132.086292,34.539961],[132.085201,34.539331],[132.085011,34.538799],[132.084864,34.538575],[132.08457,34.538294],[132.084346,34.537906],[132.083951,34.53753],[132.083318,34.537267],[132.082764,34.537171],[132.081476,34.537185],[132.080835,34.537091],[132.080333,34.536857],[132.080084,34.536637],[132.07989,34.536543],[132.078942,34.536571],[132.078284,34.536804],[132.077341,34.536738],[132.075974,34.536917],[132.075843,34.536709],[132.075572,34.535993],[132.07543,34.535792],[132.075231,34.535597],[132.074682,34.535448],[132.074299,34.534946],[132.074142,34.534893],[132.073608,34.534931],[132.072421,34.534814],[132.072051,34.534869],[132.071767,34.53485],[132.07058,34.534521],[132.069315,34.534428],[132.068803,34.534274],[132.067624,34.53411],[132.067513,34.534127],[132.066882,34.534856],[132.06678,34.534863],[132.066239,34.534498],[132.06479,34.533817],[132.064511,34.53384],[132.063913,34.534064],[132.063749,34.534033],[132.063337,34.533636],[132.063328,34.533386],[132.063504,34.532686],[132.063066,34.532193],[132.062579,34.531914],[132.061528,34.531734],[132.061017,34.531446],[132.060572,34.531289],[132.059249,34.531271],[132.058926,34.531182],[132.058803,34.531077],[132.058649,34.530622],[132.058722,34.530354],[132.058702,34.530185],[132.058203,34.529737],[132.057791,34.529543],[132.057614,34.529571],[132.05704,34.529905],[132.056682,34.52992],[132.056362,34.529852],[132.055763,34.529881],[132.055231,34.530025],[132.05486,34.529924],[132.054417,34.529723],[132.053907,34.529734],[132.053294,34.52993],[132.052712,34.530266],[132.052379,34.530276],[132.052408,34.529802],[132.052177,34.529162],[132.051924,34.528924],[132.051368,34.528599],[132.051206,34.528255],[132.051145,34.527842],[132.050836,34.527506],[132.050712,34.527235],[132.050639,34.526981],[132.0507,34.526439],[132.050642,34.526175],[132.050512,34.525915],[132.049681,34.525312],[132.049045,34.524364],[132.048615,34.523309],[132.048383,34.522076],[132.048288,34.521918],[132.047836,34.52149],[132.047737,34.521225],[132.047737,34.521067],[132.047873,34.520846],[132.047943,34.52057],[132.047982,34.520093],[132.047914,34.519789],[132.047797,34.519536],[132.047287,34.518849],[132.047574,34.518438],[132.047962,34.518055],[132.048877,34.516475],[132.048976,34.516055],[132.048969,34.515799],[132.048885,34.515525],[132.048805,34.515367],[132.048077,34.515375],[132.047881,34.515301],[132.047766,34.515199],[132.047437,34.514744],[132.04741,34.514642],[132.047431,34.514535],[132.047631,34.514271],[132.047708,34.514024],[132.047668,34.51383],[132.047358,34.51319],[132.047247,34.512716],[132.047125,34.512474],[132.045912,34.511246],[132.045594,34.510785],[132.045171,34.510366],[132.043991,34.508977],[132.043909,34.508902],[132.043771,34.508881],[132.043179,34.508986],[132.042923,34.508893],[132.042676,34.508572],[132.042498,34.508017]]],[[[132.09865,34.533406],[132.099375,34.533406],[132.101785,34.53282],[132.102682,34.532429],[132.103297,34.532078],[132.104273,34.533067],[132.110242,34.537195],[132.11262,34.539135],[132.117408,34.543679],[132.119298,34.546413],[132.11996,34.547272],[132.122606,34.549342],[132.123897,34.550488],[132.126386,34.552506],[132.127504,34.553496],[132.129646,34.555644],[132.130559,34.556334],[132.131677,34.556907],[132.1333,34.55761],[132.133315,34.558079],[132.133898,34.55847],[132.13404,34.558691],[132.134134,34.559108],[132.134371,34.55955],[132.134607,34.559707],[132.135268,34.559941],[132.135473,34.560462],[132.135536,34.560891],[132.135678,34.561178],[132.135851,34.561256],[132.136213,34.561243],[132.13667,34.561048],[132.136969,34.561087],[132.137221,34.561204],[132.13741,34.561569],[132.137473,34.561881],[132.138088,34.562454],[132.138166,34.562688],[132.138166,34.56291],[132.138481,34.563417],[132.138466,34.563574],[132.138119,34.563847],[132.13782,34.564277],[132.137568,34.565279],[132.137568,34.565748],[132.137678,34.566022],[132.138229,34.566425],[132.13834,34.566946],[132.138387,34.567662],[132.138544,34.567844],[132.140135,34.56804],[132.140482,34.568613],[132.141017,34.571308],[132.142072,34.57386],[132.14097,34.574055],[132.14045,34.574263],[132.139096,34.575188],[132.138497,34.575435],[132.137284,34.575813],[132.136775,34.575451],[132.134845,34.573591],[132.134437,34.573388],[132.133493,34.57313],[132.132558,34.572974],[132.1322,34.572686],[132.131945,34.572295],[132.131596,34.571125],[132.131266,34.570618],[132.130463,34.569822],[132.129067,34.568621],[132.127113,34.566093],[132.123932,34.563729],[132.123545,34.563331],[132.123224,34.562917],[132.122432,34.560928],[132.12213,34.560272],[132.121856,34.559874],[132.121412,34.559508],[132.120497,34.55911],[132.119912,34.558743],[132.119515,34.558345],[132.119185,34.557838],[132.118204,34.555661],[132.117609,34.554717],[132.117033,34.554069],[132.11641,34.553476],[132.115552,34.55293],[132.113834,34.552103],[132.113522,34.551736],[132.113202,34.551042],[132.113022,34.550792],[132.112456,34.550277],[132.110389,34.54874],[132.108605,34.547156],[132.107614,34.546212],[132.10752,34.545932],[132.10752,34.545612],[132.107662,34.544636],[132.10752,34.544285],[132.107265,34.544082],[132.106822,34.543872],[132.106218,34.543716],[132.105887,34.543521],[132.105632,34.543255],[132.105491,34.542756],[132.105359,34.541874],[132.105057,34.54143],[132.104632,34.541086],[132.103603,34.540603],[132.101074,34.539627],[132.100762,34.539307],[132.100555,34.539011],[132.100423,34.538566],[132.100734,34.537138],[132.100753,34.535632],[132.100715,34.535094],[132.100508,34.534712],[132.100281,34.534517],[132.09896,34.53422],[132.098724,34.534002],[132.098554,34.53358],[132.09865,34.533406]]],[[[132.103124,34.52987],[132.102994,34.528885],[132.103039,34.528272],[132.103287,34.527742],[132.103612,34.527436],[132.105905,34.526386],[132.106523,34.525764],[132.106804,34.525541],[132.107163,34.525476],[132.107568,34.525494],[132.107871,34.525401],[132.108298,34.525067],[132.108646,34.524862],[132.109175,34.524807],[132.109579,34.524909],[132.109826,34.525076],[132.110029,34.52515],[132.11059,34.525011],[132.110849,34.52503],[132.111085,34.525132],[132.111287,34.525067],[132.111422,34.5249],[132.111613,34.524463],[132.111782,34.524296],[132.111995,34.524194],[132.112669,34.524287],[132.113782,34.525383],[132.114186,34.525522],[132.116164,34.525615],[132.116962,34.525578],[132.117321,34.525448],[132.11767,34.525215],[132.118142,34.524816],[132.118636,34.524231],[132.119232,34.523776],[132.11994,34.523423],[132.123052,34.52228],[132.12494,34.5215],[132.125783,34.521035],[132.126176,34.520617],[132.126479,34.520032],[132.12667,34.519252],[132.127614,34.518592],[132.127738,34.518369],[132.127749,34.518062],[132.127614,34.517254],[132.127626,34.516418],[132.127727,34.516102],[132.128041,34.51574],[132.128266,34.515573],[132.128749,34.515554],[132.129255,34.515963],[132.129997,34.516827],[132.130615,34.517644],[132.130862,34.518239],[132.131098,34.519056],[132.131255,34.519725],[132.131334,34.520747],[132.13148,34.521007],[132.131615,34.521091],[132.13203,34.521072],[132.132469,34.520812],[132.133761,34.519632],[132.133918,34.519595],[132.134087,34.519651],[132.134345,34.52005],[132.134368,34.520645],[132.134278,34.523237],[132.134637,34.524352],[132.134604,34.525949],[132.134525,34.526925],[132.134401,34.527306],[132.134098,34.527612],[132.133379,34.52803],[132.132772,34.528532],[132.132412,34.528987],[132.132255,34.529405],[132.132244,34.529795],[132.132345,34.530092],[132.130868,34.530808],[132.127442,34.532109],[132.124507,34.533027],[132.124083,34.533202],[132.122946,34.533858],[132.122391,34.534022],[132.120592,34.53412],[132.119838,34.534284],[132.119389,34.534492],[132.118939,34.534842],[132.118648,34.535148],[132.11599,34.538592],[132.106854,34.531839],[132.105528,34.531021],[132.103124,34.52987]]],[[[132.128307,34.641924],[132.128312,34.641694],[132.127974,34.640728],[132.127938,34.64032],[132.128107,34.639812],[132.128504,34.639184],[132.129203,34.638467],[132.129625,34.638099],[132.130227,34.637681],[132.130865,34.637113],[132.132287,34.634853],[132.132287,34.634534],[132.13219,34.634235],[132.131913,34.633747],[132.131769,34.633339],[132.131733,34.632851],[132.131745,34.632492],[132.131973,34.631785],[132.132058,34.631278],[132.132034,34.63072],[132.131901,34.630152],[132.131612,34.629565],[132.131118,34.629037],[132.130648,34.628708],[132.128914,34.627792],[132.128601,34.627593],[132.128167,34.627215],[132.127782,34.626408],[132.127324,34.62585],[132.125553,34.624347],[132.124204,34.623082],[132.123554,34.622305],[132.123337,34.621947],[132.123277,34.621588],[132.123168,34.619378],[132.123036,34.618581],[132.122855,34.617993],[132.122457,34.617565],[132.121807,34.617207],[132.120735,34.61652],[132.12053,34.6163],[132.120121,34.615643],[132.118302,34.613104],[132.118097,34.612716],[132.118073,34.61165],[132.11841,34.60927],[132.118374,34.608931],[132.117784,34.607836],[132.117687,34.607517],[132.117736,34.606691],[132.118229,34.605705],[132.119265,34.604181],[132.11941,34.603793],[132.119458,34.603375],[132.119229,34.602518],[132.120398,34.60215],[132.120434,34.602329],[132.125553,34.601582],[132.126685,34.601473],[132.127505,34.601473],[132.128275,34.601642],[132.129143,34.60206],[132.129805,34.602249],[132.130769,34.602618],[132.131022,34.602837],[132.131275,34.603196],[132.131648,34.60459],[132.131757,34.605406],[132.131973,34.606283],[132.132202,34.60684],[132.132503,34.607139],[132.1336,34.607876],[132.13381,34.608125],[132.134172,34.609638],[132.134533,34.610276],[132.135232,34.611013],[132.136027,34.611331],[132.138773,34.612068],[132.138894,34.612247],[132.139062,34.612905],[132.139327,34.613522],[132.139857,34.614259],[132.140749,34.615036],[132.145591,34.618561],[132.14747,34.619816],[132.14853,34.620294],[132.149494,34.620573],[132.151036,34.62129],[132.151807,34.621529],[132.153035,34.622046],[132.153517,34.622425],[132.154553,34.62348],[132.155179,34.623779],[132.155565,34.624018],[132.155649,34.62435],[132.153339,34.624598],[132.152554,34.624761],[132.151746,34.625142],[132.151053,34.625773],[132.149979,34.62646],[132.148986,34.62666],[132.148108,34.626746],[132.14678,34.6273],[132.146156,34.627472],[132.14566,34.627529],[132.145209,34.627501],[132.14417,34.627186],[132.143442,34.62709],[132.14268,34.627176],[132.141375,34.627529],[132.141502,34.628303],[132.141479,34.629047],[132.141191,34.629353],[132.140625,34.629677],[132.140544,34.629868],[132.140567,34.63004],[132.140729,34.630155],[132.141901,34.630164],[132.142109,34.629133],[132.142316,34.628904],[132.142594,34.628866],[132.143056,34.628961],[132.144049,34.629439],[132.144857,34.629515],[132.147421,34.629057],[132.148368,34.62877],[132.149107,34.628694],[132.149846,34.628713],[132.150285,34.628675],[132.151532,34.62835],[132.152387,34.627758],[132.153149,34.627014],[132.153749,34.626746],[132.156521,34.626364],[132.156452,34.62688],[132.156128,34.627892],[132.155666,34.628751],[132.154742,34.630031],[132.152271,34.632742],[132.152063,34.633028],[132.151994,34.633353],[132.15204,34.634537],[132.151994,34.635224],[132.151717,34.635797],[132.151232,34.636198],[132.148645,34.637534],[132.148229,34.637802],[132.14786,34.638241],[132.146659,34.638107],[132.145943,34.638165],[132.145388,34.638336],[132.144534,34.638814],[132.144303,34.6391],[132.144187,34.639597],[132.144303,34.640399],[132.144488,34.641086],[132.144695,34.641468],[132.145111,34.641754],[132.145804,34.641926],[132.14689,34.641888],[132.147582,34.641697],[132.14816,34.641449],[132.148714,34.640971],[132.149222,34.64099],[132.149846,34.641162],[132.150793,34.641678],[132.151832,34.642365],[132.155528,34.643874],[132.155943,34.643969],[132.157583,34.643625],[132.158322,34.643511],[132.15883,34.643511],[132.159223,34.643759],[132.162434,34.646318],[132.164789,34.648437],[132.165875,34.649621],[132.166897,34.651511],[132.167151,34.651884],[132.167301,34.65195],[132.167463,34.651922],[132.168121,34.651397],[132.168306,34.651406],[132.170629,34.652999],[132.170465,34.653306],[132.170073,34.653516],[132.169899,34.653688],[132.169899,34.65385],[132.170304,34.654557],[132.1705,34.654633],[132.171805,34.65448],[132.172278,34.654528],[132.172532,34.654709],[132.172659,34.654939],[132.172532,34.655473],[132.172602,34.655855],[132.173283,34.657096],[132.173283,34.657812],[132.173895,34.65827],[132.174126,34.658643],[132.174299,34.658805],[132.174831,34.659034],[132.175015,34.659292],[132.175327,34.659483],[132.176066,34.659626],[132.176713,34.660104],[132.177406,34.660438],[132.177487,34.660619],[132.177498,34.661077],[132.177591,34.661507],[132.178018,34.661946],[132.179219,34.662738],[132.179565,34.663044],[132.179715,34.663416],[132.179819,34.663961],[132.180097,34.664657],[132.180905,34.665889],[132.181552,34.666681],[132.181771,34.667111],[132.181794,34.667541],[132.181933,34.66798],[132.182129,34.668066],[132.183272,34.667531],[132.183792,34.667445],[132.18445,34.667436],[132.184854,34.66755],[132.185062,34.667808],[132.18512,34.668047],[132.185039,34.668285],[132.184866,34.66839],[132.183988,34.668591],[132.183653,34.669078],[132.182348,34.671312],[132.182268,34.671541],[132.182268,34.671818],[132.182383,34.672209],[132.182764,34.672601],[132.183434,34.673135],[132.184104,34.673469],[132.184658,34.67367],[132.185282,34.673746],[132.188608,34.673469],[132.188908,34.674138],[132.189474,34.674634],[132.19019,34.675054],[132.190883,34.67515],[132.190645,34.677324],[132.190579,34.679253],[132.190505,34.679826],[132.190291,34.680323],[132.189994,34.680848],[132.189425,34.681605],[132.188683,34.682832],[132.188534,34.683207],[132.188543,34.683425],[132.188765,34.683718],[132.189153,34.684039],[132.191495,34.685184],[132.193531,34.68605],[132.196863,34.687318],[132.198331,34.688095],[132.199996,34.689247],[132.200936,34.690004],[132.201662,34.690706],[132.202132,34.691367],[132.202586,34.69256],[132.202965,34.69436],[132.203237,34.695028],[132.203641,34.695819],[132.203839,34.696062],[132.199444,34.696845],[132.199347,34.693925],[132.198902,34.692028],[132.198651,34.691534],[132.198304,34.691223],[132.19448,34.688752],[132.194077,34.688637],[132.192728,34.688694],[132.191254,34.688855],[132.189683,34.689327],[132.187402,34.690108],[132.186943,34.690177],[132.186401,34.690028],[132.184037,34.689039],[132.183537,34.689028],[132.183272,34.689131],[132.182883,34.689453],[132.181673,34.691016],[132.181353,34.691626],[132.181228,34.692063],[132.181256,34.692695],[132.181367,34.692879],[132.1807,34.693775],[132.180728,34.694005],[132.181159,34.694936],[132.181214,34.695856],[132.181089,34.696362],[132.180811,34.696753],[132.180283,34.697304],[132.179685,34.697833],[132.179268,34.698052],[132.178781,34.698155],[132.178364,34.698144],[132.178002,34.698052],[132.177488,34.697787],[132.176292,34.697052],[132.175944,34.696925],[132.175555,34.696925],[132.174957,34.697075],[132.174023,34.697392],[132.171057,34.694137],[132.17093,34.693916],[132.170942,34.693016],[132.170779,34.692298],[132.170826,34.691838],[132.171231,34.691197],[132.17042,34.69111],[132.16903,34.690565],[132.167466,34.690536],[132.165891,34.692327],[132.165184,34.693026],[132.164721,34.693303],[132.164096,34.693485],[132.163609,34.693505],[132.162868,34.69338],[132.16252,34.69316],[132.162126,34.692729],[132.161269,34.690833],[132.160922,34.690354],[132.160331,34.689866],[132.159605,34.689589],[132.159753,34.688846],[132.160809,34.688367],[132.161007,34.688237],[132.161082,34.688119],[132.160762,34.68737],[132.160701,34.686847],[132.160252,34.685573],[132.160128,34.685286],[132.159793,34.684797],[132.1598,34.684687],[132.159857,34.684641],[132.160339,34.684509],[132.160946,34.683941],[132.161483,34.683655],[132.161733,34.683454],[132.161934,34.68318],[132.16173,34.682848],[132.161327,34.682381],[132.161219,34.681913],[132.160907,34.681648],[132.159665,34.681212],[132.15886,34.681153],[132.158076,34.681221],[132.157441,34.681364],[132.157201,34.681337],[132.15713,34.681279],[132.156959,34.680804],[132.15684,34.680662],[132.156555,34.680426],[132.156154,34.680252],[132.155749,34.679787],[132.154876,34.678968],[132.154593,34.678517],[132.154485,34.678189],[132.154489,34.67797],[132.155432,34.676991],[132.155472,34.676665],[132.15538,34.676432],[132.155043,34.675972],[132.1543,34.675579],[132.154292,34.675469],[132.154498,34.674868],[132.154464,34.67475],[132.153632,34.674452],[132.153642,34.673847],[132.153597,34.673687],[132.153421,34.673494],[132.152669,34.673309],[132.152419,34.672914],[132.152049,34.672597],[132.151933,34.672387],[132.151956,34.672013],[132.151887,34.67176],[132.151562,34.671375],[132.151158,34.67105],[132.151066,34.670438],[132.150884,34.670043],[132.149649,34.668839],[132.14876,34.66825],[132.148234,34.667977],[132.147925,34.667728],[132.147794,34.667554],[132.147309,34.66656],[132.147036,34.666216],[132.146884,34.665925],[132.146784,34.665257],[132.146915,34.664236],[132.147208,34.66387],[132.147339,34.663625],[132.147287,34.662761],[132.147588,34.662111],[132.147569,34.662064],[132.147365,34.661999],[132.146438,34.662187],[132.146259,34.662184],[132.146085,34.662091],[132.145276,34.661366],[132.144934,34.661018],[132.144837,34.660808],[132.144737,34.660242],[132.144632,34.660025],[132.143317,34.659432],[132.143202,34.659324],[132.143121,34.659046],[132.143143,34.658871],[132.143278,34.658677],[132.143267,34.658222],[132.143213,34.658079],[132.142125,34.656749],[132.141709,34.656465],[132.141274,34.655964],[132.140541,34.655398],[132.140382,34.655188],[132.140241,34.654825],[132.140287,34.654206],[132.139796,34.654017],[132.139364,34.653642],[132.138936,34.652803],[132.138633,34.65249],[132.137947,34.652114],[132.137326,34.652006],[132.137194,34.651897],[132.137096,34.65125],[132.13634,34.650357],[132.136257,34.650223],[132.136194,34.649953],[132.136378,34.649363],[132.136615,34.649012],[132.137305,34.648601],[132.137305,34.648462],[132.137205,34.648216],[132.137078,34.648137],[132.136157,34.648049],[132.135403,34.648093],[132.134895,34.648216],[132.134493,34.648374],[132.134211,34.648394],[132.133906,34.648319],[132.133517,34.648056],[132.133533,34.647904],[132.133922,34.647146],[132.134021,34.646847],[132.134146,34.645849],[132.134408,34.64532],[132.134442,34.645137],[132.134332,34.644995],[132.134019,34.644762],[132.133653,34.644131],[132.133543,34.644057],[132.1332,34.644052],[132.132824,34.644139],[132.132539,34.644271],[132.132154,34.644307],[132.131766,34.644106],[132.131594,34.643946],[132.131239,34.643441],[132.130829,34.643368],[132.130729,34.643303],[132.130281,34.642872],[132.130048,34.642396],[132.129332,34.642087],[132.129092,34.642092],[132.128946,34.642231],[132.128797,34.642314],[132.128721,34.642304],[132.128517,34.642167],[132.128307,34.641924]],[[132.176601,34.677177],[132.17593,34.677292],[132.175063,34.677593],[132.174784,34.677847],[132.174113,34.679026],[132.173792,34.679476],[132.173596,34.679684],[132.173428,34.679753],[132.173135,34.679742],[132.172981,34.679661],[132.172659,34.679083],[132.171541,34.678459],[132.171094,34.677731],[132.170703,34.677396],[132.170423,34.677396],[132.169836,34.677766],[132.168704,34.677893],[132.16841,34.678043],[132.168341,34.678217],[132.168438,34.678482],[132.168704,34.678829],[132.168942,34.679245],[132.169067,34.67973],[132.169235,34.681094],[132.169543,34.681417],[132.169822,34.681568],[132.170283,34.681706],[132.171737,34.681833],[132.171919,34.682007],[132.172044,34.682827],[132.172282,34.683047],[132.17259,34.683151],[132.172841,34.683128],[132.173163,34.682954],[132.173442,34.682642],[132.173596,34.682353],[132.173708,34.681591],[132.173945,34.681094],[132.174323,34.68129],[132.174337,34.682076],[132.175469,34.682076],[132.175748,34.682561],[132.176014,34.682885],[132.176224,34.682977],[132.176433,34.682943],[132.176657,34.682758],[132.176964,34.682631],[132.177481,34.682538],[132.177887,34.68151],[132.178488,34.680216],[132.177803,34.679049],[132.177398,34.677674],[132.177216,34.677327],[132.177006,34.6772],[132.176601,34.677177]]],[[[132.175497,34.703919],[132.177341,34.703926],[132.177766,34.703587],[132.178544,34.703441],[132.179616,34.703599],[132.180364,34.703623],[132.18148,34.703975],[132.182199,34.704448],[132.182537,34.7048],[132.183021,34.706135],[132.183285,34.706414],[132.184195,34.707069],[132.184577,34.707081],[132.185678,34.706414],[132.186015,34.706365],[132.186368,34.706523],[132.186514,34.706681],[132.186558,34.706936],[132.185296,34.709132],[132.185179,34.709618],[132.185208,34.710018],[132.185428,34.710224],[132.185707,34.710285],[132.186133,34.710285],[132.186691,34.7102],[132.189259,34.709193],[132.189685,34.709132],[132.190257,34.709205],[132.191211,34.709496],[132.192767,34.710079],[132.19334,34.710406],[132.193736,34.71077],[132.193986,34.711171],[132.194221,34.712287],[132.194705,34.71401],[132.194954,34.714508],[132.195336,34.714872],[132.197274,34.716255],[132.197626,34.716134],[132.19858,34.715345],[132.199167,34.714483],[132.19949,34.714314],[132.200385,34.71401],[132.200591,34.713901],[132.200591,34.713683],[132.200532,34.713258],[132.199343,34.713428],[132.198536,34.713464],[132.197905,34.71344],[132.19745,34.713185],[132.197127,34.712809],[132.196965,34.712384],[132.196951,34.71185],[132.197171,34.709909],[132.197523,34.709678],[132.198242,34.709448],[132.199387,34.709229],[132.200018,34.709193],[132.200341,34.709108],[132.201442,34.708574],[132.203157,34.707627],[132.203463,34.708053],[132.203643,34.70857],[132.203755,34.709317],[132.203727,34.709559],[132.203615,34.709708],[132.202739,34.710375],[132.202489,34.710754],[132.20242,34.710961],[132.202434,34.711225],[132.202545,34.711536],[132.202823,34.712007],[132.202976,34.712444],[132.203031,34.712789],[132.202767,34.714594],[132.202795,34.714927],[132.202962,34.715249],[132.203198,34.715456],[132.204923,34.716387],[132.205159,34.716651],[132.205687,34.717513],[132.205993,34.717824],[132.206424,34.718054],[132.207036,34.718123],[132.207634,34.718088],[132.20826,34.71795],[132.209956,34.718709],[132.210415,34.718824],[132.210804,34.718801],[132.211069,34.718686],[132.211277,34.718364],[132.211416,34.717962],[132.211583,34.717088],[132.211917,34.716663],[132.212974,34.715628],[132.213293,34.715053],[132.213474,34.714571],[132.213599,34.713318],[132.21353,34.71272],[132.213363,34.712237],[132.213363,34.710938],[132.213474,34.710628],[132.21346,34.710421],[132.212974,34.70934],[132.212918,34.708995],[132.213585,34.708926],[132.213905,34.707811],[132.214392,34.706972],[132.215499,34.708798],[132.215862,34.709957],[132.216043,34.711041],[132.216051,34.712002],[132.215936,34.713427],[132.215746,34.714797],[132.21554,34.715595],[132.21526,34.716386],[132.214204,34.718819],[132.213215,34.720442],[132.21258,34.721301],[132.212069,34.721826],[132.21145,34.722344],[132.209364,34.723877],[132.207418,34.724716],[132.204482,34.725752],[132.203913,34.726018],[132.203526,34.726297],[132.20327,34.726577],[132.202503,34.727668],[132.201275,34.728745],[132.199139,34.729672],[132.197217,34.730415],[132.197036,34.730572],[132.196731,34.731819],[132.196451,34.732406],[132.19603,34.732828],[132.195577,34.733183],[132.193969,34.734103],[132.193688,34.734376],[132.193655,34.734642],[132.193705,34.734996],[132.19396,34.735255],[132.194884,34.735569],[132.196484,34.735909],[132.197391,34.736039],[132.198174,34.736359],[132.198685,34.736625],[132.199007,34.736952],[132.199262,34.737273],[132.199634,34.737927],[132.199774,34.738548],[132.199782,34.739011],[132.199683,34.74032],[132.199172,34.742801],[132.199246,34.743388],[132.199394,34.743551],[132.199584,34.743647],[132.200054,34.743783],[132.201093,34.743858],[132.201481,34.743947],[132.201736,34.744069],[132.202429,34.744915],[132.20355,34.745896],[132.204128,34.745992],[132.205216,34.745903],[132.20576,34.74561],[132.206206,34.745249],[132.207377,34.744083],[132.208712,34.742911],[132.211194,34.741431],[132.211871,34.741118],[132.21253,34.741015],[132.21512,34.740859],[132.216793,34.740852],[132.218674,34.740709],[132.219894,34.740695],[132.22236,34.740763],[132.224124,34.74092],[132.225295,34.741165],[132.226029,34.741377],[132.226268,34.741547],[132.225551,34.741918],[132.22455,34.74224],[132.223548,34.74247],[132.222798,34.742539],[132.22035,34.742332],[132.219544,34.742401],[132.218793,34.742884],[132.218042,34.743275],[132.21768,34.743366],[132.215066,34.743206],[132.21451,34.743275],[132.213759,34.743458],[132.210566,34.744931],[132.209886,34.744881],[132.209649,34.744905],[132.209532,34.74497],[132.209347,34.745444],[132.208654,34.745496],[132.207751,34.745776],[132.20677,34.746007],[132.206483,34.746397],[132.206321,34.746758],[132.205918,34.747156],[132.205515,34.747684],[132.204991,34.748062],[132.204343,34.748378],[132.204037,34.748592],[132.203362,34.748834],[132.202546,34.748666],[132.201276,34.747642],[132.200306,34.747119],[132.200049,34.746925],[132.199745,34.746522],[132.199747,34.745989],[132.199681,34.7459],[132.198911,34.745746],[132.197651,34.745394],[132.19703,34.745128],[132.196605,34.744853],[132.195687,34.744446],[132.195612,34.744257],[132.195646,34.744143],[132.195986,34.743888],[132.196086,34.743604],[132.196191,34.742752],[132.196376,34.741868],[132.196394,34.741543],[132.196364,34.741422],[132.196242,34.741358],[132.195709,34.741246],[132.195654,34.74121],[132.195647,34.741089],[132.195736,34.740729],[132.196014,34.740398],[132.196055,34.740279],[132.196139,34.73959],[132.196528,34.738572],[132.196499,34.738417],[132.195387,34.73743],[132.195069,34.737393],[132.194317,34.737531],[132.192381,34.737473],[132.191877,34.737368],[132.19159,34.737131],[132.191294,34.7368],[132.191222,34.736354],[132.190969,34.736197],[132.190841,34.735913],[132.189496,34.73525],[132.189487,34.734517],[132.189341,34.73391],[132.189222,34.733666],[132.189042,34.733605],[132.188935,34.733634],[132.188326,34.734135],[132.187927,34.734257],[132.187651,34.734276],[132.187167,34.734262],[132.187237,34.733739],[132.187463,34.733251],[132.188135,34.732346],[132.189212,34.731427],[132.192021,34.729315],[132.192322,34.728975],[132.1926,34.728463],[132.19315,34.726567],[132.193289,34.726227],[132.193463,34.725915],[132.193776,34.725662],[132.194118,34.725528],[132.194593,34.725456],[132.197141,34.725566],[132.197656,34.72548],[132.198218,34.725264],[132.198635,34.724948],[132.198954,34.724551],[132.199469,34.722808],[132.199713,34.722353],[132.200164,34.721937],[132.200738,34.721587],[132.201537,34.721314],[132.202579,34.721099],[132.2043,34.721017],[132.20478,34.720869],[132.204995,34.720759],[132.205157,34.720505],[132.205163,34.720289],[132.205047,34.720088],[132.204734,34.719906],[132.204415,34.719791],[132.203512,34.719715],[132.203211,34.719552],[132.202956,34.719308],[132.202718,34.719236],[132.202249,34.71926],[132.202105,34.719207],[132.201989,34.718997],[132.201856,34.718906],[132.201462,34.718939],[132.201027,34.718786],[132.200842,34.718772],[132.200767,34.718719],[132.200767,34.718408],[132.200344,34.717895],[132.199907,34.717838],[132.199339,34.717531],[132.19854,34.717378],[132.198111,34.717369],[132.19715,34.717637],[132.196663,34.717637],[132.195296,34.717982],[132.193176,34.71824],[132.192505,34.718269],[132.19174,34.718183],[132.185786,34.716679],[132.184813,34.716344],[132.182774,34.715214],[132.178636,34.712585],[132.177599,34.711915],[132.177263,34.711613],[132.177084,34.711374],[132.176904,34.710699],[132.177003,34.71045],[132.177449,34.709779],[132.17757,34.709468],[132.177669,34.70864],[132.177617,34.707151],[132.177669,34.706782],[132.178231,34.705413],[132.178231,34.705044],[132.178045,34.704934],[132.176864,34.704766],[132.176244,34.70458],[132.175555,34.704149],[132.175497,34.703919]]],[[[132.192806,34.624984],[132.195906,34.62516],[132.196216,34.625101],[132.196428,34.624962],[132.196569,34.624758],[132.196569,34.624524],[132.196366,34.623866],[132.195782,34.622586],[132.19572,34.622133],[132.195871,34.621731],[132.196065,34.621621],[132.196331,34.621592],[132.196791,34.621723],[132.198621,34.622637],[132.199311,34.622842],[132.199744,34.622901],[132.201177,34.622893],[132.202035,34.622784],[132.204308,34.621994],[132.205555,34.621336],[132.206953,34.62048],[132.208217,34.61942],[132.208898,34.620005],[132.209287,34.620597],[132.209694,34.621029],[132.210843,34.621786],[132.209614,34.622726],[132.208899,34.623447],[132.208397,34.624191],[132.20759,34.625787],[132.207392,34.626563],[132.207365,34.627132],[132.207405,34.62758],[132.207524,34.627974],[132.207921,34.628444],[132.208609,34.628958],[132.214877,34.632598],[132.215168,34.632817],[132.215618,34.633276],[132.217747,34.63614],[132.218911,34.637332],[132.219268,34.637791],[132.219413,34.638305],[132.2194,34.639661],[132.219453,34.640033],[132.219559,34.640404],[132.220233,34.641257],[132.220339,34.641563],[132.220326,34.641957],[132.220445,34.642339],[132.220669,34.642722],[132.22227,34.644089],[132.221767,34.644548],[132.221264,34.644745],[132.220511,34.644909],[132.219717,34.644985],[132.218765,34.644941],[132.218787,34.64467],[132.218356,34.643875],[132.21714,34.64273],[132.215424,34.641292],[132.214755,34.640974],[132.213577,34.640675],[132.211377,34.640554],[132.209915,34.640351],[132.208645,34.640446],[132.208229,34.640351],[132.207575,34.639969],[132.207068,34.639594],[132.206437,34.639238],[132.205929,34.639123],[132.205482,34.639155],[132.204621,34.639524],[132.204036,34.639848],[132.203774,34.63995],[132.203628,34.639893],[132.203482,34.639753],[132.203274,34.638595],[132.202982,34.638054],[132.20272,34.637838],[132.202104,34.637565],[132.200888,34.637215],[132.20035,34.637132],[132.200027,34.636992],[132.199742,34.63675],[132.199426,34.636127],[132.199219,34.635898],[132.198303,34.635427],[132.198188,34.6353],[132.198172,34.635154],[132.198249,34.634982],[132.198726,34.634575],[132.199057,34.634218],[132.199173,34.633805],[132.199126,34.633449],[132.198803,34.633124],[132.198457,34.633073],[132.197934,34.63329],[132.197703,34.633487],[132.197433,34.633589],[132.197226,34.633576],[132.197056,34.633404],[132.196918,34.632984],[132.196533,34.632501],[132.196202,34.632234],[132.195702,34.632126],[132.195464,34.632119],[132.194863,34.632259],[132.194648,34.632259],[132.194371,34.632094],[132.194232,34.631928],[132.194255,34.631464],[132.194686,34.630681],[132.194648,34.630338],[132.194456,34.630083],[132.193424,34.629524],[132.193178,34.629225],[132.19294,34.628773],[132.192909,34.628315],[132.19267,34.627838],[132.192155,34.627202],[132.192055,34.62696],[132.192093,34.626591],[132.192278,34.626197],[132.192624,34.625828],[132.192824,34.625408],[132.192806,34.624984]]],[[[132.221601,34.751449],[132.222207,34.751632],[132.222568,34.751678],[132.22286,34.751505],[132.223959,34.75054],[132.226738,34.747919],[132.226804,34.748712],[132.228684,34.75088],[132.230465,34.752761],[132.231892,34.755031],[132.233244,34.757431],[132.230185,34.758317],[132.227719,34.759428],[132.225336,34.760423],[132.228915,34.763982],[132.229228,34.764425],[132.229212,34.764889],[132.229055,34.76557],[132.228222,34.767397],[132.228198,34.767827],[132.228255,34.768004],[132.228643,34.768399],[132.229946,34.769313],[132.230317,34.769756],[132.230672,34.770669],[132.230935,34.77114],[132.23148,34.771631],[132.2319,34.771869],[132.235611,34.772019],[132.236468,34.772244],[132.236955,34.772496],[132.237153,34.772735],[132.237169,34.773049],[132.237079,34.773355],[132.236361,34.774351],[132.236221,34.774712],[132.236246,34.774985],[132.236353,34.775073],[132.236625,34.775073],[132.237112,34.774957],[132.2374,34.774944],[132.237854,34.775155],[132.238357,34.775755],[132.238893,34.7766],[132.239462,34.777364],[132.239726,34.77763],[132.240262,34.777902],[132.240773,34.778005],[132.241581,34.778393],[132.242323,34.778939],[132.24431,34.781059],[132.24469,34.781624],[132.244987,34.782306],[132.245061,34.782831],[132.244929,34.78566],[132.244756,34.786512],[132.244747,34.787208],[132.244813,34.787576],[132.245267,34.788401],[132.245391,34.78883],[132.245448,34.789832],[132.245407,34.790671],[132.24525,34.792054],[132.245333,34.793057],[132.245531,34.79399],[132.245852,34.795033],[132.246166,34.795947],[132.246677,34.796895],[132.24723,34.797529],[132.249703,34.796547],[132.250215,34.796438],[132.25047,34.796451],[132.25061,34.796724],[132.250462,34.797324],[132.249695,34.798367],[132.249695,34.798517],[132.249753,34.798606],[132.249926,34.798612],[132.250173,34.798503],[132.251072,34.797747],[132.251691,34.797358],[132.252169,34.797126],[132.253026,34.796138],[132.253538,34.795838],[132.253694,34.795838],[132.254016,34.796342],[132.254214,34.796431],[132.254577,34.796397],[132.25475,34.796274],[132.254865,34.795354],[132.255047,34.795122],[132.255525,34.794829],[132.256127,34.794243],[132.256234,34.794256],[132.256267,34.794365],[132.256168,34.794597],[132.255335,34.795381],[132.255294,34.796124],[132.255352,34.796295],[132.255525,34.796315],[132.256234,34.796131],[132.25743,34.795988],[132.257908,34.795886],[132.25973,34.795293],[132.260349,34.795224],[132.260852,34.795224],[132.262188,34.795299],[132.26326,34.795579],[132.264101,34.795654],[132.264967,34.796301],[132.26542,34.796554],[132.265833,34.796438],[132.266162,34.796233],[132.267028,34.795879],[132.267218,34.795858],[132.267515,34.796124],[132.26815,34.796295],[132.268339,34.796745],[132.269972,34.796254],[132.270508,34.796199],[132.27092,34.796226],[132.271324,34.796315],[132.272833,34.797235],[132.27332,34.797454],[132.273889,34.797549],[132.274664,34.797556],[132.275777,34.797317],[132.276025,34.797154],[132.276148,34.796908],[132.276099,34.796547],[132.275794,34.796063],[132.273674,34.794311],[132.273056,34.793691],[132.272512,34.79275],[132.272429,34.792279],[132.272429,34.791755],[132.272561,34.791202],[132.273048,34.790575],[132.273864,34.789996],[132.274458,34.789737],[132.275942,34.789464],[132.276165,34.789334],[132.276404,34.789069],[132.276787,34.78718],[132.277084,34.785067],[132.277332,34.784031],[132.277546,34.78339],[132.27814,34.782667],[132.279096,34.781849],[132.280679,34.78084],[132.283285,34.779286],[132.286155,34.777936],[132.290113,34.7763],[132.290723,34.776232],[132.291366,34.776232],[132.293098,34.776805],[132.293758,34.776914],[132.294351,34.776791],[132.294978,34.776518],[132.297007,34.77521],[132.297848,34.774814],[132.298458,34.774705],[132.298986,34.774746],[132.299612,34.775005],[132.300223,34.775578],[132.300948,34.776546],[132.301509,34.777636],[132.302581,34.781699],[132.302894,34.782436],[132.30329,34.783104],[132.30616,34.786199],[132.308254,34.787835],[132.308749,34.788339],[132.30898,34.788816],[132.309079,34.789321],[132.309029,34.789784],[132.30837,34.791066],[132.30837,34.79153],[132.308502,34.791789],[132.308963,34.792252],[132.309887,34.792879],[132.31208,34.79412],[132.313911,34.795306],[132.315164,34.796697],[132.315445,34.79761],[132.315494,34.798387],[132.315676,34.799001],[132.315857,34.799151],[132.316038,34.799165],[132.316269,34.798987],[132.316484,34.798565],[132.316616,34.79731],[132.316764,34.796601],[132.317061,34.79592],[132.317424,34.795347],[132.318067,34.794802],[132.319172,34.794229],[132.320656,34.793343],[132.3212,34.792538],[132.321679,34.791939],[132.322718,34.791298],[132.324152,34.790671],[132.325653,34.790248],[132.327203,34.789907],[132.329397,34.789307],[132.3323,34.788094],[132.332991,34.78885],[132.333801,34.790042],[132.332855,34.790414],[132.332381,34.790735],[132.331931,34.790945],[132.330635,34.791107],[132.329891,34.791369],[132.329277,34.791439],[132.328766,34.791577],[132.328389,34.792041],[132.328178,34.792149],[132.326915,34.792272],[132.326144,34.792295],[132.325073,34.792469],[132.324896,34.79256],[132.324545,34.792912],[132.324131,34.793224],[132.323314,34.793489],[132.323171,34.793692],[132.322972,34.794184],[132.322781,34.794875],[132.32252,34.795366],[132.322405,34.795448],[132.321374,34.795837],[132.320789,34.796654],[132.319976,34.797008],[132.319691,34.797204],[132.319479,34.797439],[132.319203,34.798413],[132.319244,34.799351],[132.319068,34.799903],[132.318972,34.800516],[132.319037,34.801264],[132.318638,34.801519],[132.31831,34.801609],[132.317551,34.801432],[132.316543,34.801318],[132.315821,34.801417],[132.31572,34.801393],[132.315533,34.801126],[132.315281,34.800489],[132.31483,34.79988],[132.31469,34.799292],[132.314307,34.798588],[132.314025,34.798207],[132.31369,34.797973],[132.313172,34.797224],[132.312956,34.796996],[132.312093,34.796394],[132.311729,34.796196],[132.310368,34.795611],[132.309529,34.79533],[132.309208,34.795133],[132.308394,34.794364],[132.307913,34.794224],[132.307376,34.794195],[132.306492,34.793736],[132.305884,34.793346],[132.305725,34.793189],[132.305632,34.792717],[132.305734,34.79194],[132.305775,34.791052],[132.305933,34.790813],[132.306629,34.790188],[132.306717,34.789991],[132.306694,34.789695],[132.306484,34.78942],[132.306273,34.789247],[132.305227,34.788718],[132.304823,34.788267],[132.303981,34.787536],[132.303722,34.786877],[132.303586,34.786708],[132.302726,34.786471],[132.302491,34.786331],[132.302385,34.786078],[132.302371,34.785666],[132.302279,34.785397],[132.302203,34.785281],[132.301458,34.784612],[132.3013,34.784579],[132.300836,34.784662],[132.300746,34.784651],[132.300636,34.784545],[132.300474,34.783667],[132.300748,34.782799],[132.300702,34.782635],[132.300338,34.782141],[132.300345,34.78166],[132.300229,34.781121],[132.299758,34.779922],[132.299187,34.778814],[132.299028,34.777921],[132.298654,34.777009],[132.298373,34.776748],[132.297963,34.776554],[132.297868,34.77656],[132.296752,34.777409],[132.29586,34.777921],[132.29522,34.778367],[132.294859,34.778502],[132.294019,34.778666],[132.293405,34.779165],[132.29305,34.779206],[132.292796,34.779129],[132.292462,34.778885],[132.292034,34.778463],[132.291786,34.778323],[132.291467,34.778289],[132.290961,34.778501],[132.290762,34.778508],[132.290009,34.778264],[132.289766,34.778248],[132.28942,34.778531],[132.288587,34.779494],[132.288139,34.779854],[132.287968,34.779896],[132.287171,34.779911],[132.286355,34.780026],[132.285003,34.780393],[132.284391,34.7808],[132.282939,34.782143],[132.282589,34.782531],[132.281729,34.783233],[132.281463,34.783312],[132.280453,34.783391],[132.280214,34.783507],[132.279557,34.784381],[132.279552,34.785508],[132.279457,34.786336],[132.279307,34.786628],[132.278842,34.787085],[132.279034,34.787445],[132.279054,34.78807],[132.279233,34.788411],[132.279261,34.788561],[132.279238,34.788757],[132.279006,34.788994],[132.278938,34.789126],[132.278947,34.789303],[132.279029,34.789467],[132.279307,34.789793],[132.27933,34.789883],[132.278761,34.790396],[132.278169,34.790742],[132.276481,34.791089],[132.275821,34.791322],[132.274706,34.791602],[132.274571,34.791821],[132.274543,34.791956],[132.274611,34.792456],[132.2747,34.792677],[132.274679,34.793139],[132.274751,34.793282],[132.274916,34.793435],[132.275219,34.793566],[132.276208,34.794255],[132.276764,34.79436],[132.276959,34.79449],[132.277566,34.795645],[132.278367,34.796875],[132.27849,34.797165],[132.278569,34.79752],[132.278387,34.798551],[132.278265,34.798825],[132.278103,34.798982],[132.276976,34.799412],[132.276031,34.799637],[132.275458,34.799661],[132.275075,34.799885],[132.274707,34.799953],[132.273567,34.799936],[132.273089,34.799879],[132.272335,34.799655],[132.27181,34.799574],[132.271599,34.799189],[132.271079,34.798581],[132.27078,34.798318],[132.270576,34.798234],[132.269964,34.798259],[132.269685,34.798347],[132.269077,34.798877],[132.268927,34.799361],[132.268577,34.799731],[132.266499,34.798943],[132.266008,34.799593],[132.265087,34.800417],[132.264259,34.801018],[132.263228,34.801542],[132.260786,34.802555],[132.259171,34.803498],[132.257422,34.804421],[132.256543,34.804658],[132.255681,34.804826],[132.254853,34.804819],[132.254151,34.804679],[132.25367,34.804463],[132.252233,34.803547],[132.251827,34.803387],[132.251405,34.803352],[132.250746,34.803422],[132.249807,34.803722],[132.249267,34.803715],[132.247255,34.80208],[132.246917,34.801535],[132.24663,34.800669],[132.246402,34.80032],[132.245971,34.799893],[132.245506,34.7996],[132.244973,34.799453],[132.243596,34.799355],[132.243291,34.799117],[132.243544,34.798955],[132.243625,34.798761],[132.243444,34.798507],[132.243167,34.798244],[132.243047,34.79801],[132.243291,34.796767],[132.242954,34.796377],[132.242752,34.796012],[132.24257,34.795455],[132.242527,34.795117],[132.241994,34.794867],[132.241913,34.794762],[132.241836,34.794444],[132.241936,34.794216],[132.24207,34.794052],[132.24252,34.793653],[132.242539,34.793584],[132.242456,34.793328],[132.242452,34.792859],[132.242526,34.792549],[132.242849,34.792035],[132.242575,34.791597],[132.242496,34.791186],[132.2425,34.790871],[132.242548,34.790651],[132.242788,34.790147],[132.242929,34.789637],[132.242863,34.789559],[132.242216,34.789431],[132.242145,34.789362],[132.241965,34.788792],[132.241559,34.788078],[132.241285,34.787759],[132.241237,34.787632],[132.24124,34.787537],[132.241579,34.786952],[132.241668,34.786431],[132.241791,34.786135],[132.241953,34.785895],[132.242355,34.785488],[132.242589,34.78515],[132.242534,34.784271],[132.242866,34.783855],[132.242657,34.782999],[132.242509,34.782673],[132.2422,34.782357],[132.24167,34.782015],[132.241074,34.781173],[132.240686,34.780437],[132.240235,34.779879],[132.239832,34.779652],[132.23946,34.779649],[132.239069,34.779738],[132.238759,34.77961],[132.238629,34.779488],[132.238268,34.778949],[132.237684,34.778696],[132.237421,34.778466],[132.237104,34.77788],[132.236739,34.777606],[132.236203,34.776973],[132.236015,34.776841],[132.235596,34.776664],[132.234893,34.776659],[132.23389,34.776804],[132.233579,34.77679],[132.232804,34.776088],[132.232722,34.775833],[132.232861,34.775406],[132.233529,34.774473],[132.2344,34.773756],[132.234299,34.773661],[132.233433,34.773285],[132.232778,34.77311],[132.232178,34.773223],[132.231189,34.773577],[132.230649,34.773371],[132.23011,34.773274],[132.229116,34.773295],[132.229206,34.772716],[132.229189,34.772063],[132.228814,34.771145],[132.228587,34.770814],[132.228346,34.770719],[132.227361,34.770557],[132.225187,34.769985],[132.22511,34.769916],[132.225062,34.769804],[132.225078,34.769689],[132.225437,34.768746],[132.225536,34.76823],[132.22552,34.767915],[132.225376,34.767366],[132.225447,34.767214],[132.225942,34.766601],[132.226512,34.766075],[132.226836,34.765643],[132.226929,34.765244],[132.226904,34.764911],[132.226856,34.764731],[132.226686,34.764513],[132.225299,34.763679],[132.224434,34.762839],[132.223268,34.761848],[132.222724,34.761534],[132.222633,34.761335],[132.222542,34.760863],[132.222169,34.760276],[132.222257,34.760053],[132.222613,34.759612],[132.223819,34.758498],[132.224557,34.757754],[132.224739,34.757482],[132.22471,34.7574],[132.224305,34.757124],[132.224095,34.756888],[132.223732,34.755872],[132.223318,34.755293],[132.222866,34.754437],[132.222292,34.753846],[132.221567,34.752816],[132.221365,34.75225],[132.221344,34.751915],[132.221601,34.751449]]],[[[132.342145,34.789212],[132.342558,34.787398],[132.345361,34.787712],[132.352222,34.787576],[132.353327,34.787262],[132.354762,34.786758],[132.35585,34.786185],[132.357136,34.784808],[132.359066,34.784944],[132.360204,34.786021],[132.361672,34.785217],[132.363436,34.784072],[132.364327,34.783649],[132.366075,34.783431],[132.36779,34.783363],[132.371534,34.780241],[132.372936,34.779423],[132.374998,34.781507],[132.376845,34.783778],[132.377971,34.785044],[132.378917,34.785826],[132.381397,34.785838],[132.381361,34.786145],[132.381406,34.787263],[132.38183,34.787967],[132.381902,34.788752],[132.381902,34.789122],[132.381695,34.7908],[132.381704,34.791332],[132.381812,34.792279],[132.381938,34.792685],[132.383048,34.794797],[132.383011,34.794925],[132.382624,34.795365],[132.381857,34.796141],[132.378465,34.798929],[132.377914,34.799262],[132.376796,34.799732],[132.37574,34.800255],[132.374847,34.800796],[132.374315,34.800986],[132.373079,34.801229],[132.371277,34.800954],[132.369155,34.80103],[132.368029,34.801002],[132.363723,34.800326],[132.361308,34.800197],[132.360652,34.800027],[132.360318,34.79987],[132.359802,34.799515],[132.357871,34.797986],[132.356859,34.796952],[132.356661,34.796856],[132.356251,34.796823],[132.355992,34.796868],[132.355379,34.797032],[132.352941,34.797916],[132.352347,34.798066],[132.351964,34.798069],[132.351834,34.797987],[132.352161,34.797478],[132.352315,34.797019],[132.352362,34.796383],[132.352291,34.795737],[132.351971,34.794866],[132.351522,34.794094],[132.350847,34.793379],[132.350054,34.792822],[132.348599,34.791971],[132.346635,34.791022],[132.342145,34.789212]]],[[[132.053464,34.466467],[132.052972,34.465039],[132.053897,34.464657],[132.055039,34.463993],[132.05543,34.463682],[132.055632,34.463443],[132.055791,34.462774],[132.056066,34.462069],[132.056413,34.461388],[132.056991,34.460623],[132.057916,34.460025],[132.060576,34.457779],[132.060981,34.457934],[132.058986,34.46091],[132.058292,34.46177],[132.057685,34.462344],[132.057063,34.463145],[132.056413,34.464256],[132.055704,34.465129],[132.054924,34.465774],[132.054215,34.466168],[132.053464,34.466467]]],[[[132.054986,34.434102],[132.052189,34.43386],[132.052292,34.4325],[132.051188,34.432062],[132.051934,34.430443],[132.052237,34.430138],[132.052584,34.429879],[132.053082,34.42978],[132.053915,34.429745],[132.055224,34.429879],[132.055571,34.431257],[132.055766,34.431552],[132.055928,34.431668],[132.056891,34.432053],[132.057194,34.432232],[132.057259,34.4325],[132.057237,34.432688],[132.056675,34.433878],[132.056588,34.434209],[132.054986,34.434102]]],[[[132.061445,34.457362],[132.061415,34.457132],[132.061458,34.456818],[132.061577,34.456461],[132.061848,34.455977],[132.062714,34.453669],[132.062833,34.452962],[132.0628,34.452059],[132.063027,34.452023],[132.064272,34.452381],[132.063926,34.452962],[132.063882,34.453275],[132.063947,34.453606],[132.064066,34.453812],[132.063969,34.453964],[132.063796,34.454027],[132.063006,34.454099],[132.062919,34.454197],[132.062908,34.454358],[132.063027,34.454626],[132.063049,34.455145],[132.062443,34.456094],[132.061445,34.457362]]],[[[132.000482,34.397009],[132.000627,34.39684],[132.001042,34.396095],[132.001648,34.395586],[132.002364,34.394763],[132.002819,34.394662],[132.003381,34.394157],[132.003806,34.393896],[132.004827,34.393777],[132.005026,34.393681],[132.005145,34.393512],[132.005204,34.392967],[132.005453,34.392373],[132.0057,34.392074],[132.006145,34.391727],[132.007036,34.390851],[132.007314,34.390417],[132.007359,34.390133],[132.008323,34.390325],[132.008291,34.390786],[132.008057,34.391219],[132.007004,34.392445],[132.00731,34.392483],[132.006858,34.392919],[132.006107,34.393954],[132.005634,34.394483],[132.003966,34.395633],[132.003048,34.396437],[132.00213,34.397587],[132.000482,34.397009]]],[[[132.033518,34.406065],[132.033735,34.40632],[132.033988,34.406356],[132.03462,34.406138],[132.035054,34.406057],[132.03587,34.406166],[132.03638,34.406381],[132.036807,34.406785],[132.037297,34.407473],[132.038495,34.407355],[132.039046,34.407408],[132.03985,34.407784],[132.040557,34.408355],[132.040879,34.408698],[132.04176,34.408472],[132.042399,34.408492],[132.046065,34.409512],[132.047766,34.410159],[132.048172,34.41066],[132.048449,34.410762],[132.049627,34.410705],[132.051034,34.411126],[132.050218,34.411651],[132.049824,34.412287],[132.049126,34.412748],[132.048561,34.412835],[132.048322,34.412795],[132.048064,34.412566],[132.047537,34.412376],[132.046934,34.412289],[132.046609,34.412194],[132.046092,34.411893],[132.045279,34.411205],[132.044332,34.41077],[132.042935,34.410343],[132.042255,34.410256],[132.041729,34.410319],[132.040935,34.410968],[132.040667,34.411118],[132.040236,34.411221],[132.039729,34.411182],[132.039203,34.411047],[132.038514,34.410462],[132.038141,34.409797],[132.03771,34.409481],[132.036476,34.409259],[132.035576,34.408729],[132.034878,34.408096],[132.03527,34.407899],[132.034198,34.406997],[132.033663,34.40634],[132.033518,34.406065]]],[[[132.053464,34.466467],[132.054765,34.466766],[132.059781,34.466897],[132.060345,34.466969],[132.060909,34.467136],[132.061805,34.467686],[132.062383,34.467913],[132.062961,34.468033],[132.063467,34.468009],[132.064118,34.467877],[132.065578,34.467256],[132.066893,34.46734],[132.067399,34.467316],[132.067761,34.46722],[132.067905,34.466993],[132.067833,34.46667],[132.067197,34.465858],[132.067067,34.465607],[132.067053,34.465344],[132.067356,34.464913],[132.069105,34.463539],[132.06938,34.463204],[132.069666,34.462756],[132.070584,34.460593],[132.070735,34.460049],[132.07093,34.459792],[132.071301,34.459489],[132.07151,34.459826],[132.071595,34.460733],[132.071314,34.461398],[132.070979,34.461942],[132.070863,34.462301],[132.070865,34.462369],[132.071045,34.462595],[132.07096,34.462884],[132.069596,34.463962],[132.068027,34.464841],[132.067848,34.465028],[132.067896,34.465303],[132.068106,34.46563],[132.068655,34.466243],[132.068951,34.466989],[132.068944,34.467183],[132.068862,34.467353],[132.068585,34.467671],[132.068354,34.467832],[132.066491,34.468397],[132.064182,34.468878],[132.063819,34.468901],[132.063296,34.46873],[132.062051,34.46862],[132.060876,34.468021],[132.060177,34.467816],[132.059866,34.46782],[132.059099,34.467937],[132.058602,34.46792],[132.058347,34.467852],[132.057841,34.467604],[132.057365,34.467507],[132.056492,34.467798],[132.056242,34.467829],[132.055625,34.46785],[132.054884,34.467742],[132.054502,34.467531],[132.053995,34.466937],[132.053554,34.46673],[132.053464,34.466467]]],[[[132.055906,34.434191],[132.056588,34.434209],[132.057043,34.434343],[132.057021,34.435337],[132.057216,34.435802],[132.057421,34.436026],[132.058958,34.436714],[132.05951,34.43701],[132.059792,34.437242],[132.060008,34.437529],[132.060051,34.437797],[132.059792,34.438611],[132.059781,34.438924],[132.059846,34.439175],[132.060419,34.440374],[132.06056,34.44092],[132.060614,34.441591],[132.060322,34.443845],[132.059889,34.444981],[132.059824,34.4461],[132.059402,34.447263],[132.059445,34.447639],[132.059586,34.447898],[132.061101,34.448793],[132.061988,34.449607],[132.062421,34.45035],[132.062681,34.451182],[132.063027,34.452023],[132.0628,34.452059],[132.062822,34.45247],[132.062486,34.452309],[132.06214,34.451907],[132.061891,34.451388],[132.061685,34.450752],[132.061263,34.44984],[132.060885,34.449419],[132.060138,34.44899],[132.058363,34.448095],[132.05806,34.447818],[132.057898,34.447567],[132.057876,34.447352],[132.057984,34.447182],[132.058233,34.447004],[132.058363,34.44678],[132.058255,34.445876],[132.058255,34.445527],[132.058828,34.444677],[132.059099,34.444087],[132.059175,34.443389],[132.059272,34.440204],[132.059012,34.439354],[132.058861,34.438146],[132.058547,34.437743],[132.057162,34.437054],[132.056707,34.43675],[132.056307,34.436339],[132.056036,34.435918],[132.055874,34.434961],[132.055906,34.434191]]],[[[131.990113,34.414366],[131.989876,34.413954],[131.989853,34.413424],[131.989941,34.413208],[131.990225,34.413101],[131.991106,34.412899],[131.991343,34.412705],[131.991816,34.412121],[131.992052,34.41192],[131.993146,34.411582],[131.993433,34.411437],[131.994119,34.410799],[131.994296,34.410573],[131.994409,34.410227],[131.994391,34.409933],[131.99416,34.409552],[131.994001,34.408708],[131.994072,34.408537],[131.99435,34.408218],[131.99461,34.408061],[131.994935,34.408017],[131.995296,34.408021],[131.996097,34.408252],[131.996286,34.408232],[131.996736,34.407977],[131.997132,34.407443],[131.997519,34.407089],[131.997702,34.406594],[131.997912,34.405688],[131.997905,34.405316],[131.997782,34.404461],[131.997829,34.404191],[131.998149,34.403396],[131.998346,34.40276],[131.998674,34.402064],[131.998896,34.400493],[131.999061,34.400251],[131.999405,34.39991],[131.999938,34.399074],[132.000042,34.398837],[132.000077,34.398655],[132.000002,34.398038],[132.000153,34.397466],[132.000482,34.397009],[132.00213,34.397587],[132.000444,34.401325],[131.999723,34.402714],[131.999198,34.4051],[131.999053,34.406717],[131.998883,34.407606],[131.998647,34.408214],[131.998069,34.408626],[131.99614,34.409288],[131.995852,34.40958],[131.995117,34.411761],[131.994762,34.412108],[131.992676,34.413366],[131.992033,34.413019],[131.991128,34.413518],[131.990485,34.413985],[131.990113,34.414366]]],[[[132.007359,34.390133],[132.007244,34.389826],[132.006842,34.389569],[132.006813,34.389483],[132.006911,34.389309],[132.007053,34.38918],[132.007785,34.388707],[132.007948,34.38832],[132.007899,34.388092],[132.007817,34.38803],[132.007499,34.387914],[132.007171,34.388035],[132.007092,34.388023],[132.00699,34.387895],[132.006914,34.387258],[132.006975,34.386696],[132.007077,34.386324],[132.007245,34.386127],[132.007457,34.385949],[132.008041,34.385744],[132.008388,34.385717],[132.009102,34.385828],[132.009307,34.385787],[132.009399,34.385669],[132.009472,34.384951],[132.009733,34.384293],[132.009889,34.384207],[132.010035,34.384196],[132.010491,34.384297],[132.010777,34.38422],[132.011265,34.383852],[132.011625,34.383402],[132.011836,34.383222],[132.012488,34.383005],[132.01275,34.382827],[132.013512,34.38209],[132.013522,34.382026],[132.013185,34.381563],[132.014187,34.380839],[132.015866,34.379341],[132.016144,34.379298],[132.016435,34.379341],[132.017033,34.379693],[132.017599,34.38015],[132.017351,34.380642],[132.017007,34.381033],[132.015985,34.381798],[132.01568,34.382158],[132.015628,34.382607],[132.015567,34.3827],[132.015463,34.382704],[132.015181,34.382502],[132.0149,34.382502],[132.014245,34.38285],[132.012765,34.38391],[132.010506,34.385244],[132.010245,34.385317],[132.010257,34.385819],[132.01014,34.386316],[132.009883,34.386701],[132.009505,34.386879],[132.008443,34.386858],[132.008218,34.387109],[132.008122,34.387433],[132.008158,34.387821],[132.008516,34.388169],[132.008628,34.388408],[132.008572,34.388675],[132.007844,34.389597],[132.007824,34.389836],[132.008323,34.390325],[132.007359,34.390133]]],[[[132.026583,34.399662],[132.026864,34.399779],[132.027126,34.399718],[132.027221,34.399571],[132.027159,34.399369],[132.026639,34.398642],[132.026607,34.398464],[132.0267,34.398428],[132.026884,34.398517],[132.027528,34.399585],[132.027542,34.400317],[132.027705,34.400802],[132.029208,34.401777],[132.029888,34.402392],[132.031182,34.403998],[132.03146,34.404192],[132.032063,34.404487],[132.03236,34.404795],[132.03271,34.405572],[132.033003,34.405798],[132.033518,34.406065],[132.033663,34.40634],[132.034198,34.406997],[132.03527,34.407899],[132.034878,34.408096],[132.034562,34.408136],[132.032983,34.407835],[132.031902,34.407353],[132.028744,34.404703],[132.027558,34.403311],[132.024879,34.401641],[132.024668,34.401333],[132.024658,34.400827],[132.024831,34.4004],[132.025424,34.399822],[132.026583,34.399662]]],[[[132.051791,34.466216],[132.051136,34.464304],[132.050413,34.46244],[132.050211,34.461711],[132.050196,34.461101],[132.050399,34.458998],[132.050326,34.458161],[132.050153,34.457599],[132.049893,34.457277],[132.049488,34.456954],[132.048621,34.456727],[132.046336,34.455998],[132.042997,34.454791],[132.039354,34.453177],[132.038646,34.451325],[132.038313,34.450847],[132.037706,34.450656],[132.037185,34.450644],[132.036723,34.450464],[132.034699,34.448325],[132.033716,34.447763],[132.032704,34.447429],[132.031808,34.446939],[132.031302,34.446556],[132.030507,34.445409],[132.029567,34.444238],[132.028078,34.443067],[132.027644,34.442636],[132.027471,34.442182],[132.027456,34.441501],[132.027716,34.440425],[132.028916,34.437306],[132.028989,34.436685],[132.028887,34.435561],[132.028916,34.43396],[132.027876,34.433482],[132.027485,34.433374],[132.026878,34.433386],[132.025389,34.433553],[132.024796,34.433542],[132.020994,34.432275],[132.020257,34.431821],[132.019664,34.430637],[132.019346,34.430207],[132.017785,34.42949],[132.016802,34.428761],[132.016426,34.428379],[132.015949,34.42814],[132.015385,34.427996],[132.014286,34.428056],[132.014055,34.428008],[132.013679,34.427662],[132.013405,34.427315],[132.013144,34.426729],[132.012566,34.425905],[132.011901,34.425319],[132.011092,34.424745],[132.01008,34.424482],[132.007868,34.424399],[132.006986,34.424279],[132.006538,34.424112],[132.006046,34.423813],[132.00567,34.423467],[132.005179,34.422331],[132.005107,34.421853],[132.00515,34.420921],[132.00567,34.418853],[132.00554,34.41724],[132.005555,34.416141],[132.005772,34.415651],[132.006046,34.415268],[132.007044,34.414599],[132.007188,34.414324],[132.007333,34.413374],[132.007796,34.411211],[132.008157,34.409872],[132.008576,34.408952],[132.008865,34.408546],[132.009733,34.407816],[132.010268,34.407219],[132.010817,34.405976],[132.011222,34.404829],[132.011785,34.402259],[132.012205,34.401172],[132.012479,34.400706],[132.012783,34.400634],[132.013318,34.40061],[132.013737,34.400646],[132.014258,34.400861],[132.014518,34.401124],[132.014431,34.401662],[132.013578,34.4049],[132.013549,34.406012],[132.013607,34.406872],[132.013535,34.407219],[132.01313,34.407685],[132.011005,34.409657],[132.010586,34.410111],[132.010181,34.410768],[132.009545,34.41341],[132.009545,34.413852],[132.009675,34.414139],[132.009863,34.414402],[132.011395,34.415322],[132.011699,34.415609],[132.011843,34.415836],[132.012219,34.41684],[132.012378,34.417557],[132.01245,34.418178],[132.012422,34.418692],[132.012046,34.420078],[132.011901,34.421668],[132.011757,34.422337],[132.011554,34.422947],[132.01274,34.423568],[132.013361,34.423986],[132.013925,34.424548],[132.0142,34.424967],[132.014344,34.425504],[132.015197,34.426054],[132.016007,34.425827],[132.016845,34.425839],[132.017279,34.425994],[132.017554,34.42646],[132.017727,34.426891],[132.017973,34.427213],[132.018869,34.428146],[132.020098,34.429066],[132.021891,34.430691],[132.022324,34.431014],[132.022686,34.431169],[132.025577,34.431743],[132.028989,34.432508],[132.03055,34.433081],[132.030131,34.434097],[132.030044,34.434575],[132.030044,34.434982],[132.030145,34.435579],[132.030333,34.436237],[132.030333,34.43675],[132.030232,34.437073],[132.030073,34.4373],[132.029639,34.437707],[132.029321,34.438197],[132.02922,34.438866],[132.02922,34.439559],[132.029119,34.439941],[132.028916,34.440384],[132.028425,34.441029],[132.02828,34.441292],[132.02841,34.44171],[132.028613,34.441842],[132.028772,34.441854],[132.029292,34.441531],[132.029625,34.441471],[132.029972,34.441555],[132.030261,34.441758],[132.030984,34.442391],[132.031576,34.443025],[132.032762,34.444614],[132.033586,34.445415],[132.035234,34.44618],[132.037214,34.447375],[132.037576,34.447746],[132.037778,34.44808],[132.038241,34.448439],[132.038747,34.448522],[132.039441,34.448809],[132.040091,34.449156],[132.040453,34.449562],[132.040857,34.450709],[132.041016,34.45102],[132.04145,34.451355],[132.045729,34.453183],[132.046539,34.45347],[132.047941,34.454414],[132.048418,34.454295],[132.04891,34.454259],[132.049488,34.454319],[132.050196,34.45451],[132.05102,34.454952],[132.051917,34.455789],[132.052394,34.456566],[132.052755,34.457486],[132.052929,34.458442],[132.053044,34.459494],[132.05303,34.462147],[132.053261,34.463437],[132.053897,34.464657],[132.052972,34.465039],[132.053554,34.46673],[132.052715,34.466384],[132.051791,34.466216]]],[[[132.053464,34.466467],[132.054215,34.466168],[132.054924,34.465774],[132.055704,34.465129],[132.056413,34.464256],[132.056738,34.464567],[132.057027,34.464961],[132.057172,34.465272],[132.05827,34.465451],[132.058935,34.465642],[132.059065,34.465631],[132.059109,34.465523],[132.059123,34.464806],[132.059268,34.464352],[132.059629,34.464113],[132.060077,34.463957],[132.060569,34.463886],[132.060771,34.463957],[132.060901,34.464423],[132.061364,34.464639],[132.061899,34.464782],[132.062188,34.465021],[132.062434,34.465332],[132.062535,34.465631],[132.062651,34.46575],[132.062838,34.46575],[132.062997,34.465631],[132.063272,34.465631],[132.06359,34.46569],[132.063923,34.46587],[132.064111,34.465858],[132.064255,34.465786],[132.0644,34.465559],[132.064515,34.465129],[132.064703,34.464902],[132.06492,34.464758],[132.065238,34.464662],[132.065368,34.464555],[132.065368,34.464364],[132.06518,34.463551],[132.065209,34.463396],[132.065368,34.463372],[132.066366,34.463515],[132.067161,34.463432],[132.067551,34.4633],[132.068043,34.462977],[132.068795,34.462248],[132.069214,34.461615],[132.0693,34.461268],[132.069329,34.460886],[132.069908,34.459022],[132.070226,34.458245],[132.070847,34.457516],[132.072712,34.455544],[132.073262,34.454898],[132.073623,34.454372],[132.07384,34.453811],[132.073869,34.453225],[132.074519,34.451564],[132.075098,34.450739],[132.075979,34.449293],[132.076471,34.448313],[132.07728,34.446377],[132.078235,34.444668],[132.078784,34.443903],[132.079189,34.443007],[132.079304,34.442529],[132.079275,34.442027],[132.079131,34.441549],[132.078856,34.441166],[132.078321,34.440796],[132.075965,34.438896],[132.075401,34.438298],[132.075069,34.437796],[132.074881,34.437366],[132.074779,34.436852],[132.074447,34.434282],[132.074172,34.433434],[132.073594,34.432024],[132.073305,34.430625],[132.073233,34.428534],[132.073363,34.425773],[132.073247,34.425343],[132.072915,34.424901],[132.07196,34.423933],[132.071744,34.423491],[132.071614,34.423012],[132.071512,34.422319],[132.071588,34.421826],[132.072131,34.421389],[132.072891,34.421085],[132.073817,34.42097],[132.073912,34.420921],[132.073932,34.421141],[132.073686,34.421477],[132.073611,34.421737],[132.073688,34.422676],[132.073839,34.423161],[132.073891,34.4238],[132.073981,34.423954],[132.074242,34.424138],[132.074648,34.424243],[132.074966,34.424164],[132.075275,34.423967],[132.075575,34.423995],[132.077293,34.425442],[132.077469,34.425752],[132.077417,34.425957],[132.077267,34.426023],[132.075656,34.425943],[132.075247,34.426066],[132.075139,34.426228],[132.075048,34.426545],[132.075019,34.426945],[132.07512,34.427375],[132.07512,34.427564],[132.074903,34.428452],[132.07521,34.429326],[132.075341,34.429946],[132.075699,34.430897],[132.075621,34.430981],[132.075188,34.431153],[132.075045,34.431262],[132.074964,34.431378],[132.074866,34.431821],[132.075552,34.432796],[132.075885,34.433462],[132.076324,34.435244],[132.076636,34.436329],[132.076833,34.436824],[132.076972,34.437642],[132.077054,34.437807],[132.077484,34.438228],[132.078719,34.438979],[132.079478,34.439521],[132.079848,34.440029],[132.079954,34.440695],[132.079999,34.440764],[132.080294,34.440995],[132.080736,34.44125],[132.080828,34.441381],[132.080874,34.442406],[132.081041,34.443104],[132.080994,34.44354],[132.079899,34.444541],[132.079793,34.444746],[132.079712,34.445172],[132.079566,34.445569],[132.079377,34.445861],[132.078868,34.446421],[132.078766,34.446789],[132.078579,34.447148],[132.078492,34.447451],[132.07845,34.44795],[132.078401,34.448152],[132.078222,34.448491],[132.078132,34.448827],[132.078131,34.449261],[132.078024,34.44948],[132.077744,34.449752],[132.077581,34.450131],[132.077096,34.450778],[132.076705,34.451218],[132.076061,34.45178],[132.075371,34.452696],[132.075316,34.452889],[132.075311,34.453202],[132.075424,34.453918],[132.075364,34.454081],[132.075273,34.454188],[132.074755,34.454486],[132.074477,34.454748],[132.074313,34.455],[132.074148,34.455432],[132.073273,34.456419],[132.072912,34.456946],[132.072186,34.457493],[132.071653,34.458006],[132.071457,34.458264],[132.071243,34.458798],[132.071227,34.459129],[132.071301,34.459489],[132.07093,34.459792],[132.070735,34.460049],[132.070584,34.460593],[132.069666,34.462756],[132.069105,34.463539],[132.067356,34.464913],[132.067053,34.465344],[132.067067,34.465607],[132.067197,34.465858],[132.067833,34.46667],[132.067905,34.466993],[132.067761,34.46722],[132.067399,34.467316],[132.066893,34.46734],[132.065578,34.467256],[132.064118,34.467877],[132.063467,34.468009],[132.062961,34.468033],[132.062383,34.467913],[132.061805,34.467686],[132.060909,34.467136],[132.060345,34.466969],[132.059781,34.466897],[132.054765,34.466766],[132.053464,34.466467]]],[[[132.054986,34.434102],[132.055906,34.434191],[132.055874,34.434961],[132.05595,34.435542],[132.056036,34.435918],[132.056307,34.436339],[132.056707,34.43675],[132.057162,34.437054],[132.058547,34.437743],[132.058861,34.438146],[132.059012,34.439354],[132.059272,34.440204],[132.059175,34.443389],[132.059099,34.444087],[132.058828,34.444677],[132.058255,34.445527],[132.058255,34.445876],[132.058363,34.44678],[132.058233,34.447004],[132.057984,34.447182],[132.057876,34.447352],[132.057898,34.447567],[132.05806,34.447818],[132.058363,34.448095],[132.060138,34.44899],[132.060885,34.449419],[132.061263,34.44984],[132.061685,34.450752],[132.061891,34.451388],[132.06214,34.451907],[132.062486,34.452309],[132.062822,34.45247],[132.062833,34.452962],[132.062714,34.453669],[132.061848,34.455977],[132.061577,34.456461],[132.061458,34.456818],[132.061415,34.457132],[132.061445,34.457362],[132.060981,34.457934],[132.060576,34.457779],[132.059943,34.457311],[132.060549,34.455539],[132.060722,34.45477],[132.061004,34.45383],[132.061253,34.453356],[132.061372,34.452909],[132.061339,34.452488],[132.061025,34.451575],[132.060776,34.451012],[132.060311,34.450529],[132.059175,34.449679],[132.05727,34.448551],[132.057043,34.448238],[132.056902,34.447898],[132.056956,34.44712],[132.057281,34.446494],[132.057281,34.445259],[132.057432,34.444829],[132.058352,34.442977],[132.058417,34.441868],[132.058352,34.440991],[132.058125,34.439801],[132.057854,34.439273],[132.05753,34.438817],[132.056263,34.437609],[132.055571,34.437045],[132.055224,34.436616],[132.054997,34.436061],[132.054943,34.435542],[132.054986,34.434102]]],[[[132.055224,34.429879],[132.056155,34.430353],[132.056729,34.430944],[132.058266,34.431937],[132.058709,34.432304],[132.058915,34.432626],[132.059056,34.433019],[132.059153,34.434639],[132.05924,34.435032],[132.059488,34.435453],[132.061036,34.437341],[132.061177,34.437627],[132.061144,34.439273],[132.061177,34.439828],[132.061285,34.440302],[132.062194,34.442118],[132.062519,34.443702],[132.062789,34.44457],[132.063157,34.445178],[132.063644,34.445751],[132.06688,34.448632],[132.067508,34.449437],[132.068136,34.450394],[132.068406,34.450922],[132.068623,34.451558],[132.068753,34.452524],[132.068742,34.45298],[132.066967,34.452909],[132.066036,34.452783],[132.064272,34.452381],[132.063027,34.452023],[132.062681,34.451182],[132.062421,34.45035],[132.061988,34.449607],[132.061101,34.448793],[132.059586,34.447898],[132.059445,34.447639],[132.059402,34.447263],[132.059824,34.4461],[132.059889,34.444981],[132.060322,34.443845],[132.060614,34.441591],[132.06056,34.44092],[132.060419,34.440374],[132.059846,34.439175],[132.059781,34.438924],[132.059792,34.438611],[132.060051,34.437797],[132.060008,34.437529],[132.059792,34.437242],[132.05951,34.43701],[132.058958,34.436714],[132.057421,34.436026],[132.057216,34.435802],[132.057021,34.435337],[132.057043,34.434343],[132.056588,34.434209],[132.056675,34.433878],[132.057237,34.432688],[132.057259,34.4325],[132.057194,34.432232],[132.056891,34.432053],[132.055928,34.431668],[132.055766,34.431552],[132.055571,34.431257],[132.055224,34.429879]]],[[[131.990113,34.414366],[131.990485,34.413985],[131.991128,34.413518],[131.992033,34.413019],[131.992676,34.413366],[131.994762,34.412108],[131.995117,34.411761],[131.995852,34.40958],[131.99614,34.409288],[131.998069,34.408626],[131.998647,34.408214],[131.998883,34.407606],[131.999053,34.406717],[131.999198,34.4051],[131.999723,34.402714],[132.000444,34.401325],[132.00213,34.397587],[132.003048,34.396437],[132.003966,34.395633],[132.005634,34.394483],[132.006107,34.393954],[132.006858,34.392919],[132.00731,34.392483],[132.007949,34.392376],[132.008174,34.392186],[132.008853,34.390758],[132.009308,34.390443],[132.01285,34.388889],[132.01324,34.388905],[132.016404,34.389941],[132.016906,34.390281],[132.017859,34.391761],[132.018956,34.393116],[132.019551,34.393517],[132.021107,34.395612],[132.022591,34.396842],[132.023411,34.397716],[132.023765,34.397987],[132.024119,34.398112],[132.024508,34.398088],[132.024943,34.397732],[132.025047,34.39772],[132.02512,34.397785],[132.024633,34.398379],[132.024529,34.398695],[132.024629,34.398978],[132.024726,34.399091],[132.024906,34.399099],[132.025093,34.398927],[132.025184,34.398371],[132.02526,34.398339],[132.025354,34.398397],[132.025264,34.399022],[132.025365,34.39914],[132.02557,34.399132],[132.025859,34.398901],[132.02604,34.398869],[132.026173,34.398901],[132.026362,34.399395],[132.026583,34.399662],[132.025424,34.399822],[132.024831,34.4004],[132.024658,34.400827],[132.024668,34.401333],[132.024879,34.401641],[132.027558,34.403311],[132.028744,34.404703],[132.031902,34.407353],[132.032983,34.407835],[132.034562,34.408136],[132.034878,34.408096],[132.035576,34.408729],[132.036476,34.409259],[132.03771,34.409481],[132.038141,34.409797],[132.038514,34.410462],[132.039203,34.411047],[132.039729,34.411182],[132.040236,34.411221],[132.040667,34.411118],[132.040935,34.410968],[132.041729,34.410319],[132.042255,34.410256],[132.042935,34.410343],[132.044332,34.41077],[132.045279,34.411205],[132.046092,34.411893],[132.046609,34.412194],[132.046934,34.412289],[132.047537,34.412376],[132.048064,34.412566],[132.048322,34.412795],[132.048561,34.412835],[132.049126,34.412748],[132.049824,34.412287],[132.049495,34.412922],[132.049535,34.413298],[132.049784,34.41386],[132.050411,34.414641],[132.050407,34.414981],[132.050279,34.41549],[132.050347,34.416081],[132.050576,34.416494],[132.051183,34.41706],[132.05128,34.417456],[132.05134,34.41812],[132.051597,34.418468],[132.051829,34.418657],[132.051804,34.418851],[132.051585,34.418832],[132.051268,34.418666],[132.051135,34.418435],[132.050785,34.417464],[132.050652,34.417323],[132.050484,34.417299],[132.050391,34.417901],[132.05023,34.418354],[132.049945,34.418731],[132.049784,34.419091],[132.04976,34.419487],[132.050226,34.420005],[132.050234,34.420268],[132.049957,34.420454],[132.049949,34.420608],[132.050303,34.420939],[132.051577,34.421684],[132.051565,34.421833],[132.051416,34.422003],[132.051408,34.42212],[132.051686,34.422383],[132.05169,34.422521],[132.051613,34.422699],[132.051666,34.4228],[132.052256,34.422897],[132.052739,34.423273],[132.053274,34.424143],[132.053459,34.424968],[132.054138,34.425429],[132.055316,34.42583],[132.056651,34.426089],[132.057177,34.426716],[132.057945,34.426797],[132.058231,34.426493],[132.058544,34.426036],[132.058725,34.426085],[132.059421,34.426793],[132.059517,34.427108],[132.059569,34.427804],[132.059923,34.428107],[132.061366,34.427824],[132.061362,34.427367],[132.061652,34.427031],[132.061865,34.427035],[132.062737,34.427428],[132.06396,34.427375],[132.064766,34.427177],[132.066009,34.427017],[132.066836,34.426801],[132.067495,34.426368],[132.068179,34.425773],[132.068943,34.425429],[132.069481,34.425049],[132.070186,34.424888],[132.070663,34.424592],[132.070848,34.424286],[132.070861,34.423805],[132.07098,34.423073],[132.071231,34.422275],[132.071588,34.421826],[132.071512,34.422319],[132.071614,34.423012],[132.071744,34.423491],[132.07196,34.423933],[132.072915,34.424901],[132.073247,34.425343],[132.073363,34.425773],[132.073233,34.428534],[132.073305,34.430625],[132.073594,34.432024],[132.074172,34.433434],[132.074447,34.434282],[132.07449,34.434808],[132.074881,34.437366],[132.075069,34.437796],[132.075401,34.438298],[132.075965,34.438896],[132.078321,34.440796],[132.078856,34.441166],[132.079131,34.441549],[132.079275,34.442027],[132.079304,34.442529],[132.079189,34.443007],[132.078784,34.443903],[132.078235,34.444668],[132.07728,34.446377],[132.076471,34.448313],[132.075979,34.449293],[132.075098,34.450739],[132.074519,34.451564],[132.073869,34.453225],[132.07384,34.453811],[132.073623,34.454372],[132.073262,34.454898],[132.072712,34.455544],[132.070847,34.457516],[132.070226,34.458245],[132.069908,34.459022],[132.069329,34.460886],[132.0693,34.461268],[132.069214,34.461615],[132.068795,34.462248],[132.068043,34.462977],[132.067551,34.4633],[132.067161,34.463432],[132.066366,34.463515],[132.065368,34.463372],[132.065209,34.463396],[132.06518,34.463551],[132.065368,34.464364],[132.065368,34.464555],[132.065238,34.464662],[132.06492,34.464758],[132.064703,34.464902],[132.064515,34.465129],[132.0644,34.465559],[132.064255,34.465786],[132.064111,34.465858],[132.063923,34.46587],[132.06359,34.46569],[132.063272,34.465631],[132.062997,34.465631],[132.062838,34.46575],[132.062651,34.46575],[132.062535,34.465631],[132.062434,34.465332],[132.062188,34.465021],[132.061899,34.464782],[132.061364,34.464639],[132.060901,34.464423],[132.060771,34.463957],[132.060569,34.463886],[132.060077,34.463957],[132.059629,34.464113],[132.059268,34.464352],[132.059123,34.464806],[132.059109,34.465523],[132.059065,34.465631],[132.058935,34.465642],[132.05827,34.465451],[132.057172,34.465272],[132.057027,34.464961],[132.056738,34.464567],[132.056413,34.464256],[132.057063,34.463145],[132.057685,34.462344],[132.058292,34.46177],[132.058986,34.46091],[132.060981,34.457934],[132.061924,34.456774],[132.062768,34.455611],[132.063049,34.455145],[132.063027,34.454626],[132.062908,34.454358],[132.062919,34.454197],[132.063006,34.454099],[132.063796,34.454027],[132.063969,34.453964],[132.064066,34.453812],[132.063947,34.453606],[132.063882,34.453275],[132.063926,34.452962],[132.064272,34.452381],[132.066036,34.452783],[132.066967,34.452909],[132.068742,34.45298],[132.068753,34.452524],[132.068623,34.451558],[132.068406,34.450922],[132.068136,34.450394],[132.067508,34.449437],[132.06688,34.448632],[132.063644,34.445751],[132.063157,34.445178],[132.062789,34.44457],[132.062519,34.443702],[132.062194,34.442118],[132.061285,34.440302],[132.061177,34.439828],[132.061144,34.439273],[132.061177,34.437627],[132.061036,34.437341],[132.059488,34.435453],[132.05924,34.435032],[132.059153,34.434639],[132.059056,34.433019],[132.058915,34.432626],[132.058709,34.432304],[132.058266,34.431937],[132.056729,34.430944],[132.056155,34.430353],[132.055224,34.429879],[132.053915,34.429745],[132.053082,34.42978],[132.052584,34.429879],[132.052237,34.430138],[132.051934,34.430443],[132.051188,34.432062],[132.052292,34.4325],[132.052189,34.43386],[132.054986,34.434102],[132.054943,34.435542],[132.054997,34.436061],[132.055224,34.436616],[132.055571,34.437045],[132.056263,34.437609],[132.05753,34.438817],[132.057854,34.439273],[132.058125,34.439801],[132.058352,34.440991],[132.058417,34.441868],[132.058352,34.442977],[132.057432,34.444829],[132.057281,34.445259],[132.057281,34.446494],[132.056956,34.44712],[132.056902,34.447898],[132.057043,34.448238],[132.05727,34.448551],[132.059175,34.449679],[132.060311,34.450529],[132.060776,34.451012],[132.061025,34.451575],[132.061339,34.452488],[132.061372,34.452909],[132.061253,34.453356],[132.061004,34.45383],[132.060722,34.45477],[132.060549,34.455539],[132.059943,34.457311],[132.060576,34.457779],[132.057916,34.460025],[132.056991,34.460623],[132.056413,34.461388],[132.056066,34.462069],[132.055791,34.462774],[132.055632,34.463443],[132.05543,34.463682],[132.055039,34.463993],[132.053897,34.464657],[132.053261,34.463437],[132.05303,34.462147],[132.053044,34.459494],[132.052929,34.458442],[132.052755,34.457486],[132.052394,34.456566],[132.051917,34.455789],[132.05102,34.454952],[132.050196,34.45451],[132.049488,34.454319],[132.04891,34.454259],[132.048418,34.454295],[132.047941,34.454414],[132.046539,34.45347],[132.045729,34.453183],[132.04145,34.451355],[132.041016,34.45102],[132.040857,34.450709],[132.040453,34.449562],[132.040091,34.449156],[132.039441,34.448809],[132.038747,34.448522],[132.038241,34.448439],[132.037778,34.44808],[132.037576,34.447746],[132.037214,34.447375],[132.035234,34.44618],[132.033586,34.445415],[132.032762,34.444614],[132.031576,34.443025],[132.030984,34.442391],[132.030261,34.441758],[132.029972,34.441555],[132.029625,34.441471],[132.029292,34.441531],[132.028772,34.441854],[132.028613,34.441842],[132.02841,34.44171],[132.02828,34.441292],[132.028425,34.441029],[132.028916,34.440384],[132.029119,34.439941],[132.02922,34.439559],[132.02922,34.438866],[132.029321,34.438197],[132.029639,34.437707],[132.030073,34.4373],[132.030232,34.437073],[132.030333,34.43675],[132.030333,34.436237],[132.030145,34.435579],[132.030044,34.434982],[132.030044,34.434575],[132.030131,34.434097],[132.03055,34.433081],[132.028989,34.432508],[132.025577,34.431743],[132.022686,34.431169],[132.022324,34.431014],[132.021891,34.430691],[132.020098,34.429066],[132.018869,34.428146],[132.017973,34.427213],[132.017727,34.426891],[132.017554,34.42646],[132.017279,34.425994],[132.016845,34.425839],[132.016007,34.425827],[132.015197,34.426054],[132.014344,34.425504],[132.0142,34.424967],[132.013925,34.424548],[132.013361,34.423986],[132.01274,34.423568],[132.011554,34.422947],[132.011757,34.422337],[132.011901,34.421668],[132.012046,34.420078],[132.012422,34.418692],[132.01245,34.418178],[132.012378,34.417557],[132.012219,34.41684],[132.011843,34.415836],[132.011699,34.415609],[132.011395,34.415322],[132.009863,34.414402],[132.009675,34.414139],[132.009545,34.413852],[132.009545,34.41341],[132.010181,34.410768],[132.010586,34.410111],[132.011005,34.409657],[132.01313,34.407685],[132.013535,34.407219],[132.013607,34.406872],[132.013549,34.406012],[132.013578,34.4049],[132.014431,34.401662],[132.014518,34.401124],[132.014258,34.400861],[132.013737,34.400646],[132.013318,34.40061],[132.012783,34.400634],[132.012479,34.400706],[132.012205,34.401172],[132.011785,34.402259],[132.011222,34.404829],[132.010817,34.405976],[132.010268,34.407219],[132.009733,34.407816],[132.008865,34.408546],[132.008576,34.408952],[132.008157,34.409872],[132.007796,34.411211],[132.007333,34.413374],[132.007188,34.414324],[132.007044,34.414599],[132.006046,34.415268],[132.005772,34.415651],[132.005555,34.416141],[132.00554,34.41724],[132.00567,34.418853],[132.00515,34.420921],[132.005107,34.421853],[132.005179,34.422331],[132.00567,34.423467],[132.006046,34.423813],[132.006538,34.424112],[132.006986,34.424279],[132.007868,34.424399],[132.01008,34.424482],[132.011092,34.424745],[132.011901,34.425319],[132.012566,34.425905],[132.013144,34.426729],[132.013405,34.427315],[132.013679,34.427662],[132.014055,34.428008],[132.014286,34.428056],[132.015385,34.427996],[132.015949,34.42814],[132.016426,34.428379],[132.016802,34.428761],[132.017785,34.42949],[132.019346,34.430207],[132.019664,34.430637],[132.020257,34.431821],[132.020994,34.432275],[132.024796,34.433542],[132.025389,34.433553],[132.026878,34.433386],[132.027485,34.433374],[132.027876,34.433482],[132.028916,34.43396],[132.028887,34.435561],[132.028989,34.436685],[132.028916,34.437306],[132.027716,34.440425],[132.027456,34.441501],[132.027471,34.442182],[132.027644,34.442636],[132.028078,34.443067],[132.029567,34.444238],[132.030507,34.445409],[132.031302,34.446556],[132.031808,34.446939],[132.032704,34.447429],[132.033716,34.447763],[132.034699,34.448325],[132.036723,34.450464],[132.037185,34.450644],[132.037706,34.450656],[132.038313,34.450847],[132.038646,34.451325],[132.039354,34.453177],[132.042997,34.454791],[132.046336,34.455998],[132.048621,34.456727],[132.049488,34.456954],[132.049893,34.457277],[132.050153,34.457599],[132.050326,34.458161],[132.050399,34.458998],[132.050196,34.461101],[132.050211,34.461711],[132.050413,34.46244],[132.051136,34.464304],[132.051791,34.466216],[132.051047,34.466145],[132.05058,34.466161],[132.049895,34.46634],[132.04952,34.466977],[132.049243,34.46772],[132.049054,34.468036],[132.048682,34.468874],[132.048555,34.468938],[132.047893,34.469069],[132.047349,34.469388],[132.047084,34.469382],[132.046705,34.469182],[132.046497,34.469155],[132.046315,34.469213],[132.045937,34.46949],[132.045864,34.469489],[132.045407,34.469362],[132.044539,34.469215],[132.044152,34.469095],[132.043303,34.469051],[132.043082,34.468969],[132.042391,34.468336],[132.041694,34.468021],[132.041465,34.467966],[132.040939,34.468027],[132.040499,34.468215],[132.040171,34.468414],[132.039653,34.468602],[132.03936,34.468782],[132.038993,34.468885],[132.03865,34.468599],[132.038377,34.468447],[132.038132,34.468366],[132.037477,34.468292],[132.037307,34.468209],[132.03726,34.46812],[132.037259,34.467907],[132.037464,34.467308],[132.037668,34.4669],[132.037671,34.466781],[132.03753,34.466523],[132.037361,34.466346],[132.036785,34.466171],[132.036523,34.465953],[132.036409,34.465769],[132.036298,34.465438],[132.036292,34.465304],[132.036384,34.464973],[132.03635,34.464671],[132.036142,34.464537],[132.035423,34.464424],[132.035133,34.464226],[132.03507,34.464129],[132.035056,34.463646],[132.034884,34.463446],[132.033416,34.463101],[132.032134,34.462946],[132.031647,34.462809],[132.030972,34.462472],[132.030459,34.462384],[132.030088,34.462398],[132.029663,34.462333],[132.029282,34.462176],[132.028968,34.461843],[132.028766,34.461723],[132.028361,34.461614],[132.027975,34.46159],[132.027732,34.461631],[132.026989,34.461975],[132.026819,34.46194],[132.026461,34.461747],[132.026214,34.461726],[132.026136,34.461772],[132.026011,34.462033],[132.025602,34.462336],[132.025272,34.46242],[132.025068,34.462383],[132.024908,34.46213],[132.024536,34.461771],[132.024002,34.461439],[132.023279,34.461152],[132.023076,34.460932],[132.023058,34.460826],[132.023323,34.460316],[132.023314,34.460204],[132.02304,34.460262],[132.022321,34.460299],[132.022121,34.460182],[132.02203,34.4599],[132.022109,34.459696],[132.02301,34.459325],[132.02313,34.459246],[132.023175,34.459098],[132.02295,34.458814],[132.022659,34.458623],[132.022459,34.458414],[132.022079,34.457555],[132.021936,34.457476],[132.021666,34.457508],[132.021523,34.457479],[132.020124,34.456765],[132.019169,34.456729],[132.018895,34.456614],[132.018741,34.456211],[132.018088,34.454995],[132.018024,34.454936],[132.017314,34.454679],[132.017139,34.454558],[132.016995,34.45424],[132.016806,34.453503],[132.016716,34.453419],[132.016376,34.453288],[132.016254,34.453159],[132.016062,34.452609],[132.015883,34.452352],[132.015706,34.452218],[132.015441,34.452104],[132.015424,34.452042],[132.015607,34.451678],[132.015747,34.45077],[132.016077,34.450313],[132.016258,34.449844],[132.016077,34.44929],[132.016077,34.449031],[132.015946,34.448386],[132.015953,34.448125],[132.016196,34.447614],[132.016565,34.446409],[132.016586,34.446136],[132.016389,34.445844],[132.016349,34.445661],[132.016479,34.44537],[132.016878,34.444891],[132.016842,34.444447],[132.016362,34.443997],[132.016232,34.443535],[132.016054,34.443339],[132.016049,34.442883],[132.016254,34.442374],[132.016242,34.442266],[132.016058,34.441916],[132.016057,34.441807],[132.016213,34.441626],[132.016859,34.441319],[132.017011,34.441164],[132.017096,34.441046],[132.017321,34.440271],[132.017307,34.44014],[132.016697,34.438583],[132.016309,34.437844],[132.016233,34.437469],[132.01528,34.436741],[132.01518,34.436698],[132.014639,34.436675],[132.014263,34.43652],[132.013169,34.435606],[132.012271,34.435162],[132.011666,34.434771],[132.011067,34.434299],[132.010741,34.433923],[132.010735,34.433222],[132.010679,34.433013],[132.010417,34.432644],[132.009922,34.431508],[132.009751,34.43134],[132.009506,34.431299],[132.009136,34.431367],[132.007041,34.432137],[132.006298,34.432311],[132.005882,34.432302],[132.005677,34.432224],[132.005179,34.431891],[132.004555,34.431056],[132.004264,34.430839],[132.003655,34.430549],[132.002689,34.430216],[132.000187,34.429651],[131.999558,34.429467],[131.99851,34.428963],[131.998076,34.428613],[131.997462,34.427789],[131.997292,34.425937],[131.997084,34.425073],[131.99668,34.423972],[131.996511,34.423669],[131.995872,34.422978],[131.995441,34.422752],[131.995194,34.422568],[131.995024,34.422363],[131.99492,34.422136],[131.994803,34.420894],[131.994359,34.420182],[131.994151,34.420171],[131.99377,34.419749],[131.993415,34.419033],[131.992984,34.417794],[131.992256,34.416844],[131.992035,34.416272],[131.991839,34.416051],[131.990929,34.415355],[131.990113,34.414366]]]]}}]}
