{"type":"FeatureCollection","features":[{"type":"Feature","properties":{"potaRef":"JP-0106","nameJa":"下北半島","nameEn":"Shimokita Hanto Quasi-National Park","authority":"環境省 生物多様性「見える化」マップ","boundaryStatus":"全国GIS候補・公開前検証待ち","boundarySource":"環境省 生物多様性「見える化」マップの自然公園区域を、POTA代表座標で一意に空間照合して加工","boundaryScaleNote":"区域は概要データであり、正確性は保証されない。POTA運用可否は公式情報で最終確認すること。","candidateMethod":"POTA representative point inside one public natural-park area","sourceParkKind":"国定公園","sourceName":"下北半島","sourceFeatureCount":49,"cautionMeters":75},"geometry":{"type":"MultiPolygon","coordinates":[[[[140.765149,41.144485],[140.765636,41.14505],[140.76599,41.14571],[140.766234,41.147049],[140.766887,41.148264],[140.767239,41.148696],[140.767802,41.149236],[140.768269,41.149823],[140.768739,41.150542],[140.769031,41.151074],[140.7691,41.15132],[140.769326,41.151697],[140.770307,41.152651],[140.77228,41.154284],[140.772761,41.154515],[140.775095,41.155252],[140.775476,41.156291],[140.776417,41.157707],[140.776475,41.157912],[140.776358,41.158191],[140.775374,41.159813],[140.774914,41.160678],[140.774674,41.160987],[140.773857,41.161449],[140.772778,41.161882],[140.772654,41.162124],[140.772435,41.163026],[140.77215,41.163665],[140.771377,41.165778],[140.771407,41.166526],[140.771618,41.167018],[140.772005,41.168368],[140.772114,41.17065],[140.77207,41.170943],[140.771844,41.17123],[140.771312,41.172235],[140.771202,41.172558],[140.771253,41.175881],[140.771334,41.177474],[140.771341,41.180313],[140.77129,41.180695],[140.770998,41.181443],[140.770619,41.182228],[140.770473,41.182742],[140.77048,41.183256],[140.770838,41.184584],[140.77075,41.18473],[140.770101,41.184972],[140.769117,41.185449],[140.768883,41.185714],[140.768453,41.18713],[140.767585,41.189015],[140.767403,41.189654],[140.767396,41.190336],[140.767498,41.190806],[140.768037,41.192669],[140.768513,41.194937],[140.768732,41.195586],[140.769884,41.197208],[140.770785,41.198169],[140.771802,41.198176],[140.772413,41.19833],[140.773072,41.198402],[140.774682,41.198192],[140.774876,41.198243],[140.77507,41.198438],[140.775895,41.199751],[140.776262,41.200048],[140.776741,41.20034],[140.777501,41.200602],[140.78011,41.201181],[140.782134,41.201453],[140.782235,41.201694],[140.78223,41.203402],[140.782414,41.20375],[140.782837,41.204325],[140.783245,41.204607],[140.783739,41.204832],[140.784279,41.204884],[140.784972,41.205043],[140.785507,41.205278],[140.786139,41.205653],[140.787301,41.206812],[140.787729,41.207427],[140.788395,41.209314],[140.78869,41.210473],[140.788843,41.211683],[140.788881,41.213457],[140.789671,41.214139],[140.79039,41.215483],[140.790742,41.21576],[140.791261,41.21597],[140.792148,41.216442],[140.792612,41.21679],[140.79279,41.216985],[140.792857,41.217283],[140.792643,41.218252],[140.792479,41.21959],[140.792263,41.220764],[140.792251,41.221454],[140.792345,41.221926],[140.792475,41.222239],[140.792808,41.222486],[140.792938,41.222697],[140.792887,41.222958],[140.792736,41.223256],[140.791738,41.224514],[140.78986,41.227654],[140.789333,41.228716],[140.788755,41.23038],[140.785451,41.231751],[140.785249,41.231892],[140.78517,41.232405],[140.784978,41.232416],[140.784688,41.232313],[140.78468,41.232163],[140.784572,41.232076],[140.784592,41.231953],[140.784521,41.231907],[140.784503,41.231824],[140.784528,41.231763],[140.784615,41.231744],[140.784605,41.231639],[140.784718,41.231576],[140.784728,41.23146],[140.784885,41.23143],[140.784905,41.231313],[140.785013,41.231275],[140.785051,41.231163],[140.78516,41.23114],[140.785105,41.231003],[140.78517,41.230961],[140.785122,41.230839],[140.785187,41.230744],[140.785066,41.230651],[140.784996,41.230506],[140.785117,41.230456],[140.785081,41.230382],[140.78511,41.230312],[140.785016,41.230108],[140.784867,41.230028],[140.78485,41.229934],[140.784718,41.229906],[140.784635,41.229808],[140.784498,41.229799],[140.784428,41.229687],[140.784228,41.229629],[140.784191,41.229528],[140.784105,41.229502],[140.784037,41.229361],[140.783971,41.229327],[140.783936,41.229197],[140.78411,41.229069],[140.784112,41.228888],[140.78404,41.228768],[140.78406,41.228681],[140.783968,41.228633],[140.783951,41.228508],[140.78382,41.228435],[140.783792,41.228327],[140.783694,41.228288],[140.783639,41.228153],[140.7835,41.228102],[140.7835,41.227976],[140.783319,41.227854],[140.783306,41.227764],[140.783212,41.227671],[140.783205,41.22757],[140.783277,41.227536],[140.783225,41.227376],[140.783311,41.227317],[140.783299,41.227212],[140.783406,41.22713],[140.783356,41.226995],[140.783421,41.22693],[140.783414,41.226787],[140.78349,41.226726],[140.783487,41.226589],[140.78357,41.226507],[140.783487,41.226454],[140.783421,41.226323],[140.783309,41.226277],[140.783299,41.226144],[140.783207,41.226],[140.783265,41.225979],[140.78324,41.22589],[140.783277,41.225772],[140.783359,41.225754],[140.783341,41.225629],[140.783477,41.2256],[140.78349,41.225403],[140.78354,41.225347],[140.783452,41.225317],[140.783255,41.225012],[140.783124,41.224946],[140.783121,41.22482],[140.78299,41.224781],[140.78293,41.224661],[140.782739,41.224616],[140.782732,41.224538],[140.782854,41.224467],[140.782779,41.224381],[140.782769,41.224288],[140.78265,41.224214],[140.782625,41.224085],[140.782509,41.223989],[140.782509,41.223896],[140.782393,41.223873],[140.782309,41.223778],[140.782353,41.223701],[140.782274,41.223644],[140.782262,41.223543],[140.782323,41.223496],[140.782304,41.223364],[140.782405,41.223294],[140.782348,41.22318],[140.782393,41.223096],[140.782507,41.223078],[140.782573,41.223005],[140.78264,41.222813],[140.782603,41.221868],[140.782573,41.221794],[140.782395,41.221659],[140.782388,41.221523],[140.782272,41.221433],[140.782254,41.221318],[140.782125,41.221305],[140.782065,41.221197],[140.781912,41.221155],[140.78178,41.221056],[140.781744,41.22092],[140.781793,41.220827],[140.781714,41.220755],[140.781727,41.220604],[140.781639,41.220543],[140.781627,41.220429],[140.781462,41.220358],[140.781464,41.220223],[140.781347,41.22013],[140.781349,41.220003],[140.781205,41.219932],[140.781182,41.219825],[140.781035,41.219692],[140.781048,41.21957],[140.780872,41.21953],[140.780807,41.219408],[140.780604,41.219412],[140.780589,41.219282],[140.780478,41.219193],[140.780527,41.219048],[140.780405,41.218882],[140.780448,41.218836],[140.78038,41.218756],[140.78042,41.218581],[140.78037,41.218513],[140.78038,41.218404],[140.780425,41.218349],[140.780537,41.218359],[140.780564,41.218292],[140.780653,41.218254],[140.780789,41.218274],[140.780839,41.218159],[140.780917,41.218172],[140.780882,41.218006],[140.780768,41.218014],[140.780629,41.217863],[140.780435,41.217819],[140.780385,41.217726],[140.780195,41.217644],[140.78019,41.217572],[140.780052,41.217524],[140.779984,41.217377],[140.779843,41.217393],[140.779665,41.21728],[140.779677,41.21711],[140.779752,41.217038],[140.779648,41.216977],[140.779618,41.216865],[140.779447,41.216814],[140.779363,41.216648],[140.779373,41.216461],[140.779538,41.216355],[140.779405,41.216236],[140.779435,41.216103],[140.779296,41.216078],[140.779278,41.215928],[140.779467,41.21577],[140.779566,41.215762],[140.779495,41.215592],[140.779556,41.215501],[140.779467,41.215366],[140.779477,41.215265],[140.779541,41.215219],[140.779472,41.215038],[140.779556,41.214996],[140.779462,41.21485],[140.779351,41.2148],[140.779331,41.214682],[140.779445,41.214657],[140.779435,41.214576],[140.77951,41.214566],[140.779558,41.214459],[140.779682,41.214446],[140.779611,41.214379],[140.779641,41.214233],[140.77944,41.214256],[140.779266,41.214108],[140.779291,41.213973],[140.779247,41.213837],[140.779288,41.213781],[140.779232,41.213703],[140.779271,41.213593],[140.779217,41.213473],[140.779326,41.213347],[140.779278,41.213187],[140.779405,41.213138],[140.779341,41.213065],[140.779351,41.212935],[140.779447,41.212861],[140.779348,41.212741],[140.779391,41.212631],[140.779263,41.212526],[140.779232,41.212387],[140.779106,41.212328],[140.779001,41.212021],[140.779078,41.211886],[140.779293,41.211903],[140.779276,41.211611],[140.779088,41.211518],[140.778857,41.211476],[140.778806,41.211374],[140.778857,41.211215],[140.779013,41.211156],[140.7792,41.211164],[140.779598,41.211078],[140.77945,41.210897],[140.779311,41.21087],[140.779225,41.210754],[140.779122,41.210747],[140.779026,41.210661],[140.778847,41.210674],[140.778776,41.210596],[140.778672,41.210581],[140.778625,41.210434],[140.778436,41.210358],[140.778431,41.210276],[140.778325,41.210244],[140.778273,41.210162],[140.778315,41.210069],[140.778426,41.209989],[140.778708,41.209939],[140.778763,41.209857],[140.77885,41.209864],[140.778967,41.209759],[140.779091,41.209792],[140.77921,41.209735],[140.779415,41.209741],[140.779512,41.209263],[140.779512,41.208942],[140.779206,41.208295],[140.779102,41.207866],[140.778938,41.207517],[140.778275,41.207124],[140.77806,41.207057],[140.778055,41.206998],[140.777906,41.206975],[140.777855,41.206903],[140.777681,41.206827],[140.777696,41.206783],[140.777599,41.206781],[140.777094,41.20651],[140.776918,41.206493],[140.776876,41.206425],[140.776789,41.206434],[140.776688,41.206372],[140.776683,41.20632],[140.776584,41.206323],[140.776231,41.20616],[140.776123,41.206213],[140.775833,41.206148],[140.775736,41.206053],[140.77556,41.20599],[140.775553,41.205922],[140.775422,41.205883],[140.775384,41.205802],[140.775427,41.205769],[140.775335,41.205695],[140.77499,41.205748],[140.774839,41.205718],[140.774864,41.205678],[140.774785,41.205609],[140.774837,41.20552],[140.77443,41.205448],[140.774327,41.205398],[140.774242,41.20527],[140.774284,41.205183],[140.774632,41.205101],[140.774678,41.205034],[140.774534,41.204978],[140.774519,41.204922],[140.774254,41.204874],[140.774193,41.204818],[140.774284,41.20472],[140.774208,41.204685],[140.77415,41.204506],[140.77442,41.204362],[140.774352,41.204209],[140.774215,41.204239],[140.774113,41.204178],[140.773945,41.204202],[140.773655,41.204119],[140.773605,41.20407],[140.77364,41.204011],[140.773548,41.203994],[140.773464,41.203903],[140.773494,41.203845],[140.773341,41.203759],[140.773381,41.203678],[140.773232,41.20363],[140.773129,41.203518],[140.773026,41.203562],[140.772889,41.203535],[140.772763,41.203596],[140.772622,41.203577],[140.772566,41.203634],[140.772451,41.203649],[140.771948,41.203527],[140.771802,41.203432],[140.771648,41.203444],[140.771549,41.203377],[140.771484,41.203398],[140.771378,41.203349],[140.771326,41.203303],[140.771343,41.203249],[140.771294,41.203269],[140.771219,41.203215],[140.771217,41.203091],[140.771133,41.203051],[140.771091,41.20295],[140.771126,41.202891],[140.771002,41.202832],[140.770979,41.202699],[140.770876,41.202644],[140.770836,41.202544],[140.770483,41.202413],[140.770447,41.202379],[140.77047,41.202308],[140.76984,41.201875],[140.769797,41.20178],[140.769651,41.201689],[140.769653,41.201598],[140.769461,41.201447],[140.769396,41.201474],[140.76936,41.201379],[140.769088,41.201411],[140.768943,41.201369],[140.768891,41.201312],[140.76899,41.201264],[140.768901,41.201209],[140.768906,41.20114],[140.768735,41.201041],[140.768616,41.201051],[140.768522,41.200965],[140.768566,41.200899],[140.76841,41.200784],[140.768502,41.200723],[140.76851,41.200629],[140.768629,41.200576],[140.768522,41.200509],[140.768539,41.20041],[140.768341,41.200356],[140.768304,41.200296],[140.768182,41.200299],[140.768084,41.200222],[140.768115,41.200182],[140.768036,41.20011],[140.768157,41.20004],[140.768089,41.199906],[140.76813,41.199864],[140.768049,41.199807],[140.768099,41.199671],[140.768036,41.199588],[140.768117,41.199476],[140.767989,41.19939],[140.768024,41.199293],[140.767526,41.199087],[140.767514,41.199028],[140.767392,41.198994],[140.767325,41.198906],[140.76708,41.198828],[140.767072,41.198761],[140.766957,41.198647],[140.767005,41.198546],[140.766853,41.198434],[140.76684,41.198357],[140.766672,41.198325],[140.766637,41.198212],[140.766508,41.198181],[140.766394,41.198064],[140.766312,41.198079],[140.766213,41.198028],[140.766168,41.197919],[140.765943,41.197806],[140.76593,41.197692],[140.765794,41.197601],[140.765779,41.197516],[140.765665,41.197523],[140.765602,41.197401],[140.765487,41.197365],[140.76539,41.197116],[140.765467,41.197026],[140.765398,41.196958],[140.76538,41.196833],[140.765479,41.19679],[140.765443,41.196643],[140.765512,41.196504],[140.765393,41.196319],[140.765264,41.19623],[140.765229,41.196121],[140.7651,41.196085],[140.765039,41.195974],[140.764878,41.195925],[140.764689,41.19566],[140.76454,41.195616],[140.764495,41.195496],[140.764397,41.195466],[140.764348,41.19534],[140.764225,41.195278],[140.764213,41.195182],[140.764285,41.195127],[140.764215,41.194921],[140.764258,41.194868],[140.764089,41.194792],[140.764028,41.194595],[140.764104,41.194487],[140.764184,41.194485],[140.764159,41.194392],[140.764357,41.194355],[140.764345,41.194239],[140.764493,41.194209],[140.764457,41.194123],[140.76453,41.194007],[140.764464,41.193927],[140.764474,41.19385],[140.764548,41.193829],[140.76451,41.193634],[140.764573,41.193607],[140.764503,41.193477],[140.764207,41.193315],[140.764129,41.193119],[140.764149,41.193054],[140.764204,41.19306],[140.764215,41.192985],[140.764369,41.192955],[140.764387,41.192854],[140.764543,41.19281],[140.764677,41.192698],[140.764623,41.192609],[140.764404,41.192469],[140.764372,41.192382],[140.764404,41.192342],[140.764256,41.192148],[140.764375,41.191999],[140.764487,41.19198],[140.764613,41.192024],[140.764764,41.191805],[140.764338,41.191576],[140.764343,41.191489],[140.764531,41.19146],[140.764598,41.191323],[140.764518,41.19123],[140.764385,41.191222],[140.764238,41.191147],[140.76416,41.191009],[140.764296,41.190965],[140.764268,41.190879],[140.764472,41.190812],[140.764387,41.190667],[140.764472,41.190578],[140.764387,41.190451],[140.76445,41.190365],[140.76437,41.190193],[140.76445,41.190136],[140.764385,41.190086],[140.764395,41.189987],[140.764485,41.189922],[140.764392,41.189827],[140.764475,41.189731],[140.764422,41.189605],[140.764516,41.189528],[140.764498,41.189429],[140.764536,41.189386],[140.76468,41.189349],[140.76467,41.189182],[140.764762,41.189163],[140.764685,41.189048],[140.764715,41.188963],[140.764796,41.188925],[140.76476,41.188757],[140.764848,41.188708],[140.764788,41.188595],[140.764818,41.188512],[140.764881,41.188498],[140.764828,41.188364],[140.764917,41.188313],[140.764868,41.188173],[140.76499,41.188102],[140.76492,41.187949],[140.76502,41.187875],[140.764957,41.187844],[140.764957,41.187751],[140.765058,41.187684],[140.765007,41.187604],[140.765051,41.187477],[140.764967,41.187376],[140.765037,41.187273],[140.764937,41.18717],[140.764888,41.186948],[140.764915,41.186892],[140.76499,41.186879],[140.76499,41.186738],[140.765091,41.18669],[140.765022,41.186511],[140.765153,41.186473],[140.765103,41.18629],[140.765173,41.186269],[140.765143,41.186109],[140.765225,41.186075],[140.765195,41.185945],[140.765265,41.185862],[140.765217,41.185784],[140.765325,41.185646],[140.76529,41.185542],[140.765396,41.185449],[140.765401,41.185286],[140.765467,41.185229],[140.76557,41.18524],[140.765613,41.185104],[140.765787,41.185113],[140.765842,41.184989],[140.765983,41.18496],[140.765983,41.184865],[140.766035,41.184816],[140.766203,41.184803],[140.766226,41.184677],[140.766387,41.184667],[140.766392,41.1845],[140.766541,41.184461],[140.766536,41.184353],[140.766796,41.184336],[140.766773,41.184176],[140.76687,41.184134],[140.766791,41.184067],[140.766791,41.183997],[140.766932,41.183917],[140.766922,41.183791],[140.767028,41.183722],[140.766947,41.183639],[140.766952,41.183559],[140.766793,41.183486],[140.766695,41.183561],[140.766551,41.183555],[140.766478,41.183475],[140.766317,41.183461],[140.766268,41.183361],[140.766382,41.183307],[140.766375,41.183226],[140.766443,41.183138],[140.766558,41.183134],[140.766632,41.18302],[140.766818,41.182991],[140.766715,41.182823],[140.76671,41.182736],[140.766753,41.182703],[140.766672,41.182595],[140.766731,41.182421],[140.766682,41.182313],[140.766806,41.18214],[140.766773,41.182023],[140.76687,41.181918],[140.766841,41.181795],[140.766925,41.181702],[140.76686,41.181576],[140.766895,41.18149],[140.76696,41.181462],[140.7669,41.181345],[140.76693,41.181275],[140.767008,41.181258],[140.766977,41.181153],[140.767011,41.181063],[140.767118,41.181028],[140.767098,41.180859],[140.76724,41.180801],[140.767215,41.180668],[140.767381,41.180566],[140.767358,41.180403],[140.76747,41.180293],[140.767435,41.180185],[140.767497,41.18008],[140.767452,41.179923],[140.767502,41.179848],[140.767442,41.179816],[140.767422,41.17964],[140.767348,41.179574],[140.767368,41.179439],[140.767298,41.179378],[140.767291,41.17929],[140.767368,41.179221],[140.767306,41.17912],[140.767353,41.179],[140.767281,41.178842],[140.767361,41.178751],[140.767328,41.178612],[140.767401,41.178547],[140.767356,41.178414],[140.767435,41.178311],[140.767467,41.178139],[140.767308,41.178014],[140.767338,41.177922],[140.76745,41.177846],[140.767381,41.177745],[140.767487,41.177614],[140.767432,41.17719],[140.767588,41.177056],[140.767688,41.177044],[140.767691,41.176964],[140.76777,41.176866],[140.768,41.176873],[140.768047,41.17677],[140.768163,41.176713],[140.768128,41.176559],[140.768216,41.176408],[140.768166,41.176294],[140.768275,41.176181],[140.768206,41.176107],[140.768302,41.175966],[140.768262,41.175897],[140.768335,41.175721],[140.768275,41.175642],[140.768277,41.175555],[140.768385,41.175442],[140.76832,41.175358],[140.76835,41.175282],[140.768431,41.175257],[140.768385,41.175137],[140.768423,41.175017],[140.768335,41.174977],[140.76832,41.174872],[140.768171,41.174851],[140.768126,41.174776],[140.767953,41.174726],[140.767832,41.174522],[140.767893,41.174457],[140.768158,41.174444],[140.768243,41.174505],[140.76828,41.174621],[140.768456,41.174636],[140.768506,41.174537],[140.768701,41.174502],[140.768678,41.174349],[140.768731,41.174302],[140.76861,41.174243],[140.768595,41.174163],[140.768508,41.174183],[140.768393,41.174132],[140.768302,41.173939],[140.768365,41.173858],[140.768446,41.173852],[140.768503,41.173754],[140.768746,41.173787],[140.768771,41.173674],[140.768907,41.173669],[140.768855,41.173532],[140.76891,41.173437],[140.768761,41.173358],[140.76865,41.173138],[140.768731,41.173077],[140.768708,41.173038],[140.768746,41.173002],[140.768951,41.172957],[140.768915,41.172793],[140.768598,41.172747],[140.768526,41.17269],[140.768701,41.17261],[140.768719,41.172514],[140.768889,41.172496],[140.769046,41.172169],[140.769083,41.171944],[140.769024,41.171573],[140.768865,41.17144],[140.768843,41.171366],[140.768696,41.171368],[140.768648,41.171252],[140.768555,41.171227],[140.768521,41.17115],[140.768658,41.17096],[140.768911,41.170919],[140.768866,41.170452],[140.768755,41.170114],[140.768479,41.170063],[140.768333,41.170139],[140.768209,41.170067],[140.767946,41.170069],[140.767879,41.170017],[140.767866,41.169914],[140.767773,41.16988],[140.767604,41.169667],[140.767594,41.169571],[140.767666,41.169469],[140.767621,41.169409],[140.767664,41.169298],[140.767798,41.169284],[140.76798,41.169173],[140.768309,41.169145],[140.768496,41.169095],[140.768586,41.169022],[140.768698,41.169027],[140.768739,41.168925],[140.76884,41.16887],[140.768779,41.168814],[140.768805,41.168715],[140.768711,41.168594],[140.7686,41.16861],[140.768176,41.168476],[140.768109,41.168493],[140.768104,41.168241],[140.767708,41.168368],[140.767485,41.168345],[140.767403,41.168275],[140.767202,41.168233],[140.767083,41.168296],[140.766859,41.168216],[140.766837,41.168115],[140.766912,41.167969],[140.767045,41.167852],[140.767028,41.167792],[140.766927,41.167786],[140.766868,41.167685],[140.766778,41.167681],[140.766748,41.167557],[140.766795,41.167527],[140.766763,41.167428],[140.766815,41.167394],[140.767028,41.167366],[140.7671,41.167416],[140.767142,41.167354],[140.767219,41.167348],[140.76717,41.167272],[140.76736,41.167122],[140.767604,41.167214],[140.767767,41.167215],[140.767702,41.167028],[140.767583,41.167035],[140.767542,41.16697],[140.767395,41.166941],[140.767392,41.166857],[140.767458,41.166834],[140.76744,41.166758],[140.767627,41.166656],[140.767649,41.166572],[140.767782,41.16656],[140.76785,41.166473],[140.76801,41.166455],[140.768055,41.166359],[140.768163,41.16635],[140.768489,41.165984],[140.76872,41.165366],[140.768739,41.164927],[140.768782,41.164827],[140.768682,41.164319],[140.768572,41.164207],[140.76857,41.164083],[140.768439,41.164037],[140.768408,41.163771],[140.768348,41.163768],[140.768325,41.163571],[140.768177,41.163374],[140.768207,41.163293],[140.768082,41.163259],[140.768057,41.163157],[140.767998,41.16312],[140.768008,41.162981],[140.767902,41.162952],[140.767922,41.162818],[140.767887,41.162761],[140.767928,41.162689],[140.767842,41.162659],[140.767828,41.162588],[140.767869,41.162461],[140.767828,41.162417],[140.767919,41.162376],[140.767898,41.162308],[140.767671,41.162023],[140.767271,41.161726],[140.767217,41.161773],[140.767127,41.16174],[140.766893,41.161478],[140.766904,41.161407],[140.766826,41.161367],[140.766793,41.16124],[140.766771,41.161094],[140.766823,41.161003],[140.766771,41.160931],[140.766786,41.160801],[140.766718,41.160711],[140.766927,41.1603],[140.767037,41.160189],[140.767046,41.16008],[140.767239,41.159962],[140.767452,41.159963],[140.767508,41.1599],[140.767663,41.159884],[140.767678,41.159816],[140.767834,41.159687],[140.767893,41.159531],[140.767857,41.159478],[140.767907,41.159185],[140.768058,41.158971],[140.768132,41.158936],[140.768124,41.15885],[140.768286,41.158605],[140.768244,41.15851],[140.768283,41.158235],[140.768217,41.157984],[140.768256,41.157911],[140.76817,41.157525],[140.768198,41.157424],[140.768156,41.157327],[140.767983,41.157321],[140.767877,41.157237],[140.767756,41.157284],[140.7676,41.157193],[140.767583,41.157128],[140.767695,41.157079],[140.767681,41.156907],[140.767151,41.156802],[140.766948,41.156687],[140.766786,41.156669],[140.766717,41.156473],[140.766618,41.15647],[140.76659,41.156386],[140.766532,41.156371],[140.766562,41.156252],[140.766488,41.156173],[140.766495,41.156066],[140.766436,41.155965],[140.766571,41.155674],[140.766517,41.155488],[140.766546,41.155385],[140.766465,41.15533],[140.766429,41.155113],[140.766295,41.155081],[140.766317,41.154983],[140.76628,41.15494],[140.766342,41.154849],[140.766422,41.154864],[140.766476,41.154765],[140.766604,41.154754],[140.76666,41.154674],[140.766757,41.154648],[140.76678,41.154531],[140.766721,41.154436],[140.766624,41.154388],[140.766309,41.154423],[140.766231,41.154373],[140.766064,41.154372],[140.765977,41.154269],[140.765759,41.154276],[140.765721,41.154242],[140.765746,41.154133],[140.765632,41.154081],[140.76564,41.154034],[140.765574,41.153983],[140.765694,41.153889],[140.765769,41.153653],[140.766039,41.153412],[140.766295,41.153428],[140.766379,41.153371],[140.766546,41.15355],[140.766736,41.153461],[140.766689,41.153381],[140.766726,41.153218],[140.766785,41.153174],[140.766734,41.153116],[140.766754,41.152978],[140.766835,41.152885],[140.766767,41.152805],[140.766946,41.152244],[140.766896,41.152225],[140.766919,41.152004],[140.766867,41.151979],[140.766864,41.151868],[140.766824,41.151855],[140.766807,41.151681],[140.766927,41.151632],[140.766964,41.151495],[140.767069,41.151461],[140.76715,41.15133],[140.766994,41.151168],[140.76693,41.150968],[140.766746,41.150992],[140.766651,41.150863],[140.766511,41.150892],[140.766379,41.150771],[140.766372,41.150592],[140.766425,41.150585],[140.766429,41.150467],[140.766526,41.150427],[140.766556,41.150316],[140.766624,41.150309],[140.766537,41.150214],[140.766325,41.150245],[140.766182,41.150134],[140.766124,41.149943],[140.766049,41.149941],[140.766032,41.149882],[140.766098,41.149798],[140.766084,41.149733],[140.765998,41.149767],[140.765769,41.149712],[140.76563,41.149627],[140.765597,41.149556],[140.76541,41.149485],[140.765402,41.149408],[140.765343,41.149383],[140.765262,41.149184],[140.765192,41.149133],[140.765203,41.148678],[140.765083,41.148663],[140.765033,41.148607],[140.764913,41.148613],[140.764752,41.148472],[140.764673,41.14846],[140.764624,41.148308],[140.764658,41.14814],[140.76439,41.148027],[140.764332,41.147853],[140.764257,41.147841],[140.76425,41.147718],[140.764198,41.147678],[140.764197,41.147271],[140.764152,41.147238],[140.76419,41.147153],[140.764147,41.147056],[140.764163,41.146841],[140.764103,41.146443],[140.764257,41.146082],[140.764218,41.146052],[140.764245,41.145997],[140.7642,41.145957],[140.764189,41.145792],[140.764243,41.14573],[140.764189,41.145645],[140.764302,41.14547],[140.764838,41.145165],[140.76493,41.145065],[140.76491,41.14488],[140.76496,41.144806],[140.764919,41.14475],[140.76505,41.144602],[140.765074,41.144505],[140.765149,41.144485]]],[[[140.784965,41.255642],[140.784717,41.255592],[140.784567,41.255474],[140.78458,41.255204],[140.784483,41.255154],[140.78436,41.254777],[140.784274,41.254716],[140.784235,41.25461],[140.784274,41.254561],[140.78417,41.254602],[140.783993,41.254581],[140.783868,41.254378],[140.783733,41.254333],[140.783646,41.254194],[140.783446,41.254146],[140.783409,41.254011],[140.783198,41.253986],[140.783084,41.253872],[140.782911,41.253892],[140.782749,41.253775],[140.78269,41.253656],[140.782528,41.253717],[140.78242,41.253611],[140.782155,41.253554],[140.782009,41.253676],[140.781809,41.253648],[140.78162,41.25373],[140.781458,41.253648],[140.781279,41.253697],[140.781149,41.253611],[140.781042,41.253689],[140.780874,41.253636],[140.780718,41.253717],[140.780588,41.253656],[140.780372,41.253661],[140.780269,41.253562],[140.780102,41.253542],[140.780037,41.253436],[140.779895,41.253363],[140.779918,41.25322],[140.779788,41.253155],[140.779804,41.252996],[140.779685,41.252918],[140.77972,41.252683],[140.779869,41.252623],[140.77981,41.252593],[140.779812,41.252538],[140.779999,41.252437],[140.77995,41.252331],[140.779995,41.252196],[140.779944,41.252028],[140.779985,41.251996],[140.779907,41.251904],[140.779963,41.251775],[140.779894,41.251689],[140.779927,41.251569],[140.779859,41.251474],[140.779899,41.251323],[140.779785,41.251192],[140.779829,41.251112],[140.779736,41.250996],[140.779783,41.250876],[140.779706,41.250728],[140.779791,41.250638],[140.779753,41.250474],[140.779803,41.250398],[140.779703,41.250244],[140.779728,41.250164],[140.779652,41.249964],[140.779736,41.249909],[140.779691,41.249777],[140.779771,41.249703],[140.779756,41.249611],[140.779882,41.249478],[140.779872,41.249354],[140.780016,41.24926],[140.780028,41.249143],[140.780137,41.249064],[140.780127,41.248974],[140.780296,41.248866],[140.780313,41.248697],[140.780432,41.24863],[140.780369,41.248424],[140.780404,41.248379],[140.780278,41.248249],[140.780311,41.248152],[140.780238,41.248034],[140.780246,41.247825],[140.780353,41.247801],[140.780613,41.247897],[140.780636,41.247819],[140.780727,41.247771],[140.780687,41.247705],[140.780727,41.247616],[140.780801,41.24759],[140.780752,41.247496],[140.780828,41.247394],[140.780762,41.247302],[140.780873,41.247179],[140.780893,41.247066],[140.781054,41.246996],[140.781133,41.246896],[140.781284,41.246853],[140.781376,41.24671],[140.781509,41.246674],[140.781507,41.246569],[140.781648,41.246461],[140.781599,41.246333],[140.781683,41.246237],[140.781607,41.246123],[140.781691,41.24595],[140.781648,41.245831],[140.781756,41.245717],[140.781651,41.245607],[140.781711,41.245472],[140.781653,41.245335],[140.781703,41.245226],[140.781614,41.245162],[140.781663,41.244977],[140.781589,41.244914],[140.781617,41.244733],[140.781549,41.24463],[140.781574,41.244519],[140.781678,41.244457],[140.781703,41.244319],[140.781829,41.244239],[140.781827,41.244162],[140.781901,41.24406],[140.782028,41.244015],[140.782144,41.243842],[140.782142,41.243694],[140.782193,41.243647],[140.782152,41.243445],[140.782233,41.243377],[140.782193,41.243294],[140.782281,41.243144],[140.782196,41.243081],[140.782183,41.242961],[140.782021,41.242811],[140.781862,41.242755],[140.781908,41.242634],[140.781872,41.24255],[140.781933,41.242489],[140.781829,41.24238],[140.782157,41.242129],[140.782301,41.2421],[140.782344,41.242014],[140.782568,41.242016],[140.782667,41.241942],[140.782994,41.241866],[140.783068,41.241727],[140.783207,41.241706],[140.783252,41.241614],[140.783416,41.241574],[140.783502,41.241424],[140.783608,41.241388],[140.783673,41.241253],[140.783827,41.241229],[140.783847,41.241085],[140.783953,41.241019],[140.784012,41.240868],[140.784161,41.24084],[140.784213,41.240693],[140.784329,41.240641],[140.784322,41.24056],[140.784413,41.240466],[140.784416,41.240323],[140.784488,41.240283],[140.784518,41.240176],[140.784619,41.240116],[140.784614,41.239973],[140.784708,41.239904],[140.784634,41.239834],[140.784654,41.239719],[140.784721,41.239692],[140.784637,41.239599],[140.784721,41.239481],[140.784686,41.239341],[140.784736,41.239266],[140.784672,41.239186],[140.784738,41.239076],[140.784642,41.238981],[140.784726,41.238864],[140.784624,41.238799],[140.784584,41.238706],[140.784629,41.238641],[140.784526,41.238529],[140.784577,41.238399],[140.784354,41.238312],[140.784329,41.238228],[140.783817,41.238316],[140.783747,41.23826],[140.783559,41.23823],[140.783517,41.238138],[140.783406,41.238119],[140.783351,41.238045],[140.783406,41.237893],[140.783717,41.237929],[140.783822,41.237986],[140.783893,41.237906],[140.784032,41.237873],[140.784072,41.237738],[140.784196,41.237721],[140.784128,41.237672],[140.784109,41.237558],[140.783896,41.237457],[140.783863,41.237333],[140.784107,41.237211],[140.784314,41.237188],[140.784347,41.237097],[140.784451,41.237054],[140.784547,41.236752],[140.784374,41.236658],[140.784389,41.236521],[140.784587,41.236407],[140.784688,41.236413],[140.784811,41.236304],[140.784839,41.236165],[140.784968,41.236109],[140.785008,41.236005],[140.785127,41.235989],[140.785093,41.235859],[140.785189,41.235839],[140.785212,41.235712],[140.785318,41.235689],[140.785328,41.235579],[140.785444,41.235519],[140.785407,41.235401],[140.785487,41.235319],[140.785409,41.235274],[140.785402,41.235203],[140.785469,41.235149],[140.785439,41.235013],[140.785578,41.234938],[140.785528,41.23481],[140.785593,41.234715],[140.785519,41.23461],[140.785551,41.234469],[140.785469,41.234355],[140.785482,41.234262],[140.785296,41.234159],[140.785132,41.234201],[140.784741,41.234178],[140.784698,41.234114],[140.784567,41.234084],[140.784562,41.23397],[140.784607,41.233914],[140.784552,41.233828],[140.784733,41.233809],[140.785066,41.233929],[140.785177,41.233889],[140.785276,41.233923],[140.785311,41.23382],[140.785517,41.233656],[140.785548,41.233487],[140.785462,41.233434],[140.786332,41.233261],[140.787001,41.233435],[140.787413,41.232748],[140.787593,41.232712],[140.789741,41.233323],[140.791222,41.233563],[140.795665,41.233708],[140.795774,41.233766],[140.796482,41.235656],[140.797015,41.236837],[140.797329,41.237292],[140.797994,41.238099],[140.798033,41.238233],[140.797397,41.238557],[140.79713,41.238764],[140.796095,41.23992],[140.795409,41.240807],[140.792143,41.242122],[140.79092,41.243038],[140.790364,41.243594],[140.789526,41.244917],[140.789233,41.245183],[140.787983,41.245695],[140.787199,41.245921],[140.786647,41.246022],[140.786224,41.2462],[140.785144,41.247356],[140.78462,41.247803],[140.784244,41.248425],[140.784324,41.248617],[140.7863,41.249824],[140.786751,41.250257],[140.787199,41.250784],[140.787456,41.250951],[140.787792,41.250922],[140.788294,41.250802],[140.788988,41.250577],[140.78962,41.250297],[140.789887,41.250275],[140.789988,41.250391],[140.789869,41.250973],[140.789275,41.252518],[140.788814,41.253452],[140.788164,41.254498],[140.787958,41.254655],[140.786535,41.255414],[140.786061,41.255367],[140.785855,41.255138],[140.785642,41.255076],[140.784965,41.255642]]],[[[140.785327,41.257027],[140.786812,41.257052],[140.787043,41.256985],[140.787229,41.256641],[140.787425,41.256525],[140.788091,41.256377],[140.788935,41.25606],[140.789095,41.256216],[140.789366,41.256686],[140.7903,41.257633],[140.791073,41.258237],[140.792304,41.259055],[140.79257,41.259355],[140.792855,41.25977],[140.793014,41.26129],[140.795125,41.262292],[140.797764,41.263351],[140.797867,41.263463],[140.797876,41.263758],[140.797556,41.264831],[140.797356,41.265287],[140.796836,41.266016],[140.795738,41.267214],[140.794667,41.26805],[140.794539,41.268211],[140.79469,41.26868],[140.79485,41.268958],[140.795263,41.270259],[140.795249,41.27058],[140.795094,41.270867],[140.795054,41.271139],[140.795196,41.271832],[140.794561,41.272682],[140.794419,41.273062],[140.794312,41.273652],[140.794419,41.274984],[140.794543,41.275297],[140.794996,41.276026],[140.795272,41.276343],[140.795503,41.276424],[140.795743,41.276334],[140.79596,41.276142],[140.796063,41.27582],[140.796067,41.275561],[140.796276,41.275449],[140.796596,41.275382],[140.79684,41.275431],[140.796916,41.275512],[140.796938,41.27574],[140.796898,41.276017],[140.7966,41.276611],[140.795916,41.277608],[140.794745,41.278215],[140.794516,41.278109],[140.793883,41.277371],[140.793808,41.277351],[140.793737,41.277239],[140.793637,41.27721],[140.793583,41.277072],[140.793425,41.277001],[140.793357,41.27689],[140.793228,41.276851],[140.793168,41.276695],[140.793041,41.276651],[140.792821,41.276366],[140.792651,41.276317],[140.792621,41.27624],[140.792513,41.276227],[140.792421,41.276113],[140.792305,41.276186],[140.792211,41.276179],[140.792128,41.276062],[140.792028,41.276089],[140.791905,41.276037],[140.791889,41.276103],[140.791773,41.27613],[140.791676,41.276084],[140.791521,41.276108],[140.79145,41.276062],[140.791486,41.275952],[140.791595,41.275921],[140.791664,41.275838],[140.79188,41.275836],[140.791844,41.275736],[140.791905,41.275671],[140.791809,41.275614],[140.791805,41.275556],[140.791686,41.27559],[140.791442,41.275502],[140.791425,41.275441],[140.791532,41.275361],[140.791487,41.275325],[140.791557,41.27522],[140.791438,41.275161],[140.791393,41.275069],[140.791232,41.275074],[140.791138,41.275028],[140.791105,41.274952],[140.790909,41.274911],[140.790848,41.274833],[140.790654,41.27486],[140.790547,41.274809],[140.790428,41.274931],[140.790289,41.274936],[140.790202,41.27505],[140.790034,41.275035],[140.789902,41.275089],[140.789824,41.275074],[140.789779,41.274996],[140.789624,41.275042],[140.78955,41.275016],[140.789463,41.274896],[140.789363,41.274877],[140.789353,41.274816],[140.789399,41.27478],[140.789722,41.274826],[140.789799,41.274908],[140.790079,41.274906],[140.790169,41.274828],[140.790077,41.274732],[140.78987,41.274664],[140.789854,41.274577],[140.789732,41.274538],[140.789726,41.274425],[140.789534,41.274418],[140.789467,41.274374],[140.789458,41.27426],[140.789387,41.274199],[140.789432,41.274112],[140.789512,41.274089],[140.789874,41.274094],[140.790099,41.274024],[140.790032,41.273948],[140.790032,41.273843],[140.789874,41.2738],[140.789836,41.273695],[140.789738,41.273643],[140.789719,41.273538],[140.789783,41.273363],[140.789916,41.273375],[140.789932,41.273484],[140.790013,41.273563],[140.790013,41.273674],[140.790203,41.273755],[140.790264,41.273848],[140.790228,41.273568],[140.790342,41.273487],[140.790377,41.273303],[140.790474,41.273247],[140.790442,41.273133],[140.790558,41.273001],[140.790561,41.272823],[140.790713,41.272733],[140.790699,41.272643],[140.790887,41.272539],[140.790913,41.272413],[140.791007,41.272347],[140.790997,41.272219],[140.791084,41.272144],[140.791042,41.272054],[140.791197,41.271932],[140.791216,41.271813],[140.791297,41.271754],[140.791297,41.271611],[140.791484,41.271533],[140.791577,41.271104],[140.791426,41.270829],[140.790985,41.270469],[140.790887,41.270424],[140.790622,41.270487],[140.790538,41.270421],[140.790393,41.270433],[140.790355,41.270343],[140.790238,41.270294],[140.790226,41.270192],[140.790077,41.27016],[140.790026,41.270107],[140.790022,41.270002],[140.789845,41.269915],[140.789883,41.269725],[140.789755,41.269599],[140.789803,41.269494],[140.7897,41.269416],[140.7897,41.269316],[140.789765,41.269248],[140.789903,41.269238],[140.790051,41.269158],[140.790206,41.269185],[140.790358,41.269061],[140.790328,41.268878],[140.790367,41.268812],[140.790171,41.268701],[140.790197,41.268586],[140.790045,41.268521],[140.790026,41.268391],[140.789877,41.268423],[140.789794,41.268365],[140.789659,41.268416],[140.78949,41.268372],[140.789332,41.268399],[140.789184,41.268338],[140.7891,41.268355],[140.78899,41.26828],[140.789049,41.268158],[140.789135,41.268134],[140.789226,41.268163],[140.789406,41.268075],[140.789561,41.268146],[140.789677,41.268073],[140.789851,41.268063],[140.789859,41.267973],[140.789975,41.267868],[140.789875,41.267755],[140.78989,41.267631],[140.789945,41.267578],[140.789806,41.26749],[140.789804,41.267408],[140.78972,41.267322],[140.789751,41.267188],[140.789659,41.267101],[140.789659,41.267011],[140.789739,41.266969],[140.789635,41.266849],[140.789687,41.266715],[140.789551,41.266639],[140.789533,41.266559],[140.789643,41.266438],[140.789462,41.26635],[140.789484,41.266218],[140.789382,41.26615],[140.789345,41.266041],[140.789185,41.266028],[140.78884,41.265768],[140.788724,41.265741],[140.788653,41.265651],[140.788492,41.265624],[140.788434,41.265564],[140.788402,41.265434],[140.788482,41.26533],[140.788763,41.265352],[140.788989,41.265459],[140.789073,41.265252],[140.788998,41.265153],[140.788995,41.265033],[140.788875,41.264924],[140.788869,41.264773],[140.788775,41.264765],[140.788657,41.264661],[140.78852,41.264664],[140.788427,41.264546],[140.788259,41.264483],[140.788224,41.264357],[140.788047,41.264247],[140.788079,41.264077],[140.787982,41.263984],[140.787973,41.263899],[140.788034,41.263792],[140.787985,41.263741],[140.788002,41.263602],[140.788085,41.263512],[140.787985,41.263366],[140.787995,41.263266],[140.787892,41.263266],[140.787772,41.263165],[140.787765,41.263089],[140.787695,41.263031],[140.787692,41.262862],[140.787602,41.262785],[140.787588,41.262682],[140.786988,41.262586],[140.786965,41.262376],[140.78684,41.262306],[140.786805,41.262227],[140.786676,41.262201],[140.78664,41.262098],[140.786462,41.262066],[140.786411,41.262013],[140.786405,41.261906],[140.78627,41.261909],[140.78604,41.26178],[140.786017,41.261636],[140.785966,41.261666],[140.785782,41.261605],[140.785762,41.261495],[140.785662,41.261441],[140.78564,41.261381],[140.785701,41.261283],[140.785633,41.261164],[140.785711,41.261062],[140.785672,41.260969],[140.785698,41.260887],[140.785788,41.260845],[140.78573,41.260717],[140.78583,41.260604],[140.785766,41.260468],[140.785782,41.260381],[140.785853,41.260327],[140.785766,41.260198],[140.785801,41.260074],[140.785756,41.259889],[140.785837,41.259745],[140.785721,41.259604],[140.785798,41.2595],[140.785595,41.259268],[140.785585,41.259157],[140.785437,41.259098],[140.785443,41.258981],[140.785356,41.258891],[140.785423,41.258718],[140.785495,41.258677],[140.78544,41.258616],[140.78544,41.258524],[140.785498,41.258409],[140.78536,41.258303],[140.785391,41.258181],[140.785268,41.258062],[140.785282,41.257986],[140.785372,41.257909],[140.785317,41.257811],[140.785411,41.257624],[140.785323,41.257555],[140.785272,41.257356],[140.78535,41.257198],[140.785327,41.257027]]],[[[140.795803,41.279357],[140.796331,41.279179],[140.796833,41.278913],[140.796941,41.277965],[140.797043,41.27759],[140.797341,41.27727],[140.798018,41.277246],[140.798341,41.277517],[140.798396,41.277657],[140.798217,41.277907],[140.797791,41.27829],[140.797785,41.278428],[140.797972,41.278545],[140.798136,41.278585],[140.798654,41.278561],[140.798791,41.278596],[140.798824,41.278691],[140.798705,41.279481],[140.798737,41.279828],[140.798689,41.279996],[140.797392,41.280515],[140.797184,41.280637],[140.797195,41.280783],[140.797465,41.28131],[140.797416,41.281752],[140.7971,41.282281],[140.797141,41.282834],[140.797303,41.283117],[140.798001,41.282767],[140.798061,41.282851],[140.798066,41.283146],[140.797939,41.283855],[140.797723,41.284232],[140.797217,41.284794],[140.79721,41.284701],[140.797068,41.284656],[140.79701,41.284587],[140.79699,41.284451],[140.796833,41.284415],[140.796694,41.284266],[140.796645,41.284346],[140.796472,41.284373],[140.79638,41.284485],[140.796284,41.284514],[140.796188,41.284476],[140.796178,41.284402],[140.796029,41.284356],[140.796033,41.284232],[140.795942,41.284215],[140.795903,41.284061],[140.795764,41.284081],[140.795664,41.284001],[140.795517,41.284013],[140.795468,41.283961],[140.79549,41.28386],[140.795374,41.283726],[140.795478,41.283638],[140.795442,41.28359],[140.795468,41.283511],[140.795587,41.283421],[140.795542,41.28338],[140.795539,41.283271],[140.795413,41.283224],[140.795387,41.283086],[140.795223,41.28303],[140.795213,41.282881],[140.795054,41.282823],[140.795035,41.282713],[140.794923,41.282626],[140.794929,41.28249],[140.794835,41.282385],[140.794887,41.282237],[140.794832,41.282142],[140.794857,41.282043],[140.794967,41.282004],[140.795012,41.28189],[140.795179,41.281895],[140.795348,41.281639],[140.795428,41.281593],[140.795509,41.281628],[140.79556,41.281542],[140.79566,41.281501],[140.795657,41.28143],[140.795564,41.281406],[140.79534,41.28117],[140.79536,41.28107],[140.795257,41.281014],[140.79524,41.280853],[140.795183,41.280834],[140.795132,41.280724],[140.795216,41.280624],[140.795167,41.280498],[140.795271,41.280386],[140.795202,41.280272],[140.795257,41.280163],[140.795187,41.280077],[140.795212,41.279856],[140.795316,41.279743],[140.795373,41.279746],[140.795428,41.279629],[140.795567,41.279581],[140.795648,41.279434],[140.795803,41.279357]]],[[[140.802212,41.302932],[140.80208,41.302844],[140.801918,41.302863],[140.801796,41.30279],[140.801627,41.302795],[140.80157,41.302718],[140.801408,41.302676],[140.80138,41.302581],[140.801188,41.302593],[140.801141,41.302552],[140.801137,41.30263],[140.801063,41.302683],[140.80084,41.302713],[140.800208,41.302608],[140.800131,41.302491],[140.799927,41.302474],[140.799888,41.302374],[140.79973,41.30235],[140.799685,41.302279],[140.799715,41.302204],[140.79963,41.302083],[140.799727,41.301932],[140.799566,41.301938],[140.799505,41.301858],[140.799385,41.301873],[140.799295,41.301748],[140.799126,41.301688],[140.799101,41.301598],[140.799013,41.301576],[140.798971,41.301423],[140.798855,41.301311],[140.798885,41.301111],[140.798975,41.301004],[140.798894,41.300833],[140.798778,41.300729],[140.798791,41.300598],[140.79873,41.300508],[140.798785,41.300388],[140.798691,41.300286],[140.798781,41.300155],[140.798726,41.300094],[140.798794,41.299854],[140.798846,41.299746],[140.798943,41.299707],[140.799075,41.299549],[140.799171,41.299539],[140.799265,41.299461],[140.799449,41.299452],[140.799585,41.299357],[140.799726,41.299391],[140.799818,41.299344],[140.799936,41.299354],[140.799969,41.29924],[140.800065,41.299152],[140.800014,41.299135],[140.800014,41.29895],[140.799875,41.299011],[140.799746,41.298958],[140.799679,41.29904],[140.799471,41.299079],[140.799401,41.299148],[140.799269,41.29915],[140.799198,41.299213],[140.799016,41.299191],[140.798826,41.299233],[140.798733,41.299148],[140.798665,41.299157],[140.798514,41.299043],[140.798453,41.299053],[140.798375,41.298974],[140.798375,41.298897],[140.798449,41.298704],[140.798549,41.298619],[140.79841,41.298522],[140.798223,41.298135],[140.798269,41.297904],[140.798378,41.297845],[140.798398,41.29775],[140.798465,41.297694],[140.798449,41.297536],[140.798337,41.297459],[140.7984,41.2972],[140.798514,41.29711],[140.798617,41.297099],[140.798649,41.296999],[140.798824,41.296896],[140.798827,41.29683],[140.798892,41.296779],[140.799059,41.296743],[140.799188,41.296631],[140.799359,41.296609],[140.799353,41.296463],[140.79944,41.296393],[140.799385,41.296322],[140.79942,41.296237],[140.799369,41.295894],[140.799465,41.295801],[140.799442,41.29569],[140.799503,41.295595],[140.799587,41.295561],[140.799554,41.295449],[140.799677,41.295369],[140.799683,41.295206],[140.799767,41.295142],[140.799732,41.295016],[140.799858,41.294891],[140.799832,41.294785],[140.799948,41.294648],[140.799977,41.294474],[140.800099,41.294432],[140.800132,41.294306],[140.800305,41.29416],[140.80047,41.294172],[140.800618,41.294094],[140.800695,41.294114],[140.800783,41.29426],[140.800967,41.294332],[140.80105,41.294245],[140.800954,41.294106],[140.800818,41.294104],[140.800718,41.293943],[140.800612,41.293918],[140.800628,41.293736],[140.800677,41.293685],[140.800822,41.293668],[140.80094,41.293556],[140.80115,41.293616],[140.801222,41.293534],[140.801373,41.293473],[140.801442,41.293366],[140.801802,41.293454],[140.802005,41.293809],[140.802441,41.294085],[140.802915,41.294229],[140.803181,41.294945],[140.801951,41.29608],[140.801772,41.296333],[140.801342,41.29739],[140.801282,41.299019],[140.801354,41.299686],[140.801527,41.300533],[140.801843,41.301338],[140.802212,41.302932]]],[[[140.802296,41.303363],[140.803528,41.306085],[140.804413,41.307377],[140.805036,41.308141],[140.805364,41.309679],[140.805657,41.31031],[140.806953,41.312347],[140.808028,41.313429],[140.808153,41.313621],[140.808225,41.313988],[140.808165,41.314871],[140.807616,41.315778],[140.807466,41.316133],[140.807347,41.317275],[140.806995,41.317936],[140.806534,41.318484],[140.806095,41.318883],[140.805004,41.319437],[140.804739,41.319775],[140.804399,41.320447],[140.804028,41.320568],[140.803524,41.320629],[140.802728,41.320616],[140.801918,41.320798],[140.801458,41.321023],[140.801122,41.321313],[140.801066,41.3215],[140.801079,41.32176],[140.80126,41.321959],[140.8016,41.32218],[140.80216,41.322366],[140.80287,41.322531],[140.803107,41.322669],[140.803288,41.322903],[140.803985,41.324086],[140.804347,41.324433],[140.804653,41.324814],[140.806155,41.325399],[140.806517,41.32568],[140.806556,41.325996],[140.80665,41.326209],[140.806788,41.326352],[140.807079,41.326508],[140.807331,41.327093],[140.807195,41.327324],[140.807133,41.327169],[140.806402,41.327054],[140.806174,41.327567],[140.805792,41.327803],[140.805703,41.327737],[140.806063,41.327384],[140.806167,41.326693],[140.806095,41.326567],[140.805953,41.326562],[140.80581,41.326423],[140.805653,41.326382],[140.80561,41.326285],[140.805447,41.326224],[140.805437,41.326041],[140.805275,41.325958],[140.805265,41.325876],[140.805224,41.325951],[140.804862,41.326078],[140.804566,41.325988],[140.804553,41.325845],[140.804412,41.325782],[140.804389,41.325658],[140.804279,41.3256],[140.804288,41.325446],[140.804163,41.325398],[140.804153,41.325256],[140.804002,41.325176],[140.803979,41.325033],[140.803843,41.324947],[140.803827,41.32476],[140.803714,41.32469],[140.803643,41.324507],[140.803504,41.324441],[140.803488,41.324342],[140.803253,41.324201],[140.803056,41.32416],[140.802998,41.324009],[140.802859,41.323914],[140.802853,41.323758],[140.802721,41.323731],[140.802617,41.323612],[140.802492,41.323615],[140.802237,41.323491],[140.802211,41.323354],[140.802076,41.323311],[140.802053,41.323186],[140.80193,41.323216],[140.80166,41.323145],[140.801617,41.323057],[140.801668,41.322965],[140.801588,41.32287],[140.801621,41.32279],[140.801443,41.322646],[140.801305,41.322743],[140.801201,41.322741],[140.801113,41.322609],[140.801033,41.322577],[140.801082,41.322429],[140.80095,41.322332],[140.800705,41.322378],[140.800746,41.322446],[140.800723,41.322507],[140.800578,41.322551],[140.80054,41.322641],[140.800485,41.322653],[140.800313,41.322619],[140.800152,41.322668],[140.80004,41.322605],[140.799907,41.322614],[140.799691,41.322544],[140.799581,41.322468],[140.79933,41.322456],[140.799294,41.322346],[140.799152,41.322246],[140.799181,41.322171],[140.799285,41.322169],[140.799265,41.322111],[140.799362,41.322059],[140.799169,41.321966],[140.799242,41.321899],[140.799459,41.321945],[140.79954,41.321847],[140.799491,41.321675],[140.79941,41.321691],[140.799251,41.321623],[140.799042,41.321635],[140.798826,41.32154],[140.798742,41.32136],[140.798742,41.321306],[140.798906,41.321166],[140.798804,41.321056],[140.798906,41.320941],[140.798849,41.320802],[140.799204,41.320735],[140.799226,41.320556],[140.799316,41.32046],[140.799394,41.320474],[140.799471,41.320391],[140.799604,41.320379],[140.799775,41.320063],[140.799942,41.320087],[140.800039,41.319977],[140.800206,41.319986],[140.800306,41.319904],[140.800467,41.319909],[140.800522,41.319953],[140.800565,41.319901],[140.800757,41.319928],[140.80081,41.319846],[140.80061,41.319743],[140.80049,41.319777],[140.800402,41.319678],[140.800535,41.319549],[140.800557,41.319447],[140.800729,41.31941],[140.800819,41.319311],[140.800955,41.319282],[140.800929,41.319225],[140.800967,41.319179],[140.801106,41.319158],[140.801283,41.319228],[140.801345,41.319388],[140.801487,41.319449],[140.801503,41.319576],[140.80169,41.319537],[140.801626,41.319433],[140.801645,41.31934],[140.801565,41.319269],[140.801561,41.319206],[140.801616,41.319172],[140.801775,41.319187],[140.801836,41.319344],[140.801936,41.319406],[140.801971,41.319503],[140.802083,41.319388],[140.802275,41.319372],[140.802368,41.319264],[140.802542,41.319228],[140.802536,41.319158],[140.802613,41.319068],[140.80259,41.318897],[140.802647,41.318818],[140.80256,41.318716],[140.802553,41.318636],[140.802641,41.318546],[140.802608,41.318409],[140.80269,41.318322],[140.802837,41.318273],[140.802912,41.318149],[140.803051,41.318103],[140.803198,41.317943],[140.803415,41.317916],[140.803577,41.317818],[140.80369,41.317848],[140.803828,41.317745],[140.803951,41.317728],[140.803973,41.317638],[140.804138,41.317575],[140.804241,41.317453],[140.804357,41.317409],[140.80441,41.317293],[140.804586,41.317227],[140.804861,41.316833],[140.805041,41.316721],[140.805128,41.316446],[140.805155,41.315723],[140.805302,41.315107],[140.805237,41.315022],[140.80526,41.314946],[140.805725,41.314504],[140.805906,41.314504],[140.80599,41.314382],[140.806102,41.314374],[140.8061,41.314272],[140.806255,41.314155],[140.8062,41.314119],[140.806202,41.313965],[140.806067,41.313875],[140.805967,41.313238],[140.805561,41.312284],[140.805212,41.311934],[140.804916,41.311727],[140.804787,41.311688],[140.804725,41.311698],[140.804657,41.31179],[140.804225,41.311814],[140.804112,41.311899],[140.803425,41.31179],[140.803413,41.311693],[140.803313,41.311603],[140.803342,41.311532],[140.803445,41.311503],[140.803593,41.311593],[140.803945,41.31159],[140.804051,41.311641],[140.804186,41.311564],[140.804196,41.311479],[140.80429,41.311369],[140.804209,41.311334],[140.804229,41.311206],[140.804087,41.31124],[140.80397,41.311152],[140.803742,41.311089],[140.803762,41.311149],[140.80369,41.31122],[140.803542,41.311252],[140.80339,41.311148],[140.803413,41.311016],[140.803513,41.310953],[140.803454,41.310797],[140.803303,41.310745],[140.803384,41.310487],[140.803515,41.310514],[140.803587,41.310619],[140.803723,41.310659],[140.803793,41.310767],[140.803923,41.310699],[140.803823,41.310636],[140.803778,41.3105],[140.803668,41.3105],[140.803578,41.3104],[140.803419,41.310366],[140.803397,41.310321],[140.803464,41.310178],[140.803639,41.310141],[140.803503,41.309811],[140.803607,41.309689],[140.803607,41.309482],[140.8035,41.309372],[140.80348,41.309253],[140.803345,41.309048],[140.803204,41.30897],[140.803182,41.308778],[140.803079,41.308695],[140.803064,41.308558],[140.802938,41.308507],[140.802909,41.308341],[140.802793,41.308286],[140.802754,41.308137],[140.802579,41.308064],[140.802573,41.307901],[140.802467,41.307846],[140.80246,41.307743],[140.802277,41.307692],[140.80226,41.307582],[140.802163,41.307534],[140.802185,41.307397],[140.802085,41.307325],[140.802102,41.307196],[140.801958,41.307106],[140.801922,41.307006],[140.801789,41.30696],[140.80176,41.306816],[140.801597,41.306756],[140.801558,41.306634],[140.801489,41.306581],[140.801448,41.306439],[140.801503,41.306398],[140.801467,41.306269],[140.80152,41.306159],[140.801422,41.306079],[140.801426,41.30596],[140.801358,41.305852],[140.801381,41.305796],[140.801291,41.305673],[140.80132,41.30561],[140.801185,41.305586],[140.801,41.305401],[140.800971,41.305281],[140.800803,41.30524],[140.800771,41.305113],[140.800613,41.305013],[140.800613,41.30488],[140.800555,41.30486],[140.800513,41.304719],[140.800352,41.304617],[140.800326,41.304478],[140.800193,41.304359],[140.800213,41.304272],[140.800081,41.304193],[140.800046,41.304061],[140.799917,41.30401],[140.799878,41.303893],[140.799913,41.303866],[140.799833,41.303776],[140.799926,41.303674],[140.800097,41.303691],[140.800217,41.30364],[140.800368,41.303693],[140.800488,41.30364],[140.800672,41.303664],[140.800791,41.303603],[140.800988,41.303647],[140.801143,41.303559],[140.801298,41.303598],[140.80144,41.30353],[140.801578,41.303572],[140.801723,41.303487],[140.801815,41.303498],[140.801891,41.303572],[140.802063,41.303472],[140.802163,41.303525],[140.802296,41.303363]]],[[[141.025672,41.334943],[141.025371,41.332325],[141.024893,41.330003],[141.02451,41.328974],[141.024032,41.327877],[141.023063,41.326428],[141.022888,41.326001],[141.022747,41.325426],[141.022774,41.324993],[141.022982,41.324383],[141.024054,41.321997],[141.024321,41.321817],[141.025714,41.321303],[141.026535,41.320836],[141.027349,41.320497],[141.030081,41.319874],[141.031568,41.3194],[141.032288,41.319028],[141.033049,41.318209],[141.033338,41.317735],[141.033459,41.317207],[141.033305,41.316252],[141.032315,41.314749],[141.032214,41.314329],[141.032288,41.314059],[141.03249,41.313734],[141.033049,41.313266],[141.033587,41.313023],[141.034866,41.312725],[141.035613,41.312481],[141.03607,41.312163],[141.036137,41.312007],[141.036144,41.311405],[141.036077,41.310924],[141.036205,41.310538],[141.036669,41.310145],[141.037759,41.309448],[141.038789,41.308561],[141.039414,41.307904],[141.039522,41.3076],[141.039482,41.307275],[141.039393,41.307038],[141.039393,41.306855],[141.039584,41.306554],[141.040748,41.306364],[141.041423,41.306076],[141.041955,41.30569],[141.043132,41.305054],[141.044841,41.304275],[141.045992,41.303944],[141.046416,41.30368],[141.046638,41.303213],[141.046786,41.30238],[141.046988,41.302068],[141.047257,41.301784],[141.047943,41.301324],[141.048091,41.301066],[141.048098,41.30087],[141.047972,41.300115],[141.04809,41.299922],[141.048598,41.299689],[141.04919,41.299296],[141.049621,41.299076],[141.050374,41.298937],[141.050738,41.298758],[141.051365,41.297668],[141.051627,41.297492],[141.052435,41.297241],[141.053491,41.297167],[141.053882,41.297011],[141.054265,41.296835],[141.054891,41.296273],[141.055389,41.295901],[141.055739,41.295799],[141.056122,41.295792],[141.057071,41.295941],[141.057488,41.295955],[141.057623,41.295826],[141.057751,41.295345],[141.05798,41.294804],[141.058222,41.293883],[141.058249,41.293443],[141.058168,41.29301],[141.057293,41.291073],[141.057199,41.290762],[141.057387,41.290674],[141.057879,41.290633],[141.058478,41.290478],[141.059226,41.290393],[141.060713,41.289499],[141.061124,41.289388],[141.061467,41.289388],[141.06183,41.289472],[141.062325,41.289672],[141.062614,41.289899],[141.06321,41.290748],[141.06434,41.291568],[141.065963,41.292123],[141.067289,41.292739],[141.067504,41.292603],[141.068157,41.291906],[141.068695,41.291222],[141.068769,41.290782],[141.069079,41.290207],[141.069402,41.289807],[141.070102,41.289306],[141.070828,41.288629],[141.071954,41.287783],[141.072351,41.287702],[141.072802,41.287698],[141.073162,41.287722],[141.073495,41.287834],[141.07446,41.288589],[141.075954,41.289608],[141.076617,41.289872],[141.078259,41.290258],[141.07911,41.290403],[141.079574,41.290407],[141.080813,41.290041],[141.081285,41.290038],[141.083526,41.290552],[141.084482,41.29062],[141.085,41.290572],[141.08617,41.290058],[141.086904,41.289875],[141.087503,41.289875],[141.087981,41.289936],[141.088781,41.290044],[141.089723,41.290254],[141.090625,41.290186],[141.092388,41.289821],[141.093949,41.289882],[141.09473,41.290065],[141.095537,41.290153],[141.096304,41.290098],[141.097886,41.289753],[141.099252,41.289604],[141.099527,41.289625],[141.100348,41.290349],[141.100692,41.290803],[141.100981,41.291006],[141.101304,41.29108],[141.103504,41.291107],[141.104177,41.291019],[141.106367,41.29039],[141.107209,41.292372],[141.107599,41.293493],[141.107975,41.294319],[141.108021,41.294763],[141.108476,41.294959],[141.10881,41.295258],[141.109934,41.296682],[141.109966,41.297817],[141.110207,41.298312],[141.110263,41.298658],[141.110249,41.298971],[141.109952,41.29983],[141.109836,41.300437],[141.109831,41.301362],[141.110054,41.302277],[141.110045,41.303533],[141.110101,41.303855],[141.110347,41.304201],[141.111136,41.304504],[141.112143,41.304976],[141.112885,41.305415],[141.113243,41.305761],[141.11334,41.306041],[141.113336,41.306242],[141.112918,41.306639],[141.112217,41.307479],[141.110983,41.309212],[141.110542,41.310057],[141.1103,41.310762],[141.110105,41.310982],[141.109655,41.311108],[141.108035,41.310968],[141.107678,41.310996],[141.107492,41.311103],[141.107283,41.311421],[141.107266,41.311535],[141.099743,41.311735],[141.098651,41.311861],[141.097445,41.311864],[141.096055,41.311951],[141.09541,41.312019],[141.094729,41.312232],[141.093597,41.312723],[141.093398,41.312736],[141.092964,41.312455],[141.092621,41.31231],[141.091619,41.312006],[141.091388,41.311845],[141.091074,41.311425],[141.090901,41.311444],[141.090769,41.311561],[141.090734,41.311512],[141.090811,41.31116],[141.090947,41.310899],[141.091531,41.31002],[141.092629,41.308877],[141.097302,41.305506],[141.098367,41.304873],[141.099197,41.304566],[141.099611,41.30435],[141.099794,41.303804],[141.09999,41.303659],[141.100683,41.303546],[141.100988,41.303439],[141.101514,41.303223],[141.102053,41.302822],[141.102243,41.302541],[141.103129,41.30176],[141.10369,41.301146],[141.103989,41.300781],[141.10397,41.300646],[141.103411,41.300475],[141.103202,41.30022],[141.103174,41.300006],[141.102939,41.300036],[141.100972,41.300626],[141.100137,41.300749],[141.09973,41.300914],[141.099284,41.300991],[141.099155,41.300956],[141.099159,41.300546],[141.099248,41.300339],[141.099836,41.299816],[141.100407,41.299493],[141.101418,41.299222],[141.102033,41.298849],[141.102183,41.298597],[141.10212,41.29855],[141.101908,41.298558],[141.101239,41.298773],[141.100761,41.298871],[141.100458,41.298844],[141.100397,41.298766],[141.100401,41.29854],[141.100471,41.298337],[141.100795,41.297891],[141.100811,41.297723],[141.100715,41.297659],[141.100349,41.297714],[141.100208,41.297678],[141.100076,41.297559],[141.099913,41.297536],[141.099727,41.297585],[141.098571,41.298586],[141.098099,41.298653],[141.097878,41.298544],[141.097762,41.298385],[141.097849,41.297368],[141.097798,41.297242],[141.097689,41.297239],[141.097008,41.297633],[141.096707,41.297627],[141.09653,41.297694],[141.096222,41.297988],[141.096148,41.298343],[141.096004,41.298592],[141.095814,41.298705],[141.095452,41.29866],[141.095118,41.298382],[141.094468,41.298166],[141.094141,41.297991],[141.093948,41.297811],[141.093909,41.297449],[141.093691,41.296945],[141.093736,41.296532],[141.093999,41.296228],[141.094384,41.295537],[141.094423,41.29524],[141.094365,41.295079],[141.094205,41.295072],[141.09355,41.295356],[141.092696,41.295363],[141.092112,41.295511],[141.091945,41.295389],[141.091772,41.295137],[141.09174,41.29391],[141.091541,41.293748],[141.090142,41.293567],[141.089814,41.292676],[141.089634,41.292515],[141.089346,41.292424],[141.089044,41.292373],[141.088819,41.292515],[141.088806,41.293406],[141.088684,41.293923],[141.088717,41.294685],[141.088678,41.295137],[141.088537,41.295305],[141.088319,41.295337],[141.087497,41.295272],[141.086977,41.295285],[141.086849,41.29544],[141.086951,41.29597],[141.087189,41.296325],[141.087215,41.296622],[141.087131,41.296868],[141.086829,41.297068],[141.086213,41.297339],[141.084955,41.297759],[141.083979,41.298153],[141.083337,41.298269],[141.08285,41.298127],[141.082047,41.297636],[141.081855,41.297423],[141.081688,41.297145],[141.081579,41.296822],[141.081662,41.296512],[141.08233,41.295938],[141.08285,41.29524],[141.082965,41.294937],[141.082818,41.294807],[141.082259,41.294749],[141.082073,41.294678],[141.081919,41.294478],[141.081598,41.294233],[141.081181,41.294123],[141.080834,41.293793],[141.080539,41.292805],[141.080263,41.292767],[141.079756,41.292902],[141.078992,41.293277],[141.078652,41.293503],[141.078106,41.293529],[141.077689,41.293406],[141.077111,41.293057],[141.076606,41.292679],[141.07631,41.292511],[141.076166,41.292518],[141.076063,41.292624],[141.076076,41.293393],[141.07546,41.293929],[141.075306,41.294175],[141.075211,41.294917],[141.075076,41.29524],[141.073985,41.296332],[141.073748,41.296642],[141.073523,41.297048],[141.072278,41.298618],[141.071815,41.298921],[141.069909,41.299935],[141.069338,41.300103],[141.06824,41.300142],[141.066,41.300052],[141.065082,41.299806],[141.064248,41.299916],[141.064087,41.299871],[141.063773,41.299587],[141.063554,41.29918],[141.062758,41.298418],[141.062495,41.298011],[141.061731,41.297559],[141.061301,41.297236],[141.060903,41.296822],[141.060749,41.296829],[141.060743,41.297003],[141.061487,41.298288],[141.061609,41.298721],[141.061507,41.299606],[141.061353,41.299864],[141.061147,41.30009],[141.060749,41.300097],[141.059664,41.299315],[141.059144,41.298999],[141.058933,41.298947],[141.058503,41.299063],[141.058156,41.299089],[141.057886,41.299025],[141.057572,41.29865],[141.057373,41.298695],[141.057148,41.298863],[141.056789,41.299587],[141.056545,41.299735],[141.056038,41.299826],[141.055717,41.299819],[141.055507,41.299764],[141.055221,41.299558],[141.055089,41.299548],[141.055022,41.299706],[141.054996,41.299981],[141.055038,41.3002],[141.055409,41.30051],[141.055582,41.300756],[141.056031,41.301705],[141.056506,41.302202],[141.056513,41.302706],[141.056603,41.302939],[141.056648,41.303326],[141.056391,41.303345],[141.056102,41.3033],[141.055749,41.303068],[141.055287,41.302951],[141.054703,41.303022],[141.054356,41.302971],[141.054009,41.302777],[141.053817,41.302577],[141.053714,41.302325],[141.053682,41.301976],[141.053103,41.30114],[141.052997,41.300833],[141.052769,41.300672],[141.052477,41.300371],[141.052133,41.300139],[141.052053,41.300178],[141.052027,41.300358],[141.051861,41.300685],[141.051519,41.300965],[141.051647,41.301288],[141.051705,41.301618],[141.051512,41.301895],[141.051512,41.302541],[141.051325,41.302932],[141.051337,41.303433],[141.051196,41.303542],[141.050962,41.303529],[141.050647,41.303326],[141.050278,41.303249],[141.05015,41.303397],[141.050169,41.303604],[141.050294,41.303781],[141.050362,41.303985],[141.050323,41.304221],[141.050237,41.304395],[141.050227,41.304605],[141.050574,41.304928],[141.050583,41.305102],[141.050371,41.305306],[141.049824,41.305464],[141.049574,41.305696],[141.048489,41.306123],[141.047931,41.306445],[141.046825,41.306591],[141.046825,41.306807],[141.046886,41.307001],[141.047284,41.307043],[141.047589,41.30713],[141.048086,41.307472],[141.04884,41.307459],[141.049267,41.307569],[141.049762,41.307828],[141.050522,41.308435],[141.050763,41.30849],[141.05118,41.308499],[141.051293,41.308561],[141.051464,41.3091],[141.052074,41.309423],[141.052812,41.309397],[141.053217,41.309474],[141.053332,41.309604],[141.053326,41.309817],[141.053204,41.309901],[141.052973,41.309933],[141.052087,41.309939],[141.05122,41.310282],[141.05072,41.310695],[141.050046,41.310895],[141.047927,41.31138],[141.046214,41.312206],[141.04561,41.312568],[141.045528,41.312765],[141.045637,41.313078],[141.045817,41.313262],[141.045849,41.31345],[141.045795,41.313569],[141.045822,41.313747],[141.046252,41.313592],[141.047722,41.312907],[141.048229,41.312862],[141.048916,41.312881],[141.049384,41.313017],[141.049911,41.313372],[141.050174,41.314179],[141.050334,41.314522],[141.050392,41.315045],[141.050251,41.315335],[141.049237,41.316459],[141.048853,41.316982],[141.048802,41.317273],[141.048885,41.317483],[141.049049,41.31756],[141.049807,41.317544],[141.049911,41.317673],[141.050065,41.318041],[141.050283,41.319062],[141.050559,41.319669],[141.05097,41.320289],[141.051843,41.321322],[141.052382,41.321858],[141.053923,41.322982],[141.054622,41.323389],[141.054995,41.32368],[141.05538,41.324242],[141.056895,41.326043],[141.057222,41.326515],[141.057389,41.326935],[141.057472,41.327581],[141.057472,41.328517],[141.057543,41.328801],[141.057729,41.329092],[141.05875,41.330157],[141.058846,41.330409],[141.058692,41.330726],[141.058262,41.331126],[141.057466,41.331559],[141.056112,41.332011],[141.055239,41.332082],[141.054115,41.332017],[141.052144,41.331508],[141.051489,41.331207],[141.050747,41.330787],[141.050248,41.330586],[141.049662,41.330153],[141.048096,41.32869],[141.047241,41.327787],[141.046767,41.327209],[141.046674,41.326964],[141.046636,41.326657],[141.046724,41.325753],[141.046855,41.325307],[141.046986,41.324429],[141.047036,41.323286],[141.047003,41.321212],[141.046937,41.321024],[141.046678,41.321084],[141.046198,41.321331],[141.04544,41.321567],[141.044364,41.321783],[141.04399,41.321777],[141.039662,41.320461],[141.038402,41.319911],[141.038228,41.32004],[141.038137,41.320235],[141.038396,41.320577],[141.038405,41.32085],[141.038278,41.321047],[141.038493,41.321518],[141.038434,41.321841],[141.037947,41.322497],[141.037411,41.322792],[141.037248,41.322977],[141.037173,41.323263],[141.037083,41.323417],[141.036877,41.323618],[141.036659,41.323731],[141.036416,41.323731],[141.035789,41.323467],[141.035227,41.323385],[141.035031,41.323505],[141.034697,41.324239],[141.034292,41.32444],[141.03378,41.32449],[141.032848,41.324443],[141.032542,41.324295],[141.032255,41.324044],[141.031987,41.323884],[141.03174,41.323985],[141.031572,41.324151],[141.031456,41.324364],[141.031675,41.324835],[141.03218,41.325378],[141.032556,41.32562],[141.032755,41.325927],[141.032849,41.326373],[141.033117,41.326837],[141.03346,41.327139],[141.033785,41.327264],[141.034608,41.327339],[141.035583,41.327735],[141.035901,41.328121],[141.035938,41.328381],[141.03591,41.328485],[141.035764,41.328582],[141.035193,41.328538],[141.033777,41.328014],[141.033244,41.327747],[141.032745,41.327622],[141.030911,41.327487],[141.030642,41.32759],[141.030524,41.327779],[141.030371,41.328243],[141.031531,41.329527],[141.031853,41.329589],[141.03208,41.32969],[141.032299,41.329887],[141.032377,41.330161],[141.03232,41.330659],[141.031934,41.331165],[141.031834,41.331682],[141.031391,41.332015],[141.031279,41.332181],[141.031266,41.332464],[141.031138,41.332589],[141.030848,41.33269],[141.030642,41.332828],[141.030493,41.333051],[141.030329,41.333531],[141.030087,41.333829],[141.029938,41.333848],[141.029722,41.333747],[141.029607,41.333612],[141.029289,41.332881],[141.029105,41.332709],[141.028743,41.332702],[141.028387,41.332975],[141.028194,41.333204],[141.028136,41.333989],[141.02811,41.335602],[141.028598,41.336368],[141.028685,41.336713],[141.028592,41.336958],[141.028236,41.337165],[141.028055,41.337366],[141.027924,41.338081],[141.027787,41.338219],[141.027531,41.338313],[141.027294,41.338307],[141.026957,41.338169],[141.026558,41.338188],[141.026228,41.337472],[141.025735,41.335853],[141.025672,41.334943]]],[[[140.849551,41.312203],[140.849695,41.312408],[140.849765,41.312696],[140.849751,41.31299],[140.849116,41.313552],[140.849172,41.313678],[140.849521,41.313854],[140.850267,41.314366],[140.850435,41.314387],[140.851963,41.313587],[140.852472,41.313376],[140.853016,41.313236],[140.853813,41.313366],[140.854164,41.313609],[140.855821,41.31417],[140.857851,41.315033],[140.858471,41.31511],[140.858688,41.315054],[140.859225,41.314612],[140.859525,41.314507],[140.859727,41.314493],[140.859923,41.314626],[140.860132,41.315054],[140.860641,41.315735],[140.860871,41.31624],[140.861102,41.31657],[140.862741,41.317574],[140.863139,41.317925],[140.863404,41.318248],[140.863662,41.31876],[140.863732,41.319132],[140.864227,41.319638],[140.86445,41.319785],[140.864834,41.319841],[140.865671,41.319694],[140.866145,41.319455],[140.867038,41.318886],[140.86745,41.318732],[140.867764,41.318788],[140.86805,41.319006],[140.868803,41.318964],[140.868915,41.318802],[140.869131,41.317939],[140.869334,41.317616],[140.869341,41.317118],[140.869215,41.316535],[140.86925,41.316023],[140.868852,41.315496],[140.868741,41.314991],[140.868538,41.3145],[140.868308,41.314226],[140.868287,41.313917],[140.86842,41.31372],[140.868664,41.313657],[140.869306,41.313812],[140.870652,41.313924],[140.870771,41.31372],[140.870757,41.313061],[140.87084,41.312204],[140.87114,41.311165],[140.871371,41.310576],[140.871699,41.310007],[140.872238,41.309204],[140.872482,41.308975],[140.87259,41.308782],[140.872544,41.308642],[140.871917,41.30854],[140.870982,41.308768],[140.869766,41.309151],[140.869062,41.309221],[140.868538,41.309123],[140.867917,41.308807],[140.867513,41.308351],[140.867185,41.307719],[140.867011,41.307214],[140.86699,41.306771],[140.867073,41.306428],[140.867415,41.306245],[140.868449,41.306147],[140.868673,41.306073],[140.869105,41.305575],[140.869363,41.305357],[140.869621,41.305262],[140.869897,41.305371],[140.870173,41.305578],[140.870361,41.30561],[140.870776,41.30529],[140.871289,41.305111],[140.871718,41.304638],[140.871997,41.304445],[140.872492,41.304381],[140.872803,41.304501],[140.87305,41.304501],[140.873706,41.304167],[140.874592,41.303318],[140.874875,41.303206],[140.875178,41.303146],[140.875677,41.303199],[140.87613,41.303308],[140.876469,41.303227],[140.877199,41.302778],[140.877506,41.302518],[140.877667,41.302427],[140.877904,41.302377],[140.878232,41.30216],[140.878671,41.301556],[140.87902,41.301198],[140.879271,41.301058],[140.880074,41.300833],[140.880492,41.300538],[140.880771,41.300244],[140.880855,41.300054],[140.880855,41.2991],[140.880485,41.298671],[140.880255,41.298489],[140.879599,41.298187],[140.879174,41.297843],[140.878964,41.297506],[140.878741,41.296938],[140.878678,41.296727],[140.878658,41.29639],[140.878483,41.296074],[140.877778,41.295864],[140.877374,41.295681],[140.877123,41.295632],[140.876627,41.295815],[140.876341,41.295787],[140.875651,41.296109],[140.874723,41.29578],[140.874276,41.295751],[140.873955,41.295618],[140.873649,41.295337],[140.873314,41.295295],[140.873083,41.295457],[140.873042,41.295688],[140.873132,41.296222],[140.87309,41.296573],[140.87277,41.296945],[140.872204,41.297282],[140.871884,41.297338],[140.871263,41.296959],[140.870698,41.296832],[140.868367,41.296769],[140.868186,41.296692],[140.868186,41.296488],[140.869288,41.296215],[140.870342,41.295471],[140.871074,41.29486],[140.871235,41.294579],[140.871465,41.293891],[140.871451,41.293716],[140.871346,41.29354],[140.870146,41.293456],[140.869623,41.293274],[140.869281,41.292993],[140.868828,41.292719],[140.86714,41.291856],[140.866812,41.291603],[140.86647,41.290978],[140.866505,41.290642],[140.866742,41.290185],[140.867202,41.289792],[140.867551,41.289568],[140.868088,41.289364],[140.868577,41.28935],[140.869233,41.289406],[140.869909,41.289596],[140.870991,41.289736],[140.871653,41.289954],[140.872058,41.289855],[140.873174,41.289855],[140.873474,41.289813],[140.873558,41.289645],[140.87346,41.289301],[140.873272,41.288894],[140.873028,41.28855],[140.872958,41.288073],[140.873139,41.287651],[140.874723,41.285988],[140.875372,41.285658],[140.875951,41.285679],[140.8766,41.285939],[140.877039,41.286219],[140.87759,41.286444],[140.87803,41.286774],[140.878072,41.286963],[140.878002,41.287651],[140.878023,41.287911],[140.878323,41.288115],[140.879244,41.288318],[140.879941,41.288677],[140.880366,41.288798],[140.880985,41.288756],[140.881614,41.288903],[140.882417,41.289637],[140.882873,41.289647],[140.883114,41.289531],[140.883896,41.289431],[140.884158,41.289289],[140.884247,41.28874],[140.884761,41.288239],[140.884861,41.287985],[140.884845,41.287363],[140.88495,41.287115],[140.88528,41.286972],[140.885501,41.286999],[140.885614,41.287543],[140.885795,41.287875],[140.886773,41.288831],[140.887776,41.288608],[140.889716,41.288558],[140.890114,41.288493],[140.890591,41.288333],[140.891309,41.287882],[140.892011,41.287882],[140.892625,41.287972],[140.893525,41.288029],[140.893571,41.28807],[140.893469,41.288201],[140.893213,41.28833],[140.891745,41.288765],[140.890001,41.289016],[140.889154,41.289335],[140.887952,41.289555],[140.887677,41.28978],[140.887534,41.290019],[140.887206,41.290216],[140.886474,41.290426],[140.885206,41.2911],[140.885038,41.291582],[140.884901,41.291714],[140.884574,41.291748],[140.883876,41.291639],[140.88253,41.2911],[140.882112,41.291215],[140.881702,41.291201],[140.881335,41.29128],[140.880834,41.291618],[140.880457,41.29165],[140.880181,41.291553],[140.879997,41.291567],[140.87905,41.292584],[140.878586,41.292913],[140.878048,41.293111],[140.877855,41.293278],[140.877873,41.293463],[140.878094,41.293676],[140.878466,41.293912],[140.878696,41.294245],[140.87894,41.295674],[140.879432,41.29621],[140.879882,41.296525],[140.881909,41.297727],[140.882236,41.29819],[140.882898,41.298712],[140.883219,41.299078],[140.883463,41.299508],[140.883711,41.300188],[140.883992,41.30016],[140.884336,41.299901],[140.884667,41.29985],[140.884906,41.299929],[140.885026,41.300137],[140.885104,41.300562],[140.885885,41.301205],[140.886226,41.301404],[140.886672,41.301469],[140.88698,41.30158],[140.887283,41.301746],[140.887444,41.301936],[140.887669,41.301982],[140.888662,41.301603],[140.888878,41.301335],[140.889623,41.301053],[140.889774,41.300678],[140.889921,41.300498],[140.890174,41.30041],[140.89057,41.300456],[140.89091,41.300715],[140.891323,41.301053],[140.891507,41.301437],[140.891535,41.301793],[140.891392,41.302107],[140.890873,41.302616],[140.890804,41.302856],[140.890822,41.303287],[140.890956,41.303573],[140.891434,41.303842],[140.892344,41.304688],[140.892928,41.305072],[140.894606,41.305682],[140.895258,41.30559],[140.895488,41.305631],[140.895621,41.305733],[140.895681,41.305941],[140.895539,41.306617],[140.895589,41.306885],[140.895925,41.307412],[140.895916,41.307685],[140.895792,41.307888],[140.895359,41.30818],[140.895134,41.30818],[140.894946,41.308032],[140.894868,41.30701],[140.894762,41.306751],[140.893608,41.306001],[140.893153,41.305798],[140.892105,41.305803],[140.891756,41.305738],[140.891071,41.305303],[140.890822,41.305021],[140.890597,41.304905],[140.889807,41.304841],[140.889227,41.304965],[140.888657,41.304952],[140.88823,41.304845],[140.88709,41.303851],[140.885927,41.30325],[140.885532,41.303194],[140.885017,41.302986],[140.884626,41.302704],[140.884318,41.302588],[140.884038,41.302597],[140.883693,41.302699],[140.88281,41.302597],[140.882185,41.302995],[140.881905,41.303319],[140.881785,41.303596],[140.881321,41.304087],[140.880939,41.304267],[140.880719,41.304452],[140.880544,41.304896],[140.880342,41.305238],[140.879523,41.305927],[140.879124,41.306168],[140.878512,41.306228],[140.878264,41.30639],[140.877795,41.306899],[140.877855,41.307107],[140.878241,41.307505],[140.878365,41.307727],[140.878374,41.308046],[140.87854,41.308351],[140.879455,41.30916],[140.879478,41.309355],[140.879358,41.309563],[140.879142,41.309614],[140.878793,41.309604],[140.878131,41.309304],[140.877437,41.308915],[140.87706,41.308837],[140.87677,41.30885],[140.876499,41.30904],[140.876076,41.30953],[140.875708,41.309766],[140.874747,41.309831],[140.874021,41.310261],[140.873727,41.310326],[140.873552,41.310469],[140.873552,41.310696],[140.873184,41.311311],[140.873129,41.311824],[140.873189,41.312208],[140.87364,41.312842],[140.873538,41.313082],[140.873313,41.31329],[140.87323,41.313485],[140.873221,41.313707],[140.873313,41.313924],[140.873561,41.314183],[140.873704,41.31471],[140.874007,41.314858],[140.875134,41.315177],[140.875239,41.31539],[140.875253,41.315742],[140.875134,41.31595],[140.874798,41.316093],[140.874256,41.316237],[140.873603,41.316306],[140.872968,41.316264],[140.872136,41.317004],[140.872017,41.317189],[140.871962,41.317652],[140.871865,41.317897],[140.871192,41.318595],[140.870656,41.319234],[140.870472,41.319627],[140.870546,41.320455],[140.870495,41.320621],[140.870647,41.321019],[140.870536,41.32131],[140.870517,41.321537],[140.870844,41.3218],[140.870919,41.322009],[140.871089,41.322157],[140.871393,41.322203],[140.871625,41.322295],[140.871727,41.322443],[140.871801,41.322688],[140.871764,41.322938],[140.87181,41.323267],[140.872844,41.323595],[140.873892,41.323341],[140.874729,41.323262],[140.875055,41.323364],[140.875345,41.323549],[140.876342,41.323803],[140.87643,41.324016],[140.873998,41.324081],[140.872918,41.32421],[140.871672,41.324201],[140.87039,41.324104],[140.870799,41.32433],[140.870041,41.324345],[140.869943,41.324542],[140.870069,41.325147],[140.870358,41.325624],[140.87169,41.326946],[140.872274,41.327597],[140.872358,41.328881],[140.873662,41.331036],[140.875448,41.332634],[140.875601,41.332821],[140.875727,41.333224],[140.875434,41.333805],[140.87454,41.334559],[140.8742,41.334953],[140.874046,41.335276],[140.874032,41.33566],[140.874092,41.33588],[140.874614,41.336401],[140.871467,41.338016],[140.871301,41.337967],[140.868526,41.337805],[140.8668,41.337521],[140.866131,41.337456],[140.864776,41.337432],[140.86397,41.337529],[140.861446,41.338219],[140.860567,41.338365],[140.857971,41.338276],[140.854479,41.338292],[140.852609,41.338081],[140.852332,41.338093],[140.851861,41.338442],[140.851474,41.338625],[140.850292,41.338957],[140.851211,41.337241],[140.851526,41.336291],[140.851827,41.334899],[140.852214,41.333527],[140.852804,41.333369],[140.855171,41.332973],[140.856914,41.332083],[140.858665,41.330889],[140.858789,41.330711],[140.858789,41.3305],[140.85691,41.329011],[140.855423,41.327654],[140.854427,41.326887],[140.853961,41.326413],[140.854788,41.325419],[140.854945,41.32513],[140.852321,41.324299],[140.851092,41.32401],[140.84785,41.323467],[140.846898,41.32322],[140.846626,41.323086],[140.846621,41.322969],[140.846866,41.322807],[140.848169,41.322207],[140.848686,41.322031],[140.850012,41.321747],[140.850464,41.321487],[140.851504,41.320729],[140.851494,41.320515],[140.850637,41.319544],[140.84951,41.318438],[140.848365,41.317639],[140.847527,41.317207],[140.846413,41.316844],[140.846376,41.315608],[140.846284,41.314943],[140.84573,41.313777],[140.845328,41.312722],[140.845337,41.312359],[140.845596,41.312299],[140.849551,41.312203]]],[[[141.036103,41.389511],[141.037098,41.388745],[141.038297,41.388173],[141.03981,41.386745],[141.039912,41.386562],[141.039898,41.386468],[141.039278,41.386167],[141.039091,41.386036],[141.039035,41.385914],[141.039058,41.385655],[141.039268,41.385073],[141.039646,41.384542],[141.04079,41.384575],[141.041854,41.384359],[141.042923,41.384401],[141.043577,41.384476],[141.043796,41.384448],[141.043483,41.383913],[141.043469,41.383392],[141.043553,41.38319],[141.043913,41.382927],[141.044137,41.382927],[141.044982,41.38333],[141.046321,41.383805],[141.046807,41.3838],[141.047852,41.383302],[141.048767,41.382762],[141.049463,41.382415],[141.049971,41.382255],[141.05041,41.382185],[141.050826,41.382189],[141.052217,41.382574],[141.052693,41.382814],[141.054466,41.38319],[141.054737,41.38334],[141.055069,41.383636],[141.055381,41.384017],[141.055572,41.384762],[141.056561,41.384762],[141.056861,41.384704],[141.057007,41.384531],[141.057435,41.383119],[141.057754,41.38242],[141.058213,41.381804],[141.058653,41.381335],[141.059144,41.380931],[141.059737,41.380546],[141.060292,41.380276],[141.06091,41.380052],[141.06232,41.379795],[141.063143,41.379712],[141.064061,41.379705],[141.064565,41.379789],[141.066045,41.38052],[141.067193,41.381194],[141.067671,41.381374],[141.068054,41.381406],[141.068793,41.381354],[141.070305,41.380482],[141.070643,41.38036],[141.07114,41.380283],[141.071829,41.380238],[141.07248,41.38027],[141.072888,41.380334],[141.07364,41.380559],[141.074327,41.381203],[141.076322,41.3835],[141.077082,41.384295],[141.077732,41.38486],[141.078728,41.385452],[141.079575,41.385845],[141.081037,41.386304],[141.0821,41.386561],[141.087772,41.387678],[141.088503,41.387741],[141.088775,41.388262],[141.089354,41.388945],[141.089965,41.38952],[141.089952,41.389701],[141.089374,41.390216],[141.088928,41.39069],[141.087871,41.390604],[141.086515,41.390583],[141.085823,41.390637],[141.084501,41.390891],[141.082513,41.390436],[141.081489,41.390289],[141.080372,41.390229],[141.079654,41.390055],[141.078431,41.389614],[141.07754,41.389232],[141.076895,41.388884],[141.075519,41.387761],[141.074342,41.386149],[141.073066,41.385453],[141.07169,41.384958],[141.06935,41.384309],[141.068858,41.384222],[141.06792,41.384236],[141.066817,41.384182],[141.065986,41.384015],[141.06429,41.383199],[141.063745,41.383045],[141.063459,41.383092],[141.062987,41.383366],[141.062589,41.383808],[141.061984,41.384677],[141.061101,41.384894],[141.05971,41.384971],[141.059063,41.385481],[141.058159,41.385998],[141.056534,41.386789],[141.056098,41.386901],[141.055136,41.38692],[141.053627,41.386659],[141.052671,41.386626],[141.050194,41.387162],[141.049283,41.387156],[141.04836,41.387234],[141.047092,41.387202],[141.046604,41.387306],[141.045934,41.387601],[141.045252,41.388033],[141.04438,41.389086],[141.044211,41.389374],[141.044133,41.390008],[141.043957,41.390408],[141.043281,41.391088],[141.043158,41.3915],[141.043379,41.392652],[141.043398,41.393345],[141.043359,41.393797],[141.043203,41.394098],[141.042969,41.394366],[141.042273,41.394942],[141.041604,41.395373],[141.040739,41.395779],[141.040205,41.395805],[141.039555,41.395714],[141.038469,41.395315],[141.038411,41.394346],[141.038179,41.393832],[141.037872,41.393412],[141.036902,41.392353],[141.035951,41.391184],[141.035881,41.39081],[141.036089,41.390215],[141.036135,41.389842],[141.036103,41.389511]]],[[[141.052144,41.331508],[141.054115,41.332017],[141.055239,41.332082],[141.056112,41.332011],[141.057466,41.331559],[141.058262,41.331126],[141.058692,41.330726],[141.058846,41.330409],[141.05875,41.330157],[141.057729,41.329092],[141.057543,41.328801],[141.057472,41.328517],[141.057472,41.327581],[141.057389,41.326935],[141.057222,41.326515],[141.056895,41.326043],[141.05538,41.324242],[141.054995,41.32368],[141.054622,41.323389],[141.053923,41.322982],[141.052382,41.321858],[141.051843,41.321322],[141.05097,41.320289],[141.050559,41.319669],[141.050283,41.319062],[141.050065,41.318041],[141.049911,41.317673],[141.049807,41.317544],[141.049049,41.31756],[141.048885,41.317483],[141.048802,41.317273],[141.048853,41.316982],[141.049237,41.316459],[141.050251,41.315335],[141.050392,41.315045],[141.050334,41.314522],[141.050174,41.314179],[141.049911,41.313372],[141.049384,41.313017],[141.048916,41.312881],[141.048229,41.312862],[141.047722,41.312907],[141.046252,41.313592],[141.045822,41.313747],[141.045795,41.313569],[141.045849,41.31345],[141.045817,41.313262],[141.045637,41.313078],[141.045564,41.31291],[141.045528,41.312765],[141.04561,41.312568],[141.046214,41.312206],[141.047927,41.31138],[141.050046,41.310895],[141.05072,41.310695],[141.05122,41.310282],[141.052087,41.309939],[141.053204,41.309901],[141.053326,41.309817],[141.053332,41.309604],[141.053217,41.309474],[141.052812,41.309397],[141.052074,41.309423],[141.051464,41.3091],[141.051344,41.308667],[141.051293,41.308561],[141.05118,41.308499],[141.050763,41.30849],[141.050522,41.308435],[141.049762,41.307828],[141.049267,41.307569],[141.04884,41.307459],[141.048086,41.307472],[141.047589,41.30713],[141.047284,41.307043],[141.046886,41.307001],[141.046825,41.306807],[141.046825,41.306591],[141.047931,41.306445],[141.048489,41.306123],[141.049574,41.305696],[141.049824,41.305464],[141.050371,41.305306],[141.050583,41.305102],[141.050574,41.304928],[141.050227,41.304605],[141.050237,41.304395],[141.050323,41.304221],[141.050362,41.303985],[141.050294,41.303781],[141.050169,41.303604],[141.05015,41.303397],[141.050278,41.303249],[141.050647,41.303326],[141.050962,41.303529],[141.051196,41.303542],[141.051337,41.303433],[141.051325,41.302932],[141.051512,41.302541],[141.051512,41.301895],[141.051705,41.301618],[141.051647,41.301288],[141.051519,41.300965],[141.051861,41.300685],[141.052027,41.300358],[141.052053,41.300178],[141.052133,41.300139],[141.052477,41.300371],[141.052769,41.300672],[141.052997,41.300833],[141.053103,41.30114],[141.053682,41.301976],[141.053714,41.302325],[141.053817,41.302577],[141.054009,41.302777],[141.054356,41.302971],[141.054703,41.303022],[141.055287,41.302951],[141.055749,41.303068],[141.056102,41.3033],[141.056391,41.303345],[141.056648,41.303326],[141.056603,41.302939],[141.056513,41.302706],[141.056506,41.302202],[141.056031,41.301705],[141.055582,41.300756],[141.055409,41.30051],[141.055038,41.3002],[141.054996,41.299981],[141.055022,41.299706],[141.055089,41.299548],[141.055221,41.299558],[141.055507,41.299764],[141.055717,41.299819],[141.056038,41.299826],[141.056545,41.299735],[141.056789,41.299587],[141.057148,41.298863],[141.057373,41.298695],[141.057572,41.29865],[141.057886,41.299025],[141.058156,41.299089],[141.058503,41.299063],[141.058933,41.298947],[141.059144,41.298999],[141.059664,41.299315],[141.060749,41.300097],[141.061147,41.30009],[141.061353,41.299864],[141.061507,41.299606],[141.061609,41.298721],[141.061487,41.298288],[141.060743,41.297003],[141.060749,41.296829],[141.060903,41.296822],[141.061301,41.297236],[141.061731,41.297559],[141.062495,41.298011],[141.062758,41.298418],[141.063554,41.29918],[141.063773,41.299587],[141.064087,41.299871],[141.064248,41.299916],[141.065082,41.299806],[141.066,41.300052],[141.06824,41.300142],[141.069338,41.300103],[141.069909,41.299935],[141.071815,41.298921],[141.072278,41.298618],[141.073523,41.297048],[141.073748,41.296642],[141.073985,41.296332],[141.075076,41.29524],[141.075211,41.294917],[141.075306,41.294175],[141.07546,41.293929],[141.076076,41.293393],[141.076063,41.292624],[141.076166,41.292518],[141.07631,41.292511],[141.076606,41.292679],[141.077111,41.293057],[141.077689,41.293406],[141.078106,41.293529],[141.078652,41.293503],[141.078992,41.293277],[141.079756,41.292902],[141.080263,41.292767],[141.080539,41.292805],[141.080834,41.293793],[141.081181,41.294123],[141.081598,41.294233],[141.081919,41.294478],[141.082073,41.294678],[141.082259,41.294749],[141.082818,41.294807],[141.082965,41.294937],[141.08285,41.29524],[141.08233,41.295938],[141.081662,41.296512],[141.081579,41.296822],[141.081688,41.297145],[141.082047,41.297636],[141.08285,41.298127],[141.083337,41.298269],[141.083979,41.298153],[141.084955,41.297759],[141.086213,41.297339],[141.086829,41.297068],[141.087131,41.296868],[141.087215,41.296622],[141.087189,41.296325],[141.086951,41.29597],[141.086849,41.29544],[141.086977,41.295285],[141.087497,41.295272],[141.088319,41.295337],[141.088537,41.295305],[141.088678,41.295137],[141.088717,41.294685],[141.088684,41.293923],[141.088806,41.293406],[141.088819,41.292515],[141.089044,41.292373],[141.089346,41.292424],[141.089634,41.292515],[141.089814,41.292676],[141.090142,41.293567],[141.091541,41.293748],[141.09174,41.29391],[141.091772,41.295137],[141.091945,41.295389],[141.092112,41.295511],[141.092696,41.295363],[141.09355,41.295356],[141.094205,41.295072],[141.094365,41.295079],[141.094423,41.29524],[141.094384,41.295537],[141.093999,41.296228],[141.093736,41.296532],[141.093691,41.296945],[141.093909,41.297449],[141.093948,41.297811],[141.094141,41.297991],[141.094468,41.298166],[141.095118,41.298382],[141.095452,41.29866],[141.095814,41.298705],[141.096004,41.298592],[141.096148,41.298343],[141.096222,41.297988],[141.09653,41.297694],[141.096707,41.297627],[141.097008,41.297633],[141.097689,41.297239],[141.097798,41.297242],[141.097849,41.297368],[141.097762,41.298385],[141.097878,41.298544],[141.098099,41.298653],[141.098571,41.298586],[141.099727,41.297585],[141.099913,41.297536],[141.100076,41.297559],[141.100208,41.297678],[141.100349,41.297714],[141.100715,41.297659],[141.100811,41.297723],[141.100795,41.297891],[141.100471,41.298337],[141.100401,41.29854],[141.100397,41.298766],[141.100458,41.298844],[141.100761,41.298871],[141.101239,41.298773],[141.101908,41.298558],[141.10212,41.29855],[141.102183,41.298597],[141.102033,41.298849],[141.101418,41.299222],[141.100407,41.299493],[141.099836,41.299816],[141.099248,41.300339],[141.099159,41.300546],[141.099155,41.300956],[141.099284,41.300991],[141.09973,41.300914],[141.100137,41.300749],[141.100972,41.300626],[141.102939,41.300036],[141.103174,41.300006],[141.103202,41.30022],[141.103411,41.300475],[141.10397,41.300646],[141.103989,41.300781],[141.103129,41.30176],[141.102535,41.302248],[141.102243,41.302541],[141.102053,41.302822],[141.101514,41.303223],[141.100683,41.303546],[141.09999,41.303659],[141.099794,41.303804],[141.099611,41.30435],[141.099197,41.304566],[141.098367,41.304873],[141.097302,41.305506],[141.092629,41.308877],[141.091531,41.31002],[141.0913,41.310317],[141.090947,41.310899],[141.09073,41.311402],[141.090769,41.311561],[141.090901,41.311444],[141.091074,41.311425],[141.091388,41.311845],[141.091619,41.312006],[141.092621,41.31231],[141.092964,41.312455],[141.093398,41.312736],[141.093597,41.312723],[141.094729,41.312232],[141.09541,41.312019],[141.096055,41.311951],[141.097445,41.311864],[141.098651,41.311861],[141.099743,41.311735],[141.107266,41.311535],[141.107172,41.312443],[141.107385,41.313438],[141.107566,41.313872],[141.108253,41.314685],[141.10869,41.315077],[141.109525,41.315661],[141.109799,41.315796],[141.110365,41.315124],[141.110676,41.314605],[141.110853,41.314204],[141.111099,41.313942],[141.11134,41.313882],[141.111939,41.313914],[141.112561,41.314054],[141.113424,41.314092],[141.11361,41.31404],[141.113976,41.313578],[141.114306,41.313536],[141.114826,41.31362],[141.11516,41.313788],[141.115466,41.314157],[141.11568,41.314269],[141.118344,41.314292],[141.120042,41.314517],[141.122122,41.314484],[141.123417,41.314222],[141.124438,41.314171],[141.124865,41.314232],[141.125231,41.314409],[141.126095,41.315002],[141.126503,41.315357],[141.126758,41.315759],[141.126735,41.316058],[141.126772,41.316338],[141.126893,41.316459],[141.127353,41.31673],[141.127626,41.316987],[141.12778,41.317277],[141.12809,41.317538],[141.128318,41.317655],[141.128828,41.317692],[141.129868,41.316216],[141.130891,41.316601],[141.132233,41.317312],[141.136763,41.31918],[141.136626,41.319257],[141.135158,41.319384],[141.134292,41.319328],[141.133832,41.319224],[141.133197,41.318948],[141.132649,41.318832],[141.131242,41.318372],[141.130725,41.318329],[141.130554,41.318431],[141.130344,41.318697],[141.13004,41.318908],[141.129879,41.318951],[141.129351,41.318903],[141.12893,41.318785],[141.128536,41.318576],[141.128168,41.318506],[141.127816,41.318501],[141.127278,41.318184],[141.126798,41.317664],[141.126372,41.31738],[141.125876,41.316661],[141.12562,41.315916],[141.125348,41.315605],[141.12481,41.315256],[141.124501,41.315176],[141.124208,41.315154],[141.123104,41.31524],[141.12109,41.315535],[141.120125,41.315557],[141.119165,41.31538],[141.118558,41.315337],[141.11657,41.315342],[141.11536,41.315594],[141.114523,41.315085],[141.113921,41.315428],[141.112753,41.314951],[141.112348,41.314929],[141.112108,41.31502],[141.111938,41.315181],[141.112324,41.315499],[141.111979,41.316287],[141.111415,41.317108],[141.110993,41.317841],[141.110906,41.31821],[141.1109,41.318562],[141.11107,41.319114],[141.111092,41.320023],[141.11101,41.320386],[141.10969,41.322591],[141.109011,41.32292],[141.10843,41.323024],[141.10758,41.323024],[141.105499,41.322729],[141.104677,41.322671],[141.104326,41.322717],[141.103217,41.32307],[141.101527,41.323001],[141.10132,41.323168],[141.100131,41.324429],[141.099872,41.324851],[141.099838,41.325088],[141.100039,41.325406],[141.102211,41.325985],[141.102424,41.326152],[141.102953,41.327384],[141.102993,41.327679],[141.103131,41.32787],[141.10397,41.32787],[141.104861,41.328159],[141.106068,41.32824],[141.10643,41.328361],[141.106476,41.328558],[141.106442,41.328922],[141.106252,41.329154],[141.105746,41.329582],[141.104005,41.330831],[141.103936,41.331272],[141.10297,41.331837],[141.103611,41.332346],[141.10364,41.332679],[141.103783,41.332985],[141.104009,41.333218],[141.1041,41.333477],[141.103911,41.333942],[141.103876,41.334467],[141.103923,41.33495],[141.104081,41.335191],[141.104385,41.335515],[141.104379,41.335904],[141.104508,41.336587],[141.105275,41.337064],[141.105626,41.337564],[141.106065,41.337912],[141.104786,41.339109],[141.103569,41.337923],[141.102996,41.337508],[141.102253,41.337113],[141.101243,41.336655],[141.100806,41.33636],[141.10017,41.335682],[141.099908,41.335149],[141.099883,41.334596],[141.098367,41.335142],[141.097519,41.3354],[141.096751,41.335563],[141.094893,41.335632],[141.092965,41.335456],[141.092254,41.335312],[141.091767,41.335193],[141.091019,41.334916],[141.089952,41.334433],[141.08911,41.333799],[141.088792,41.333379],[141.08833,41.332268],[141.088062,41.332092],[141.086422,41.331577],[141.085604,41.331521],[141.08445,41.331646],[141.083901,41.331929],[141.083134,41.33277],[141.083122,41.332939],[141.084662,41.333642],[141.084931,41.333975],[141.085292,41.33523],[141.085399,41.335782],[141.083552,41.336266],[141.08256,41.336467],[141.081656,41.336623],[141.080845,41.336655],[141.07971,41.336441],[141.079098,41.336222],[141.078506,41.335939],[141.078287,41.335914],[141.076559,41.337138],[141.074969,41.338713],[141.074202,41.338619],[141.071525,41.338481],[141.070428,41.338481],[141.068849,41.338557],[141.0686,41.338067],[141.068138,41.337352],[141.067365,41.336655],[141.066654,41.336303],[141.064545,41.335682],[141.063479,41.335412],[141.062699,41.335293],[141.061657,41.335224],[141.057496,41.335337],[141.054583,41.335475],[141.052444,41.3355],[141.051733,41.335186],[141.051546,41.334967],[141.051383,41.334402],[141.051383,41.333868],[141.05196,41.332211],[141.052144,41.331508]],[[141.054517,41.310729],[141.052615,41.311761],[141.054948,41.312319],[141.055186,41.312399],[141.055358,41.31261],[141.057118,41.319219],[141.0572,41.319402],[141.057191,41.319955],[141.057284,41.320246],[141.057843,41.320668],[141.059512,41.321752],[141.059792,41.321668],[141.060151,41.321447],[141.061298,41.32095],[141.061582,41.320861],[141.06168,41.32088],[141.061787,41.321011],[141.061312,41.321639],[141.06023,41.322892],[141.060193,41.322995],[141.062253,41.324055],[141.063191,41.324416],[141.064044,41.324641],[141.065428,41.324913],[141.065647,41.326185],[141.065615,41.326414],[141.064445,41.326715],[141.064412,41.326949],[141.064846,41.32868],[141.066024,41.328939],[141.068515,41.329361],[141.069342,41.329631],[141.07032,41.330028],[141.072759,41.331556],[141.074112,41.332062],[141.074499,41.332161],[141.075546,41.332252],[141.075487,41.331068],[141.072369,41.329884],[141.07054,41.329108],[141.069873,41.328715],[141.06973,41.328525],[141.069702,41.328212],[141.06988,41.327299],[141.069866,41.326916],[141.069398,41.326213],[141.067998,41.324496],[141.067509,41.323758],[141.067488,41.323551],[141.068065,41.322518],[141.068194,41.322125],[141.068236,41.320902],[141.068358,41.320547],[141.070013,41.317593],[141.071898,41.315261],[141.072121,41.314892],[141.072167,41.314632],[141.072362,41.314354],[141.072959,41.313764],[141.073755,41.312816],[141.074227,41.312043],[141.074405,41.311604],[141.074705,41.309791],[141.075002,41.30906],[141.075054,41.308316],[141.07519,41.307908],[141.075389,41.307402],[141.075679,41.306918],[141.076269,41.306457],[141.076727,41.306162],[141.077481,41.30586],[141.07827,41.305706],[141.078629,41.30573],[141.078884,41.305878],[141.079544,41.306426],[141.080305,41.307378],[141.080843,41.307722],[141.081995,41.307827],[141.084205,41.307778],[141.085916,41.307634],[141.087801,41.307374],[141.087801,41.306538],[141.086892,41.303584],[141.086843,41.303085],[141.086843,41.302383],[141.087208,41.301037],[141.087175,41.300642],[141.085336,41.300628],[141.084359,41.30053],[141.083475,41.300301],[141.08188,41.299704],[141.081089,41.299279],[141.080307,41.298654],[141.079658,41.298225],[141.079343,41.298148],[141.077989,41.298148],[141.076173,41.298548],[141.075335,41.298865],[141.073939,41.299651],[141.071174,41.301422],[141.070091,41.301984],[141.069302,41.302244],[141.068464,41.302398],[141.063149,41.302479],[141.062471,41.302564],[141.062077,41.302725],[141.061689,41.303164],[141.061543,41.303628],[141.061501,41.304011],[141.061585,41.304668],[141.061679,41.305019],[141.062391,41.306417],[141.060588,41.307488],[141.057389,41.309134],[141.054517,41.310729]]],[[[140.911281,41.552083],[140.911421,41.551993],[140.911566,41.552041],[140.911611,41.551998],[140.911826,41.552036],[140.911902,41.551998],[140.912162,41.552008],[140.912232,41.552113],[140.912333,41.552103],[140.912504,41.552208],[140.912561,41.552269],[140.912561,41.552365],[140.91272,41.552355],[140.912924,41.552488],[140.912955,41.552607],[140.913108,41.55266],[140.913095,41.55298],[140.912993,41.553003],[140.912885,41.552941],[140.912676,41.552946],[140.912778,41.553013],[140.912841,41.553175],[140.912784,41.553246],[140.912879,41.553308],[140.912879,41.553375],[140.912784,41.553523],[140.912708,41.553546],[140.912726,41.553642],[140.912663,41.553781],[140.91258,41.553837],[140.912644,41.553876],[140.912619,41.554014],[140.913126,41.553919],[140.913298,41.554056],[140.913304,41.554109],[140.913418,41.554123],[140.913545,41.554224],[140.913564,41.554319],[140.913793,41.554357],[140.9139,41.554481],[140.913862,41.554562],[140.914009,41.554519],[140.914166,41.554548],[140.914166,41.554667],[140.914077,41.554724],[140.913836,41.55472],[140.913767,41.554796],[140.913583,41.554738],[140.91357,41.554857],[140.913507,41.554929],[140.913417,41.554996],[140.913273,41.55501],[140.913291,41.555158],[140.913184,41.55531],[140.913291,41.555463],[140.91331,41.555572],[140.913234,41.55571],[140.91317,41.555739],[140.912834,41.555729],[140.912765,41.555682],[140.91272,41.555563],[140.912606,41.555654],[140.912415,41.555615],[140.91239,41.555834],[140.912301,41.555954],[140.911946,41.555987],[140.911889,41.555777],[140.911806,41.55581],[140.911794,41.555901],[140.911598,41.556168],[140.911521,41.556164],[140.911394,41.555992],[140.911515,41.555734],[140.911666,41.555663],[140.911648,41.555377],[140.91121,41.555434],[140.91095,41.555386],[140.910829,41.555605],[140.910746,41.55562],[140.910785,41.555644],[140.910703,41.555806],[140.910563,41.555829],[140.91048,41.555925],[140.910296,41.555906],[140.910201,41.555787],[140.910138,41.555863],[140.909966,41.555878],[140.909896,41.555834],[140.909719,41.555964],[140.909554,41.555934],[140.909465,41.555773],[140.909523,41.555663],[140.909428,41.555624],[140.909306,41.555453],[140.909351,41.555401],[140.909269,41.555319],[140.909351,41.555153],[140.909428,41.555129],[140.909333,41.555039],[140.909402,41.554914],[140.909326,41.554786],[140.909377,41.554595],[140.909536,41.55449],[140.909948,41.554376],[140.909808,41.554161],[140.909841,41.554123],[140.909758,41.554052],[140.909752,41.553933],[140.909841,41.553871],[140.909808,41.553781],[140.910024,41.553651],[140.910119,41.553685],[140.910227,41.553609],[140.910431,41.553599],[140.910481,41.553542],[140.910697,41.55349],[140.910526,41.553385],[140.910526,41.553327],[140.910379,41.553289],[140.910316,41.553166],[140.910361,41.553066],[140.910297,41.553056],[140.910297,41.552846],[140.910253,41.552756],[140.910336,41.552698],[140.910214,41.552579],[140.910322,41.552507],[140.910437,41.552612],[140.910456,41.552531],[140.910544,41.552474],[140.910684,41.55246],[140.910678,41.552269],[140.910608,41.552241],[140.910652,41.552097],[140.910779,41.552055],[140.910899,41.552093],[140.911021,41.552064],[140.911147,41.552141],[140.911223,41.552255],[140.911256,41.552202],[140.911318,41.552202],[140.911281,41.552083]]],[[[141.054517,41.310729],[141.057389,41.309134],[141.060588,41.307488],[141.062391,41.306417],[141.061679,41.305019],[141.061585,41.304668],[141.061501,41.304011],[141.061543,41.303628],[141.061689,41.303164],[141.062077,41.302725],[141.062471,41.302564],[141.063149,41.302479],[141.068464,41.302398],[141.069302,41.302244],[141.070091,41.301984],[141.071174,41.301422],[141.073939,41.299651],[141.075335,41.298865],[141.076173,41.298548],[141.077989,41.298148],[141.079343,41.298148],[141.079658,41.298225],[141.080307,41.298654],[141.081089,41.299279],[141.08188,41.299704],[141.083475,41.300301],[141.084359,41.30053],[141.085336,41.300628],[141.087175,41.300642],[141.087208,41.301037],[141.086843,41.302383],[141.086843,41.303085],[141.086892,41.303584],[141.087801,41.306538],[141.087801,41.307374],[141.085916,41.307634],[141.084205,41.307778],[141.081995,41.307827],[141.080843,41.307722],[141.080305,41.307378],[141.079544,41.306426],[141.078884,41.305878],[141.078629,41.30573],[141.07827,41.305706],[141.077481,41.30586],[141.076727,41.306162],[141.076269,41.306457],[141.075679,41.306918],[141.075389,41.307402],[141.07519,41.307908],[141.075054,41.308316],[141.075002,41.30906],[141.074705,41.309791],[141.074405,41.311604],[141.074227,41.312043],[141.073755,41.312816],[141.072959,41.313764],[141.072362,41.314354],[141.072167,41.314632],[141.072121,41.314892],[141.071898,41.315261],[141.070013,41.317593],[141.068358,41.320547],[141.068236,41.320902],[141.068194,41.322125],[141.068065,41.322518],[141.067488,41.323551],[141.067509,41.323758],[141.067998,41.324496],[141.069398,41.326213],[141.069866,41.326916],[141.06988,41.327299],[141.069702,41.328212],[141.06973,41.328525],[141.069873,41.328715],[141.07054,41.329108],[141.072369,41.329884],[141.075487,41.331068],[141.075546,41.332252],[141.074499,41.332161],[141.074112,41.332062],[141.072759,41.331556],[141.07032,41.330028],[141.069342,41.329631],[141.068515,41.329361],[141.066024,41.328939],[141.064846,41.32868],[141.064412,41.326949],[141.064445,41.326715],[141.065615,41.326414],[141.065647,41.326185],[141.065428,41.324913],[141.064044,41.324641],[141.063191,41.324416],[141.062253,41.324055],[141.060193,41.322995],[141.06023,41.322892],[141.061312,41.321639],[141.061787,41.321011],[141.06168,41.32088],[141.061582,41.320861],[141.061298,41.32095],[141.060151,41.321447],[141.059792,41.321668],[141.059512,41.321752],[141.057843,41.320668],[141.057284,41.320246],[141.057191,41.319955],[141.0572,41.319402],[141.057118,41.319219],[141.055358,41.31261],[141.055186,41.312399],[141.054948,41.312319],[141.052615,41.311761],[141.054517,41.310729]]],[[[141.451987,41.423559],[141.45202,41.423517],[141.452292,41.423554],[141.452394,41.423631],[141.452406,41.423698],[141.452096,41.423874],[141.452007,41.423869],[141.451962,41.423788],[141.451892,41.423816],[141.451747,41.42374],[141.451754,41.423664],[141.45181,41.423645],[141.451766,41.423603],[141.451804,41.423564],[141.451892,41.423521],[141.451987,41.423559]]],[[[141.46741,41.401534],[141.46741,41.401232],[141.467552,41.401119],[141.467932,41.401141],[141.468027,41.401232],[141.468021,41.401301],[141.468144,41.401404],[141.468112,41.401659],[141.468065,41.401692],[141.467922,41.401701],[141.46779,41.401529],[141.467701,41.401549],[141.467777,41.401749],[141.467724,41.401823],[141.467569,41.401763],[141.467556,41.401659],[141.46741,41.401534]]],[[[140.797217,41.284794],[140.797723,41.284232],[140.797939,41.283855],[140.798066,41.283146],[140.798061,41.282851],[140.798001,41.282767],[140.797303,41.283117],[140.797141,41.282834],[140.7971,41.282281],[140.797416,41.281752],[140.797465,41.28131],[140.797195,41.280783],[140.797184,41.280637],[140.797392,41.280515],[140.798689,41.279996],[140.798737,41.279828],[140.798705,41.279481],[140.798824,41.278691],[140.798791,41.278596],[140.798654,41.278561],[140.798136,41.278585],[140.797972,41.278545],[140.797785,41.278428],[140.797791,41.27829],[140.798217,41.277907],[140.798396,41.277657],[140.798341,41.277517],[140.798018,41.277246],[140.798092,41.277141],[140.800043,41.276065],[140.800809,41.275549],[140.801441,41.277006],[140.801719,41.277452],[140.802496,41.278938],[140.802645,41.279534],[140.802605,41.279704],[140.802466,41.279864],[140.802122,41.27998],[140.80167,41.28024],[140.801645,41.28057],[140.801685,41.280771],[140.802162,41.281171],[140.802137,41.282793],[140.801933,41.282928],[140.801486,41.283113],[140.801028,41.283243],[140.800486,41.283624],[140.800376,41.283764],[140.800411,41.284089],[140.800545,41.284185],[140.802719,41.28454],[140.803093,41.28466],[140.803088,41.28483],[140.802182,41.285782],[140.801583,41.286502],[140.801324,41.286943],[140.801035,41.288114],[140.800926,41.289216],[140.800988,41.291073],[140.80091,41.291913],[140.799257,41.292132],[140.799304,41.292442],[140.799192,41.292477],[140.799219,41.293393],[140.798789,41.293421],[140.798693,41.292279],[140.798636,41.292223],[140.798493,41.292199],[140.798429,41.292152],[140.798413,41.292041],[140.798254,41.291985],[140.798226,41.291839],[140.798136,41.291776],[140.798129,41.291666],[140.798038,41.291552],[140.798071,41.291457],[140.798022,41.291359],[140.798061,41.291264],[140.798032,41.291145],[140.798106,41.291038],[140.798042,41.29096],[140.798097,41.290798],[140.79802,41.290681],[140.798097,41.290588],[140.798042,41.290481],[140.798175,41.290354],[140.798083,41.290282],[140.798113,41.290193],[140.797983,41.290153],[140.797932,41.290087],[140.797955,41.28986],[140.798077,41.289714],[140.798038,41.289651],[140.798077,41.28951],[140.798038,41.289413],[140.798097,41.289298],[140.797928,41.289062],[140.797928,41.288945],[140.797877,41.288879],[140.797881,41.288814],[140.797991,41.288722],[140.798058,41.288313],[140.797942,41.28823],[140.797945,41.288147],[140.797771,41.288198],[140.797567,41.288172],[140.797059,41.288016],[140.797106,41.287894],[140.796949,41.287821],[140.796861,41.287636],[140.796877,41.287559],[140.796994,41.287519],[140.797096,41.287395],[140.797251,41.287383],[140.797359,41.287254],[140.79749,41.287229],[140.797497,41.28713],[140.797629,41.287018],[140.797655,41.286872],[140.797767,41.28683],[140.797839,41.286704],[140.797936,41.286675],[140.797906,41.286583],[140.797967,41.286502],[140.797729,41.286329],[140.797681,41.2862],[140.797539,41.286089],[140.797545,41.285964],[140.7974,41.285823],[140.79741,41.285726],[140.797345,41.285679],[140.797322,41.285529],[140.79739,41.285424],[140.797351,41.28538],[140.797412,41.285203],[140.797339,41.285093],[140.797361,41.284957],[140.797226,41.284859],[140.797217,41.284794]]],[[[140.802212,41.302932],[140.801843,41.301338],[140.801527,41.300533],[140.801354,41.299686],[140.801282,41.299019],[140.801342,41.29739],[140.801772,41.296333],[140.801951,41.29608],[140.803181,41.294945],[140.802915,41.294229],[140.803549,41.294276],[140.803937,41.294417],[140.804865,41.294997],[140.805314,41.295145],[140.805719,41.295362],[140.806278,41.295943],[140.806519,41.295997],[140.806795,41.295975],[140.807164,41.295715],[140.807788,41.294925],[140.807906,41.294344],[140.807831,41.294074],[140.806156,41.293269],[140.805088,41.292555],[140.804604,41.292061],[140.804514,41.291862],[140.804536,41.291653],[140.804686,41.291516],[140.805403,41.291451],[140.805511,41.29139],[140.805561,41.291162],[140.805565,41.290477],[140.805597,41.290253],[140.805676,41.290094],[140.806228,41.289687],[140.806472,41.289319],[140.806773,41.289059],[140.807662,41.28872],[140.807956,41.288539],[140.808315,41.288435],[140.808842,41.288399],[140.809524,41.288443],[140.809349,41.288774],[140.809321,41.289105],[140.809364,41.289432],[140.810045,41.290077],[140.810435,41.29033],[140.811539,41.290624],[140.814185,41.291065],[140.814412,41.291571],[140.814599,41.292592],[140.814575,41.292951],[140.81386,41.293793],[140.813893,41.294193],[140.81386,41.294438],[140.813195,41.295336],[140.812821,41.296006],[140.812627,41.296635],[140.812351,41.29692],[140.811726,41.297035],[140.811279,41.297247],[140.810695,41.297655],[140.810386,41.298154],[140.810224,41.299795],[140.810362,41.300432],[140.810589,41.301012],[140.810922,41.301404],[140.811385,41.301788],[140.811425,41.302025],[140.811377,41.302417],[140.810922,41.303307],[140.810865,41.303748],[140.811393,41.305349],[140.812448,41.307243],[140.814502,41.307488],[140.815175,41.307676],[140.815597,41.307954],[140.816117,41.308493],[140.816588,41.308852],[140.81757,41.309211],[140.817773,41.309358],[140.817927,41.309669],[140.819023,41.310624],[140.819429,41.311196],[140.819705,41.311996],[140.819989,41.312209],[140.82063,41.312339],[140.82231,41.313083],[140.82218,41.313205],[140.821718,41.313417],[140.82145,41.313671],[140.82106,41.31394],[140.820338,41.315598],[140.819696,41.316619],[140.818641,41.31764],[140.817448,41.31817],[140.816539,41.318497],[140.815865,41.318522],[140.815216,41.318611],[140.814648,41.318905],[140.813698,41.319771],[140.813097,41.320073],[140.811539,41.320547],[140.811368,41.320718],[140.811368,41.321127],[140.811458,41.321968],[140.811677,41.322964],[140.811718,41.323627],[140.807079,41.326508],[140.806788,41.326352],[140.80665,41.326209],[140.806556,41.325996],[140.806517,41.32568],[140.806345,41.325529],[140.806155,41.325399],[140.804653,41.324814],[140.804347,41.324433],[140.803985,41.324086],[140.803288,41.322903],[140.803107,41.322669],[140.80287,41.322531],[140.80216,41.322366],[140.8016,41.32218],[140.80126,41.321959],[140.801079,41.32176],[140.801066,41.3215],[140.801122,41.321313],[140.801458,41.321023],[140.801918,41.320798],[140.802728,41.320616],[140.803524,41.320629],[140.804028,41.320568],[140.804399,41.320447],[140.804739,41.319775],[140.805004,41.319437],[140.806095,41.318883],[140.806534,41.318484],[140.806995,41.317936],[140.807347,41.317275],[140.807466,41.316133],[140.807616,41.315778],[140.808165,41.314871],[140.808195,41.314528],[140.808225,41.313988],[140.808153,41.313621],[140.808028,41.313429],[140.806953,41.312347],[140.805657,41.31031],[140.805364,41.309679],[140.805036,41.308141],[140.804413,41.307377],[140.803528,41.306085],[140.802296,41.303363],[140.80229,41.303141],[140.802212,41.302932]]],[[[140.806859,41.329096],[140.806952,41.329766],[140.807161,41.33063],[140.806979,41.331037],[140.806603,41.331381],[140.806456,41.331633],[140.80647,41.331907],[140.80661,41.332125],[140.806979,41.332434],[140.808228,41.333206],[140.808786,41.333451],[140.813446,41.334125],[140.813781,41.334301],[140.815267,41.335964],[140.815735,41.336624],[140.8163,41.337284],[140.817116,41.337803],[140.817772,41.338168],[140.819097,41.33873],[140.825704,41.341439],[140.826715,41.342408],[140.827532,41.342885],[140.827525,41.343264],[140.827594,41.343727],[140.827755,41.344064],[140.828062,41.344429],[140.828522,41.34485],[140.829457,41.345433],[140.829764,41.345854],[140.830336,41.346331],[140.830908,41.346725],[140.830943,41.346865],[140.830831,41.346977],[140.829178,41.347658],[140.829011,41.347784],[140.829004,41.347988],[140.82982,41.349097],[140.829848,41.34935],[140.829736,41.349623],[140.828557,41.350683],[140.828369,41.350901],[140.828327,41.351631],[140.828222,41.352066],[140.828222,41.352354],[140.828913,41.35314],[140.828983,41.353561],[140.82899,41.353996],[140.829115,41.354263],[140.82968,41.354628],[140.830106,41.354839],[140.830489,41.355148],[140.83072,41.355583],[140.830831,41.356411],[140.830643,41.356853],[140.830608,41.357225],[140.830664,41.357562],[140.830866,41.358067],[140.83088,41.358306],[140.830734,41.358397],[140.829408,41.358559],[140.829094,41.358727],[140.828787,41.359022],[140.828613,41.359345],[140.828578,41.359871],[140.828494,41.360264],[140.828201,41.360489],[140.827748,41.360959],[140.827629,41.361317],[140.827622,41.361724],[140.827741,41.362202],[140.827985,41.362553],[140.828069,41.36277],[140.828083,41.36296],[140.827538,41.36343],[140.827315,41.363683],[140.827099,41.364055],[140.827085,41.364413],[140.827552,41.365045],[140.827413,41.365732],[140.827127,41.365908],[140.826073,41.366392],[140.826192,41.36727],[140.826011,41.367943],[140.825911,41.368119],[140.826061,41.368315],[140.826462,41.368666],[140.826494,41.368905],[140.826356,41.36993],[140.825847,41.369936],[140.82589,41.370034],[140.825862,41.370065],[140.825695,41.370068],[140.825558,41.369922],[140.82561,41.369664],[140.825451,41.369671],[140.825392,41.369609],[140.825302,41.369602],[140.825287,41.369525],[140.82522,41.369479],[140.825018,41.369435],[140.824918,41.369425],[140.824843,41.369499],[140.824482,41.369465],[140.824168,41.369149],[140.824168,41.368946],[140.824118,41.368889],[140.824162,41.368796],[140.824398,41.368658],[140.824552,41.368734],[140.8246,41.36867],[140.824645,41.368681],[140.824868,41.368444],[140.825011,41.368045],[140.824981,41.367729],[140.824701,41.36707],[140.824735,41.367003],[140.8246,41.366876],[140.824653,41.36677],[140.824641,41.366674],[140.824688,41.366634],[140.824621,41.366571],[140.824618,41.366498],[140.824726,41.366363],[140.824921,41.365899],[140.824928,41.365776],[140.824833,41.365627],[140.824763,41.365622],[140.82472,41.365559],[140.824643,41.365591],[140.82452,41.365545],[140.824501,41.365483],[140.824343,41.365405],[140.824356,41.365309],[140.824561,41.365231],[140.824561,41.365154],[140.824726,41.365054],[140.82472,41.364053],[140.824496,41.363479],[140.82451,41.362876],[140.824451,41.362584],[140.824308,41.362319],[140.82416,41.361626],[140.823794,41.360884],[140.823786,41.360326],[140.823689,41.359741],[140.823659,41.358776],[140.823557,41.358766],[140.823504,41.358666],[140.823444,41.358652],[140.823324,41.358425],[140.823402,41.358335],[140.823371,41.358283],[140.823412,41.358098],[140.823345,41.357793],[140.823285,41.356734],[140.822875,41.355423],[140.822576,41.354786],[140.822539,41.354579],[140.822255,41.353914],[140.822038,41.353256],[140.821806,41.352935],[140.821583,41.352732],[140.821306,41.352293],[140.821045,41.352089],[140.820963,41.352082],[140.820993,41.351955],[140.820859,41.351917],[140.82088,41.351791],[140.820675,41.351746],[140.82065,41.351691],[140.820805,41.351634],[140.820903,41.351391],[140.82097,41.351021],[140.82079,41.350238],[140.82082,41.350013],[140.820671,41.349393],[140.820649,41.348909],[140.820589,41.348746],[140.820523,41.348728],[140.820521,41.348594],[140.820409,41.348401],[140.820498,41.348344],[140.820514,41.347896],[140.820396,41.346539],[140.820298,41.345925],[140.819894,41.345351],[140.819498,41.344597],[140.819178,41.343842],[140.818908,41.343392],[140.818521,41.343004],[140.817287,41.342244],[140.816988,41.341962],[140.816749,41.341411],[140.816712,41.341213],[140.816697,41.340261],[140.816772,41.339907],[140.816802,41.339113],[140.816459,41.338342],[140.81563,41.337379],[140.81501,41.336912],[140.814284,41.335949],[140.81352,41.335312],[140.813075,41.335009],[140.811514,41.334296],[140.810782,41.334074],[140.808693,41.333595],[140.808534,41.333598],[140.808402,41.333539],[140.808248,41.333564],[140.808108,41.333481],[140.807917,41.333517],[140.807814,41.333414],[140.8077,41.333464],[140.807584,41.333405],[140.807658,41.333533],[140.807587,41.33362],[140.807297,41.333588],[140.80725,41.333553],[140.80722,41.333372],[140.807094,41.333317],[140.807139,41.333131],[140.80708,41.333103],[140.807033,41.332985],[140.806873,41.333013],[140.806695,41.332923],[140.806514,41.332968],[140.806407,41.332913],[140.806348,41.332968],[140.806247,41.33297],[140.806122,41.332875],[140.805932,41.332829],[140.805905,41.33277],[140.805943,41.332675],[140.805844,41.332627],[140.805882,41.332486],[140.805699,41.332473],[140.805664,41.332385],[140.805512,41.332337],[140.805459,41.332243],[140.805244,41.332293],[140.805116,41.332247],[140.805058,41.332313],[140.804956,41.332328],[140.804886,41.332282],[140.804871,41.332227],[140.804754,41.332178],[140.804778,41.332062],[140.804741,41.332048],[140.804732,41.331921],[140.804871,41.331866],[140.804912,41.331757],[140.805052,41.331734],[140.805131,41.331664],[140.805268,41.331662],[140.805251,41.331545],[140.805293,41.33146],[140.805183,41.331385],[140.805172,41.331284],[140.805209,41.331253],[140.805124,41.331196],[140.805142,41.331051],[140.804991,41.331086],[140.804894,41.331029],[140.804728,41.331053],[140.804632,41.33095],[140.804641,41.330853],[140.804457,41.330893],[140.804396,41.330848],[140.804402,41.330772],[140.804299,41.330803],[140.804198,41.330772],[140.804181,41.330695],[140.804032,41.330682],[140.804012,41.330576],[140.804143,41.330508],[140.804131,41.330404],[140.804216,41.33035],[140.804104,41.330288],[140.804087,41.330203],[140.803977,41.33022],[140.803887,41.330145],[140.803907,41.330099],[140.803808,41.330053],[140.803812,41.329954],[140.803665,41.329823],[140.803675,41.329733],[140.803525,41.329657],[140.803531,41.329574],[140.803446,41.329459],[140.803479,41.329388],[140.803396,41.329338],[140.803386,41.329229],[140.803248,41.329207],[140.803142,41.329131],[140.802929,41.329185],[140.802804,41.329105],[140.802706,41.329123],[140.802608,41.329041],[140.802473,41.32907],[140.802362,41.329008],[140.802249,41.329027],[140.802177,41.328996],[140.802182,41.328898],[140.802071,41.328804],[140.801884,41.328825],[140.801698,41.328736],[140.801633,41.328661],[140.801691,41.328571],[140.801672,41.328485],[140.801727,41.328444],[140.801641,41.328379],[140.801641,41.328321],[140.801568,41.328391],[140.801379,41.328391],[140.801223,41.32828],[140.801187,41.328163],[140.801052,41.328112],[140.801008,41.328047],[140.801044,41.327983],[140.800948,41.327888],[140.801003,41.327796],[140.801088,41.327806],[140.801062,41.327751],[140.801109,41.327667],[140.801376,41.327624],[140.801421,41.327649],[140.801446,41.327774],[140.801614,41.32779],[140.801684,41.327914],[140.801846,41.327985],[140.801856,41.328105],[140.802022,41.328258],[140.802206,41.328199],[140.802056,41.328097],[140.802053,41.327999],[140.801874,41.327939],[140.801879,41.32786],[140.801937,41.327825],[140.802206,41.327831],[140.802408,41.327911],[140.802458,41.32805],[140.802613,41.328187],[140.802917,41.328181],[140.803049,41.328132],[140.803181,41.328169],[140.803386,41.328101],[140.803573,41.328203],[140.803769,41.328164],[140.803977,41.328242],[140.804052,41.328399],[140.804293,41.328406],[140.80441,41.3285],[140.804602,41.3285],[140.804742,41.328604],[140.804954,41.32859],[140.805082,41.32867],[140.805164,41.328614],[140.805359,41.328609],[140.805504,41.328549],[140.805704,41.328582],[140.805888,41.328534],[140.80602,41.328576],[140.806148,41.328512],[140.806272,41.328512],[140.806859,41.329096]]],[[[140.808948,41.128363],[140.809135,41.128267],[140.809238,41.128335],[140.809395,41.1283],[140.809487,41.128342],[140.809581,41.128289],[140.809686,41.128328],[140.810095,41.128188],[140.810117,41.128143],[140.810213,41.128132],[140.810213,41.128058],[140.810453,41.127845],[140.81047,41.1277],[140.810718,41.127652],[140.810737,41.12759],[140.810995,41.12755],[140.811088,41.12759],[140.811313,41.127576],[140.81171,41.127783],[140.811791,41.127895],[140.811897,41.127909],[140.812059,41.128042],[140.812066,41.128109],[140.812186,41.128165],[140.812221,41.128489],[140.812141,41.128526],[140.812078,41.128713],[140.812141,41.12879],[140.812068,41.128966],[140.812371,41.129343],[140.812973,41.129738],[140.813529,41.129796],[140.813637,41.129905],[140.81376,41.129939],[140.813785,41.130015],[140.813957,41.13004],[140.814,41.130119],[140.814153,41.130208],[140.814182,41.130304],[140.814287,41.130315],[140.814438,41.130515],[140.8144,41.130611],[140.814462,41.130662],[140.814417,41.130757],[140.81445,41.130822],[140.814389,41.130892],[140.814477,41.130913],[140.814537,41.131042],[140.814648,41.131127],[140.814607,41.131205],[140.814798,41.131273],[140.814795,41.131367],[140.814884,41.131413],[140.814875,41.131493],[140.815028,41.131572],[140.815109,41.131746],[140.815043,41.131819],[140.815162,41.131917],[140.815103,41.13214],[140.815003,41.132144],[140.814975,41.132276],[140.814725,41.132515],[140.815097,41.132502],[140.813456,41.133512],[140.813137,41.133437],[140.812309,41.133089],[140.811231,41.132877],[140.810519,41.132795],[140.809786,41.132475],[140.809223,41.132147],[140.808952,41.131847],[140.808945,41.13143],[140.808857,41.131048],[140.808728,41.130755],[140.808362,41.130202],[140.808362,41.129847],[140.808436,41.129485],[140.808891,41.129212],[140.809284,41.128892],[140.809366,41.128694],[140.808948,41.128363]]],[[[140.854164,41.313609],[140.854789,41.313419],[140.855517,41.313113],[140.856,41.313034],[140.856656,41.313029],[140.857149,41.313229],[140.857647,41.313329],[140.85793,41.313245],[140.858045,41.31306],[140.858171,41.31191],[140.858339,41.311504],[140.858669,41.311045],[140.859435,41.310438],[140.8605,41.309699],[140.860699,41.310543],[140.860972,41.310781],[140.861926,41.311187],[140.862461,41.311725],[140.862876,41.312285],[140.863028,41.312849],[140.863195,41.313255],[140.864098,41.3142],[140.86447,41.314722],[140.86468,41.315224],[140.864711,41.315688],[140.864795,41.31582],[140.865293,41.31602],[140.865865,41.316068],[140.86662,41.31601],[140.866966,41.315762],[140.867019,41.315324],[140.866756,41.3143],[140.866646,41.31344],[140.866709,41.312997],[140.866804,41.31268],[140.866956,41.312406],[140.867485,41.311694],[140.867501,41.311456],[140.866777,41.311388],[140.866539,41.311161],[140.866056,41.31038],[140.865183,41.309272],[140.8649,41.308823],[140.864884,41.308501],[140.864963,41.308237],[140.865293,41.307741],[140.865409,41.307335],[140.865377,41.306786],[140.865215,41.30619],[140.865094,41.30542],[140.865078,41.30495],[140.86522,41.304802],[140.865881,41.304676],[140.866222,41.304438],[140.866426,41.304069],[140.866631,41.303879],[140.866972,41.303868],[140.868083,41.304296],[140.86865,41.304285],[140.868707,41.304185],[140.868613,41.303805],[140.868592,41.303499],[140.868671,41.30333],[140.868912,41.303193],[140.869263,41.303161],[140.869678,41.303441],[140.869741,41.303404],[140.869762,41.302771],[140.870066,41.302739],[140.871214,41.30342],[140.871639,41.303557],[140.871844,41.303441],[140.871576,41.302607],[140.871513,41.302011],[140.871728,41.301852],[140.872012,41.301852],[140.872489,41.302058],[140.873139,41.302507],[140.873569,41.302343],[140.873716,41.302174],[140.873601,41.30199],[140.873338,41.301726],[140.873275,41.301478],[140.873244,41.301082],[140.873407,41.30085],[140.873921,41.300829],[140.874219,41.300934],[140.874508,41.301198],[140.874723,41.301604],[140.874896,41.301794],[140.875106,41.3018],[140.875588,41.301636],[140.876039,41.301747],[140.876149,41.301673],[140.876081,41.301531],[140.875809,41.301256],[140.875756,41.300998],[140.875803,41.300787],[140.876024,41.300649],[140.876302,41.300618],[140.876532,41.300681],[140.876648,41.300481],[140.876611,41.300116],[140.876637,41.299779],[140.876742,41.299515],[140.877398,41.299425],[140.877314,41.299299],[140.87702,41.299193],[140.876585,41.29895],[140.875169,41.297953],[140.874812,41.297816],[140.87444,41.297911],[140.874235,41.298196],[140.874088,41.29866],[140.873763,41.29904],[140.873275,41.299409],[140.87165,41.2999],[140.870407,41.300143],[140.869384,41.300275],[140.869206,41.300248],[140.868996,41.300037],[140.869321,41.299351],[140.869704,41.298808],[140.869631,41.298607],[140.868566,41.298565],[140.86833,41.298628],[140.868246,41.298771],[140.868335,41.299061],[140.868582,41.299436],[140.868676,41.299826],[140.868687,41.30008],[140.868461,41.300285],[140.867507,41.300254],[140.86684,41.30018],[140.866463,41.300301],[140.865818,41.300623],[140.865309,41.300781],[140.865152,41.300671],[140.864947,41.300639],[140.86489,41.300913],[140.864722,41.301056],[140.864522,41.301072],[140.863825,41.300781],[140.863243,41.300407],[140.862844,41.300016],[140.862765,41.299773],[140.862703,41.299003],[140.862556,41.298686],[140.862293,41.298391],[140.861727,41.298022],[140.861339,41.297694],[140.861239,41.297457],[140.861308,41.297167],[140.86157,41.297014],[140.862252,41.296771],[140.862823,41.296491],[140.863552,41.295573],[140.863725,41.295478],[140.863998,41.29541],[140.864575,41.295452],[140.866127,41.295679],[140.866856,41.295705],[140.867229,41.295557],[140.867286,41.295304],[140.866709,41.294207],[140.866353,41.293753],[140.865663,41.293193],[140.865275,41.292676],[140.86474,41.291589],[140.864161,41.29026],[140.863547,41.289209],[140.863426,41.288856],[140.863552,41.28837],[140.863521,41.287874],[140.863253,41.286919],[140.863164,41.286212],[140.863154,41.285769],[140.863248,41.285447],[140.86339,41.285305],[140.864481,41.285041],[140.865346,41.284978],[140.866699,41.285157],[140.867889,41.285569],[140.868555,41.286054],[140.869494,41.287046],[140.870045,41.287526],[140.870548,41.287874],[140.871534,41.288328],[140.871928,41.288397],[140.872017,41.28827],[140.872038,41.2877],[140.871991,41.287315],[140.871823,41.287067],[140.871566,41.28693],[140.871094,41.28694],[140.870496,41.286882],[140.870097,41.286787],[140.869909,41.286619],[140.869882,41.286455],[140.870029,41.286075],[140.870097,41.285711],[140.870055,41.28541],[140.869615,41.284951],[140.869043,41.28455],[140.868582,41.284154],[140.868299,41.283864],[140.868089,41.283548],[140.86811,41.283268],[140.869059,41.282397],[140.869552,41.282054],[140.870045,41.281965],[140.870255,41.282049],[140.870732,41.282513],[140.870889,41.282513],[140.871204,41.282038],[140.872232,41.281263],[140.873008,41.280883],[140.873512,41.280751],[140.873727,41.280788],[140.874041,41.281147],[140.874193,41.281221],[140.874314,41.281136],[140.874461,41.280856],[140.874702,41.280756],[140.875845,41.28082],[140.876165,41.28063],[140.876428,41.280624],[140.876643,41.280772],[140.876962,41.28121],[140.877393,41.281553],[140.877875,41.281674],[140.878431,41.281674],[140.878677,41.281775],[140.878919,41.282096],[140.879385,41.283284],[140.880335,41.283701],[140.881079,41.283753],[140.882031,41.283722],[140.882367,41.283637],[140.882923,41.283384],[140.883206,41.282951],[140.88329,41.282487],[140.883447,41.282139],[140.883647,41.282107],[140.884024,41.282445],[140.884465,41.283183],[140.884706,41.283774],[140.88523,41.285347],[140.885461,41.286297],[140.885501,41.286999],[140.88528,41.286972],[140.88495,41.287115],[140.884845,41.287363],[140.884861,41.287985],[140.884761,41.288239],[140.884247,41.28874],[140.884158,41.289289],[140.883896,41.289431],[140.883114,41.289531],[140.882873,41.289647],[140.882417,41.289637],[140.881614,41.288903],[140.880985,41.288756],[140.880366,41.288798],[140.879941,41.288677],[140.879244,41.288318],[140.878323,41.288115],[140.878023,41.287911],[140.878002,41.287651],[140.878072,41.286963],[140.87803,41.286774],[140.87759,41.286444],[140.877039,41.286219],[140.8766,41.285939],[140.875951,41.285679],[140.875372,41.285658],[140.874723,41.285988],[140.873139,41.287651],[140.872958,41.288073],[140.873028,41.28855],[140.873272,41.288894],[140.87346,41.289301],[140.873558,41.289645],[140.873474,41.289813],[140.873174,41.289855],[140.872058,41.289855],[140.871653,41.289954],[140.870991,41.289736],[140.869909,41.289596],[140.869233,41.289406],[140.868577,41.28935],[140.868088,41.289364],[140.867551,41.289568],[140.867202,41.289792],[140.866742,41.290185],[140.866505,41.290642],[140.86647,41.290978],[140.866575,41.291231],[140.866812,41.291603],[140.86714,41.291856],[140.868828,41.292719],[140.869281,41.292993],[140.869623,41.293274],[140.870146,41.293456],[140.871346,41.29354],[140.871451,41.293716],[140.871465,41.293891],[140.871235,41.294579],[140.871074,41.29486],[140.870342,41.295471],[140.869288,41.296215],[140.868186,41.296488],[140.868186,41.296692],[140.868367,41.296769],[140.870698,41.296832],[140.871263,41.296959],[140.871884,41.297338],[140.872204,41.297282],[140.87277,41.296945],[140.87309,41.296573],[140.873132,41.296222],[140.873042,41.295688],[140.873083,41.295457],[140.873314,41.295295],[140.873649,41.295337],[140.873955,41.295618],[140.874276,41.295751],[140.874723,41.29578],[140.875651,41.296109],[140.876341,41.295787],[140.876627,41.295815],[140.877123,41.295632],[140.877374,41.295681],[140.877778,41.295864],[140.878483,41.296074],[140.878658,41.29639],[140.878678,41.296727],[140.878741,41.296938],[140.878964,41.297506],[140.879174,41.297843],[140.879599,41.298187],[140.880255,41.298489],[140.880485,41.298671],[140.880855,41.2991],[140.880855,41.300054],[140.880771,41.300244],[140.880492,41.300538],[140.880074,41.300833],[140.879271,41.301058],[140.87902,41.301198],[140.878671,41.301556],[140.878232,41.30216],[140.877904,41.302377],[140.877667,41.302427],[140.877506,41.302518],[140.877199,41.302778],[140.876469,41.303227],[140.87613,41.303308],[140.875677,41.303199],[140.875178,41.303146],[140.874875,41.303206],[140.874592,41.303318],[140.873706,41.304167],[140.87305,41.304501],[140.872803,41.304501],[140.872492,41.304381],[140.871997,41.304445],[140.871718,41.304638],[140.871289,41.305111],[140.870776,41.30529],[140.870361,41.30561],[140.870173,41.305578],[140.869897,41.305371],[140.869621,41.305262],[140.869363,41.305357],[140.869105,41.305575],[140.868673,41.306073],[140.868449,41.306147],[140.867415,41.306245],[140.867073,41.306428],[140.86699,41.306771],[140.867011,41.307214],[140.867185,41.307719],[140.867513,41.308351],[140.867917,41.308807],[140.868538,41.309123],[140.869062,41.309221],[140.869766,41.309151],[140.870982,41.308768],[140.871917,41.30854],[140.872544,41.308642],[140.87259,41.308782],[140.872482,41.308975],[140.872238,41.309204],[140.871699,41.310007],[140.871371,41.310576],[140.87114,41.311165],[140.87084,41.312204],[140.870757,41.313061],[140.870771,41.31372],[140.870652,41.313924],[140.869306,41.313812],[140.868664,41.313657],[140.86842,41.31372],[140.868287,41.313917],[140.868308,41.314226],[140.868538,41.3145],[140.868741,41.314991],[140.868852,41.315496],[140.86925,41.316023],[140.869215,41.316535],[140.869341,41.317118],[140.869334,41.317616],[140.869131,41.317939],[140.868915,41.318802],[140.868803,41.318964],[140.86805,41.319006],[140.867764,41.318788],[140.86745,41.318732],[140.867038,41.318886],[140.866145,41.319455],[140.865671,41.319694],[140.864834,41.319841],[140.86445,41.319785],[140.864227,41.319638],[140.863732,41.319132],[140.863662,41.31876],[140.863404,41.318248],[140.863139,41.317925],[140.862741,41.317574],[140.861102,41.31657],[140.860871,41.31624],[140.860641,41.315735],[140.860132,41.315054],[140.859923,41.314626],[140.859727,41.314493],[140.859525,41.314507],[140.859225,41.314612],[140.858688,41.315054],[140.858471,41.31511],[140.857851,41.315033],[140.855821,41.31417],[140.854164,41.313609]]],[[[140.870799,41.32433],[140.87403,41.32582],[140.875703,41.32613],[140.875818,41.327221],[140.875736,41.327462],[140.874986,41.328072],[140.874835,41.32835],[140.874963,41.328669],[140.87535,41.328895],[140.876237,41.32859],[140.877041,41.328488],[140.877827,41.328548],[140.877983,41.328669],[140.877997,41.328863],[140.877933,41.329233],[140.877675,41.329695],[140.877666,41.329991],[140.877786,41.330241],[140.877965,41.330311],[140.878613,41.330778],[140.878733,41.330958],[140.878609,41.332045],[140.878889,41.332193],[140.879533,41.332184],[140.879965,41.332239],[140.880475,41.33247],[140.880921,41.332771],[140.881224,41.332753],[140.881624,41.332498],[140.882185,41.332281],[140.882587,41.332216],[140.884766,41.332272],[140.884729,41.333095],[140.884637,41.333761],[140.884499,41.334159],[140.884322,41.334464],[140.883794,41.334519],[140.8837,41.336425],[140.880831,41.336157],[140.880445,41.336305],[140.880362,41.336453],[140.880371,41.336878],[140.880592,41.337526],[140.881649,41.339043],[140.881751,41.339542],[140.881787,41.341004],[140.881925,41.341374],[140.882192,41.341882],[140.883166,41.343399],[140.883626,41.344204],[140.884205,41.34499],[140.884665,41.345508],[140.884849,41.346119],[140.885584,41.347923],[140.886476,41.349088],[140.887129,41.349588],[140.887938,41.35005],[140.888625,41.350249],[140.889627,41.35024],[140.890009,41.350175],[140.890813,41.349731],[140.89142,41.349578],[140.891636,41.349643],[140.891737,41.349842],[140.891728,41.350106],[140.89073,41.350984],[140.890795,41.351146],[140.89113,41.351206],[140.891884,41.351109],[140.892036,41.351267],[140.892137,41.352131],[140.892362,41.352492],[140.892652,41.352714],[140.893098,41.352825],[140.894045,41.352927],[140.895235,41.352922],[140.895939,41.352751],[140.896665,41.352252],[140.89706,41.351734],[140.897308,41.351105],[140.897626,41.350568],[140.899621,41.349222],[140.900411,41.348774],[140.901004,41.348616],[140.901445,41.348644],[140.901717,41.348746],[140.901781,41.349014],[140.901772,41.349287],[140.901698,41.349467],[140.901399,41.349791],[140.900655,41.350406],[140.90008,41.351091],[140.899689,41.351678],[140.899524,41.352196],[140.899565,41.352885],[140.899749,41.353353],[140.900623,41.354467],[140.900604,41.354643],[140.900485,41.354772],[140.900076,41.355022],[140.899699,41.355369],[140.899087,41.356308],[140.898917,41.356803],[140.898922,41.357228],[140.899083,41.357483],[140.899354,41.357705],[140.899855,41.357677],[140.900278,41.357497],[140.900687,41.357233],[140.90116,41.356761],[140.90151,41.356239],[140.901919,41.355906],[140.902434,41.355614],[140.903201,41.355272],[140.903781,41.354703],[140.904098,41.354315],[140.904888,41.353699],[140.90612,41.352992],[140.907049,41.352959],[140.907522,41.353121],[140.907867,41.353353],[140.908046,41.353681],[140.908207,41.35419],[140.908212,41.354629],[140.907651,41.355392],[140.907417,41.3556],[140.906364,41.355966],[140.906157,41.356262],[140.905964,41.356997],[140.905955,41.357205],[140.906056,41.357358],[140.906543,41.357686],[140.906727,41.357908],[140.906828,41.359074],[140.907063,41.359615],[140.90789,41.361021],[140.908148,41.361224],[140.908731,41.361173],[140.909122,41.360984],[140.909807,41.360202],[140.910257,41.359795],[140.910933,41.359305],[140.912133,41.358671],[140.91319,41.357737],[140.913342,41.357779],[140.914339,41.358852],[140.915029,41.359897],[140.915581,41.360554],[140.915645,41.36078],[140.915539,41.360887],[140.914808,41.361303],[140.914392,41.361941],[140.91405,41.362704],[140.913792,41.363014],[140.913415,41.363218],[140.912703,41.363833],[140.912207,41.364374],[140.911724,41.365026],[140.910749,41.365086],[140.908713,41.365785],[140.907407,41.365799],[140.906865,41.365748],[140.906482,41.365632],[140.904732,41.364667],[140.90393,41.36446],[140.90293,41.36429],[140.902321,41.364261],[140.901579,41.364367],[140.900271,41.365036],[140.899521,41.365531],[140.899707,41.363397],[140.898132,41.362489],[140.897556,41.362205],[140.897358,41.361921],[140.897257,41.361535],[140.896798,41.361166],[140.896322,41.361024],[140.896076,41.360878],[140.895971,41.360619],[140.895866,41.360489],[140.895395,41.360282],[140.895213,41.360128],[140.894725,41.35943],[140.894584,41.359394],[140.894028,41.36001],[140.893705,41.360456],[140.893326,41.360533],[140.892855,41.360509],[140.892472,41.360254],[140.892008,41.359872],[140.891972,41.359519],[140.892036,41.35831],[140.891923,41.357962],[140.891698,41.357641],[140.889194,41.355471],[140.887168,41.356801],[140.886241,41.355868],[140.884227,41.35412],[140.884134,41.353852],[140.884171,41.353552],[140.884384,41.35326],[140.884372,41.352903],[140.884243,41.35266],[140.883497,41.352047],[140.882788,41.351711],[140.881691,41.351277],[140.881542,41.35111],[140.882038,41.350502],[140.882126,41.350133],[140.882058,41.348713],[140.881913,41.348465],[140.881381,41.348109],[140.880865,41.347683],[140.88055,41.347313],[140.879933,41.345918],[140.879703,41.345553],[140.878766,41.344953],[140.878637,41.344628],[140.878498,41.343983],[140.877204,41.343971],[140.877143,41.343784],[140.877155,41.343322],[140.877107,41.342989],[140.875466,41.340973],[140.874317,41.340312],[140.873567,41.340012],[140.872946,41.33989],[140.87235,41.339894],[140.871963,41.339951],[140.871253,41.340129],[140.870548,41.340401],[140.870414,41.340381],[140.870386,41.339983],[140.870483,41.339626],[140.870935,41.338896],[140.871471,41.338292],[140.871519,41.33815],[140.871467,41.338016],[140.874614,41.336401],[140.874092,41.33588],[140.874032,41.33566],[140.874046,41.335276],[140.8742,41.334953],[140.87454,41.334559],[140.875434,41.333805],[140.875727,41.333224],[140.875601,41.332821],[140.875448,41.332634],[140.873662,41.331036],[140.872358,41.328881],[140.872274,41.327597],[140.87169,41.326946],[140.870358,41.325624],[140.870069,41.325147],[140.869943,41.324542],[140.870041,41.324345],[140.870799,41.32433]]],[[[140.87643,41.324016],[140.876342,41.323803],[140.875345,41.323549],[140.875055,41.323364],[140.874729,41.323262],[140.873892,41.323341],[140.872844,41.323595],[140.87181,41.323267],[140.871764,41.322938],[140.871801,41.322688],[140.871727,41.322443],[140.871625,41.322295],[140.871393,41.322203],[140.871089,41.322157],[140.870919,41.322009],[140.870844,41.3218],[140.870517,41.321537],[140.870536,41.32131],[140.870647,41.321019],[140.870495,41.320621],[140.870546,41.320455],[140.870472,41.319627],[140.870656,41.319234],[140.871192,41.318595],[140.871865,41.317897],[140.871962,41.317652],[140.872017,41.317189],[140.872136,41.317004],[140.872968,41.316264],[140.873603,41.316306],[140.874256,41.316237],[140.874798,41.316093],[140.875134,41.31595],[140.875253,41.315742],[140.875239,41.31539],[140.875134,41.315177],[140.874007,41.314858],[140.873704,41.31471],[140.873561,41.314183],[140.873313,41.313924],[140.873221,41.313707],[140.87323,41.313485],[140.873313,41.31329],[140.873538,41.313082],[140.87364,41.312842],[140.873189,41.312208],[140.873129,41.311824],[140.873184,41.311311],[140.873552,41.310696],[140.873552,41.310469],[140.873727,41.310326],[140.874021,41.310261],[140.874747,41.309831],[140.875708,41.309766],[140.876076,41.30953],[140.876499,41.30904],[140.87677,41.30885],[140.87706,41.308837],[140.877437,41.308915],[140.878131,41.309304],[140.878793,41.309604],[140.879142,41.309614],[140.879358,41.309563],[140.879478,41.309355],[140.879455,41.30916],[140.87854,41.308351],[140.878374,41.308046],[140.878365,41.307727],[140.878241,41.307505],[140.877855,41.307107],[140.877795,41.306899],[140.878264,41.30639],[140.878512,41.306228],[140.879124,41.306168],[140.879523,41.305927],[140.880342,41.305238],[140.880544,41.304896],[140.880719,41.304452],[140.880939,41.304267],[140.881321,41.304087],[140.881587,41.303842],[140.881785,41.303596],[140.881905,41.303319],[140.882185,41.302995],[140.88281,41.302597],[140.883693,41.302699],[140.884038,41.302597],[140.884318,41.302588],[140.884626,41.302704],[140.885017,41.302986],[140.885532,41.303194],[140.885927,41.30325],[140.88709,41.303851],[140.88823,41.304845],[140.888657,41.304952],[140.889227,41.304965],[140.889807,41.304841],[140.890597,41.304905],[140.890822,41.305021],[140.891071,41.305303],[140.891756,41.305738],[140.892105,41.305803],[140.893153,41.305798],[140.893608,41.306001],[140.894762,41.306751],[140.894868,41.30701],[140.894946,41.308032],[140.895134,41.30818],[140.895359,41.30818],[140.895792,41.307888],[140.895916,41.307685],[140.895925,41.307412],[140.895589,41.306885],[140.895539,41.306617],[140.895681,41.305941],[140.895621,41.305733],[140.895488,41.305631],[140.895258,41.30559],[140.894606,41.305682],[140.892928,41.305072],[140.892344,41.304688],[140.891434,41.303842],[140.890956,41.303573],[140.890822,41.303287],[140.890804,41.302856],[140.890873,41.302616],[140.891392,41.302107],[140.891535,41.301793],[140.891507,41.301437],[140.891323,41.301053],[140.89091,41.300715],[140.89057,41.300456],[140.890174,41.30041],[140.889921,41.300498],[140.889774,41.300678],[140.889623,41.301053],[140.888878,41.301335],[140.888662,41.301603],[140.887669,41.301982],[140.887444,41.301936],[140.887283,41.301746],[140.88698,41.30158],[140.886672,41.301469],[140.886226,41.301404],[140.885885,41.301205],[140.885104,41.300562],[140.885026,41.300137],[140.884906,41.299929],[140.884667,41.29985],[140.884336,41.299901],[140.883992,41.30016],[140.883711,41.300188],[140.883463,41.299508],[140.883219,41.299078],[140.882898,41.298712],[140.882236,41.29819],[140.881909,41.297727],[140.879882,41.296525],[140.879432,41.29621],[140.87894,41.295674],[140.878696,41.294245],[140.878466,41.293912],[140.878094,41.293676],[140.877873,41.293463],[140.877855,41.293278],[140.878048,41.293111],[140.878586,41.292913],[140.87905,41.292584],[140.879997,41.291567],[140.880181,41.291553],[140.880457,41.29165],[140.880834,41.291618],[140.881335,41.29128],[140.881702,41.291201],[140.882112,41.291215],[140.88253,41.2911],[140.883876,41.291639],[140.884574,41.291748],[140.884901,41.291714],[140.885038,41.291582],[140.885206,41.2911],[140.886474,41.290426],[140.887206,41.290216],[140.887534,41.290019],[140.887677,41.28978],[140.887952,41.289555],[140.889154,41.289335],[140.890001,41.289016],[140.891745,41.288765],[140.893213,41.28833],[140.893469,41.288201],[140.893571,41.28807],[140.894523,41.287735],[140.896006,41.288582],[140.897356,41.289709],[140.897356,41.289865],[140.896791,41.290495],[140.896293,41.291371],[140.896154,41.292034],[140.896128,41.293298],[140.89593,41.293383],[140.895413,41.293373],[140.894707,41.293222],[140.893639,41.293108],[140.893065,41.293127],[140.892834,41.293222],[140.892636,41.293435],[140.8925,41.293866],[140.89242,41.294377],[140.89241,41.294798],[140.89289,41.295191],[140.893413,41.295428],[140.894156,41.295575],[140.894768,41.295783],[140.894975,41.295944],[140.89506,41.29619],[140.895027,41.296635],[140.894895,41.297099],[140.894674,41.297308],[140.894368,41.29745],[140.893954,41.297459],[140.893704,41.297379],[140.893305,41.297033],[140.893253,41.297331],[140.893239,41.298013],[140.893323,41.298671],[140.893479,41.29896],[140.893912,41.299542],[140.89442,41.299959],[140.896977,41.298785],[140.898078,41.298397],[140.898596,41.298349],[140.898963,41.298416],[140.899349,41.298738],[140.900779,41.30066],[140.901203,41.301455],[140.901135,41.301741],[140.901017,41.301919],[140.900551,41.302236],[140.900163,41.302692],[140.900009,41.302947],[140.899543,41.303397],[140.898874,41.304207],[140.898856,41.30453],[140.899073,41.304639],[140.900466,41.304403],[140.901447,41.30438],[140.901641,41.304476],[140.9017,41.304685],[140.90156,41.304867],[140.900488,41.305859],[140.90038,41.306141],[140.900316,41.306523],[140.900551,41.307155],[140.900949,41.307665],[140.901374,41.308093],[140.901546,41.308361],[140.901659,41.308575],[140.901607,41.308802],[140.901345,41.30913],[140.900821,41.309466],[140.900547,41.309585],[140.899014,41.309644],[140.898268,41.309721],[140.898001,41.30983],[140.89778,41.310012],[140.897567,41.310795],[140.897418,41.311086],[140.897201,41.311359],[140.896789,41.311559],[140.896278,41.311709],[140.895591,41.311819],[140.894678,41.311923],[140.894266,41.311896],[140.894009,41.311664],[140.893543,41.311072],[140.892693,41.310809],[140.892173,41.310572],[140.893674,41.309703],[140.893764,41.309535],[140.89352,41.309071],[140.893561,41.308602],[140.893674,41.308302],[140.893701,41.30802],[140.893642,41.307906],[140.892774,41.307724],[140.891888,41.307706],[140.891693,41.307615],[140.89154,41.307492],[140.891485,41.307217],[140.891485,41.306812],[140.891372,41.306402],[140.891264,41.306275],[140.890988,41.306175],[140.890653,41.306148],[140.890414,41.306143],[140.890129,41.306234],[140.889546,41.306876],[140.889369,41.306944],[140.889207,41.306939],[140.888949,41.306894],[140.888791,41.306812],[140.888546,41.306825],[140.888266,41.306953],[140.887882,41.307258],[140.887307,41.307622],[140.886692,41.307754],[140.886512,41.307885],[140.886426,41.308177],[140.886401,41.308486],[140.885435,41.309537],[140.885151,41.309937],[140.885051,41.310279],[140.885069,41.310638],[140.885234,41.311334],[140.885198,41.311643],[140.885044,41.311871],[140.884004,41.312699],[140.883588,41.313409],[140.883227,41.313527],[140.882304,41.313472],[140.881915,41.314109],[140.881662,41.314719],[140.881418,41.315592],[140.880984,41.315947],[140.880568,41.316065],[140.879455,41.316266],[140.878775,41.316539],[140.87854,41.316716],[140.878571,41.316871],[140.878983,41.317135],[140.879607,41.317439],[140.879964,41.317726],[140.879987,41.318135],[140.879874,41.318345],[140.879634,41.318568],[140.87896,41.318831],[140.87844,41.318954],[140.877889,41.319245],[140.877857,41.319468],[140.877961,41.319623],[140.878278,41.319801],[140.878793,41.319973],[140.879177,41.32016],[140.879381,41.320724],[140.881465,41.322021],[140.882528,41.322594],[140.883265,41.323153],[140.883319,41.323272],[140.883161,41.323349],[140.880197,41.3239],[140.879528,41.323981],[140.87643,41.324016]]],[[[140.994284,41.403189],[140.993995,41.402489],[140.99382,41.402347],[140.993546,41.402263],[140.992972,41.402259],[140.992017,41.402546],[140.991659,41.402581],[140.990331,41.402986],[140.988828,41.40366],[140.987931,41.404173],[140.98744,41.404207],[140.986911,41.404173],[140.986652,41.403943],[140.985895,41.402316],[140.985469,41.402033],[140.985165,41.401983],[140.984282,41.401999],[140.983806,41.402071],[140.982753,41.402416],[140.981653,41.402944],[140.981181,41.403017],[140.980546,41.402975],[140.980105,41.402875],[140.979606,41.402634],[140.979115,41.402301],[140.978617,41.401869],[140.9781,41.400992],[140.977666,41.400517],[140.9774,41.400334],[140.975775,41.400307],[140.975254,41.400203],[140.974778,41.399878],[140.97447,41.399564],[140.974341,41.399357],[140.974246,41.39788],[140.973492,41.396039],[140.972929,41.394462],[140.972895,41.394086],[140.972967,41.393796],[140.973363,41.393118],[140.97331,41.392842],[140.973116,41.392613],[140.972838,41.392475],[140.972419,41.392341],[140.971993,41.392306],[140.971404,41.392073],[140.970768,41.391591],[140.970536,41.391349],[140.970338,41.390974],[140.970327,41.390259],[140.970475,41.389696],[140.971187,41.388195],[140.971244,41.387816],[140.971111,41.387717],[140.970844,41.387736],[140.969661,41.388257],[140.969087,41.388383],[140.968672,41.388413],[140.96825,41.388322],[140.967424,41.387893],[140.966808,41.387261],[140.966496,41.386802],[140.966184,41.386568],[140.965898,41.386446],[140.964304,41.386232],[140.963844,41.386105],[140.963441,41.38555],[140.963304,41.385164],[140.963068,41.384934],[140.962098,41.384486],[140.961752,41.384149],[140.961607,41.383571],[140.961363,41.383116],[140.961105,41.382882],[140.959416,41.382603],[140.959047,41.382381],[140.958849,41.382174],[140.958719,41.381898],[140.958681,41.381454],[140.958761,41.380777],[140.959008,41.380356],[140.959419,41.379981],[140.959781,41.379759],[140.960203,41.379315],[140.960367,41.378905],[140.960405,41.3768],[140.960534,41.376398],[140.960808,41.375934],[140.961824,41.374977],[140.962029,41.374216],[140.962398,41.373603],[140.962855,41.37322],[140.963277,41.372983],[140.965145,41.37216],[140.965385,41.37198],[140.965438,41.371743],[140.965393,41.371471],[140.965229,41.371203],[140.964906,41.370966],[140.964582,41.370828],[140.964407,41.370652],[140.964346,41.370357],[140.964204,41.370116],[140.963831,41.370062],[140.963374,41.369909],[140.962925,41.369649],[140.962621,41.369396],[140.962408,41.368838],[140.962499,41.367528],[140.962636,41.367237],[140.963646,41.366449],[140.96373,41.366219],[140.963532,41.365637],[140.963266,41.364569],[140.962573,41.363942],[140.96244,41.363712],[140.962368,41.362981],[140.962417,41.362621],[140.962577,41.362456],[140.963049,41.362257],[140.963376,41.362288],[140.963585,41.362368],[140.963715,41.362529],[140.963901,41.363241],[140.96459,41.36393],[140.964894,41.363953],[140.965335,41.363892],[140.965484,41.363934],[140.965625,41.364412],[140.966066,41.365339],[140.96626,41.365921],[140.966347,41.366388],[140.966328,41.367084],[140.966138,41.367291],[140.965781,41.367494],[140.965305,41.367643],[140.96489,41.367854],[140.964692,41.368095],[140.964715,41.368355],[140.964871,41.368596],[140.96513,41.368738],[140.965849,41.368956],[140.966287,41.369343],[140.9665,41.369752],[140.966774,41.370017],[140.96762,41.370503],[140.967841,41.370763],[140.967955,41.371039],[140.968008,41.37185],[140.96797,41.372371],[140.96781,41.372868],[140.967529,41.373167],[140.967141,41.373412],[140.965999,41.373764],[140.965535,41.374009],[140.964987,41.374384],[140.964272,41.375448],[140.963481,41.37616],[140.962994,41.376811],[140.962788,41.377378],[140.962682,41.37959],[140.962037,41.380735],[140.962025,41.380991],[140.962421,41.381577],[140.963182,41.382032],[140.963547,41.382362],[140.964268,41.383158],[140.964841,41.383686],[140.965625,41.384164],[140.966857,41.384781],[140.967306,41.385056],[140.968033,41.385837],[140.968919,41.386343],[140.969538,41.386373],[140.97096,41.38596],[140.971858,41.385776],[140.972315,41.38583],[140.972924,41.386013],[140.973319,41.38632],[140.973601,41.386917],[140.973646,41.387376],[140.973608,41.388035],[140.973487,41.388616],[140.973243,41.38942],[140.973296,41.389726],[140.973509,41.389979],[140.976167,41.39009],[140.97724,41.390216],[140.977963,41.39081],[140.978138,41.391097],[140.978176,41.391579],[140.978096,41.39179],[140.97786,41.392081],[140.977027,41.392682],[140.976711,41.393011],[140.97654,41.393271],[140.976517,41.393715],[140.976759,41.394906],[140.977839,41.397685],[140.978096,41.39824],[140.978427,41.398557],[140.978845,41.39873],[140.980337,41.398971],[140.981545,41.399231],[140.983333,41.399645],[140.984862,41.400066],[140.98693,41.400479],[140.987676,41.400858],[140.988273,41.401007],[140.989002,41.401],[140.990752,41.40064],[140.992899,41.400544],[140.994526,41.400617],[140.996633,41.400954],[140.997883,41.401271],[140.998945,41.401616],[140.99996,41.402029],[141.000885,41.402443],[141.001623,41.402837],[141.002118,41.402864],[141.002713,41.402787],[141.003908,41.402504],[141.004958,41.402343],[141.00549,41.402443],[141.00616,41.40265],[141.007347,41.40327],[141.007994,41.403522],[141.008534,41.403538],[141.009424,41.403285],[141.010931,41.402075],[141.011814,41.401256],[141.013107,41.40033],[141.014393,41.399457],[141.015413,41.398936],[141.016257,41.398569],[141.01677,41.398435],[141.019091,41.39801],[141.020346,41.397689],[141.022369,41.397074],[141.026934,41.395334],[141.028839,41.394857],[141.029509,41.394817],[141.029931,41.394909],[141.030497,41.395125],[141.03235,41.396126],[141.032695,41.396427],[141.032864,41.396839],[141.03304,41.398278],[141.03317,41.398959],[141.033326,41.399247],[141.033592,41.399397],[141.034015,41.39941],[141.034425,41.39924],[141.035901,41.398442],[141.036193,41.398023],[141.036122,41.397696],[141.035979,41.397382],[141.035927,41.396846],[141.035985,41.395988],[141.036714,41.395256],[141.037669,41.394902],[141.038469,41.394857],[141.038469,41.395315],[141.039555,41.395714],[141.040205,41.395805],[141.040739,41.395779],[141.041604,41.395373],[141.042273,41.394942],[141.042969,41.394366],[141.043203,41.394098],[141.043359,41.393797],[141.043398,41.393345],[141.043379,41.392652],[141.043158,41.3915],[141.043281,41.391088],[141.043957,41.390408],[141.044133,41.390008],[141.044211,41.389374],[141.04438,41.389086],[141.045252,41.388033],[141.045934,41.387601],[141.046604,41.387306],[141.047092,41.387202],[141.04836,41.387234],[141.049283,41.387156],[141.050194,41.387162],[141.052671,41.386626],[141.053627,41.386659],[141.055136,41.38692],[141.056098,41.386901],[141.056534,41.386789],[141.058159,41.385998],[141.059063,41.385481],[141.05971,41.384971],[141.060169,41.386403],[141.060022,41.388008],[141.060122,41.388537],[141.060794,41.389734],[141.061718,41.392249],[141.063694,41.39442],[141.06395,41.394828],[141.064093,41.395296],[141.063996,41.395557],[141.06385,41.395761],[141.0638,41.396092],[141.063835,41.398015],[141.064051,41.398476],[141.064421,41.398949],[141.064548,41.399249],[141.064598,41.39961],[141.064515,41.399983],[141.064333,41.400322],[141.06431,41.400589],[141.064465,41.400906],[141.064543,41.401284],[141.06449,41.402045],[141.064159,41.403391],[141.064114,41.405548],[141.063628,41.406782],[141.063239,41.407493],[141.06199,41.409183],[141.061835,41.409183],[141.061553,41.409028],[141.061498,41.408138],[141.061636,41.406342],[141.061603,41.405642],[141.06115,41.404102],[141.061111,41.403296],[141.061034,41.403001],[141.060603,41.402351],[141.060205,41.40199],[141.059686,41.401645],[141.058636,41.401067],[141.058045,41.400422],[141.057664,41.399911],[141.057493,41.39951],[141.057537,41.39871],[141.057139,41.398299],[141.056305,41.397848],[141.055691,41.397192],[141.055294,41.39697],[141.054067,41.396786],[141.052796,41.39642],[141.052166,41.396219],[141.051686,41.395953],[141.050912,41.395886],[141.049652,41.396153],[141.048796,41.396436],[141.047625,41.397009],[141.046774,41.397298],[141.045978,41.397381],[141.045326,41.397342],[141.044862,41.397159],[141.043934,41.396531],[141.043459,41.396536],[141.043022,41.39672],[141.042497,41.39707],[141.041967,41.397331],[141.040805,41.397697],[141.04079,41.397132],[141.040638,41.397017],[141.040402,41.396986],[141.039496,41.397025],[141.038766,41.397139],[141.038484,41.397285],[141.038355,41.397507],[141.038271,41.398962],[141.037982,41.399307],[141.036155,41.400639],[141.035911,41.400922],[141.035675,41.401389],[141.035462,41.401634],[141.034678,41.402132],[141.033712,41.402308],[141.032947,41.402026],[141.032348,41.401653],[141.031743,41.401056],[141.031079,41.399403],[141.030847,41.398004],[141.030804,41.397432],[141.030507,41.39709],[141.029568,41.396686],[141.029161,41.396693],[141.025621,41.398439],[141.024435,41.398893],[141.023274,41.399185],[141.018634,41.39995],[141.017115,41.400453],[141.0162,41.400857],[141.015323,41.401367],[141.014514,41.401982],[141.013927,41.402529],[141.013711,41.402796],[141.013272,41.403629],[141.013,41.403977],[141.01221,41.404592],[141.011271,41.405158],[141.010591,41.405307],[141.009696,41.405413],[141.008454,41.405376],[141.007311,41.405177],[141.006304,41.405133],[141.005705,41.40527],[141.004389,41.405711],[141.003327,41.40573],[141.00206,41.405581],[140.999948,41.404984],[140.997977,41.403722],[140.997402,41.40343],[140.996492,41.403445],[140.996405,41.402938],[140.995572,41.402919],[140.994646,41.403045],[140.994284,41.403189]]],[[[141.014992,41.326368],[141.016583,41.326453],[141.017659,41.326302],[141.018719,41.326001],[141.020343,41.325407],[141.020413,41.325092],[141.020394,41.324447],[141.020591,41.323665],[141.020956,41.322709],[141.021763,41.32149],[141.022419,41.320746],[141.024216,41.31939],[141.025601,41.318787],[141.025919,41.318523],[141.026041,41.318212],[141.026003,41.317902],[141.025769,41.317176],[141.025673,41.316517],[141.025795,41.316023],[141.026221,41.315528],[141.026703,41.315128],[141.026993,41.314973],[141.027274,41.314968],[141.027705,41.315053],[141.028135,41.315025],[141.028874,41.314653],[141.02909,41.314403],[141.029132,41.314083],[141.02908,41.313108],[141.02924,41.312647],[141.029511,41.312397],[141.031341,41.311262],[141.0331,41.310589],[141.033494,41.310372],[141.033582,41.310109],[141.033582,41.309567],[141.033957,41.309134],[141.034439,41.307745],[141.034682,41.306888],[141.034876,41.306638],[141.035073,41.306507],[141.035447,41.306375],[141.036103,41.305772],[141.036676,41.305485],[141.037284,41.305099],[141.03757,41.304783],[141.037687,41.304515],[141.038478,41.30467],[141.038707,41.304854],[141.038904,41.305127],[141.038922,41.305621],[141.039706,41.305442],[141.04141,41.30483],[141.04243,41.304143],[141.043506,41.30355],[141.044283,41.303267],[141.045865,41.302994],[141.046239,41.302693],[141.047044,41.300093],[141.047306,41.299623],[141.047887,41.299142],[141.050124,41.297899],[141.050638,41.297466],[141.051862,41.296242],[141.052283,41.296077],[141.053987,41.296157],[141.054581,41.295987],[141.055728,41.295192],[141.056463,41.295154],[141.056924,41.295206],[141.057214,41.295074],[141.057448,41.294716],[141.057504,41.294245],[141.057485,41.293379],[141.057403,41.292461],[141.057221,41.29166],[141.05694,41.290888],[141.056935,41.290544],[141.057099,41.290125],[141.057399,41.289843],[141.057801,41.289711],[141.058377,41.289673],[141.058615,41.289716],[141.058732,41.289956],[141.058896,41.289979],[141.059963,41.289635],[141.05994,41.289447],[141.059584,41.289019],[141.059076,41.288082],[141.058973,41.287705],[141.059001,41.287168],[141.059123,41.286339],[141.059111,41.284399],[141.059252,41.28366],[141.059224,41.282737],[141.059383,41.282798],[141.059809,41.283152],[141.060309,41.283453],[141.060927,41.283467],[141.062514,41.28326],[141.063894,41.28301],[141.064194,41.283076],[141.065579,41.283684],[141.066187,41.283891],[141.066468,41.28383],[141.066454,41.283472],[141.066566,41.28334],[141.067231,41.28286],[141.068172,41.282474],[141.068644,41.282229],[141.068743,41.281913],[141.068843,41.280939],[141.069339,41.2801],[141.069976,41.279046],[141.07167,41.277172],[141.072959,41.277907],[141.073933,41.278292],[141.074358,41.278387],[141.076644,41.278014],[141.078138,41.277661],[141.078773,41.277649],[141.079419,41.277967],[141.080952,41.279065],[141.082048,41.280156],[141.083554,41.282016],[141.085099,41.28361],[141.088019,41.283792],[141.088279,41.283689],[141.089198,41.282777],[141.089407,41.282353],[141.089525,41.281936],[141.089986,41.281163],[141.090222,41.280854],[141.090435,41.280711],[141.09291,41.280782],[141.092516,41.279343],[141.092252,41.278641],[141.09214,41.277737],[141.092232,41.276844],[141.092847,41.275512],[141.093559,41.275729],[141.094016,41.275714],[141.095523,41.275132],[141.096025,41.275423],[141.098822,41.276354],[141.099205,41.27656],[141.099595,41.276879],[141.100283,41.277917],[141.100725,41.278369],[141.101453,41.278861],[141.102239,41.279167],[141.104637,41.279703],[141.105384,41.279699],[141.106263,41.279556],[141.107825,41.280699],[141.10947,41.281605],[141.111013,41.2822],[141.111859,41.282328],[141.111994,41.282422],[141.111876,41.28252],[141.111588,41.282605],[141.111174,41.282656],[141.110654,41.282634],[141.108517,41.281622],[141.107542,41.281277],[141.106984,41.281226],[141.10657,41.281299],[141.104722,41.282311],[141.104232,41.282498],[141.103521,41.282575],[141.103048,41.282541],[141.101927,41.282366],[141.101581,41.282209],[141.101374,41.282073],[141.101323,41.281809],[141.101336,41.281414],[141.101238,41.281239],[141.099767,41.280614],[141.099158,41.28058],[141.098778,41.281039],[141.098748,41.281354],[141.098828,41.281596],[141.098976,41.281894],[141.099158,41.282069],[141.10131,41.282673],[141.102287,41.283077],[141.102984,41.283272],[141.103352,41.283328],[141.104211,41.283315],[141.104705,41.283247],[141.105449,41.283255],[141.105999,41.283379],[141.106561,41.2836],[141.108451,41.284931],[141.10884,41.285106],[141.109225,41.285004],[141.10955,41.284787],[141.10958,41.284536],[141.109521,41.284276],[141.109381,41.284025],[141.108971,41.283511],[141.108472,41.283209],[141.107817,41.283034],[141.106671,41.282924],[141.106236,41.282809],[141.105969,41.282622],[141.105927,41.282515],[141.106071,41.282396],[141.10651,41.282205],[141.10709,41.282124],[141.108312,41.282107],[141.108624,41.282226],[141.109432,41.282792],[141.11002,41.283073],[141.110375,41.283107],[141.112687,41.283],[141.115753,41.282439],[141.116467,41.282511],[141.117072,41.28269],[141.117769,41.282736],[141.118522,41.282634],[141.119147,41.282443],[141.119431,41.282239],[141.119448,41.281898],[141.119338,41.281703],[141.117067,41.280733],[141.116949,41.280614],[141.116881,41.280256],[141.116941,41.280031],[141.117084,41.27992],[141.117279,41.279933],[141.11801,41.280201],[141.118348,41.280197],[141.118496,41.280091],[141.118666,41.279818],[141.119587,41.279104],[141.119634,41.278623],[141.119477,41.2783],[141.119211,41.277985],[141.11886,41.277785],[141.118268,41.277615],[141.11782,41.277543],[141.117372,41.277581],[141.116936,41.277725],[141.11615,41.278185],[141.115943,41.278538],[141.115829,41.278912],[141.11593,41.279333],[141.116137,41.279533],[141.116222,41.279874],[141.11626,41.280571],[141.116412,41.28092],[141.116784,41.281188],[141.117642,41.281605],[141.118496,41.281813],[141.118522,41.281924],[141.118446,41.281979],[141.118061,41.28212],[141.117507,41.282166],[141.117021,41.282107],[141.115791,41.281822],[141.115013,41.281762],[141.113719,41.281933],[141.112252,41.281979],[141.111643,41.28175],[141.110599,41.281303],[141.108777,41.280405],[141.107906,41.279729],[141.10695,41.278721],[141.105897,41.27736],[141.105327,41.27653],[141.105094,41.276032],[141.10501,41.27539],[141.105022,41.274884],[141.105297,41.27442],[141.105373,41.274118],[141.105267,41.273625],[141.105284,41.273344],[141.105399,41.27317],[141.105614,41.273093],[141.106426,41.272974],[141.106937,41.272787],[141.107728,41.272353],[141.10846,41.272034],[141.108887,41.272021],[141.109056,41.272081],[141.110248,41.272974],[141.110497,41.272953],[141.11084,41.272753],[141.111038,41.272557],[141.11112,41.272295],[141.111809,41.27188],[141.112637,41.271418],[141.115026,41.270238],[141.11536,41.270306],[141.116189,41.270595],[141.118658,41.27193],[141.119534,41.272645],[141.120386,41.273486],[141.121372,41.272898],[141.122452,41.273591],[141.123973,41.274926],[141.126738,41.274305],[141.128597,41.27411],[141.129601,41.273937],[141.130498,41.273692],[141.13123,41.273413],[141.132214,41.274104],[141.133114,41.274644],[141.133175,41.274761],[141.133179,41.274955],[141.133102,41.275094],[141.132759,41.27537],[141.132608,41.27558],[141.132612,41.275832],[141.132743,41.276337],[141.132716,41.276516],[141.132515,41.276663],[141.130923,41.277362],[141.129658,41.278069],[141.128369,41.278892],[141.127183,41.279773],[141.126805,41.279977],[141.126438,41.280043],[141.12588,41.280021],[141.12485,41.279883],[141.124757,41.279988],[141.124708,41.280897],[141.124784,41.281123],[141.125036,41.28147],[141.126165,41.282247],[141.126203,41.282401],[141.126126,41.282583],[141.125058,41.28363],[141.124297,41.284292],[141.123837,41.284837],[141.123558,41.285025],[141.122906,41.285135],[141.121745,41.285113],[141.121427,41.285306],[141.121334,41.285746],[141.121339,41.286259],[141.121487,41.287389],[141.122451,41.288904],[141.122468,41.289108],[141.122385,41.289356],[141.122248,41.289477],[141.121411,41.289736],[141.121131,41.289951],[141.120797,41.290469],[141.120583,41.291213],[141.120255,41.291924],[141.120041,41.29221],[141.119773,41.292243],[141.11945,41.292216],[141.11894,41.292001],[141.118261,41.291703],[141.117686,41.291213],[141.117199,41.290651],[141.117122,41.290271],[141.117264,41.289306],[141.117007,41.289009],[141.115605,41.287901],[141.115101,41.287851],[141.114876,41.287967],[141.114552,41.287614],[141.114171,41.287389],[141.113252,41.287114],[141.110941,41.286642],[141.109442,41.28766],[141.108356,41.288188],[141.108086,41.288258],[141.10814,41.29064],[141.107984,41.291167],[141.107209,41.292372],[141.106367,41.29039],[141.104177,41.291019],[141.103504,41.291107],[141.101304,41.29108],[141.100981,41.291006],[141.100692,41.290803],[141.100348,41.290349],[141.099527,41.289625],[141.099252,41.289604],[141.097886,41.289753],[141.096304,41.290098],[141.095537,41.290153],[141.09473,41.290065],[141.093949,41.289882],[141.092388,41.289821],[141.090625,41.290186],[141.089723,41.290254],[141.088781,41.290044],[141.087981,41.289936],[141.087503,41.289875],[141.086904,41.289875],[141.08617,41.290058],[141.085,41.290572],[141.084482,41.29062],[141.083526,41.290552],[141.081285,41.290038],[141.080813,41.290041],[141.079574,41.290407],[141.07911,41.290403],[141.078259,41.290258],[141.076617,41.289872],[141.075954,41.289608],[141.07446,41.288589],[141.073495,41.287834],[141.073162,41.287722],[141.072802,41.287698],[141.072351,41.287702],[141.071954,41.287783],[141.070828,41.288629],[141.070102,41.289306],[141.069402,41.289807],[141.069079,41.290207],[141.068769,41.290782],[141.068695,41.291222],[141.068157,41.291906],[141.067504,41.292603],[141.067289,41.292739],[141.065963,41.292123],[141.06434,41.291568],[141.06321,41.290748],[141.062614,41.289899],[141.062325,41.289672],[141.06183,41.289472],[141.061467,41.289388],[141.061124,41.289388],[141.060713,41.289499],[141.059226,41.290393],[141.058478,41.290478],[141.057879,41.290633],[141.057387,41.290674],[141.057199,41.290762],[141.057293,41.291073],[141.058168,41.29301],[141.058249,41.293443],[141.058222,41.293883],[141.05798,41.294804],[141.057751,41.295345],[141.057623,41.295826],[141.057488,41.295955],[141.057071,41.295941],[141.056122,41.295792],[141.055739,41.295799],[141.055389,41.295901],[141.054891,41.296273],[141.054265,41.296835],[141.053882,41.297011],[141.053491,41.297167],[141.052435,41.297241],[141.051627,41.297492],[141.051365,41.297668],[141.050738,41.298758],[141.050374,41.298937],[141.049621,41.299076],[141.04919,41.299296],[141.048598,41.299689],[141.04809,41.299922],[141.047972,41.300115],[141.048098,41.30087],[141.048091,41.301066],[141.047943,41.301324],[141.047257,41.301784],[141.046988,41.302068],[141.046786,41.30238],[141.046638,41.303213],[141.046416,41.30368],[141.045992,41.303944],[141.044841,41.304275],[141.043132,41.305054],[141.041955,41.30569],[141.041423,41.306076],[141.040748,41.306364],[141.039584,41.306554],[141.039393,41.306855],[141.039393,41.307038],[141.039482,41.307275],[141.039522,41.3076],[141.039414,41.307904],[141.038789,41.308561],[141.037759,41.309448],[141.036669,41.310145],[141.036205,41.310538],[141.036077,41.310924],[141.036144,41.311405],[141.036137,41.312007],[141.03607,41.312163],[141.035613,41.312481],[141.034866,41.312725],[141.033587,41.313023],[141.033049,41.313266],[141.03249,41.313734],[141.032288,41.314059],[141.032214,41.314329],[141.032315,41.314749],[141.033305,41.316252],[141.033459,41.317207],[141.033338,41.317735],[141.033049,41.318209],[141.032288,41.319028],[141.031568,41.3194],[141.030081,41.319874],[141.027349,41.320497],[141.026535,41.320836],[141.025714,41.321303],[141.024321,41.321817],[141.024054,41.321997],[141.022982,41.324383],[141.022774,41.324993],[141.022747,41.325426],[141.022888,41.326001],[141.023063,41.326428],[141.024032,41.327877],[141.02451,41.328974],[141.024893,41.330003],[141.025371,41.332325],[141.025672,41.334943],[141.023901,41.335771],[141.023558,41.335778],[141.023283,41.335621],[141.023159,41.335407],[141.02314,41.334962],[141.023389,41.333286],[141.023352,41.33173],[141.022853,41.330041],[141.022728,41.329891],[141.021175,41.330499],[141.019977,41.330801],[141.019659,41.330305],[141.018979,41.329024],[141.017888,41.328353],[141.017102,41.328027],[141.016528,41.327725],[141.01581,41.327154],[141.014992,41.326368]]],[[[141.054583,41.335475],[141.059686,41.33528],[141.059028,41.335782],[141.058524,41.336284],[141.058437,41.336971],[141.058456,41.337317],[141.05833,41.337556],[141.058151,41.337805],[141.056795,41.338911],[141.056611,41.339165],[141.056567,41.339452],[141.056708,41.339983],[141.057013,41.340339],[141.057531,41.340617],[141.058471,41.340978],[141.05989,41.34185],[141.060491,41.342284],[141.06114,41.342859],[141.061639,41.343454],[141.061804,41.344044],[141.061755,41.344219],[141.0616,41.344434],[141.060699,41.344819],[141.060278,41.345048],[141.059866,41.345413],[141.059532,41.345881],[141.059241,41.346427],[141.059139,41.347402],[141.059154,41.347982],[141.059546,41.349079],[141.059769,41.349551],[141.060084,41.350102],[141.060491,41.350677],[141.06053,41.351033],[141.060467,41.351379],[141.060186,41.352179],[141.060191,41.352349],[141.060317,41.352598],[141.061145,41.353236],[141.061407,41.353548],[141.061605,41.354289],[141.062182,41.355625],[141.06255,41.356239],[141.063,41.356814],[141.063727,41.357501],[141.064565,41.35812],[141.065069,41.358408],[141.06689,41.358305],[141.067249,41.358398],[141.068053,41.359071],[141.068339,41.359197],[141.069046,41.359222],[141.069167,41.359266],[141.069802,41.359836],[141.070015,41.359846],[141.070601,41.359236],[141.071057,41.359027],[141.071711,41.358934],[141.07205,41.358934],[141.072277,41.358997],[141.072515,41.359178],[141.072742,41.359407],[141.073004,41.359846],[141.073188,41.360352],[141.073246,41.360913],[141.073435,41.364612],[141.073537,41.365066],[141.073716,41.36548],[141.073944,41.365875],[141.07437,41.366353],[141.075489,41.367449],[141.075804,41.368292],[141.076138,41.368775],[141.076598,41.369194],[141.076787,41.369491],[141.078149,41.372036],[141.078478,41.372411],[141.07983,41.37344],[141.079931,41.373683],[141.079951,41.374102],[141.079878,41.374336],[141.079655,41.374838],[141.079025,41.37594],[141.07872,41.376642],[141.07857,41.37731],[141.078599,41.37787],[141.078841,41.379391],[141.078817,41.379766],[141.078633,41.380239],[141.078381,41.380639],[141.078052,41.38099],[141.076492,41.381428],[141.075065,41.382024],[141.074327,41.381203],[141.07364,41.380559],[141.075075,41.379891],[141.075847,41.379455],[141.076,41.379179],[141.075994,41.378948],[141.075828,41.378576],[141.075764,41.378223],[141.07579,41.377941],[141.075956,41.377081],[141.076612,41.375297],[141.076753,41.374694],[141.076785,41.374013],[141.076619,41.373763],[141.076051,41.373237],[141.075879,41.373019],[141.075535,41.372063],[141.074163,41.370106],[141.073819,41.369765],[141.073443,41.369509],[141.073054,41.369162],[141.072773,41.368521],[141.072352,41.367949],[141.071982,41.367609],[141.071121,41.366345],[141.070879,41.365851],[141.070726,41.364715],[141.070759,41.363409],[141.070542,41.363028],[141.070255,41.362713],[141.069618,41.362511],[141.069356,41.362335],[141.069136,41.36202],[141.068648,41.361577],[141.068444,41.361481],[141.067421,41.361491],[141.067092,41.36134],[141.06685,41.36133],[141.066528,41.361401],[141.066169,41.3616],[141.065244,41.361549],[141.064944,41.361433],[141.064606,41.361279],[141.063707,41.360496],[141.062802,41.359938],[141.062081,41.359559],[141.061449,41.359116],[141.061105,41.358725],[141.060238,41.357538],[141.059989,41.356319],[141.05974,41.35569],[141.059498,41.355279],[141.059192,41.354933],[141.058764,41.35456],[141.057482,41.353649],[141.057272,41.353386],[141.057004,41.352167],[141.057098,41.35191],[141.05751,41.351269],[141.057596,41.351018],[141.057577,41.350903],[141.057299,41.350688],[141.057251,41.350386],[141.056475,41.350043],[141.056328,41.349895],[141.056258,41.349716],[141.055831,41.349414],[141.055722,41.349266],[141.055678,41.348407],[141.055767,41.348298],[141.056883,41.347649],[141.057151,41.347438],[141.057285,41.347239],[141.057285,41.347033],[141.056843,41.346186],[141.056789,41.345785],[141.056894,41.345323],[141.057041,41.345012],[141.057411,41.34455],[141.057659,41.344348],[141.058106,41.344149],[141.058603,41.343809],[141.05868,41.343642],[141.058607,41.343559],[141.057911,41.343482],[141.057733,41.343353],[141.057452,41.342971],[141.057165,41.342676],[141.056926,41.342516],[141.056216,41.342269],[141.055375,41.342147],[141.054654,41.341634],[141.053347,41.340889],[141.053244,41.340658],[141.053295,41.340466],[141.053787,41.33992],[141.053921,41.339625],[141.054182,41.338759],[141.054782,41.337694],[141.054769,41.33743],[141.054456,41.33709],[141.054176,41.336654],[141.054201,41.336333],[141.054552,41.335756],[141.054583,41.335475]]],[[[141.103936,41.331272],[141.104129,41.331784],[141.10465,41.332473],[141.104822,41.332823],[141.105033,41.335129],[141.105469,41.336295],[141.105841,41.336875],[141.106213,41.337179],[141.107341,41.337906],[141.108168,41.338563],[141.109292,41.339726],[141.109628,41.339932],[141.110749,41.339835],[141.111308,41.339685],[141.111894,41.339602],[141.112174,41.339638],[141.112356,41.339767],[141.112532,41.340029],[141.112709,41.340521],[141.113149,41.341469],[141.113377,41.341764],[141.114004,41.342099],[141.115384,41.342556],[141.115764,41.342833],[141.11611,41.343227],[141.116197,41.343469],[141.11625,41.34394],[141.116134,41.344994],[141.116184,41.345448],[141.116351,41.345954],[141.115879,41.346154],[141.115194,41.346298],[141.114679,41.346287],[141.114329,41.346182],[141.113113,41.345289],[141.113048,41.344349],[141.112931,41.343996],[141.112574,41.343513],[141.112112,41.343089],[141.111438,41.342718],[141.111005,41.342553],[141.110525,41.342512],[141.109226,41.342252],[141.107897,41.34177],[141.107359,41.341481],[141.10675,41.341016],[141.105152,41.33959],[141.104786,41.339109],[141.106065,41.337912],[141.105626,41.337564],[141.105275,41.337064],[141.104508,41.336587],[141.104379,41.335904],[141.104385,41.335515],[141.104081,41.335191],[141.103923,41.33495],[141.103876,41.334467],[141.103911,41.333942],[141.1041,41.333477],[141.104009,41.333218],[141.103783,41.332985],[141.10364,41.332679],[141.103611,41.332346],[141.10297,41.331837],[141.103936,41.331272]]],[[[141.104179,41.272718],[141.104139,41.272603],[141.104175,41.271976],[141.104481,41.271303],[141.104481,41.269823],[141.104546,41.269766],[141.105072,41.269901],[141.105369,41.269901],[141.10592,41.269889],[141.107203,41.269713],[141.107619,41.269737],[141.107839,41.269901],[141.108593,41.270656],[141.108748,41.270889],[141.108695,41.271008],[141.108524,41.271107],[141.106335,41.272009],[141.105496,41.272288],[141.104664,41.272386],[141.104428,41.272484],[141.104179,41.272718]]],[[[141.44407,41.41702],[141.447829,41.412634],[141.447769,41.412471],[141.448605,41.411364],[141.448648,41.410857],[141.448554,41.409698],[141.447351,41.4086],[141.447709,41.407741],[141.448433,41.408492],[141.449039,41.408371],[141.449588,41.408196],[141.450035,41.408153],[141.450497,41.407838],[141.45104,41.407761],[141.451743,41.40733],[141.452046,41.407311],[141.45269,41.407577],[141.454278,41.407156],[141.45511,41.407015],[141.456163,41.406865],[141.457621,41.406851],[141.458318,41.406594],[141.459357,41.406498],[141.459343,41.40644],[141.453811,41.402079],[141.453368,41.401847],[141.453138,41.401648],[141.45295,41.401363],[141.452854,41.400971],[141.453085,41.399248],[141.453032,41.399035],[141.451994,41.39769],[141.453098,41.396503],[141.453571,41.396338],[141.453721,41.396382],[141.453616,41.396574],[141.453513,41.396563],[141.45337,41.396675],[141.454386,41.397486],[141.454171,41.397804],[141.454244,41.398218],[141.454274,41.399153],[141.454468,41.39989],[141.454991,41.400746],[141.455983,41.401657],[141.45644,41.402001],[141.45694,41.402276],[141.45753,41.40244],[141.458157,41.40244],[141.458247,41.402423],[141.458352,41.402299],[141.45848,41.402254],[141.458463,41.402176],[141.458628,41.402063],[141.458748,41.401905],[141.458875,41.401833],[141.459002,41.401843],[141.459003,41.401767],[141.459143,41.401669],[141.459294,41.401675],[141.459487,41.401523],[141.459668,41.401531],[141.459741,41.401461],[141.459959,41.401443],[141.460017,41.401478],[141.460129,41.401392],[141.460289,41.401368],[141.460398,41.401404],[141.460504,41.401326],[141.460742,41.401366],[141.460863,41.401292],[141.460952,41.401303],[141.461047,41.401389],[141.461162,41.401334],[141.461564,41.401371],[141.462282,41.401641],[141.463155,41.401804],[141.463566,41.402074],[141.463714,41.402394],[141.463619,41.40248],[141.463671,41.402519],[141.463656,41.402621],[141.463551,41.402683],[141.463604,41.402738],[141.463573,41.40285],[141.46349,41.402883],[141.463439,41.403093],[141.463335,41.403122],[141.463383,41.403203],[141.463344,41.403303],[141.463283,41.403313],[141.463163,41.403526],[141.462715,41.403988],[141.462558,41.404129],[141.46245,41.404143],[141.462473,41.40427],[141.462326,41.404329],[141.462318,41.40442],[141.46221,41.404548],[141.462095,41.404557],[141.461811,41.405103],[141.461861,41.405229],[141.461786,41.405341],[141.461656,41.40537],[141.461665,41.405472],[141.461586,41.405589],[141.461483,41.405615],[141.461526,41.40575],[141.461408,41.405852],[141.461325,41.405863],[141.461056,41.406218],[141.460915,41.406814],[141.460959,41.407456],[141.461807,41.408119],[141.46252,41.408359],[141.463372,41.408196],[141.464171,41.407835],[141.464844,41.407745],[141.465624,41.407871],[141.465696,41.408282],[141.465566,41.409058],[141.464655,41.410854],[141.464422,41.411039],[141.464238,41.411021],[141.464117,41.410945],[141.464023,41.410723],[141.463888,41.410141],[141.46361,41.409631],[141.463215,41.409455],[141.46208,41.40946],[141.461224,41.409541],[141.460963,41.409663],[141.460862,41.410132],[141.462415,41.410141],[141.462504,41.41034],[141.462522,41.410529],[141.462424,41.41089],[141.46219,41.411098],[141.461033,41.411576],[141.461006,41.412019],[141.461105,41.41265],[141.461499,41.413255],[141.461939,41.4134],[141.462388,41.413472],[141.463285,41.413472],[141.463518,41.413634],[141.463608,41.413905],[141.463536,41.414167],[141.463222,41.414465],[141.462755,41.414699],[141.462271,41.41516],[141.462092,41.415566],[141.462125,41.416189],[141.462504,41.417207],[141.463274,41.417646],[141.463872,41.417815],[141.464417,41.417877],[141.465627,41.417781],[141.466837,41.41795],[141.46733,41.417916],[141.467494,41.417764],[141.467787,41.417733],[141.467862,41.417778],[141.467905,41.417888],[141.467897,41.41794],[141.467822,41.417973],[141.467815,41.41805],[141.468044,41.418127],[141.468094,41.418233],[141.468281,41.418258],[141.468362,41.418393],[141.468325,41.418546],[141.468361,41.418581],[141.468876,41.418428],[141.468957,41.41844],[141.469015,41.418565],[141.468986,41.418627],[141.468765,41.41871],[141.468689,41.418834],[141.468532,41.41889],[141.4686,41.419034],[141.468479,41.419253],[141.468264,41.419364],[141.468266,41.419416],[141.468167,41.419491],[141.46807,41.419493],[141.467987,41.419608],[141.467861,41.419627],[141.467854,41.419674],[141.467684,41.419755],[141.467595,41.419741],[141.46755,41.419821],[141.467391,41.419836],[141.467094,41.420112],[141.467132,41.420136],[141.467126,41.420265],[141.467044,41.420313],[141.46705,41.420432],[141.466897,41.420499],[141.466897,41.420551],[141.466777,41.420632],[141.466581,41.420694],[141.466422,41.420666],[141.466117,41.420985],[141.465871,41.421252],[141.465446,41.421848],[141.465389,41.422043],[141.465219,41.422143],[141.465186,41.422239],[141.46506,41.422262],[141.464965,41.422348],[141.464591,41.422887],[141.464565,41.423029],[141.464426,41.423087],[141.464432,41.423144],[141.464306,41.423234],[141.46428,41.42333],[141.464147,41.423387],[141.464014,41.423549],[141.463852,41.423773],[141.463809,41.423878],[141.463827,41.423997],[141.463675,41.424178],[141.463726,41.424207],[141.463631,41.424345],[141.463619,41.424673],[141.463852,41.425203],[141.464017,41.425332],[141.464232,41.425374],[141.464246,41.425427],[141.464315,41.425408],[141.46443,41.42547],[141.46462,41.425432],[141.46481,41.425465],[141.464936,41.425546],[141.46486,41.425747],[141.464449,41.425875],[141.464265,41.425851],[141.464075,41.426075],[141.463974,41.426466],[141.464011,41.426604],[141.4641,41.426776],[141.464232,41.426781],[141.464309,41.426861],[141.464391,41.426871],[141.464461,41.426952],[141.464455,41.427042],[141.464354,41.427119],[141.46424,41.427114],[141.464232,41.427186],[141.464145,41.427214],[141.46398,41.427467],[141.463967,41.427596],[141.46398,41.427701],[141.464075,41.42782],[141.464056,41.427939],[141.464106,41.427977],[141.464081,41.428139],[141.464131,41.428177],[141.464075,41.428358],[141.464119,41.428463],[141.464049,41.428535],[141.464119,41.428721],[141.46425,41.428859],[141.464384,41.428797],[141.464497,41.428826],[141.464522,41.428878],[141.464611,41.428821],[141.464954,41.428835],[141.465024,41.428926],[141.46515,41.428935],[141.46522,41.429036],[141.465176,41.429092],[141.46522,41.429136],[141.465201,41.429231],[141.465017,41.42923],[141.465005,41.429307],[141.464935,41.429344],[141.465036,41.429421],[141.465049,41.429588],[141.464809,41.429674],[141.464631,41.429588],[141.464555,41.42964],[141.464257,41.429616],[141.464142,41.42953],[141.464086,41.429579],[141.463845,41.429564],[141.463655,41.429631],[141.4633,41.42985],[141.462984,41.430203],[141.462825,41.430255],[141.462881,41.430313],[141.462812,41.430584],[141.462742,41.43066],[141.462819,41.430746],[141.462774,41.430932],[141.462577,41.431023],[141.462501,41.430984],[141.46228,41.431023],[141.462229,41.430979],[141.462057,41.431042],[141.461931,41.431009],[141.461805,41.431118],[141.46169,41.431103],[141.461627,41.431166],[141.461392,41.431208],[141.46119,41.431108],[141.46112,41.431123],[141.460961,41.430923],[141.460854,41.430932],[141.460657,41.43066],[141.460594,41.430527],[141.46062,41.430484],[141.460442,41.430331],[141.460347,41.43015],[141.460379,41.429984],[141.46029,41.429836],[141.459911,41.429559],[141.45981,41.429573],[141.459677,41.429483],[141.459564,41.429468],[141.459372,41.429244],[141.459392,41.429101],[141.459292,41.429087],[141.459158,41.428877],[141.459203,41.428782],[141.458974,41.428395],[141.458797,41.428209],[141.458658,41.428209],[141.458582,41.428134],[141.458607,41.428038],[141.458454,41.427943],[141.458487,41.427876],[141.458365,41.427852],[141.458334,41.427728],[141.45782,41.427128],[141.457669,41.427056],[141.45765,41.426942],[141.45758,41.426942],[141.457504,41.426794],[141.457529,41.426746],[141.457428,41.426694],[141.457372,41.426541],[141.45725,41.426408],[141.457275,41.426317],[141.457202,41.426319],[141.457164,41.426257],[141.457158,41.426095],[141.457057,41.426047],[141.457069,41.425909],[141.45717,41.425866],[141.456772,41.425161],[141.4562,41.424803],[141.45608,41.424913],[141.455948,41.424894],[141.455948,41.424794],[141.455885,41.424708],[141.45591,41.424665],[141.455815,41.424641],[141.455783,41.424532],[141.455643,41.42457],[141.455682,41.424622],[141.455618,41.424727],[141.45548,41.424775],[141.455397,41.424736],[141.455385,41.424651],[141.455282,41.424593],[141.455245,41.424493],[141.455282,41.424455],[141.455193,41.42437],[141.455201,41.424293],[141.455143,41.424208],[141.455168,41.42416],[141.454921,41.424013],[141.454675,41.423931],[141.454605,41.423969],[141.454408,41.423898],[141.454078,41.423864],[141.453907,41.423769],[141.4538,41.423793],[141.453591,41.423683],[141.453502,41.423703],[141.453344,41.423598],[141.453281,41.423621],[141.453096,41.423526],[141.452932,41.423526],[141.452817,41.423454],[141.452722,41.423478],[141.452539,41.423416],[141.452394,41.423459],[141.452171,41.423407],[141.452121,41.42334],[141.45214,41.42323],[141.452045,41.423135],[141.452082,41.423035],[141.451981,41.422939],[141.45195,41.422863],[141.451981,41.422811],[141.451867,41.422668],[141.451884,41.422618],[141.451801,41.422613],[141.451656,41.422513],[141.451669,41.422466],[141.451535,41.422457],[141.451473,41.422357],[141.451345,41.422347],[141.451339,41.422304],[141.451194,41.422347],[141.45113,41.422318],[141.451238,41.421913],[141.451345,41.421818],[141.451308,41.421723],[141.451213,41.421623],[141.45099,41.421556],[141.450895,41.421455],[141.450668,41.421164],[141.450693,41.421131],[141.450598,41.421064],[141.45056,41.420926],[141.450129,41.420688],[141.449869,41.420474],[141.449577,41.420374],[141.448918,41.420288],[141.448791,41.420226],[141.448639,41.420064],[141.448626,41.420021],[141.448677,41.419988],[141.448518,41.419949],[141.448468,41.419892],[141.448462,41.419787],[141.448361,41.419768],[141.448233,41.419639],[141.448132,41.419639],[141.448006,41.419506],[141.448012,41.419459],[141.447884,41.419444],[141.447769,41.419289],[141.447557,41.419127],[141.447462,41.418973],[141.447457,41.418874],[141.447333,41.418861],[141.447267,41.418732],[141.44729,41.418687],[141.447106,41.418552],[141.447097,41.418388],[141.446981,41.418369],[141.446912,41.418236],[141.446542,41.417927],[141.445393,41.417234],[141.444588,41.416997],[141.44441,41.41703],[141.444316,41.416987],[141.444219,41.417054],[141.44407,41.41702]]],[[[140.765149,41.144485],[140.765172,41.144439],[140.765324,41.144433],[140.76535,41.144356],[140.765657,41.144281],[140.7657,41.144198],[140.765857,41.14422],[140.765974,41.14417],[140.766077,41.144275],[140.76593,41.144367],[140.765954,41.144473],[140.766328,41.144477],[140.766385,41.144495],[140.766388,41.144583],[140.766465,41.144632],[140.766363,41.144766],[140.766402,41.144832],[140.766343,41.144889],[140.766385,41.144958],[140.766338,41.145015],[140.766385,41.145047],[140.766354,41.145129],[140.766468,41.14519],[140.766452,41.145294],[140.766593,41.14546],[140.767099,41.145521],[140.767167,41.145465],[140.767189,41.145229],[140.767384,41.144936],[140.767393,41.144829],[140.7675,41.144716],[140.767523,41.144561],[140.767669,41.14443],[140.768021,41.144242],[140.768038,41.14381],[140.768157,41.143639],[140.76822,41.143418],[140.768576,41.143027],[140.768667,41.142729],[140.768743,41.142665],[140.768937,41.142233],[140.768994,41.141766],[140.768967,41.141681],[140.769003,41.141652],[140.768928,41.141158],[140.769006,41.14112],[140.769113,41.140791],[140.769192,41.140729],[140.769539,41.140655],[140.769627,41.140705],[140.769741,41.140698],[140.769807,41.140779],[140.769902,41.140782],[140.770349,41.141068],[140.770444,41.14107],[140.770532,41.141142],[140.770687,41.141147],[140.770945,41.14129],[140.771187,41.141344],[140.77167,41.141328],[140.771975,41.141447],[140.772162,41.14146],[140.772334,41.141599],[140.772189,41.141794],[140.772317,41.142243],[140.772086,41.142855],[140.772228,41.143166],[140.772224,41.143432],[140.771998,41.144098],[140.772008,41.144315],[140.772297,41.14465],[140.772523,41.144729],[140.772974,41.14469],[140.77338,41.144497],[140.77468,41.144487],[140.776008,41.14537],[140.776974,41.146268],[140.777194,41.146347],[140.777376,41.146322],[140.777528,41.146007],[140.777513,41.145607],[140.777405,41.145296],[140.776802,41.144542],[140.77664,41.144241],[140.776694,41.14395],[140.777704,41.142658],[140.777846,41.142416],[140.777822,41.142145],[140.776616,41.140783],[140.776337,41.139925],[140.776252,41.138715],[140.776577,41.138723],[140.777062,41.138964],[140.777256,41.13898],[140.778509,41.138706],[140.778961,41.138715],[140.779217,41.1386],[140.779292,41.138254],[140.779479,41.13827],[140.779433,41.137929],[140.779381,41.137849],[140.778762,41.137615],[140.778395,41.137336],[140.777918,41.136874],[140.777762,41.136784],[140.777762,41.136693],[140.777696,41.13664],[140.77775,41.136518],[140.777681,41.136418],[140.7777,41.136374],[140.777522,41.136313],[140.777472,41.136215],[140.777332,41.136142],[140.77733,41.136028],[140.777205,41.135962],[140.777201,41.135881],[140.777285,41.135834],[140.77727,41.135718],[140.777365,41.135631],[140.777415,41.135429],[140.77752,41.135363],[140.777501,41.135277],[140.777726,41.135199],[140.777751,41.135041],[140.777871,41.135009],[140.777857,41.134969],[140.777981,41.134824],[140.77804,41.134821],[140.77806,41.13473],[140.778157,41.134684],[140.778132,41.134606],[140.778325,41.134551],[140.778307,41.134501],[140.77845,41.134383],[140.778511,41.134383],[140.77852,41.13429],[140.778653,41.134259],[140.778667,41.134149],[140.778777,41.134119],[140.778886,41.13415],[140.779045,41.134],[140.779136,41.13399],[140.779126,41.13388],[140.779351,41.133828],[140.779373,41.13376],[140.77946,41.133718],[140.779563,41.13373],[140.779635,41.133625],[140.779765,41.133615],[140.779858,41.133453],[140.779986,41.133455],[140.779977,41.133395],[140.780027,41.133353],[140.780158,41.133355],[140.780138,41.133315],[140.780266,41.133192],[140.780241,41.133112],[140.780338,41.133035],[140.780461,41.133039],[140.780445,41.132999],[140.780508,41.13294],[140.780601,41.132947],[140.780592,41.132889],[140.78081,41.132845],[140.780837,41.132772],[140.781007,41.132717],[140.781316,41.132737],[140.781332,41.132677],[140.78155,41.132637],[140.781661,41.132509],[140.781758,41.132528],[140.782084,41.132189],[140.782076,41.132107],[140.782173,41.131966],[140.782352,41.131917],[140.782379,41.131782],[140.782857,41.131482],[140.782864,41.131408],[140.783054,41.131364],[140.783052,41.131309],[140.783163,41.131282],[140.783261,41.131341],[140.783604,41.13125],[140.783934,41.13129],[140.784544,41.131253],[140.784688,41.131314],[140.784747,41.131274],[140.785093,41.131368],[140.785468,41.131358],[140.785495,41.131393],[140.785752,41.131404],[140.785815,41.131348],[140.786037,41.131391],[140.786117,41.13133],[140.786275,41.131353],[140.786393,41.13129],[140.786912,41.13134],[140.787153,41.131481],[140.787358,41.131485],[140.787377,41.131554],[140.78772,41.131593],[140.787797,41.131644],[140.78797,41.131633],[140.788032,41.13172],[140.788209,41.131723],[140.788424,41.131895],[140.788546,41.13191],[140.7887,41.132019],[140.788956,41.132259],[140.789089,41.132301],[140.789121,41.132391],[140.78923,41.132389],[140.789298,41.132465],[140.789434,41.132503],[140.789486,41.1326],[140.789638,41.132661],[140.789646,41.13277],[140.78975,41.132782],[140.78981,41.1329],[140.789914,41.132903],[140.790014,41.133026],[140.790086,41.133004],[140.79023,41.133052],[140.790256,41.133147],[140.7904,41.133176],[140.79044,41.133248],[140.789244,41.133484],[140.788667,41.133813],[140.788052,41.134382],[140.787642,41.134912],[140.787481,41.135191],[140.787525,41.135436],[140.788324,41.136239],[140.791361,41.138052],[140.791772,41.13856],[140.792076,41.139151],[140.792592,41.140662],[140.792653,41.140958],[140.791578,41.142358],[140.790768,41.143825],[140.790369,41.144098],[140.788717,41.144656],[140.788041,41.144962],[140.787825,41.145158],[140.787481,41.145699],[140.787132,41.145838],[140.786644,41.145911],[140.786295,41.146039],[140.78579,41.146379],[140.785491,41.147338],[140.78548,41.147969],[140.785502,41.148398],[140.785874,41.148945],[140.785935,41.149235],[140.785053,41.150707],[140.784831,41.151187],[140.784826,41.151505],[140.784915,41.151834],[140.784903,41.152096],[140.784815,41.152313],[140.7838,41.153111],[140.783351,41.153674],[140.78313,41.154109],[140.783046,41.154622],[140.783224,41.155983],[140.783185,41.156887],[140.783285,41.157221],[140.783645,41.157762],[140.782315,41.157735],[140.7816,41.157941],[140.78104,41.157991],[140.78017,41.157952],[140.779981,41.158264],[140.779737,41.158956],[140.779687,41.159993],[140.779781,41.160289],[140.780059,41.160824],[140.781007,41.162241],[140.782309,41.165097],[140.782492,41.165877],[140.782456,41.166675],[140.782226,41.167857],[140.783579,41.168376],[140.784116,41.168661],[140.784654,41.169174],[140.786323,41.170166],[140.786328,41.170339],[140.786195,41.17093],[140.786112,41.17189],[140.78619,41.172057],[140.786406,41.172241],[140.7864,41.172375],[140.785968,41.173005],[140.78594,41.17329],[140.785785,41.173658],[140.784776,41.174305],[140.784443,41.174612],[140.784155,41.175136],[140.783667,41.175827],[140.783374,41.17614],[140.782847,41.176486],[140.782071,41.17672],[140.780729,41.177322],[140.779787,41.17783],[140.777997,41.179018],[140.777276,41.179698],[140.776511,41.180607],[140.775336,41.182202],[140.775203,41.182626],[140.775214,41.183273],[140.775524,41.183664],[140.776428,41.185091],[140.776871,41.185844],[140.777071,41.186296],[140.77711,41.187233],[140.777415,41.187874],[140.777614,41.188137],[140.777675,41.188521],[140.777636,41.188806],[140.777415,41.189241],[140.777448,41.189364],[140.778235,41.189732],[140.778817,41.189882],[140.779488,41.189888],[140.779754,41.189977],[140.780042,41.190144],[140.780851,41.190858],[140.781212,41.191053],[140.78191,41.191238],[140.782087,41.191366],[140.781999,41.191539],[140.781245,41.192091],[140.782719,41.195766],[140.783584,41.195934],[140.784111,41.19614],[140.784377,41.196363],[140.784782,41.196904],[140.783734,41.197618],[140.78349,41.197902],[140.783307,41.198176],[140.783163,41.198834],[140.782891,41.199481],[140.783981,41.200267],[140.785014,41.20131],[140.785081,41.201952],[140.785663,41.202336],[140.785957,41.202437],[140.787315,41.202247],[140.787564,41.202431],[140.789039,41.204406],[140.78936,41.204768],[140.790846,41.205092],[140.790912,41.205226],[140.790519,41.20575],[140.790508,41.205978],[140.790547,41.206101],[140.791018,41.206458],[140.791334,41.20725],[140.791677,41.207774],[140.791999,41.207975],[140.79262,41.208092],[140.793157,41.20826],[140.793551,41.208516],[140.793983,41.208845],[140.794493,41.209414],[140.795225,41.210089],[140.79706,41.211394],[140.798728,41.212454],[140.799011,41.213207],[140.80063,41.215131],[140.801306,41.216112],[140.801772,41.216676],[140.802132,41.217055],[140.803296,41.217775],[140.804366,41.218868],[140.80558,41.219749],[140.805663,41.219922],[140.805175,41.22039],[140.805098,41.220625],[140.804638,41.223586],[140.804227,41.225694],[140.804355,41.225784],[140.804565,41.225811],[140.804793,41.225934],[140.805353,41.226408],[140.805646,41.22715],[140.805957,41.22739],[140.806461,41.22773],[140.807553,41.228321],[140.809471,41.22918],[140.810297,41.229665],[140.810962,41.230335],[140.811362,41.23053],[140.811766,41.230636],[140.813634,41.230881],[140.815353,41.23121],[140.815996,41.231428],[140.816129,41.231835],[140.816362,41.232013],[140.816822,41.232108],[140.818119,41.23217],[140.818479,41.232415],[140.818928,41.232783],[140.819117,41.233157],[140.819372,41.234612],[140.819466,41.234908],[140.820031,41.235382],[140.820397,41.236598],[140.820613,41.236972],[140.820918,41.237284],[140.821805,41.237317],[140.821955,41.23744],[140.822115,41.237686],[140.822293,41.238176],[140.822426,41.238327],[140.822953,41.238684],[140.823169,41.238974],[140.823263,41.239387],[140.823235,41.23976],[140.823324,41.240039],[140.823784,41.240619],[140.823989,41.240971],[140.824056,41.241422],[140.823989,41.241874],[140.823862,41.242331],[140.82344,41.243224],[140.823379,41.243954],[140.82369,41.245773],[140.823717,41.246336],[140.823928,41.246754],[140.824094,41.247357],[140.824083,41.247485],[140.823634,41.247775],[140.823185,41.248316],[140.822465,41.248924],[140.821179,41.249638],[140.820757,41.249995],[140.819416,41.251757],[140.818745,41.25333],[140.818274,41.254016],[140.816694,41.255929],[140.816506,41.256308],[140.814233,41.256905],[140.813762,41.256899],[140.813501,41.256944],[140.812842,41.257606],[140.81255,41.258006],[140.812509,41.258349],[140.813158,41.259304],[140.813313,41.259811],[140.813296,41.260276],[140.813102,41.260938],[140.812769,41.261526],[140.812136,41.262203],[140.811527,41.262775],[140.810839,41.263253],[140.810644,41.263518],[140.810673,41.263702],[140.810993,41.264004],[140.811237,41.264351],[140.811432,41.264813],[140.811403,41.265446],[140.81092,41.266793],[140.810904,41.267238],[140.810932,41.267638],[140.81131,41.268647],[140.811373,41.269611],[140.811411,41.272273],[140.811529,41.272726],[140.811858,41.273188],[140.812054,41.273629],[140.81233,41.274821],[140.812458,41.27603],[140.812755,41.276487],[140.812807,41.276736],[140.812422,41.277328],[140.812115,41.277933],[140.811961,41.278553],[140.811596,41.279664],[140.811395,41.279999],[140.811017,41.280444],[140.811322,41.280664],[140.81161,41.280971],[140.811825,41.281453],[140.811929,41.282008],[140.811918,41.283225],[140.81202,41.283507],[140.812454,41.283997],[140.812901,41.284299],[140.813436,41.284544],[140.814276,41.284544],[140.814386,41.284593],[140.814179,41.28485],[140.813875,41.285072],[140.813438,41.285268],[140.812894,41.285472],[140.812507,41.285491],[140.811702,41.285625],[140.810801,41.286233],[140.809596,41.28688],[140.809253,41.287158],[140.808986,41.287225],[140.808622,41.287228],[140.808331,41.287158],[140.807569,41.286737],[140.80736,41.286776],[140.807266,41.286886],[140.807123,41.287662],[140.806983,41.287787],[140.803971,41.289527],[140.802066,41.290938],[140.80091,41.291913],[140.800988,41.291073],[140.800926,41.289216],[140.801035,41.288114],[140.801324,41.286943],[140.801583,41.286502],[140.802182,41.285782],[140.803088,41.28483],[140.803093,41.28466],[140.802167,41.28443],[140.800545,41.284185],[140.800411,41.284089],[140.800376,41.283764],[140.800486,41.283624],[140.801028,41.283243],[140.801486,41.283113],[140.801933,41.282928],[140.802137,41.282793],[140.802162,41.281171],[140.801685,41.280771],[140.801645,41.28057],[140.80167,41.28024],[140.802122,41.27998],[140.802466,41.279864],[140.802605,41.279704],[140.802645,41.279534],[140.802496,41.278938],[140.801719,41.277452],[140.801441,41.277006],[140.800809,41.275549],[140.800043,41.276065],[140.798092,41.277141],[140.798018,41.277246],[140.797341,41.27727],[140.797043,41.27759],[140.796941,41.277965],[140.796833,41.278913],[140.796331,41.279179],[140.795803,41.279357],[140.795816,41.279128],[140.795742,41.27887],[140.795418,41.278717],[140.795,41.278254],[140.794745,41.278215],[140.795916,41.277608],[140.7966,41.276611],[140.796898,41.276017],[140.796938,41.27574],[140.796916,41.275512],[140.79684,41.275431],[140.796596,41.275382],[140.796276,41.275449],[140.796067,41.275561],[140.796063,41.27582],[140.79596,41.276142],[140.795743,41.276334],[140.795503,41.276424],[140.795272,41.276343],[140.794996,41.276026],[140.794543,41.275297],[140.794419,41.274984],[140.794312,41.273652],[140.794419,41.273062],[140.794561,41.272682],[140.795196,41.271832],[140.795054,41.271139],[140.795094,41.270867],[140.795249,41.27058],[140.795263,41.270259],[140.79485,41.268958],[140.79469,41.26868],[140.794539,41.268211],[140.794667,41.26805],[140.795738,41.267214],[140.796836,41.266016],[140.797356,41.265287],[140.797556,41.264831],[140.797876,41.263758],[140.797867,41.263463],[140.797764,41.263351],[140.795125,41.262292],[140.793014,41.26129],[140.792855,41.25977],[140.79257,41.259355],[140.792304,41.259055],[140.791073,41.258237],[140.7903,41.257633],[140.789366,41.256686],[140.789095,41.256216],[140.788935,41.25606],[140.788091,41.256377],[140.787425,41.256525],[140.787229,41.256641],[140.787043,41.256985],[140.786812,41.257052],[140.785327,41.257027],[140.785452,41.256947],[140.785401,41.256809],[140.785427,41.256711],[140.785168,41.256594],[140.78514,41.256511],[140.785282,41.25638],[140.785382,41.256375],[140.78538,41.2562],[140.785236,41.25584],[140.785163,41.255746],[140.784965,41.255642],[140.785642,41.255076],[140.785855,41.255138],[140.786061,41.255367],[140.786535,41.255414],[140.787958,41.254655],[140.788164,41.254498],[140.788814,41.253452],[140.789275,41.252518],[140.789869,41.250973],[140.789988,41.250391],[140.789887,41.250275],[140.78962,41.250297],[140.788988,41.250577],[140.788294,41.250802],[140.787792,41.250922],[140.787456,41.250951],[140.787199,41.250784],[140.786751,41.250257],[140.7863,41.249824],[140.784324,41.248617],[140.784244,41.248425],[140.78462,41.247803],[140.785144,41.247356],[140.786224,41.2462],[140.786647,41.246022],[140.787199,41.245921],[140.787983,41.245695],[140.789233,41.245183],[140.789526,41.244917],[140.790364,41.243594],[140.79092,41.243038],[140.792143,41.242122],[140.795409,41.240807],[140.796095,41.23992],[140.79713,41.238764],[140.797397,41.238557],[140.798033,41.238233],[140.797994,41.238099],[140.797329,41.237292],[140.797015,41.236837],[140.796482,41.235656],[140.795774,41.233766],[140.795665,41.233708],[140.791222,41.233563],[140.789741,41.233323],[140.787593,41.232712],[140.787413,41.232748],[140.787001,41.233435],[140.786332,41.233261],[140.785462,41.233434],[140.785452,41.23334],[140.785376,41.233298],[140.785387,41.233215],[140.785489,41.233144],[140.785439,41.233058],[140.785459,41.232931],[140.785366,41.232868],[140.78541,41.232772],[140.785323,41.232645],[140.785346,41.232553],[140.78517,41.232405],[140.785249,41.231892],[140.785451,41.231751],[140.788755,41.23038],[140.789333,41.228716],[140.78986,41.227654],[140.791738,41.224514],[140.792736,41.223256],[140.792887,41.222958],[140.792938,41.222697],[140.792808,41.222486],[140.792475,41.222239],[140.792345,41.221926],[140.792251,41.221454],[140.792263,41.220764],[140.792479,41.21959],[140.792643,41.218252],[140.792857,41.217283],[140.79279,41.216985],[140.792612,41.21679],[140.792148,41.216442],[140.791261,41.21597],[140.790742,41.21576],[140.79039,41.215483],[140.789671,41.214139],[140.788881,41.213457],[140.788843,41.211683],[140.78869,41.210473],[140.788395,41.209314],[140.787729,41.207427],[140.787301,41.206812],[140.786139,41.205653],[140.785507,41.205278],[140.784972,41.205043],[140.784279,41.204884],[140.783739,41.204832],[140.783245,41.204607],[140.782837,41.204325],[140.782414,41.20375],[140.78223,41.203402],[140.782235,41.201694],[140.782134,41.201453],[140.78011,41.201181],[140.777501,41.200602],[140.776741,41.20034],[140.776262,41.200048],[140.775895,41.199751],[140.77507,41.198438],[140.774876,41.198243],[140.774682,41.198192],[140.773072,41.198402],[140.772413,41.19833],[140.771802,41.198176],[140.770785,41.198169],[140.769884,41.197208],[140.768732,41.195586],[140.768513,41.194937],[140.768037,41.192669],[140.767498,41.190806],[140.767396,41.190336],[140.767403,41.189654],[140.767585,41.189015],[140.768453,41.18713],[140.768883,41.185714],[140.769117,41.185449],[140.770101,41.184972],[140.77075,41.18473],[140.770838,41.184584],[140.77048,41.183256],[140.770473,41.182742],[140.770619,41.182228],[140.770998,41.181443],[140.77129,41.180695],[140.771341,41.180313],[140.771334,41.177474],[140.771253,41.175881],[140.771202,41.172558],[140.771312,41.172235],[140.771844,41.17123],[140.77207,41.170943],[140.772114,41.17065],[140.772005,41.168368],[140.771618,41.167018],[140.771407,41.166526],[140.771377,41.165778],[140.77215,41.163665],[140.772435,41.163026],[140.772654,41.162124],[140.772778,41.161882],[140.773857,41.161449],[140.774674,41.160987],[140.774914,41.160678],[140.775374,41.159813],[140.776358,41.158191],[140.776475,41.157912],[140.776417,41.157707],[140.775476,41.156291],[140.775095,41.155252],[140.772761,41.154515],[140.77228,41.154284],[140.770307,41.152651],[140.769326,41.151697],[140.7691,41.15132],[140.769031,41.151074],[140.768739,41.150542],[140.768269,41.149823],[140.767802,41.149236],[140.767239,41.148696],[140.766887,41.148264],[140.766234,41.147049],[140.76599,41.14571],[140.765636,41.14505],[140.765149,41.144485]]],[[[140.806859,41.329096],[140.810276,41.329022],[140.812519,41.328875],[140.813558,41.328692],[140.814967,41.328047],[140.815745,41.327745],[140.816875,41.327464],[140.819676,41.326622],[140.82089,41.325955],[140.821176,41.32573],[140.821455,41.325611],[140.823416,41.325597],[140.825543,41.325365],[140.82668,41.325056],[140.827113,41.325049],[140.829938,41.324067],[140.830629,41.323933],[140.831355,41.323849],[140.83252,41.323884],[140.834236,41.324081],[140.834913,41.324046],[140.835429,41.323547],[140.836008,41.323266],[140.83651,41.323161],[140.837843,41.323119],[140.838289,41.323063],[140.838805,41.322852],[140.839496,41.322705],[140.840124,41.322684],[140.841094,41.322291],[140.841693,41.3222],[140.842147,41.322052],[140.842566,41.321778],[140.842747,41.321491],[140.842991,41.320936],[140.843312,41.32055],[140.843793,41.320262],[140.844149,41.320122],[140.845314,41.320017],[140.845705,41.319848],[140.845921,41.31968],[140.846451,41.318641],[140.846493,41.318388],[140.845914,41.31789],[140.845007,41.317223],[140.843919,41.317132],[140.843333,41.316963],[140.842747,41.316718],[140.841903,41.316219],[140.841826,41.316107],[140.8423,41.315658],[140.842321,41.315412],[140.841177,41.314338],[140.840745,41.313777],[140.840075,41.313075],[140.840103,41.312934],[140.840326,41.312787],[140.840438,41.312506],[140.840208,41.311832],[140.840229,41.311657],[140.840333,41.31158],[140.840877,41.311685],[140.841331,41.311713],[140.84184,41.31165],[140.842405,41.311495],[140.842789,41.311215],[140.843186,41.310618],[140.843249,41.310428],[140.842866,41.310021],[140.84274,41.309804],[140.842789,41.309551],[140.843249,41.308933],[140.8435,41.308758],[140.843703,41.308702],[140.844749,41.309074],[140.845551,41.30927],[140.8462,41.30934],[140.846919,41.309214],[140.847721,41.308919],[140.847819,41.308926],[140.847965,41.309095],[140.848837,41.311172],[140.849551,41.312203],[140.845596,41.312299],[140.845337,41.312359],[140.845328,41.312722],[140.845429,41.31307],[140.846284,41.314943],[140.846376,41.315608],[140.846413,41.316844],[140.847527,41.317207],[140.848365,41.317639],[140.84951,41.318438],[140.850637,41.319544],[140.851494,41.320515],[140.851504,41.320729],[140.850464,41.321487],[140.850012,41.321747],[140.848686,41.322031],[140.848169,41.322207],[140.846866,41.322807],[140.846621,41.322969],[140.846626,41.323086],[140.846898,41.32322],[140.84785,41.323467],[140.851092,41.32401],[140.852321,41.324299],[140.854945,41.32513],[140.854788,41.325419],[140.853961,41.326413],[140.854427,41.326887],[140.855423,41.327654],[140.85691,41.329011],[140.858789,41.3305],[140.858789,41.330711],[140.858665,41.330889],[140.856914,41.332083],[140.855171,41.332973],[140.852804,41.333369],[140.852214,41.333527],[140.851827,41.334899],[140.851526,41.336291],[140.851211,41.337241],[140.850292,41.338957],[140.849085,41.33959],[140.847539,41.340491],[140.844692,41.338661],[140.843298,41.337988],[140.842286,41.337631],[140.841205,41.337481],[140.840657,41.33729],[140.840084,41.337006],[140.83956,41.336957],[140.8385,41.336961],[140.837992,41.336819],[140.835154,41.335801],[140.834662,41.335769],[140.833511,41.33525],[140.830261,41.334146],[140.830132,41.334382],[140.830035,41.334755],[140.829721,41.335363],[140.82831,41.337586],[140.8281,41.337683],[140.827713,41.337667],[140.82731,41.337562],[140.826834,41.33718],[140.82652,41.337026],[140.826415,41.337043],[140.826383,41.337318],[140.826536,41.337992],[140.826568,41.339452],[140.826318,41.340328],[140.825907,41.341018],[140.825592,41.341404],[140.817772,41.338168],[140.817116,41.337803],[140.8163,41.337284],[140.815735,41.336624],[140.815267,41.335964],[140.814423,41.334996],[140.813781,41.334301],[140.813446,41.334125],[140.808786,41.333451],[140.808228,41.333206],[140.806979,41.332434],[140.80661,41.332125],[140.80647,41.331907],[140.806456,41.331633],[140.806603,41.331381],[140.806979,41.331037],[140.807161,41.33063],[140.806952,41.329766],[140.806859,41.329096]]],[[[140.827379,41.385159],[140.827782,41.385231],[140.829069,41.385946],[140.830259,41.386264],[140.831279,41.3863],[140.832275,41.386135],[140.833307,41.385891],[140.834709,41.384907],[140.835213,41.384694],[140.836039,41.384455],[140.836822,41.384388],[140.837326,41.384413],[140.838219,41.384608],[140.839554,41.385188],[140.84021,41.385359],[140.840738,41.385366],[140.840981,41.386661],[140.841455,41.387033],[140.841764,41.387204],[140.842408,41.387436],[140.842711,41.387595],[140.842881,41.387858],[140.843003,41.388444],[140.843343,41.389611],[140.843343,41.390075],[140.843276,41.390289],[140.843076,41.390558],[140.842572,41.391053],[140.842499,41.391242],[140.842554,41.392769],[140.842426,41.393136],[140.842086,41.393667],[140.841685,41.394101],[140.840738,41.394761],[140.840763,41.395011],[140.84126,41.39542],[140.841181,41.395659],[140.84075,41.396215],[140.840835,41.396599],[140.841887,41.398239],[140.842047,41.398829],[140.841905,41.399187],[140.841611,41.39959],[140.840195,41.401075],[140.840053,41.401388],[140.84008,41.401643],[140.840222,41.401813],[140.840422,41.401947],[140.840511,41.402233],[140.840262,41.402761],[140.840235,41.403087],[140.84036,41.403365],[140.840627,41.403615],[140.841756,41.404138],[140.841827,41.404348],[140.841818,41.404948],[140.841662,41.405377],[140.841636,41.405605],[140.8418,41.405806],[140.842449,41.40599],[140.842507,41.406196],[140.84248,41.406518],[140.842138,41.407179],[140.842062,41.40743],[140.84216,41.407734],[140.84244,41.4079],[140.843254,41.408168],[140.844196,41.408655],[140.845183,41.409326],[140.845543,41.409693],[140.84597,41.410476],[140.846427,41.410977],[140.84653,41.411294],[140.846556,41.41243],[140.846694,41.412712],[140.846965,41.413003],[140.847379,41.41332],[140.847808,41.413495],[140.848092,41.413754],[140.848092,41.414049],[140.847976,41.414425],[140.847745,41.414899],[140.847461,41.415248],[140.846376,41.415954],[140.845896,41.416375],[140.845603,41.416464],[140.842811,41.416402],[140.841993,41.416437],[140.841816,41.416974],[140.841629,41.417233],[140.840678,41.418119],[140.839234,41.420118],[140.839054,41.420306],[140.838738,41.420246],[140.838541,41.420152],[140.838478,41.419948],[140.838299,41.419995],[140.838247,41.420103],[140.838152,41.420103],[140.838091,41.420242],[140.837824,41.420381],[140.837743,41.420367],[140.837734,41.420281],[140.837611,41.420253],[140.837582,41.420178],[140.837639,41.420156],[140.837582,41.420073],[140.837867,41.419781],[140.837801,41.419673],[140.837843,41.419602],[140.837738,41.419505],[140.837777,41.419405],[140.837617,41.419275],[140.837249,41.419186],[140.837126,41.419106],[140.837332,41.418912],[140.837689,41.418962],[140.837918,41.418808],[140.838194,41.418436],[140.838277,41.418295],[140.838314,41.417963],[140.838314,41.417659],[140.838259,41.417422],[140.837923,41.417322],[140.837854,41.417224],[140.837696,41.417158],[140.837559,41.417263],[140.837447,41.417204],[140.837294,41.417214],[140.837247,41.417043],[140.837123,41.417098],[140.836943,41.417095],[140.836838,41.417036],[140.836699,41.417079],[140.836464,41.416993],[140.836278,41.417036],[140.836161,41.416967],[140.836111,41.416857],[140.835904,41.416914],[140.835729,41.416843],[140.835737,41.41674],[140.835642,41.416619],[140.835681,41.416571],[140.835658,41.416454],[140.835708,41.416402],[140.835613,41.416259],[140.835518,41.416254],[140.835458,41.416139],[140.835369,41.416089],[140.835379,41.415951],[140.835266,41.415914],[140.835214,41.415792],[140.835282,41.415687],[140.835551,41.415651],[140.835446,41.415575],[140.835516,41.415405],[140.835782,41.41536],[140.835933,41.415365],[140.835997,41.415429],[140.836063,41.415405],[140.835933,41.415286],[140.835978,41.415186],[140.836063,41.415165],[140.836372,41.415334],[140.836369,41.415387],[140.836582,41.415529],[140.836791,41.415482],[140.836923,41.415504],[140.836991,41.415592],[140.837181,41.41556],[140.837532,41.415227],[140.837563,41.415127],[140.837342,41.414979],[140.837201,41.414968],[140.837086,41.414862],[140.837163,41.414754],[140.837118,41.414659],[140.837156,41.414529],[140.836974,41.414548],[140.836968,41.414429],[140.837079,41.414396],[140.837123,41.414255],[140.837231,41.414161],[140.837278,41.414164],[140.837303,41.414257],[140.837354,41.414257],[140.837487,41.414105],[140.838139,41.414176],[140.838433,41.413949],[140.838717,41.413961],[140.838971,41.413786],[140.839008,41.413415],[140.838747,41.412857],[140.838134,41.412232],[140.837971,41.411967],[140.837693,41.411787],[140.837396,41.411883],[140.837253,41.411832],[140.837274,41.411778],[140.837477,41.411686],[140.837447,41.411641],[140.837497,41.411538],[140.837396,41.411528],[140.837326,41.411428],[140.837161,41.411428],[140.837086,41.41134],[140.836962,41.411314],[140.836927,41.41124],[140.836743,41.411199],[140.836766,41.411063],[140.836681,41.410973],[140.836521,41.410983],[140.836433,41.410908],[140.836249,41.411018],[140.836082,41.410954],[140.836053,41.410894],[140.835752,41.411033],[140.835594,41.410938],[140.835594,41.410858],[140.835513,41.410758],[140.835576,41.410663],[140.835683,41.410644],[140.835677,41.410487],[140.835836,41.410584],[140.835889,41.410542],[140.836051,41.410551],[140.836167,41.410651],[140.836183,41.41058],[140.836309,41.410482],[140.836481,41.410511],[140.836559,41.410274],[140.836487,41.410163],[140.836543,41.41007],[140.836639,41.410048],[140.836506,41.409873],[140.836081,41.409659],[140.835921,41.409517],[140.835829,41.409512],[140.835788,41.409417],[140.835832,41.409364],[140.835811,41.409226],[140.835917,41.409157],[140.835914,41.408894],[140.836006,41.408844],[140.836032,41.408744],[140.836158,41.408706],[140.836096,41.408646],[140.836196,41.408528],[140.836139,41.408463],[140.836171,41.408356],[140.836237,41.408337],[140.836183,41.40816],[140.836291,41.408056],[140.836212,41.408005],[140.836214,41.407948],[140.836278,41.40791],[140.836164,41.407877],[140.836086,41.407746],[140.836104,41.407622],[140.836038,41.40756],[140.836088,41.407469],[140.836016,41.4074],[140.836051,41.407069],[140.836111,41.407008],[140.836103,41.406929],[140.836219,41.406884],[140.836261,41.406774],[140.835951,41.406274],[140.835997,41.406064],[140.835602,41.405882],[140.835049,41.405747],[140.834983,41.405904],[140.834668,41.405859],[140.833586,41.405434],[140.833541,41.40547],[140.833402,41.405424],[140.833256,41.405444],[140.83319,41.405372],[140.833045,41.405386],[140.832944,41.40531],[140.832789,41.405348],[140.832726,41.405257],[140.832731,41.405209],[140.832874,41.405109],[140.833014,41.405109],[140.83314,41.405019],[140.833431,41.404981],[140.833437,41.404676],[140.833504,41.404626],[140.833539,41.404504],[140.833624,41.404461],[140.833496,41.404193],[140.833085,41.403652],[140.832959,41.403399],[140.832831,41.403326],[140.832987,41.402937],[140.833147,41.40278],[140.833115,41.402678],[140.833189,41.402646],[140.833122,41.402526],[140.833201,41.402458],[140.833145,41.402396],[140.833147,41.402311],[140.833236,41.402253],[140.833205,41.402183],[140.833265,41.402081],[140.833232,41.40195],[140.833249,41.401857],[140.833315,41.401814],[140.833267,41.401521],[140.833145,41.401356],[140.833236,41.401245],[140.83322,41.401096],[140.833385,41.40102],[140.833331,41.401015],[140.833361,41.400488],[140.832914,41.400421],[140.832831,41.400359],[140.832786,41.399661],[140.832457,41.399199],[140.831656,41.398413],[140.831175,41.398784],[140.831702,41.399643],[140.831329,41.40054],[140.831155,41.400493],[140.831542,41.39968],[140.831011,41.398777],[140.830806,41.39878],[140.830755,41.398934],[140.830636,41.399017],[140.830386,41.39895],[140.830451,41.39875],[140.830389,41.398701],[140.830387,41.398619],[140.83047,41.398508],[140.830705,41.398492],[140.830717,41.398402],[140.830445,41.398292],[140.8304,41.398161],[140.830312,41.398102],[140.830322,41.398031],[140.830422,41.397941],[140.830583,41.397895],[140.830772,41.397995],[140.830795,41.397863],[140.831375,41.397359],[140.83145,41.397071],[140.83145,41.396654],[140.831255,41.396182],[140.830994,41.395821],[140.830955,41.395863],[140.830762,41.395878],[140.830767,41.395934],[140.830579,41.396072],[140.830255,41.396105],[140.83024,41.395936],[140.830527,41.395764],[140.830622,41.395767],[140.830672,41.395669],[140.830794,41.395643],[140.829464,41.394238],[140.829222,41.394154],[140.829257,41.393914],[140.829201,41.393882],[140.829169,41.393751],[140.829222,41.393631],[140.829215,41.393361],[140.828909,41.39241],[140.828895,41.391818],[140.828484,41.391019],[140.828208,41.390771],[140.827834,41.390124],[140.827722,41.389505],[140.827535,41.389088],[140.827453,41.388767],[140.827438,41.388429],[140.827573,41.387957],[140.827408,41.387247],[140.827132,41.386724],[140.827132,41.386493],[140.82734,41.385739],[140.827379,41.385159]]],[[[140.884322,41.334464],[140.884906,41.334518],[140.88537,41.33489],[140.885772,41.335333],[140.886605,41.335776],[140.88755,41.336002],[140.888093,41.336044],[140.888819,41.335973],[140.889652,41.335776],[140.890555,41.335324],[140.891028,41.335211],[140.891454,41.335211],[140.891837,41.335305],[140.893428,41.335879],[140.893957,41.335964],[140.89479,41.335969],[140.896695,41.335827],[140.897963,41.33554],[140.899905,41.334956],[140.900921,41.334787],[140.901122,41.334867],[140.901394,41.3349],[140.901941,41.334876],[140.903046,41.334697],[140.904506,41.334325],[140.905545,41.334165],[140.906074,41.334236],[140.906799,41.334443],[140.907389,41.3345],[140.908329,41.334377],[140.908914,41.334391],[140.910197,41.335437],[140.910931,41.335827],[140.911451,41.335846],[140.912251,41.335766],[140.91343,41.33538],[140.913838,41.335338],[140.915204,41.335559],[140.917128,41.335568],[140.917989,41.33539],[140.91826,41.335164],[140.918878,41.333873],[140.919238,41.333346],[140.919954,41.332715],[140.920216,41.332357],[140.920235,41.332046],[140.920097,41.331693],[140.919704,41.331034],[140.919056,41.330596],[140.917408,41.329857],[140.917324,41.329758],[140.917376,41.329362],[140.917502,41.329061],[140.919112,41.327649],[140.919594,41.327022],[140.92001,41.32665],[140.920801,41.326302],[140.922341,41.326029],[140.923394,41.325266],[140.923904,41.325271],[140.925481,41.325563],[140.925776,41.325492],[140.926413,41.32504],[140.926881,41.324842],[140.927419,41.324753],[140.927999,41.324804],[140.92894,41.325186],[140.929815,41.325412],[140.930615,41.325421],[140.931486,41.325285],[140.931846,41.325049],[140.932361,41.323552],[140.932684,41.322996],[140.933044,41.322709],[140.933484,41.322563],[140.935033,41.322243],[140.935679,41.321923],[140.935843,41.321621],[140.935852,41.321118],[140.935955,41.320369],[140.93618,41.319978],[140.936418,41.31979],[140.936886,41.319649],[140.937331,41.319583],[140.937911,41.319559],[140.938613,41.319738],[140.940363,41.320308],[140.94136,41.320769],[140.943054,41.321659],[140.943705,41.322121],[140.944374,41.322681],[140.945034,41.323091],[140.945961,41.323382],[140.946709,41.323524],[140.947753,41.323547],[140.948277,41.323246],[140.9489,41.322356],[140.949134,41.321791],[140.949171,41.321334],[140.949096,41.320717],[140.949129,41.320119],[140.9508,41.31776],[140.95086,41.317247],[140.950977,41.317012],[140.952297,41.315721],[140.953093,41.314224],[140.954005,41.313226],[140.955227,41.311681],[140.955494,41.311422],[140.955807,41.311375],[140.956504,41.311432],[140.957375,41.311422],[140.957862,41.311244],[140.958325,41.310754],[140.958849,41.309911],[140.95935,41.309393],[140.959846,41.309252],[140.96001,41.30928],[140.96015,41.309468],[140.96015,41.310222],[140.960061,41.31065],[140.959832,41.311319],[140.959326,41.312341],[140.958372,41.313857],[140.958311,41.314252],[140.958465,41.314441],[140.958816,41.314686],[140.960567,41.315623],[140.96162,41.315797],[140.962237,41.315825],[140.962574,41.315976],[140.963985,41.315919],[140.964154,41.31703],[140.962385,41.317238],[140.962226,41.317341],[140.962235,41.318311],[140.962291,41.318801],[140.962647,41.319931],[140.962647,41.320835],[140.963667,41.318895],[140.964163,41.318321],[140.9648,41.318095],[140.965904,41.317859],[140.966978,41.317723],[140.96812,41.317718],[140.969589,41.317902],[140.970334,41.318071],[140.971204,41.318316],[140.973408,41.319159],[140.974691,41.319564],[140.974995,41.319729],[140.975814,41.320487],[140.976619,41.321504],[140.976993,41.322149],[140.977241,41.322403],[140.977587,41.322634],[140.978697,41.3231],[140.979441,41.323359],[140.980007,41.323411],[140.980919,41.32407],[140.981322,41.324484],[140.981612,41.324578],[140.982492,41.324447],[140.982824,41.324484],[140.983199,41.324546],[140.984401,41.324908],[140.985131,41.324903],[140.985581,41.324696],[140.986133,41.324546],[140.986512,41.324588],[140.986975,41.324724],[140.98797,41.325355],[140.988709,41.326081],[140.991021,41.327945],[140.991695,41.328237],[140.992572,41.328774],[140.99421,41.329664],[140.995563,41.330229],[140.997409,41.330747],[141.000678,41.331378],[141.00269,41.331359],[141.003037,41.331448],[141.003856,41.331896],[141.00401,41.331825],[141.004436,41.331091],[141.007319,41.328783],[141.007969,41.32852],[141.008348,41.328435],[141.00884,41.328496],[141.009359,41.328331],[141.011358,41.327197],[141.011886,41.32666],[141.012303,41.325855],[141.01249,41.32584],[141.013637,41.326198],[141.014992,41.326368],[141.01581,41.327154],[141.016528,41.327725],[141.017102,41.328027],[141.017888,41.328353],[141.018979,41.329024],[141.019659,41.330305],[141.019977,41.330801],[141.021175,41.330499],[141.022728,41.329891],[141.022853,41.330041],[141.023352,41.33173],[141.023389,41.333286],[141.02314,41.334962],[141.023159,41.335407],[141.023283,41.335621],[141.023558,41.335778],[141.023901,41.335771],[141.025672,41.334943],[141.025735,41.335853],[141.026228,41.337472],[141.026558,41.338188],[141.026957,41.338169],[141.027294,41.338307],[141.027531,41.338313],[141.027787,41.338219],[141.027924,41.338081],[141.028055,41.337366],[141.028236,41.337165],[141.028592,41.336958],[141.028685,41.336713],[141.028598,41.336368],[141.02811,41.335602],[141.028136,41.333989],[141.028194,41.333204],[141.028387,41.332975],[141.028743,41.332702],[141.029105,41.332709],[141.029289,41.332881],[141.029607,41.333612],[141.029722,41.333747],[141.029938,41.333848],[141.030087,41.333829],[141.030329,41.333531],[141.030493,41.333051],[141.030642,41.332828],[141.030848,41.33269],[141.031138,41.332589],[141.031266,41.332464],[141.031279,41.332181],[141.031391,41.332015],[141.031834,41.331682],[141.031934,41.331165],[141.03232,41.330659],[141.032377,41.330161],[141.032299,41.329887],[141.03208,41.32969],[141.031853,41.329589],[141.031531,41.329527],[141.030371,41.328243],[141.030524,41.327779],[141.030642,41.32759],[141.030911,41.327487],[141.032745,41.327622],[141.033244,41.327747],[141.033777,41.328014],[141.035193,41.328538],[141.035764,41.328582],[141.03591,41.328485],[141.035938,41.328381],[141.035901,41.328121],[141.035583,41.327735],[141.034608,41.327339],[141.033785,41.327264],[141.03346,41.327139],[141.033117,41.326837],[141.032849,41.326373],[141.032755,41.325927],[141.032556,41.32562],[141.03218,41.325378],[141.031893,41.325105],[141.031675,41.324835],[141.031525,41.324556],[141.031456,41.324364],[141.031572,41.324151],[141.03174,41.323985],[141.031987,41.323884],[141.032255,41.324044],[141.032542,41.324295],[141.032848,41.324443],[141.03378,41.32449],[141.034292,41.32444],[141.034697,41.324239],[141.035031,41.323505],[141.035227,41.323385],[141.035789,41.323467],[141.036416,41.323731],[141.036659,41.323731],[141.036877,41.323618],[141.037083,41.323417],[141.037173,41.323263],[141.037248,41.322977],[141.037411,41.322792],[141.037947,41.322497],[141.038434,41.321841],[141.038493,41.321518],[141.038278,41.321047],[141.038405,41.32085],[141.038396,41.320577],[141.038137,41.320235],[141.038228,41.32004],[141.038402,41.319911],[141.039662,41.320461],[141.04399,41.321777],[141.044364,41.321783],[141.04544,41.321567],[141.046198,41.321331],[141.046678,41.321084],[141.046937,41.321024],[141.047003,41.321212],[141.047036,41.323286],[141.046986,41.324429],[141.046661,41.32628],[141.046636,41.326657],[141.046674,41.326964],[141.046767,41.327209],[141.047241,41.327787],[141.048096,41.32869],[141.049662,41.330153],[141.050248,41.330586],[141.050747,41.330787],[141.051489,41.331207],[141.052144,41.331508],[141.05196,41.332211],[141.051383,41.333868],[141.051383,41.334402],[141.051546,41.334967],[141.051733,41.335186],[141.052444,41.3355],[141.054583,41.335475],[141.054552,41.335756],[141.054201,41.336333],[141.054176,41.336654],[141.054456,41.33709],[141.054769,41.33743],[141.054782,41.337694],[141.054182,41.338759],[141.053921,41.339625],[141.053787,41.33992],[141.053295,41.340466],[141.053244,41.340658],[141.053347,41.340889],[141.054654,41.341634],[141.055375,41.342147],[141.056216,41.342269],[141.056926,41.342516],[141.057165,41.342676],[141.057452,41.342971],[141.057733,41.343353],[141.057911,41.343482],[141.058607,41.343559],[141.05868,41.343642],[141.058603,41.343809],[141.058106,41.344149],[141.057659,41.344348],[141.057411,41.34455],[141.057041,41.345012],[141.056894,41.345323],[141.056789,41.345785],[141.056843,41.346186],[141.057285,41.347033],[141.057285,41.347239],[141.057151,41.347438],[141.056883,41.347649],[141.055767,41.348298],[141.055678,41.348407],[141.055722,41.349266],[141.055831,41.349414],[141.056258,41.349716],[141.056328,41.349895],[141.056475,41.350043],[141.057251,41.350386],[141.057299,41.350688],[141.057577,41.350903],[141.057596,41.351018],[141.05751,41.351269],[141.057098,41.35191],[141.057004,41.352167],[141.057272,41.353386],[141.057482,41.353649],[141.058764,41.35456],[141.059192,41.354933],[141.059498,41.355279],[141.05974,41.35569],[141.059989,41.356319],[141.060238,41.357538],[141.061105,41.358725],[141.061449,41.359116],[141.062081,41.359559],[141.062802,41.359938],[141.063707,41.360496],[141.064606,41.361279],[141.064944,41.361433],[141.065244,41.361549],[141.066169,41.3616],[141.066528,41.361401],[141.06685,41.36133],[141.067092,41.36134],[141.067421,41.361491],[141.068444,41.361481],[141.068648,41.361577],[141.069136,41.36202],[141.069356,41.362335],[141.069618,41.362511],[141.070255,41.362713],[141.070542,41.363028],[141.070759,41.363409],[141.070726,41.364715],[141.070879,41.365851],[141.071121,41.366345],[141.071982,41.367609],[141.072352,41.367949],[141.072773,41.368521],[141.073054,41.369162],[141.073443,41.369509],[141.073819,41.369765],[141.074163,41.370106],[141.075535,41.372063],[141.075879,41.373019],[141.076051,41.373237],[141.076619,41.373763],[141.076785,41.374013],[141.076753,41.374694],[141.076612,41.375297],[141.075956,41.377081],[141.07579,41.377941],[141.075764,41.378223],[141.075828,41.378576],[141.075994,41.378948],[141.076,41.379179],[141.075847,41.379455],[141.075075,41.379891],[141.07364,41.380559],[141.072888,41.380334],[141.07248,41.38027],[141.071829,41.380238],[141.07114,41.380283],[141.070643,41.38036],[141.070305,41.380482],[141.068793,41.381354],[141.068054,41.381406],[141.067671,41.381374],[141.067193,41.381194],[141.066045,41.38052],[141.064565,41.379789],[141.064061,41.379705],[141.063143,41.379712],[141.06232,41.379795],[141.06091,41.380052],[141.060292,41.380276],[141.059737,41.380546],[141.059144,41.380931],[141.058653,41.381335],[141.058213,41.381804],[141.057754,41.38242],[141.057435,41.383119],[141.057007,41.384531],[141.056861,41.384704],[141.056561,41.384762],[141.055572,41.384762],[141.055381,41.384017],[141.055853,41.382811],[141.056276,41.381293],[141.056438,41.380918],[141.05701,41.380533],[141.060444,41.378987],[141.059884,41.378547],[141.05971,41.378078],[141.05971,41.375613],[141.059909,41.375341],[141.060519,41.374985],[141.06195,41.374273],[141.062087,41.374029],[141.062062,41.373598],[141.061925,41.373214],[141.061888,41.372905],[141.062174,41.372305],[141.062124,41.371611],[141.061688,41.370515],[141.061278,41.36984],[141.061315,41.369559],[141.061713,41.368706],[141.061614,41.368293],[141.060494,41.367066],[141.060009,41.366325],[141.05976,41.365144],[141.059959,41.364488],[141.059897,41.364085],[141.058752,41.361855],[141.058342,41.360449],[141.058118,41.360055],[141.057757,41.359784],[141.056762,41.359399],[141.056413,41.359137],[141.055704,41.358322],[141.055393,41.3582],[141.054883,41.358097],[141.053925,41.357469],[141.053303,41.357122],[141.052967,41.356766],[141.052345,41.35551],[141.052245,41.354985],[141.052283,41.354488],[141.052544,41.354029],[141.052494,41.353729],[141.05176,41.352839],[141.051872,41.351077],[141.052108,41.35013],[141.052071,41.349146],[141.051499,41.34849],[141.050864,41.347375],[141.050715,41.346035],[141.050528,41.345388],[141.048986,41.343223],[141.048227,41.342501],[141.047804,41.34177],[141.047679,41.341142],[141.047082,41.340599],[141.046945,41.340618],[141.047169,41.342689],[141.046982,41.34372],[141.046696,41.344198],[141.045788,41.345079],[141.043984,41.346644],[141.040189,41.34655],[141.037166,41.347628],[141.036979,41.347366],[141.032998,41.349053],[141.031791,41.349306],[141.031119,41.349362],[141.030111,41.349109],[141.029253,41.348734],[141.028233,41.349334],[141.028046,41.34969],[141.027922,41.35028],[141.027623,41.350561],[141.02674,41.351021],[141.02623,41.351433],[141.026441,41.352014],[141.026976,41.35268],[141.027076,41.353523],[141.027275,41.353757],[141.027959,41.35416],[141.028245,41.354479],[141.02837,41.354882],[141.028457,41.355547],[141.028631,41.355838],[141.029527,41.356456],[141.028469,41.358106],[141.027449,41.3582],[141.025234,41.358893],[141.024202,41.359427],[141.02394,41.359746],[141.023629,41.360515],[141.023343,41.360833],[141.022883,41.361002],[141.020992,41.36088],[141.020096,41.360889],[141.019387,41.361068],[141.018093,41.361649],[141.014646,41.35983],[141.013788,41.359512],[141.012594,41.359399],[141.010802,41.358743],[141.009446,41.359043],[141.009097,41.359034],[141.008314,41.358903],[141.007418,41.358912],[141.006373,41.359259],[141.005527,41.359315],[141.004208,41.35894],[141.002926,41.358987],[141.002628,41.358406],[141.002379,41.358228],[141.002105,41.358134],[141.001856,41.358125],[141.001259,41.357647],[141.000649,41.357422],[140.999841,41.35685],[140.998932,41.356447],[140.998733,41.356157],[140.998422,41.355538],[140.997153,41.354966],[140.996556,41.354404],[140.996058,41.353692],[140.996009,41.352998],[140.996121,41.35207],[140.996656,41.350365],[140.994802,41.350383],[140.993421,41.350702],[140.991542,41.350702],[140.990746,41.351349],[140.990161,41.351564],[140.989502,41.351714],[140.988892,41.352052],[140.987673,41.353232],[140.987225,41.353476],[140.986578,41.353607],[140.985495,41.353682],[140.985122,41.353879],[140.983828,41.354948],[140.982671,41.355023],[140.982012,41.355304],[140.981638,41.355519],[140.981128,41.357253],[140.980544,41.35759],[140.9791,41.358031],[140.977931,41.358237],[140.976973,41.358799],[140.976338,41.359362],[140.976015,41.360074],[140.975293,41.361114],[140.974547,41.36267],[140.973054,41.364816],[140.972643,41.365613],[140.971996,41.367497],[140.971673,41.371986],[140.971399,41.372858],[140.970876,41.373973],[140.971113,41.375744],[140.971026,41.376288],[140.971735,41.376278],[140.973962,41.375641],[140.974323,41.37566],[140.975194,41.376194],[140.976177,41.376513],[140.97762,41.376728],[140.978155,41.37745],[140.978329,41.377919],[140.978279,41.378725],[140.97803,41.379062],[140.977135,41.379709],[140.976811,41.380271],[140.976848,41.380974],[140.977097,41.381424],[140.977508,41.381742],[140.97874,41.382408],[140.980967,41.384666],[140.981439,41.385482],[140.981713,41.386316],[140.982348,41.387375],[140.983131,41.388275],[140.983741,41.388743],[140.98445,41.389118],[140.985271,41.389353],[140.985545,41.389577],[140.985769,41.390093],[140.986267,41.390946],[140.987685,41.392567],[140.988021,41.392801],[140.989228,41.393026],[140.989427,41.393214],[140.989614,41.393729],[140.989862,41.394207],[140.990497,41.395023],[140.991094,41.395435],[140.991194,41.39596],[140.991107,41.396663],[140.99082,41.397103],[140.990982,41.3973],[140.99199,41.397506],[140.993533,41.397956],[140.994752,41.3985],[140.995212,41.398603],[140.996618,41.399578],[140.996992,41.399671],[140.997763,41.399606],[140.998858,41.399353],[141.000376,41.398668],[141.002404,41.399756],[141.003013,41.397319],[141.00432,41.39865],[141.004967,41.399756],[141.005502,41.400205],[141.005987,41.400243],[141.006472,41.400121],[141.007144,41.399568],[141.007667,41.399325],[141.008052,41.399315],[141.009023,41.399531],[141.008936,41.398322],[141.009209,41.39775],[141.009719,41.397028],[141.009869,41.39656],[141.009906,41.395294],[141.01023,41.39491],[141.010988,41.39431],[141.01176,41.394132],[141.018043,41.393982],[141.018677,41.393804],[141.019125,41.393476],[141.01925,41.393176],[141.019163,41.392155],[141.019337,41.391836],[141.019909,41.39133],[141.020034,41.39103],[141.020295,41.390065],[141.020606,41.389643],[141.020992,41.389418],[141.021987,41.389409],[141.022024,41.387319],[141.022223,41.3867],[141.022783,41.385932],[141.022808,41.385444],[141.023268,41.384957],[141.023704,41.384667],[141.024102,41.384048],[141.026839,41.385613],[141.0273,41.385754],[141.027897,41.385819],[141.028208,41.386007],[141.028892,41.386841],[141.029278,41.387169],[141.029751,41.387403],[141.031169,41.387741],[141.031803,41.387956],[141.032177,41.388303],[141.032463,41.388481],[141.033446,41.388593],[141.034715,41.389193],[141.035499,41.389324],[141.036103,41.389511],[141.036135,41.389842],[141.036089,41.390215],[141.035881,41.39081],[141.035951,41.391184],[141.036902,41.392353],[141.037872,41.393412],[141.038179,41.393832],[141.038411,41.394346],[141.038469,41.394857],[141.037669,41.394902],[141.037136,41.395079],[141.036714,41.395256],[141.036193,41.395759],[141.035985,41.395988],[141.035927,41.396846],[141.035979,41.397382],[141.036122,41.397696],[141.036193,41.398023],[141.035901,41.398442],[141.034425,41.39924],[141.034015,41.39941],[141.033592,41.399397],[141.033326,41.399247],[141.03317,41.398959],[141.03304,41.398278],[141.032864,41.396839],[141.032695,41.396427],[141.03235,41.396126],[141.030497,41.395125],[141.029931,41.394909],[141.029509,41.394817],[141.028839,41.394857],[141.026934,41.395334],[141.022369,41.397074],[141.020346,41.397689],[141.019091,41.39801],[141.01677,41.398435],[141.016257,41.398569],[141.015413,41.398936],[141.014393,41.399457],[141.013107,41.40033],[141.011814,41.401256],[141.010931,41.402075],[141.009424,41.403285],[141.008534,41.403538],[141.007994,41.403522],[141.007347,41.40327],[141.00616,41.40265],[141.00549,41.402443],[141.004958,41.402343],[141.003908,41.402504],[141.002713,41.402787],[141.002118,41.402864],[141.001623,41.402837],[141.000885,41.402443],[140.99996,41.402029],[140.998945,41.401616],[140.997883,41.401271],[140.996633,41.400954],[140.994526,41.400617],[140.992899,41.400544],[140.990752,41.40064],[140.989002,41.401],[140.988273,41.401007],[140.987676,41.400858],[140.98693,41.400479],[140.984862,41.400066],[140.983333,41.399645],[140.981545,41.399231],[140.980337,41.398971],[140.978845,41.39873],[140.978427,41.398557],[140.978096,41.39824],[140.976941,41.395411],[140.976759,41.394906],[140.976517,41.393715],[140.97654,41.393271],[140.976711,41.393011],[140.977027,41.392682],[140.97786,41.392081],[140.978096,41.39179],[140.978176,41.391579],[140.978138,41.391097],[140.977963,41.39081],[140.97724,41.390216],[140.976167,41.39009],[140.973509,41.389979],[140.973296,41.389726],[140.973243,41.38942],[140.973487,41.388616],[140.973608,41.388035],[140.973646,41.387376],[140.973601,41.386917],[140.973319,41.38632],[140.972924,41.386013],[140.972315,41.38583],[140.971858,41.385776],[140.97096,41.38596],[140.969538,41.386373],[140.968919,41.386343],[140.968033,41.385837],[140.967306,41.385056],[140.966857,41.384781],[140.965625,41.384164],[140.964841,41.383686],[140.964268,41.383158],[140.963547,41.382362],[140.963182,41.382032],[140.962421,41.381577],[140.962025,41.380991],[140.962037,41.380735],[140.962682,41.37959],[140.962788,41.377378],[140.962994,41.376811],[140.963481,41.37616],[140.964272,41.375448],[140.964987,41.374384],[140.965535,41.374009],[140.965999,41.373764],[140.967141,41.373412],[140.967529,41.373167],[140.96781,41.372868],[140.96797,41.372371],[140.968008,41.37185],[140.967955,41.371039],[140.967841,41.370763],[140.96762,41.370503],[140.966774,41.370017],[140.9665,41.369752],[140.966287,41.369343],[140.965849,41.368956],[140.96513,41.368738],[140.964871,41.368596],[140.964715,41.368355],[140.964692,41.368095],[140.96489,41.367854],[140.965305,41.367643],[140.965781,41.367494],[140.966138,41.367291],[140.966328,41.367084],[140.966347,41.366388],[140.96626,41.365921],[140.966066,41.365339],[140.965625,41.364412],[140.965484,41.363934],[140.965335,41.363892],[140.964894,41.363953],[140.96459,41.36393],[140.963901,41.363241],[140.963715,41.362529],[140.963585,41.362368],[140.963376,41.362288],[140.963049,41.362257],[140.962577,41.362456],[140.962417,41.362621],[140.962368,41.362981],[140.96244,41.363712],[140.962573,41.363942],[140.963266,41.364569],[140.963532,41.365637],[140.96373,41.366219],[140.963646,41.366449],[140.962636,41.367237],[140.962499,41.367528],[140.962408,41.368838],[140.962621,41.369396],[140.962925,41.369649],[140.963374,41.369909],[140.963831,41.370062],[140.964204,41.370116],[140.964346,41.370357],[140.964407,41.370652],[140.964582,41.370828],[140.964906,41.370966],[140.965229,41.371203],[140.965393,41.371471],[140.965438,41.371743],[140.965385,41.37198],[140.965145,41.37216],[140.963277,41.372983],[140.962855,41.37322],[140.962398,41.373603],[140.962029,41.374216],[140.961824,41.374977],[140.960808,41.375934],[140.960534,41.376398],[140.960405,41.3768],[140.960367,41.378905],[140.960203,41.379315],[140.959781,41.379759],[140.959419,41.379981],[140.959008,41.380356],[140.958761,41.380777],[140.958681,41.381454],[140.958719,41.381898],[140.958849,41.382174],[140.959047,41.382381],[140.959416,41.382603],[140.961105,41.382882],[140.961363,41.383116],[140.961607,41.383571],[140.961752,41.384149],[140.962098,41.384486],[140.963068,41.384934],[140.963304,41.385164],[140.963441,41.38555],[140.963844,41.386105],[140.964304,41.386232],[140.965898,41.386446],[140.966184,41.386568],[140.966496,41.386802],[140.966808,41.387261],[140.967424,41.387893],[140.96825,41.388322],[140.968672,41.388413],[140.969087,41.388383],[140.969661,41.388257],[140.970844,41.387736],[140.971111,41.387717],[140.971244,41.387816],[140.971187,41.388195],[140.970475,41.389696],[140.970327,41.390259],[140.970338,41.390974],[140.970536,41.391349],[140.970768,41.391591],[140.971404,41.392073],[140.971993,41.392306],[140.972419,41.392341],[140.972838,41.392475],[140.973116,41.392613],[140.97331,41.392842],[140.973363,41.393118],[140.972967,41.393796],[140.972895,41.394086],[140.972929,41.394462],[140.973492,41.396039],[140.974246,41.39788],[140.974341,41.399357],[140.97447,41.399564],[140.974778,41.399878],[140.975254,41.400203],[140.975775,41.400307],[140.9774,41.400334],[140.977666,41.400517],[140.9781,41.400992],[140.978617,41.401869],[140.979115,41.402301],[140.979606,41.402634],[140.980105,41.402875],[140.980546,41.402975],[140.981181,41.403017],[140.981653,41.402944],[140.982753,41.402416],[140.983806,41.402071],[140.984282,41.401999],[140.985165,41.401983],[140.985469,41.402033],[140.985895,41.402316],[140.986652,41.403943],[140.986911,41.404173],[140.98744,41.404207],[140.987931,41.404173],[140.988828,41.40366],[140.990331,41.402986],[140.991659,41.402581],[140.992017,41.402546],[140.992972,41.402259],[140.993546,41.402263],[140.99382,41.402347],[140.993995,41.402489],[140.994284,41.403189],[140.993744,41.403413],[140.993402,41.403645],[140.992371,41.404658],[140.991867,41.405014],[140.988573,41.405915],[140.988169,41.406465],[140.987628,41.406972],[140.987224,41.407185],[140.986745,41.407228],[140.98554,41.407185],[140.984906,41.407347],[140.984514,41.407391],[140.984383,41.407222],[140.984346,41.406947],[140.984396,41.406484],[140.984365,41.405915],[140.984271,41.405646],[140.983998,41.405521],[140.983302,41.40544],[140.983059,41.40534],[140.982693,41.40509],[140.98204,41.404108],[140.981742,41.403739],[140.981418,41.403564],[140.980387,41.403288],[140.979361,41.40312],[140.978398,41.40307],[140.977938,41.403176],[140.975868,41.40407],[140.975694,41.404033],[140.975588,41.403901],[140.975532,41.403401],[140.975066,41.402788],[140.975072,41.402532],[140.975402,41.402138],[140.975557,41.401856],[140.975563,41.401519],[140.975445,41.401018],[140.975339,41.400906],[140.974289,41.400305],[140.973723,41.399842],[140.972922,41.398648],[140.97235,41.398029],[140.972685,41.397704],[140.972822,41.397441],[140.972835,41.396853],[140.972679,41.395934],[140.972331,41.394746],[140.971989,41.394039],[140.97087,41.392275],[140.970317,41.391081],[140.969914,41.389934],[140.969873,41.389285],[140.969678,41.389213],[140.969105,41.389213],[140.96869,41.389259],[140.967896,41.389516],[140.967323,41.389532],[140.966806,41.389532],[140.966396,41.389372],[140.965961,41.389316],[140.965552,41.389084],[140.96528,41.388667],[140.965198,41.388244],[140.965198,41.387394],[140.965045,41.387224],[140.964702,41.387023],[140.964231,41.386828],[140.963371,41.386766],[140.96312,41.386683],[140.96248,41.386307],[140.962255,41.386312],[140.961348,41.38658],[140.960929,41.386637],[140.960319,41.386591],[140.959495,41.386385],[140.959254,41.386452],[140.958507,41.386905],[140.957626,41.387018],[140.956956,41.387168],[140.956659,41.386771],[140.956362,41.386565],[140.95609,41.386493],[140.955804,41.386498],[140.955594,41.386385],[140.954918,41.385689],[140.954365,41.385813],[140.954217,41.385772],[140.9537,41.385087],[140.953751,41.384875],[140.954237,41.384474],[140.954355,41.384262],[140.954396,41.383588],[140.954677,41.383268],[140.955092,41.382985],[140.955881,41.382568],[140.956398,41.381965],[140.956485,41.381656],[140.956469,41.381476],[140.956352,41.381285],[140.956126,41.38112],[140.955783,41.38096],[140.955476,41.380718],[140.955108,41.380281],[140.954662,41.379935],[140.954601,41.379812],[140.95456,41.379194],[140.95436,41.378993],[140.954247,41.378756],[140.954232,41.37822],[140.954549,41.377262],[140.954683,41.376659],[140.956546,41.376597],[140.956674,41.376402],[140.956787,41.374362],[140.959039,41.374197],[140.959321,41.374058],[140.960678,41.372518],[140.961103,41.372214],[140.961584,41.372049],[140.961599,41.371951],[140.961471,41.371797],[140.961164,41.371714],[140.960555,41.371343],[140.959946,41.371395],[140.959469,41.371374],[140.959516,41.371199],[140.961246,41.368546],[140.961272,41.36832],[140.961057,41.368222],[140.961026,41.368005],[140.961149,41.367444],[140.961159,41.367022],[140.961051,41.366908],[140.959254,41.366841],[140.958927,41.366785],[140.958246,41.366342],[140.957893,41.366244],[140.957391,41.366326],[140.955824,41.366831],[140.954959,41.366939],[140.954462,41.366898],[140.953956,41.366682],[140.953106,41.366063],[140.952655,41.365826],[140.952235,41.365754],[140.952077,41.365615],[140.952189,41.365383],[140.952507,41.365183],[140.952952,41.365028],[140.953556,41.364904],[140.954256,41.364911],[140.955555,41.364803],[140.956033,41.364566],[140.956585,41.364074],[140.957025,41.363523],[140.957691,41.362368],[140.958024,41.361272],[140.959645,41.36024],[140.959607,41.360138],[140.959414,41.359932],[140.959258,41.35963],[140.959269,41.35862],[140.959441,41.358242],[140.960165,41.357529],[140.960278,41.357168],[140.960262,41.356795],[140.960111,41.35652],[140.960031,41.356196],[140.960224,41.355915],[140.960492,41.355791],[140.961099,41.355672],[140.961539,41.355499],[140.961909,41.35511],[140.96236,41.354905],[140.962677,41.354824],[140.963412,41.354835],[140.963546,41.354678],[140.963552,41.354452],[140.963122,41.354036],[140.96302,41.353798],[140.963128,41.353469],[140.963369,41.353053],[140.965473,41.351827],[140.965559,41.351422],[140.965806,41.350898],[140.966042,41.350591],[140.966632,41.350191],[140.967201,41.349662],[140.967657,41.348787],[140.968618,41.34727],[140.969122,41.346832],[140.969783,41.346508],[140.970534,41.346238],[140.970684,41.34606],[140.971264,41.344851],[140.971903,41.343922],[140.972096,41.343425],[140.972064,41.342993],[140.97186,41.342059],[140.971709,41.341962],[140.971473,41.341935],[140.970319,41.342021],[140.969595,41.342167],[140.966852,41.343063],[140.965747,41.343679],[140.965537,41.344051],[140.965425,41.344521],[140.965382,41.345239],[140.965221,41.345526],[140.964051,41.3466],[140.96324,41.347426],[140.961872,41.349392],[140.960745,41.347135],[140.959961,41.346368],[140.959596,41.346211],[140.957337,41.345952],[140.956859,41.345758],[140.956177,41.345347],[140.95483,41.343916],[140.954326,41.343501],[140.95366,41.343247],[140.952426,41.342998],[140.951744,41.34275],[140.950446,41.342145],[140.94992,41.342215],[140.949061,41.342653],[140.948095,41.343241],[140.947607,41.343306],[140.947011,41.343155],[140.946549,41.342885],[140.945943,41.342718],[140.94524,41.342766],[140.944826,41.342939],[140.944542,41.343144],[140.943737,41.343879],[140.943399,41.343992],[140.940189,41.344068],[140.939712,41.344521],[140.939218,41.345158],[140.937479,41.346179],[140.935601,41.347016],[140.934554,41.347567],[140.933336,41.348058],[140.931216,41.349079],[140.930599,41.349187],[140.929574,41.349214],[140.92813,41.349327],[140.926939,41.350153],[140.925361,41.350974],[140.925119,41.351228],[140.925028,41.35159],[140.925184,41.352076],[140.925752,41.352886],[140.925844,41.353183],[140.925747,41.353366],[140.925334,41.353744],[140.924099,41.354365],[140.923485,41.354981],[140.922377,41.356638],[140.922114,41.3572],[140.922098,41.357627],[140.922264,41.358113],[140.923005,41.359357],[140.92311,41.359623],[140.922993,41.359809],[140.92073,41.360656],[140.920225,41.360737],[140.91953,41.360724],[140.918639,41.360613],[140.916357,41.360495],[140.915645,41.36078],[140.915581,41.360554],[140.915029,41.359897],[140.914339,41.358852],[140.913342,41.357779],[140.91319,41.357737],[140.912133,41.358671],[140.910933,41.359305],[140.910257,41.359795],[140.909807,41.360202],[140.909122,41.360984],[140.908731,41.361173],[140.908148,41.361224],[140.90789,41.361021],[140.907587,41.360535],[140.907063,41.359615],[140.906828,41.359074],[140.906727,41.357908],[140.906543,41.357686],[140.906056,41.357358],[140.905955,41.357205],[140.905964,41.356997],[140.906157,41.356262],[140.906364,41.355966],[140.907417,41.3556],[140.907651,41.355392],[140.908212,41.354629],[140.908207,41.35419],[140.908046,41.353681],[140.907867,41.353353],[140.907522,41.353121],[140.907049,41.352959],[140.90612,41.352992],[140.904888,41.353699],[140.904098,41.354315],[140.903781,41.354703],[140.903201,41.355272],[140.902434,41.355614],[140.901919,41.355906],[140.90151,41.356239],[140.90116,41.356761],[140.900687,41.357233],[140.900278,41.357497],[140.899855,41.357677],[140.899354,41.357705],[140.899083,41.357483],[140.898922,41.357228],[140.898917,41.356803],[140.899087,41.356308],[140.899368,41.355864],[140.899699,41.355369],[140.900076,41.355022],[140.900485,41.354772],[140.900604,41.354643],[140.900623,41.354467],[140.899749,41.353353],[140.899565,41.352885],[140.899524,41.352196],[140.899689,41.351678],[140.90008,41.351091],[140.900655,41.350406],[140.901399,41.349791],[140.901698,41.349467],[140.901772,41.349287],[140.901781,41.349014],[140.901717,41.348746],[140.901445,41.348644],[140.901004,41.348616],[140.900411,41.348774],[140.899621,41.349222],[140.897626,41.350568],[140.897308,41.351105],[140.89706,41.351734],[140.896665,41.352252],[140.895939,41.352751],[140.895235,41.352922],[140.894045,41.352927],[140.893098,41.352825],[140.892652,41.352714],[140.892362,41.352492],[140.892137,41.352131],[140.892036,41.351267],[140.891884,41.351109],[140.89113,41.351206],[140.890795,41.351146],[140.89073,41.350984],[140.891728,41.350106],[140.891737,41.349842],[140.891636,41.349643],[140.89142,41.349578],[140.890813,41.349731],[140.890009,41.350175],[140.889627,41.35024],[140.888625,41.350249],[140.887938,41.35005],[140.887129,41.349588],[140.886476,41.349088],[140.885584,41.347923],[140.884849,41.346119],[140.884665,41.345508],[140.884205,41.34499],[140.883626,41.344204],[140.883166,41.343399],[140.882192,41.341882],[140.881925,41.341374],[140.881787,41.341004],[140.881751,41.339542],[140.881649,41.339043],[140.880592,41.337526],[140.880371,41.336878],[140.880362,41.336453],[140.880445,41.336305],[140.880831,41.336157],[140.8837,41.336425],[140.883794,41.334519],[140.884322,41.334464]]],[[[140.909112,41.535729],[140.909493,41.535768],[140.908614,41.537286],[140.908694,41.53769],[140.909077,41.538785],[140.909541,41.539503],[140.910259,41.540322],[140.910004,41.540588],[140.909924,41.540845],[140.911163,41.542125],[140.911286,41.542491],[140.911243,41.544623],[140.912657,41.543714],[140.912435,41.543319],[140.912875,41.543048],[140.913017,41.543186],[140.914204,41.5439],[140.914984,41.544071],[140.915812,41.544795],[140.916062,41.544652],[140.916918,41.54361],[140.917798,41.542458],[140.917826,41.542258],[140.917642,41.542139],[140.916767,41.542054],[140.916346,41.541835],[140.915762,41.541321],[140.915734,41.540997],[140.915781,41.540322],[140.915904,41.539855],[140.917235,41.538166],[140.917893,41.537528],[140.918626,41.536929],[140.919368,41.53651],[140.920059,41.536263],[140.920465,41.536044],[140.922811,41.53336],[140.923156,41.533184],[140.923194,41.533612],[140.924112,41.53425],[140.924736,41.533769],[140.925043,41.533665],[140.925743,41.533531],[140.926297,41.533008],[140.926807,41.532703],[140.927479,41.53258],[140.928248,41.532518],[140.929052,41.532232],[140.929884,41.532213],[140.930149,41.531899],[140.934611,41.529796],[140.935259,41.529344],[140.937363,41.528587],[140.937296,41.528894],[140.935379,41.529693],[140.934476,41.530208],[140.932596,41.530966],[140.931777,41.531345],[140.931378,41.531624],[140.930464,41.53206],[140.930508,41.532173],[140.930174,41.532547],[140.929946,41.532691],[140.929533,41.532743],[140.929172,41.532666],[140.929069,41.532567],[140.928803,41.532617],[140.928156,41.532854],[140.926644,41.533068],[140.925615,41.533883],[140.925486,41.533896],[140.925511,41.533987],[140.925612,41.534044],[140.925499,41.534173],[140.925397,41.534187],[140.925156,41.534077],[140.925169,41.534001],[140.924825,41.534069],[140.92415,41.534605],[140.923879,41.535041],[140.923594,41.535675],[140.923517,41.536371],[140.923245,41.537158],[140.922991,41.537715],[140.921497,41.539456],[140.921667,41.53954],[140.921338,41.539927],[140.921132,41.539843],[140.920231,41.540699],[140.919772,41.541269],[140.919378,41.541636],[140.916048,41.54521],[140.915326,41.545763],[140.914866,41.546024],[140.913666,41.546461],[140.913299,41.546524],[140.912877,41.546517],[140.912408,41.546369],[140.912033,41.546052],[140.911826,41.545985],[140.911642,41.545809],[140.91125,41.545561],[140.910805,41.54514],[140.910721,41.544928],[140.910711,41.544132],[140.910457,41.544104],[140.910542,41.543343],[140.910702,41.543343],[140.91074,41.542723],[140.91058,41.542406],[140.909632,41.54156],[140.908929,41.541891],[140.908676,41.542215],[140.908414,41.542103],[140.908658,41.541638],[140.909418,41.541243],[140.908152,41.538644],[140.908001,41.538145],[140.907973,41.53787],[140.908202,41.536961],[140.908795,41.53616],[140.909055,41.53591],[140.909112,41.535729]]],[[[140.996492,41.403445],[140.997402,41.40343],[140.997977,41.403722],[140.999948,41.404984],[141.00206,41.405581],[141.003327,41.40573],[141.004389,41.405711],[141.005705,41.40527],[141.006304,41.405133],[141.007311,41.405177],[141.008454,41.405376],[141.009696,41.405413],[141.010591,41.405307],[141.011271,41.405158],[141.01221,41.404592],[141.013,41.403977],[141.013272,41.403629],[141.013711,41.402796],[141.013927,41.402529],[141.014514,41.401982],[141.015323,41.401367],[141.0162,41.400857],[141.017115,41.400453],[141.018634,41.39995],[141.023274,41.399185],[141.024435,41.398893],[141.025621,41.398439],[141.029161,41.396693],[141.029568,41.396686],[141.030507,41.39709],[141.030804,41.397432],[141.030847,41.398004],[141.031079,41.399403],[141.031743,41.401056],[141.032348,41.401653],[141.032947,41.402026],[141.033712,41.402308],[141.034168,41.402255],[141.034678,41.402132],[141.035462,41.401634],[141.035675,41.401389],[141.035911,41.400922],[141.036155,41.400639],[141.037982,41.399307],[141.038271,41.398962],[141.038355,41.397507],[141.038484,41.397285],[141.038766,41.397139],[141.039496,41.397025],[141.040402,41.396986],[141.040638,41.397017],[141.04079,41.397132],[141.040805,41.397697],[141.039879,41.397859],[141.039492,41.398721],[141.039177,41.399216],[141.038856,41.399616],[141.038083,41.400366],[141.036331,41.401995],[141.035475,41.402579],[141.034795,41.402785],[141.034188,41.402818],[141.033475,41.40269],[141.032503,41.402234],[141.031961,41.401812],[141.030781,41.400227],[141.029353,41.397926],[141.029132,41.397693],[141.028917,41.397743],[141.026701,41.398815],[141.025171,41.399471],[141.02411,41.399766],[141.022016,41.400305],[141.02095,41.40045],[141.019375,41.400405],[141.018623,41.400305],[141.018204,41.400439],[141.016712,41.401078],[141.016148,41.401517],[141.015297,41.402312],[141.013551,41.404591],[141.012684,41.405331],[141.011971,41.405859],[141.011689,41.405887],[141.011278,41.405837],[141.010303,41.405421],[141.010166,41.405552],[141.01016,41.405759],[141.00998,41.40589],[141.009184,41.405921],[141.008426,41.405896],[141.007083,41.405765],[141.0063,41.405796],[141.00584,41.405984],[141.004957,41.406741],[141.004181,41.40644],[141.003745,41.406334],[141.002067,41.406415],[141.001557,41.406365],[140.99909,41.405358],[140.99761,41.404258],[140.997119,41.404083],[140.996796,41.404089],[140.996628,41.404033],[140.996541,41.40387],[140.996492,41.403445]]],[[[141.059686,41.33528],[141.061657,41.335224],[141.062699,41.335293],[141.063479,41.335412],[141.064545,41.335682],[141.066654,41.336303],[141.067365,41.336655],[141.068138,41.337352],[141.0686,41.338067],[141.068849,41.338557],[141.070428,41.338481],[141.071525,41.338481],[141.074202,41.338619],[141.074969,41.338713],[141.076559,41.337138],[141.078287,41.335914],[141.078506,41.335939],[141.079098,41.336222],[141.07971,41.336441],[141.080845,41.336655],[141.081656,41.336623],[141.08256,41.336467],[141.083552,41.336266],[141.085399,41.335782],[141.085292,41.33523],[141.084931,41.333975],[141.084662,41.333642],[141.083122,41.332939],[141.083134,41.33277],[141.083901,41.331929],[141.08445,41.331646],[141.085604,41.331521],[141.086422,41.331577],[141.088062,41.332092],[141.08833,41.332268],[141.088792,41.333379],[141.08911,41.333799],[141.089952,41.334433],[141.091019,41.334916],[141.091767,41.335193],[141.092254,41.335312],[141.092965,41.335456],[141.094893,41.335632],[141.096751,41.335563],[141.097519,41.3354],[141.098367,41.335142],[141.099883,41.334596],[141.099908,41.335149],[141.10017,41.335682],[141.100806,41.33636],[141.101243,41.336655],[141.102253,41.337113],[141.102996,41.337508],[141.103569,41.337923],[141.104786,41.339109],[141.105152,41.33959],[141.105755,41.340168],[141.107359,41.341481],[141.107897,41.34177],[141.109226,41.342252],[141.110525,41.342512],[141.111005,41.342553],[141.111438,41.342718],[141.112112,41.343089],[141.112574,41.343513],[141.112931,41.343996],[141.113048,41.344349],[141.113113,41.345289],[141.112543,41.34508],[141.11211,41.345041],[141.111393,41.345135],[141.105883,41.345052],[141.105429,41.345196],[141.104848,41.345851],[141.104569,41.345945],[141.103062,41.345851],[141.102263,41.345521],[141.101901,41.345438],[141.101441,41.345521],[141.100549,41.345818],[141.100275,41.345736],[141.099902,41.345736],[141.098823,41.346083],[141.098604,41.346215],[141.098522,41.346441],[141.098517,41.346832],[141.098643,41.34751],[141.098407,41.347648],[141.097651,41.347648],[141.097087,41.347819],[141.095982,41.348309],[141.094586,41.348343],[141.094074,41.34845],[141.093369,41.348684],[141.092585,41.348517],[141.091913,41.348262],[141.091621,41.348042],[141.091554,41.346985],[141.091275,41.346751],[141.090697,41.346543],[141.089015,41.346196],[141.088144,41.345961],[141.087446,41.345901],[141.086508,41.345928],[141.085923,41.346048],[141.084953,41.346416],[141.084653,41.346303],[141.084088,41.345948],[141.083889,41.346069],[141.083038,41.346898],[141.082799,41.347206],[141.082546,41.34766],[141.082207,41.347961],[141.081496,41.348363],[141.081296,41.348563],[141.081123,41.348824],[141.080977,41.349614],[141.080837,41.349774],[141.080113,41.350015],[141.079568,41.350269],[141.07891,41.350751],[141.078012,41.350878],[141.077334,41.351172],[141.077101,41.351219],[141.075805,41.351246],[141.075094,41.351393],[141.075113,41.351473],[141.07534,41.351587],[141.076018,41.352209],[141.076164,41.352523],[141.077759,41.35255],[141.078305,41.35263],[141.078703,41.352911],[141.079528,41.354109],[141.07982,41.354684],[141.079767,41.356035],[141.079973,41.356664],[141.080625,41.357279],[141.080997,41.357761],[141.081163,41.358336],[141.081423,41.358624],[141.082426,41.359487],[141.082672,41.360242],[141.082998,41.360624],[141.083051,41.361018],[141.082952,41.361446],[141.082985,41.361874],[141.083071,41.362336],[141.083397,41.362858],[141.084467,41.364035],[141.085099,41.36449],[141.085863,41.365165],[141.086249,41.365714],[141.086588,41.36639],[141.086754,41.366838],[141.08702,41.367078],[141.088017,41.367299],[141.08819,41.367406],[141.088363,41.367767],[141.088363,41.368329],[141.088217,41.368945],[141.088223,41.369366],[141.088363,41.369654],[141.089267,41.370403],[141.089626,41.370456],[141.090338,41.37045],[141.09057,41.370523],[141.090956,41.370884],[141.090962,41.371165],[141.09071,41.371754],[141.090517,41.372122],[141.089161,41.374229],[141.089081,41.37447],[141.089054,41.374757],[141.089261,41.375486],[141.089294,41.376008],[141.089279,41.37753],[141.089209,41.377898],[141.08903,41.378132],[141.088714,41.378292],[141.088494,41.378353],[141.088072,41.378349],[141.087584,41.378423],[141.087055,41.378634],[141.086834,41.378945],[141.086736,41.379252],[141.086576,41.380185],[141.085995,41.381149],[141.085938,41.38142],[141.085945,41.381757],[141.086028,41.382206],[141.08632,41.382744],[141.086749,41.382968],[141.08718,41.383052],[141.087765,41.385573],[141.088503,41.387741],[141.087772,41.387678],[141.0821,41.386561],[141.081037,41.386304],[141.079575,41.385845],[141.078728,41.385452],[141.077732,41.38486],[141.077082,41.384295],[141.076322,41.3835],[141.075065,41.382024],[141.076492,41.381428],[141.078052,41.38099],[141.078381,41.380639],[141.078633,41.380239],[141.078817,41.379766],[141.078841,41.379391],[141.078599,41.37787],[141.07857,41.37731],[141.07872,41.376642],[141.079025,41.37594],[141.079655,41.374838],[141.079878,41.374336],[141.079951,41.374102],[141.079931,41.373683],[141.07983,41.37344],[141.078478,41.372411],[141.078149,41.372036],[141.076787,41.369491],[141.076598,41.369194],[141.076138,41.368775],[141.075804,41.368292],[141.075489,41.367449],[141.07437,41.366353],[141.073944,41.365875],[141.073716,41.36548],[141.073537,41.365066],[141.073435,41.364612],[141.073324,41.361888],[141.073188,41.360352],[141.073004,41.359846],[141.072742,41.359407],[141.072277,41.358997],[141.07205,41.358934],[141.071711,41.358934],[141.071057,41.359027],[141.070601,41.359236],[141.070015,41.359846],[141.069802,41.359836],[141.069167,41.359266],[141.069046,41.359222],[141.068339,41.359197],[141.068053,41.359071],[141.067249,41.358398],[141.06689,41.358305],[141.065069,41.358408],[141.064565,41.35812],[141.063727,41.357501],[141.063,41.356814],[141.06255,41.356239],[141.062182,41.355625],[141.061605,41.354289],[141.061407,41.353548],[141.061145,41.353236],[141.060317,41.352598],[141.060191,41.352349],[141.060186,41.352179],[141.060467,41.351379],[141.06053,41.351033],[141.060491,41.350677],[141.060084,41.350102],[141.059769,41.349551],[141.059241,41.348294],[141.059154,41.347982],[141.059139,41.347402],[141.059241,41.346427],[141.059532,41.345881],[141.059866,41.345413],[141.060278,41.345048],[141.060699,41.344819],[141.0616,41.344434],[141.061755,41.344219],[141.061804,41.344044],[141.061746,41.343795],[141.061639,41.343454],[141.06114,41.342859],[141.060491,41.342284],[141.059139,41.341358],[141.058471,41.340978],[141.057531,41.340617],[141.057013,41.340339],[141.056708,41.339983],[141.056567,41.339452],[141.056611,41.339165],[141.056795,41.338911],[141.058151,41.337805],[141.05833,41.337556],[141.058456,41.337317],[141.058437,41.336971],[141.058524,41.336284],[141.059028,41.335782],[141.059686,41.33528]]],[[[141.07167,41.277172],[141.071969,41.276748],[141.07226,41.275834],[141.07225,41.275316],[141.072159,41.274229],[141.071859,41.273438],[141.071523,41.272764],[141.071728,41.272609],[141.07265,41.272242],[141.07349,41.27162],[141.074136,41.27081],[141.074557,41.269859],[141.074642,41.26919],[141.074637,41.268406],[141.078638,41.268862],[141.079969,41.269108],[141.080285,41.269289],[141.080688,41.269955],[141.081156,41.271302],[141.081566,41.272214],[141.082077,41.272837],[141.082777,41.273409],[141.083734,41.274006],[141.084338,41.274248],[141.085169,41.274339],[141.088019,41.274328],[141.089436,41.274994],[141.089997,41.275113],[141.091528,41.275197],[141.092847,41.275512],[141.092232,41.276844],[141.09214,41.277737],[141.092252,41.278641],[141.092516,41.279343],[141.09291,41.280782],[141.090435,41.280711],[141.090222,41.280854],[141.089986,41.281163],[141.089525,41.281936],[141.089407,41.282353],[141.089198,41.282777],[141.088279,41.283689],[141.088019,41.283792],[141.085099,41.28361],[141.083554,41.282016],[141.082048,41.280156],[141.080952,41.279065],[141.079419,41.277967],[141.078773,41.277649],[141.078138,41.277661],[141.076644,41.278014],[141.074358,41.278387],[141.073933,41.278292],[141.072959,41.277907],[141.07167,41.277172]]],[[[141.095523,41.275132],[141.095973,41.274976],[141.096056,41.274762],[141.095786,41.274154],[141.095818,41.273984],[141.097061,41.272833],[141.098364,41.271023],[141.099445,41.269872],[141.099877,41.269492],[141.100323,41.269492],[141.100913,41.269868],[141.101341,41.270064],[141.1023,41.270335],[141.103537,41.270618],[141.104084,41.270567],[141.104235,41.270306],[141.104358,41.269705],[141.104703,41.268728],[141.105811,41.266187],[141.106293,41.265297],[141.107027,41.264298],[141.107682,41.263617],[141.109375,41.262187],[141.10945,41.261489],[141.109742,41.261329],[141.110439,41.261286],[141.110645,41.261413],[141.110832,41.261916],[141.110958,41.262071],[141.111754,41.262643],[141.111711,41.263193],[141.11156,41.263519],[141.1112,41.264019],[141.111163,41.26441],[141.110986,41.264558],[141.110695,41.264692],[141.110547,41.264848],[141.110551,41.264971],[141.110824,41.26517],[141.111357,41.26542],[141.1119,41.265557],[141.112267,41.265488],[141.112609,41.26521],[141.113285,41.264808],[141.113663,41.264757],[141.113882,41.264671],[141.113482,41.265403],[141.112501,41.266816],[141.112068,41.267326],[141.111108,41.268141],[141.110676,41.268634],[141.110473,41.268987],[141.110341,41.269511],[141.110304,41.270309],[141.110188,41.2709],[141.110203,41.27145],[141.110145,41.271715],[141.110068,41.271831],[141.109872,41.271688],[141.109686,41.271389],[141.109372,41.271046],[141.109203,41.270954],[141.108724,41.270943],[141.108748,41.270889],[141.108593,41.270656],[141.107839,41.269901],[141.107619,41.269737],[141.107203,41.269713],[141.10592,41.269889],[141.105072,41.269901],[141.104546,41.269766],[141.104481,41.269823],[141.104481,41.271303],[141.104175,41.271976],[141.104139,41.272603],[141.104179,41.272718],[141.104003,41.273005],[141.103938,41.273221],[141.103867,41.274156],[141.103946,41.274305],[141.104155,41.274438],[141.104234,41.274608],[141.104217,41.275499],[141.104335,41.276075],[141.104685,41.277072],[141.105668,41.278715],[141.106263,41.279556],[141.105384,41.279699],[141.104637,41.279703],[141.102239,41.279167],[141.101453,41.278861],[141.100725,41.278369],[141.100283,41.277917],[141.099595,41.276879],[141.099205,41.27656],[141.098822,41.276354],[141.096025,41.275423],[141.095523,41.275132]]],[[[141.103936,41.331272],[141.104005,41.330831],[141.105746,41.329582],[141.106252,41.329154],[141.106442,41.328922],[141.106476,41.328558],[141.10643,41.328361],[141.106068,41.32824],[141.104861,41.328159],[141.10397,41.32787],[141.103131,41.32787],[141.102993,41.327679],[141.102953,41.327384],[141.102424,41.326152],[141.102211,41.325985],[141.100039,41.325406],[141.099838,41.325088],[141.099953,41.324666],[141.10132,41.323168],[141.101527,41.323001],[141.103217,41.32307],[141.104326,41.322717],[141.104677,41.322671],[141.105499,41.322729],[141.10758,41.323024],[141.10843,41.323024],[141.109011,41.32292],[141.10969,41.322591],[141.112675,41.323831],[141.112801,41.323946],[141.112844,41.324338],[141.112614,41.325087],[141.112697,41.326344],[141.113091,41.327749],[141.113934,41.330245],[141.114137,41.330504],[141.114438,41.330725],[141.115013,41.331039],[141.116399,41.331573],[141.11675,41.331942],[141.116974,41.332433],[141.117111,41.332967],[141.117357,41.333287],[141.117609,41.333546],[141.118754,41.334069],[141.11888,41.334185],[141.119022,41.334477],[141.119477,41.335811],[141.120375,41.337266],[141.12278,41.340451],[141.122917,41.341239],[141.123108,41.341487],[141.12399,41.34195],[141.124319,41.342291],[141.124406,41.34255],[141.120939,41.342958],[141.12008,41.342854],[141.11974,41.342887],[141.119472,41.34298],[141.117505,41.343895],[141.117303,41.344115],[141.117116,41.344518],[141.116689,41.345697],[141.116351,41.345954],[141.116184,41.345448],[141.116134,41.344994],[141.11625,41.34394],[141.116197,41.343469],[141.11611,41.343227],[141.115764,41.342833],[141.115384,41.342556],[141.114004,41.342099],[141.113377,41.341764],[141.113149,41.341469],[141.112709,41.340521],[141.112532,41.340029],[141.112356,41.339767],[141.112174,41.339638],[141.111894,41.339602],[141.111308,41.339685],[141.110749,41.339835],[141.109628,41.339932],[141.109292,41.339726],[141.108168,41.338563],[141.107341,41.337906],[141.106213,41.337179],[141.105841,41.336875],[141.105469,41.336295],[141.105033,41.335129],[141.104822,41.332823],[141.10465,41.332473],[141.104129,41.331784],[141.103936,41.331272]]],[[[141.107209,41.292372],[141.107984,41.291167],[141.10814,41.29064],[141.108086,41.288258],[141.108356,41.288188],[141.109442,41.28766],[141.110941,41.286642],[141.113252,41.287114],[141.114171,41.287389],[141.114552,41.287614],[141.114876,41.287967],[141.114477,41.288287],[141.113984,41.288887],[141.112861,41.290441],[141.112587,41.291009],[141.112428,41.291935],[141.112483,41.292398],[141.112664,41.292767],[141.112669,41.293142],[141.112527,41.293428],[141.112428,41.293797],[141.112439,41.294161],[141.112532,41.294459],[141.112735,41.294811],[141.113272,41.295506],[141.113666,41.295704],[141.114948,41.295941],[141.115594,41.296112],[141.115682,41.296283],[141.115682,41.29652],[141.115085,41.29739],[141.114904,41.297754],[141.115002,41.298112],[141.117062,41.299396],[141.117385,41.299732],[141.1175,41.300047],[141.117577,41.30046],[141.117588,41.301044],[141.117451,41.302537],[141.117062,41.305552],[141.117144,41.306213],[141.117358,41.30667],[141.117714,41.306996],[141.118289,41.30737],[141.119088,41.307662],[141.119915,41.307861],[141.122248,41.308175],[141.122736,41.308423],[141.123191,41.308847],[141.124001,41.309718],[141.124149,41.309944],[141.124346,41.31066],[141.126482,41.312429],[141.126712,41.312749],[141.126915,41.313647],[141.127945,41.315295],[141.128388,41.315609],[141.129089,41.315934],[141.129868,41.316216],[141.128828,41.317692],[141.128318,41.317655],[141.12809,41.317538],[141.12778,41.317277],[141.127626,41.316987],[141.127353,41.31673],[141.126893,41.316459],[141.126772,41.316338],[141.126735,41.316058],[141.126758,41.315759],[141.126503,41.315357],[141.126095,41.315002],[141.125231,41.314409],[141.124865,41.314232],[141.124438,41.314171],[141.123417,41.314222],[141.122122,41.314484],[141.120042,41.314517],[141.118344,41.314292],[141.11568,41.314269],[141.115466,41.314157],[141.11516,41.313788],[141.114826,41.31362],[141.114306,41.313536],[141.113976,41.313578],[141.11361,41.31404],[141.113424,41.314092],[141.112561,41.314054],[141.111939,41.313914],[141.11134,41.313882],[141.111099,41.313942],[141.110853,41.314204],[141.110676,41.314605],[141.110365,41.315124],[141.109799,41.315796],[141.109525,41.315661],[141.10869,41.315077],[141.108253,41.314685],[141.107864,41.31425],[141.107566,41.313872],[141.107385,41.313438],[141.107172,41.312443],[141.107283,41.311421],[141.107492,41.311103],[141.107678,41.310996],[141.108035,41.310968],[141.109655,41.311108],[141.110105,41.310982],[141.1103,41.310762],[141.110542,41.310057],[141.110983,41.309212],[141.112217,41.307479],[141.112918,41.306639],[141.113336,41.306242],[141.11334,41.306041],[141.113243,41.305761],[141.112885,41.305415],[141.112143,41.304976],[141.111136,41.304504],[141.110347,41.304201],[141.110101,41.303855],[141.110045,41.303533],[141.110054,41.302277],[141.109831,41.301362],[141.109836,41.300437],[141.109952,41.29983],[141.110249,41.298971],[141.110263,41.298658],[141.110207,41.298312],[141.109966,41.297817],[141.109934,41.296682],[141.10881,41.295258],[141.108476,41.294959],[141.108021,41.294763],[141.107975,41.294319],[141.107599,41.293493],[141.107209,41.292372]]],[[[141.11112,41.272295],[141.111066,41.272035],[141.11107,41.271548],[141.111131,41.271259],[141.111299,41.270988],[141.111376,41.270653],[141.111324,41.269454],[141.111389,41.268974],[141.111525,41.268779],[141.112137,41.268227],[141.113084,41.267253],[141.114103,41.265874],[141.114418,41.265419],[141.114483,41.265109],[141.114468,41.264545],[141.115325,41.263885],[141.119163,41.261598],[141.119765,41.261291],[141.122881,41.262821],[141.126532,41.264506],[141.136101,41.269363],[141.136108,41.269464],[141.135232,41.270144],[141.135086,41.27021],[141.134125,41.270233],[141.133272,41.270493],[141.132021,41.271083],[141.131792,41.271394],[141.131574,41.272186],[141.131412,41.272559],[141.131053,41.272971],[141.131014,41.273138],[141.13123,41.273413],[141.130498,41.273692],[141.129601,41.273937],[141.128597,41.27411],[141.126738,41.274305],[141.123973,41.274926],[141.122452,41.273591],[141.121372,41.272898],[141.120386,41.273486],[141.119534,41.272645],[141.118658,41.27193],[141.116189,41.270595],[141.11536,41.270306],[141.115026,41.270238],[141.112637,41.271418],[141.11112,41.272295]]],[[[141.112324,41.315499],[141.111938,41.315181],[141.112108,41.31502],[141.112348,41.314929],[141.112753,41.314951],[141.113921,41.315428],[141.114523,41.315085],[141.11536,41.315594],[141.11657,41.315342],[141.118558,41.315337],[141.119165,41.31538],[141.120125,41.315557],[141.12109,41.315535],[141.122252,41.315342],[141.124208,41.315154],[141.12481,41.315256],[141.125348,41.315605],[141.12562,41.315916],[141.125876,41.316661],[141.126372,41.31738],[141.126798,41.317664],[141.127278,41.318184],[141.127816,41.318501],[141.128168,41.318506],[141.128536,41.318576],[141.12893,41.318785],[141.129639,41.318946],[141.13004,41.318908],[141.130344,41.318697],[141.130554,41.318431],[141.130725,41.318329],[141.131242,41.318372],[141.131866,41.318601],[141.132737,41.320993],[141.132841,41.321577],[141.13283,41.321759],[141.131959,41.321648],[141.130798,41.321632],[141.130196,41.321522],[141.129325,41.321208],[141.128333,41.320971],[141.127134,41.320039],[141.126356,41.319632],[141.125217,41.319119],[141.123568,41.318535],[141.123004,41.318496],[141.122363,41.318529],[141.120479,41.318832],[141.117538,41.318943],[141.116991,41.318904],[141.116733,41.3187],[141.116525,41.318375],[141.116191,41.317455],[141.115802,41.317102],[141.11503,41.316689],[141.112839,41.315328],[141.112592,41.315295],[141.112324,41.315499]]],[[[140.765149,41.144485],[140.765074,41.144505],[140.76505,41.144602],[140.764919,41.14475],[140.76496,41.144806],[140.76491,41.14488],[140.76493,41.145065],[140.764838,41.145165],[140.764302,41.14547],[140.764189,41.145645],[140.764243,41.14573],[140.764189,41.145792],[140.7642,41.145957],[140.764245,41.145997],[140.764218,41.146052],[140.764257,41.146082],[140.764103,41.146443],[140.764163,41.146841],[140.764147,41.147056],[140.76419,41.147153],[140.764152,41.147238],[140.764197,41.147271],[140.764198,41.147678],[140.76425,41.147718],[140.764257,41.147841],[140.764332,41.147853],[140.76439,41.148027],[140.764658,41.14814],[140.764624,41.148308],[140.764673,41.14846],[140.764752,41.148472],[140.764913,41.148613],[140.765033,41.148607],[140.765083,41.148663],[140.765203,41.148678],[140.765192,41.149133],[140.765262,41.149184],[140.765343,41.149383],[140.765402,41.149408],[140.76541,41.149485],[140.765597,41.149556],[140.76563,41.149627],[140.765769,41.149712],[140.765998,41.149767],[140.766084,41.149733],[140.766098,41.149798],[140.766032,41.149882],[140.766049,41.149941],[140.766124,41.149943],[140.766182,41.150134],[140.766325,41.150245],[140.766537,41.150214],[140.766624,41.150309],[140.766556,41.150316],[140.766526,41.150427],[140.766429,41.150467],[140.766425,41.150585],[140.766372,41.150592],[140.766379,41.150771],[140.766511,41.150892],[140.766651,41.150863],[140.766746,41.150992],[140.76693,41.150968],[140.766994,41.151168],[140.76715,41.15133],[140.767069,41.151461],[140.766964,41.151495],[140.766927,41.151632],[140.766807,41.151681],[140.766824,41.151855],[140.766864,41.151868],[140.766867,41.151979],[140.766919,41.152004],[140.766896,41.152225],[140.766946,41.152244],[140.766767,41.152805],[140.766835,41.152885],[140.766754,41.152978],[140.766734,41.153116],[140.766785,41.153174],[140.766726,41.153218],[140.766689,41.153381],[140.766736,41.153461],[140.766546,41.15355],[140.766379,41.153371],[140.766295,41.153428],[140.766039,41.153412],[140.765769,41.153653],[140.765694,41.153889],[140.765574,41.153983],[140.76564,41.154034],[140.765632,41.154081],[140.765746,41.154133],[140.765721,41.154242],[140.765759,41.154276],[140.765977,41.154269],[140.766064,41.154372],[140.766231,41.154373],[140.766309,41.154423],[140.766624,41.154388],[140.766721,41.154436],[140.76678,41.154531],[140.766757,41.154648],[140.76666,41.154674],[140.766604,41.154754],[140.766476,41.154765],[140.766422,41.154864],[140.766342,41.154849],[140.76628,41.15494],[140.766317,41.154983],[140.766295,41.155081],[140.766429,41.155113],[140.766465,41.15533],[140.766546,41.155385],[140.766517,41.155488],[140.766571,41.155674],[140.766436,41.155965],[140.766495,41.156066],[140.766488,41.156173],[140.766562,41.156252],[140.766532,41.156371],[140.76659,41.156386],[140.766618,41.15647],[140.766717,41.156473],[140.766786,41.156669],[140.766948,41.156687],[140.767151,41.156802],[140.767681,41.156907],[140.767695,41.157079],[140.767583,41.157128],[140.7676,41.157193],[140.767756,41.157284],[140.767877,41.157237],[140.767983,41.157321],[140.768156,41.157327],[140.768198,41.157424],[140.76817,41.157525],[140.768256,41.157911],[140.768217,41.157984],[140.768283,41.158235],[140.768244,41.15851],[140.768286,41.158605],[140.768124,41.15885],[140.768132,41.158936],[140.768058,41.158971],[140.767907,41.159185],[140.767857,41.159478],[140.767893,41.159531],[140.767834,41.159687],[140.767678,41.159816],[140.767663,41.159884],[140.767508,41.1599],[140.767452,41.159963],[140.767239,41.159962],[140.767046,41.16008],[140.767037,41.160189],[140.766927,41.1603],[140.766718,41.160711],[140.766786,41.160801],[140.766771,41.160931],[140.766823,41.161003],[140.766771,41.161094],[140.766793,41.16124],[140.766826,41.161367],[140.766904,41.161407],[140.766893,41.161478],[140.767127,41.16174],[140.767217,41.161773],[140.767271,41.161726],[140.767671,41.162023],[140.767898,41.162308],[140.767919,41.162376],[140.767828,41.162417],[140.767869,41.162461],[140.767828,41.162588],[140.767842,41.162659],[140.767928,41.162689],[140.767887,41.162761],[140.767922,41.162818],[140.767902,41.162952],[140.768008,41.162981],[140.767998,41.16312],[140.768057,41.163157],[140.768082,41.163259],[140.768207,41.163293],[140.768177,41.163374],[140.768325,41.163571],[140.768348,41.163768],[140.768408,41.163771],[140.768439,41.164037],[140.76857,41.164083],[140.768572,41.164207],[140.768682,41.164319],[140.768782,41.164827],[140.768739,41.164927],[140.76872,41.165366],[140.768489,41.165984],[140.768163,41.16635],[140.768055,41.166359],[140.76801,41.166455],[140.76785,41.166473],[140.767782,41.16656],[140.767649,41.166572],[140.767627,41.166656],[140.76744,41.166758],[140.767458,41.166834],[140.767392,41.166857],[140.767395,41.166941],[140.767542,41.16697],[140.767583,41.167035],[140.767702,41.167028],[140.767767,41.167215],[140.767604,41.167214],[140.76736,41.167122],[140.76717,41.167272],[140.767219,41.167348],[140.767142,41.167354],[140.7671,41.167416],[140.767028,41.167366],[140.766815,41.167394],[140.766763,41.167428],[140.766795,41.167527],[140.766748,41.167557],[140.766778,41.167681],[140.766868,41.167685],[140.766927,41.167786],[140.767028,41.167792],[140.767045,41.167852],[140.766912,41.167969],[140.766837,41.168115],[140.766859,41.168216],[140.767083,41.168296],[140.767202,41.168233],[140.767403,41.168275],[140.767485,41.168345],[140.767708,41.168368],[140.768104,41.168241],[140.768109,41.168493],[140.768176,41.168476],[140.7686,41.16861],[140.768711,41.168594],[140.768805,41.168715],[140.768779,41.168814],[140.76884,41.16887],[140.768739,41.168925],[140.768698,41.169027],[140.768586,41.169022],[140.768496,41.169095],[140.768309,41.169145],[140.76798,41.169173],[140.767798,41.169284],[140.767664,41.169298],[140.767621,41.169409],[140.767666,41.169469],[140.767594,41.169571],[140.767604,41.169667],[140.767773,41.16988],[140.767866,41.169914],[140.767879,41.170017],[140.767946,41.170069],[140.768209,41.170067],[140.768333,41.170139],[140.768479,41.170063],[140.768755,41.170114],[140.768866,41.170452],[140.768911,41.170919],[140.768658,41.17096],[140.768521,41.17115],[140.768555,41.171227],[140.768648,41.171252],[140.768696,41.171368],[140.768843,41.171366],[140.768865,41.17144],[140.769024,41.171573],[140.769083,41.171944],[140.769046,41.172169],[140.768889,41.172496],[140.768719,41.172514],[140.768701,41.17261],[140.768526,41.17269],[140.768598,41.172747],[140.768915,41.172793],[140.768951,41.172957],[140.768746,41.173002],[140.768708,41.173038],[140.768731,41.173077],[140.76865,41.173138],[140.768761,41.173358],[140.76891,41.173437],[140.768855,41.173532],[140.768907,41.173669],[140.768771,41.173674],[140.768746,41.173787],[140.768503,41.173754],[140.768446,41.173852],[140.768365,41.173858],[140.768302,41.173939],[140.768393,41.174132],[140.768508,41.174183],[140.768595,41.174163],[140.76861,41.174243],[140.768731,41.174302],[140.768678,41.174349],[140.768701,41.174502],[140.768506,41.174537],[140.768456,41.174636],[140.76828,41.174621],[140.768243,41.174505],[140.768158,41.174444],[140.767893,41.174457],[140.767832,41.174522],[140.767953,41.174726],[140.768126,41.174776],[140.768171,41.174851],[140.76832,41.174872],[140.768335,41.174977],[140.768423,41.175017],[140.768385,41.175137],[140.768431,41.175257],[140.76835,41.175282],[140.76832,41.175358],[140.768385,41.175442],[140.768277,41.175555],[140.768275,41.175642],[140.768335,41.175721],[140.768262,41.175897],[140.768302,41.175966],[140.768206,41.176107],[140.768275,41.176181],[140.768166,41.176294],[140.768216,41.176408],[140.768128,41.176559],[140.768163,41.176713],[140.768047,41.17677],[140.768,41.176873],[140.76777,41.176866],[140.767691,41.176964],[140.767688,41.177044],[140.767588,41.177056],[140.767432,41.17719],[140.767487,41.177614],[140.767381,41.177745],[140.76745,41.177846],[140.767338,41.177922],[140.767308,41.178014],[140.767467,41.178139],[140.767435,41.178311],[140.767356,41.178414],[140.767401,41.178547],[140.767328,41.178612],[140.767361,41.178751],[140.767281,41.178842],[140.767353,41.179],[140.767306,41.17912],[140.767368,41.179221],[140.767291,41.17929],[140.767298,41.179378],[140.767368,41.179439],[140.767348,41.179574],[140.767422,41.17964],[140.767442,41.179816],[140.767502,41.179848],[140.767452,41.179923],[140.767497,41.18008],[140.767435,41.180185],[140.76747,41.180293],[140.767358,41.180403],[140.767381,41.180566],[140.767215,41.180668],[140.76724,41.180801],[140.767098,41.180859],[140.767118,41.181028],[140.767011,41.181063],[140.766977,41.181153],[140.767008,41.181258],[140.76693,41.181275],[140.7669,41.181345],[140.76696,41.181462],[140.766895,41.18149],[140.76686,41.181576],[140.766925,41.181702],[140.766841,41.181795],[140.76687,41.181918],[140.766773,41.182023],[140.766806,41.18214],[140.766682,41.182313],[140.766731,41.182421],[140.766672,41.182595],[140.766753,41.182703],[140.76671,41.182736],[140.766715,41.182823],[140.766818,41.182991],[140.766632,41.18302],[140.766558,41.183134],[140.766443,41.183138],[140.766375,41.183226],[140.766382,41.183307],[140.766268,41.183361],[140.766317,41.183461],[140.766478,41.183475],[140.766551,41.183555],[140.766695,41.183561],[140.766793,41.183486],[140.766952,41.183559],[140.766947,41.183639],[140.767028,41.183722],[140.766922,41.183791],[140.766932,41.183917],[140.766791,41.183997],[140.766791,41.184067],[140.76687,41.184134],[140.766773,41.184176],[140.766796,41.184336],[140.766536,41.184353],[140.766541,41.184461],[140.766392,41.1845],[140.766387,41.184667],[140.766226,41.184677],[140.766203,41.184803],[140.766035,41.184816],[140.765983,41.184865],[140.765983,41.18496],[140.765842,41.184989],[140.765787,41.185113],[140.765613,41.185104],[140.76557,41.18524],[140.765467,41.185229],[140.765401,41.185286],[140.765396,41.185449],[140.76529,41.185542],[140.765325,41.185646],[140.765217,41.185784],[140.765265,41.185862],[140.765195,41.185945],[140.765225,41.186075],[140.765143,41.186109],[140.765173,41.186269],[140.765103,41.18629],[140.765153,41.186473],[140.765022,41.186511],[140.765091,41.18669],[140.76499,41.186738],[140.76499,41.186879],[140.764915,41.186892],[140.764888,41.186948],[140.764937,41.18717],[140.765037,41.187273],[140.764967,41.187376],[140.765051,41.187477],[140.765007,41.187604],[140.765058,41.187684],[140.764957,41.187751],[140.764957,41.187844],[140.76502,41.187875],[140.76492,41.187949],[140.76499,41.188102],[140.764868,41.188173],[140.764917,41.188313],[140.764828,41.188364],[140.764881,41.188498],[140.764818,41.188512],[140.764788,41.188595],[140.764848,41.188708],[140.76476,41.188757],[140.764796,41.188925],[140.764715,41.188963],[140.764685,41.189048],[140.764762,41.189163],[140.76467,41.189182],[140.76468,41.189349],[140.764536,41.189386],[140.764498,41.189429],[140.764516,41.189528],[140.764422,41.189605],[140.764475,41.189731],[140.764392,41.189827],[140.764485,41.189922],[140.764395,41.189987],[140.764385,41.190086],[140.76445,41.190136],[140.76437,41.190193],[140.76445,41.190365],[140.764387,41.190451],[140.764472,41.190578],[140.764387,41.190667],[140.764472,41.190812],[140.764268,41.190879],[140.764296,41.190965],[140.76416,41.191009],[140.764238,41.191147],[140.764385,41.191222],[140.764518,41.19123],[140.764598,41.191323],[140.764531,41.19146],[140.764343,41.191489],[140.764338,41.191576],[140.764764,41.191805],[140.764613,41.192024],[140.764487,41.19198],[140.764375,41.191999],[140.764256,41.192148],[140.764404,41.192342],[140.764372,41.192382],[140.764404,41.192469],[140.764623,41.192609],[140.764677,41.192698],[140.764543,41.19281],[140.764387,41.192854],[140.764369,41.192955],[140.764215,41.192985],[140.764204,41.19306],[140.764149,41.193054],[140.764129,41.193119],[140.764207,41.193315],[140.764503,41.193477],[140.764573,41.193607],[140.76451,41.193634],[140.764548,41.193829],[140.764474,41.19385],[140.764464,41.193927],[140.76453,41.194007],[140.764457,41.194123],[140.764493,41.194209],[140.764345,41.194239],[140.764357,41.194355],[140.764159,41.194392],[140.764184,41.194485],[140.764104,41.194487],[140.764028,41.194595],[140.764089,41.194792],[140.764258,41.194868],[140.764215,41.194921],[140.764285,41.195127],[140.764213,41.195182],[140.764225,41.195278],[140.764348,41.19534],[140.764397,41.195466],[140.764495,41.195496],[140.76454,41.195616],[140.764689,41.19566],[140.764878,41.195925],[140.765039,41.195974],[140.7651,41.196085],[140.765229,41.196121],[140.765264,41.19623],[140.765393,41.196319],[140.765512,41.196504],[140.765443,41.196643],[140.765479,41.19679],[140.76538,41.196833],[140.765398,41.196958],[140.765467,41.197026],[140.76539,41.197116],[140.765487,41.197365],[140.765602,41.197401],[140.765665,41.197523],[140.765779,41.197516],[140.765794,41.197601],[140.76593,41.197692],[140.765943,41.197806],[140.766168,41.197919],[140.766213,41.198028],[140.766312,41.198079],[140.766394,41.198064],[140.766508,41.198181],[140.766637,41.198212],[140.766672,41.198325],[140.76684,41.198357],[140.766853,41.198434],[140.767005,41.198546],[140.766957,41.198647],[140.767072,41.198761],[140.76708,41.198828],[140.767325,41.198906],[140.767392,41.198994],[140.767514,41.199028],[140.767526,41.199087],[140.768024,41.199293],[140.767989,41.19939],[140.768117,41.199476],[140.768036,41.199588],[140.768099,41.199671],[140.768049,41.199807],[140.76813,41.199864],[140.768089,41.199906],[140.768157,41.20004],[140.768036,41.20011],[140.768115,41.200182],[140.768084,41.200222],[140.768182,41.200299],[140.768304,41.200296],[140.768341,41.200356],[140.768539,41.20041],[140.768522,41.200509],[140.768629,41.200576],[140.76851,41.200629],[140.768502,41.200723],[140.76841,41.200784],[140.768566,41.200899],[140.768522,41.200965],[140.768616,41.201051],[140.768735,41.201041],[140.768906,41.20114],[140.768901,41.201209],[140.76899,41.201264],[140.768891,41.201312],[140.768943,41.201369],[140.769088,41.201411],[140.76936,41.201379],[140.769396,41.201474],[140.769461,41.201447],[140.769653,41.201598],[140.769651,41.201689],[140.769797,41.20178],[140.76984,41.201875],[140.77047,41.202308],[140.770447,41.202379],[140.770483,41.202413],[140.770836,41.202544],[140.770876,41.202644],[140.770979,41.202699],[140.771002,41.202832],[140.771126,41.202891],[140.771091,41.20295],[140.771133,41.203051],[140.771217,41.203091],[140.771219,41.203215],[140.771294,41.203269],[140.771343,41.203249],[140.771326,41.203303],[140.771378,41.203349],[140.771484,41.203398],[140.771549,41.203377],[140.771648,41.203444],[140.771802,41.203432],[140.771948,41.203527],[140.772451,41.203649],[140.772566,41.203634],[140.772622,41.203577],[140.772763,41.203596],[140.772889,41.203535],[140.773026,41.203562],[140.773129,41.203518],[140.773232,41.20363],[140.773381,41.203678],[140.773341,41.203759],[140.773494,41.203845],[140.773464,41.203903],[140.773548,41.203994],[140.77364,41.204011],[140.773605,41.20407],[140.773655,41.204119],[140.773945,41.204202],[140.774113,41.204178],[140.774215,41.204239],[140.774352,41.204209],[140.77442,41.204362],[140.77415,41.204506],[140.774208,41.204685],[140.774284,41.20472],[140.774193,41.204818],[140.774254,41.204874],[140.774519,41.204922],[140.774534,41.204978],[140.774678,41.205034],[140.774632,41.205101],[140.774284,41.205183],[140.774242,41.20527],[140.774327,41.205398],[140.77443,41.205448],[140.774837,41.20552],[140.774785,41.205609],[140.774864,41.205678],[140.774839,41.205718],[140.77499,41.205748],[140.775335,41.205695],[140.775427,41.205769],[140.775384,41.205802],[140.775422,41.205883],[140.775553,41.205922],[140.77556,41.20599],[140.775736,41.206053],[140.775833,41.206148],[140.776123,41.206213],[140.776231,41.20616],[140.776584,41.206323],[140.776683,41.20632],[140.776688,41.206372],[140.776789,41.206434],[140.776876,41.206425],[140.776918,41.206493],[140.777094,41.20651],[140.777599,41.206781],[140.777696,41.206783],[140.777681,41.206827],[140.777855,41.206903],[140.777906,41.206975],[140.778055,41.206998],[140.77806,41.207057],[140.778275,41.207124],[140.778938,41.207517],[140.779102,41.207866],[140.779206,41.208295],[140.779512,41.208942],[140.779512,41.209263],[140.779415,41.209741],[140.77921,41.209735],[140.779091,41.209792],[140.778967,41.209759],[140.77885,41.209864],[140.778763,41.209857],[140.778708,41.209939],[140.778426,41.209989],[140.778315,41.210069],[140.778273,41.210162],[140.778325,41.210244],[140.778431,41.210276],[140.778436,41.210358],[140.778625,41.210434],[140.778672,41.210581],[140.778776,41.210596],[140.778847,41.210674],[140.779026,41.210661],[140.779122,41.210747],[140.779225,41.210754],[140.779311,41.21087],[140.77945,41.210897],[140.779598,41.211078],[140.7792,41.211164],[140.779013,41.211156],[140.778857,41.211215],[140.778806,41.211374],[140.778857,41.211476],[140.779088,41.211518],[140.779276,41.211611],[140.779293,41.211903],[140.779078,41.211886],[140.779001,41.212021],[140.779106,41.212328],[140.779232,41.212387],[140.779263,41.212526],[140.779391,41.212631],[140.779348,41.212741],[140.779447,41.212861],[140.779351,41.212935],[140.779341,41.213065],[140.779405,41.213138],[140.779278,41.213187],[140.779326,41.213347],[140.779217,41.213473],[140.779271,41.213593],[140.779232,41.213703],[140.779288,41.213781],[140.779247,41.213837],[140.779291,41.213973],[140.779266,41.214108],[140.77944,41.214256],[140.779641,41.214233],[140.779611,41.214379],[140.779682,41.214446],[140.779558,41.214459],[140.77951,41.214566],[140.779435,41.214576],[140.779445,41.214657],[140.779331,41.214682],[140.779351,41.2148],[140.779462,41.21485],[140.779556,41.214996],[140.779472,41.215038],[140.779541,41.215219],[140.779477,41.215265],[140.779467,41.215366],[140.779556,41.215501],[140.779495,41.215592],[140.779566,41.215762],[140.779467,41.21577],[140.779278,41.215928],[140.779296,41.216078],[140.779435,41.216103],[140.779405,41.216236],[140.779538,41.216355],[140.779373,41.216461],[140.779363,41.216648],[140.779447,41.216814],[140.779618,41.216865],[140.779648,41.216977],[140.779752,41.217038],[140.779677,41.21711],[140.779665,41.21728],[140.779843,41.217393],[140.779984,41.217377],[140.780052,41.217524],[140.78019,41.217572],[140.780195,41.217644],[140.780385,41.217726],[140.780435,41.217819],[140.780629,41.217863],[140.780768,41.218014],[140.780882,41.218006],[140.780917,41.218172],[140.780839,41.218159],[140.780789,41.218274],[140.780653,41.218254],[140.780564,41.218292],[140.780537,41.218359],[140.780425,41.218349],[140.78038,41.218404],[140.78037,41.218513],[140.78042,41.218581],[140.78038,41.218756],[140.780448,41.218836],[140.780405,41.218882],[140.780527,41.219048],[140.780478,41.219193],[140.780589,41.219282],[140.780604,41.219412],[140.780807,41.219408],[140.780872,41.21953],[140.781048,41.21957],[140.781035,41.219692],[140.781182,41.219825],[140.781205,41.219932],[140.781349,41.220003],[140.781347,41.22013],[140.781464,41.220223],[140.781462,41.220358],[140.781627,41.220429],[140.781639,41.220543],[140.781727,41.220604],[140.781714,41.220755],[140.781793,41.220827],[140.781744,41.22092],[140.78178,41.221056],[140.781912,41.221155],[140.782065,41.221197],[140.782125,41.221305],[140.782254,41.221318],[140.782272,41.221433],[140.782388,41.221523],[140.782395,41.221659],[140.782573,41.221794],[140.782625,41.221953],[140.78264,41.222813],[140.782573,41.223005],[140.782507,41.223078],[140.782393,41.223096],[140.782348,41.22318],[140.782405,41.223294],[140.782304,41.223364],[140.782323,41.223496],[140.782262,41.223543],[140.782274,41.223644],[140.782353,41.223701],[140.782309,41.223778],[140.782393,41.223873],[140.782509,41.223896],[140.782509,41.223989],[140.782625,41.224085],[140.78265,41.224214],[140.782769,41.224288],[140.782779,41.224381],[140.782854,41.224467],[140.782732,41.224538],[140.782739,41.224616],[140.78293,41.224661],[140.78299,41.224781],[140.783121,41.22482],[140.783124,41.224946],[140.783255,41.225012],[140.783452,41.225317],[140.78354,41.225347],[140.78349,41.225403],[140.783477,41.2256],[140.783341,41.225629],[140.783359,41.225754],[140.783277,41.225772],[140.78324,41.22589],[140.783265,41.225979],[140.783207,41.226],[140.783299,41.226144],[140.783309,41.226277],[140.783421,41.226323],[140.783487,41.226454],[140.78357,41.226507],[140.783487,41.226589],[140.78349,41.226726],[140.783414,41.226787],[140.783421,41.22693],[140.783356,41.226995],[140.783406,41.22713],[140.783299,41.227212],[140.783311,41.227317],[140.783225,41.227376],[140.783277,41.227536],[140.783205,41.22757],[140.783212,41.227671],[140.783306,41.227764],[140.783319,41.227854],[140.7835,41.227976],[140.7835,41.228102],[140.783639,41.228153],[140.783694,41.228288],[140.783792,41.228327],[140.78382,41.228435],[140.783951,41.228508],[140.783968,41.228633],[140.78406,41.228681],[140.78404,41.228768],[140.784112,41.228888],[140.78411,41.229069],[140.783936,41.229197],[140.783971,41.229327],[140.784037,41.229361],[140.784105,41.229502],[140.784191,41.229528],[140.784228,41.229629],[140.784428,41.229687],[140.784498,41.229799],[140.784635,41.229808],[140.784718,41.229906],[140.78485,41.229934],[140.784867,41.230028],[140.785016,41.230108],[140.78511,41.230312],[140.785081,41.230382],[140.785117,41.230456],[140.785001,41.230481],[140.785003,41.230534],[140.785096,41.230688],[140.785187,41.230744],[140.785122,41.230839],[140.78517,41.230961],[140.785105,41.231003],[140.78516,41.23114],[140.785051,41.231163],[140.785013,41.231275],[140.784905,41.231313],[140.784885,41.23143],[140.784728,41.23146],[140.784718,41.231576],[140.784605,41.231639],[140.784615,41.231744],[140.784528,41.231763],[140.784503,41.231824],[140.784521,41.231907],[140.784592,41.231953],[140.784572,41.232076],[140.78468,41.232163],[140.784688,41.232313],[140.784978,41.232416],[140.78517,41.232405],[140.785346,41.232553],[140.785323,41.232645],[140.78541,41.232772],[140.785366,41.232868],[140.785459,41.232931],[140.785439,41.233058],[140.785489,41.233144],[140.785429,41.233161],[140.785368,41.233266],[140.785452,41.23334],[140.785462,41.233434],[140.785548,41.233487],[140.785517,41.233656],[140.785311,41.23382],[140.785276,41.233923],[140.785177,41.233889],[140.785066,41.233929],[140.784733,41.233809],[140.784552,41.233828],[140.784607,41.233914],[140.784555,41.234035],[140.784567,41.234084],[140.784698,41.234114],[140.784741,41.234178],[140.785132,41.234201],[140.785296,41.234159],[140.785482,41.234262],[140.785469,41.234355],[140.785551,41.234469],[140.785519,41.23461],[140.785593,41.234715],[140.785528,41.23481],[140.785578,41.234938],[140.785439,41.235013],[140.785469,41.235149],[140.785402,41.235203],[140.785409,41.235274],[140.785487,41.235319],[140.785407,41.235401],[140.785444,41.235519],[140.785328,41.235579],[140.785318,41.235689],[140.785212,41.235712],[140.785189,41.235839],[140.785093,41.235859],[140.785127,41.235989],[140.785008,41.236005],[140.784968,41.236109],[140.784839,41.236165],[140.784811,41.236304],[140.784688,41.236413],[140.784587,41.236407],[140.784389,41.236521],[140.784374,41.236658],[140.784547,41.236752],[140.784451,41.237054],[140.784347,41.237097],[140.784314,41.237188],[140.784107,41.237211],[140.783863,41.237333],[140.783896,41.237457],[140.784109,41.237558],[140.784128,41.237672],[140.784196,41.237721],[140.784072,41.237738],[140.784032,41.237873],[140.783893,41.237906],[140.783822,41.237986],[140.783464,41.237881],[140.783368,41.237913],[140.783351,41.238014],[140.783368,41.238087],[140.783517,41.238138],[140.783559,41.23823],[140.783747,41.23826],[140.783817,41.238316],[140.784329,41.238228],[140.784354,41.238312],[140.784577,41.238399],[140.784526,41.238529],[140.784629,41.238641],[140.784584,41.238706],[140.784624,41.238799],[140.784726,41.238864],[140.784642,41.238981],[140.784738,41.239076],[140.784672,41.239186],[140.784736,41.239266],[140.784686,41.239341],[140.784721,41.239481],[140.784637,41.239599],[140.784721,41.239692],[140.784654,41.239719],[140.784634,41.239834],[140.784708,41.239904],[140.784614,41.239973],[140.784619,41.240116],[140.784518,41.240176],[140.784488,41.240283],[140.784416,41.240323],[140.784413,41.240466],[140.784322,41.24056],[140.784329,41.240641],[140.784213,41.240693],[140.784161,41.24084],[140.784012,41.240868],[140.783953,41.241019],[140.783847,41.241085],[140.783827,41.241229],[140.783673,41.241253],[140.783608,41.241388],[140.783502,41.241424],[140.783416,41.241574],[140.783252,41.241614],[140.783207,41.241706],[140.783068,41.241727],[140.782994,41.241866],[140.782667,41.241942],[140.782568,41.242016],[140.782344,41.242014],[140.782301,41.2421],[140.782157,41.242129],[140.781829,41.24238],[140.781933,41.242489],[140.781872,41.24255],[140.781908,41.242634],[140.781862,41.242755],[140.782021,41.242811],[140.782183,41.242961],[140.782196,41.243081],[140.782281,41.243144],[140.782193,41.243294],[140.782233,41.243377],[140.782152,41.243445],[140.782193,41.243647],[140.782142,41.243694],[140.782144,41.243842],[140.782028,41.244015],[140.781901,41.24406],[140.781827,41.244162],[140.781829,41.244239],[140.781703,41.244319],[140.781678,41.244457],[140.781574,41.244519],[140.781549,41.24463],[140.781617,41.244733],[140.781589,41.244914],[140.781663,41.244977],[140.781614,41.245162],[140.781703,41.245226],[140.781653,41.245335],[140.781711,41.245472],[140.781651,41.245607],[140.781756,41.245717],[140.781648,41.245831],[140.781691,41.24595],[140.781607,41.246123],[140.781683,41.246237],[140.781599,41.246333],[140.781648,41.246461],[140.781507,41.246569],[140.781509,41.246674],[140.781376,41.24671],[140.781284,41.246853],[140.781133,41.246896],[140.781054,41.246996],[140.780893,41.247066],[140.780873,41.247179],[140.780762,41.247302],[140.780828,41.247394],[140.780752,41.247496],[140.780801,41.24759],[140.780727,41.247616],[140.780687,41.247705],[140.780727,41.247771],[140.780636,41.247819],[140.780613,41.247897],[140.780353,41.247801],[140.780246,41.247825],[140.780238,41.248034],[140.780311,41.248152],[140.780278,41.248249],[140.780404,41.248379],[140.780369,41.248424],[140.780432,41.24863],[140.780313,41.248697],[140.780296,41.248866],[140.780127,41.248974],[140.780137,41.249064],[140.780028,41.249143],[140.780016,41.24926],[140.779872,41.249354],[140.779882,41.249478],[140.779756,41.249611],[140.779771,41.249703],[140.779691,41.249777],[140.779736,41.249909],[140.779652,41.249964],[140.779728,41.250164],[140.779703,41.250244],[140.779803,41.250398],[140.779753,41.250474],[140.779791,41.250638],[140.779706,41.250728],[140.779783,41.250876],[140.779736,41.250996],[140.779829,41.251112],[140.779785,41.251192],[140.779899,41.251323],[140.779859,41.251474],[140.779927,41.251569],[140.779894,41.251689],[140.779963,41.251775],[140.779907,41.251904],[140.779985,41.251996],[140.779944,41.252028],[140.779995,41.252196],[140.77995,41.252331],[140.779999,41.252437],[140.779812,41.252538],[140.77981,41.252593],[140.779869,41.252623],[140.77972,41.252683],[140.779685,41.252918],[140.779804,41.252996],[140.779788,41.253155],[140.779918,41.25322],[140.779895,41.253363],[140.780037,41.253436],[140.780102,41.253542],[140.780269,41.253562],[140.780372,41.253661],[140.780588,41.253656],[140.780718,41.253717],[140.780874,41.253636],[140.781042,41.253689],[140.781149,41.253611],[140.781279,41.253697],[140.781458,41.253648],[140.78162,41.25373],[140.781809,41.253648],[140.782009,41.253676],[140.782155,41.253554],[140.78242,41.253611],[140.782528,41.253717],[140.78269,41.253656],[140.782749,41.253775],[140.782911,41.253892],[140.783084,41.253872],[140.783198,41.253986],[140.783409,41.254011],[140.783446,41.254146],[140.783646,41.254194],[140.783733,41.254333],[140.783868,41.254378],[140.783993,41.254581],[140.78417,41.254602],[140.784274,41.254561],[140.784235,41.25461],[140.784274,41.254716],[140.78436,41.254777],[140.784483,41.255154],[140.78458,41.255204],[140.784567,41.255474],[140.784717,41.255592],[140.784965,41.255642],[140.785163,41.255746],[140.78532,41.256007],[140.785382,41.256375],[140.785282,41.25638],[140.78514,41.256511],[140.785168,41.256594],[140.785427,41.256711],[140.785401,41.256809],[140.785452,41.256947],[140.785327,41.257027],[140.78535,41.257198],[140.785272,41.257356],[140.785323,41.257555],[140.785411,41.257624],[140.785317,41.257811],[140.785372,41.257909],[140.785282,41.257986],[140.785268,41.258062],[140.785391,41.258181],[140.78536,41.258303],[140.785498,41.258409],[140.78544,41.258524],[140.78544,41.258616],[140.785495,41.258677],[140.785423,41.258718],[140.785356,41.258891],[140.785443,41.258981],[140.785437,41.259098],[140.785585,41.259157],[140.785595,41.259268],[140.785798,41.2595],[140.785721,41.259604],[140.785837,41.259745],[140.785756,41.259889],[140.785801,41.260074],[140.785766,41.260198],[140.785853,41.260327],[140.785782,41.260381],[140.785766,41.260468],[140.78583,41.260604],[140.78573,41.260717],[140.785788,41.260845],[140.785698,41.260887],[140.785672,41.260969],[140.785711,41.261062],[140.785633,41.261164],[140.785701,41.261283],[140.78564,41.261381],[140.785662,41.261441],[140.785762,41.261495],[140.785782,41.261605],[140.785966,41.261666],[140.786017,41.261636],[140.78604,41.26178],[140.78627,41.261909],[140.786405,41.261906],[140.786411,41.262013],[140.786462,41.262066],[140.78664,41.262098],[140.786676,41.262201],[140.786805,41.262227],[140.78684,41.262306],[140.786965,41.262376],[140.786988,41.262586],[140.787588,41.262682],[140.787602,41.262785],[140.787692,41.262862],[140.787695,41.263031],[140.787765,41.263089],[140.787772,41.263165],[140.787892,41.263266],[140.787995,41.263266],[140.787985,41.263366],[140.788085,41.263512],[140.788002,41.263602],[140.787985,41.263741],[140.788034,41.263792],[140.787973,41.263899],[140.787982,41.263984],[140.788079,41.264077],[140.788047,41.264247],[140.788224,41.264357],[140.788259,41.264483],[140.788427,41.264546],[140.78852,41.264664],[140.788657,41.264661],[140.788775,41.264765],[140.788869,41.264773],[140.788875,41.264924],[140.788995,41.265033],[140.788998,41.265153],[140.789073,41.265252],[140.788989,41.265459],[140.788763,41.265352],[140.788482,41.26533],[140.788402,41.265434],[140.788434,41.265564],[140.788492,41.265624],[140.788653,41.265651],[140.788724,41.265741],[140.78884,41.265768],[140.789185,41.266028],[140.789345,41.266041],[140.789382,41.26615],[140.789484,41.266218],[140.789462,41.26635],[140.789643,41.266438],[140.789533,41.266559],[140.789551,41.266639],[140.789687,41.266715],[140.789635,41.266849],[140.789739,41.266969],[140.789659,41.267011],[140.789659,41.267101],[140.789751,41.267188],[140.78972,41.267322],[140.789804,41.267408],[140.789806,41.26749],[140.789945,41.267578],[140.78989,41.267631],[140.789875,41.267755],[140.789975,41.267868],[140.789859,41.267973],[140.789851,41.268063],[140.789677,41.268073],[140.789561,41.268146],[140.789406,41.268075],[140.789226,41.268163],[140.789135,41.268134],[140.789049,41.268158],[140.78899,41.26828],[140.7891,41.268355],[140.789184,41.268338],[140.789332,41.268399],[140.78949,41.268372],[140.789659,41.268416],[140.789794,41.268365],[140.789877,41.268423],[140.790026,41.268391],[140.790045,41.268521],[140.790197,41.268586],[140.790171,41.268701],[140.790367,41.268812],[140.790328,41.268878],[140.790358,41.269061],[140.790206,41.269185],[140.790051,41.269158],[140.789903,41.269238],[140.789765,41.269248],[140.7897,41.269316],[140.7897,41.269416],[140.789803,41.269494],[140.789755,41.269599],[140.789883,41.269725],[140.789845,41.269915],[140.790022,41.270002],[140.790026,41.270107],[140.790077,41.27016],[140.790226,41.270192],[140.790238,41.270294],[140.790355,41.270343],[140.790393,41.270433],[140.790538,41.270421],[140.790622,41.270487],[140.790887,41.270424],[140.790985,41.270469],[140.791426,41.270829],[140.791577,41.271104],[140.791484,41.271533],[140.791297,41.271611],[140.791297,41.271754],[140.791216,41.271813],[140.791197,41.271932],[140.791042,41.272054],[140.791084,41.272144],[140.790997,41.272219],[140.791007,41.272347],[140.790913,41.272413],[140.790887,41.272539],[140.790699,41.272643],[140.790713,41.272733],[140.790561,41.272823],[140.790558,41.273001],[140.790442,41.273133],[140.790474,41.273247],[140.790377,41.273303],[140.790342,41.273487],[140.790228,41.273568],[140.790264,41.273848],[140.790203,41.273755],[140.790013,41.273674],[140.790013,41.273563],[140.789932,41.273484],[140.789916,41.273375],[140.789783,41.273363],[140.789719,41.273538],[140.789738,41.273643],[140.789836,41.273695],[140.789874,41.2738],[140.790032,41.273843],[140.790032,41.273948],[140.790099,41.274024],[140.789874,41.274094],[140.789512,41.274089],[140.789432,41.274112],[140.789387,41.274199],[140.789458,41.27426],[140.789467,41.274374],[140.789534,41.274418],[140.789726,41.274425],[140.789732,41.274538],[140.789854,41.274577],[140.78987,41.274664],[140.790077,41.274732],[140.790169,41.274828],[140.790079,41.274906],[140.789799,41.274908],[140.789722,41.274826],[140.789399,41.27478],[140.789353,41.274816],[140.789363,41.274877],[140.789463,41.274896],[140.78955,41.275016],[140.789624,41.275042],[140.789779,41.274996],[140.789824,41.275074],[140.789902,41.275089],[140.790034,41.275035],[140.790202,41.27505],[140.790289,41.274936],[140.790428,41.274931],[140.790547,41.274809],[140.790654,41.27486],[140.790848,41.274833],[140.790909,41.274911],[140.791105,41.274952],[140.791138,41.275028],[140.791232,41.275074],[140.791393,41.275069],[140.791438,41.275161],[140.791557,41.27522],[140.791487,41.275325],[140.791532,41.275361],[140.791425,41.275441],[140.791442,41.275502],[140.791686,41.27559],[140.791805,41.275556],[140.791809,41.275614],[140.791905,41.275671],[140.791844,41.275736],[140.79188,41.275836],[140.791664,41.275838],[140.791595,41.275921],[140.791486,41.275952],[140.79145,41.276062],[140.791521,41.276108],[140.791676,41.276084],[140.791773,41.27613],[140.791889,41.276103],[140.791905,41.276037],[140.792028,41.276089],[140.792128,41.276062],[140.792211,41.276179],[140.792305,41.276186],[140.792421,41.276113],[140.792513,41.276227],[140.792621,41.27624],[140.792651,41.276317],[140.792821,41.276366],[140.793041,41.276651],[140.793168,41.276695],[140.793228,41.276851],[140.793357,41.27689],[140.793425,41.277001],[140.793583,41.277072],[140.793637,41.27721],[140.793737,41.277239],[140.793808,41.277351],[140.793883,41.277371],[140.794516,41.278109],[140.794745,41.278215],[140.795,41.278254],[140.795418,41.278717],[140.795742,41.27887],[140.795783,41.27894],[140.795803,41.279357],[140.795648,41.279434],[140.795567,41.279581],[140.795428,41.279629],[140.795373,41.279746],[140.795316,41.279743],[140.795212,41.279856],[140.795187,41.280077],[140.795257,41.280163],[140.795202,41.280272],[140.795271,41.280386],[140.795167,41.280498],[140.795216,41.280624],[140.795132,41.280724],[140.795183,41.280834],[140.79524,41.280853],[140.795257,41.281014],[140.79536,41.28107],[140.79534,41.28117],[140.795564,41.281406],[140.795657,41.28143],[140.79566,41.281501],[140.79556,41.281542],[140.795509,41.281628],[140.795428,41.281593],[140.795348,41.281639],[140.795179,41.281895],[140.795012,41.28189],[140.794967,41.282004],[140.794857,41.282043],[140.794832,41.282142],[140.794887,41.282237],[140.794835,41.282385],[140.794929,41.28249],[140.794923,41.282626],[140.795035,41.282713],[140.795054,41.282823],[140.795213,41.282881],[140.795223,41.28303],[140.795387,41.283086],[140.795413,41.283224],[140.795539,41.283271],[140.795542,41.28338],[140.795587,41.283421],[140.795468,41.283511],[140.795442,41.28359],[140.795478,41.283638],[140.795374,41.283726],[140.79549,41.28386],[140.795468,41.283961],[140.795517,41.284013],[140.795664,41.284001],[140.795764,41.284081],[140.795903,41.284061],[140.795942,41.284215],[140.796033,41.284232],[140.796029,41.284356],[140.796178,41.284402],[140.796188,41.284476],[140.796284,41.284514],[140.79638,41.284485],[140.796472,41.284373],[140.796645,41.284346],[140.796694,41.284266],[140.796833,41.284415],[140.79699,41.284451],[140.797068,41.284656],[140.79721,41.284701],[140.797226,41.284859],[140.797361,41.284957],[140.797339,41.285093],[140.797412,41.285203],[140.797351,41.28538],[140.79739,41.285424],[140.797322,41.285529],[140.797345,41.285679],[140.79741,41.285726],[140.7974,41.285823],[140.797545,41.285964],[140.797539,41.286089],[140.797681,41.2862],[140.797729,41.286329],[140.797967,41.286502],[140.797906,41.286583],[140.797936,41.286675],[140.797839,41.286704],[140.797767,41.28683],[140.797655,41.286872],[140.797629,41.287018],[140.797497,41.28713],[140.79749,41.287229],[140.797359,41.287254],[140.797251,41.287383],[140.797096,41.287395],[140.796994,41.287519],[140.796877,41.287559],[140.796861,41.287636],[140.796949,41.287821],[140.797106,41.287894],[140.797059,41.288016],[140.797567,41.288172],[140.797771,41.288198],[140.797945,41.288147],[140.797942,41.28823],[140.798058,41.288313],[140.797991,41.288722],[140.797881,41.288814],[140.797877,41.288879],[140.797928,41.288945],[140.797928,41.289062],[140.798097,41.289298],[140.798038,41.289413],[140.798077,41.28951],[140.798038,41.289651],[140.798077,41.289714],[140.797955,41.28986],[140.797932,41.290087],[140.797983,41.290153],[140.798113,41.290193],[140.798083,41.290282],[140.798175,41.290354],[140.798042,41.290481],[140.798097,41.290588],[140.79802,41.290681],[140.798097,41.290798],[140.798042,41.29096],[140.798106,41.291038],[140.798032,41.291145],[140.798061,41.291264],[140.798022,41.291359],[140.798071,41.291457],[140.798038,41.291552],[140.798129,41.291666],[140.798136,41.291776],[140.798226,41.291839],[140.798254,41.291985],[140.798413,41.292041],[140.798429,41.292152],[140.798493,41.292199],[140.798636,41.292223],[140.798693,41.292279],[140.798789,41.293421],[140.799219,41.293393],[140.799192,41.292477],[140.799304,41.292442],[140.799257,41.292132],[140.80091,41.291913],[140.802066,41.290938],[140.803971,41.289527],[140.806983,41.287787],[140.807123,41.287662],[140.807266,41.286886],[140.80736,41.286776],[140.807569,41.286737],[140.808331,41.287158],[140.808622,41.287228],[140.808986,41.287225],[140.809253,41.287158],[140.809596,41.28688],[140.810801,41.286233],[140.811702,41.285625],[140.812507,41.285491],[140.812894,41.285472],[140.813438,41.285268],[140.813875,41.285072],[140.814179,41.28485],[140.814386,41.284593],[140.814471,41.284789],[140.814366,41.285295],[140.814013,41.285585],[140.813627,41.285744],[140.813059,41.286063],[140.812815,41.286406],[140.812604,41.286549],[140.812316,41.286594],[140.811716,41.286928],[140.811647,41.287271],[140.811545,41.287443],[140.810535,41.287725],[140.810112,41.287904],[140.809743,41.288113],[140.809524,41.288443],[140.808842,41.288399],[140.808315,41.288435],[140.807956,41.288539],[140.807662,41.28872],[140.806773,41.289059],[140.806472,41.289319],[140.806228,41.289687],[140.805676,41.290094],[140.805597,41.290253],[140.805565,41.290477],[140.805561,41.291162],[140.805511,41.29139],[140.805403,41.291451],[140.804686,41.291516],[140.804536,41.291653],[140.804514,41.291862],[140.804604,41.292061],[140.805088,41.292555],[140.806156,41.293269],[140.807831,41.294074],[140.807906,41.294344],[140.807788,41.294925],[140.807164,41.295715],[140.806795,41.295975],[140.806519,41.295997],[140.806278,41.295943],[140.805719,41.295362],[140.805314,41.295145],[140.804865,41.294997],[140.803937,41.294417],[140.803549,41.294276],[140.802915,41.294229],[140.802441,41.294085],[140.802005,41.293809],[140.801802,41.293454],[140.801442,41.293366],[140.801373,41.293473],[140.801222,41.293534],[140.80115,41.293616],[140.80094,41.293556],[140.800822,41.293668],[140.800677,41.293685],[140.800628,41.293736],[140.800612,41.293918],[140.800718,41.293943],[140.800818,41.294104],[140.800954,41.294106],[140.80105,41.294245],[140.800967,41.294332],[140.800783,41.29426],[140.800695,41.294114],[140.800618,41.294094],[140.80047,41.294172],[140.800305,41.29416],[140.800132,41.294306],[140.800099,41.294432],[140.799977,41.294474],[140.799948,41.294648],[140.799832,41.294785],[140.799858,41.294891],[140.799732,41.295016],[140.799767,41.295142],[140.799683,41.295206],[140.799677,41.295369],[140.799554,41.295449],[140.799587,41.295561],[140.799503,41.295595],[140.799442,41.29569],[140.799465,41.295801],[140.799369,41.295894],[140.79942,41.296237],[140.799385,41.296322],[140.79944,41.296393],[140.799353,41.296463],[140.799359,41.296609],[140.799188,41.296631],[140.799059,41.296743],[140.798892,41.296779],[140.798827,41.29683],[140.798824,41.296896],[140.798649,41.296999],[140.798617,41.297099],[140.798514,41.29711],[140.7984,41.2972],[140.798337,41.297459],[140.798449,41.297536],[140.798465,41.297694],[140.798398,41.29775],[140.798378,41.297845],[140.798269,41.297904],[140.798223,41.298135],[140.79841,41.298522],[140.798549,41.298619],[140.798426,41.298755],[140.798375,41.298897],[140.798404,41.299016],[140.798665,41.299157],[140.798733,41.299148],[140.798826,41.299233],[140.798908,41.29923],[140.799016,41.299191],[140.799198,41.299213],[140.799269,41.29915],[140.799401,41.299148],[140.799471,41.299079],[140.799679,41.29904],[140.799746,41.298958],[140.799875,41.299011],[140.800014,41.29895],[140.800014,41.299135],[140.800065,41.299152],[140.799969,41.29924],[140.799936,41.299354],[140.799818,41.299344],[140.799726,41.299391],[140.799585,41.299357],[140.799449,41.299452],[140.799265,41.299461],[140.799171,41.299539],[140.799075,41.299549],[140.798943,41.299707],[140.798846,41.299746],[140.798794,41.299854],[140.798726,41.300094],[140.798781,41.300155],[140.798691,41.300286],[140.798785,41.300388],[140.79873,41.300508],[140.798791,41.300598],[140.798778,41.300729],[140.798894,41.300833],[140.798975,41.301004],[140.798885,41.301111],[140.798855,41.301311],[140.798971,41.301423],[140.798975,41.301525],[140.799101,41.301598],[140.799126,41.301688],[140.799295,41.301748],[140.799385,41.301873],[140.799505,41.301858],[140.799566,41.301938],[140.799727,41.301932],[140.79963,41.302083],[140.799715,41.302204],[140.799685,41.302279],[140.79973,41.30235],[140.799888,41.302374],[140.799927,41.302474],[140.800131,41.302491],[140.800208,41.302608],[140.80084,41.302713],[140.801063,41.302683],[140.801137,41.30263],[140.801141,41.302552],[140.801188,41.302593],[140.80138,41.302581],[140.801408,41.302676],[140.80157,41.302718],[140.801627,41.302795],[140.801796,41.30279],[140.801918,41.302863],[140.80208,41.302844],[140.802253,41.303012],[140.802318,41.303297],[140.802163,41.303525],[140.802063,41.303472],[140.801891,41.303572],[140.801815,41.303498],[140.801723,41.303487],[140.801578,41.303572],[140.80144,41.30353],[140.801298,41.303598],[140.801143,41.303559],[140.800988,41.303647],[140.800791,41.303603],[140.800672,41.303664],[140.800488,41.30364],[140.800368,41.303693],[140.800217,41.30364],[140.800097,41.303691],[140.799926,41.303674],[140.799833,41.303776],[140.799913,41.303866],[140.799878,41.303893],[140.799917,41.30401],[140.800046,41.304061],[140.800081,41.304193],[140.800213,41.304272],[140.800193,41.304359],[140.800326,41.304478],[140.800352,41.304617],[140.800513,41.304719],[140.800555,41.30486],[140.800613,41.30488],[140.800613,41.305013],[140.800771,41.305113],[140.800803,41.30524],[140.800971,41.305281],[140.801,41.305401],[140.801185,41.305586],[140.80132,41.30561],[140.801291,41.305673],[140.801381,41.305796],[140.801358,41.305852],[140.801426,41.30596],[140.801422,41.306079],[140.80152,41.306159],[140.801467,41.306269],[140.801503,41.306398],[140.801448,41.306439],[140.801451,41.30651],[140.801597,41.306756],[140.80176,41.306816],[140.801789,41.30696],[140.801922,41.307006],[140.801958,41.307106],[140.802102,41.307196],[140.802085,41.307325],[140.802185,41.307397],[140.802163,41.307534],[140.80226,41.307582],[140.802277,41.307692],[140.80246,41.307743],[140.802505,41.307886],[140.802486,41.30842],[140.803123,41.310262],[140.803397,41.310321],[140.803419,41.310366],[140.803578,41.3104],[140.803668,41.3105],[140.803778,41.3105],[140.803823,41.310636],[140.803923,41.310699],[140.803793,41.310767],[140.803723,41.310659],[140.803587,41.310619],[140.803515,41.310514],[140.803384,41.310487],[140.803303,41.310745],[140.803454,41.310797],[140.803513,41.310953],[140.803413,41.311016],[140.80339,41.311148],[140.803542,41.311252],[140.80369,41.31122],[140.803762,41.311149],[140.803742,41.311089],[140.80397,41.311152],[140.804087,41.31124],[140.804229,41.311206],[140.804209,41.311334],[140.80429,41.311369],[140.804196,41.311479],[140.804186,41.311564],[140.804051,41.311641],[140.803945,41.31159],[140.803593,41.311593],[140.803445,41.311503],[140.803342,41.311532],[140.803313,41.311603],[140.803413,41.311693],[140.803425,41.31179],[140.803877,41.31186],[140.803859,41.31222],[140.804631,41.314323],[140.805043,41.314901],[140.80526,41.314946],[140.805237,41.315022],[140.805302,41.315107],[140.805155,41.315723],[140.805128,41.316446],[140.805041,41.316721],[140.804861,41.316833],[140.804586,41.317227],[140.80441,41.317293],[140.804357,41.317409],[140.804241,41.317453],[140.804138,41.317575],[140.803973,41.317638],[140.803951,41.317728],[140.803828,41.317745],[140.80369,41.317848],[140.803577,41.317818],[140.803415,41.317916],[140.803198,41.317943],[140.803051,41.318103],[140.802912,41.318149],[140.802837,41.318273],[140.80269,41.318322],[140.802608,41.318409],[140.802641,41.318546],[140.802553,41.318636],[140.80256,41.318716],[140.802647,41.318818],[140.80259,41.318897],[140.802613,41.319068],[140.802536,41.319158],[140.802542,41.319228],[140.802368,41.319264],[140.802275,41.319372],[140.802083,41.319388],[140.801971,41.319503],[140.801936,41.319406],[140.801836,41.319344],[140.801775,41.319187],[140.801616,41.319172],[140.801561,41.319206],[140.801565,41.319269],[140.801645,41.31934],[140.801626,41.319433],[140.80169,41.319537],[140.801503,41.319576],[140.801487,41.319449],[140.801345,41.319388],[140.801283,41.319228],[140.801106,41.319158],[140.800967,41.319179],[140.800929,41.319225],[140.800955,41.319282],[140.800819,41.319311],[140.800729,41.31941],[140.800557,41.319447],[140.800535,41.319549],[140.800402,41.319678],[140.80049,41.319777],[140.80061,41.319743],[140.80081,41.319846],[140.800757,41.319928],[140.800565,41.319901],[140.800522,41.319953],[140.800467,41.319909],[140.800306,41.319904],[140.800206,41.319986],[140.800039,41.319977],[140.799942,41.320087],[140.799775,41.320063],[140.799604,41.320379],[140.799471,41.320391],[140.799394,41.320474],[140.799316,41.32046],[140.799226,41.320556],[140.799204,41.320735],[140.798849,41.320802],[140.798906,41.320941],[140.798804,41.321056],[140.798906,41.321166],[140.798742,41.321306],[140.798742,41.32136],[140.798826,41.32154],[140.799042,41.321635],[140.799251,41.321623],[140.79941,41.321691],[140.799491,41.321675],[140.79954,41.321847],[140.799459,41.321945],[140.799242,41.321899],[140.799169,41.321966],[140.799362,41.322059],[140.799265,41.322111],[140.799285,41.322169],[140.799181,41.322171],[140.799152,41.322246],[140.799294,41.322346],[140.79933,41.322456],[140.799581,41.322468],[140.799691,41.322544],[140.799907,41.322614],[140.80004,41.322605],[140.800152,41.322668],[140.800313,41.322619],[140.800485,41.322653],[140.80054,41.322641],[140.800578,41.322551],[140.800723,41.322507],[140.800746,41.322446],[140.800705,41.322378],[140.80095,41.322332],[140.801082,41.322429],[140.801033,41.322577],[140.801113,41.322609],[140.801201,41.322741],[140.801305,41.322743],[140.801443,41.322646],[140.801621,41.32279],[140.801588,41.32287],[140.801668,41.322965],[140.801617,41.323057],[140.80166,41.323145],[140.80193,41.323216],[140.802053,41.323186],[140.802076,41.323311],[140.802211,41.323354],[140.802237,41.323491],[140.802492,41.323615],[140.802617,41.323612],[140.802721,41.323731],[140.802853,41.323758],[140.802859,41.323914],[140.802998,41.324009],[140.803056,41.32416],[140.803253,41.324201],[140.803488,41.324342],[140.803504,41.324441],[140.803643,41.324507],[140.803714,41.32469],[140.803827,41.32476],[140.803843,41.324947],[140.803979,41.325033],[140.804002,41.325176],[140.804153,41.325256],[140.804163,41.325398],[140.804288,41.325446],[140.804279,41.3256],[140.804389,41.325658],[140.804412,41.325782],[140.804553,41.325845],[140.804566,41.325988],[140.804862,41.326078],[140.805224,41.325951],[140.805265,41.325876],[140.805275,41.325958],[140.805437,41.326041],[140.805447,41.326224],[140.80561,41.326285],[140.805653,41.326382],[140.80581,41.326423],[140.805953,41.326562],[140.806095,41.326567],[140.806167,41.326693],[140.806063,41.327384],[140.805703,41.327737],[140.805792,41.327803],[140.806174,41.327567],[140.806402,41.327054],[140.807133,41.327169],[140.807195,41.327324],[140.807331,41.327093],[140.807079,41.326508],[140.811718,41.323627],[140.811684,41.324402],[140.811929,41.324688],[140.813113,41.325624],[140.813712,41.325983],[140.814788,41.326495],[140.814965,41.326538],[140.81602,41.326343],[140.817673,41.32578],[140.819129,41.325442],[140.821415,41.324792],[140.821996,41.324705],[140.822522,41.324705],[140.822974,41.324848],[140.823344,41.325104],[140.823416,41.325597],[140.821455,41.325611],[140.821176,41.32573],[140.82089,41.325955],[140.819676,41.326622],[140.816875,41.327464],[140.815745,41.327745],[140.814967,41.328047],[140.813558,41.328692],[140.812519,41.328875],[140.810276,41.329022],[140.806859,41.329096],[140.806272,41.328512],[140.806148,41.328512],[140.80602,41.328576],[140.805888,41.328534],[140.805704,41.328582],[140.805504,41.328549],[140.805359,41.328609],[140.805164,41.328614],[140.805082,41.32867],[140.804954,41.32859],[140.804742,41.328604],[140.804602,41.3285],[140.80441,41.3285],[140.804293,41.328406],[140.804052,41.328399],[140.803977,41.328242],[140.803769,41.328164],[140.803573,41.328203],[140.803386,41.328101],[140.803181,41.328169],[140.803049,41.328132],[140.802917,41.328181],[140.802613,41.328187],[140.802458,41.32805],[140.802408,41.327911],[140.802206,41.327831],[140.801937,41.327825],[140.801879,41.32786],[140.801874,41.327939],[140.802053,41.327999],[140.802056,41.328097],[140.802206,41.328199],[140.802022,41.328258],[140.801856,41.328105],[140.801846,41.327985],[140.801684,41.327914],[140.801614,41.32779],[140.801446,41.327774],[140.801421,41.327649],[140.801376,41.327624],[140.801109,41.327667],[140.801062,41.327751],[140.801088,41.327806],[140.801003,41.327796],[140.800948,41.327888],[140.801044,41.327983],[140.801008,41.328047],[140.801052,41.328112],[140.801187,41.328163],[140.801223,41.32828],[140.801379,41.328391],[140.801568,41.328391],[140.801641,41.328321],[140.801641,41.328379],[140.801727,41.328444],[140.801672,41.328485],[140.801691,41.328571],[140.801633,41.328661],[140.801698,41.328736],[140.801884,41.328825],[140.802071,41.328804],[140.802182,41.328898],[140.802177,41.328996],[140.802249,41.329027],[140.802362,41.329008],[140.802473,41.32907],[140.802608,41.329041],[140.802706,41.329123],[140.802804,41.329105],[140.802929,41.329185],[140.803142,41.329131],[140.803248,41.329207],[140.803386,41.329229],[140.803396,41.329338],[140.803479,41.329388],[140.803446,41.329459],[140.803531,41.329574],[140.803525,41.329657],[140.803675,41.329733],[140.803665,41.329823],[140.803812,41.329954],[140.803808,41.330053],[140.803907,41.330099],[140.803887,41.330145],[140.803977,41.33022],[140.804087,41.330203],[140.804104,41.330288],[140.804216,41.33035],[140.804131,41.330404],[140.804143,41.330508],[140.804012,41.330576],[140.804032,41.330682],[140.804181,41.330695],[140.804198,41.330772],[140.804299,41.330803],[140.804402,41.330772],[140.804396,41.330848],[140.804457,41.330893],[140.804641,41.330853],[140.804632,41.33095],[140.804728,41.331053],[140.804894,41.331029],[140.804991,41.331086],[140.805142,41.331051],[140.805124,41.331196],[140.805209,41.331253],[140.805172,41.331284],[140.805183,41.331385],[140.805293,41.33146],[140.805251,41.331545],[140.805268,41.331662],[140.805131,41.331664],[140.805052,41.331734],[140.804912,41.331757],[140.804871,41.331866],[140.804732,41.331921],[140.804717,41.331974],[140.804778,41.332062],[140.804754,41.332178],[140.804871,41.332227],[140.804956,41.332328],[140.805058,41.332313],[140.805116,41.332247],[140.805244,41.332293],[140.805459,41.332243],[140.805512,41.332337],[140.805664,41.332385],[140.805699,41.332473],[140.805882,41.332486],[140.805844,41.332627],[140.805943,41.332675],[140.805905,41.33277],[140.805993,41.332868],[140.806122,41.332875],[140.806247,41.33297],[140.806348,41.332968],[140.806407,41.332913],[140.806514,41.332968],[140.806695,41.332923],[140.806873,41.333013],[140.807033,41.332985],[140.80708,41.333103],[140.807139,41.333131],[140.807094,41.333317],[140.80722,41.333372],[140.80725,41.333553],[140.807297,41.333588],[140.807587,41.33362],[140.807658,41.333533],[140.807584,41.333405],[140.8077,41.333464],[140.807814,41.333414],[140.807917,41.333517],[140.808108,41.333481],[140.808248,41.333564],[140.808402,41.333539],[140.808534,41.333598],[140.808693,41.333595],[140.810782,41.334074],[140.811514,41.334296],[140.813075,41.335009],[140.814049,41.335728],[140.814284,41.335949],[140.81501,41.336912],[140.81563,41.337379],[140.815779,41.337593],[140.81631,41.338133],[140.816601,41.338601],[140.816802,41.339113],[140.816772,41.339907],[140.816697,41.340261],[140.816712,41.341213],[140.816749,41.341411],[140.816988,41.341962],[140.817287,41.342244],[140.818521,41.343004],[140.818908,41.343392],[140.819178,41.343842],[140.819498,41.344597],[140.819894,41.345351],[140.820298,41.345925],[140.820396,41.346539],[140.820514,41.347896],[140.820498,41.348344],[140.820409,41.348401],[140.820521,41.348594],[140.820523,41.348728],[140.820589,41.348746],[140.820649,41.348909],[140.820671,41.349393],[140.82082,41.350013],[140.82079,41.350238],[140.82097,41.351021],[140.820903,41.351391],[140.820805,41.351634],[140.82065,41.351691],[140.820675,41.351746],[140.82088,41.351791],[140.820859,41.351917],[140.820993,41.351955],[140.820963,41.352082],[140.821045,41.352089],[140.821306,41.352293],[140.821583,41.352732],[140.821806,41.352935],[140.822038,41.353256],[140.822255,41.353914],[140.822539,41.354579],[140.822576,41.354786],[140.822875,41.355423],[140.823196,41.35638],[140.823292,41.356779],[140.823345,41.357793],[140.823412,41.358098],[140.823371,41.358283],[140.823402,41.358335],[140.823324,41.358425],[140.823444,41.358652],[140.823504,41.358666],[140.823557,41.358766],[140.823659,41.358776],[140.823689,41.359741],[140.823786,41.360326],[140.823794,41.360884],[140.82416,41.361626],[140.824308,41.362319],[140.824451,41.362584],[140.82451,41.362876],[140.824496,41.363479],[140.82472,41.364053],[140.824726,41.365054],[140.824561,41.365154],[140.824561,41.365231],[140.824356,41.365309],[140.824343,41.365405],[140.824501,41.365483],[140.82452,41.365545],[140.824643,41.365591],[140.82472,41.365559],[140.824763,41.365622],[140.824833,41.365627],[140.824928,41.365776],[140.824921,41.365899],[140.824726,41.366363],[140.824618,41.366498],[140.824621,41.366571],[140.824688,41.366634],[140.824641,41.366674],[140.824653,41.36677],[140.8246,41.366876],[140.824735,41.367003],[140.824701,41.36707],[140.824981,41.367729],[140.825011,41.368045],[140.824868,41.368444],[140.824645,41.368681],[140.8246,41.36867],[140.824552,41.368734],[140.824398,41.368658],[140.824162,41.368796],[140.824118,41.368889],[140.824168,41.368946],[140.824141,41.369058],[140.824168,41.369149],[140.82429,41.369232],[140.824333,41.369354],[140.824482,41.369465],[140.824843,41.369499],[140.824918,41.369425],[140.825018,41.369435],[140.82522,41.369479],[140.825287,41.369525],[140.825302,41.369602],[140.825392,41.369609],[140.825451,41.369671],[140.82561,41.369664],[140.825558,41.369922],[140.825695,41.370068],[140.825862,41.370065],[140.82589,41.370034],[140.825847,41.369936],[140.826961,41.369953],[140.826949,41.370212],[140.827371,41.370471],[140.827543,41.370662],[140.827618,41.370888],[140.827453,41.371681],[140.827453,41.372165],[140.827333,41.372824],[140.827027,41.373382],[140.826931,41.373854],[140.827297,41.374665],[140.827692,41.375267],[140.827849,41.375627],[140.827872,41.375937],[140.827759,41.37668],[140.827759,41.377035],[140.827998,41.378065],[140.827998,41.378335],[140.827902,41.37869],[140.827714,41.379078],[140.827588,41.379754],[140.827521,41.38088],[140.827536,41.38146],[140.827371,41.381887],[140.827297,41.382456],[140.827267,41.38249],[140.827127,41.382398],[140.826943,41.382465],[140.826833,41.382451],[140.826726,41.382612],[140.826776,41.382722],[140.826751,41.382811],[140.826821,41.382884],[140.826796,41.382944],[140.826897,41.383061],[140.826916,41.383166],[140.827048,41.383213],[140.827052,41.383299],[140.827133,41.383361],[140.827187,41.383496],[140.827294,41.383509],[140.827304,41.383661],[140.827162,41.383919],[140.827197,41.383939],[140.827162,41.384051],[140.827092,41.384099],[140.827106,41.384192],[140.827155,41.384282],[140.827302,41.384304],[140.827377,41.384364],[140.82751,41.384289],[140.827648,41.384454],[140.827633,41.384517],[140.827349,41.384616],[140.827327,41.384843],[140.827415,41.384865],[140.82734,41.385739],[140.827132,41.386493],[140.827162,41.386825],[140.827408,41.387247],[140.827573,41.387957],[140.827423,41.388587],[140.827505,41.388998],[140.827722,41.389505],[140.827834,41.390124],[140.828208,41.390771],[140.828484,41.391019],[140.828895,41.391818],[140.828909,41.39241],[140.829215,41.393361],[140.829222,41.393631],[140.829169,41.393751],[140.829201,41.393882],[140.829257,41.393914],[140.829222,41.394154],[140.829464,41.394238],[140.830794,41.395643],[140.830672,41.395669],[140.830622,41.395767],[140.830527,41.395764],[140.83024,41.395936],[140.830255,41.396105],[140.830579,41.396072],[140.830767,41.395934],[140.830762,41.395878],[140.830955,41.395863],[140.830994,41.395821],[140.831187,41.396069],[140.83142,41.396525],[140.831464,41.396936],[140.831375,41.397359],[140.830795,41.397863],[140.830772,41.397995],[140.830583,41.397895],[140.830516,41.397903],[140.830307,41.398069],[140.8304,41.398161],[140.830445,41.398292],[140.830717,41.398402],[140.830705,41.398492],[140.83047,41.398508],[140.830387,41.398619],[140.830389,41.398701],[140.830451,41.39875],[140.830386,41.39895],[140.830636,41.399017],[140.830755,41.398934],[140.830806,41.39878],[140.831011,41.398777],[140.831542,41.39968],[140.831155,41.400493],[140.831329,41.40054],[140.831702,41.399643],[140.831175,41.398784],[140.831656,41.398413],[140.832457,41.399199],[140.832786,41.399661],[140.832831,41.400359],[140.832914,41.400421],[140.833361,41.400488],[140.833331,41.401015],[140.833385,41.40102],[140.83322,41.401096],[140.833236,41.401245],[140.833145,41.401356],[140.833267,41.401521],[140.833315,41.401814],[140.833249,41.401857],[140.833232,41.40195],[140.833265,41.402081],[140.833205,41.402183],[140.833236,41.402253],[140.833147,41.402311],[140.833145,41.402396],[140.833201,41.402458],[140.833122,41.402526],[140.833189,41.402646],[140.833115,41.402678],[140.833147,41.40278],[140.832987,41.402937],[140.832831,41.403326],[140.832959,41.403399],[140.833085,41.403652],[140.833496,41.404193],[140.833624,41.404461],[140.833539,41.404504],[140.833504,41.404626],[140.833437,41.404676],[140.833431,41.404981],[140.83314,41.405019],[140.833014,41.405109],[140.832874,41.405109],[140.832731,41.405209],[140.832726,41.405257],[140.832789,41.405348],[140.832944,41.40531],[140.833045,41.405386],[140.83319,41.405372],[140.833256,41.405444],[140.833402,41.405424],[140.833541,41.40547],[140.833586,41.405434],[140.834668,41.405859],[140.834983,41.405904],[140.835049,41.405747],[140.835602,41.405882],[140.835997,41.406064],[140.835951,41.406274],[140.836261,41.406774],[140.836219,41.406884],[140.836103,41.406929],[140.836111,41.407008],[140.836051,41.407069],[140.836016,41.4074],[140.836088,41.407469],[140.836038,41.40756],[140.836104,41.407622],[140.836086,41.407746],[140.836164,41.407877],[140.836278,41.40791],[140.836214,41.407948],[140.836212,41.408005],[140.836291,41.408056],[140.836183,41.40816],[140.836237,41.408337],[140.836171,41.408356],[140.836139,41.408463],[140.836196,41.408528],[140.836096,41.408646],[140.836158,41.408706],[140.836032,41.408744],[140.836006,41.408844],[140.835914,41.408894],[140.835917,41.409157],[140.835811,41.409226],[140.835832,41.409364],[140.835788,41.409417],[140.835829,41.409512],[140.835921,41.409517],[140.836081,41.409659],[140.836506,41.409873],[140.836639,41.410048],[140.836543,41.41007],[140.836487,41.410163],[140.836559,41.410274],[140.836481,41.410511],[140.836309,41.410482],[140.836183,41.41058],[140.836167,41.410651],[140.836051,41.410551],[140.835889,41.410542],[140.835836,41.410584],[140.835677,41.410487],[140.835683,41.410644],[140.835576,41.410663],[140.835513,41.410758],[140.835594,41.410858],[140.835594,41.410938],[140.835752,41.411033],[140.836053,41.410894],[140.836082,41.410954],[140.836249,41.411018],[140.836433,41.410908],[140.836521,41.410983],[140.836681,41.410973],[140.836766,41.411063],[140.836743,41.411199],[140.836927,41.41124],[140.836962,41.411314],[140.837086,41.41134],[140.837161,41.411428],[140.837326,41.411428],[140.837396,41.411528],[140.837497,41.411538],[140.837447,41.411641],[140.837477,41.411686],[140.837274,41.411778],[140.837253,41.411832],[140.837396,41.411883],[140.837693,41.411787],[140.837971,41.411967],[140.838134,41.412232],[140.838747,41.412857],[140.839008,41.413415],[140.838971,41.413786],[140.838717,41.413961],[140.838433,41.413949],[140.838139,41.414176],[140.837487,41.414105],[140.837354,41.414257],[140.837303,41.414257],[140.837278,41.414164],[140.837231,41.414161],[140.837123,41.414255],[140.837079,41.414396],[140.836968,41.414429],[140.836974,41.414548],[140.837156,41.414529],[140.837118,41.414659],[140.837163,41.414754],[140.837086,41.414862],[140.837201,41.414968],[140.837342,41.414979],[140.837563,41.415127],[140.837532,41.415227],[140.837181,41.41556],[140.836991,41.415592],[140.836923,41.415504],[140.836791,41.415482],[140.836582,41.415529],[140.836369,41.415387],[140.836372,41.415334],[140.836063,41.415165],[140.835978,41.415186],[140.835933,41.415286],[140.836063,41.415405],[140.835997,41.415429],[140.835933,41.415365],[140.835782,41.41536],[140.835516,41.415405],[140.835446,41.415575],[140.835551,41.415651],[140.835282,41.415687],[140.835214,41.415792],[140.835266,41.415914],[140.835379,41.415951],[140.835369,41.416089],[140.835458,41.416139],[140.835518,41.416254],[140.835613,41.416259],[140.835708,41.416402],[140.835658,41.416454],[140.835681,41.416571],[140.835642,41.416619],[140.835737,41.41674],[140.835729,41.416843],[140.835904,41.416914],[140.836111,41.416857],[140.836161,41.416967],[140.836278,41.417036],[140.836464,41.416993],[140.836699,41.417079],[140.836838,41.417036],[140.836943,41.417095],[140.837123,41.417098],[140.837247,41.417043],[140.837294,41.417214],[140.837447,41.417204],[140.837559,41.417263],[140.837696,41.417158],[140.837854,41.417224],[140.837923,41.417322],[140.838259,41.417422],[140.838314,41.417659],[140.838314,41.417963],[140.838277,41.418295],[140.838194,41.418436],[140.837918,41.418808],[140.837689,41.418962],[140.837332,41.418912],[140.837126,41.419089],[140.837249,41.419186],[140.837617,41.419275],[140.837777,41.419405],[140.837738,41.419505],[140.837843,41.419602],[140.837801,41.419673],[140.837867,41.419781],[140.837582,41.420073],[140.837639,41.420156],[140.837582,41.420178],[140.837611,41.420253],[140.837734,41.420281],[140.837743,41.420367],[140.837824,41.420381],[140.838091,41.420242],[140.838152,41.420103],[140.838247,41.420103],[140.838299,41.419995],[140.838478,41.419948],[140.838541,41.420152],[140.838738,41.420246],[140.839054,41.420306],[140.839499,41.419748],[140.839678,41.419878],[140.840184,41.419638],[140.840143,41.419588],[140.84114,41.419425],[140.84205,41.419383],[140.842636,41.419443],[140.843453,41.41961],[140.844253,41.419896],[140.844947,41.42039],[140.845166,41.420354],[140.845247,41.420437],[140.845395,41.420387],[140.845427,41.420458],[140.845732,41.420476],[140.845831,41.420548],[140.846991,41.420583],[140.847422,41.420693],[140.847492,41.420744],[140.847469,41.420923],[140.847677,41.420994],[140.847664,41.421113],[140.847745,41.421295],[140.847859,41.421495],[140.847935,41.421567],[140.848044,41.421588],[140.848086,41.42172],[140.848352,41.421688],[140.848429,41.42162],[140.848875,41.421878],[140.849745,41.423409],[140.849456,41.423491],[140.849485,41.423656],[140.849347,41.423759],[140.849147,41.423731],[140.849042,41.423863],[140.84919,41.424045],[140.849275,41.424074],[140.849541,41.423974],[140.849755,41.424006],[140.849793,41.424113],[140.849902,41.424163],[140.849865,41.424263],[140.84996,41.424366],[140.849912,41.424406],[140.849707,41.42441],[140.849641,41.424477],[140.84938,41.424438],[140.849275,41.424531],[140.849071,41.424585],[140.849066,41.424642],[140.849242,41.424778],[140.849166,41.424856],[140.84919,41.424992],[140.849375,41.42549],[140.849585,41.425643],[140.84926,41.426326],[140.848698,41.426966],[140.847609,41.427932],[140.846398,41.428751],[140.844758,41.429384],[140.843088,41.429908],[140.841602,41.429994],[140.839406,41.429938],[140.838354,41.429778],[140.837155,41.429483],[140.835534,41.428978],[140.833723,41.428332],[140.83294,41.427963],[140.831839,41.427144],[140.830258,41.425753],[140.828704,41.423796],[140.82742,41.421605],[140.824738,41.416085],[140.82467,41.415568],[140.824707,41.414928],[140.825184,41.412792],[140.825178,41.412373],[140.825031,41.411955],[140.824753,41.41145],[140.823664,41.409813],[140.822303,41.407505],[140.821532,41.405763],[140.819116,41.406644],[140.817758,41.406945],[140.816431,41.407179],[140.815397,41.407253],[140.813752,41.40721],[140.811409,41.406933],[140.81092,41.406816],[140.809078,41.406059],[140.807769,41.405333],[140.805072,41.403203],[140.804295,41.402372],[140.803848,41.401782],[140.803237,41.400766],[140.802778,41.399867],[140.80265,41.398957],[140.802625,41.396993],[140.802717,41.396372],[140.803023,41.395455],[140.803634,41.394261],[140.804283,41.393178],[140.80495,41.392181],[140.805525,41.39154],[140.807121,41.390556],[140.808822,41.389996],[140.809323,41.389934],[140.811121,41.389559],[140.812461,41.389417],[140.813134,41.389294],[140.813213,41.388716],[140.813397,41.388279],[140.813746,41.3877],[140.814259,41.387134],[140.815027,41.385601],[140.815639,41.38506],[140.815957,41.384715],[140.815969,41.384469],[140.815504,41.382647],[140.815162,41.380961],[140.815272,41.380136],[140.815932,41.378573],[140.81641,41.377576],[140.816471,41.376936],[140.816459,41.376333],[140.816006,41.375385],[140.814795,41.373772],[140.81373,41.372554],[140.812996,41.371569],[140.812788,41.37088],[140.812629,41.369575],[140.812593,41.368504],[140.812703,41.367913],[140.813155,41.366682],[140.813657,41.365538],[140.813828,41.364762],[140.813841,41.364184],[140.813657,41.363617],[140.811602,41.358854],[140.811174,41.356897],[140.811137,41.355777],[140.811002,41.355321],[140.809706,41.353438],[140.809045,41.352318],[140.808776,41.351419],[140.808776,41.350287],[140.809204,41.349105],[140.809387,41.348453],[140.80929,41.347887],[140.806904,41.345117],[140.805962,41.343148],[140.805632,41.342323],[140.805424,41.34204],[140.803576,41.341215],[140.801399,41.34012],[140.798353,41.338396],[140.795511,41.33599],[140.794728,41.335215],[140.791829,41.331633],[140.791003,41.330291],[140.790416,41.329171],[140.789945,41.328088],[140.789878,41.327509],[140.789896,41.32706],[140.790027,41.3265],[140.789122,41.325478],[140.788645,41.324703],[140.788376,41.323521],[140.788095,41.321847],[140.78829,41.319594],[140.788462,41.31872],[140.788731,41.317847],[140.789122,41.31701],[140.789832,41.316013],[140.790725,41.314991],[140.791753,41.314055],[140.792303,41.313477],[140.792438,41.312775],[140.792364,41.312098],[140.79212,41.311138],[140.791777,41.310375],[140.790982,41.308996],[140.790162,41.307889],[140.788437,41.30507],[140.788144,41.304184],[140.787633,41.302313],[140.787351,41.301088],[140.787376,41.29814],[140.787535,41.29726],[140.787896,41.296115],[140.78866,41.294601],[140.788783,41.294164],[140.788709,41.293832],[140.788015,41.293069],[140.787379,41.292121],[140.786902,41.291235],[140.786633,41.290398],[140.786351,41.288736],[140.785764,41.283701],[140.785556,41.283049],[140.785067,41.282434],[140.7841,41.28172],[140.780516,41.279455],[140.780271,41.278999],[140.780198,41.278372],[140.780234,41.277769],[140.780442,41.277313],[140.780712,41.276464],[140.780736,41.275602],[140.780589,41.274888],[140.780137,41.273694],[140.778656,41.269337],[140.778326,41.267564],[140.778179,41.267047],[140.777482,41.265657],[140.776662,41.264179],[140.776063,41.263256],[140.775891,41.262469],[140.775891,41.261213],[140.775781,41.260844],[140.775561,41.260438],[140.775121,41.26013],[140.773481,41.259157],[140.77249,41.258407],[140.771487,41.257742],[140.771145,41.257262],[140.770545,41.256142],[140.769701,41.254012],[140.769384,41.250343],[140.769267,41.249789],[140.768896,41.248709],[140.768834,41.248224],[140.768937,41.247857],[140.769229,41.247393],[140.769711,41.246355],[140.770523,41.244319],[140.771225,41.241923],[140.771679,41.240608],[140.772326,41.239223],[140.773097,41.237838],[140.773606,41.235567],[140.773868,41.234986],[140.774556,41.233767],[140.774528,41.233241],[140.774404,41.232895],[140.773785,41.231925],[140.773386,41.231136],[140.773083,41.23025],[140.773083,41.229696],[140.77329,41.228893],[140.773427,41.228048],[140.773317,41.22773],[140.772161,41.226151],[140.771913,41.225694],[140.771721,41.224752],[140.771707,41.22406],[140.771899,41.222274],[140.771844,41.222024],[140.771555,41.221664],[140.771074,41.221193],[140.770647,41.220653],[140.770289,41.219947],[140.770262,41.218105],[140.770592,41.217053],[140.770785,41.216236],[140.770578,41.215641],[140.770275,41.215031],[140.76956,41.214214],[140.768665,41.213356],[140.767413,41.211763],[140.766394,41.210378],[140.765692,41.209575],[140.764867,41.208952],[140.764233,41.208578],[140.763311,41.208301],[140.762362,41.20808],[140.761908,41.20772],[140.761219,41.206778],[140.759678,41.204493],[140.759224,41.203607],[140.758742,41.203427],[140.756829,41.202471],[140.756168,41.201987],[140.755563,41.201391],[140.754998,41.20063],[140.754352,41.199397],[140.753842,41.198082],[140.753526,41.197154],[140.753223,41.195755],[140.753127,41.194523],[140.753182,41.192958],[140.753663,41.19149],[140.753636,41.191172],[140.753416,41.19041],[140.753196,41.189067],[140.753099,41.187793],[140.753264,41.18699],[140.753485,41.186422],[140.753897,41.185536],[140.754255,41.185037],[140.754242,41.183417],[140.754324,41.182794],[140.754723,41.181423],[140.755177,41.180495],[140.755907,41.179692],[140.756196,41.179249],[140.755769,41.177643],[140.755714,41.17677],[140.756127,41.174638],[140.757022,41.172533],[140.757008,41.172256],[140.756512,41.171425],[140.755742,41.169486],[140.755329,41.168212],[140.755205,41.167188],[140.755191,41.166108],[140.755466,41.165221],[140.755769,41.164529],[140.755232,41.16302],[140.75493,41.161469],[140.754833,41.160555],[140.754916,41.15971],[140.755549,41.157605],[140.755494,41.15737],[140.754751,41.156234],[140.75431,41.15532],[140.753853,41.154213],[140.753667,41.153617],[140.753688,41.152572],[140.753839,41.152038],[140.753829,41.15172],[140.753044,41.150432],[140.752796,41.14956],[140.752507,41.147746],[140.752425,41.146513],[140.752466,41.144658],[140.752631,41.143218],[140.753072,41.14211],[140.753677,41.14096],[140.754465,41.139839],[140.755367,41.138897],[140.756516,41.137789],[140.757149,41.137346],[140.758828,41.136834],[140.759385,41.136148],[140.760118,41.135504],[140.761935,41.133677],[140.76316,41.132569],[140.764013,41.131946],[140.765238,41.131142],[140.76616,41.130699],[140.76795,41.130228],[140.768954,41.129564],[140.770234,41.128234],[140.771666,41.12685],[140.772808,41.12613],[140.775753,41.124592],[140.777281,41.1239],[140.778671,41.123374],[140.78046,41.122792],[140.781726,41.12246],[140.78408,41.122225],[140.789915,41.122155],[140.791388,41.121948],[140.792283,41.121657],[140.795407,41.120244],[140.797086,41.1194],[140.798655,41.118458],[140.799825,41.117863],[140.800871,41.117198],[140.801738,41.116547],[140.802247,41.115993],[140.802481,41.115412],[140.803004,41.114498],[140.803651,41.113667],[140.805371,41.112296],[140.80661,41.111465],[140.807449,41.110994],[140.808936,41.110329],[140.810656,41.109776],[140.811854,41.109526],[140.812679,41.109457],[140.813602,41.109471],[140.814758,41.109596],[140.818749,41.110357],[140.820015,41.110759],[140.821529,41.11134],[140.82263,41.111867],[140.823759,41.1126],[140.824929,41.113514],[140.825961,41.114747],[140.8268,41.11591],[140.827502,41.117406],[140.82797,41.119137],[140.828287,41.121061],[140.828228,41.121927],[140.827939,41.122938],[140.827581,41.123859],[140.827079,41.124828],[140.826418,41.12559],[140.825981,41.125956],[140.826091,41.126372],[140.826835,41.128214],[140.827303,41.129695],[140.827385,41.131108],[140.82733,41.132631],[140.826931,41.134044],[140.82627,41.135871],[140.825018,41.13763],[140.824206,41.138641],[140.822672,41.139816],[140.82264,41.139697],[140.822505,41.139707],[140.822434,41.139657],[140.822303,41.139702],[140.822245,41.139612],[140.822047,41.139532],[140.822065,41.139429],[140.821925,41.139369],[140.821909,41.139279],[140.821658,41.139217],[140.821717,41.139167],[140.821792,41.138718],[140.8217,41.138812],[140.821167,41.138897],[140.82018,41.138894],[140.819522,41.138474],[140.818998,41.138038],[140.818693,41.138507],[140.818536,41.138643],[140.817905,41.137773],[140.817936,41.137606],[140.818405,41.137301],[140.818236,41.137095],[140.81795,41.137245],[140.817457,41.136779],[140.817516,41.136673],[140.817728,41.136507],[140.81734,41.136152],[140.817171,41.136198],[140.817051,41.13603],[140.816953,41.135757],[140.816928,41.135541],[140.817083,41.135585],[140.817305,41.135513],[140.817342,41.135405],[140.817462,41.135376],[140.817485,41.1353],[140.817593,41.13527],[140.817637,41.135193],[140.817746,41.13519],[140.81788,41.13509],[140.817927,41.134867],[140.817852,41.134831],[140.817818,41.134749],[140.817688,41.134732],[140.817646,41.134656],[140.817453,41.134655],[140.817435,41.134605],[140.817036,41.134465],[140.816861,41.13447],[140.816754,41.134398],[140.81641,41.134425],[140.81636,41.13437],[140.816181,41.134354],[140.816086,41.134293],[140.815965,41.134314],[140.815953,41.134242],[140.815756,41.134195],[140.815699,41.134121],[140.815586,41.134114],[140.815454,41.133915],[140.814955,41.13362],[140.81488,41.13335],[140.814914,41.132955],[140.815121,41.13293],[140.815097,41.132502],[140.814725,41.132515],[140.814975,41.132276],[140.815003,41.132144],[140.815103,41.13214],[140.815162,41.131917],[140.815043,41.131819],[140.815109,41.131746],[140.815028,41.131572],[140.814875,41.131493],[140.814884,41.131413],[140.814795,41.131367],[140.814798,41.131273],[140.814607,41.131205],[140.814648,41.131127],[140.814537,41.131042],[140.814477,41.130913],[140.814389,41.130892],[140.81445,41.130822],[140.814417,41.130757],[140.814462,41.130662],[140.8144,41.130611],[140.814438,41.130515],[140.814287,41.130315],[140.814182,41.130304],[140.814153,41.130208],[140.814,41.130119],[140.813957,41.13004],[140.813785,41.130015],[140.81376,41.129939],[140.813637,41.129905],[140.813529,41.129796],[140.812973,41.129738],[140.812371,41.129343],[140.812068,41.128966],[140.812141,41.12879],[140.812078,41.128713],[140.812141,41.128526],[140.812221,41.128489],[140.812186,41.128165],[140.812066,41.128109],[140.812059,41.128042],[140.811922,41.127927],[140.811791,41.127895],[140.811754,41.127818],[140.811531,41.127715],[140.811493,41.127653],[140.811313,41.127576],[140.811088,41.12759],[140.810995,41.12755],[140.810737,41.12759],[140.810718,41.127652],[140.81047,41.1277],[140.810453,41.127845],[140.810213,41.128058],[140.810213,41.128132],[140.809686,41.128328],[140.809581,41.128289],[140.809487,41.128342],[140.809395,41.1283],[140.809238,41.128335],[140.809135,41.128267],[140.809067,41.128278],[140.808536,41.128721],[140.808134,41.128359],[140.807839,41.128552],[140.808133,41.128846],[140.807337,41.129391],[140.807437,41.129567],[140.806925,41.129768],[140.806195,41.129818],[140.805451,41.129798],[140.804479,41.12957],[140.804403,41.129537],[140.804317,41.129342],[140.804462,41.128897],[140.804184,41.128677],[140.804142,41.128503],[140.803925,41.128492],[140.803817,41.128433],[140.803338,41.128559],[140.803257,41.128672],[140.803085,41.128738],[140.802579,41.128762],[140.799735,41.128684],[140.798903,41.128817],[140.79831,41.129068],[140.79682,41.129849],[140.794736,41.131999],[140.794617,41.132089],[140.794426,41.131965],[140.794066,41.13232],[140.794246,41.132441],[140.793946,41.132681],[140.793385,41.132924],[140.791685,41.133457],[140.79138,41.133468],[140.791385,41.133292],[140.790986,41.133271],[140.790621,41.133063],[140.79044,41.133248],[140.7904,41.133176],[140.790241,41.133136],[140.79023,41.133052],[140.790086,41.133004],[140.790014,41.133026],[140.789914,41.132903],[140.78981,41.1329],[140.78975,41.132782],[140.789646,41.13277],[140.789638,41.132661],[140.789486,41.1326],[140.789434,41.132503],[140.789298,41.132465],[140.78923,41.132389],[140.789121,41.132391],[140.789089,41.132301],[140.788956,41.132259],[140.7887,41.132019],[140.788546,41.13191],[140.788424,41.131895],[140.788209,41.131723],[140.788032,41.13172],[140.78797,41.131633],[140.787797,41.131644],[140.78772,41.131593],[140.787377,41.131554],[140.787358,41.131485],[140.787153,41.131481],[140.786912,41.13134],[140.786393,41.13129],[140.786275,41.131353],[140.786117,41.13133],[140.786037,41.131391],[140.785815,41.131348],[140.785752,41.131404],[140.785548,41.131398],[140.784332,41.131245],[140.783934,41.13129],[140.783604,41.13125],[140.783261,41.131341],[140.783163,41.131282],[140.783052,41.131309],[140.783054,41.131364],[140.782864,41.131408],[140.782857,41.131482],[140.782467,41.131704],[140.782358,41.131818],[140.782352,41.131917],[140.782173,41.131966],[140.782076,41.132107],[140.782084,41.132189],[140.781758,41.132528],[140.781661,41.132509],[140.78155,41.132637],[140.781332,41.132677],[140.781316,41.132737],[140.781007,41.132717],[140.780837,41.132772],[140.78081,41.132845],[140.780592,41.132889],[140.780601,41.132947],[140.780508,41.13294],[140.780445,41.132999],[140.780461,41.133039],[140.780338,41.133035],[140.780241,41.133112],[140.780266,41.133192],[140.780138,41.133315],[140.780158,41.133355],[140.780027,41.133353],[140.779977,41.133395],[140.779986,41.133455],[140.779858,41.133453],[140.779765,41.133615],[140.779635,41.133625],[140.779563,41.13373],[140.77946,41.133718],[140.779373,41.13376],[140.779351,41.133828],[140.779126,41.13388],[140.779136,41.13399],[140.779045,41.134],[140.778886,41.13415],[140.778777,41.134119],[140.778667,41.134149],[140.778653,41.134259],[140.77852,41.13429],[140.778511,41.134383],[140.77845,41.134383],[140.778307,41.134501],[140.778325,41.134551],[140.778132,41.134606],[140.778157,41.134684],[140.77806,41.13473],[140.77804,41.134821],[140.777981,41.134824],[140.777857,41.134969],[140.777871,41.135009],[140.777751,41.135041],[140.777726,41.135199],[140.777501,41.135277],[140.77752,41.135363],[140.777415,41.135429],[140.777365,41.135631],[140.77727,41.135718],[140.777285,41.135834],[140.777201,41.135881],[140.777241,41.136007],[140.77733,41.136028],[140.777332,41.136142],[140.777377,41.136188],[140.777472,41.136215],[140.777597,41.136357],[140.7777,41.136374],[140.777681,41.136418],[140.77775,41.136518],[140.777696,41.13664],[140.777762,41.136693],[140.777762,41.136784],[140.777918,41.136874],[140.778395,41.137336],[140.778762,41.137615],[140.779381,41.137849],[140.779481,41.13814],[140.779479,41.13827],[140.779292,41.138254],[140.779217,41.1386],[140.778843,41.138739],[140.778509,41.138706],[140.777256,41.13898],[140.777062,41.138964],[140.776577,41.138723],[140.776252,41.138715],[140.776337,41.139925],[140.776616,41.140783],[140.777822,41.142145],[140.777846,41.142416],[140.777704,41.142658],[140.776694,41.14395],[140.77664,41.144241],[140.776802,41.144542],[140.777405,41.145296],[140.777513,41.145607],[140.777528,41.146007],[140.777376,41.146322],[140.777194,41.146347],[140.776974,41.146268],[140.776008,41.14537],[140.77468,41.144487],[140.77338,41.144497],[140.772974,41.14469],[140.772523,41.144729],[140.772297,41.14465],[140.772008,41.144315],[140.771998,41.144098],[140.772224,41.143432],[140.772228,41.143166],[140.772086,41.142855],[140.772317,41.142243],[140.772189,41.141794],[140.772334,41.141599],[140.772162,41.14146],[140.771975,41.141447],[140.77167,41.141328],[140.771187,41.141344],[140.770945,41.14129],[140.770687,41.141147],[140.770532,41.141142],[140.770444,41.14107],[140.770349,41.141068],[140.769902,41.140782],[140.769807,41.140779],[140.769741,41.140698],[140.769627,41.140705],[140.769539,41.140655],[140.769192,41.140729],[140.769113,41.140791],[140.769006,41.14112],[140.768928,41.141158],[140.769003,41.141652],[140.768967,41.141681],[140.768994,41.141766],[140.768937,41.142233],[140.768743,41.142665],[140.768667,41.142729],[140.768576,41.143027],[140.76822,41.143418],[140.768157,41.143639],[140.768038,41.14381],[140.768021,41.144242],[140.767669,41.14443],[140.767523,41.144561],[140.7675,41.144716],[140.767393,41.144829],[140.767384,41.144936],[140.767189,41.145229],[140.767167,41.145465],[140.767099,41.145521],[140.766593,41.14546],[140.766452,41.145294],[140.766468,41.14519],[140.766354,41.145129],[140.766385,41.145047],[140.766338,41.145015],[140.766385,41.144958],[140.766343,41.144889],[140.766402,41.144832],[140.766363,41.144766],[140.766465,41.144632],[140.766388,41.144583],[140.766385,41.144495],[140.766328,41.144477],[140.765954,41.144473],[140.76593,41.144367],[140.766077,41.144275],[140.765974,41.14417],[140.765857,41.14422],[140.7657,41.144198],[140.765657,41.144281],[140.76535,41.144356],[140.765324,41.144433],[140.765172,41.144439],[140.765149,41.144485]],[[140.812362,41.118686],[140.81379,41.120881],[140.815824,41.121542],[140.81708,41.120401],[140.813556,41.117797],[140.812362,41.118686]]],[[[140.909112,41.535729],[140.909055,41.53591],[140.908795,41.53616],[140.908202,41.536961],[140.907973,41.53787],[140.908001,41.538145],[140.908152,41.538644],[140.909418,41.541243],[140.908658,41.541638],[140.908414,41.542103],[140.908676,41.542215],[140.908929,41.541891],[140.909632,41.54156],[140.91058,41.542406],[140.91074,41.542723],[140.910702,41.543343],[140.910542,41.543343],[140.910457,41.544104],[140.910711,41.544132],[140.910721,41.544928],[140.910805,41.54514],[140.91125,41.545561],[140.911642,41.545809],[140.911826,41.545985],[140.912033,41.546052],[140.912408,41.546369],[140.912877,41.546517],[140.913299,41.546524],[140.913666,41.546461],[140.914866,41.546024],[140.915326,41.545763],[140.916048,41.54521],[140.919378,41.541636],[140.919772,41.541269],[140.920231,41.540699],[140.921132,41.539843],[140.921338,41.539927],[140.921667,41.53954],[140.921497,41.539456],[140.922991,41.537715],[140.923245,41.537158],[140.923517,41.536371],[140.923594,41.535675],[140.923879,41.535041],[140.92415,41.534605],[140.924825,41.534069],[140.925169,41.534001],[140.925156,41.534077],[140.925397,41.534187],[140.925499,41.534173],[140.925612,41.534044],[140.925511,41.533987],[140.925486,41.533896],[140.925615,41.533883],[140.926644,41.533068],[140.928156,41.532854],[140.928803,41.532617],[140.929069,41.532567],[140.929279,41.532705],[140.929869,41.532724],[140.930174,41.532547],[140.930301,41.532414],[140.930508,41.532173],[140.930464,41.53206],[140.931378,41.531624],[140.931777,41.531345],[140.932596,41.530966],[140.934476,41.530208],[140.935379,41.529693],[140.937118,41.528941],[140.9376,41.52885],[140.937891,41.528864],[140.938098,41.528928],[140.93821,41.529019],[140.93866,41.528991],[140.938904,41.528893],[140.939543,41.529013],[140.939533,41.529098],[140.939634,41.529269],[140.939648,41.529469],[140.939939,41.529632],[140.939996,41.529479],[140.939964,41.529369],[140.940097,41.529398],[140.940174,41.529479],[140.940294,41.529431],[140.940339,41.529355],[140.940269,41.529198],[140.940415,41.529131],[140.940561,41.529155],[140.940592,41.529112],[140.940561,41.529003],[140.940491,41.528954],[140.940021,41.528993],[140.939971,41.528907],[140.939856,41.528893],[140.939869,41.528807],[140.94091,41.528831],[140.94124,41.528721],[140.941601,41.528712],[140.942255,41.528311],[140.942375,41.527997],[140.942457,41.527959],[140.942527,41.527759],[140.942477,41.52773],[140.942375,41.527796],[140.942236,41.527792],[140.942071,41.527687],[140.941836,41.527735],[140.941747,41.527549],[140.9419,41.527028],[140.942166,41.526795],[140.942362,41.526776],[140.942806,41.526532],[140.942997,41.526337],[140.943074,41.526182],[140.943251,41.526053],[140.943492,41.525762],[140.943569,41.525748],[140.943664,41.525577],[140.943759,41.525553],[140.943854,41.525391],[140.944,41.525291],[140.944012,41.525191],[140.944159,41.525128],[140.944209,41.525062],[140.944221,41.524909],[140.944209,41.524843],[140.94412,41.5248],[140.944272,41.524748],[140.944412,41.524604],[140.944196,41.524481],[140.944626,41.524223],[140.944739,41.523666],[140.945132,41.523399],[140.94547,41.523349],[140.946005,41.523039],[140.946785,41.523635],[140.947786,41.525304],[140.948229,41.526343],[140.948438,41.527147],[140.948447,41.529793],[140.948253,41.53046],[140.947421,41.532315],[140.946769,41.533366],[140.944994,41.53545],[140.944183,41.536093],[140.941411,41.537725],[140.94052,41.538157],[140.939414,41.538961],[140.938505,41.539765],[140.937694,41.540309],[140.937012,41.540637],[140.934984,41.541397],[140.934136,41.541904],[140.933549,41.542497],[140.932443,41.543808],[140.928219,41.549001],[140.926443,41.551282],[140.925896,41.552049],[140.925847,41.552519],[140.925816,41.553131],[140.925989,41.553947],[140.926108,41.554911],[140.926022,41.55736],[140.925592,41.558534],[140.925101,41.559585],[140.924597,41.560302],[140.922803,41.562281],[140.921635,41.563258],[140.920431,41.564123],[140.918673,41.565026],[140.916732,41.565805],[140.91404,41.566435],[140.911128,41.566707],[140.909051,41.566571],[140.907171,41.566361],[140.905549,41.565879],[140.903226,41.564939],[140.902218,41.56416],[140.900989,41.563122],[140.89981,41.561823],[140.898741,41.560315],[140.897966,41.558819],[140.897352,41.556952],[140.897143,41.55548],[140.897229,41.554466],[140.897438,41.553354],[140.897721,41.552241],[140.898701,41.549075],[140.898903,41.548241],[140.898848,41.547882],[140.89816,41.546887],[140.897607,41.545755],[140.897509,41.545181],[140.897619,41.544278],[140.897619,41.543802],[140.897404,41.543332],[140.896823,41.542473],[140.895656,41.541113],[140.895336,41.540618],[140.894725,41.539072],[140.894627,41.538287],[140.894627,41.5377],[140.894768,41.537014],[140.895192,41.535777],[140.895831,41.534324],[140.896366,41.533304],[140.896962,41.532513],[140.897828,41.531617],[140.898928,41.530634],[140.900741,41.52928],[140.901269,41.528977],[140.903088,41.527703],[140.903618,41.527533],[140.903815,41.527988],[140.904031,41.528791],[140.904003,41.529609],[140.90404,41.529862],[140.903834,41.530095],[140.903543,41.530306],[140.903243,41.530722],[140.903346,41.530771],[140.903655,41.530356],[140.904021,41.530074],[140.9042,41.529821],[140.904771,41.53006],[140.904865,41.530011],[140.904519,41.52987],[140.904969,41.52913],[140.90525,41.529052],[140.905185,41.528918],[140.906085,41.528735],[140.907097,41.529],[140.907184,41.52895],[140.90726,41.529006],[140.90722,41.529095],[140.907557,41.529271],[140.908082,41.529834],[140.908157,41.530148],[140.907914,41.530226],[140.908036,41.530656],[140.908074,41.531057],[140.908036,41.53143],[140.907905,41.531916],[140.907651,41.532487],[140.905597,41.532628],[140.9057,41.533706],[140.907145,41.5336],[140.907164,41.53317],[140.907661,41.533129],[140.907716,41.533569],[140.908205,41.534294],[140.908896,41.535033],[140.9091,41.535509],[140.909112,41.535729]],[[140.911281,41.552083],[140.911318,41.552202],[140.911256,41.552202],[140.911223,41.552255],[140.911147,41.552141],[140.911021,41.552064],[140.910899,41.552093],[140.910779,41.552055],[140.910652,41.552097],[140.910608,41.552241],[140.910678,41.552269],[140.910684,41.55246],[140.910544,41.552474],[140.910456,41.552531],[140.910437,41.552612],[140.910322,41.552507],[140.910214,41.552579],[140.910336,41.552698],[140.910253,41.552756],[140.910297,41.552846],[140.910297,41.553056],[140.910361,41.553066],[140.910316,41.553166],[140.910379,41.553289],[140.910526,41.553327],[140.910526,41.553385],[140.910697,41.55349],[140.910481,41.553542],[140.910431,41.553599],[140.910227,41.553609],[140.910119,41.553685],[140.910024,41.553651],[140.909808,41.553781],[140.909841,41.553871],[140.909752,41.553933],[140.909758,41.554052],[140.909841,41.554123],[140.909808,41.554161],[140.909948,41.554376],[140.909536,41.55449],[140.909377,41.554595],[140.909326,41.554786],[140.909402,41.554914],[140.909333,41.555039],[140.909428,41.555129],[140.909351,41.555153],[140.909269,41.555319],[140.909351,41.555401],[140.909306,41.555453],[140.909428,41.555624],[140.909523,41.555663],[140.909465,41.555773],[140.909554,41.555934],[140.909719,41.555964],[140.909896,41.555834],[140.909966,41.555878],[140.910138,41.555863],[140.910201,41.555787],[140.910296,41.555906],[140.91048,41.555925],[140.910563,41.555829],[140.910703,41.555806],[140.910785,41.555644],[140.910746,41.55562],[140.910829,41.555605],[140.91095,41.555386],[140.91121,41.555434],[140.911648,41.555377],[140.911666,41.555663],[140.911515,41.555734],[140.911394,41.555992],[140.911521,41.556164],[140.911598,41.556168],[140.911794,41.555901],[140.911806,41.55581],[140.911889,41.555777],[140.911946,41.555987],[140.912301,41.555954],[140.91239,41.555834],[140.912415,41.555615],[140.912606,41.555654],[140.91272,41.555563],[140.912765,41.555682],[140.912834,41.555729],[140.91317,41.555739],[140.913234,41.55571],[140.91331,41.555572],[140.913291,41.555463],[140.913184,41.55531],[140.913291,41.555158],[140.913273,41.55501],[140.913417,41.554996],[140.913507,41.554929],[140.91357,41.554857],[140.913583,41.554738],[140.913767,41.554796],[140.913836,41.55472],[140.914077,41.554724],[140.914166,41.554667],[140.914166,41.554548],[140.914009,41.554519],[140.913862,41.554562],[140.9139,41.554481],[140.913793,41.554357],[140.913564,41.554319],[140.913545,41.554224],[140.913418,41.554123],[140.913304,41.554109],[140.913298,41.554056],[140.913126,41.553919],[140.912619,41.554014],[140.912644,41.553876],[140.91258,41.553837],[140.912663,41.553781],[140.912726,41.553642],[140.912708,41.553546],[140.912784,41.553523],[140.912879,41.553375],[140.912879,41.553308],[140.912784,41.553246],[140.912841,41.553175],[140.912778,41.553013],[140.912676,41.552946],[140.912885,41.552941],[140.912993,41.553003],[140.913095,41.55298],[140.913108,41.55266],[140.912955,41.552607],[140.912924,41.552488],[140.91272,41.552355],[140.912561,41.552365],[140.912561,41.552269],[140.912504,41.552208],[140.912333,41.552103],[140.912232,41.552113],[140.912162,41.552008],[140.911902,41.551998],[140.911826,41.552036],[140.911611,41.551998],[140.911566,41.552041],[140.911421,41.551993],[140.911281,41.552083]]],[[[140.909493,41.535768],[140.910602,41.535654],[140.910148,41.533912],[140.913014,41.533569],[140.9189,41.535535],[140.919467,41.535692],[140.919907,41.535692],[140.92205,41.53317],[140.922754,41.532546],[140.923152,41.532437],[140.924689,41.531618],[140.926727,41.530795],[140.929011,41.530453],[140.929633,41.530291],[140.930608,41.529872],[140.931544,41.529606],[140.935793,41.527945],[140.936574,41.527835],[140.937373,41.52784],[140.937448,41.528037],[140.937363,41.528587],[140.935259,41.529344],[140.934611,41.529796],[140.930149,41.531899],[140.929884,41.532213],[140.929052,41.532232],[140.928248,41.532518],[140.927479,41.53258],[140.926807,41.532703],[140.926297,41.533008],[140.925743,41.533531],[140.925043,41.533665],[140.924736,41.533769],[140.924112,41.53425],[140.923194,41.533612],[140.923156,41.533184],[140.922811,41.53336],[140.920465,41.536044],[140.920059,41.536263],[140.919368,41.53651],[140.918626,41.536929],[140.917893,41.537528],[140.917235,41.538166],[140.915904,41.539855],[140.915781,41.540322],[140.915734,41.540997],[140.915762,41.541321],[140.916346,41.541835],[140.916767,41.542054],[140.917642,41.542139],[140.917826,41.542258],[140.917798,41.542458],[140.916918,41.54361],[140.916062,41.544652],[140.915812,41.544795],[140.914984,41.544071],[140.914204,41.5439],[140.913017,41.543186],[140.912875,41.543048],[140.912435,41.543319],[140.912657,41.543714],[140.911243,41.544623],[140.911286,41.542491],[140.911163,41.542125],[140.909924,41.540845],[140.910004,41.540588],[140.910259,41.540322],[140.909541,41.539503],[140.909077,41.538785],[140.908694,41.53769],[140.908614,41.537286],[140.909493,41.535768]]],[[[141.104179,41.272718],[141.104428,41.272484],[141.104664,41.272386],[141.105496,41.272288],[141.106335,41.272009],[141.108524,41.271107],[141.108695,41.271008],[141.108724,41.270943],[141.109203,41.270954],[141.109372,41.271046],[141.109686,41.271389],[141.109872,41.271688],[141.110068,41.271831],[141.110145,41.271715],[141.110203,41.27145],[141.110188,41.2709],[141.110304,41.270309],[141.110341,41.269511],[141.110473,41.268987],[141.110676,41.268634],[141.111108,41.268141],[141.112068,41.267326],[141.112501,41.266816],[141.113482,41.265403],[141.113882,41.264671],[141.114468,41.264545],[141.114483,41.265109],[141.114418,41.265419],[141.114103,41.265874],[141.113084,41.267253],[141.112137,41.268227],[141.111525,41.268779],[141.111389,41.268974],[141.111324,41.269454],[141.111376,41.270653],[141.111299,41.270988],[141.111131,41.271259],[141.11107,41.271548],[141.111066,41.272035],[141.11112,41.272295],[141.111038,41.272557],[141.11084,41.272753],[141.110497,41.272953],[141.110248,41.272974],[141.109056,41.272081],[141.108887,41.272021],[141.10846,41.272034],[141.107728,41.272353],[141.106937,41.272787],[141.106426,41.272974],[141.105614,41.273093],[141.105399,41.27317],[141.105284,41.273344],[141.105267,41.273625],[141.105373,41.274118],[141.105297,41.27442],[141.105022,41.274884],[141.10501,41.27539],[141.105094,41.276032],[141.105327,41.27653],[141.105897,41.27736],[141.10695,41.278721],[141.107906,41.279729],[141.108777,41.280405],[141.109326,41.280695],[141.110599,41.281303],[141.112252,41.281979],[141.113719,41.281933],[141.115013,41.281762],[141.115791,41.281822],[141.117021,41.282107],[141.117507,41.282166],[141.118061,41.28212],[141.118446,41.281979],[141.118522,41.281924],[141.118496,41.281813],[141.117642,41.281605],[141.116784,41.281188],[141.116412,41.28092],[141.11626,41.280571],[141.116222,41.279874],[141.116137,41.279533],[141.11593,41.279333],[141.115829,41.278912],[141.115943,41.278538],[141.11615,41.278185],[141.116936,41.277725],[141.117372,41.277581],[141.11782,41.277543],[141.118268,41.277615],[141.11886,41.277785],[141.119211,41.277985],[141.119477,41.2783],[141.119634,41.278623],[141.119587,41.279104],[141.118666,41.279818],[141.118496,41.280091],[141.118348,41.280197],[141.11801,41.280201],[141.117279,41.279933],[141.117084,41.27992],[141.116941,41.280031],[141.116881,41.280256],[141.116949,41.280614],[141.117067,41.280733],[141.119338,41.281703],[141.119448,41.281898],[141.119431,41.282239],[141.119147,41.282443],[141.118522,41.282634],[141.117769,41.282736],[141.117072,41.28269],[141.116467,41.282511],[141.115753,41.282439],[141.112687,41.283],[141.110375,41.283107],[141.11002,41.283073],[141.109432,41.282792],[141.108624,41.282226],[141.108312,41.282107],[141.10709,41.282124],[141.10651,41.282205],[141.106071,41.282396],[141.105927,41.282515],[141.105969,41.282622],[141.106236,41.282809],[141.106671,41.282924],[141.107817,41.283034],[141.108472,41.283209],[141.108971,41.283511],[141.109381,41.284025],[141.109521,41.284276],[141.10958,41.284536],[141.10955,41.284787],[141.109225,41.285004],[141.10884,41.285106],[141.108451,41.284931],[141.106561,41.2836],[141.105999,41.283379],[141.105449,41.283255],[141.104705,41.283247],[141.104211,41.283315],[141.103352,41.283328],[141.102984,41.283272],[141.102287,41.283077],[141.10131,41.282673],[141.099158,41.282069],[141.098976,41.281894],[141.098748,41.281354],[141.098778,41.281039],[141.099158,41.28058],[141.099767,41.280614],[141.101238,41.281239],[141.101336,41.281414],[141.101323,41.281809],[141.101374,41.282073],[141.101581,41.282209],[141.101927,41.282366],[141.103048,41.282541],[141.103521,41.282575],[141.104232,41.282498],[141.104722,41.282311],[141.10657,41.281299],[141.106984,41.281226],[141.107542,41.281277],[141.108517,41.281622],[141.110654,41.282634],[141.111174,41.282656],[141.111588,41.282605],[141.111876,41.28252],[141.111994,41.282422],[141.111859,41.282328],[141.111013,41.2822],[141.10947,41.281605],[141.107825,41.280699],[141.106263,41.279556],[141.105668,41.278715],[141.104685,41.277072],[141.104335,41.276075],[141.104217,41.275499],[141.104234,41.274608],[141.104155,41.274438],[141.103946,41.274305],[141.103867,41.274156],[141.103938,41.273221],[141.104003,41.273005],[141.104179,41.272718]]],[[[141.44407,41.41702],[141.444219,41.417054],[141.444316,41.416987],[141.44441,41.41703],[141.444588,41.416997],[141.445393,41.417234],[141.446542,41.417927],[141.446912,41.418236],[141.446981,41.418369],[141.447097,41.418388],[141.447106,41.418552],[141.44729,41.418687],[141.447267,41.418732],[141.447333,41.418861],[141.447457,41.418874],[141.447462,41.418973],[141.447557,41.419127],[141.447769,41.419289],[141.447884,41.419444],[141.448012,41.419459],[141.448006,41.419506],[141.448132,41.419639],[141.448233,41.419639],[141.448361,41.419768],[141.448462,41.419787],[141.448468,41.419892],[141.448518,41.419949],[141.448677,41.419988],[141.448626,41.420021],[141.448639,41.420064],[141.448791,41.420226],[141.448918,41.420288],[141.449577,41.420374],[141.449869,41.420474],[141.450129,41.420688],[141.45056,41.420926],[141.450598,41.421064],[141.450693,41.421131],[141.450668,41.421164],[141.450895,41.421455],[141.45099,41.421556],[141.451213,41.421623],[141.451308,41.421723],[141.451345,41.421818],[141.451238,41.421913],[141.45113,41.422318],[141.451194,41.422347],[141.451339,41.422304],[141.451345,41.422347],[141.451473,41.422357],[141.451535,41.422457],[141.451669,41.422466],[141.451656,41.422513],[141.451801,41.422613],[141.451884,41.422618],[141.451867,41.422668],[141.451981,41.422811],[141.45195,41.422863],[141.451981,41.422939],[141.452082,41.423035],[141.452045,41.423135],[141.45214,41.42323],[141.452121,41.42334],[141.452171,41.423407],[141.452394,41.423459],[141.452539,41.423416],[141.452722,41.423478],[141.452817,41.423454],[141.452932,41.423526],[141.453096,41.423526],[141.453281,41.423621],[141.453344,41.423598],[141.453502,41.423703],[141.453591,41.423683],[141.4538,41.423793],[141.453907,41.423769],[141.454078,41.423864],[141.454408,41.423898],[141.454605,41.423969],[141.454675,41.423931],[141.454921,41.424013],[141.455168,41.42416],[141.455143,41.424208],[141.455201,41.424293],[141.455193,41.42437],[141.455282,41.424455],[141.455245,41.424493],[141.455282,41.424593],[141.455385,41.424651],[141.455397,41.424736],[141.45548,41.424775],[141.455618,41.424727],[141.455682,41.424622],[141.455643,41.42457],[141.455783,41.424532],[141.455815,41.424641],[141.45591,41.424665],[141.455885,41.424708],[141.455948,41.424794],[141.455948,41.424894],[141.45608,41.424913],[141.4562,41.424803],[141.456772,41.425161],[141.45717,41.425866],[141.457069,41.425909],[141.457057,41.426047],[141.457158,41.426095],[141.457164,41.426257],[141.457202,41.426319],[141.457275,41.426317],[141.45725,41.426408],[141.457372,41.426541],[141.457428,41.426694],[141.457529,41.426746],[141.457504,41.426794],[141.45758,41.426942],[141.45765,41.426942],[141.457669,41.427056],[141.45782,41.427128],[141.458334,41.427728],[141.458365,41.427852],[141.458487,41.427876],[141.458454,41.427943],[141.458607,41.428038],[141.458582,41.428134],[141.458658,41.428209],[141.458797,41.428209],[141.458974,41.428395],[141.459203,41.428782],[141.459158,41.428877],[141.459292,41.429087],[141.459392,41.429101],[141.459372,41.429244],[141.459564,41.429468],[141.459677,41.429483],[141.45981,41.429573],[141.459911,41.429559],[141.46029,41.429836],[141.460379,41.429984],[141.460347,41.43015],[141.460442,41.430331],[141.46062,41.430484],[141.460594,41.430527],[141.460657,41.43066],[141.460854,41.430932],[141.460961,41.430923],[141.46112,41.431123],[141.46119,41.431108],[141.461392,41.431208],[141.461627,41.431166],[141.46169,41.431103],[141.461805,41.431118],[141.461931,41.431009],[141.462057,41.431042],[141.462229,41.430979],[141.46228,41.431023],[141.462501,41.430984],[141.462577,41.431023],[141.462774,41.430932],[141.462819,41.430746],[141.462742,41.43066],[141.462812,41.430584],[141.462881,41.430313],[141.462825,41.430255],[141.462984,41.430203],[141.463459,41.429726],[141.463845,41.429564],[141.464086,41.429579],[141.464142,41.42953],[141.464257,41.429616],[141.464555,41.42964],[141.464631,41.429588],[141.464809,41.429674],[141.464884,41.429626],[141.464992,41.429635],[141.465067,41.429535],[141.465036,41.429421],[141.464935,41.429344],[141.465005,41.429307],[141.465017,41.42923],[141.465201,41.429231],[141.46522,41.429136],[141.465176,41.429092],[141.46522,41.429036],[141.46515,41.428935],[141.465024,41.428926],[141.464954,41.428835],[141.464611,41.428821],[141.464522,41.428878],[141.464497,41.428826],[141.464384,41.428797],[141.46425,41.428859],[141.464119,41.428721],[141.464049,41.428535],[141.464119,41.428463],[141.464075,41.428358],[141.464131,41.428177],[141.464081,41.428139],[141.464112,41.428081],[141.464106,41.427977],[141.464056,41.427939],[141.464075,41.42782],[141.46398,41.427701],[141.46398,41.427467],[141.464145,41.427214],[141.464232,41.427186],[141.46424,41.427114],[141.464354,41.427119],[141.464455,41.427042],[141.464461,41.426952],[141.464232,41.426781],[141.4641,41.426776],[141.463974,41.426466],[141.464005,41.426271],[141.464075,41.426075],[141.464265,41.425851],[141.464449,41.425875],[141.464525,41.425823],[141.464715,41.425813],[141.46474,41.425765],[141.464899,41.425713],[141.46488,41.425628],[141.464936,41.425546],[141.46481,41.425465],[141.46462,41.425432],[141.46443,41.42547],[141.464315,41.425408],[141.464246,41.425427],[141.464151,41.425332],[141.464017,41.425332],[141.463852,41.425203],[141.463776,41.425079],[141.463619,41.424673],[141.463606,41.424488],[141.463631,41.424345],[141.46372,41.42424],[141.463675,41.424178],[141.463745,41.424135],[141.46377,41.424026],[141.463846,41.423949],[141.463809,41.423878],[141.463852,41.423773],[141.464147,41.423387],[141.46428,41.42333],[141.464306,41.423234],[141.464432,41.423144],[141.464426,41.423087],[141.464565,41.423029],[141.464591,41.422887],[141.464965,41.422348],[141.46506,41.422262],[141.465186,41.422239],[141.465219,41.422143],[141.465389,41.422043],[141.465446,41.421848],[141.465871,41.421252],[141.466422,41.420666],[141.466581,41.420694],[141.46684,41.420604],[141.466897,41.420499],[141.46705,41.420432],[141.467044,41.420313],[141.467126,41.420265],[141.467132,41.420136],[141.467094,41.420112],[141.467391,41.419836],[141.46755,41.419821],[141.467595,41.419741],[141.467684,41.419755],[141.467854,41.419674],[141.467861,41.419627],[141.467987,41.419608],[141.46807,41.419493],[141.468167,41.419491],[141.468266,41.419416],[141.468264,41.419364],[141.468479,41.419253],[141.4686,41.419034],[141.468532,41.41889],[141.468689,41.418834],[141.468765,41.41871],[141.468986,41.418627],[141.469015,41.418565],[141.468957,41.41844],[141.468876,41.418428],[141.468361,41.418581],[141.468325,41.418546],[141.468362,41.418393],[141.468281,41.418258],[141.468094,41.418233],[141.468044,41.418127],[141.467815,41.41805],[141.467822,41.417973],[141.467897,41.41794],[141.467905,41.417888],[141.467862,41.417778],[141.467787,41.417733],[141.467494,41.417764],[141.46733,41.417916],[141.467122,41.41795],[141.466837,41.41795],[141.465627,41.417781],[141.464417,41.417877],[141.463872,41.417815],[141.463274,41.417646],[141.462504,41.417207],[141.462125,41.416189],[141.462092,41.415566],[141.462271,41.41516],[141.462755,41.414699],[141.463222,41.414465],[141.463536,41.414167],[141.463608,41.413905],[141.463518,41.413634],[141.463285,41.413472],[141.462388,41.413472],[141.461939,41.4134],[141.461499,41.413255],[141.461105,41.41265],[141.461006,41.412019],[141.461033,41.411576],[141.46219,41.411098],[141.462424,41.41089],[141.462522,41.410529],[141.462504,41.41034],[141.462415,41.410141],[141.460862,41.410132],[141.460963,41.409663],[141.461224,41.409541],[141.46208,41.40946],[141.463215,41.409455],[141.46361,41.409631],[141.463888,41.410141],[141.464023,41.410723],[141.464117,41.410945],[141.464238,41.411021],[141.464422,41.411039],[141.464655,41.410854],[141.465566,41.409058],[141.465696,41.408282],[141.465624,41.407871],[141.464844,41.407745],[141.464171,41.407835],[141.463372,41.408196],[141.46252,41.408359],[141.461807,41.408119],[141.460959,41.407456],[141.460915,41.406814],[141.461056,41.406218],[141.461325,41.405863],[141.461408,41.405852],[141.461526,41.40575],[141.461483,41.405615],[141.461586,41.405589],[141.461665,41.405472],[141.461656,41.40537],[141.461786,41.405341],[141.461861,41.405229],[141.461811,41.405103],[141.462095,41.404557],[141.46221,41.404548],[141.462318,41.40442],[141.462326,41.404329],[141.462473,41.40427],[141.46245,41.404143],[141.462558,41.404129],[141.462715,41.403988],[141.463163,41.403526],[141.463283,41.403313],[141.463344,41.403303],[141.463383,41.403203],[141.463335,41.403122],[141.463439,41.403093],[141.46349,41.402883],[141.463573,41.40285],[141.463604,41.402738],[141.463551,41.402683],[141.463656,41.402621],[141.463671,41.402519],[141.463619,41.40248],[141.463714,41.402394],[141.463656,41.402221],[141.463529,41.402023],[141.463155,41.401804],[141.462282,41.401641],[141.461564,41.401371],[141.461162,41.401334],[141.461047,41.401389],[141.460952,41.401303],[141.460863,41.401292],[141.460742,41.401366],[141.460504,41.401326],[141.460398,41.401404],[141.460289,41.401368],[141.460129,41.401392],[141.460017,41.401478],[141.459959,41.401443],[141.459741,41.401461],[141.459668,41.401531],[141.459487,41.401523],[141.459294,41.401675],[141.459143,41.401669],[141.459003,41.401767],[141.459002,41.401843],[141.458875,41.401833],[141.458748,41.401905],[141.458628,41.402063],[141.458463,41.402176],[141.45848,41.402254],[141.458352,41.402299],[141.458247,41.402423],[141.458157,41.40244],[141.45753,41.40244],[141.45694,41.402276],[141.45644,41.402001],[141.455983,41.401657],[141.454991,41.400746],[141.454468,41.39989],[141.454274,41.399153],[141.454244,41.398218],[141.454171,41.397804],[141.454386,41.397486],[141.45337,41.396675],[141.453513,41.396563],[141.453616,41.396574],[141.453721,41.396382],[141.452781,41.396236],[141.453094,41.395066],[141.453199,41.394423],[141.454581,41.393945],[141.454477,41.393779],[141.454539,41.393702],[141.454513,41.393618],[141.454684,41.393581],[141.454773,41.393502],[141.454761,41.393416],[141.454932,41.393359],[141.454973,41.393252],[141.455081,41.393244],[141.455208,41.393149],[141.455186,41.393083],[141.455276,41.39305],[141.455394,41.392894],[141.455461,41.392902],[141.455642,41.392774],[141.455616,41.392701],[141.455698,41.392697],[141.455821,41.39256],[141.455813,41.392448],[141.456031,41.392405],[141.45606,41.392353],[141.456246,41.392448],[141.456399,41.392429],[141.456459,41.392486],[141.456769,41.392464],[141.456874,41.392323],[141.456791,41.392239],[141.457045,41.391778],[141.457139,41.391809],[141.457358,41.391748],[141.457396,41.391688],[141.457519,41.391714],[141.457721,41.391601],[141.457816,41.391625],[141.457996,41.391559],[141.458016,41.391508],[141.458203,41.391508],[141.458235,41.391412],[141.458084,41.391304],[141.45815,41.391216],[141.458138,41.391124],[141.458233,41.391112],[141.458308,41.390984],[141.458286,41.390892],[141.458349,41.390859],[141.458318,41.39062],[141.458381,41.390609],[141.458491,41.39044],[141.458564,41.390453],[141.458659,41.390359],[141.458656,41.390248],[141.458756,41.390241],[141.458836,41.390133],[141.458853,41.390007],[141.45909,41.39001],[141.459144,41.389955],[141.459211,41.390016],[141.459765,41.390057],[141.461085,41.389568],[141.461951,41.389454],[141.463644,41.389484],[141.464306,41.389719],[141.465157,41.390113],[141.465736,41.390567],[141.46688,41.391642],[141.467204,41.391786],[141.467979,41.391945],[141.46907,41.392263],[141.470794,41.393217],[141.473413,41.395035],[141.474278,41.395784],[141.474971,41.396572],[141.476167,41.398344],[141.476551,41.39904],[141.476935,41.400934],[141.477048,41.401918],[141.477086,41.402751],[141.47704,41.403349],[141.476401,41.404917],[141.475799,41.406098],[141.475309,41.406696],[141.474421,41.407612],[141.47479,41.408612],[141.474843,41.409157],[141.47482,41.409854],[141.474585,41.410709],[141.476363,41.411618],[141.477055,41.41208],[141.478102,41.412951],[141.478847,41.413746],[141.479343,41.414374],[141.479652,41.414904],[141.480119,41.415949],[141.480548,41.417161],[141.480788,41.418668],[141.480758,41.419319],[141.480066,41.421485],[141.479336,41.422999],[141.478756,41.423893],[141.478139,41.424642],[141.477597,41.425028],[141.476544,41.425612],[141.476476,41.425839],[141.476702,41.426407],[141.477048,41.427853],[141.477251,41.429201],[141.477176,41.429791],[141.476905,41.430594],[141.476122,41.432245],[141.475181,41.433562],[141.474384,41.434782],[141.473277,41.436531],[141.472126,41.438545],[141.471306,41.439794],[141.470538,41.440749],[141.470079,41.441074],[141.469228,41.441415],[141.46831,41.441854],[141.466918,41.442361],[141.46545,41.442732],[141.46384,41.443043],[141.462884,41.443126],[141.461635,41.443043],[141.460491,41.442861],[141.459776,41.442573],[141.458692,41.442043],[141.457841,41.441566],[141.45678,41.440673],[141.454771,41.438409],[141.454124,41.437811],[141.451738,41.435857],[141.450105,41.433737],[141.448329,41.431541],[141.446334,41.429913],[141.443753,41.42755],[141.442774,41.426763],[141.439967,41.424885],[141.438266,41.42359],[141.437235,41.422598],[141.436302,41.421818],[141.435452,41.420697],[141.434714,41.419486],[141.43421,41.418532],[141.434059,41.417752],[141.434097,41.415654],[141.434293,41.414533],[141.434759,41.413246],[141.435188,41.412322],[141.436024,41.410876],[141.436942,41.409566],[141.436965,41.409355],[141.437184,41.409544],[141.437386,41.409814],[141.437609,41.410243],[141.437818,41.411148],[141.439028,41.413147],[141.439417,41.413186],[141.442016,41.415186],[141.442054,41.415168],[141.44208,41.415296],[141.442223,41.415341],[141.442218,41.415405],[141.4423,41.415478],[141.442531,41.415568],[141.442586,41.415685],[141.442905,41.415833],[141.442931,41.415954],[141.443045,41.416],[141.443069,41.41612],[141.44316,41.416152],[141.443151,41.416216],[141.443311,41.416269],[141.443365,41.416374],[141.443503,41.41644],[141.443786,41.416513],[141.443846,41.416638],[141.443809,41.416773],[141.443866,41.416897],[141.444003,41.416918],[141.44407,41.41702]],[[141.451987,41.423559],[141.451892,41.423521],[141.451804,41.423564],[141.451766,41.423603],[141.45181,41.423645],[141.451754,41.423664],[141.451747,41.42374],[141.451892,41.423816],[141.451962,41.423788],[141.452007,41.423869],[141.452096,41.423874],[141.452406,41.423698],[141.452394,41.423631],[141.452292,41.423554],[141.45202,41.423517],[141.451987,41.423559]],[[141.46741,41.401534],[141.467556,41.401659],[141.467569,41.401763],[141.467724,41.401823],[141.467777,41.401749],[141.467701,41.401549],[141.46779,41.401529],[141.467922,41.401701],[141.468065,41.401692],[141.468112,41.401659],[141.468144,41.401404],[141.468021,41.401301],[141.468027,41.401232],[141.467932,41.401141],[141.467552,41.401119],[141.46741,41.401232],[141.46741,41.401534]]],[[[141.447709,41.407741],[141.448563,41.405861],[141.448571,41.405346],[141.448068,41.405072],[141.447769,41.40472],[141.447684,41.403827],[141.447394,41.403158],[141.447394,41.402763],[141.449859,41.399981],[141.451994,41.39769],[141.453032,41.399035],[141.453085,41.399248],[141.452854,41.400971],[141.45295,41.401363],[141.453138,41.401648],[141.453368,41.401847],[141.453811,41.402079],[141.459343,41.40644],[141.459357,41.406498],[141.458318,41.406594],[141.457621,41.406851],[141.456163,41.406865],[141.45511,41.407015],[141.454278,41.407156],[141.45269,41.407577],[141.452046,41.407311],[141.451743,41.40733],[141.45104,41.407761],[141.450497,41.407838],[141.450035,41.408153],[141.449588,41.408196],[141.449039,41.408371],[141.448433,41.408492],[141.447709,41.407741]]],[[[140.812362,41.118686],[140.813556,41.117797],[140.81708,41.120401],[140.815824,41.121542],[140.81379,41.120881],[140.812362,41.118686]]],[[[140.802505,41.307886],[140.802573,41.307901],[140.802579,41.308064],[140.802754,41.308137],[140.802793,41.308286],[140.802909,41.308341],[140.802938,41.308507],[140.803064,41.308558],[140.803079,41.308695],[140.803182,41.308778],[140.803204,41.30897],[140.803345,41.309048],[140.80348,41.309253],[140.8035,41.309372],[140.803607,41.309482],[140.803607,41.309689],[140.803503,41.309811],[140.803639,41.310141],[140.803464,41.310178],[140.803397,41.310321],[140.803123,41.310262],[140.802486,41.30842],[140.802505,41.307886]]],[[[140.803877,41.31186],[140.804112,41.311899],[140.804225,41.311814],[140.804657,41.31179],[140.804725,41.311698],[140.804916,41.311727],[140.805212,41.311934],[140.805561,41.312284],[140.805877,41.312978],[140.806018,41.313469],[140.806067,41.313875],[140.806202,41.313965],[140.8062,41.314119],[140.806255,41.314155],[140.8061,41.314272],[140.806102,41.314374],[140.80599,41.314382],[140.805906,41.314504],[140.805725,41.314504],[140.80526,41.314946],[140.805043,41.314901],[140.804631,41.314323],[140.803859,41.31222],[140.803877,41.31186]]]]}}]}
