{"type":"FeatureCollection","features":[{"type":"Feature","properties":{"potaRef":"JP-0123","nameJa":"八ケ岳中信高原","nameEn":"Yatsugatake-Chushin Kogen Quasi-National Park","authority":"環境省 生物多様性「見える化」マップ","boundaryStatus":"全国GIS候補・公開前検証待ち","boundarySource":"環境省 生物多様性「見える化」マップの自然公園区域を、POTA代表座標で一意に空間照合して加工","boundaryScaleNote":"区域は概要データであり、正確性は保証されない。POTA運用可否は公式情報で最終確認すること。","candidateMethod":"POTA representative point inside one public natural-park area","sourceParkKind":"国定公園","sourceName":"八ケ岳中信高原","sourceFeatureCount":60,"cautionMeters":75},"geometry":{"type":"MultiPolygon","coordinates":[[[[138.345589,35.937397],[138.346174,35.937798],[138.349687,35.941745],[138.35188,35.944532],[138.35372,35.946777],[138.354761,35.947937],[138.358112,35.950718],[138.357381,35.950942],[138.356954,35.950898],[138.356715,35.950798],[138.355943,35.950421],[138.355697,35.950171],[138.354801,35.949576],[138.354522,35.949216],[138.354243,35.948972],[138.352953,35.948464],[138.352366,35.94815],[138.352016,35.94778],[138.351594,35.947055],[138.351405,35.946861],[138.350986,35.946611],[138.350669,35.946337],[138.35032,35.945906],[138.348981,35.944482],[138.34625,35.942258],[138.345765,35.941881],[138.345342,35.941624],[138.345046,35.941333],[138.345186,35.939403],[138.345301,35.938979],[138.345494,35.938669],[138.34556,35.938411],[138.345543,35.937664],[138.345589,35.937397]]],[[[138.359562,35.950476],[138.360737,35.948299],[138.36169,35.948318],[138.365035,35.948579],[138.366437,35.948822],[138.36754,35.949139],[138.368886,35.95011],[138.370811,35.953265],[138.371726,35.955487],[138.372567,35.956906],[138.373988,35.959071],[138.374904,35.960751],[138.37595,35.962861],[138.377072,35.964485],[138.377894,35.965568],[138.378885,35.966389],[138.380324,35.967211],[138.380997,35.967808],[138.381062,35.968462],[138.380763,35.970329],[138.380509,35.971506],[138.378379,35.971564],[138.37729,35.971442],[138.37688,35.971347],[138.375186,35.971325],[138.373705,35.971471],[138.373096,35.971688],[138.372854,35.971709],[138.371436,35.97125],[138.370967,35.971277],[138.37046,35.971381],[138.370261,35.970739],[138.370314,35.970045],[138.370285,35.969415],[138.369522,35.968233],[138.369468,35.967969],[138.369444,35.967225],[138.368918,35.966761],[138.368055,35.966263],[138.367328,35.966032],[138.366219,35.965465],[138.364433,35.964683],[138.363903,35.964282],[138.363492,35.963805],[138.362942,35.963307],[138.362186,35.96288],[138.361903,35.962596],[138.361755,35.962315],[138.361048,35.960385],[138.360962,35.959777],[138.361044,35.959404],[138.361623,35.958556],[138.361619,35.958475],[138.360346,35.957211],[138.360231,35.956694],[138.359882,35.956173],[138.359705,35.955702],[138.359623,35.954533],[138.35966,35.953277],[138.359886,35.952112],[138.359993,35.951872],[138.360092,35.951121],[138.360079,35.951014],[138.359915,35.950713],[138.359562,35.950476]]],[[[138.422032,35.936507],[138.422567,35.937975],[138.423025,35.939482],[138.423387,35.940034],[138.423864,35.941159],[138.424048,35.941737],[138.422684,35.941588],[138.42145,35.9417],[138.420179,35.942204],[138.418497,35.942726],[138.416853,35.94282],[138.415769,35.942558],[138.414628,35.942054],[138.414105,35.941532],[138.413787,35.940635],[138.413862,35.940187],[138.414423,35.939702],[138.415656,35.939011],[138.417432,35.938264],[138.419563,35.937294],[138.422032,35.936507]]],[[[138.397415,35.919875],[138.39878,35.919203],[138.400237,35.918736],[138.401116,35.918643],[138.401433,35.91883],[138.401714,35.919241],[138.401676,35.920342],[138.401452,35.921668],[138.401116,35.92234],[138.400611,35.922582],[138.399602,35.922788],[138.398649,35.922937],[138.397602,35.922937],[138.396911,35.921145],[138.396967,35.920361],[138.397415,35.919875]]],[[[138.335498,35.91525],[138.33586,35.914145],[138.336375,35.913472],[138.337907,35.912221],[138.339085,35.9114],[138.34286,35.913714],[138.342879,35.914704],[138.34258,35.918064],[138.338337,35.918326],[138.337571,35.917691],[138.335498,35.91525]]],[[[138.335498,35.91525],[138.337571,35.917691],[138.338337,35.918326],[138.34258,35.918064],[138.342879,35.914704],[138.34286,35.913714],[138.339085,35.9114],[138.337907,35.912221],[138.336375,35.913472],[138.33586,35.914145],[138.336318,35.911437],[138.336223,35.910198],[138.335994,35.909493],[138.334353,35.907853],[138.333608,35.906881],[138.332998,35.905661],[138.332788,35.902382],[138.332788,35.901219],[138.333131,35.900857],[138.33399,35.900437],[138.336242,35.899655],[138.337559,35.900437],[138.337674,35.901333],[138.337903,35.901695],[138.338208,35.901905],[138.338513,35.901905],[138.33901,35.901733],[138.340384,35.901066],[138.341319,35.900551],[138.341701,35.900266],[138.341834,35.89813],[138.342407,35.896796],[138.342846,35.896605],[138.344201,35.896472],[138.345212,35.896319],[138.347197,35.895938],[138.348247,35.895862],[138.348953,35.895938],[138.34943,35.896148],[138.349678,35.896643],[138.349984,35.897596],[138.350175,35.89874],[138.350537,35.899713],[138.350843,35.900704],[138.351129,35.901333],[138.35153,35.901772],[138.352293,35.902305],[138.353324,35.902725],[138.354221,35.902896],[138.355251,35.902954],[138.360443,35.901981],[138.363725,35.901619],[138.365481,35.901676],[138.36697,35.901943],[138.368115,35.902077],[138.368382,35.902267],[138.36842,35.903487],[138.368535,35.904002],[138.36905,35.904631],[138.370062,35.905432],[138.370176,35.907243],[138.371589,35.906309],[138.372963,35.905756],[138.373555,35.905737],[138.374528,35.9065],[138.375711,35.907644],[138.375444,35.908463],[138.374891,35.909321],[138.374146,35.910255],[138.373306,35.911628],[138.372409,35.914106],[138.372161,35.915708],[138.372352,35.915994],[138.373421,35.916623],[138.37386,35.916699],[138.374642,35.91668],[138.375272,35.916585],[138.376074,35.916661],[138.377334,35.916985],[138.379204,35.917729],[138.381685,35.919387],[138.381952,35.919349],[138.382391,35.918987],[138.383021,35.918282],[138.385254,35.91546],[138.386819,35.91384],[138.38846,35.912238],[138.389033,35.911914],[138.389472,35.911971],[138.39369,35.914164],[138.39369,35.91586],[138.393556,35.917367],[138.394014,35.918606],[138.394339,35.918796],[138.394911,35.918854],[138.395942,35.918777],[138.397431,35.918243],[138.401114,35.916394],[138.402049,35.916737],[138.403824,35.916604],[138.404302,35.916737],[138.404626,35.917271],[138.404893,35.918091],[138.404779,35.918873],[138.404721,35.919978],[138.404855,35.920569],[138.405657,35.920779],[138.408042,35.920951],[138.408386,35.921199],[138.407088,35.922209],[138.406248,35.923048],[138.405809,35.923982],[138.40476,35.92545],[138.403385,35.926994],[138.402603,35.928481],[138.400713,35.931379],[138.399778,35.933171],[138.398519,35.936298],[138.398729,35.93645],[138.399015,35.936527],[138.401019,35.936431],[138.401687,35.936374],[138.402107,35.936164],[138.402775,35.935611],[138.403729,35.935059],[138.404931,35.93422],[138.406057,35.933286],[138.407947,35.931589],[138.409054,35.930826],[138.410104,35.930464],[138.410733,35.930445],[138.411287,35.930788],[138.411859,35.93136],[138.412279,35.931894],[138.412737,35.932237],[138.413195,35.932237],[138.413539,35.932123],[138.41373,35.931951],[138.41373,35.931532],[138.413234,35.92974],[138.413195,35.927852],[138.413367,35.927051],[138.413711,35.926556],[138.414112,35.926346],[138.414474,35.926422],[138.415028,35.926746],[138.416898,35.928367],[138.420887,35.932008],[138.421994,35.932885],[138.422791,35.933371],[138.4227,35.934677],[138.422547,35.935192],[138.422089,35.936012],[138.422032,35.936507],[138.419563,35.937294],[138.417432,35.938264],[138.415656,35.939011],[138.414423,35.939702],[138.413862,35.940187],[138.413787,35.940635],[138.414105,35.941532],[138.414628,35.942054],[138.415769,35.942558],[138.416853,35.94282],[138.418497,35.942726],[138.420179,35.942204],[138.42145,35.9417],[138.422684,35.941588],[138.424048,35.941737],[138.424151,35.943962],[138.423998,35.944991],[138.424189,35.945811],[138.424418,35.946383],[138.424876,35.946783],[138.425697,35.947355],[138.426765,35.948232],[138.427414,35.948575],[138.427891,35.94869],[138.428846,35.948404],[138.429476,35.948385],[138.430163,35.948556],[138.430621,35.948537],[138.431212,35.948328],[138.432128,35.948328],[138.43272,35.94827],[138.434667,35.947432],[138.435907,35.947241],[138.43627,35.94726],[138.439243,35.951244],[138.439803,35.951759],[138.44029,35.952079],[138.440623,35.952141],[138.42938,35.956855],[138.426828,35.957971],[138.425343,35.958353],[138.424193,35.958975],[138.423937,35.95905],[138.423552,35.959128],[138.42273,35.959183],[138.421619,35.959337],[138.419747,35.95985],[138.419387,35.959798],[138.417963,35.959083],[138.417454,35.958972],[138.416831,35.958983],[138.415517,35.959374],[138.414325,35.959367],[138.414015,35.959416],[138.413559,35.959575],[138.412584,35.960102],[138.411018,35.960643],[138.410327,35.961042],[138.409448,35.961656],[138.408675,35.962368],[138.408291,35.962527],[138.407287,35.962762],[138.405019,35.963142],[138.403406,35.963651],[138.401217,35.964518],[138.400159,35.964582],[138.398917,35.964332],[138.398255,35.964317],[138.394748,35.965515],[138.392577,35.965838],[138.391416,35.966089],[138.390416,35.966463],[138.388813,35.96732],[138.386596,35.967974],[138.385944,35.968243],[138.385175,35.968666],[138.384143,35.969059],[138.38368,35.969346],[138.38253,35.970555],[138.381772,35.97125],[138.381355,35.971441],[138.380509,35.971506],[138.380763,35.970329],[138.381062,35.968462],[138.380997,35.967808],[138.380324,35.967211],[138.378885,35.966389],[138.377894,35.965568],[138.377072,35.964485],[138.37595,35.962861],[138.374904,35.960751],[138.373988,35.959071],[138.372567,35.956906],[138.371726,35.955487],[138.370811,35.953265],[138.368886,35.95011],[138.36754,35.949139],[138.366437,35.948822],[138.365035,35.948579],[138.36169,35.948318],[138.360737,35.948299],[138.359562,35.950476],[138.359303,35.950396],[138.358999,35.950403],[138.358112,35.950718],[138.354761,35.947937],[138.35372,35.946777],[138.35188,35.944532],[138.349687,35.941745],[138.346174,35.937798],[138.345589,35.937397],[138.345646,35.937153],[138.345729,35.935246],[138.345696,35.934605],[138.345601,35.934094],[138.345252,35.933379],[138.344476,35.932548],[138.344279,35.932301],[138.344172,35.932057],[138.344049,35.930555],[138.343613,35.929236],[138.343354,35.928501],[138.342677,35.926949],[138.342073,35.925735],[138.341814,35.925466],[138.341206,35.925125],[138.340163,35.924882],[138.339371,35.924598],[138.338993,35.924317],[138.338701,35.92402],[138.338496,35.923632],[138.337871,35.922972],[138.337748,35.922688],[138.337649,35.922224],[138.337703,35.921459],[138.337629,35.921215],[138.337329,35.920885],[138.337054,35.920728],[138.336598,35.920577],[138.335719,35.920387],[138.335325,35.92018],[138.335169,35.920043],[138.334342,35.918901],[138.333777,35.918003],[138.33331,35.917465],[138.332833,35.916789],[138.332379,35.91576],[138.331528,35.914377],[138.335498,35.91525]],[[138.397415,35.919875],[138.396967,35.920361],[138.396911,35.921145],[138.397602,35.922937],[138.398649,35.922937],[138.399602,35.922788],[138.400611,35.922582],[138.401116,35.92234],[138.401452,35.921668],[138.401676,35.920342],[138.401714,35.919241],[138.401433,35.91883],[138.401116,35.918643],[138.400237,35.918736],[138.39878,35.919203],[138.397415,35.919875]]],[[[138.160945,36.122557],[138.161132,36.122034],[138.159936,36.121437],[138.159711,36.121157],[138.159711,36.120653],[138.159992,36.120037],[138.16087,36.119421],[138.162085,36.118319],[138.162795,36.117927],[138.168589,36.116284],[138.168309,36.11606],[138.166608,36.115313],[138.165187,36.11438],[138.163851,36.113381],[138.168467,36.113474],[138.170355,36.113568],[138.170514,36.114604],[138.171486,36.115015],[138.170495,36.116826],[138.170271,36.118282],[138.170551,36.119663],[138.170944,36.120765],[138.170196,36.122445],[138.170252,36.123938],[138.169224,36.124555],[138.16801,36.125003],[138.165954,36.124816],[138.164907,36.124274],[138.163973,36.123602],[138.16272,36.122874],[138.160945,36.122557]]],[[[138.164224,36.084793],[138.169396,36.086222],[138.169598,36.086796],[138.169336,36.087916],[138.167804,36.087692],[138.161973,36.087356],[138.156964,36.086572],[138.157225,36.083996],[138.164224,36.084793]]],[[[138.293427,36.109423],[138.290997,36.10877],[138.289315,36.108471],[138.287483,36.104831],[138.287614,36.104364],[138.288044,36.103897],[138.288754,36.103449],[138.289334,36.10287],[138.289539,36.102497],[138.28952,36.101059],[138.289857,36.100649],[138.290399,36.100555],[138.291034,36.100294],[138.291315,36.100593],[138.291913,36.100817],[138.292604,36.100742],[138.293445,36.100331],[138.294006,36.100257],[138.294847,36.100462],[138.296193,36.101246],[138.297277,36.101451],[138.299052,36.10287],[138.299407,36.103785],[138.299613,36.104887],[138.299463,36.106025],[138.299183,36.106884],[138.299183,36.107836],[138.29823,36.108546],[138.297669,36.108807],[138.296866,36.108135],[138.296753,36.108956],[138.296081,36.109274],[138.294978,36.109367],[138.293427,36.109423]]],[[[138.322657,36.079683],[138.323526,36.079879],[138.324106,36.079954],[138.324741,36.080178],[138.325601,36.080066],[138.327208,36.080794],[138.328329,36.080906],[138.329227,36.08085],[138.328442,36.082829],[138.328199,36.083781],[138.328386,36.084379],[138.328685,36.085032],[138.329227,36.085741],[138.32846,36.086918],[138.329451,36.087347],[138.330479,36.087459],[138.33132,36.087347],[138.332479,36.089961],[138.332441,36.091099],[138.33203,36.091305],[138.331226,36.091958],[138.331021,36.092574],[138.330815,36.094068],[138.330797,36.094833],[138.331114,36.095599],[138.331656,36.096028],[138.332703,36.096439],[138.333058,36.096924],[138.333133,36.097596],[138.333432,36.098194],[138.334049,36.098567],[138.333245,36.099202],[138.331955,36.099482],[138.331544,36.099482],[138.330983,36.100658],[138.329731,36.101946],[138.32947,36.102637],[138.329414,36.103272],[138.329675,36.103832],[138.330236,36.104243],[138.330628,36.104821],[138.329825,36.105176],[138.327582,36.107622],[138.326909,36.108144],[138.326405,36.108163],[138.325937,36.107472],[138.323994,36.105363],[138.323788,36.101498],[138.323279,36.101423],[138.324078,36.098968],[138.323405,36.098595],[138.322227,36.098203],[138.32148,36.097718],[138.321069,36.097195],[138.321069,36.096392],[138.321386,36.095216],[138.32176,36.094227],[138.322414,36.092938],[138.322209,36.090903],[138.32191,36.089653],[138.320863,36.089541],[138.320115,36.089317],[138.318807,36.088532],[138.318228,36.087767],[138.317891,36.08702],[138.317405,36.086908],[138.316882,36.086591],[138.316658,36.086068],[138.316658,36.085695],[138.316826,36.085433],[138.317331,36.084967],[138.317891,36.084631],[138.318452,36.084145],[138.318676,36.08379],[138.319274,36.083529],[138.320508,36.083156],[138.320807,36.082857],[138.320975,36.082054],[138.321031,36.081438],[138.321424,36.080635],[138.321966,36.080038],[138.322657,36.079683]]],[[[138.338216,35.946964],[138.338272,35.945807],[138.338627,35.944855],[138.339019,35.944332],[138.339505,35.944033],[138.339954,35.944033],[138.340346,35.943809],[138.340701,35.943268],[138.341337,35.941868],[138.341823,35.940075],[138.342066,35.93959],[138.342533,35.939347],[138.343169,35.939235],[138.34401,35.939385],[138.34457,35.939385],[138.345064,35.939233],[138.345589,35.937397],[138.345543,35.937664],[138.34556,35.938411],[138.345494,35.938669],[138.345301,35.938979],[138.345186,35.939403],[138.345046,35.941333],[138.345342,35.941624],[138.345765,35.941881],[138.34625,35.942258],[138.348981,35.944482],[138.35032,35.945906],[138.350669,35.946337],[138.350986,35.946611],[138.351405,35.946861],[138.351594,35.947055],[138.352164,35.947973],[138.352641,35.948327],[138.354243,35.948972],[138.354522,35.949216],[138.354801,35.949576],[138.355697,35.950171],[138.355943,35.950421],[138.356954,35.950898],[138.357381,35.950942],[138.358112,35.950718],[138.359231,35.95095],[138.359562,35.950476],[138.359915,35.950713],[138.360079,35.951014],[138.360088,35.951231],[138.359993,35.951872],[138.359886,35.952112],[138.35966,35.953277],[138.359623,35.954533],[138.359705,35.955702],[138.359882,35.956173],[138.360231,35.956694],[138.360346,35.957211],[138.361619,35.958475],[138.361623,35.958556],[138.361044,35.959404],[138.360962,35.959777],[138.361048,35.960385],[138.361755,35.962315],[138.361903,35.962596],[138.362186,35.96288],[138.362942,35.963307],[138.363492,35.963805],[138.363903,35.964282],[138.364433,35.964683],[138.366219,35.965465],[138.367328,35.966032],[138.368055,35.966263],[138.368918,35.966761],[138.369444,35.967225],[138.369468,35.967969],[138.369522,35.968233],[138.370285,35.969415],[138.370314,35.970045],[138.370261,35.970739],[138.37046,35.971381],[138.370967,35.971277],[138.371436,35.97125],[138.372854,35.971709],[138.373096,35.971688],[138.373705,35.971471],[138.375186,35.971325],[138.37688,35.971347],[138.37729,35.971442],[138.378379,35.971564],[138.380509,35.971506],[138.380463,35.971717],[138.378377,35.971759],[138.378595,35.973204],[138.37963,35.976483],[138.38081,35.981586],[138.381389,35.98336],[138.381202,35.983752],[138.380548,35.983901],[138.379445,35.984032],[138.379427,35.984592],[138.379277,35.98476],[138.378941,35.984779],[138.378511,35.984984],[138.378773,35.985245],[138.379221,35.985936],[138.380062,35.986832],[138.379782,35.987355],[138.379371,35.988587],[138.378791,35.989166],[138.37866,35.98995],[138.379109,35.990566],[138.379277,35.991145],[138.378212,35.991275],[138.378324,35.992526],[138.378847,35.992788],[138.37866,35.993142],[138.377632,35.993945],[138.377483,35.994281],[138.377745,35.994823],[138.378231,35.995625],[138.378156,35.996465],[138.377819,35.998295],[138.377277,35.999882],[138.376848,36.001338],[138.376063,36.002309],[138.376343,36.002813],[138.376941,36.003485],[138.37752,36.004325],[138.377707,36.005408],[138.377614,36.006285],[138.377296,36.007088],[138.376642,36.008283],[138.375539,36.009795],[138.374829,36.011233],[138.373988,36.01267],[138.373259,36.012988],[138.372287,36.013006],[138.371278,36.012726],[138.369914,36.012764],[138.369147,36.013361],[138.368643,36.013342],[138.368007,36.013884],[138.367596,36.014537],[138.367335,36.015209],[138.367241,36.015751],[138.366606,36.016236],[138.364101,36.017692],[138.365167,36.017767],[138.367185,36.018327],[138.366867,36.020269],[138.367297,36.020455],[138.366961,36.022266],[138.366531,36.023424],[138.365522,36.024451],[138.36455,36.025589],[138.363709,36.026355],[138.363186,36.026654],[138.363391,36.02727],[138.362457,36.027307],[138.361933,36.027512],[138.361578,36.028278],[138.361466,36.029286],[138.361522,36.029809],[138.361746,36.030014],[138.362214,36.030182],[138.362401,36.030499],[138.361896,36.031041],[138.362382,36.031395],[138.362718,36.032198],[138.363578,36.03302],[138.362008,36.033524],[138.360905,36.033822],[138.360326,36.034383],[138.358494,36.036511],[138.35827,36.038564],[138.358121,36.041066],[138.357653,36.042018],[138.357205,36.04325],[138.356551,36.044352],[138.355878,36.044875],[138.354775,36.045976],[138.353841,36.046667],[138.353972,36.047059],[138.353766,36.047432],[138.35399,36.04788],[138.353934,36.048496],[138.353467,36.048944],[138.352551,36.049131],[138.351019,36.049225],[138.350196,36.049467],[138.349935,36.049841],[138.349617,36.05279],[138.349374,36.054452],[138.348944,36.056524],[138.348421,36.058279],[138.346818,36.058279],[138.34637,36.058214],[138.347299,36.055628],[138.34743,36.054135],[138.347505,36.04859],[138.347122,36.048487],[138.346449,36.04858],[138.345776,36.049141],[138.345234,36.050186],[138.344131,36.051269],[138.343552,36.051586],[138.342954,36.051661],[138.340842,36.051623],[138.33987,36.051792],[138.338151,36.052576],[138.337366,36.052837],[138.336282,36.052912],[138.334282,36.052426],[138.332936,36.052034],[138.332245,36.051418],[138.332095,36.050671],[138.332207,36.050298],[138.332563,36.049701],[138.333217,36.048935],[138.333534,36.048655],[138.333964,36.048655],[138.334824,36.048916],[138.335216,36.048972],[138.335646,36.048916],[138.33602,36.048674],[138.336282,36.048599],[138.336637,36.048748],[138.33673,36.049103],[138.336917,36.049477],[138.337235,36.049589],[138.337702,36.049626],[138.338095,36.049551],[138.338356,36.049327],[138.338637,36.048935],[138.339515,36.048804],[138.339702,36.048599],[138.339721,36.04817],[138.33959,36.047759],[138.338768,36.047143],[138.338468,36.04677],[138.338487,36.045425],[138.338207,36.045127],[138.337758,36.04522],[138.337235,36.045985],[138.334936,36.044641],[138.333815,36.044791],[138.333385,36.044641],[138.333142,36.044417],[138.333011,36.044025],[138.333198,36.043689],[138.334955,36.04283],[138.335235,36.042438],[138.335216,36.041617],[138.335441,36.041057],[138.335721,36.040795],[138.336469,36.040945],[138.337422,36.040963],[138.339496,36.040646],[138.340225,36.040739],[138.340767,36.040963],[138.341851,36.041169],[138.342505,36.041206],[138.342954,36.041001],[138.347197,36.037248],[138.343814,36.033066],[138.344281,36.032618],[138.34529,36.032749],[138.345514,36.031909],[138.345776,36.031386],[138.347365,36.031386],[138.348112,36.031181],[138.348542,36.030751],[138.348542,36.02993],[138.348467,36.029109],[138.348168,36.028175],[138.349813,36.027484],[138.350561,36.027092],[138.35114,36.026906],[138.352747,36.0267],[138.353289,36.026345],[138.353794,36.025711],[138.353925,36.025225],[138.351738,36.025244],[138.348916,36.025431],[138.34886,36.025263],[138.349009,36.024945],[138.350243,36.023694],[138.35071,36.022966],[138.351028,36.021174],[138.351028,36.020633],[138.351271,36.02039],[138.351682,36.020222],[138.351869,36.020073],[138.351794,36.019625],[138.351888,36.019438],[138.352317,36.019139],[138.352729,36.01899],[138.353084,36.018784],[138.353869,36.016936],[138.353738,36.01632],[138.353719,36.015797],[138.353869,36.014995],[138.35456,36.014005],[138.35456,36.013557],[138.355252,36.0124],[138.355457,36.01141],[138.355513,36.009879],[138.356466,36.00818],[138.356541,36.00749],[138.356167,36.006818],[138.355214,36.005809],[138.353925,36.004727],[138.352523,36.003774],[138.352093,36.003289],[138.351962,36.002636],[138.353009,36.002934],[138.353794,36.003252],[138.354579,36.003382],[138.355027,36.003382],[138.356336,36.002393],[138.357008,36.001945],[138.357513,36.001403],[138.358018,36.000601],[138.358578,35.999985],[138.359176,35.999593],[138.361232,35.999107],[138.361494,35.998827],[138.36198,35.996381],[138.362335,35.996307],[138.363027,35.994216],[138.363512,35.993544],[138.36426,35.992648],[138.364559,35.992106],[138.364727,35.991173],[138.365736,35.989082],[138.366409,35.987215],[138.36654,35.98518],[138.366708,35.984097],[138.366951,35.983145],[138.367344,35.982342],[138.368035,35.981764],[138.369493,35.980905],[138.369493,35.979859],[138.369306,35.97887],[138.36897,35.97775],[138.368521,35.977208],[138.367512,35.976443],[138.367718,35.975939],[138.367979,35.975565],[138.367867,35.97536],[138.3674,35.975435],[138.36697,35.975715],[138.366764,35.975379],[138.366372,35.97508],[138.365774,35.975005],[138.365064,35.975397],[138.36454,35.975995],[138.363961,35.976443],[138.363456,35.975864],[138.362896,35.975789],[138.36183,35.976013],[138.361587,35.976368],[138.361475,35.977078],[138.360971,35.977152],[138.360111,35.977134],[138.359531,35.976779],[138.358709,35.977227],[138.357606,35.977675],[138.356821,35.977675],[138.356018,35.977414],[138.355382,35.97704],[138.354373,35.976611],[138.35342,35.976368],[138.352373,35.976368],[138.351476,35.976256],[138.351364,35.974333],[138.352018,35.974147],[138.353439,35.973904],[138.35456,35.973885],[138.355588,35.973754],[138.35684,35.973325],[138.358204,35.973026],[138.358672,35.972037],[138.358653,35.970991],[138.358504,35.970263],[138.358148,35.969629],[138.357625,35.96765],[138.357214,35.966959],[138.356653,35.966474],[138.356097,35.965857],[138.356018,35.965428],[138.355681,35.96498],[138.355625,35.964289],[138.355737,35.963505],[138.356018,35.963244],[138.356578,35.963132],[138.356522,35.961283],[138.356616,35.960835],[138.356859,35.960219],[138.356672,35.959641],[138.356784,35.958931],[138.356728,35.95824],[138.356223,35.957904],[138.355382,35.95768],[138.352971,35.957568],[138.352317,35.957382],[138.352336,35.956915],[138.352579,35.955944],[138.352654,35.9546],[138.351943,35.954133],[138.350841,35.953573],[138.34957,35.953536],[138.348299,35.953573],[138.347794,35.95348],[138.34757,35.953256],[138.34757,35.953032],[138.34772,35.952528],[138.34828,35.952005],[138.348747,35.951706],[138.349476,35.951576],[138.351028,35.951594],[138.351756,35.951445],[138.35213,35.951127],[138.352242,35.950642],[138.352224,35.950175],[138.351205,35.947692],[138.348476,35.94745],[138.345094,35.947375],[138.340683,35.947543],[138.33958,35.94717],[138.338758,35.946964],[138.338216,35.946964]]],[[[138.018161,36.113847],[138.018715,36.113752],[138.019039,36.113332],[138.019307,36.112837],[138.019955,36.112551],[138.020986,36.112398],[138.02215,36.112436],[138.023219,36.112265],[138.024484,36.111639],[138.025116,36.111096],[138.025376,36.110659],[138.025376,36.110238],[138.025134,36.109876],[138.024316,36.109228],[138.023982,36.108882],[138.02374,36.108535],[138.02361,36.107571],[138.02361,36.106923],[138.025339,36.106758],[138.026603,36.106532],[138.027309,36.106276],[138.027142,36.105462],[138.026658,36.103971],[138.026472,36.102766],[138.026584,36.101741],[138.02664,36.100612],[138.026528,36.099685],[138.027922,36.099858],[138.028796,36.100295],[138.029186,36.100702],[138.029167,36.101079],[138.028926,36.10132],[138.028424,36.101365],[138.027792,36.101576],[138.027383,36.102043],[138.027216,36.102856],[138.027309,36.103534],[138.027718,36.104272],[138.029037,36.105673],[138.029353,36.106532],[138.029335,36.107632],[138.029056,36.10834],[138.028889,36.108927],[138.029,36.109982],[138.029242,36.111126],[138.029353,36.112181],[138.029502,36.112964],[138.029223,36.113266],[138.029056,36.113612],[138.029093,36.113958],[138.029353,36.114245],[138.029521,36.114531],[138.029465,36.115887],[138.029614,36.117047],[138.029223,36.117258],[138.02822,36.117468],[138.027216,36.117499],[138.026342,36.117438],[138.022328,36.11664],[138.02151,36.116534],[138.020432,36.116158],[138.019466,36.115721],[138.018908,36.115284],[138.018443,36.114154],[138.018161,36.113847]]],[[[138.024795,36.088877],[138.025437,36.087957],[138.026098,36.087304],[138.02696,36.08687],[138.028143,36.086756],[138.028164,36.087169],[138.027865,36.087823],[138.027454,36.088495],[138.027435,36.088812],[138.027827,36.089242],[138.028089,36.089764],[138.027997,36.090391],[138.027569,36.09152],[138.026807,36.09271],[138.026844,36.093072],[138.02703,36.093418],[138.027458,36.09366],[138.027904,36.093795],[138.028313,36.094006],[138.02848,36.094232],[138.028387,36.094593],[138.027774,36.094511],[138.027104,36.094209],[138.02651,36.093818],[138.026101,36.09317],[138.025636,36.092266],[138.02571,36.091468],[138.02545,36.090699],[138.025153,36.089524],[138.024795,36.088877]]],[[[138.030738,36.129459],[138.02953,36.128571],[138.029623,36.127441],[138.029493,36.126883],[138.029084,36.126115],[138.028842,36.125543],[138.028879,36.125031],[138.029047,36.124187],[138.029381,36.123057],[138.029474,36.122153],[138.029418,36.120526],[138.032374,36.120798],[138.032262,36.121837],[138.032448,36.122515],[138.033582,36.124729],[138.034864,36.125242],[138.034827,36.126145],[138.035459,36.129068],[138.035979,36.130499],[138.0365,36.131026],[138.037708,36.13065],[138.038377,36.130574],[138.039028,36.130409],[138.03966,36.130137],[138.040106,36.130137],[138.040496,36.130047],[138.040626,36.128405],[138.042039,36.129008],[138.043024,36.129685],[138.042633,36.130017],[138.041927,36.130424],[138.041834,36.13074],[138.04176,36.131599],[138.041816,36.132789],[138.041816,36.134385],[138.041388,36.136404],[138.041444,36.136766],[138.043024,36.139251],[138.043358,36.140035],[138.042987,36.14124],[138.042838,36.14249],[138.042894,36.142927],[138.043563,36.143198],[138.042355,36.146482],[138.042429,36.146859],[138.042856,36.147657],[138.042187,36.14829],[138.041946,36.148711],[138.041927,36.149133],[138.042057,36.149661],[138.042392,36.149917],[138.042875,36.150007],[138.043154,36.150263],[138.043637,36.150956],[138.044585,36.152568],[138.04596,36.153924],[138.044399,36.154782],[138.043804,36.154361],[138.043303,36.153924],[138.043135,36.153637],[138.043228,36.153246],[138.043191,36.152749],[138.042838,36.152447],[138.042132,36.152297],[138.041165,36.151333],[138.040831,36.150549],[138.040942,36.149856],[138.040886,36.149028],[138.0407,36.148049],[138.040775,36.147295],[138.041128,36.146813],[138.04163,36.146422],[138.042094,36.145879],[138.042094,36.145126],[138.041964,36.144268],[138.041481,36.14377],[138.040756,36.143228],[138.040589,36.14261],[138.040459,36.140908],[138.039362,36.140848],[138.03886,36.140291],[138.037039,36.138513],[138.036686,36.138016],[138.03637,36.136585],[138.035459,36.134461],[138.034455,36.132939],[138.034344,36.132322],[138.034325,36.131147],[138.034177,36.130107],[138.033675,36.129128],[138.03334,36.128917],[138.032318,36.129173],[138.030738,36.129459]]],[[[138.044306,36.161395],[138.045217,36.162676],[138.045775,36.163309],[138.046871,36.164107],[138.048711,36.165177],[138.04912,36.165011],[138.049678,36.165026],[138.050347,36.165523],[138.050979,36.165493],[138.051834,36.165297],[138.052707,36.164905],[138.052986,36.164574],[138.052986,36.163836],[138.052912,36.163022],[138.052744,36.162345],[138.052744,36.161742],[138.053023,36.1612],[138.053469,36.160492],[138.053739,36.160936],[138.054073,36.161719],[138.054817,36.162925],[138.055133,36.163045],[138.055523,36.163105],[138.056136,36.163105],[138.056731,36.163301],[138.057326,36.163693],[138.057809,36.164265],[138.05833,36.165109],[138.058608,36.165817],[138.058367,36.167203],[138.058088,36.167866],[138.057735,36.169025],[138.057419,36.169282],[138.05701,36.169402],[138.056787,36.169387],[138.056155,36.169221],[138.055542,36.169191],[138.054984,36.169312],[138.053943,36.169718],[138.053256,36.169794],[138.052549,36.169794],[138.05201,36.169553],[138.051304,36.169025],[138.050393,36.167941],[138.04952,36.167504],[138.048804,36.166758],[138.048711,36.166532],[138.048098,36.165824],[138.045942,36.164423],[138.044864,36.163625],[138.04425,36.163083],[138.044046,36.162601],[138.043972,36.162119],[138.044306,36.161395]]],[[[138.088088,36.236868],[138.088925,36.236784],[138.091784,36.236896],[138.093747,36.236896],[138.095148,36.236709],[138.096401,36.236299],[138.097335,36.236075],[138.097858,36.236],[138.098139,36.235253],[138.098456,36.234768],[138.098578,36.23445],[138.098167,36.233592],[138.097531,36.233256],[138.096223,36.233442],[138.095139,36.233442],[138.094541,36.232957],[138.094018,36.232247],[138.09241,36.231239],[138.091214,36.22997],[138.090541,36.229074],[138.089896,36.228075],[138.089616,36.226227],[138.089149,36.224602],[138.089055,36.224117],[138.0907,36.224472],[138.091616,36.224528],[138.092102,36.224808],[138.092494,36.22477],[138.092905,36.224322],[138.093279,36.223706],[138.093653,36.224024],[138.09412,36.224602],[138.094588,36.225088],[138.095186,36.224696],[138.095989,36.224677],[138.096606,36.224173],[138.096718,36.223706],[138.09698,36.223482],[138.097503,36.22337],[138.098139,36.22352],[138.099185,36.224173],[138.099821,36.224322],[138.1004,36.224266],[138.10126,36.223557],[138.1024,36.22352],[138.10282,36.223389],[138.10368,36.222904],[138.106184,36.22085],[138.10753,36.21958],[138.107867,36.218423],[138.108166,36.2179],[138.108838,36.218012],[138.109549,36.21805],[138.110483,36.217975],[138.11138,36.217564],[138.112203,36.21678],[138.112315,36.215809],[138.112614,36.215175],[138.113249,36.214652],[138.114071,36.214316],[138.114931,36.21383],[138.115679,36.213233],[138.117165,36.213093],[138.117576,36.213149],[138.11823,36.213],[138.120361,36.211562],[138.123033,36.210218],[138.124472,36.209266],[138.125818,36.208818],[138.126977,36.208276],[138.125612,36.206241],[138.124248,36.2071],[138.123463,36.207473],[138.122697,36.207567],[138.12193,36.207492],[138.120603,36.208202],[138.119071,36.208948],[138.118865,36.208146],[138.118473,36.207698],[138.117968,36.207567],[138.116211,36.207642],[138.116006,36.206577],[138.11537,36.205905],[138.115183,36.205513],[138.117239,36.205756],[138.117837,36.206129],[138.118062,36.205737],[138.118454,36.205719],[138.11894,36.204673],[138.119071,36.20402],[138.118921,36.203142],[138.119164,36.202937],[138.119856,36.202657],[138.120417,36.202676],[138.120846,36.202956],[138.121239,36.204113],[138.121687,36.20415],[138.122248,36.204057],[138.122304,36.203684],[138.122902,36.203348],[138.122734,36.202377],[138.122697,36.201014],[138.122398,36.199782],[138.12193,36.198531],[138.121837,36.197915],[138.122622,36.197822],[138.123276,36.197654],[138.123725,36.197448],[138.124061,36.197093],[138.124042,36.196365],[138.124098,36.195787],[138.124678,36.194386],[138.124958,36.192874],[138.124865,36.191885],[138.124678,36.190709],[138.124042,36.189514],[138.125089,36.1897],[138.126088,36.190034],[138.126051,36.190513],[138.126182,36.190886],[138.126463,36.191035],[138.126836,36.190998],[138.127378,36.190718],[138.128051,36.190531],[138.128481,36.190793],[138.1285,36.191446],[138.128687,36.192081],[138.129079,36.192716],[138.129135,36.193201],[138.128743,36.193892],[138.128855,36.194433],[138.128799,36.194937],[138.128089,36.195591],[138.128126,36.195852],[138.128425,36.196039],[138.129061,36.196132],[138.129154,36.198092],[138.129733,36.198223],[138.130126,36.198671],[138.130574,36.199007],[138.130855,36.199362],[138.131154,36.199586],[138.13149,36.199623],[138.13235,36.198727],[138.132686,36.198727],[138.132724,36.1991],[138.132294,36.200109],[138.132555,36.200146],[138.133266,36.199698],[138.133509,36.200034],[138.133882,36.199978],[138.134406,36.19981],[138.134742,36.200034],[138.134985,36.200314],[138.135322,36.200426],[138.135677,36.200426],[138.135938,36.19981],[138.136237,36.19938],[138.136723,36.199772],[138.136929,36.200258],[138.136929,36.201042],[138.136705,36.202031],[138.136387,36.202479],[138.13577,36.203133],[138.135079,36.203581],[138.134443,36.203805],[138.132873,36.203973],[138.131453,36.203973],[138.130051,36.204328],[138.129378,36.204776],[138.129173,36.20528],[138.129322,36.205747],[138.129322,36.206251],[138.128986,36.206885],[138.12893,36.207445],[138.12949,36.207912],[138.129902,36.208435],[138.130107,36.209294],[138.130761,36.211347],[138.131378,36.212523],[138.13149,36.213009],[138.131322,36.213457],[138.130799,36.214073],[138.130126,36.214689],[138.129509,36.215025],[138.128444,36.215249],[138.12665,36.215865],[138.126164,36.216108],[138.125753,36.21734],[138.12551,36.218722],[138.124313,36.21874],[138.123659,36.21902],[138.123996,36.219655],[138.124257,36.220701],[138.124781,36.221765],[138.125435,36.222343],[138.12579,36.223053],[138.127958,36.2238],[138.129117,36.22393],[138.12992,36.224229],[138.129584,36.225368],[138.129397,36.226339],[138.129061,36.227085],[138.129565,36.227272],[138.129883,36.227776],[138.130219,36.22871],[138.130406,36.228878],[138.13078,36.228934],[138.131229,36.228766],[138.131322,36.227814],[138.131677,36.227646],[138.131883,36.227907],[138.131976,36.228355],[138.132182,36.228728],[138.132518,36.228971],[138.132948,36.229158],[138.133621,36.229232],[138.134574,36.228635],[138.136929,36.227459],[138.137957,36.227291],[138.139116,36.227179],[138.140387,36.226376],[138.141545,36.226096],[138.142536,36.225779],[138.143227,36.225741],[138.143882,36.225965],[138.145433,36.225984],[138.146816,36.226171],[138.147937,36.226171],[138.148386,36.225499],[138.148965,36.225368],[138.149376,36.225499],[138.149115,36.226115],[138.14847,36.227179],[138.147909,36.22744],[138.147423,36.22744],[138.14604,36.227104],[138.142078,36.227253],[138.140844,36.227664],[138.138714,36.229083],[138.13677,36.230465],[138.135387,36.231286],[138.133518,36.232107],[138.134859,36.233479],[138.136006,36.234537],[138.136657,36.23525],[138.137052,36.235989],[138.137205,36.236702],[138.137103,36.237352],[138.136274,36.238766],[138.136185,36.239135],[138.136312,36.240867],[138.136325,36.24195],[138.136185,36.242243],[138.135241,36.243046],[138.134731,36.243682],[138.134439,36.244438],[138.133294,36.244242],[138.133855,36.243533],[138.134882,36.241143],[138.135107,36.239911],[138.1352,36.23838],[138.132565,36.237484],[138.131088,36.237167],[138.130939,36.235823],[138.130715,36.235188],[138.130004,36.23459],[138.128621,36.23375],[138.127519,36.233302],[138.126734,36.233321],[138.125407,36.233582],[138.12408,36.234049],[138.1235,36.234572],[138.123183,36.235449],[138.123164,36.236121],[138.122921,36.236345],[138.122603,36.236252],[138.121856,36.235823],[138.121295,36.235412],[138.120772,36.235188],[138.120828,36.23474],[138.121127,36.234404],[138.121818,36.234385],[138.121818,36.234086],[138.121987,36.233545],[138.122884,36.232574],[138.124024,36.230782],[138.124024,36.230147],[138.123687,36.229867],[138.123108,36.229606],[138.122398,36.229606],[138.122061,36.22927],[138.121931,36.228878],[138.122061,36.22772],[138.121949,36.227291],[138.12122,36.227029],[138.120043,36.227179],[138.119202,36.227347],[138.118566,36.227365],[138.117912,36.227123],[138.116866,36.226376],[138.115688,36.226395],[138.114941,36.226525],[138.114623,36.226899],[138.114455,36.227645],[138.111446,36.227571],[138.110642,36.227832],[138.109801,36.228355],[138.10939,36.228822],[138.109147,36.229344],[138.109016,36.230091],[138.108605,36.230502],[138.108025,36.230726],[138.107297,36.230726],[138.106399,36.230259],[138.105147,36.229979],[138.104231,36.23024],[138.103671,36.230651],[138.103278,36.231323],[138.103166,36.231995],[138.103297,36.232574],[138.10354,36.232985],[138.104699,36.233526],[138.105278,36.233862],[138.105652,36.234329],[138.105876,36.234852],[138.105951,36.235468],[138.105409,36.236476],[138.105185,36.237055],[138.104792,36.237409],[138.103764,36.237932],[138.101316,36.239444],[138.100998,36.23993],[138.101054,36.240397],[138.101036,36.240714],[138.100699,36.241013],[138.10068,36.241218],[138.101148,36.24189],[138.100251,36.242525],[138.099839,36.242282],[138.099335,36.242263],[138.098625,36.242431],[138.097933,36.240322],[138.097503,36.240191],[138.096662,36.240378],[138.094756,36.239668],[138.094233,36.239668],[138.093672,36.239967],[138.093373,36.240322],[138.093242,36.24077],[138.093429,36.241218],[138.094008,36.241759],[138.09427,36.242413],[138.095485,36.242562],[138.095709,36.242861],[138.096027,36.242992],[138.096662,36.242973],[138.097316,36.243048],[138.097896,36.243402],[138.098382,36.24385],[138.098643,36.244336],[138.098643,36.244802],[138.099335,36.247472],[138.099297,36.247846],[138.098924,36.248368],[138.098975,36.251075],[138.09848,36.250954],[138.098003,36.251178],[138.097723,36.251187],[138.097204,36.251019],[138.096774,36.250758],[138.096587,36.250534],[138.096457,36.250254],[138.096438,36.249414],[138.095765,36.24876],[138.095784,36.247827],[138.095204,36.246987],[138.09526,36.246557],[138.095167,36.245717],[138.094905,36.245138],[138.094233,36.244672],[138.093466,36.244485],[138.092812,36.244877],[138.092588,36.2454],[138.092513,36.246053],[138.092065,36.246296],[138.091541,36.246277],[138.090775,36.245437],[138.090289,36.245288],[138.089971,36.245997],[138.088738,36.246053],[138.088663,36.246408],[138.088943,36.246949],[138.08971,36.247902],[138.091579,36.249862],[138.091186,36.250104],[138.090102,36.250459],[138.088999,36.250907],[138.087056,36.252531],[138.086626,36.252475],[138.086065,36.252046],[138.085299,36.251299],[138.083729,36.249936],[138.08328,36.248854],[138.08229,36.249264],[138.08072,36.250291],[138.079673,36.251169],[138.078234,36.252195],[138.077468,36.252681],[138.075524,36.251766],[138.074777,36.251654],[138.073898,36.252009],[138.073113,36.252457],[138.072179,36.253166],[138.071169,36.253596],[138.070328,36.253838],[138.069786,36.253726],[138.069786,36.253484],[138.070272,36.253222],[138.070515,36.252494],[138.070927,36.251691],[138.071375,36.251523],[138.072833,36.251617],[138.073244,36.251187],[138.073506,36.250814],[138.074646,36.251038],[138.07502,36.250833],[138.075599,36.250945],[138.076421,36.250945],[138.077842,36.250683],[138.078739,36.250328],[138.078963,36.249936],[138.078832,36.249694],[138.078328,36.249488],[138.077561,36.249395],[138.077001,36.249134],[138.076739,36.248704],[138.076646,36.248219],[138.076795,36.24764],[138.077262,36.247229],[138.077804,36.246949],[138.078814,36.246688],[138.079281,36.246389],[138.078328,36.244989],[138.078141,36.244149],[138.078402,36.243626],[138.078701,36.243216],[138.079636,36.242805],[138.081056,36.242095],[138.081879,36.242357],[138.082196,36.242842],[138.082907,36.24329],[138.083598,36.243514],[138.084458,36.243496],[138.084776,36.243328],[138.085149,36.242543],[138.08543,36.242226],[138.086103,36.242711],[138.086532,36.242805],[138.08685,36.242618],[138.087018,36.242151],[138.087112,36.241367],[138.087504,36.24077],[138.08799,36.239874],[138.088271,36.238698],[138.08857,36.237689],[138.088439,36.237223],[138.088088,36.236868]]],[[[138.153343,36.134561],[138.152535,36.134057],[138.153002,36.131089],[138.153581,36.130697],[138.15446,36.130585],[138.155357,36.130361],[138.155768,36.129763],[138.15588,36.128718],[138.155749,36.127971],[138.155749,36.12728],[138.157076,36.125619],[138.157188,36.125899],[138.15745,36.126067],[138.157955,36.126048],[138.158534,36.12616],[138.158384,36.126851],[138.158721,36.127243],[138.15745,36.127243],[138.157039,36.12771],[138.156571,36.127859],[138.15745,36.128848],[138.158328,36.129521],[138.159487,36.129987],[138.160123,36.130342],[138.159319,36.130398],[138.157861,36.129894],[138.15702,36.131089],[138.158216,36.132358],[138.158197,36.134244],[138.157936,36.134655],[138.156814,36.13514],[138.155955,36.135887],[138.155637,36.135812],[138.154927,36.13486],[138.154291,36.1343],[138.153343,36.134561]]],[[[138.170355,36.113568],[138.170897,36.113064],[138.172056,36.112205],[138.17299,36.111906],[138.173028,36.110711],[138.173532,36.108751],[138.17514,36.109647],[138.176653,36.110338],[138.177999,36.110693],[138.178336,36.11073],[138.17856,36.110618],[138.178466,36.110301],[138.177457,36.107892],[138.176653,36.10638],[138.1757,36.104849],[138.17471,36.103449],[138.174,36.102254],[138.172299,36.098744],[138.174093,36.100387],[138.17499,36.101526],[138.176224,36.102534],[138.179476,36.103169],[138.181363,36.104625],[138.182634,36.104719],[138.185456,36.105783],[138.186522,36.105801],[138.187624,36.10554],[138.188353,36.10498],[138.188877,36.103934],[138.18897,36.103374],[138.188727,36.101563],[138.189512,36.100985],[138.190428,36.100481],[138.191306,36.100294],[138.191456,36.099435],[138.191998,36.098352],[138.19646,36.094458],[138.197089,36.095297],[138.20083,36.095393],[138.201689,36.095259],[138.202013,36.095354],[138.202433,36.095984],[138.20272,36.096174],[138.203559,36.095431],[138.203598,36.095145],[138.203827,36.094535],[138.2073,36.094363],[138.208693,36.094516],[138.209018,36.094802],[138.209438,36.094916],[138.209991,36.09484],[138.210774,36.094172],[138.211022,36.094058],[138.212453,36.095011],[138.213293,36.095373],[138.213637,36.095164],[138.213942,36.094611],[138.21566,36.095373],[138.21669,36.095526],[138.217721,36.095316],[138.217472,36.096765],[138.217154,36.097848],[138.216668,36.098782],[138.216163,36.099603],[138.216014,36.100425],[138.215659,36.100761],[138.215117,36.101395],[138.214893,36.101844],[138.214949,36.102348],[138.215154,36.10315],[138.215565,36.104345],[138.215846,36.105671],[138.215715,36.106417],[138.214313,36.10778],[138.21379,36.108359],[138.212463,36.108508],[138.211042,36.108452],[138.210071,36.108583],[138.209491,36.108583],[138.208874,36.108378],[138.20794,36.107836],[138.206931,36.107556],[138.204277,36.107519],[138.203754,36.108191],[138.204389,36.108714],[138.204595,36.109292],[138.20437,36.109386],[138.203548,36.109199],[138.202408,36.109442],[138.20209,36.109554],[138.201791,36.110469],[138.201548,36.110879],[138.202445,36.111775],[138.202726,36.112522],[138.206426,36.112074],[138.207678,36.112634],[138.209416,36.112933],[138.209865,36.11409],[138.210439,36.115119],[138.207519,36.113921],[138.20697,36.11424],[138.206792,36.114698],[138.206856,36.115055],[138.207053,36.115297],[138.207742,36.115832],[138.208252,36.116316],[138.206594,36.118099],[138.205931,36.118329],[138.204452,36.118099],[138.202641,36.117437],[138.201698,36.116953],[138.200881,36.115985],[138.200084,36.115157],[138.199536,36.115297],[138.199052,36.115501],[138.198567,36.115552],[138.198108,36.115832],[138.19756,36.115577],[138.196769,36.116125],[138.196093,36.115526],[138.195519,36.115743],[138.193798,36.11452],[138.193441,36.114571],[138.192943,36.114979],[138.192637,36.115641],[138.192599,36.116278],[138.192421,36.116685],[138.191821,36.11731],[138.191235,36.118138],[138.190827,36.119118],[138.190648,36.119921],[138.190686,36.120596],[138.190801,36.121144],[138.191018,36.121781],[138.1914,36.123462],[138.19163,36.123933],[138.192038,36.124315],[138.192446,36.124519],[138.193033,36.12457],[138.193645,36.12443],[138.193964,36.124303],[138.194219,36.12378],[138.194486,36.123551],[138.194818,36.123487],[138.195111,36.123653],[138.195506,36.124137],[138.196756,36.123347],[138.197305,36.123207],[138.197649,36.123271],[138.19784,36.123449],[138.197764,36.123691],[138.196055,36.124825],[138.1958,36.125131],[138.195902,36.125424],[138.196093,36.125576],[138.196425,36.12564],[138.197113,36.125615],[138.197241,36.125806],[138.196922,36.126608],[138.197445,36.126532],[138.198095,36.126315],[138.198656,36.126252],[138.199358,36.126264],[138.199472,36.126404],[138.199332,36.126621],[138.19756,36.127207],[138.196488,36.127742],[138.196042,36.128392],[138.195166,36.127672],[138.192829,36.126347],[138.190624,36.124965],[138.189783,36.123976],[138.190101,36.123546],[138.190007,36.123154],[138.188755,36.120671],[138.188606,36.118823],[138.188699,36.117946],[138.188923,36.117199],[138.189914,36.116079],[138.191484,36.114529],[138.19268,36.113241],[138.189278,36.111467],[138.188961,36.110571],[138.186811,36.110758],[138.183447,36.111281],[138.177242,36.112662],[138.174252,36.113409],[138.172532,36.113782],[138.172065,36.114137],[138.171486,36.115015],[138.170514,36.114604],[138.170355,36.113568]]],[[[138.338216,35.946964],[138.338758,35.946964],[138.33958,35.94717],[138.340683,35.947543],[138.345094,35.947375],[138.348476,35.94745],[138.351205,35.947692],[138.352224,35.950175],[138.352242,35.950642],[138.35213,35.951127],[138.351756,35.951445],[138.351028,35.951594],[138.349476,35.951576],[138.348747,35.951706],[138.34828,35.952005],[138.34772,35.952528],[138.347346,35.95193],[138.347084,35.951295],[138.346785,35.949951],[138.34514,35.950511],[138.344168,35.950698],[138.343458,35.950567],[138.342468,35.950138],[138.341178,35.949727],[138.340524,35.949709],[138.340337,35.949167],[138.339421,35.94842],[138.338636,35.947674],[138.338216,35.946964]]],[[[138.343655,36.082082],[138.344646,36.081429],[138.345636,36.080551],[138.346421,36.079767],[138.348421,36.081503],[138.348234,36.082306],[138.348271,36.082997],[138.348552,36.08352],[138.346776,36.085331],[138.345636,36.084752],[138.344795,36.083949],[138.344197,36.083053],[138.343655,36.082082]]],[[[138.349935,36.049841],[138.350196,36.049467],[138.351019,36.049225],[138.352551,36.049131],[138.353467,36.048944],[138.353934,36.048496],[138.35399,36.04788],[138.353766,36.047432],[138.355607,36.048207],[138.359102,36.049215],[138.360765,36.049495],[138.363737,36.049719],[138.364186,36.050074],[138.364634,36.050783],[138.36469,36.051418],[138.364634,36.051941],[138.364354,36.052874],[138.363924,36.053696],[138.363326,36.054256],[138.362503,36.054536],[138.360765,36.054835],[138.359364,36.055003],[138.358635,36.054816],[138.355551,36.053042],[138.353458,36.052258],[138.350785,36.050989],[138.349935,36.049841]]],[[[138.351364,35.974333],[138.350467,35.974464],[138.356097,35.965857],[138.356653,35.966474],[138.357214,35.966959],[138.357625,35.96765],[138.358148,35.969629],[138.358504,35.970263],[138.358653,35.970991],[138.358672,35.972037],[138.358204,35.973026],[138.35684,35.973325],[138.355588,35.973754],[138.35456,35.973885],[138.353439,35.973904],[138.352018,35.974147],[138.351364,35.974333]]],[[[138.457808,36.051012],[138.457966,36.051668],[138.4589,36.052468],[138.458952,36.053096],[138.459199,36.053624],[138.459269,36.053995],[138.459023,36.054166],[138.458829,36.054395],[138.458794,36.054652],[138.458882,36.05528],[138.458812,36.05548],[138.458442,36.055551],[138.457297,36.055565],[138.4558,36.055394],[138.454602,36.055123],[138.45263,36.054966],[138.452207,36.054752],[138.452718,36.053496],[138.452665,36.053082],[138.452119,36.052496],[138.451925,36.052211],[138.4527,36.051783],[138.454197,36.051254],[138.456504,36.051012],[138.457808,36.051012]]],[[[138.013941,36.112874],[138.015146,36.112265],[138.01589,36.11215],[138.016367,36.112284],[138.01673,36.112627],[138.016902,36.113065],[138.017322,36.113428],[138.018161,36.113847],[138.018443,36.114154],[138.018908,36.115284],[138.019466,36.115721],[138.020432,36.116158],[138.02151,36.116534],[138.022328,36.11664],[138.026342,36.117438],[138.027216,36.117499],[138.02822,36.117468],[138.029223,36.117258],[138.029614,36.117047],[138.029465,36.115887],[138.029521,36.114531],[138.029353,36.114245],[138.029093,36.113958],[138.029056,36.113612],[138.029223,36.113266],[138.029502,36.112964],[138.029353,36.112181],[138.029242,36.111126],[138.029,36.109982],[138.028889,36.108927],[138.029056,36.10834],[138.029335,36.107632],[138.029353,36.106532],[138.029037,36.105673],[138.027718,36.104272],[138.027309,36.103534],[138.027216,36.102856],[138.027383,36.102043],[138.027792,36.101576],[138.028424,36.101365],[138.028926,36.10132],[138.029167,36.101079],[138.029186,36.100702],[138.028796,36.100295],[138.027922,36.099858],[138.027179,36.099745],[138.027086,36.099384],[138.027049,36.097938],[138.027104,36.09726],[138.027216,36.096823],[138.028108,36.095286],[138.028387,36.094593],[138.02848,36.094232],[138.028313,36.094006],[138.027904,36.093795],[138.027458,36.09366],[138.02703,36.093418],[138.026844,36.093072],[138.026807,36.09271],[138.027272,36.092951],[138.027718,36.092951],[138.028108,36.092876],[138.028759,36.092289],[138.029446,36.091551],[138.030529,36.090607],[138.031082,36.091408],[138.032437,36.091827],[138.032705,36.092094],[138.032743,36.092437],[138.032304,36.093086],[138.032037,36.093581],[138.032037,36.094001],[138.0328,36.094859],[138.033239,36.095926],[138.033487,36.096041],[138.033945,36.095659],[138.034308,36.095755],[138.034441,36.096212],[138.034193,36.097032],[138.033754,36.097833],[138.032934,36.098843],[138.030815,36.101264],[138.030548,36.101817],[138.033373,36.106088],[138.032494,36.106667],[138.034093,36.106682],[138.036862,36.111247],[138.039892,36.11307],[138.040152,36.113326],[138.040022,36.113567],[138.038962,36.114034],[138.038702,36.114335],[138.038498,36.114682],[138.038423,36.115179],[138.038498,36.11551],[138.038665,36.115796],[138.038981,36.115977],[138.039873,36.116218],[138.040765,36.116595],[138.042197,36.117423],[138.04255,36.117453],[138.043237,36.117348],[138.045412,36.116534],[138.045616,36.116113],[138.045932,36.114456],[138.046304,36.112859],[138.046564,36.112347],[138.047456,36.11194],[138.048423,36.111337],[138.050077,36.10959],[138.050802,36.109274],[138.052096,36.1091],[138.051714,36.109596],[138.05158,36.110206],[138.051695,36.111121],[138.051924,36.111883],[138.052058,36.112627],[138.052726,36.113904],[138.052573,36.114343],[138.052477,36.114838],[138.052611,36.115201],[138.053031,36.115563],[138.054214,36.116745],[138.054443,36.117374],[138.054386,36.118213],[138.054462,36.119929],[138.054615,36.121454],[138.05492,36.122331],[138.055321,36.122941],[138.055283,36.123608],[138.055646,36.123989],[138.056237,36.124466],[138.056314,36.124752],[138.055856,36.125686],[138.055894,36.126296],[138.056562,36.128432],[138.057306,36.129671],[138.057707,36.130491],[138.057955,36.131406],[138.05868,36.133426],[138.059501,36.134914],[138.059444,36.135981],[138.059024,36.13764],[138.0591,36.138174],[138.059348,36.138479],[138.061753,36.139623],[138.062478,36.140118],[138.062936,36.140614],[138.063146,36.141186],[138.063471,36.143626],[138.063814,36.14456],[138.064425,36.145742],[138.065265,36.147001],[138.065418,36.14803],[138.065036,36.149136],[138.065895,36.149326],[138.067021,36.149746],[138.068204,36.150547],[138.069387,36.151538],[138.070399,36.152091],[138.071334,36.152396],[138.073395,36.152586],[138.074006,36.152872],[138.074502,36.154436],[138.07498,36.155294],[138.075304,36.15558],[138.076297,36.154607],[138.077079,36.15373],[138.077652,36.152777],[138.078243,36.153616],[138.078625,36.153368],[138.078988,36.153425],[138.079484,36.153826],[138.079942,36.154588],[138.080992,36.155732],[138.081526,36.156094],[138.081316,36.154722],[138.081335,36.153845],[138.080152,36.152739],[138.082232,36.152091],[138.082862,36.152644],[138.083015,36.153139],[138.083148,36.154016],[138.083415,36.154379],[138.084198,36.155084],[138.084308,36.155611],[138.084869,36.156189],[138.085672,36.156693],[138.086158,36.157291],[138.086569,36.158616],[138.088401,36.15955],[138.088289,36.159961],[138.087728,36.160297],[138.085953,36.160427],[138.085112,36.160315],[138.084588,36.160521],[138.08414,36.160875],[138.083691,36.160913],[138.083373,36.160689],[138.082757,36.160521],[138.082084,36.160446],[138.081654,36.160054],[138.080701,36.159699],[138.079822,36.159494],[138.078402,36.159587],[138.077225,36.160091],[138.076309,36.160297],[138.075057,36.160969],[138.074047,36.161193],[138.072664,36.161697],[138.072234,36.162033],[138.071786,36.163134],[138.071281,36.163862],[138.070515,36.16418],[138.069823,36.164161],[138.068833,36.163452],[138.06773,36.163489],[138.066571,36.163881],[138.065712,36.164236],[138.064777,36.164404],[138.064329,36.16474],[138.063656,36.164889],[138.062665,36.165785],[138.062011,36.166476],[138.0616,36.167241],[138.061488,36.168698],[138.060684,36.168474],[138.059993,36.168474],[138.058703,36.169015],[138.058105,36.1695],[138.057507,36.169892],[138.056049,36.170004],[138.055124,36.170023],[138.054339,36.170733],[138.054077,36.171703],[138.053367,36.172338],[138.053068,36.173496],[138.052096,36.173458],[138.051386,36.173608],[138.051311,36.174616],[138.050601,36.17596],[138.049928,36.177491],[138.048508,36.178163],[138.047798,36.178798],[138.043908,36.180021],[138.041809,36.17941],[138.040664,36.179277],[138.039366,36.179372],[138.038755,36.175998],[138.039003,36.175369],[138.039538,36.174854],[138.040015,36.174473],[138.040721,36.174091],[138.041007,36.173805],[138.041084,36.173424],[138.04095,36.173062],[138.040339,36.172757],[138.039881,36.172833],[138.039194,36.173081],[138.03845,36.1731],[138.038049,36.172909],[138.037515,36.172738],[138.036961,36.173253],[138.03427,36.172509],[138.033793,36.171117],[138.035506,36.170683],[138.037457,36.170487],[138.03874,36.170637],[138.039725,36.170683],[138.041844,36.170336],[138.042977,36.16999],[138.044018,36.169809],[138.044947,36.169914],[138.046267,36.169613],[138.047531,36.169206],[138.048126,36.169161],[138.048813,36.169312],[138.049315,36.169523],[138.049668,36.169613],[138.0503,36.169553],[138.050877,36.169372],[138.051304,36.169025],[138.05201,36.169553],[138.052549,36.169794],[138.053256,36.169794],[138.053943,36.169718],[138.054984,36.169312],[138.055542,36.169191],[138.056155,36.169221],[138.056787,36.169387],[138.05701,36.169402],[138.057419,36.169282],[138.057735,36.169025],[138.058088,36.167866],[138.058367,36.167203],[138.058608,36.165817],[138.05833,36.165109],[138.057809,36.164265],[138.057326,36.163693],[138.056731,36.163301],[138.056136,36.163105],[138.055523,36.163105],[138.055133,36.163045],[138.054817,36.162925],[138.054073,36.161719],[138.053739,36.160936],[138.053469,36.160492],[138.053952,36.159799],[138.054473,36.158925],[138.054306,36.158473],[138.052521,36.156937],[138.050756,36.155777],[138.049826,36.155264],[138.049826,36.154858],[138.050198,36.154361],[138.050793,36.153713],[138.051945,36.152854],[138.053116,36.152101],[138.054138,36.151061],[138.054807,36.149766],[138.055179,36.148742],[138.055551,36.14725],[138.055718,36.146211],[138.055681,36.145202],[138.055328,36.144539],[138.05477,36.143801],[138.054659,36.143364],[138.05477,36.142821],[138.055123,36.141767],[138.055867,36.140456],[138.056071,36.139824],[138.057261,36.137293],[138.056369,36.137157],[138.055514,36.137202],[138.054937,36.137157],[138.053859,36.136585],[138.053413,36.13654],[138.052856,36.136374],[138.05228,36.136645],[138.051703,36.136841],[138.051443,36.137233],[138.051462,36.139598],[138.050179,36.138588],[138.049064,36.137986],[138.048302,36.137669],[138.048042,36.137233],[138.0478,36.136434],[138.046964,36.135847],[138.046629,36.135365],[138.046629,36.135078],[138.046871,36.134792],[138.047782,36.134144],[138.048135,36.133557],[138.048432,36.132578],[138.048432,36.131764],[138.048265,36.131282],[138.046425,36.129821],[138.045737,36.129158],[138.045403,36.12848],[138.045068,36.127592],[138.042949,36.127486],[138.042485,36.1272],[138.042039,36.129008],[138.039046,36.127697],[138.037671,36.126552],[138.035701,36.125483],[138.034864,36.125242],[138.033582,36.124729],[138.032448,36.122515],[138.032262,36.121837],[138.032374,36.120798],[138.029418,36.120526],[138.029474,36.122153],[138.029381,36.123057],[138.029047,36.124187],[138.028879,36.125031],[138.028842,36.125543],[138.029084,36.126115],[138.029493,36.126883],[138.029623,36.127441],[138.02953,36.128571],[138.030738,36.129459],[138.030232,36.129527],[138.02947,36.129512],[138.025353,36.129716],[138.024423,36.1297],[138.023977,36.12958],[138.023671,36.129369],[138.023485,36.129105],[138.023355,36.128631],[138.022909,36.12784],[138.022593,36.127381],[138.0221,36.127064],[138.021487,36.126529],[138.02145,36.12555],[138.02132,36.125264],[138.021087,36.125189],[138.020688,36.125159],[138.019191,36.125332],[138.019071,36.125234],[138.019191,36.123035],[138.019303,36.121988],[138.019414,36.121588],[138.019702,36.1214],[138.020929,36.121008],[138.021227,36.12079],[138.021347,36.120413],[138.02131,36.119818],[138.020957,36.119005],[138.020427,36.118357],[138.019851,36.117837],[138.018987,36.117212],[138.018494,36.116685],[138.018327,36.116301],[138.018095,36.115442],[138.017602,36.114727],[138.016794,36.114071],[138.015762,36.113522],[138.013941,36.112874]]],[[[138.018067,36.265583],[138.017208,36.266384],[138.016845,36.266555],[138.016444,36.266555],[138.0157,36.266002],[138.01465,36.266079],[138.013219,36.266079],[138.012532,36.266326],[138.012036,36.26667],[138.011234,36.265793],[138.010585,36.264763],[138.009669,36.263581],[138.008886,36.262075],[138.008734,36.261598],[138.008791,36.261007],[138.010051,36.258624],[138.010547,36.258834],[138.012074,36.259177],[138.012665,36.259578],[138.013219,36.259883],[138.013715,36.259692],[138.01444,36.259025],[138.014784,36.258605],[138.014898,36.257976],[138.014917,36.257213],[138.015643,36.257023],[138.016082,36.256661],[138.016349,36.25586],[138.016521,36.254544],[138.017322,36.255135],[138.018238,36.255688],[138.019727,36.256451],[138.021826,36.257099],[138.022342,36.257366],[138.022838,36.257538],[138.023105,36.257404],[138.023105,36.256985],[138.023411,36.256565],[138.023735,36.255803],[138.024117,36.255097],[138.024556,36.254697],[138.025052,36.25443],[138.025455,36.254402],[138.026059,36.254484],[138.026552,36.254628],[138.026115,36.2552],[138.025706,36.256149],[138.025967,36.256172],[138.026227,36.256345],[138.026357,36.256684],[138.026227,36.256962],[138.025948,36.257106],[138.024916,36.257038],[138.024712,36.257091],[138.024387,36.257414],[138.024168,36.258062],[138.023648,36.25868],[138.023109,36.258966],[138.022589,36.258966],[138.02205,36.25883],[138.021343,36.258439],[138.020786,36.258047],[138.020247,36.257866],[138.019763,36.257896],[138.01915,36.258032],[138.018091,36.258815],[138.017384,36.25984],[138.017422,36.260352],[138.017719,36.261286],[138.017812,36.26228],[138.017775,36.26335],[138.01783,36.264163],[138.018072,36.264705],[138.018165,36.265142],[138.018067,36.265583]]],[[[138.023105,36.101436],[138.023811,36.099987],[138.024441,36.098405],[138.024708,36.097509],[138.025599,36.099007],[138.025952,36.099429],[138.026528,36.099685],[138.02664,36.100612],[138.026584,36.101741],[138.026472,36.102766],[138.026658,36.103971],[138.027142,36.105462],[138.027309,36.106276],[138.026603,36.106532],[138.025339,36.106758],[138.02361,36.106923],[138.023105,36.101436]]],[[[138.023372,36.090722],[138.023715,36.09015],[138.024795,36.088877],[138.025153,36.089524],[138.02545,36.090699],[138.02571,36.091468],[138.025636,36.092266],[138.023372,36.090722]]],[[[138.026216,36.140595],[138.027049,36.140019],[138.02809,36.139417],[138.029428,36.138844],[138.030171,36.138739],[138.030747,36.138724],[138.031156,36.138634],[138.031751,36.138227],[138.03229,36.138227],[138.032662,36.138423],[138.033238,36.138001],[138.033814,36.137895],[138.034558,36.13788],[138.035524,36.137685],[138.036686,36.138016],[138.037039,36.138513],[138.03886,36.140291],[138.039362,36.140848],[138.040459,36.140908],[138.040589,36.14261],[138.040756,36.143228],[138.041481,36.14377],[138.041964,36.144268],[138.042094,36.145126],[138.042094,36.145879],[138.04163,36.146422],[138.041128,36.146813],[138.040775,36.147295],[138.0407,36.148049],[138.040886,36.149028],[138.040942,36.149856],[138.040831,36.150549],[138.041165,36.151333],[138.041723,36.15192],[138.042132,36.152297],[138.042838,36.152447],[138.043191,36.152749],[138.043228,36.153246],[138.043135,36.153637],[138.043303,36.153924],[138.043804,36.154361],[138.044399,36.154782],[138.044511,36.155249],[138.044511,36.155822],[138.044195,36.156921],[138.044139,36.15778],[138.044232,36.158262],[138.04425,36.159407],[138.043972,36.160356],[138.044009,36.160763],[138.044306,36.161395],[138.043972,36.162119],[138.044046,36.162601],[138.04425,36.163083],[138.044864,36.163625],[138.045942,36.164423],[138.048098,36.165824],[138.048711,36.166532],[138.048804,36.166758],[138.047559,36.166623],[138.045403,36.166186],[138.04334,36.165629],[138.041574,36.165026],[138.040129,36.164654],[138.040778,36.163339],[138.040912,36.162729],[138.040854,36.162271],[138.04032,36.161852],[138.039347,36.161718],[138.03782,36.161604],[138.036312,36.161814],[138.035148,36.162138],[138.03448,36.162081],[138.032151,36.161089],[138.031006,36.160765],[138.031121,36.160231],[138.031445,36.159869],[138.032247,36.159602],[138.032495,36.159412],[138.032438,36.157772],[138.032609,36.156952],[138.033048,36.156152],[138.033907,36.155217],[138.035549,36.154302],[138.035739,36.153788],[138.036236,36.152891],[138.036904,36.151824],[138.037095,36.151061],[138.03698,36.150756],[138.036541,36.150642],[138.036083,36.151138],[138.035816,36.151099],[138.035339,36.15068],[138.034862,36.150489],[138.034194,36.150604],[138.033564,36.150585],[138.032953,36.150432],[138.032743,36.149994],[138.032113,36.150127],[138.031541,36.150051],[138.030682,36.149574],[138.029613,36.149288],[138.028544,36.149345],[138.028086,36.147858],[138.027819,36.146219],[138.027514,36.145952],[138.026884,36.145895],[138.025338,36.146009],[138.025281,36.144827],[138.025471,36.143664],[138.025853,36.142253],[138.026216,36.140595]]],[[[138.040588,36.262761],[138.04178,36.261857],[138.04264,36.261707],[138.04335,36.261931],[138.044471,36.261745],[138.045892,36.261147],[138.046415,36.260625],[138.046564,36.259504],[138.046901,36.258608],[138.047536,36.258086],[138.049517,36.259094],[138.050975,36.257451],[138.052022,36.25648],[138.052657,36.256107],[138.052994,36.255845],[138.053293,36.254986],[138.053667,36.254389],[138.054302,36.253829],[138.054825,36.253456],[138.056507,36.252447],[138.057816,36.252223],[138.058563,36.251962],[138.059339,36.250749],[138.059619,36.249908],[138.059731,36.248919],[138.05975,36.247687],[138.059675,36.246884],[138.060535,36.247257],[138.061339,36.247948],[138.061413,36.248303],[138.062479,36.249106],[138.063152,36.250188],[138.062684,36.251197],[138.0616,36.252858],[138.060554,36.254296],[138.059956,36.255229],[138.059395,36.256349],[138.058479,36.257488],[138.057844,36.258067],[138.057208,36.259056],[138.056517,36.261614],[138.054143,36.263238],[138.052891,36.264638],[138.051508,36.26546],[138.050461,36.266431],[138.049882,36.266823],[138.049284,36.266953],[138.048256,36.266897],[138.047209,36.267009],[138.046518,36.267215],[138.045882,36.267868],[138.04478,36.268186],[138.044163,36.26854],[138.043079,36.268764],[138.0425,36.269548],[138.042294,36.270669],[138.041958,36.271117],[138.041637,36.271264],[138.04095,36.269358],[138.04074,36.268614],[138.04074,36.267547],[138.040511,36.266307],[138.040473,36.264439],[138.040588,36.262761]]],[[[138.043944,36.280138],[138.043873,36.279667],[138.044097,36.279219],[138.04492,36.278584],[138.04634,36.277688],[138.047424,36.27724],[138.048088,36.276661],[138.048424,36.276008],[138.048798,36.275635],[138.051377,36.274514],[138.051807,36.27416],[138.051919,36.273898],[138.051863,36.273581],[138.051396,36.273189],[138.050686,36.272741],[138.050274,36.272293],[138.050218,36.271938],[138.050461,36.271023],[138.051097,36.270127],[138.05162,36.268988],[138.051919,36.268055],[138.052199,36.267476],[138.053115,36.267215],[138.057451,36.266636],[138.058161,36.266412],[138.058816,36.266095],[138.059993,36.26419],[138.060591,36.263742],[138.061208,36.263481],[138.061881,36.26251],[138.062348,36.261353],[138.063114,36.260345],[138.064273,36.259523],[138.066217,36.258403],[138.067114,36.258123],[138.067488,36.258496],[138.067805,36.25928],[138.068198,36.259878],[138.06859,36.260083],[138.069562,36.259803],[138.070665,36.259318],[138.071244,36.259243],[138.071861,36.259523],[138.072459,36.260195],[138.073431,36.260326],[138.074552,36.260662],[138.075524,36.261241],[138.076048,36.261745],[138.075692,36.262043],[138.074907,36.262379],[138.074216,36.262566],[138.073823,36.262846],[138.073898,36.263705],[138.074422,36.265142],[138.074702,36.266263],[138.074758,36.266935],[138.074403,36.267738],[138.073618,36.268932],[138.072908,36.269828],[138.070459,36.272479],[138.069824,36.273357],[138.069207,36.274346],[138.068646,36.275803],[138.068478,36.276699],[138.069562,36.278398],[138.069562,36.279144],[138.06932,36.279578],[138.066872,36.281438],[138.065673,36.2821],[138.065138,36.2821],[138.063735,36.281463],[138.063097,36.281361],[138.05945,36.281565],[138.058889,36.281387],[138.057665,36.281285],[138.056288,36.281336],[138.054783,36.281692],[138.053329,36.281896],[138.052156,36.281845],[138.050575,36.281692],[138.04958,36.281463],[138.048586,36.281081],[138.047234,36.280368],[138.046392,36.280138],[138.043944,36.280138]]],[[[138.071926,36.182899],[138.072337,36.182158],[138.07473,36.181225],[138.076337,36.181747],[138.077346,36.181038],[138.078056,36.181262],[138.078365,36.180982],[138.080028,36.181505],[138.080944,36.18003],[138.081785,36.178462],[138.08257,36.177285],[138.084364,36.174802],[138.085766,36.175829],[138.087859,36.177229],[138.086794,36.178611],[138.085747,36.179619],[138.08513,36.180385],[138.084813,36.181187],[138.084925,36.181766],[138.086364,36.182924],[138.087504,36.183372],[138.088102,36.18382],[138.090102,36.182662],[138.089896,36.183278],[138.089261,36.1841],[138.08827,36.184585],[138.08799,36.185033],[138.088046,36.185388],[138.089111,36.186359],[138.089541,36.187143],[138.08913,36.187423],[138.086009,36.18858],[138.08542,36.189286],[138.084694,36.189267],[138.082729,36.189515],[138.081965,36.189991],[138.081736,36.189648],[138.081373,36.189534],[138.08061,36.189629],[138.080209,36.189877],[138.079885,36.189858],[138.079579,36.189553],[138.079541,36.188848],[138.07935,36.18839],[138.07769,36.187589],[138.076793,36.187437],[138.076354,36.187418],[138.075991,36.187837],[138.075648,36.188085],[138.07456,36.18717],[138.074045,36.186293],[138.074102,36.184787],[138.074178,36.184119],[138.074045,36.183605],[138.073205,36.183204],[138.071926,36.182899]]],[[[138.088088,36.236868],[138.087822,36.236196],[138.088084,36.235524],[138.088719,36.234366],[138.088981,36.233713],[138.087971,36.232966],[138.087037,36.232705],[138.084776,36.232574],[138.085,36.231939],[138.086738,36.229382],[138.08728,36.228784],[138.088925,36.228374],[138.089896,36.228075],[138.090541,36.229074],[138.091214,36.22997],[138.09241,36.231239],[138.094018,36.232247],[138.094541,36.232957],[138.095139,36.233442],[138.096223,36.233442],[138.097531,36.233256],[138.098167,36.233592],[138.098578,36.23445],[138.098456,36.234768],[138.098139,36.235253],[138.097858,36.236],[138.097335,36.236075],[138.096401,36.236299],[138.095148,36.236709],[138.093747,36.236896],[138.091784,36.236896],[138.088925,36.236784],[138.088088,36.236868]]],[[[138.115183,36.205513],[138.11537,36.205905],[138.116006,36.206577],[138.116211,36.207642],[138.117968,36.207567],[138.118473,36.207698],[138.118865,36.208146],[138.119071,36.208948],[138.120603,36.208202],[138.12193,36.207492],[138.122697,36.207567],[138.123463,36.207473],[138.124248,36.2071],[138.125612,36.206241],[138.126977,36.208276],[138.125818,36.208818],[138.124472,36.209266],[138.123033,36.210218],[138.120361,36.211562],[138.11823,36.213],[138.117576,36.213149],[138.117165,36.213093],[138.116585,36.212346],[138.114847,36.212066],[138.115221,36.211207],[138.114997,36.210685],[138.114249,36.21033],[138.112436,36.209714],[138.112417,36.208818],[138.111838,36.20837],[138.111034,36.208724],[138.111315,36.207529],[138.110754,36.207156],[138.110193,36.208482],[138.10924,36.208295],[138.109259,36.207623],[138.108549,36.207866],[138.107409,36.207866],[138.106624,36.207679],[138.106511,36.207305],[138.105969,36.207361],[138.106287,36.206708],[138.103988,36.205625],[138.104007,36.204729],[138.105596,36.204804],[138.106717,36.20415],[138.107558,36.203982],[138.108268,36.204057],[138.108717,36.20443],[138.109464,36.204878],[138.110025,36.20514],[138.110717,36.205345],[138.113819,36.205327],[138.115183,36.205513]]],[[[138.125089,36.1897],[138.125033,36.189234],[138.12451,36.18789],[138.124024,36.186919],[138.123762,36.185911],[138.123837,36.185183],[138.124154,36.184436],[138.125668,36.182251],[138.127238,36.180403],[138.127836,36.179899],[138.12793,36.179488],[138.127967,36.178798],[138.128603,36.178518],[138.128715,36.178088],[138.128304,36.177398],[138.127836,36.176109],[138.127462,36.175811],[138.126883,36.175512],[138.126117,36.175008],[138.124883,36.173962],[138.124734,36.173421],[138.124977,36.172357],[138.125313,36.171591],[138.125519,36.171237],[138.125575,36.169276],[138.125332,36.168586],[138.124528,36.168231],[138.123425,36.168063],[138.121837,36.168063],[138.121407,36.167914],[138.120603,36.167017],[138.120211,36.166271],[138.120454,36.165449],[138.121052,36.16474],[138.121613,36.164572],[138.122398,36.164833],[138.125967,36.167522],[138.126827,36.167858],[138.127294,36.167204],[138.128771,36.165953],[138.12978,36.165468],[138.130827,36.165132],[138.13178,36.164759],[138.132303,36.164236],[138.132378,36.163508],[138.132041,36.162444],[138.132079,36.161585],[138.132621,36.160726],[138.1332,36.159961],[138.133368,36.159363],[138.1332,36.158374],[138.133107,36.157291],[138.133593,36.157085],[138.13378,36.156805],[138.13335,36.155555],[138.133144,36.154565],[138.133051,36.153426],[138.133069,36.15268],[138.133368,36.152232],[138.133163,36.151709],[138.132845,36.15141],[138.132957,36.150794],[138.133443,36.149562],[138.13492,36.149188],[138.135611,36.148815],[138.135835,36.148479],[138.135798,36.147471],[138.136134,36.147098],[138.134374,36.145609],[138.134901,36.144932],[138.135499,36.144521],[138.136209,36.144297],[138.13776,36.144017],[138.138938,36.143158],[138.139536,36.142934],[138.140321,36.14299],[138.141891,36.143308],[138.142844,36.14411],[138.143405,36.143233],[138.144003,36.142524],[138.14475,36.142225],[138.145479,36.142094],[138.146339,36.142281],[138.146974,36.142057],[138.147629,36.141721],[138.148432,36.140022],[138.148974,36.139387],[138.15075,36.137987],[138.150899,36.137371],[138.150899,36.136381],[138.151086,36.135467],[138.151422,36.134627],[138.151404,36.133973],[138.151011,36.132685],[138.150656,36.131733],[138.150619,36.131079],[138.151796,36.131061],[138.151722,36.13065],[138.151815,36.130202],[138.153067,36.129306],[138.153553,36.128783],[138.153534,36.128391],[138.152992,36.127458],[138.152806,36.126935],[138.152918,36.126524],[138.15331,36.126356],[138.153721,36.126337],[138.15488,36.125031],[138.156357,36.123593],[138.157983,36.122454],[138.158225,36.122081],[138.158506,36.120867],[138.158431,36.119915],[138.158039,36.11915],[138.157366,36.118235],[138.157683,36.114669],[138.158917,36.113269],[138.162412,36.113232],[138.166841,36.111122],[138.167122,36.11129],[138.164842,36.112392],[138.163683,36.112858],[138.162917,36.113381],[138.163851,36.113381],[138.165187,36.11438],[138.166608,36.115313],[138.168309,36.11606],[138.168589,36.116284],[138.162795,36.117927],[138.162085,36.118319],[138.16087,36.119421],[138.159992,36.120037],[138.159711,36.120653],[138.159711,36.121157],[138.159936,36.121437],[138.161132,36.122034],[138.160945,36.122557],[138.160459,36.122632],[138.15988,36.122893],[138.159524,36.12392],[138.158702,36.124947],[138.157973,36.125376],[138.157076,36.125619],[138.155749,36.12728],[138.155749,36.127971],[138.15588,36.128718],[138.155768,36.129763],[138.155357,36.130361],[138.15446,36.130585],[138.153581,36.130697],[138.153002,36.131089],[138.152535,36.134057],[138.153343,36.134561],[138.153114,36.134823],[138.152497,36.136652],[138.152628,36.137586],[138.152834,36.138519],[138.152591,36.139247],[138.152179,36.139639],[138.151208,36.140162],[138.15018,36.140983],[138.149656,36.141786],[138.149619,36.142514],[138.149731,36.143261],[138.149413,36.143317],[138.148068,36.143765],[138.14732,36.144381],[138.146666,36.145221],[138.144236,36.146435],[138.143208,36.146603],[138.141489,36.146435],[138.139041,36.145912],[138.138274,36.146528],[138.137359,36.147462],[138.136536,36.14875],[138.136144,36.149067],[138.134649,36.149721],[138.134013,36.149926],[138.133882,36.150598],[138.134013,36.151251],[138.13435,36.151886],[138.134237,36.15226],[138.134144,36.15463],[138.134312,36.155639],[138.134798,36.15745],[138.134256,36.157692],[138.134032,36.158028],[138.134051,36.159765],[138.133621,36.160717],[138.133415,36.161986],[138.134443,36.161949],[138.13463,36.162397],[138.134836,36.162602],[138.13592,36.162453],[138.135938,36.163013],[138.135807,36.163536],[138.135938,36.163872],[138.136275,36.164376],[138.136312,36.165832],[138.13663,36.166373],[138.137676,36.1674],[138.135863,36.16684],[138.135209,36.166429],[138.134686,36.166467],[138.133808,36.166728],[138.13291,36.167157],[138.132574,36.16768],[138.132256,36.1688],[138.131714,36.169286],[138.130799,36.16979],[138.129976,36.170313],[138.129303,36.171134],[138.129247,36.171881],[138.129434,36.173692],[138.12964,36.174924],[138.129341,36.175559],[138.129416,36.175988],[138.129883,36.176268],[138.130443,36.176772],[138.130481,36.177276],[138.130387,36.178042],[138.130051,36.178882],[138.129752,36.180618],[138.129378,36.181085],[138.12893,36.181271],[138.128518,36.181327],[138.127958,36.181757],[138.12721,36.182634],[138.126631,36.183866],[138.127079,36.183978],[138.127434,36.184202],[138.127416,36.184408],[138.126332,36.184557],[138.125921,36.1848],[138.125678,36.185565],[138.125566,36.186536],[138.12521,36.187133],[138.125547,36.187451],[138.125771,36.187843],[138.12607,36.188011],[138.126612,36.187992],[138.127005,36.187694],[138.127416,36.18704],[138.12779,36.186853],[138.12807,36.187077],[138.128126,36.187339],[138.127846,36.187712],[138.12736,36.188123],[138.126818,36.188795],[138.126631,36.189691],[138.126088,36.190034],[138.125089,36.1897]]],[[[138.127967,36.080579],[138.128658,36.080225],[138.13021,36.079889],[138.132172,36.079739],[138.133106,36.079739],[138.133686,36.078862],[138.135462,36.077967],[138.136282,36.078177],[138.135461,36.078955],[138.135013,36.079459],[138.13505,36.080411],[138.135293,36.082726],[138.135274,36.084575],[138.133439,36.086222],[138.133286,36.084774],[138.133019,36.084049],[138.132484,36.083611],[138.131397,36.08321],[138.130097,36.083081],[138.129873,36.082204],[138.129297,36.082676],[138.128934,36.082257],[138.129335,36.082009],[138.129259,36.081666],[138.127967,36.080579]]],[[[138.15491,36.101703],[138.154076,36.100313],[138.154151,36.099921],[138.154618,36.099323],[138.154245,36.098576],[138.154525,36.095813],[138.155216,36.095141],[138.156824,36.093834],[138.157254,36.093965],[138.158057,36.094899],[138.158992,36.095253],[138.161104,36.09712],[138.164729,36.099771],[138.164281,36.100219],[138.163776,36.100518],[138.163066,36.100537],[138.162393,36.100798],[138.161814,36.101265],[138.161178,36.102049],[138.160487,36.10259],[138.159319,36.103228],[138.158479,36.103076],[138.158002,36.102752],[138.15762,36.102199],[138.157029,36.10155],[138.156704,36.101379],[138.15491,36.101703]]],[[[138.215715,36.106417],[138.215846,36.105671],[138.215565,36.104345],[138.215154,36.10315],[138.214949,36.102348],[138.214893,36.101844],[138.215117,36.101395],[138.215659,36.100761],[138.216014,36.100425],[138.216163,36.099603],[138.216668,36.098782],[138.217154,36.097848],[138.217472,36.096765],[138.217721,36.095316],[138.218713,36.094802],[138.219534,36.094115],[138.220259,36.093372],[138.220889,36.09259],[138.221099,36.092762],[138.221385,36.092781],[138.221863,36.092399],[138.221901,36.092037],[138.221672,36.091694],[138.221443,36.091179],[138.221443,36.09076],[138.221557,36.090321],[138.221939,36.08954],[138.221958,36.08912],[138.221729,36.088415],[138.22129,36.087538],[138.221099,36.086661],[138.221748,36.086947],[138.22234,36.087557],[138.223065,36.088072],[138.224267,36.088625],[138.22484,36.08973],[138.225222,36.090226],[138.226424,36.090645],[138.227875,36.091904],[138.228123,36.092533],[138.228294,36.092743],[138.228829,36.093124],[138.230737,36.094172],[138.232131,36.095049],[138.233791,36.095678],[138.235432,36.09606],[138.23694,36.096231],[138.237875,36.096269],[138.238486,36.096003],[138.239517,36.095354],[138.242208,36.09341],[138.241521,36.092666],[138.241025,36.091866],[138.240433,36.090779],[138.23986,36.089578],[138.239803,36.089006],[138.239879,36.088586],[138.240738,36.087633],[138.24112,36.086947],[138.241234,36.086184],[138.241139,36.085689],[138.240986,36.085231],[138.240471,36.084754],[138.240299,36.08424],[138.240643,36.083344],[138.240566,36.080465],[138.241254,36.080446],[138.241425,36.081018],[138.241998,36.08178],[138.24257,36.082772],[138.243238,36.083725],[138.244193,36.084488],[138.245414,36.085174],[138.246197,36.085555],[138.24654,36.086127],[138.246731,36.08729],[138.246827,36.087538],[138.247189,36.087633],[138.247609,36.08729],[138.249021,36.085689],[138.250128,36.08464],[138.251999,36.082429],[138.252457,36.083534],[138.252648,36.083839],[138.253545,36.084697],[138.254747,36.085364],[138.25544,36.085863],[138.256038,36.086535],[138.256337,36.08758],[138.25757,36.088178],[138.258841,36.089447],[138.259897,36.090829],[138.260308,36.091893],[138.25943,36.092285],[138.257954,36.092789],[138.256589,36.093162],[138.255804,36.093144],[138.254589,36.09333],[138.25401,36.093498],[138.253318,36.093498],[138.252048,36.093629],[138.250814,36.093984],[138.249581,36.0946],[138.248665,36.094936],[138.247394,36.095552],[138.246179,36.095907],[138.245544,36.096019],[138.246216,36.098614],[138.246478,36.100313],[138.246478,36.102068],[138.246889,36.103038],[138.247132,36.104177],[138.247357,36.104681],[138.248216,36.105783],[138.248141,36.106212],[138.24773,36.107071],[138.247562,36.107855],[138.247581,36.10877],[138.247674,36.109722],[138.247319,36.110375],[138.246702,36.110991],[138.24616,36.111645],[138.246104,36.112074],[138.24631,36.112168],[138.2473,36.112056],[138.247992,36.11228],[138.248627,36.112896],[138.249169,36.11353],[138.249487,36.113642],[138.249898,36.113474],[138.250702,36.112709],[138.2513,36.112522],[138.251655,36.111831],[138.252029,36.110693],[138.252571,36.109778],[138.253225,36.109461],[138.254047,36.109647],[138.254328,36.11017],[138.25444,36.110879],[138.254963,36.111421],[138.255636,36.111869],[138.25629,36.11213],[138.257692,36.111738],[138.258327,36.111514],[138.259038,36.111645],[138.259673,36.112074],[138.260701,36.114352],[138.260813,36.115453],[138.260981,36.115752],[138.261243,36.115827],[138.263075,36.115827],[138.264159,36.115995],[138.265411,36.116331],[138.267298,36.116237],[138.268625,36.116368],[138.269223,36.116517],[138.268775,36.11732],[138.268663,36.117862],[138.269579,36.118907],[138.270793,36.119878],[138.271616,36.120326],[138.27298,36.120755],[138.274475,36.121035],[138.276045,36.120979],[138.278232,36.121054],[138.280213,36.121241],[138.280512,36.119673],[138.280755,36.118814],[138.281297,36.118403],[138.282418,36.11831],[138.283783,36.118496],[138.285278,36.118403],[138.285876,36.117451],[138.28681,36.116872],[138.288287,36.116555],[138.289464,36.116499],[138.28982,36.11788],[138.289857,36.118851],[138.289334,36.119915],[138.288007,36.121988],[138.287595,36.122772],[138.287315,36.123518],[138.287315,36.124022],[138.288773,36.125049],[138.289016,36.12546],[138.289165,36.1263],[138.289165,36.127066],[138.288156,36.127514],[138.287895,36.127812],[138.287801,36.128316],[138.287689,36.131434],[138.287128,36.133469],[138.286811,36.133749],[138.286437,36.133749],[138.285708,36.133488],[138.284792,36.132928],[138.284474,36.132909],[138.284231,36.133077],[138.284194,36.13345],[138.284474,36.134122],[138.285128,36.135168],[138.28539,36.135896],[138.285334,36.136232],[138.285072,36.136232],[138.28453,36.134925],[138.283914,36.134403],[138.282568,36.132741],[138.282119,36.132498],[138.281652,36.132554],[138.28111,36.13289],[138.28068,36.133245],[138.279522,36.133245],[138.278849,36.133394],[138.278045,36.133674],[138.277092,36.133712],[138.276157,36.133581],[138.275447,36.132816],[138.274961,36.132368],[138.274625,36.132144],[138.27455,36.131191],[138.273522,36.131005],[138.272307,36.130949],[138.271728,36.131135],[138.271354,36.131658],[138.270943,36.132778],[138.270812,36.133768],[138.27085,36.134664],[138.271354,36.135429],[138.271466,36.13612],[138.271504,36.13668],[138.271354,36.137427],[138.271279,36.138099],[138.271279,36.138883],[138.271597,36.140227],[138.271784,36.141366],[138.271803,36.142468],[138.271541,36.143998],[138.271541,36.14454],[138.271934,36.145436],[138.272756,36.146537],[138.276569,36.149917],[138.277279,36.150719],[138.278152,36.151893],[138.276793,36.152026],[138.276045,36.150887],[138.274494,36.149655],[138.271878,36.14721],[138.270887,36.146033],[138.270252,36.145119],[138.269971,36.144148],[138.270214,36.141926],[138.270121,36.139891],[138.269934,36.138416],[138.269803,36.137763],[138.26984,36.137054],[138.269971,36.136437],[138.269878,36.135709],[138.269504,36.134963],[138.269373,36.134048],[138.269541,36.132872],[138.269896,36.131621],[138.270009,36.130911],[138.269952,36.130463],[138.269186,36.130109],[138.268364,36.129941],[138.267672,36.129511],[138.267205,36.1291],[138.266813,36.128466],[138.266588,36.127551],[138.266233,36.125721],[138.265953,36.125255],[138.265467,36.125068],[138.26457,36.124825],[138.263374,36.124564],[138.262626,36.124284],[138.261673,36.123798],[138.261037,36.123294],[138.260608,36.122865],[138.260234,36.122268],[138.260084,36.121633],[138.260103,36.120475],[138.259804,36.119318],[138.259636,36.118422],[138.259094,36.116629],[138.259187,36.115864],[138.25915,36.114987],[138.259019,36.113997],[138.25872,36.113306],[138.258383,36.113008],[138.257991,36.11312],[138.257187,36.113512],[138.25629,36.113754],[138.255767,36.113717],[138.255057,36.113176],[138.254328,36.112952],[138.253879,36.112709],[138.253543,36.112317],[138.253468,36.111831],[138.253244,36.111645],[138.253038,36.111757],[138.252814,36.112261],[138.252552,36.113194],[138.252328,36.113624],[138.251954,36.113792],[138.251375,36.113848],[138.250683,36.114202],[138.250272,36.114837],[138.249674,36.115453],[138.249226,36.115453],[138.248758,36.11536],[138.248422,36.115155],[138.247786,36.114427],[138.2476,36.113941],[138.247282,36.113605],[138.247001,36.113586],[138.24631,36.113754],[138.245525,36.113773],[138.243376,36.11353],[138.242871,36.113754],[138.2416,36.114539],[138.240983,36.114613],[138.240217,36.114483],[138.239451,36.11409],[138.238647,36.113381],[138.23818,36.112858],[138.237451,36.112504],[138.236311,36.112149],[138.235059,36.112037],[138.23476,36.112074],[138.23375,36.111271],[138.233022,36.111047],[138.232255,36.111103],[138.231582,36.111029],[138.230704,36.110207],[138.229788,36.110095],[138.228667,36.110151],[138.227826,36.109535],[138.227078,36.109106],[138.226405,36.1089],[138.225583,36.108919],[138.224406,36.10918],[138.223527,36.109143],[138.222761,36.108863],[138.220593,36.107538],[138.218892,36.10666],[138.217677,36.106492],[138.215715,36.106417]]],[[[138.259347,36.070075],[138.258602,36.069312],[138.258011,36.069045],[138.256675,36.068626],[138.255892,36.067997],[138.25553,36.067444],[138.255472,36.066738],[138.256045,36.065404],[138.254251,36.063135],[138.253697,36.062067],[138.252896,36.060085],[138.252457,36.058826],[138.251579,36.057683],[138.251102,36.056653],[138.251312,36.056462],[138.253182,36.056901],[138.253964,36.056806],[138.253354,36.055414],[138.252896,36.055204],[138.251273,36.055452],[138.250033,36.054785],[138.247609,36.054423],[138.246903,36.054251],[138.24612,36.053279],[138.245872,36.05223],[138.245242,36.051773],[138.244345,36.051258],[138.243868,36.0504],[138.243582,36.049542],[138.24362,36.04876],[138.243983,36.048055],[138.244269,36.047674],[138.248181,36.047311],[138.248506,36.047502],[138.249384,36.048875],[138.249766,36.04897],[138.251751,36.050533],[138.252457,36.050838],[138.253067,36.050991],[138.253716,36.050915],[138.254079,36.050667],[138.254709,36.049599],[138.25698,36.049809],[138.25719,36.049618],[138.257324,36.049046],[138.2574,36.048379],[138.25782,36.048436],[138.257953,36.048093],[138.258469,36.048455],[138.260205,36.049351],[138.261274,36.049771],[138.262381,36.050324],[138.263698,36.050876],[138.265988,36.051487],[138.26742,36.051944],[138.268794,36.052592],[138.270874,36.053469],[138.271559,36.054312],[138.272625,36.054947],[138.273615,36.055731],[138.274625,36.056888],[138.275391,36.05883],[138.276101,36.059259],[138.278101,36.060081],[138.279783,36.060585],[138.281073,36.060902],[138.283054,36.060977],[138.284773,36.060977],[138.288885,36.061761],[138.290118,36.062209],[138.290735,36.062078],[138.291819,36.06206],[138.292828,36.062284],[138.293464,36.06206],[138.293968,36.06163],[138.294305,36.061948],[138.294286,36.063086],[138.29466,36.063553],[138.295725,36.064431],[138.295594,36.064748],[138.293296,36.065569],[138.292193,36.066017],[138.291632,36.066465],[138.291427,36.06781],[138.2918,36.068034],[138.292006,36.068351],[138.291744,36.069079],[138.291763,36.070741],[138.292006,36.071375],[138.2918,36.07188],[138.291501,36.072272],[138.291165,36.072496],[138.290436,36.07285],[138.289651,36.072944],[138.288997,36.073224],[138.288231,36.073746],[138.288006,36.0744],[138.288287,36.074885],[138.288567,36.075669],[138.288605,36.076155],[138.288474,36.07692],[138.287259,36.07748],[138.285801,36.07804],[138.285091,36.077331],[138.284549,36.076491],[138.284231,36.075707],[138.283988,36.075352],[138.283185,36.075949],[138.281839,36.077219],[138.280867,36.077704],[138.280269,36.077704],[138.279428,36.077443],[138.277914,36.078115],[138.276344,36.078078],[138.275914,36.078115],[138.275111,36.0786],[138.274251,36.079011],[138.273073,36.079665],[138.272494,36.079104],[138.271578,36.078339],[138.271317,36.077723],[138.27113,36.07707],[138.270662,36.076397],[138.27012,36.0758],[138.269466,36.075333],[138.268476,36.074979],[138.267934,36.074661],[138.267224,36.074549],[138.266009,36.074045],[138.264906,36.073765],[138.264121,36.073634],[138.263149,36.073205],[138.262738,36.072664],[138.26214,36.072029],[138.261019,36.071525],[138.259347,36.070075]]],[[[138.269271,36.047083],[138.268908,36.046911],[138.268489,36.046568],[138.267973,36.045767],[138.26742,36.045252],[138.267363,36.044985],[138.267572,36.044623],[138.267897,36.044509],[138.267916,36.044128],[138.267114,36.043365],[138.267038,36.042831],[138.267324,36.042488],[138.267649,36.042221],[138.269099,36.042183],[138.269443,36.042011],[138.269691,36.041592],[138.269405,36.041096],[138.269596,36.040753],[138.269557,36.040448],[138.269767,36.040067],[138.269691,36.039743],[138.268603,36.039666],[138.267954,36.039571],[138.267534,36.039247],[138.267496,36.038294],[138.267248,36.037741],[138.266885,36.037398],[138.266924,36.037112],[138.269481,36.037074],[138.269576,36.03673],[138.270092,36.03654],[138.272363,36.036349],[138.274062,36.036387],[138.274882,36.03654],[138.275493,36.036788],[138.276008,36.036769],[138.276428,36.036616],[138.277096,36.036139],[138.277764,36.035873],[138.27826,36.035568],[138.277898,36.034271],[138.277153,36.032174],[138.277153,36.031335],[138.279005,36.032365],[138.280493,36.033013],[138.281753,36.033356],[138.282097,36.033261],[138.281009,36.032384],[138.280532,36.031774],[138.280379,36.031164],[138.280455,36.030496],[138.28015,36.029943],[138.279902,36.029276],[138.280341,36.027446],[138.282669,36.027751],[138.284692,36.027694],[138.285647,36.028075],[138.286353,36.02817],[138.28725,36.027884],[138.28912,36.02695],[138.289884,36.026664],[138.291296,36.02676],[138.29225,36.02695],[138.292823,36.027008],[138.294025,36.026798],[138.295857,36.027141],[138.297002,36.027599],[138.297709,36.028113],[138.298243,36.028628],[138.299045,36.028933],[138.300896,36.029295],[138.30164,36.0292],[138.302499,36.028838],[138.303587,36.028609],[138.304121,36.02838],[138.304675,36.027827],[138.305152,36.027541],[138.305744,36.027408],[138.307194,36.027293],[138.307614,36.02716],[138.308148,36.026798],[138.308645,36.026664],[138.309026,36.026741],[138.309943,36.027274],[138.310897,36.027656],[138.311737,36.02777],[138.312252,36.027599],[138.312767,36.027198],[138.315477,36.024396],[138.317405,36.022546],[138.318856,36.020869],[138.318989,36.020411],[138.318932,36.019591],[138.31855,36.017742],[138.317061,36.012862],[138.316164,36.010212],[138.315878,36.008686],[138.317214,36.008439],[138.319562,36.007333],[138.321566,36.005808],[138.322329,36.005388],[138.323131,36.005178],[138.324085,36.005178],[138.32502,36.005274],[138.32628,36.005541],[138.327234,36.005598],[138.327997,36.005388],[138.328704,36.005026],[138.329353,36.004549],[138.329811,36.004301],[138.331166,36.004301],[138.331948,36.004187],[138.334219,36.003615],[138.335078,36.003234],[138.337048,36.008255],[138.338487,36.00833],[138.338655,36.009767],[138.338543,36.011391],[138.3383,36.013464],[138.338076,36.014453],[138.337702,36.015107],[138.336861,36.016115],[138.336244,36.017123],[138.335777,36.018],[138.335179,36.019475],[138.334955,36.020465],[138.332581,36.021006],[138.330712,36.021342],[138.328563,36.021958],[138.326881,36.02263],[138.325199,36.02347],[138.32447,36.024292],[138.324264,36.025263],[138.324227,36.026233],[138.324451,36.027036],[138.324937,36.027671],[138.324489,36.027914],[138.323274,36.028007],[138.322395,36.028194],[138.321199,36.028082],[138.31976,36.028026],[138.319461,36.028324],[138.319069,36.02853],[138.318022,36.02866],[138.317536,36.028847],[138.318452,36.031984],[138.318788,36.033402],[138.318732,36.034037],[138.31834,36.034355],[138.317386,36.034597],[138.31563,36.034877],[138.311686,36.034803],[138.310041,36.03512],[138.30935,36.035325],[138.308472,36.036389],[138.307313,36.03708],[138.306341,36.037491],[138.304678,36.038462],[138.303575,36.039171],[138.301407,36.038891],[138.300267,36.038984],[138.299314,36.039283],[138.298286,36.039265],[138.297276,36.039526],[138.298192,36.040273],[138.298267,36.040721],[138.298043,36.040945],[138.297613,36.040982],[138.29666,36.040795],[138.295837,36.040721],[138.295314,36.04059],[138.295015,36.040889],[138.294809,36.041262],[138.294361,36.041505],[138.293875,36.041934],[138.293277,36.042326],[138.292754,36.042326],[138.292006,36.042214],[138.290492,36.041841],[138.288212,36.041785],[138.287707,36.041691],[138.287558,36.041467],[138.287483,36.041131],[138.287221,36.040739],[138.28696,36.040665],[138.286511,36.040814],[138.28582,36.041299],[138.285408,36.041299],[138.285259,36.041113],[138.284866,36.040777],[138.28425,36.040627],[138.283689,36.040665],[138.283278,36.040627],[138.282624,36.040217],[138.282026,36.039731],[138.28154,36.039227],[138.281185,36.03876],[138.280755,36.038742],[138.280269,36.039657],[138.279708,36.039638],[138.278456,36.04031],[138.277054,36.041467],[138.276363,36.042177],[138.275802,36.043932],[138.274961,36.044884],[138.274643,36.045556],[138.27455,36.04662],[138.274213,36.047311],[138.273989,36.047498],[138.27377,36.047563],[138.273657,36.04747],[138.273947,36.047012],[138.274115,36.046629],[138.273928,36.046424],[138.272872,36.046256],[138.272433,36.045995],[138.272031,36.045948],[138.271798,36.04606],[138.271377,36.046405],[138.271116,36.046415],[138.271106,36.046237],[138.270845,36.045836],[138.26962,36.046704],[138.269271,36.047083]]],[[[138.293427,36.109423],[138.294978,36.109367],[138.296081,36.109274],[138.296753,36.108956],[138.296866,36.108135],[138.297669,36.108807],[138.29823,36.108546],[138.299052,36.10961],[138.299725,36.110338],[138.301444,36.111906],[138.302248,36.112317],[138.302734,36.112336],[138.303407,36.112224],[138.303874,36.111925],[138.304416,36.111439],[138.304977,36.111122],[138.305799,36.110823],[138.306603,36.110693],[138.307519,36.110338],[138.308397,36.110207],[138.308958,36.110394],[138.309668,36.110786],[138.310042,36.111178],[138.310771,36.111421],[138.311126,36.111906],[138.311462,36.112205],[138.312098,36.112392],[138.31264,36.112466],[138.313481,36.112373],[138.314041,36.112168],[138.314509,36.111533],[138.315537,36.110991],[138.315817,36.110693],[138.314864,36.110543],[138.314602,36.110301],[138.314471,36.109797],[138.314453,36.109274],[138.31434,36.108975],[138.313836,36.108788],[138.313499,36.108508],[138.313443,36.108172],[138.31292,36.108116],[138.312696,36.107967],[138.312509,36.107612],[138.31748,36.103169],[138.318377,36.104588],[138.318639,36.105409],[138.318826,36.10681],[138.318807,36.107314],[138.318994,36.107687],[138.319237,36.107911],[138.320041,36.107911],[138.322246,36.109293],[138.323311,36.109666],[138.325704,36.108172],[138.324638,36.107146],[138.322508,36.107146],[138.323928,36.106287],[138.323143,36.104868],[138.323068,36.104196],[138.323162,36.102292],[138.323279,36.101423],[138.323788,36.101498],[138.323994,36.105363],[138.325937,36.107472],[138.326405,36.108163],[138.326909,36.108144],[138.327582,36.107622],[138.329825,36.105176],[138.330628,36.104821],[138.330311,36.105549],[138.330255,36.106875],[138.330507,36.107771],[138.330245,36.10848],[138.329946,36.109862],[138.329386,36.111057],[138.327778,36.11494],[138.32875,36.115724],[138.329797,36.116736],[138.328898,36.117373],[138.328796,36.117781],[138.328924,36.118189],[138.331448,36.119233],[138.331882,36.119794],[138.331984,36.120227],[138.331703,36.120736],[138.331652,36.122035],[138.332035,36.125704],[138.332749,36.128353],[138.334203,36.133168],[138.334126,36.133449],[138.333948,36.133576],[138.331933,36.133143],[138.330428,36.132939],[138.329638,36.132888],[138.327827,36.130774],[138.3252,36.131079],[138.323236,36.131003],[138.32117,36.130544],[138.319691,36.129143],[138.31839,36.128099],[138.317345,36.127462],[138.316452,36.127232],[138.316223,36.127513],[138.315866,36.13164],[138.316172,36.133321],[138.316223,36.134595],[138.316095,36.136404],[138.315407,36.141015],[138.315152,36.141372],[138.314871,36.141448],[138.313188,36.14155],[138.312703,36.141473],[138.312295,36.141193],[138.309974,36.139308],[138.309056,36.138824],[138.307118,36.138518],[138.305358,36.138671],[138.303904,36.139283],[138.302782,36.140021],[138.302374,36.140047],[138.301856,36.139555],[138.301575,36.13892],[138.301426,36.137427],[138.301183,36.13584],[138.30122,36.134272],[138.30051,36.128895],[138.300959,36.127663],[138.301202,36.125871],[138.300772,36.122977],[138.300061,36.122286],[138.299688,36.121801],[138.299295,36.121017],[138.299127,36.120214],[138.299277,36.118982],[138.29795,36.118067],[138.296828,36.117059],[138.296025,36.116032],[138.297501,36.113101],[138.295258,36.111383],[138.294828,36.112354],[138.294604,36.112578],[138.294342,36.112672],[138.294043,36.112616],[138.293894,36.112242],[138.293651,36.111925],[138.293015,36.112186],[138.292829,36.112112],[138.292698,36.111794],[138.292829,36.111103],[138.293427,36.109423]]],[[[138.322657,36.079683],[138.32361,36.079329],[138.324433,36.078918],[138.324676,36.078675],[138.324657,36.078302],[138.323835,36.076939],[138.323835,36.076397],[138.324563,36.073896],[138.324956,36.072944],[138.326096,36.072477],[138.327834,36.072066],[138.329236,36.07188],[138.330002,36.071357],[138.330675,36.070498],[138.331067,36.069397],[138.331367,36.06837],[138.331834,36.067343],[138.332432,36.066596],[138.333142,36.066204],[138.334338,36.06598],[138.335441,36.066036],[138.336207,36.066353],[138.337534,36.06725],[138.338039,36.067287],[138.338581,36.067175],[138.33916,36.066839],[138.340338,36.065495],[138.34088,36.064132],[138.341066,36.0629],[138.341253,36.062452],[138.341777,36.062209],[138.342805,36.062022],[138.343776,36.06191],[138.344318,36.061481],[138.345197,36.059483],[138.345926,36.057672],[138.346262,36.055899],[138.34658,36.054853],[138.346692,36.052968],[138.347122,36.048487],[138.347505,36.04859],[138.34743,36.054135],[138.347299,36.055628],[138.34637,36.058214],[138.346818,36.058279],[138.345318,36.062274],[138.34472,36.062778],[138.343618,36.063226],[138.342534,36.063544],[138.342216,36.063973],[138.341693,36.065429],[138.34102,36.066718],[138.340366,36.067278],[138.339039,36.067819],[138.337693,36.068435],[138.336628,36.068995],[138.335712,36.069798],[138.335058,36.070769],[138.334478,36.072393],[138.334478,36.073308],[138.334777,36.07426],[138.33489,36.074876],[138.333039,36.076481],[138.335039,36.076575],[138.336497,36.076874],[138.337506,36.077322],[138.338665,36.078199],[138.341281,36.079861],[138.342197,36.080551],[138.343393,36.081205],[138.343655,36.082082],[138.344197,36.083053],[138.344795,36.083949],[138.345636,36.084752],[138.346776,36.085331],[138.346141,36.085909],[138.344646,36.086992],[138.343748,36.087422],[138.341711,36.089176],[138.340571,36.088784],[138.340104,36.088728],[138.339786,36.088896],[138.339712,36.089345],[138.339768,36.089905],[138.339917,36.090297],[138.340796,36.091137],[138.341001,36.091846],[138.340982,36.092294],[138.340777,36.092612],[138.339599,36.092873],[138.339095,36.093284],[138.338721,36.093881],[138.338198,36.094198],[138.337787,36.093974],[138.337263,36.094273],[138.335787,36.093825],[138.335609,36.09403],[138.335161,36.093956],[138.333329,36.093993],[138.330797,36.094833],[138.330815,36.094068],[138.331021,36.092574],[138.331226,36.091958],[138.33203,36.091305],[138.332441,36.091099],[138.332479,36.089961],[138.33132,36.087347],[138.330479,36.087459],[138.329451,36.087347],[138.32846,36.086918],[138.329227,36.085741],[138.328685,36.085032],[138.328386,36.084379],[138.328199,36.083781],[138.328442,36.082829],[138.329227,36.08085],[138.328329,36.080906],[138.327208,36.080794],[138.325601,36.080066],[138.324741,36.080178],[138.324106,36.079954],[138.323526,36.079879],[138.322657,36.079683]]],[[[138.330628,36.104821],[138.330236,36.104243],[138.329675,36.103832],[138.329414,36.103272],[138.32947,36.102637],[138.329731,36.101946],[138.330983,36.100658],[138.331544,36.099482],[138.331955,36.099482],[138.333245,36.099202],[138.334049,36.098567],[138.335058,36.09894],[138.335936,36.099052],[138.336572,36.099575],[138.337871,36.100789],[138.336301,36.101909],[138.335329,36.103029],[138.33488,36.103701],[138.333796,36.103514],[138.331142,36.104336],[138.330628,36.104821]]],[[[138.37668,36.082381],[138.381464,36.076164],[138.380623,36.075772],[138.37982,36.075604],[138.379165,36.075268],[138.37881,36.074857],[138.377614,36.074689],[138.375857,36.074876],[138.375297,36.074876],[138.374829,36.074745],[138.374512,36.074297],[138.374157,36.07355],[138.373671,36.07327],[138.372886,36.073009],[138.370605,36.071926],[138.369989,36.071571],[138.369727,36.071142],[138.369858,36.070713],[138.371596,36.06907],[138.372736,36.068304],[138.374287,36.067166],[138.377016,36.065579],[138.377857,36.06668],[138.378642,36.067334],[138.379184,36.067278],[138.37952,36.066848],[138.379707,36.066027],[138.379726,36.064944],[138.380044,36.064608],[138.380754,36.064683],[138.38223,36.065168],[138.383071,36.065784],[138.384043,36.066157],[138.385258,36.066475],[138.388118,36.066886],[138.388884,36.067128],[138.389533,36.067568],[138.390196,36.068791],[138.391497,36.070523],[138.39216,36.070854],[138.393741,36.071211],[138.394762,36.071772],[138.395527,36.072256],[138.395935,36.072357],[138.396598,36.072154],[138.39721,36.071746],[138.397694,36.071644],[138.398868,36.071899],[138.400296,36.072357],[138.401546,36.072918],[138.401673,36.073275],[138.401597,36.073861],[138.401673,36.076128],[138.401597,36.077351],[138.401903,36.077631],[138.402336,36.077733],[138.40407,36.077605],[138.404734,36.078421],[138.406366,36.080688],[138.407539,36.081707],[138.408177,36.082599],[138.408814,36.083032],[138.409458,36.083274],[138.409586,36.084178],[138.408349,36.084166],[138.407877,36.084471],[138.407207,36.085044],[138.406799,36.085019],[138.403254,36.084153],[138.402132,36.084025],[138.401393,36.084229],[138.398358,36.084229],[138.397924,36.084382],[138.397465,36.085146],[138.397338,36.085758],[138.397516,36.086293],[138.39823,36.087032],[138.39823,36.087235],[138.397542,36.087337],[138.39647,36.087133],[138.394507,36.086955],[138.390732,36.087388],[138.389967,36.08721],[138.388309,36.086242],[138.38683,36.085758],[138.386218,36.085503],[138.385886,36.084993],[138.3853,36.084586],[138.383004,36.083924],[138.381984,36.083898],[138.381296,36.083745],[138.380709,36.083389],[138.380173,36.083236],[138.379663,36.082726],[138.378898,36.082369],[138.377802,36.082497],[138.37668,36.082381]]],[[[138.013941,36.112874],[138.015762,36.113522],[138.016794,36.114071],[138.017602,36.114727],[138.018095,36.115442],[138.018327,36.116301],[138.018494,36.116685],[138.018987,36.117212],[138.019851,36.117837],[138.020427,36.118357],[138.020957,36.119005],[138.02131,36.119818],[138.021347,36.120413],[138.021227,36.12079],[138.020929,36.121008],[138.019702,36.1214],[138.019414,36.121588],[138.019303,36.121988],[138.019191,36.123035],[138.019071,36.125234],[138.019191,36.125332],[138.020688,36.125159],[138.021087,36.125189],[138.02132,36.125264],[138.02145,36.12555],[138.021487,36.126529],[138.0221,36.127064],[138.022593,36.127381],[138.022909,36.12784],[138.023355,36.128631],[138.023485,36.129105],[138.023671,36.129369],[138.023977,36.12958],[138.024423,36.1297],[138.025353,36.129716],[138.02947,36.129512],[138.030232,36.129527],[138.032318,36.129173],[138.03334,36.128917],[138.033675,36.129128],[138.034177,36.130107],[138.034325,36.131147],[138.034344,36.132322],[138.034455,36.132939],[138.035459,36.134461],[138.03637,36.136585],[138.036686,36.138016],[138.035524,36.137685],[138.034558,36.13788],[138.033814,36.137895],[138.033238,36.138001],[138.032662,36.138423],[138.03229,36.138227],[138.031751,36.138227],[138.031156,36.138634],[138.030747,36.138724],[138.030171,36.138739],[138.029428,36.138844],[138.02809,36.139417],[138.027049,36.140019],[138.026216,36.140595],[138.025376,36.141014],[138.023925,36.141624],[138.023086,36.14191],[138.022131,36.141834],[138.021273,36.141643],[138.020585,36.141129],[138.020223,36.140633],[138.019994,36.139527],[138.020891,36.138669],[138.021024,36.138212],[138.020853,36.137792],[138.020356,36.137621],[138.01965,36.137697],[138.019517,36.137354],[138.01923,36.137201],[138.018486,36.137258],[138.018104,36.137449],[138.018085,36.137792],[138.018181,36.13825],[138.017074,36.138059],[138.016635,36.138174],[138.016406,36.138059],[138.015852,36.138212],[138.01549,36.138154],[138.014363,36.137277],[138.01465,36.136763],[138.014688,36.136439],[138.014593,36.136115],[138.013314,36.134818],[138.014192,36.134875],[138.015738,36.13539],[138.016959,36.135657],[138.016425,36.134856],[138.016215,36.133789],[138.014745,36.132454],[138.014745,36.132073],[138.015833,36.131024],[138.016081,36.130204],[138.016387,36.128279],[138.016215,36.127059],[138.015661,36.126029],[138.015127,36.1254],[138.013924,36.125019],[138.014363,36.123913],[138.013695,36.123398],[138.013466,36.122731],[138.014077,36.120291],[138.014153,36.1197],[138.013886,36.119052],[138.013295,36.11848],[138.012875,36.117946],[138.013714,36.116135],[138.013562,36.113847],[138.013714,36.113142],[138.013941,36.112874]]],[[[138.018067,36.265583],[138.018165,36.265142],[138.018072,36.264705],[138.01783,36.264163],[138.017775,36.26335],[138.017812,36.26228],[138.017719,36.261286],[138.017422,36.260352],[138.017384,36.25984],[138.018091,36.258815],[138.01915,36.258032],[138.019763,36.257896],[138.020247,36.257866],[138.020786,36.258047],[138.021343,36.258439],[138.02205,36.25883],[138.022589,36.258966],[138.023109,36.258966],[138.023648,36.25868],[138.024168,36.258062],[138.024387,36.257414],[138.024712,36.257091],[138.024916,36.257038],[138.025948,36.257106],[138.026227,36.256962],[138.026357,36.256684],[138.026227,36.256345],[138.025967,36.256172],[138.025706,36.256149],[138.026115,36.2552],[138.026552,36.254628],[138.026059,36.254484],[138.025455,36.254402],[138.025796,36.253706],[138.026178,36.25239],[138.026521,36.251818],[138.026884,36.251589],[138.027552,36.251437],[138.030568,36.251513],[138.032171,36.251284],[138.034137,36.251075],[138.037019,36.251284],[138.037858,36.251265],[138.038526,36.250884],[138.039213,36.250617],[138.041007,36.250426],[138.041466,36.250179],[138.042286,36.249607],[138.043126,36.248882],[138.043832,36.248062],[138.044653,36.246785],[138.045054,36.246499],[138.045512,36.246423],[138.045855,36.246556],[138.046275,36.247376],[138.046848,36.24709],[138.047325,36.246633],[138.047936,36.245698],[138.048241,36.245031],[138.048565,36.244726],[138.049023,36.244593],[138.050703,36.244535],[138.052535,36.244383],[138.053375,36.244192],[138.054196,36.243754],[138.054577,36.243353],[138.055646,36.244116],[138.056352,36.244764],[138.057059,36.24526],[138.05744,36.245451],[138.058051,36.245565],[138.058681,36.245584],[138.059311,36.245393],[138.061467,36.244421],[138.062746,36.244002],[138.063204,36.24404],[138.063605,36.24423],[138.064101,36.24423],[138.065361,36.243716],[138.0658,36.244154],[138.06622,36.244288],[138.067937,36.244097],[138.069731,36.244002],[138.071888,36.24343],[138.072976,36.244097],[138.07372,36.242457],[138.074083,36.241809],[138.074159,36.240723],[138.074064,36.239426],[138.073797,36.238244],[138.073377,36.237005],[138.071545,36.234546],[138.071373,36.233707],[138.071411,36.232982],[138.071735,36.232182],[138.072251,36.231171],[138.07248,36.230504],[138.072327,36.22997],[138.071583,36.229474],[138.071869,36.228693],[138.072499,36.228292],[138.073148,36.228235],[138.074007,36.228083],[138.074598,36.227892],[138.074636,36.22772],[138.074331,36.226939],[138.074331,36.225223],[138.074007,36.224594],[138.073339,36.223545],[138.073071,36.222859],[138.073434,36.222611],[138.074655,36.222096],[138.075457,36.221601],[138.076259,36.220838],[138.076583,36.221086],[138.078568,36.219694],[138.08082,36.21998],[138.08353,36.220457],[138.085095,36.220552],[138.086126,36.220438],[138.085362,36.219999],[138.084007,36.219332],[138.082786,36.21855],[138.082442,36.218074],[138.082557,36.217445],[138.082824,36.217387],[138.083874,36.217483],[138.085019,36.217502],[138.08584,36.217349],[138.08584,36.216796],[138.085477,36.216205],[138.084943,36.216015],[138.084752,36.215748],[138.084828,36.215366],[138.085267,36.215366],[138.085649,36.214814],[138.086088,36.214623],[138.087157,36.214413],[138.087615,36.214413],[138.088168,36.214146],[138.088779,36.214032],[138.089351,36.213994],[138.08958,36.213422],[138.089848,36.213174],[138.090363,36.213041],[138.09063,36.213022],[138.090955,36.212697],[138.091298,36.212259],[138.091623,36.212106],[138.092042,36.212202],[138.093722,36.212087],[138.094791,36.212335],[138.096337,36.21285],[138.096986,36.212945],[138.097673,36.212793],[138.097806,36.212564],[138.097539,36.210924],[138.096986,36.209761],[138.096699,36.208999],[138.097902,36.209723],[138.098493,36.209971],[138.099047,36.20999],[138.100784,36.209552],[138.102043,36.209456],[138.102959,36.209571],[138.104944,36.209323],[138.106013,36.209437],[138.107063,36.209399],[138.107425,36.209285],[138.107063,36.208846],[138.104925,36.207779],[138.10231,36.206196],[138.100211,36.205205],[138.100249,36.204461],[138.100555,36.203642],[138.101108,36.202898],[138.101642,36.203013],[138.102597,36.203356],[138.103971,36.204176],[138.104295,36.203489],[138.104505,36.202879],[138.105689,36.201983],[138.106395,36.201602],[138.106853,36.201087],[138.107425,36.200687],[138.108456,36.200706],[138.10941,36.200591],[138.110212,36.200229],[138.111109,36.199905],[138.113208,36.200439],[138.114411,36.200591],[138.115193,36.200458],[138.115861,36.200191],[138.116949,36.199676],[138.117884,36.199142],[138.116262,36.199066],[138.115632,36.198971],[138.114239,36.198285],[138.112159,36.19735],[138.110517,36.196512],[138.108093,36.195635],[138.107903,36.195272],[138.107731,36.194548],[138.107292,36.194281],[138.106147,36.19409],[138.105001,36.193366],[138.104353,36.192451],[138.103742,36.19144],[138.103551,36.189858],[138.10273,36.190106],[138.100917,36.190868],[138.099467,36.191364],[138.098493,36.19144],[138.097749,36.191288],[138.097138,36.190887],[138.095669,36.189477],[138.095058,36.189458],[138.092214,36.189648],[138.091661,36.189534],[138.090897,36.189648],[138.090267,36.189801],[138.089733,36.189458],[138.089218,36.188886],[138.088225,36.188676],[138.087405,36.188733],[138.086431,36.188962],[138.08542,36.189286],[138.086009,36.18858],[138.08913,36.187423],[138.089541,36.187143],[138.089111,36.186359],[138.088046,36.185388],[138.08799,36.185033],[138.08827,36.184585],[138.089261,36.1841],[138.089896,36.183278],[138.090102,36.182662],[138.088102,36.18382],[138.087504,36.183372],[138.086364,36.182924],[138.084925,36.181766],[138.084813,36.181187],[138.08513,36.180385],[138.085747,36.179619],[138.086794,36.178611],[138.087859,36.177229],[138.085766,36.175829],[138.084364,36.174802],[138.08257,36.177285],[138.081785,36.178462],[138.080944,36.18003],[138.080028,36.181505],[138.078365,36.180982],[138.078056,36.181262],[138.077346,36.181038],[138.076337,36.181747],[138.07473,36.181225],[138.072337,36.182158],[138.071926,36.182899],[138.071353,36.182366],[138.070552,36.182175],[138.069445,36.182003],[138.068357,36.182118],[138.067613,36.18227],[138.066391,36.182137],[138.064654,36.181012],[138.064044,36.180917],[138.063471,36.180917],[138.063318,36.180707],[138.062994,36.179754],[138.062383,36.179658],[138.061658,36.179811],[138.060723,36.18044],[138.060398,36.180898],[138.060017,36.180936],[138.059558,36.180669],[138.059005,36.180459],[138.057936,36.180478],[138.056925,36.180402],[138.056047,36.180402],[138.055684,36.180669],[138.055474,36.180993],[138.055837,36.182613],[138.055646,36.182823],[138.05515,36.183014],[138.054711,36.182995],[138.052802,36.182232],[138.051886,36.182156],[138.051065,36.182404],[138.050226,36.182899],[138.049672,36.182423],[138.049157,36.182156],[138.048508,36.182118],[138.047592,36.182385],[138.046905,36.182404],[138.046046,36.18269],[138.045321,36.183014],[138.044233,36.183338],[138.043698,36.182404],[138.043908,36.180021],[138.047798,36.178798],[138.048508,36.178163],[138.049928,36.177491],[138.050601,36.17596],[138.051311,36.174616],[138.051386,36.173608],[138.052096,36.173458],[138.053068,36.173496],[138.053367,36.172338],[138.054077,36.171703],[138.054339,36.170733],[138.055124,36.170023],[138.056049,36.170004],[138.057507,36.169892],[138.058105,36.1695],[138.058703,36.169015],[138.059993,36.168474],[138.060684,36.168474],[138.061488,36.168698],[138.0616,36.167241],[138.062011,36.166476],[138.062665,36.165785],[138.063656,36.164889],[138.064329,36.16474],[138.064777,36.164404],[138.065712,36.164236],[138.066571,36.163881],[138.06773,36.163489],[138.068833,36.163452],[138.069823,36.164161],[138.070515,36.16418],[138.071281,36.163862],[138.071786,36.163134],[138.072234,36.162033],[138.072664,36.161697],[138.074047,36.161193],[138.075057,36.160969],[138.076309,36.160297],[138.077225,36.160091],[138.078402,36.159587],[138.079822,36.159494],[138.080701,36.159699],[138.081654,36.160054],[138.082084,36.160446],[138.082757,36.160521],[138.083373,36.160689],[138.083691,36.160913],[138.08414,36.160875],[138.084588,36.160521],[138.085112,36.160315],[138.085953,36.160427],[138.087728,36.160297],[138.088289,36.159961],[138.088401,36.15955],[138.086569,36.158616],[138.086158,36.157291],[138.085672,36.156693],[138.084869,36.156189],[138.084308,36.155611],[138.084198,36.155084],[138.084503,36.154817],[138.084904,36.154817],[138.085229,36.155236],[138.085553,36.155256],[138.086126,36.155065],[138.086488,36.154779],[138.08666,36.153826],[138.087156,36.153425],[138.087939,36.153216],[138.088664,36.15333],[138.08937,36.152949],[138.089771,36.152815],[138.089981,36.152968],[138.089828,36.153387],[138.089885,36.153692],[138.09021,36.153845],[138.090668,36.153978],[138.091069,36.15455],[138.09166,36.15497],[138.092023,36.155065],[138.093054,36.154531],[138.093474,36.154398],[138.093703,36.154646],[138.093893,36.155084],[138.094275,36.155294],[138.096356,36.155656],[138.098264,36.156266],[138.099161,36.156361],[138.100001,36.156285],[138.101528,36.155808],[138.102463,36.155847],[138.102806,36.155313],[138.103074,36.15516],[138.103513,36.155618],[138.103837,36.156304],[138.103875,36.156647],[138.103303,36.156457],[138.103016,36.156571],[138.102997,36.156895],[138.103875,36.157562],[138.104677,36.158306],[138.104524,36.159202],[138.104639,36.159488],[138.105059,36.15966],[138.105898,36.159717],[138.106624,36.159602],[138.107349,36.159755],[138.108303,36.160136],[138.109544,36.160937],[138.110822,36.16149],[138.111968,36.161642],[138.112445,36.161509],[138.11191,36.160632],[138.111281,36.160098],[138.110727,36.159107],[138.110174,36.158554],[138.109754,36.158249],[138.110154,36.157543],[138.110651,36.156819],[138.111529,36.155999],[138.112578,36.155465],[138.113933,36.154626],[138.114239,36.154016],[138.11422,36.152834],[138.113895,36.151195],[138.113418,36.150642],[138.113304,36.15028],[138.113666,36.150146],[138.114239,36.150451],[138.114926,36.150737],[138.116014,36.150966],[138.116624,36.151252],[138.116949,36.151614],[138.116968,36.152377],[138.11714,36.15293],[138.117369,36.153368],[138.117884,36.153749],[138.118266,36.15394],[138.119201,36.15415],[138.1209,36.154245],[138.121663,36.154093],[138.12256,36.153692],[138.126358,36.15232],[138.127141,36.151538],[138.131626,36.151195],[138.132141,36.150013],[138.132542,36.148907],[138.133019,36.148659],[138.133954,36.148411],[138.13426,36.148183],[138.134317,36.147744],[138.134126,36.147287],[138.133286,36.14641],[138.133935,36.146124],[138.134374,36.145609],[138.136134,36.147098],[138.135798,36.147471],[138.135835,36.148479],[138.135611,36.148815],[138.13492,36.149188],[138.133443,36.149562],[138.132957,36.150794],[138.132845,36.15141],[138.133163,36.151709],[138.133368,36.152232],[138.133069,36.15268],[138.133051,36.153426],[138.133144,36.154565],[138.13335,36.155555],[138.13378,36.156805],[138.133593,36.157085],[138.133107,36.157291],[138.1332,36.158374],[138.133368,36.159363],[138.1332,36.159961],[138.132621,36.160726],[138.132079,36.161585],[138.132041,36.162444],[138.132378,36.163508],[138.132303,36.164236],[138.13178,36.164759],[138.130827,36.165132],[138.12978,36.165468],[138.128771,36.165953],[138.127294,36.167204],[138.126827,36.167858],[138.125967,36.167522],[138.122398,36.164833],[138.121613,36.164572],[138.121052,36.16474],[138.120454,36.165449],[138.120211,36.166271],[138.120603,36.167017],[138.121407,36.167914],[138.121837,36.168063],[138.123425,36.168063],[138.124528,36.168231],[138.125332,36.168586],[138.125575,36.169276],[138.125519,36.171237],[138.125313,36.171591],[138.124977,36.172357],[138.124734,36.173421],[138.124883,36.173962],[138.126117,36.175008],[138.126883,36.175512],[138.127462,36.175811],[138.127836,36.176109],[138.128304,36.177398],[138.128715,36.178088],[138.128603,36.178518],[138.127967,36.178798],[138.12793,36.179488],[138.127836,36.179899],[138.127238,36.180403],[138.125668,36.182251],[138.124154,36.184436],[138.123837,36.185183],[138.123762,36.185911],[138.124024,36.186919],[138.12451,36.18789],[138.125033,36.189234],[138.125089,36.1897],[138.124042,36.189514],[138.124678,36.190709],[138.124865,36.191885],[138.124958,36.192874],[138.124678,36.194386],[138.124098,36.195787],[138.124042,36.196365],[138.124061,36.197093],[138.123725,36.197448],[138.123276,36.197654],[138.122622,36.197822],[138.121837,36.197915],[138.12193,36.198531],[138.122398,36.199782],[138.122697,36.201014],[138.122734,36.202377],[138.122902,36.203348],[138.122304,36.203684],[138.122248,36.204057],[138.121687,36.20415],[138.121239,36.204113],[138.120846,36.202956],[138.120417,36.202676],[138.119856,36.202657],[138.119164,36.202937],[138.118921,36.203142],[138.119071,36.20402],[138.11894,36.204673],[138.118454,36.205719],[138.118062,36.205737],[138.117837,36.206129],[138.117239,36.205756],[138.113819,36.205327],[138.110717,36.205345],[138.110025,36.20514],[138.109464,36.204878],[138.108717,36.20443],[138.108268,36.204057],[138.107558,36.203982],[138.106717,36.20415],[138.105596,36.204804],[138.104007,36.204729],[138.103988,36.205625],[138.106287,36.206708],[138.105969,36.207361],[138.106511,36.207305],[138.106624,36.207679],[138.107409,36.207866],[138.108549,36.207866],[138.109259,36.207623],[138.10924,36.208295],[138.110193,36.208482],[138.110754,36.207156],[138.111315,36.207529],[138.111034,36.208724],[138.111838,36.20837],[138.112417,36.208818],[138.112436,36.209714],[138.114249,36.21033],[138.114997,36.210685],[138.115221,36.211207],[138.114847,36.212066],[138.116585,36.212346],[138.117165,36.213093],[138.115679,36.213233],[138.114931,36.21383],[138.114071,36.214316],[138.113249,36.214652],[138.112614,36.215175],[138.112315,36.215809],[138.112203,36.21678],[138.11138,36.217564],[138.110483,36.217975],[138.109549,36.21805],[138.108838,36.218012],[138.108166,36.2179],[138.107867,36.218423],[138.10753,36.21958],[138.106184,36.22085],[138.10368,36.222904],[138.10282,36.223389],[138.1024,36.22352],[138.10126,36.223557],[138.1004,36.224266],[138.099821,36.224322],[138.099185,36.224173],[138.098139,36.22352],[138.097503,36.22337],[138.09698,36.223482],[138.096718,36.223706],[138.096606,36.224173],[138.095989,36.224677],[138.095186,36.224696],[138.094588,36.225088],[138.09412,36.224602],[138.093653,36.224024],[138.093279,36.223706],[138.092905,36.224322],[138.092494,36.22477],[138.092102,36.224808],[138.091616,36.224528],[138.0907,36.224472],[138.089055,36.224117],[138.089149,36.224602],[138.089616,36.226227],[138.089896,36.228075],[138.088925,36.228374],[138.08728,36.228784],[138.086738,36.229382],[138.085,36.231939],[138.084776,36.232574],[138.087037,36.232705],[138.087971,36.232966],[138.088981,36.233713],[138.088719,36.234366],[138.088084,36.235524],[138.087822,36.236196],[138.088088,36.236868],[138.088439,36.237223],[138.08857,36.237689],[138.088271,36.238698],[138.08799,36.239874],[138.087504,36.24077],[138.087112,36.241367],[138.087018,36.242151],[138.08685,36.242618],[138.086532,36.242805],[138.086103,36.242711],[138.08543,36.242226],[138.085149,36.242543],[138.084776,36.243328],[138.084458,36.243496],[138.083598,36.243514],[138.082907,36.24329],[138.082196,36.242842],[138.081879,36.242357],[138.081056,36.242095],[138.079636,36.242805],[138.078701,36.243216],[138.078402,36.243626],[138.078141,36.244149],[138.078328,36.244989],[138.079281,36.246389],[138.078814,36.246688],[138.077804,36.246949],[138.077262,36.247229],[138.076795,36.24764],[138.076646,36.248219],[138.076739,36.248704],[138.077001,36.249134],[138.077561,36.249395],[138.078328,36.249488],[138.078832,36.249694],[138.078963,36.249936],[138.078739,36.250328],[138.077842,36.250683],[138.076421,36.250945],[138.075599,36.250945],[138.07502,36.250833],[138.074646,36.251038],[138.073506,36.250814],[138.073244,36.251187],[138.072833,36.251617],[138.071375,36.251523],[138.070927,36.251691],[138.070515,36.252494],[138.070272,36.253222],[138.069786,36.253484],[138.069786,36.253726],[138.070328,36.253838],[138.071169,36.253596],[138.072179,36.253166],[138.073113,36.252457],[138.073898,36.252009],[138.074777,36.251654],[138.075524,36.251766],[138.077468,36.252681],[138.078234,36.252195],[138.079673,36.251169],[138.08072,36.250291],[138.08229,36.249264],[138.08328,36.248854],[138.083729,36.249936],[138.085299,36.251299],[138.086065,36.252046],[138.086626,36.252475],[138.087056,36.252531],[138.088999,36.250907],[138.090102,36.250459],[138.091186,36.250104],[138.091579,36.249862],[138.08971,36.247902],[138.088943,36.246949],[138.088663,36.246408],[138.088738,36.246053],[138.089971,36.245997],[138.090289,36.245288],[138.090775,36.245437],[138.091541,36.246277],[138.092065,36.246296],[138.092513,36.246053],[138.092588,36.2454],[138.092812,36.244877],[138.093466,36.244485],[138.094233,36.244672],[138.094905,36.245138],[138.095167,36.245717],[138.09526,36.246557],[138.095204,36.246987],[138.095784,36.247827],[138.095765,36.24876],[138.096438,36.249414],[138.096457,36.250254],[138.096587,36.250534],[138.096774,36.250758],[138.097204,36.251019],[138.097723,36.251187],[138.098003,36.251178],[138.09848,36.250954],[138.098975,36.251075],[138.098924,36.248368],[138.099297,36.247846],[138.099335,36.247472],[138.098643,36.244802],[138.098643,36.244336],[138.098382,36.24385],[138.097896,36.243402],[138.097316,36.243048],[138.096662,36.242973],[138.096027,36.242992],[138.095709,36.242861],[138.095485,36.242562],[138.09427,36.242413],[138.094008,36.241759],[138.093429,36.241218],[138.093242,36.24077],[138.093373,36.240322],[138.093672,36.239967],[138.094233,36.239668],[138.094756,36.239668],[138.096662,36.240378],[138.097503,36.240191],[138.097933,36.240322],[138.098625,36.242431],[138.099335,36.242263],[138.099839,36.242282],[138.100251,36.242525],[138.101148,36.24189],[138.10068,36.241218],[138.100699,36.241013],[138.101036,36.240714],[138.101054,36.240397],[138.100998,36.23993],[138.101316,36.239444],[138.103764,36.237932],[138.104792,36.237409],[138.105185,36.237055],[138.105409,36.236476],[138.105951,36.235468],[138.105876,36.234852],[138.105652,36.234329],[138.105278,36.233862],[138.104699,36.233526],[138.10354,36.232985],[138.103297,36.232574],[138.103166,36.231995],[138.103278,36.231323],[138.103671,36.230651],[138.104231,36.23024],[138.105147,36.229979],[138.106399,36.230259],[138.107297,36.230726],[138.108025,36.230726],[138.108605,36.230502],[138.109016,36.230091],[138.109147,36.229344],[138.10939,36.228822],[138.109801,36.228355],[138.110642,36.227832],[138.111446,36.227571],[138.114455,36.227645],[138.114623,36.226899],[138.114941,36.226525],[138.115688,36.226395],[138.116866,36.226376],[138.117912,36.227123],[138.118566,36.227365],[138.119202,36.227347],[138.120043,36.227179],[138.12122,36.227029],[138.121949,36.227291],[138.122061,36.22772],[138.121931,36.228878],[138.122061,36.22927],[138.122398,36.229606],[138.123108,36.229606],[138.123687,36.229867],[138.124024,36.230147],[138.124024,36.230782],[138.122884,36.232574],[138.121987,36.233545],[138.121818,36.234086],[138.121818,36.234385],[138.121127,36.234404],[138.120828,36.23474],[138.120772,36.235188],[138.121295,36.235412],[138.121856,36.235823],[138.122603,36.236252],[138.122921,36.236345],[138.123164,36.236121],[138.123183,36.235449],[138.1235,36.234572],[138.12408,36.234049],[138.125407,36.233582],[138.126734,36.233321],[138.127519,36.233302],[138.128621,36.23375],[138.130004,36.23459],[138.130715,36.235188],[138.130939,36.235823],[138.131088,36.237167],[138.132565,36.237484],[138.1352,36.23838],[138.135107,36.239911],[138.134882,36.241143],[138.133855,36.243533],[138.133294,36.244242],[138.134439,36.244438],[138.134476,36.244812],[138.134699,36.245173],[138.13475,36.245631],[138.134368,36.246217],[138.133603,36.246701],[138.13271,36.247033],[138.132098,36.247466],[138.131562,36.248332],[138.131129,36.249606],[138.130848,36.251032],[138.130823,36.252179],[138.131078,36.25307],[138.130568,36.25358],[138.12965,36.254089],[138.12868,36.254548],[138.127635,36.254777],[138.126691,36.254599],[138.125492,36.254115],[138.124115,36.253351],[138.123631,36.252688],[138.123325,36.251363],[138.122636,36.25093],[138.122049,36.250956],[138.119372,36.252816],[138.118504,36.253554],[138.118275,36.254064],[138.11927,36.255287],[138.120111,36.256102],[138.12108,36.256777],[138.121361,36.257159],[138.121284,36.257363],[138.120902,36.257643],[138.119219,36.257923],[138.116286,36.258204],[138.112741,36.258407],[138.112026,36.258178],[138.111057,36.257363],[138.10968,36.256013],[138.107971,36.253796],[138.1056,36.250943],[138.104911,36.250714],[138.103942,36.250841],[138.102947,36.251172],[138.101825,36.251758],[138.100677,36.252472],[138.09981,36.253312],[138.098356,36.255325],[138.099071,36.255478],[138.099836,36.255783],[138.100677,36.256318],[138.101111,36.256955],[138.101289,36.257796],[138.101289,36.258866],[138.101417,36.260089],[138.101774,36.260904],[138.10231,36.261566],[138.101774,36.26284],[138.101391,36.264573],[138.100473,36.264573],[138.098994,36.264751],[138.097489,36.26521],[138.096189,36.265897],[138.095092,36.266738],[138.094658,36.267451],[138.095168,36.267884],[138.095117,36.268725],[138.095857,36.26977],[138.096571,36.270305],[138.097598,36.270674],[138.096935,36.271235],[138.095086,36.272572],[138.094397,36.273451],[138.093976,36.274419],[138.093938,36.275094],[138.093759,36.275336],[138.091668,36.276228],[138.091407,36.275807],[138.090973,36.275629],[138.09054,36.275782],[138.09031,36.276139],[138.089876,36.277285],[138.088984,36.278559],[138.088729,36.278788],[138.088499,36.278763],[138.088244,36.27861],[138.087581,36.277642],[138.087071,36.277438],[138.086663,36.277005],[138.086204,36.275935],[138.085974,36.275069],[138.085745,36.274636],[138.085388,36.27461],[138.084954,36.274814],[138.084291,36.275476],[138.083551,36.276011],[138.083067,36.276139],[138.08271,36.276113],[138.08248,36.275935],[138.0822,36.27489],[138.082735,36.274432],[138.082353,36.274304],[138.081868,36.274381],[138.081613,36.274814],[138.081511,36.275655],[138.081715,36.276444],[138.081588,36.276827],[138.081154,36.277005],[138.080619,36.276903],[138.080057,36.276572],[138.078935,36.27568],[138.077915,36.275272],[138.076334,36.27512],[138.074804,36.275043],[138.073911,36.274661],[138.073426,36.274177],[138.072687,36.272878],[138.0721,36.273234],[138.071437,36.273387],[138.07108,36.27382],[138.07108,36.274253],[138.071233,36.274738],[138.072457,36.276725],[138.072942,36.277897],[138.072967,36.279068],[138.072712,36.279986],[138.072432,36.280546],[138.071998,36.280622],[138.070749,36.28024],[138.069116,36.280317],[138.06932,36.279578],[138.069562,36.279144],[138.069562,36.278398],[138.068478,36.276699],[138.068646,36.275803],[138.069207,36.274346],[138.069824,36.273357],[138.070459,36.272479],[138.072908,36.269828],[138.073618,36.268932],[138.074403,36.267738],[138.074758,36.266935],[138.074702,36.266263],[138.074422,36.265142],[138.073898,36.263705],[138.073823,36.262846],[138.074216,36.262566],[138.074907,36.262379],[138.075692,36.262043],[138.076048,36.261745],[138.075524,36.261241],[138.074552,36.260662],[138.073431,36.260326],[138.072459,36.260195],[138.071861,36.259523],[138.071244,36.259243],[138.070665,36.259318],[138.069562,36.259803],[138.06859,36.260083],[138.068198,36.259878],[138.067805,36.25928],[138.067488,36.258496],[138.067114,36.258123],[138.066217,36.258403],[138.064273,36.259523],[138.063114,36.260345],[138.062348,36.261353],[138.061881,36.26251],[138.061208,36.263481],[138.060591,36.263742],[138.059993,36.26419],[138.058816,36.266095],[138.058161,36.266412],[138.057451,36.266636],[138.053115,36.267215],[138.052199,36.267476],[138.051919,36.268055],[138.05162,36.268988],[138.051097,36.270127],[138.050461,36.271023],[138.050218,36.271938],[138.050274,36.272293],[138.050686,36.272741],[138.051396,36.273189],[138.051863,36.273581],[138.051919,36.273898],[138.051807,36.27416],[138.051377,36.274514],[138.048798,36.275635],[138.048424,36.276008],[138.048088,36.276661],[138.047424,36.27724],[138.04634,36.277688],[138.04492,36.278584],[138.044097,36.279219],[138.043873,36.279667],[138.043944,36.280138],[138.041752,36.28032],[138.040359,36.279881],[138.038984,36.279824],[138.038068,36.279157],[138.037916,36.278623],[138.038126,36.278223],[138.038526,36.277803],[138.038565,36.277498],[138.038202,36.276755],[138.038145,36.276354],[138.038221,36.275954],[138.039042,36.275401],[138.039519,36.274963],[138.039557,36.274543],[138.039767,36.273876],[138.040206,36.273457],[138.040836,36.273018],[138.041447,36.272923],[138.042038,36.272713],[138.042095,36.272446],[138.041637,36.271264],[138.041958,36.271117],[138.042294,36.270669],[138.0425,36.269548],[138.043079,36.268764],[138.044163,36.26854],[138.04478,36.268186],[138.045882,36.267868],[138.046518,36.267215],[138.047209,36.267009],[138.048256,36.266897],[138.049284,36.266953],[138.049882,36.266823],[138.050461,36.266431],[138.051508,36.26546],[138.052891,36.264638],[138.054143,36.263238],[138.056517,36.261614],[138.057208,36.259056],[138.057844,36.258067],[138.058479,36.257488],[138.059395,36.256349],[138.059956,36.255229],[138.060554,36.254296],[138.0616,36.252858],[138.062684,36.251197],[138.063152,36.250188],[138.062479,36.249106],[138.061413,36.248303],[138.061339,36.247948],[138.060535,36.247257],[138.059675,36.246884],[138.05975,36.247687],[138.059731,36.248919],[138.059619,36.249908],[138.059339,36.250749],[138.058563,36.251962],[138.057816,36.252223],[138.056507,36.252447],[138.054825,36.253456],[138.054302,36.253829],[138.053667,36.254389],[138.053293,36.254986],[138.052994,36.255845],[138.052657,36.256107],[138.052022,36.25648],[138.050975,36.257451],[138.049517,36.259094],[138.047536,36.258086],[138.046901,36.258608],[138.046564,36.259504],[138.046415,36.260625],[138.045892,36.261147],[138.044471,36.261745],[138.04335,36.261931],[138.04264,36.261707],[138.04178,36.261857],[138.040588,36.262761],[138.038526,36.263448],[138.037419,36.263962],[138.036637,36.264058],[138.03658,36.263905],[138.037209,36.263181],[138.037076,36.262799],[138.036675,36.262628],[138.03595,36.263276],[138.035549,36.263467],[138.036389,36.261579],[138.035587,36.26074],[138.03469,36.259311],[138.034385,36.259444],[138.033812,36.259921],[138.033297,36.260874],[138.032591,36.261732],[138.03156,36.262552],[138.030606,36.263524],[138.030281,36.263524],[138.029957,36.26339],[138.029766,36.263047],[138.030434,36.262132],[138.030052,36.261808],[138.029155,36.261465],[138.028029,36.261293],[138.027648,36.261122],[138.027609,36.260779],[138.027838,36.260245],[138.028506,36.259101],[138.028354,36.258834],[138.027838,36.258948],[138.026579,36.260721],[138.026731,36.262132],[138.027271,36.262895],[138.02749,36.263505],[138.027404,36.263695],[138.026984,36.263638],[138.026164,36.263209],[138.025477,36.262933],[138.024427,36.262704],[138.024112,36.26278],[138.024274,36.2632],[138.024608,36.263772],[138.024899,36.264096],[138.025262,36.264001],[138.025453,36.264134],[138.02572,36.264077],[138.025968,36.264115],[138.026292,36.26402],[138.026712,36.264477],[138.026808,36.264763],[138.026426,36.265106],[138.026102,36.265221],[138.025663,36.265183],[138.025224,36.265278],[138.025033,36.265735],[138.024651,36.265888],[138.024327,36.265621],[138.02362,36.265221],[138.023124,36.265221],[138.022857,36.265602],[138.0228,36.266403],[138.022876,36.266956],[138.022571,36.267127],[138.02112,36.266803],[138.021006,36.26625],[138.019651,36.266079],[138.019288,36.265488],[138.019021,36.265964],[138.018334,36.266098],[138.017952,36.266079],[138.018067,36.265583]]],[[[138.023105,36.101436],[138.02361,36.106923],[138.02361,36.107571],[138.02374,36.108535],[138.023982,36.108882],[138.024316,36.109228],[138.025134,36.109876],[138.025376,36.110238],[138.025376,36.110659],[138.025116,36.111096],[138.024484,36.111639],[138.023677,36.112036],[138.023181,36.110797],[138.022532,36.110053],[138.021291,36.10889],[138.020528,36.108375],[138.019497,36.108128],[138.01736,36.107498],[138.01694,36.107174],[138.01694,36.106698],[138.017169,36.106545],[138.017703,36.10645],[138.018257,36.106259],[138.0186,36.105744],[138.018677,36.104829],[138.018524,36.104639],[138.016787,36.104543],[138.016482,36.104257],[138.016272,36.103895],[138.01631,36.103457],[138.016711,36.1034],[138.017799,36.103533],[138.018314,36.103762],[138.0186,36.103724],[138.018543,36.103095],[138.019135,36.102523],[138.019746,36.102198],[138.020643,36.102484],[138.02133,36.102389],[138.023105,36.101436]]],[[[138.023372,36.090722],[138.025636,36.092266],[138.026101,36.09317],[138.02651,36.093818],[138.027104,36.094209],[138.027774,36.094511],[138.028387,36.094593],[138.028108,36.095286],[138.027216,36.096823],[138.027104,36.09726],[138.027049,36.098661],[138.027086,36.099384],[138.027179,36.099745],[138.026528,36.099685],[138.025952,36.099429],[138.025599,36.099007],[138.023983,36.096269],[138.023047,36.095297],[138.020146,36.09341],[138.020108,36.093086],[138.020356,36.092819],[138.020757,36.092723],[138.021005,36.092228],[138.021311,36.09198],[138.021845,36.09198],[138.022627,36.092094],[138.022876,36.092018],[138.023047,36.091465],[138.023372,36.090722]]],[[[138.026807,36.09271],[138.027569,36.09152],[138.027997,36.090391],[138.028089,36.089764],[138.027827,36.089242],[138.027435,36.088812],[138.027454,36.088495],[138.027865,36.087823],[138.028164,36.087169],[138.028143,36.086756],[138.028907,36.086832],[138.030472,36.087709],[138.032399,36.088129],[138.032724,36.088319],[138.032743,36.088567],[138.032075,36.089425],[138.030529,36.090607],[138.029446,36.091551],[138.028759,36.092289],[138.028108,36.092876],[138.027718,36.092951],[138.027272,36.092951],[138.026807,36.09271]]],[[[138.033373,36.106088],[138.03488,36.10605],[138.035777,36.105821],[138.036636,36.105268],[138.037037,36.104696],[138.037572,36.104296],[138.038125,36.104029],[138.038659,36.103952],[138.039041,36.104086],[138.039766,36.105077],[138.040186,36.105439],[138.040625,36.105573],[138.041102,36.10563],[138.041312,36.106259],[138.04158,36.107556],[138.041732,36.107956],[138.041904,36.108032],[138.042744,36.107937],[138.04345,36.107956],[138.044194,36.10807],[138.044671,36.10767],[138.045034,36.108128],[138.045225,36.10889],[138.045358,36.109233],[138.046504,36.109252],[138.047172,36.108738],[138.047706,36.108623],[138.048374,36.108661],[138.051962,36.108395],[138.052248,36.108547],[138.052096,36.1091],[138.050802,36.109274],[138.050077,36.10959],[138.048423,36.111337],[138.047456,36.11194],[138.046564,36.112347],[138.046304,36.112859],[138.045932,36.114456],[138.045616,36.116113],[138.045412,36.116534],[138.043237,36.117348],[138.04255,36.117453],[138.042197,36.117423],[138.040765,36.116595],[138.039873,36.116218],[138.038981,36.115977],[138.038665,36.115796],[138.038498,36.11551],[138.038423,36.115179],[138.038498,36.114682],[138.038702,36.114335],[138.038962,36.114034],[138.040022,36.113567],[138.040152,36.113326],[138.039892,36.11307],[138.036862,36.111247],[138.034093,36.106682],[138.032494,36.106667],[138.033373,36.106088]]],[[[138.033793,36.171117],[138.033354,36.171213],[138.03261,36.17127],[138.032132,36.171117],[138.031503,36.170507],[138.031942,36.170202],[138.032686,36.169935],[138.033545,36.169802],[138.034518,36.169535],[138.035243,36.169173],[138.035854,36.168658],[138.036503,36.168429],[138.03761,36.168353],[138.039251,36.168334],[138.039633,36.168067],[138.03887,36.167571],[138.038545,36.167304],[138.03845,36.166961],[138.038621,36.166542],[138.039652,36.165341],[138.040129,36.164654],[138.041574,36.165026],[138.04334,36.165629],[138.045403,36.166186],[138.047559,36.166623],[138.048804,36.166758],[138.04952,36.167504],[138.050393,36.167941],[138.051304,36.169025],[138.050877,36.169372],[138.0503,36.169553],[138.049668,36.169613],[138.049315,36.169523],[138.048813,36.169312],[138.048126,36.169161],[138.047531,36.169206],[138.046267,36.169613],[138.044947,36.169914],[138.044018,36.169809],[138.042977,36.16999],[138.041844,36.170336],[138.039725,36.170683],[138.03874,36.170637],[138.037457,36.170487],[138.035506,36.170683],[138.033793,36.171117]]],[[[138.034864,36.125242],[138.035701,36.125483],[138.037671,36.126552],[138.039046,36.127697],[138.040626,36.128405],[138.040496,36.130047],[138.040106,36.130137],[138.03966,36.130137],[138.039028,36.130409],[138.038377,36.130574],[138.037708,36.13065],[138.0365,36.131026],[138.035979,36.130499],[138.035459,36.129068],[138.034827,36.126145],[138.034864,36.125242]]],[[[138.042039,36.129008],[138.042485,36.1272],[138.042949,36.127486],[138.045068,36.127592],[138.045403,36.12848],[138.045737,36.129158],[138.046425,36.129821],[138.048265,36.131282],[138.048432,36.131764],[138.048432,36.132578],[138.048135,36.133557],[138.047782,36.134144],[138.046871,36.134792],[138.046629,36.135078],[138.046629,36.135365],[138.046964,36.135847],[138.0478,36.136434],[138.048042,36.137233],[138.048302,36.137669],[138.049064,36.137986],[138.050179,36.138588],[138.051462,36.139598],[138.051443,36.137233],[138.051703,36.136841],[138.05228,36.136645],[138.052856,36.136374],[138.053413,36.13654],[138.053859,36.136585],[138.054937,36.137157],[138.055514,36.137202],[138.056369,36.137157],[138.057261,36.137293],[138.056071,36.139824],[138.055867,36.140456],[138.055123,36.141767],[138.05477,36.142821],[138.054659,36.143364],[138.05477,36.143801],[138.055328,36.144539],[138.055681,36.145202],[138.055718,36.146211],[138.055551,36.14725],[138.055179,36.148742],[138.054807,36.149766],[138.054138,36.151061],[138.053116,36.152101],[138.051945,36.152854],[138.050793,36.153713],[138.050198,36.154361],[138.049826,36.154858],[138.049826,36.155264],[138.050756,36.155777],[138.052521,36.156937],[138.054306,36.158473],[138.054473,36.158925],[138.053952,36.159799],[138.053023,36.1612],[138.052744,36.161742],[138.052744,36.162345],[138.052912,36.163022],[138.052986,36.163836],[138.052986,36.164574],[138.052707,36.164905],[138.051834,36.165297],[138.050979,36.165493],[138.050347,36.165523],[138.049678,36.165026],[138.04912,36.165011],[138.048711,36.165177],[138.047577,36.164529],[138.046871,36.164107],[138.045775,36.163309],[138.045217,36.162676],[138.044306,36.161395],[138.044009,36.160763],[138.043972,36.160356],[138.04425,36.159407],[138.044232,36.158262],[138.044139,36.15778],[138.044195,36.156921],[138.044511,36.155822],[138.044511,36.155249],[138.044399,36.154782],[138.04596,36.153924],[138.044585,36.152568],[138.043637,36.150956],[138.043154,36.150263],[138.042875,36.150007],[138.042392,36.149917],[138.042057,36.149661],[138.041927,36.149133],[138.041946,36.148711],[138.042187,36.14829],[138.042856,36.147657],[138.042429,36.146859],[138.042355,36.146482],[138.043563,36.143198],[138.042894,36.142927],[138.042838,36.14249],[138.042987,36.14124],[138.043358,36.140035],[138.043024,36.139251],[138.041444,36.136766],[138.041388,36.136404],[138.041816,36.134385],[138.041816,36.132789],[138.04176,36.131599],[138.041834,36.13074],[138.041927,36.130424],[138.042633,36.130017],[138.043024,36.129685],[138.042039,36.129008]]],[[[138.126088,36.190034],[138.126631,36.189691],[138.126818,36.188795],[138.12736,36.188123],[138.127846,36.187712],[138.128126,36.187339],[138.12807,36.187077],[138.12779,36.186853],[138.127416,36.18704],[138.127005,36.187694],[138.126612,36.187992],[138.12607,36.188011],[138.125771,36.187843],[138.125547,36.187451],[138.12521,36.187133],[138.125566,36.186536],[138.125678,36.185565],[138.125921,36.1848],[138.126332,36.184557],[138.127416,36.184408],[138.127434,36.184202],[138.127079,36.183978],[138.126631,36.183866],[138.12721,36.182634],[138.127958,36.181757],[138.128518,36.181327],[138.12893,36.181271],[138.129378,36.181085],[138.129752,36.180618],[138.130051,36.178882],[138.130387,36.178042],[138.130481,36.177276],[138.130443,36.176772],[138.129883,36.176268],[138.129416,36.175988],[138.129341,36.175559],[138.12964,36.174924],[138.129434,36.173692],[138.129247,36.171881],[138.129303,36.171134],[138.129976,36.170313],[138.130799,36.16979],[138.131714,36.169286],[138.132256,36.1688],[138.132574,36.16768],[138.13291,36.167157],[138.133808,36.166728],[138.134686,36.166467],[138.135209,36.166429],[138.135863,36.16684],[138.137676,36.1674],[138.13663,36.166373],[138.136312,36.165832],[138.136275,36.164376],[138.135938,36.163872],[138.135807,36.163536],[138.135938,36.163013],[138.13592,36.162453],[138.134836,36.162602],[138.13463,36.162397],[138.134443,36.161949],[138.133415,36.161986],[138.133621,36.160717],[138.134051,36.159765],[138.134032,36.158028],[138.134256,36.157692],[138.134798,36.15745],[138.134312,36.155639],[138.134144,36.15463],[138.134237,36.15226],[138.13435,36.151886],[138.134013,36.151251],[138.133882,36.150598],[138.134013,36.149926],[138.134649,36.149721],[138.136144,36.149067],[138.136536,36.14875],[138.137359,36.147462],[138.138274,36.146528],[138.139041,36.145912],[138.141489,36.146435],[138.143208,36.146603],[138.144236,36.146435],[138.146666,36.145221],[138.14732,36.144381],[138.148068,36.143765],[138.149413,36.143317],[138.149731,36.143261],[138.149619,36.142514],[138.149656,36.141786],[138.15018,36.140983],[138.151208,36.140162],[138.152179,36.139639],[138.152591,36.139247],[138.152834,36.138519],[138.152628,36.137586],[138.152497,36.136652],[138.153114,36.134823],[138.153343,36.134561],[138.154291,36.1343],[138.154927,36.13486],[138.155637,36.135812],[138.155955,36.135887],[138.156814,36.13514],[138.157936,36.134655],[138.158197,36.134244],[138.158216,36.132358],[138.15702,36.131089],[138.157861,36.129894],[138.159319,36.130398],[138.160123,36.130342],[138.159487,36.129987],[138.158328,36.129521],[138.15745,36.128848],[138.156571,36.127859],[138.157039,36.12771],[138.15745,36.127243],[138.158721,36.127243],[138.158384,36.126851],[138.158534,36.12616],[138.157955,36.126048],[138.15745,36.126067],[138.157188,36.125899],[138.157076,36.125619],[138.157973,36.125376],[138.158702,36.124947],[138.159524,36.12392],[138.15988,36.122893],[138.160459,36.122632],[138.160945,36.122557],[138.16272,36.122874],[138.163973,36.123602],[138.164907,36.124274],[138.165954,36.124816],[138.16801,36.125003],[138.169224,36.124555],[138.170252,36.123938],[138.170196,36.122445],[138.170944,36.120765],[138.170551,36.119663],[138.170271,36.118282],[138.170495,36.116826],[138.171486,36.115015],[138.172065,36.114137],[138.172532,36.113782],[138.174252,36.113409],[138.177242,36.112662],[138.183447,36.111281],[138.186811,36.110758],[138.188961,36.110571],[138.189278,36.111467],[138.19268,36.113241],[138.191484,36.114529],[138.189914,36.116079],[138.188923,36.117199],[138.188699,36.117946],[138.188606,36.118823],[138.188755,36.120671],[138.190007,36.123154],[138.190101,36.123546],[138.189783,36.123976],[138.190624,36.124965],[138.192829,36.126347],[138.195166,36.127672],[138.196042,36.128392],[138.196845,36.12922],[138.196935,36.129538],[138.196348,36.129869],[138.195787,36.130098],[138.195353,36.13006],[138.194831,36.129831],[138.194435,36.129933],[138.193734,36.130379],[138.193402,36.130748],[138.19302,36.131028],[138.192688,36.131105],[138.1914,36.130888],[138.191298,36.130659],[138.191286,36.130213],[138.191107,36.130035],[138.18973,36.129984],[138.189041,36.129742],[138.188735,36.129831],[138.188493,36.130111],[138.187996,36.130315],[138.187919,36.131143],[138.187473,36.132124],[138.187294,36.132328],[138.186912,36.132277],[138.185828,36.131194],[138.185981,36.130888],[138.186414,36.130468],[138.186529,36.129958],[138.18672,36.129691],[138.18732,36.12936],[138.187498,36.128888],[138.187498,36.128137],[138.187256,36.127143],[138.186759,36.126201],[138.185611,36.125029],[138.185203,36.12508],[138.184502,36.124991],[138.183367,36.124952],[138.182461,36.125182],[138.181836,36.125398],[138.180995,36.125143],[138.180459,36.125462],[138.179516,36.12615],[138.179133,36.12671],[138.179286,36.127105],[138.178597,36.12815],[138.178317,36.128837],[138.178215,36.129398],[138.177322,36.129907],[138.177195,36.130149],[138.17722,36.130544],[138.177488,36.131678],[138.177386,36.132086],[138.177016,36.132379],[138.176251,36.13271],[138.175754,36.133066],[138.175486,36.133716],[138.175256,36.134493],[138.174874,36.136811],[138.174836,36.139423],[138.174938,36.140645],[138.175142,36.141945],[138.175065,36.142747],[138.174874,36.143269],[138.174657,36.143397],[138.174428,36.143346],[138.174122,36.142811],[138.172451,36.142747],[138.171444,36.142378],[138.170781,36.14248],[138.170373,36.142773],[138.170322,36.143231],[138.1705,36.143855],[138.170793,36.144556],[138.170946,36.145639],[138.170271,36.14583],[138.169327,36.146276],[138.168791,36.146327],[138.166802,36.145983],[138.166317,36.145995],[138.165948,36.146288],[138.165884,36.146696],[138.166062,36.147129],[138.166521,36.147639],[138.166674,36.148008],[138.166623,36.148428],[138.165833,36.150135],[138.165616,36.151065],[138.165654,36.151753],[138.166078,36.152485],[138.166735,36.153243],[138.166633,36.153402],[138.165744,36.153332],[138.165221,36.153587],[138.164494,36.154326],[138.164035,36.153447],[138.163066,36.153269],[138.162607,36.152912],[138.162262,36.152339],[138.16188,36.152071],[138.158807,36.151651],[138.158296,36.151626],[138.157748,36.152275],[138.157315,36.152352],[138.153744,36.152097],[138.153553,36.152301],[138.153578,36.152619],[138.153846,36.153396],[138.151678,36.154937],[138.150352,36.156262],[138.149523,36.155995],[138.148975,36.156147],[138.148541,36.15653],[138.148363,36.156988],[138.148375,36.157523],[138.14849,36.157854],[138.148758,36.158147],[138.149217,36.158453],[138.149753,36.158912],[138.149867,36.159345],[138.149969,36.160083],[138.150837,36.161829],[138.151398,36.162746],[138.152673,36.164007],[138.153081,36.164223],[138.153642,36.165217],[138.153961,36.165421],[138.154496,36.165637],[138.154637,36.16579],[138.153744,36.166312],[138.154076,36.166605],[138.154484,36.167089],[138.154598,36.167522],[138.154509,36.167956],[138.154216,36.168312],[138.153629,36.168605],[138.1528,36.168911],[138.151831,36.169624],[138.149778,36.170567],[138.149102,36.170592],[138.148949,36.170911],[138.149039,36.171446],[138.149077,36.172134],[138.148643,36.173114],[138.149714,36.173178],[138.149651,36.173968],[138.149766,36.174337],[138.152673,36.176605],[138.153464,36.176757],[138.153986,36.176936],[138.154496,36.17728],[138.155007,36.177802],[138.157289,36.179687],[138.157812,36.179929],[138.158615,36.180158],[138.160707,36.180426],[138.161127,36.180592],[138.161255,36.180821],[138.161153,36.18105],[138.160821,36.181279],[138.158756,36.182107],[138.157621,36.182247],[138.156333,36.182489],[138.155466,36.182833],[138.154241,36.183483],[138.154025,36.183827],[138.154037,36.184286],[138.154114,36.184986],[138.15442,36.186324],[138.155007,36.187457],[138.155376,36.187865],[138.156856,36.188935],[138.156932,36.189215],[138.156805,36.18947],[138.15493,36.190272],[138.15178,36.192056],[138.15025,36.192794],[138.148325,36.193495],[138.147457,36.194005],[138.145812,36.195176],[138.14427,36.196387],[138.142943,36.197316],[138.14251,36.197826],[138.142331,36.198374],[138.142318,36.198998],[138.142382,36.199533],[138.142535,36.200081],[138.142727,36.200514],[138.143071,36.200717],[138.143708,36.200934],[138.144295,36.201049],[138.145366,36.201112],[138.146246,36.20124],[138.146973,36.201545],[138.147534,36.201928],[138.14807,36.202412],[138.148592,36.202794],[138.149039,36.202985],[138.149613,36.20315],[138.151411,36.20352],[138.152252,36.203596],[138.152775,36.203583],[138.153986,36.203851],[138.154548,36.203813],[138.154866,36.203622],[138.155262,36.203265],[138.155784,36.203087],[138.157429,36.202985],[138.157736,36.202908],[138.158322,36.202093],[138.159827,36.203469],[138.161064,36.204806],[138.161905,36.206118],[138.161995,36.206488],[138.161918,36.207736],[138.161995,36.208042],[138.162307,36.208577],[138.162996,36.20957],[138.163072,36.210182],[138.162817,36.211456],[138.162868,36.21194],[138.163174,36.213239],[138.163276,36.215022],[138.163251,36.216143],[138.162868,36.216984],[138.161542,36.218742],[138.159961,36.218894],[138.159017,36.219251],[138.157614,36.220041],[138.157104,36.220678],[138.156645,36.221544],[138.155498,36.222257],[138.154452,36.2232],[138.153967,36.223888],[138.153132,36.225773],[138.153272,36.226015],[138.153668,36.226104],[138.154554,36.22613],[138.157053,36.226537],[138.158303,36.22669],[138.159094,36.226996],[138.159833,36.227021],[138.160879,36.226919],[138.161899,36.227021],[138.16218,36.227225],[138.159145,36.228728],[138.157614,36.22934],[138.156339,36.229289],[138.155804,36.229365],[138.155243,36.2299],[138.154069,36.231403],[138.15282,36.230231],[138.15231,36.230027],[138.151698,36.230511],[138.151009,36.231301],[138.150779,36.232091],[138.150524,36.232397],[138.15004,36.232779],[138.14981,36.233467],[138.148255,36.231964],[138.145628,36.232142],[138.145271,36.231836],[138.144761,36.230537],[138.143919,36.229034],[138.142771,36.229441],[138.14142,36.229747],[138.138104,36.231913],[138.137033,36.232473],[138.135783,36.232983],[138.134859,36.233479],[138.133518,36.232107],[138.135387,36.231286],[138.13677,36.230465],[138.138714,36.229083],[138.140844,36.227664],[138.142078,36.227253],[138.14604,36.227104],[138.147423,36.22744],[138.147909,36.22744],[138.14847,36.227179],[138.149115,36.226115],[138.149376,36.225499],[138.148965,36.225368],[138.148386,36.225499],[138.147937,36.226171],[138.146816,36.226171],[138.145433,36.225984],[138.143882,36.225965],[138.143227,36.225741],[138.142536,36.225779],[138.141545,36.226096],[138.140387,36.226376],[138.139116,36.227179],[138.137957,36.227291],[138.136929,36.227459],[138.134574,36.228635],[138.133621,36.229232],[138.132948,36.229158],[138.132518,36.228971],[138.132182,36.228728],[138.131976,36.228355],[138.131883,36.227907],[138.131677,36.227646],[138.131322,36.227814],[138.131229,36.228766],[138.13078,36.228934],[138.130406,36.228878],[138.130219,36.22871],[138.129883,36.227776],[138.129565,36.227272],[138.129061,36.227085],[138.129397,36.226339],[138.129584,36.225368],[138.12992,36.224229],[138.129117,36.22393],[138.127958,36.2238],[138.12579,36.223053],[138.125435,36.222343],[138.124781,36.221765],[138.124257,36.220701],[138.123996,36.219655],[138.123659,36.21902],[138.124313,36.21874],[138.12551,36.218722],[138.125753,36.21734],[138.126164,36.216108],[138.12665,36.215865],[138.128444,36.215249],[138.129509,36.215025],[138.130126,36.214689],[138.130799,36.214073],[138.131322,36.213457],[138.13149,36.213009],[138.131378,36.212523],[138.130761,36.211347],[138.130107,36.209294],[138.129902,36.208435],[138.12949,36.207912],[138.12893,36.207445],[138.128986,36.206885],[138.129322,36.206251],[138.129322,36.205747],[138.129173,36.20528],[138.129378,36.204776],[138.130051,36.204328],[138.131453,36.203973],[138.132873,36.203973],[138.134443,36.203805],[138.135079,36.203581],[138.13577,36.203133],[138.136387,36.202479],[138.136705,36.202031],[138.136929,36.201042],[138.136929,36.200258],[138.136723,36.199772],[138.136237,36.19938],[138.135938,36.19981],[138.135677,36.200426],[138.135322,36.200426],[138.134985,36.200314],[138.134742,36.200034],[138.134406,36.19981],[138.133882,36.199978],[138.133509,36.200034],[138.133266,36.199698],[138.132555,36.200146],[138.132294,36.200109],[138.132724,36.1991],[138.132686,36.198727],[138.13235,36.198727],[138.13149,36.199623],[138.131154,36.199586],[138.130855,36.199362],[138.130574,36.199007],[138.130126,36.198671],[138.129733,36.198223],[138.129154,36.198092],[138.129061,36.196132],[138.128425,36.196039],[138.128126,36.195852],[138.128089,36.195591],[138.128799,36.194937],[138.128855,36.194433],[138.128743,36.193892],[138.129135,36.193201],[138.129079,36.192716],[138.128687,36.192081],[138.1285,36.191446],[138.128481,36.190793],[138.128051,36.190531],[138.127378,36.190718],[138.126836,36.190998],[138.126463,36.191035],[138.126182,36.190886],[138.126051,36.190513],[138.126088,36.190034]]],[[[138.127967,36.080579],[138.127732,36.080312],[138.127732,36.079683],[138.127847,36.078597],[138.127789,36.077872],[138.127847,36.077434],[138.12819,36.077148],[138.12861,36.077148],[138.129831,36.077834],[138.130633,36.078063],[138.131454,36.078139],[138.132847,36.078006],[138.134107,36.07772],[138.135118,36.07772],[138.135462,36.077967],[138.133686,36.078862],[138.133106,36.079739],[138.132172,36.079739],[138.13021,36.079889],[138.128658,36.080225],[138.127967,36.080579]]],[[[138.129297,36.082676],[138.129873,36.082204],[138.130097,36.083081],[138.129297,36.082981],[138.129297,36.082676]]],[[[138.133439,36.086222],[138.135274,36.084575],[138.135293,36.082726],[138.13505,36.080411],[138.135013,36.079459],[138.135461,36.078955],[138.136912,36.077624],[138.13716,36.078196],[138.137084,36.080007],[138.137275,36.080522],[138.13779,36.081285],[138.138535,36.082085],[138.139794,36.083039],[138.140176,36.083592],[138.140386,36.084545],[138.140615,36.08506],[138.14113,36.085517],[138.141417,36.086127],[138.142123,36.087118],[138.142294,36.087767],[138.142142,36.090035],[138.142466,36.090779],[138.14302,36.091408],[138.144432,36.092628],[138.144833,36.092228],[138.145367,36.091065],[138.14594,36.090665],[138.146665,36.090588],[138.147562,36.090016],[138.148211,36.089406],[138.148039,36.088853],[138.148173,36.088567],[138.148535,36.088377],[138.150539,36.087595],[138.151246,36.087061],[138.151856,36.086527],[138.152353,36.086604],[138.152391,36.086356],[138.15262,36.086089],[138.153097,36.085975],[138.153689,36.086089],[138.154032,36.08607],[138.153879,36.08567],[138.15262,36.085155],[138.152696,36.084888],[138.15346,36.084831],[138.154242,36.085117],[138.15575,36.085784],[138.156112,36.085784],[138.156208,36.085631],[138.155826,36.085155],[138.155502,36.084621],[138.155521,36.083744],[138.154967,36.082753],[138.156742,36.082581],[138.158632,36.082848],[138.161113,36.083325],[138.164128,36.08363],[138.164224,36.084793],[138.157225,36.083996],[138.156964,36.086572],[138.161973,36.087356],[138.167804,36.087692],[138.169336,36.087916],[138.169598,36.086796],[138.168843,36.084488],[138.168881,36.084011],[138.170713,36.084278],[138.174129,36.084316],[138.176362,36.085155],[138.177889,36.085898],[138.178462,36.088015],[138.179244,36.090131],[138.179626,36.090569],[138.180924,36.090912],[138.182412,36.091465],[138.184073,36.092457],[138.185104,36.093372],[138.186077,36.094592],[138.187241,36.095812],[138.188424,36.09688],[138.189417,36.097509],[138.189341,36.096327],[138.189493,36.095698],[138.190352,36.093867],[138.190581,36.092704],[138.190428,36.092304],[138.190867,36.092075],[138.191249,36.092132],[138.191497,36.092895],[138.192776,36.093105],[138.192891,36.093543],[138.192948,36.094325],[138.19646,36.094458],[138.191998,36.098352],[138.191456,36.099435],[138.191306,36.100294],[138.190428,36.100481],[138.189512,36.100985],[138.188727,36.101563],[138.18897,36.103374],[138.188877,36.103934],[138.188353,36.10498],[138.187624,36.10554],[138.186522,36.105801],[138.185456,36.105783],[138.182634,36.104719],[138.181363,36.104625],[138.179476,36.103169],[138.176224,36.102534],[138.17499,36.101526],[138.174093,36.100387],[138.172299,36.098744],[138.174,36.102254],[138.17471,36.103449],[138.1757,36.104849],[138.176653,36.10638],[138.177457,36.107892],[138.178466,36.110301],[138.17856,36.110618],[138.178336,36.11073],[138.177999,36.110693],[138.176653,36.110338],[138.17514,36.109647],[138.173532,36.108751],[138.173028,36.110711],[138.17299,36.111906],[138.172056,36.112205],[138.170897,36.113064],[138.170355,36.113568],[138.168467,36.113474],[138.162917,36.113381],[138.163683,36.112858],[138.164842,36.112392],[138.167122,36.11129],[138.166841,36.111122],[138.162412,36.113232],[138.158917,36.113269],[138.157683,36.114669],[138.157366,36.118235],[138.158039,36.11915],[138.158431,36.119915],[138.158506,36.120867],[138.158225,36.122081],[138.157983,36.122454],[138.156357,36.123593],[138.15488,36.125031],[138.153721,36.126337],[138.15331,36.126356],[138.152918,36.126524],[138.152806,36.126935],[138.152992,36.127458],[138.153534,36.128391],[138.153553,36.128783],[138.153067,36.129306],[138.151815,36.130202],[138.151722,36.13065],[138.151796,36.131061],[138.150619,36.131079],[138.150656,36.131733],[138.151011,36.132685],[138.151404,36.133973],[138.151422,36.134627],[138.151086,36.135467],[138.150899,36.136381],[138.150899,36.137371],[138.15075,36.137987],[138.148974,36.139387],[138.148432,36.140022],[138.147629,36.141721],[138.146974,36.142057],[138.146339,36.142281],[138.145479,36.142094],[138.14475,36.142225],[138.144003,36.142524],[138.143405,36.143233],[138.142844,36.14411],[138.141891,36.143308],[138.140321,36.14299],[138.139536,36.142934],[138.138938,36.143158],[138.13776,36.144017],[138.136209,36.144297],[138.135499,36.144521],[138.134901,36.144932],[138.134374,36.145609],[138.131149,36.143188],[138.130729,36.142673],[138.129164,36.141281],[138.130862,36.140709],[138.131778,36.140137],[138.132141,36.139604],[138.132332,36.138822],[138.132313,36.138383],[138.131988,36.138383],[138.131798,36.138212],[138.131836,36.137964],[138.132695,36.137926],[138.133019,36.138174],[138.133496,36.138231],[138.133935,36.138116],[138.134069,36.137792],[138.133782,36.137525],[138.133248,36.137335],[138.132427,36.137259],[138.132198,36.135142],[138.133973,36.135161],[138.134851,36.135009],[138.136855,36.134227],[138.138058,36.133846],[138.139451,36.133598],[138.141569,36.133693],[138.142409,36.133522],[138.142886,36.133217],[138.143478,36.132531],[138.143993,36.131654],[138.144356,36.130872],[138.14447,36.129804],[138.143669,36.128374],[138.144699,36.12786],[138.144375,36.127192],[138.147276,36.12664],[138.148249,36.126563],[138.148898,36.126754],[138.149776,36.127307],[138.150005,36.127192],[138.149356,36.126354],[138.14865,36.125324],[138.148345,36.124638],[138.150158,36.123818],[138.150902,36.123665],[138.151666,36.123608],[138.151131,36.123189],[138.150979,36.122827],[138.151265,36.12235],[138.151837,36.121931],[138.152295,36.121492],[138.152028,36.121015],[138.151284,36.120367],[138.150062,36.119967],[138.14844,36.119624],[138.147047,36.119509],[138.147505,36.118499],[138.147906,36.117889],[138.148116,36.117088],[138.148058,36.11644],[138.147753,36.115792],[138.147295,36.115163],[138.148097,36.115067],[138.148688,36.113428],[138.149204,36.113085],[138.15033,36.112818],[138.151513,36.11276],[138.152295,36.112951],[138.152734,36.112665],[138.153173,36.111998],[138.153288,36.111521],[138.153135,36.11093],[138.152448,36.11011],[138.151513,36.109214],[138.152792,36.108776],[138.153937,36.108471],[138.155235,36.10828],[138.15638,36.107918],[138.157678,36.107804],[138.162144,36.108528],[138.161857,36.107289],[138.161915,36.106774],[138.162334,36.106069],[138.162449,36.105611],[138.162411,36.104982],[138.162144,36.103781],[138.159624,36.103247],[138.159319,36.103228],[138.160487,36.10259],[138.161178,36.102049],[138.161814,36.101265],[138.162393,36.100798],[138.163066,36.100537],[138.163776,36.100518],[138.164281,36.100219],[138.164729,36.099771],[138.161104,36.09712],[138.158992,36.095253],[138.158057,36.094899],[138.157254,36.093965],[138.156824,36.093834],[138.155216,36.095141],[138.154525,36.095813],[138.154245,36.098576],[138.154618,36.099323],[138.154151,36.099921],[138.154076,36.100313],[138.15491,36.101703],[138.154433,36.102408],[138.153727,36.102847],[138.15325,36.102828],[138.152792,36.102637],[138.151131,36.101665],[138.150196,36.10136],[138.149184,36.101284],[138.147638,36.10136],[138.146875,36.101779],[138.146245,36.101951],[138.144146,36.101512],[138.143783,36.101741],[138.142772,36.103609],[138.142314,36.104029],[138.141436,36.104124],[138.14071,36.10401],[138.140291,36.103686],[138.140023,36.102828],[138.139565,36.102237],[138.138745,36.101646],[138.137943,36.101264],[138.137313,36.100864],[138.137447,36.099835],[138.136855,36.099091],[138.13655,36.097852],[138.136225,36.096822],[138.135863,36.096041],[138.136149,36.094897],[138.136034,36.094153],[138.135634,36.0932],[138.136244,36.092113],[138.13676,36.091427],[138.136893,36.090779],[138.13676,36.089292],[138.136378,36.088892],[138.135863,36.088834],[138.135099,36.088625],[138.134126,36.088434],[138.133439,36.086222]]],[[[138.210439,36.115119],[138.209865,36.11409],[138.209416,36.112933],[138.207678,36.112634],[138.206426,36.112074],[138.202726,36.112522],[138.202445,36.111775],[138.201548,36.110879],[138.201791,36.110469],[138.20209,36.109554],[138.202408,36.109442],[138.203548,36.109199],[138.20437,36.109386],[138.204595,36.109292],[138.204389,36.108714],[138.203754,36.108191],[138.204277,36.107519],[138.206931,36.107556],[138.20794,36.107836],[138.208874,36.108378],[138.209491,36.108583],[138.210071,36.108583],[138.211042,36.108452],[138.212463,36.108508],[138.21379,36.108359],[138.214313,36.10778],[138.215715,36.106417],[138.217677,36.106492],[138.218892,36.10666],[138.220593,36.107538],[138.222761,36.108863],[138.223527,36.109143],[138.224406,36.10918],[138.225583,36.108919],[138.226405,36.1089],[138.227078,36.109106],[138.227826,36.109535],[138.228667,36.110151],[138.229788,36.110095],[138.230704,36.110207],[138.231582,36.111029],[138.232255,36.111103],[138.233022,36.111047],[138.23375,36.111271],[138.23476,36.112074],[138.235059,36.112037],[138.236311,36.112149],[138.237451,36.112504],[138.23818,36.112858],[138.238647,36.113381],[138.239451,36.11409],[138.240217,36.114483],[138.240983,36.114613],[138.2416,36.114539],[138.242871,36.113754],[138.243376,36.11353],[138.245525,36.113773],[138.24631,36.113754],[138.247001,36.113586],[138.247282,36.113605],[138.2476,36.113941],[138.247786,36.114427],[138.248422,36.115155],[138.248758,36.11536],[138.249226,36.115453],[138.249674,36.115453],[138.250272,36.114837],[138.250683,36.114202],[138.251375,36.113848],[138.251954,36.113792],[138.252328,36.113624],[138.252552,36.113194],[138.252814,36.112261],[138.253038,36.111757],[138.253244,36.111645],[138.253468,36.111831],[138.253543,36.112317],[138.253879,36.112709],[138.254328,36.112952],[138.255057,36.113176],[138.255767,36.113717],[138.25629,36.113754],[138.257187,36.113512],[138.257991,36.11312],[138.258383,36.113008],[138.25872,36.113306],[138.259019,36.113997],[138.25915,36.114987],[138.259187,36.115864],[138.259094,36.116629],[138.259636,36.118422],[138.259804,36.119318],[138.260103,36.120475],[138.260084,36.121633],[138.260234,36.122268],[138.260608,36.122865],[138.261037,36.123294],[138.261673,36.123798],[138.262626,36.124284],[138.263374,36.124564],[138.26457,36.124825],[138.265467,36.125068],[138.265953,36.125255],[138.266233,36.125721],[138.266588,36.127551],[138.266813,36.128466],[138.267205,36.1291],[138.267672,36.129511],[138.268364,36.129941],[138.269186,36.130109],[138.269952,36.130463],[138.270009,36.130911],[138.269896,36.131621],[138.269541,36.132872],[138.269373,36.134048],[138.269504,36.134963],[138.269878,36.135709],[138.269971,36.136437],[138.26984,36.137054],[138.269803,36.137763],[138.269934,36.138416],[138.270121,36.139891],[138.270214,36.141926],[138.269971,36.144148],[138.270252,36.145119],[138.270887,36.146033],[138.271878,36.14721],[138.274494,36.149655],[138.276045,36.150887],[138.276793,36.152026],[138.274365,36.152326],[138.273899,36.151549],[138.2727,36.150046],[138.271425,36.148492],[138.269767,36.146683],[138.268339,36.144925],[138.266732,36.14248],[138.2651,36.140518],[138.262167,36.136569],[138.259693,36.132315],[138.253649,36.126252],[138.251711,36.124417],[138.249594,36.12266],[138.247196,36.121156],[138.245054,36.120341],[138.244723,36.120749],[138.243881,36.121488],[138.243575,36.122481],[138.243116,36.123271],[138.243167,36.124417],[138.243473,36.12536],[138.244161,36.12643],[138.244187,36.126939],[138.243957,36.127449],[138.243192,36.128315],[138.242861,36.129028],[138.242682,36.130073],[138.242402,36.129563],[138.241841,36.127576],[138.24128,36.126812],[138.240081,36.126099],[138.238321,36.124876],[138.237148,36.124468],[138.23572,36.123449],[138.234393,36.123118],[138.231257,36.122991],[138.230874,36.122685],[138.229369,36.120469],[138.228936,36.120035],[138.22766,36.119908],[138.226946,36.119679],[138.22636,36.119144],[138.225901,36.118329],[138.225391,36.116978],[138.224243,36.115959],[138.22284,36.11517],[138.221004,36.114049],[138.220009,36.11303],[138.21802,36.112851],[138.217025,36.113081],[138.216337,36.113616],[138.214985,36.114303],[138.213914,36.11494],[138.21341,36.115412],[138.213487,36.116049],[138.212977,36.116049],[138.212033,36.115857],[138.210439,36.115119]]],[[[138.254747,36.085364],[138.254995,36.084011],[138.255205,36.080789],[138.255339,36.079702],[138.255663,36.078863],[138.255797,36.077967],[138.255759,36.076709],[138.25532,36.075146],[138.254728,36.073468],[138.254155,36.072153],[138.254652,36.071714],[138.256675,36.070818],[138.258202,36.070361],[138.259347,36.070075],[138.261019,36.071525],[138.26214,36.072029],[138.262738,36.072664],[138.263149,36.073205],[138.264121,36.073634],[138.264906,36.073765],[138.266009,36.074045],[138.267224,36.074549],[138.267934,36.074661],[138.268476,36.074979],[138.269466,36.075333],[138.27012,36.0758],[138.270662,36.076397],[138.27113,36.07707],[138.271317,36.077723],[138.271578,36.078339],[138.272494,36.079104],[138.273073,36.079665],[138.274251,36.079011],[138.275111,36.0786],[138.275914,36.078115],[138.276344,36.078078],[138.277914,36.078115],[138.279428,36.077443],[138.280269,36.077704],[138.280867,36.077704],[138.281839,36.077219],[138.283185,36.075949],[138.283988,36.075352],[138.284231,36.075707],[138.284549,36.076491],[138.285091,36.077331],[138.285801,36.07804],[138.287259,36.07748],[138.288474,36.07692],[138.288605,36.076155],[138.288567,36.075669],[138.288287,36.074885],[138.288006,36.0744],[138.288231,36.073746],[138.288997,36.073224],[138.289651,36.072944],[138.290436,36.07285],[138.291165,36.072496],[138.291501,36.072272],[138.2918,36.07188],[138.292006,36.071375],[138.291763,36.070741],[138.291744,36.069079],[138.292006,36.068351],[138.2918,36.068034],[138.291427,36.06781],[138.291632,36.066465],[138.292193,36.066017],[138.293296,36.065569],[138.295594,36.064748],[138.295725,36.064431],[138.29466,36.063553],[138.294286,36.063086],[138.294305,36.061948],[138.293968,36.06163],[138.293464,36.06206],[138.292828,36.062284],[138.291819,36.06206],[138.290735,36.062078],[138.290118,36.062209],[138.288885,36.061761],[138.284773,36.060977],[138.283054,36.060977],[138.281073,36.060902],[138.279783,36.060585],[138.278101,36.060081],[138.276101,36.059259],[138.275391,36.05883],[138.274625,36.056888],[138.273615,36.055731],[138.272625,36.054947],[138.271559,36.054312],[138.270874,36.053469],[138.270359,36.052611],[138.269786,36.051467],[138.269577,36.050705],[138.269519,36.049599],[138.269767,36.048474],[138.270111,36.04775],[138.270015,36.04735],[138.269271,36.047083],[138.26962,36.046704],[138.270845,36.045836],[138.271106,36.046237],[138.271116,36.046415],[138.271377,36.046405],[138.271798,36.04606],[138.272031,36.045948],[138.272433,36.045995],[138.272872,36.046256],[138.273928,36.046424],[138.274115,36.046629],[138.273947,36.047012],[138.273657,36.04747],[138.27377,36.047563],[138.273989,36.047498],[138.274213,36.047311],[138.27455,36.04662],[138.274643,36.045556],[138.274961,36.044884],[138.275802,36.043932],[138.276363,36.042177],[138.277054,36.041467],[138.278456,36.04031],[138.279708,36.039638],[138.280269,36.039657],[138.280755,36.038742],[138.281185,36.03876],[138.28154,36.039227],[138.282026,36.039731],[138.282624,36.040217],[138.283278,36.040627],[138.283689,36.040665],[138.28425,36.040627],[138.284866,36.040777],[138.285259,36.041113],[138.285408,36.041299],[138.28582,36.041299],[138.286511,36.040814],[138.28696,36.040665],[138.287221,36.040739],[138.287483,36.041131],[138.287558,36.041467],[138.287707,36.041691],[138.288212,36.041785],[138.290492,36.041841],[138.292006,36.042214],[138.292754,36.042326],[138.293277,36.042326],[138.293875,36.041934],[138.294361,36.041505],[138.294809,36.041262],[138.295015,36.040889],[138.295314,36.04059],[138.295837,36.040721],[138.29666,36.040795],[138.297613,36.040982],[138.298043,36.040945],[138.298267,36.040721],[138.298192,36.040273],[138.297276,36.039526],[138.298286,36.039265],[138.299314,36.039283],[138.300267,36.038984],[138.301407,36.038891],[138.303575,36.039171],[138.304678,36.038462],[138.306341,36.037491],[138.307313,36.03708],[138.308472,36.036389],[138.30935,36.035325],[138.310041,36.03512],[138.311686,36.034803],[138.31563,36.034877],[138.317386,36.034597],[138.31834,36.034355],[138.318732,36.034037],[138.318788,36.033402],[138.318452,36.031984],[138.317536,36.028847],[138.318022,36.02866],[138.319069,36.02853],[138.319461,36.028324],[138.31976,36.028026],[138.321199,36.028082],[138.322395,36.028194],[138.323274,36.028007],[138.324489,36.027914],[138.324937,36.027671],[138.324451,36.027036],[138.324227,36.026233],[138.324264,36.025263],[138.32447,36.024292],[138.325199,36.02347],[138.326881,36.02263],[138.328563,36.021958],[138.330712,36.021342],[138.332581,36.021006],[138.334955,36.020465],[138.335179,36.019475],[138.335777,36.018],[138.336244,36.017123],[138.336861,36.016115],[138.337702,36.015107],[138.338076,36.014453],[138.3383,36.013464],[138.338543,36.011391],[138.338655,36.009767],[138.338487,36.00833],[138.337048,36.008255],[138.335078,36.003234],[138.333551,35.998735],[138.33317,35.998334],[138.332864,35.997819],[138.332788,35.997324],[138.332998,35.996923],[138.333494,35.996561],[138.334334,35.996237],[138.335116,35.995837],[138.336338,35.995112],[138.337311,35.994674],[138.338571,35.993949],[138.339926,35.993053],[138.341014,35.992539],[138.341243,35.992272],[138.341014,35.991623],[138.340269,35.991433],[138.339869,35.99109],[138.339411,35.990194],[138.338838,35.98924],[138.337807,35.986571],[138.337521,35.985065],[138.336872,35.984894],[138.335994,35.984493],[138.335326,35.983921],[138.334964,35.983826],[138.334487,35.984055],[138.333914,35.984131],[138.333074,35.983902],[138.332406,35.984131],[138.331853,35.984226],[138.331452,35.984112],[138.330708,35.983635],[138.33004,35.983407],[138.328742,35.983292],[138.327959,35.983044],[138.3271,35.983063],[138.326375,35.983006],[138.32523,35.982587],[138.325955,35.982053],[138.326852,35.981767],[138.329219,35.981271],[138.329849,35.980718],[138.330402,35.97946],[138.330402,35.978736],[138.330116,35.97723],[138.330211,35.975685],[138.330708,35.974656],[138.331108,35.974065],[138.334257,35.973836],[138.334143,35.972502],[138.333933,35.971339],[138.333647,35.970309],[138.33317,35.969527],[138.332597,35.968975],[138.331853,35.968536],[138.329181,35.967735],[138.328226,35.967297],[138.32731,35.96724],[138.326375,35.967259],[138.32523,35.967068],[138.324524,35.966725],[138.323741,35.966668],[138.322386,35.966858],[138.320039,35.966687],[138.318932,35.966458],[138.317405,35.965905],[138.315935,35.964628],[138.316985,35.964609],[138.317557,35.964533],[138.318187,35.964323],[138.318531,35.963675],[138.318645,35.963026],[138.318225,35.962035],[138.318722,35.961234],[138.318855,35.960701],[138.318722,35.959938],[138.318397,35.959156],[138.317481,35.957498],[138.317271,35.956792],[138.317367,35.956373],[138.319867,35.953837],[138.321336,35.952865],[138.320936,35.952503],[138.320382,35.952503],[138.319695,35.952712],[138.318664,35.953208],[138.318206,35.95317],[138.317672,35.953056],[138.317233,35.952751],[138.318225,35.951454],[138.318779,35.950863],[138.319466,35.950272],[138.320229,35.950158],[138.321336,35.950272],[138.322653,35.950196],[138.321317,35.947393],[138.322462,35.947012],[138.32294,35.946669],[138.32313,35.946345],[138.322653,35.945983],[138.321928,35.94562],[138.321565,35.945277],[138.321145,35.943714],[138.326108,35.941159],[138.327215,35.941884],[138.327482,35.941846],[138.327635,35.941502],[138.327845,35.939939],[138.32773,35.939367],[138.326547,35.938338],[138.32607,35.937728],[138.325993,35.937384],[138.326184,35.937118],[138.326776,35.936793],[138.327444,35.936546],[138.32815,35.936584],[138.329066,35.936355],[138.330249,35.935669],[138.331185,35.935001],[138.331872,35.934277],[138.334276,35.935383],[138.334582,35.934963],[138.33462,35.934277],[138.334563,35.933247],[138.334315,35.932142],[138.334047,35.931684],[138.332463,35.930407],[138.331299,35.928577],[138.332807,35.928195],[138.334391,35.927433],[138.335097,35.927223],[138.335803,35.927128],[138.336166,35.926842],[138.337831,35.923753],[138.338212,35.923326],[138.338496,35.923632],[138.338701,35.92402],[138.338993,35.924317],[138.339371,35.924598],[138.340163,35.924882],[138.341206,35.925125],[138.341814,35.925466],[138.342032,35.925669],[138.342677,35.926949],[138.343354,35.928501],[138.343613,35.929236],[138.344049,35.930555],[138.344172,35.932057],[138.344279,35.932301],[138.344476,35.932548],[138.345322,35.93348],[138.345601,35.934094],[138.345667,35.934378],[138.345729,35.935246],[138.345646,35.937153],[138.345064,35.939233],[138.34457,35.939385],[138.34401,35.939385],[138.343169,35.939235],[138.342533,35.939347],[138.342066,35.93959],[138.341823,35.940075],[138.341337,35.941868],[138.340701,35.943268],[138.340346,35.943809],[138.339954,35.944033],[138.339505,35.944033],[138.339019,35.944332],[138.338627,35.944855],[138.338272,35.945807],[138.338216,35.946964],[138.338636,35.947674],[138.339421,35.94842],[138.340337,35.949167],[138.340524,35.949709],[138.341178,35.949727],[138.342468,35.950138],[138.343458,35.950567],[138.344168,35.950698],[138.34514,35.950511],[138.346785,35.949951],[138.347084,35.951295],[138.347346,35.95193],[138.34772,35.952528],[138.34757,35.953032],[138.34757,35.953256],[138.347794,35.95348],[138.348299,35.953573],[138.34957,35.953536],[138.350841,35.953573],[138.351943,35.954133],[138.352654,35.9546],[138.352579,35.955944],[138.352336,35.956915],[138.352317,35.957382],[138.352971,35.957568],[138.355382,35.95768],[138.356223,35.957904],[138.356728,35.95824],[138.356784,35.958931],[138.356672,35.959641],[138.356859,35.960219],[138.356616,35.960835],[138.356522,35.961283],[138.356578,35.963132],[138.356018,35.963244],[138.355737,35.963505],[138.355625,35.964289],[138.355681,35.96498],[138.356018,35.965428],[138.356097,35.965857],[138.350467,35.974464],[138.351364,35.974333],[138.351476,35.976256],[138.352373,35.976368],[138.35342,35.976368],[138.354373,35.976611],[138.355382,35.97704],[138.356018,35.977414],[138.356821,35.977675],[138.357606,35.977675],[138.358709,35.977227],[138.359531,35.976779],[138.360111,35.977134],[138.360971,35.977152],[138.361475,35.977078],[138.361587,35.976368],[138.36183,35.976013],[138.362896,35.975789],[138.363456,35.975864],[138.363961,35.976443],[138.36454,35.975995],[138.365064,35.975397],[138.365774,35.975005],[138.366372,35.97508],[138.366764,35.975379],[138.36697,35.975715],[138.3674,35.975435],[138.367867,35.97536],[138.367979,35.975565],[138.367718,35.975939],[138.367512,35.976443],[138.368521,35.977208],[138.36897,35.97775],[138.369306,35.97887],[138.369493,35.979859],[138.369493,35.980905],[138.368035,35.981764],[138.367344,35.982342],[138.366951,35.983145],[138.366708,35.984097],[138.36654,35.98518],[138.366409,35.987215],[138.365736,35.989082],[138.364727,35.991173],[138.364559,35.992106],[138.36426,35.992648],[138.363512,35.993544],[138.363027,35.994216],[138.362335,35.996307],[138.36198,35.996381],[138.361494,35.998827],[138.361232,35.999107],[138.359176,35.999593],[138.358578,35.999985],[138.358018,36.000601],[138.357513,36.001403],[138.357008,36.001945],[138.356336,36.002393],[138.355027,36.003382],[138.354579,36.003382],[138.353794,36.003252],[138.353009,36.002934],[138.351962,36.002636],[138.352093,36.003289],[138.352523,36.003774],[138.353925,36.004727],[138.355214,36.005809],[138.356167,36.006818],[138.356541,36.00749],[138.356466,36.00818],[138.355513,36.009879],[138.355457,36.01141],[138.355252,36.0124],[138.35456,36.013557],[138.35456,36.014005],[138.353869,36.014995],[138.353719,36.015797],[138.353738,36.01632],[138.353869,36.016936],[138.353084,36.018784],[138.352729,36.01899],[138.352317,36.019139],[138.351888,36.019438],[138.351794,36.019625],[138.351869,36.020073],[138.351682,36.020222],[138.351271,36.02039],[138.351028,36.020633],[138.351028,36.021174],[138.35071,36.022966],[138.350243,36.023694],[138.349009,36.024945],[138.34886,36.025263],[138.348916,36.025431],[138.351738,36.025244],[138.353925,36.025225],[138.353794,36.025711],[138.353289,36.026345],[138.352747,36.0267],[138.35114,36.026906],[138.350561,36.027092],[138.349813,36.027484],[138.348168,36.028175],[138.348467,36.029109],[138.348542,36.02993],[138.348542,36.030751],[138.348112,36.031181],[138.347365,36.031386],[138.345776,36.031386],[138.345514,36.031909],[138.34529,36.032749],[138.344281,36.032618],[138.343814,36.033066],[138.347197,36.037248],[138.342954,36.041001],[138.342505,36.041206],[138.341851,36.041169],[138.340767,36.040963],[138.340225,36.040739],[138.339496,36.040646],[138.337422,36.040963],[138.336469,36.040945],[138.335721,36.040795],[138.335441,36.041057],[138.335216,36.041617],[138.335235,36.042438],[138.334955,36.04283],[138.333198,36.043689],[138.333011,36.044025],[138.333142,36.044417],[138.333385,36.044641],[138.333815,36.044791],[138.334936,36.044641],[138.337235,36.045985],[138.337758,36.04522],[138.338207,36.045127],[138.338487,36.045425],[138.338468,36.04677],[138.338768,36.047143],[138.33959,36.047759],[138.339721,36.04817],[138.339702,36.048599],[138.339515,36.048804],[138.338637,36.048935],[138.338356,36.049327],[138.338095,36.049551],[138.337702,36.049626],[138.337235,36.049589],[138.336917,36.049477],[138.33673,36.049103],[138.336637,36.048748],[138.336282,36.048599],[138.33602,36.048674],[138.335646,36.048916],[138.335216,36.048972],[138.334824,36.048916],[138.333964,36.048655],[138.333534,36.048655],[138.333217,36.048935],[138.332563,36.049701],[138.332207,36.050298],[138.332095,36.050671],[138.332245,36.051418],[138.332936,36.052034],[138.334282,36.052426],[138.336282,36.052912],[138.337366,36.052837],[138.338151,36.052576],[138.33987,36.051792],[138.340842,36.051623],[138.342954,36.051661],[138.343552,36.051586],[138.344131,36.051269],[138.345234,36.050186],[138.345776,36.049141],[138.346449,36.04858],[138.347122,36.048487],[138.346692,36.052968],[138.34658,36.054853],[138.346262,36.055899],[138.345926,36.057672],[138.345197,36.059483],[138.344318,36.061481],[138.343776,36.06191],[138.342805,36.062022],[138.341777,36.062209],[138.341253,36.062452],[138.341066,36.0629],[138.34088,36.064132],[138.340338,36.065495],[138.33916,36.066839],[138.338581,36.067175],[138.338039,36.067287],[138.337534,36.06725],[138.336207,36.066353],[138.335441,36.066036],[138.334338,36.06598],[138.333142,36.066204],[138.332432,36.066596],[138.331834,36.067343],[138.331367,36.06837],[138.331067,36.069397],[138.330675,36.070498],[138.330002,36.071357],[138.329236,36.07188],[138.327834,36.072066],[138.326096,36.072477],[138.324956,36.072944],[138.324563,36.073896],[138.323835,36.076397],[138.323835,36.076939],[138.324657,36.078302],[138.324676,36.078675],[138.324433,36.078918],[138.32361,36.079329],[138.322657,36.079683],[138.321966,36.080038],[138.321424,36.080635],[138.321031,36.081438],[138.320975,36.082054],[138.320807,36.082857],[138.320508,36.083156],[138.319274,36.083529],[138.318676,36.08379],[138.318452,36.084145],[138.317891,36.084631],[138.317331,36.084967],[138.316826,36.085433],[138.316658,36.085695],[138.316658,36.086068],[138.316882,36.086591],[138.317405,36.086908],[138.317891,36.08702],[138.318228,36.087767],[138.318807,36.088532],[138.320115,36.089317],[138.320863,36.089541],[138.32191,36.089653],[138.322209,36.090903],[138.322414,36.092938],[138.32176,36.094227],[138.321386,36.095216],[138.321069,36.096392],[138.321069,36.097195],[138.32148,36.097718],[138.322227,36.098203],[138.323405,36.098595],[138.324078,36.098968],[138.323279,36.101423],[138.323162,36.102292],[138.323068,36.104196],[138.323143,36.104868],[138.323928,36.106287],[138.322508,36.107146],[138.324638,36.107146],[138.325704,36.108172],[138.323311,36.109666],[138.322246,36.109293],[138.320041,36.107911],[138.319237,36.107911],[138.318994,36.107687],[138.318807,36.107314],[138.318826,36.10681],[138.318639,36.105409],[138.318377,36.104588],[138.31748,36.103169],[138.312509,36.107612],[138.312696,36.107967],[138.31292,36.108116],[138.313443,36.108172],[138.313499,36.108508],[138.313836,36.108788],[138.31434,36.108975],[138.314453,36.109274],[138.314471,36.109797],[138.314602,36.110301],[138.314864,36.110543],[138.315817,36.110693],[138.315537,36.110991],[138.314509,36.111533],[138.314041,36.112168],[138.313481,36.112373],[138.31264,36.112466],[138.312098,36.112392],[138.311462,36.112205],[138.311126,36.111906],[138.310771,36.111421],[138.310042,36.111178],[138.309668,36.110786],[138.308958,36.110394],[138.308397,36.110207],[138.307519,36.110338],[138.306603,36.110693],[138.305799,36.110823],[138.304977,36.111122],[138.304416,36.111439],[138.303874,36.111925],[138.303407,36.112224],[138.302734,36.112336],[138.302248,36.112317],[138.301444,36.111906],[138.299725,36.110338],[138.299052,36.10961],[138.29823,36.108546],[138.299183,36.107836],[138.299183,36.106884],[138.299463,36.106025],[138.299613,36.104887],[138.299407,36.103785],[138.299052,36.10287],[138.297277,36.101451],[138.296193,36.101246],[138.294847,36.100462],[138.294006,36.100257],[138.293445,36.100331],[138.292604,36.100742],[138.291913,36.100817],[138.291315,36.100593],[138.291034,36.100294],[138.290399,36.100555],[138.289857,36.100649],[138.28952,36.101059],[138.289539,36.102497],[138.289334,36.10287],[138.288754,36.103449],[138.288044,36.103897],[138.287614,36.104364],[138.287483,36.104831],[138.289315,36.108471],[138.290997,36.10877],[138.293427,36.109423],[138.292829,36.111103],[138.292698,36.111794],[138.292829,36.112112],[138.293015,36.112186],[138.293651,36.111925],[138.293894,36.112242],[138.294043,36.112616],[138.294342,36.112672],[138.294604,36.112578],[138.294828,36.112354],[138.295258,36.111383],[138.297501,36.113101],[138.296025,36.116032],[138.296828,36.117059],[138.29795,36.118067],[138.299277,36.118982],[138.299127,36.120214],[138.299295,36.121017],[138.299688,36.121801],[138.300061,36.122286],[138.300772,36.122977],[138.301202,36.125871],[138.300959,36.127663],[138.30051,36.128895],[138.30122,36.134272],[138.301183,36.13584],[138.301426,36.137427],[138.301575,36.13892],[138.301856,36.139555],[138.302374,36.140047],[138.302604,36.141244],[138.301532,36.141295],[138.298957,36.142034],[138.295871,36.142722],[138.295463,36.143129],[138.294493,36.143766],[138.293754,36.144607],[138.29339,36.145868],[138.293008,36.147498],[138.292664,36.150072],[138.291733,36.150173],[138.291044,36.150479],[138.289718,36.150415],[138.288481,36.150275],[138.288379,36.14983],[138.288162,36.149779],[138.287065,36.150148],[138.286925,36.150059],[138.286849,36.148721],[138.286657,36.148161],[138.284898,36.14825],[138.284043,36.148225],[138.283342,36.148543],[138.283151,36.148543],[138.2828,36.14839],[138.282137,36.147881],[138.28127,36.147932],[138.280505,36.148441],[138.28025,36.149052],[138.280326,36.149562],[138.281238,36.151142],[138.278152,36.151893],[138.277279,36.150719],[138.276569,36.149917],[138.272756,36.146537],[138.271934,36.145436],[138.271541,36.14454],[138.271541,36.143998],[138.271803,36.142468],[138.271784,36.141366],[138.271597,36.140227],[138.271279,36.138883],[138.271279,36.138099],[138.271354,36.137427],[138.271504,36.13668],[138.271466,36.13612],[138.271354,36.135429],[138.27085,36.134664],[138.270812,36.133768],[138.270943,36.132778],[138.271354,36.131658],[138.271728,36.131135],[138.272307,36.130949],[138.273522,36.131005],[138.27455,36.131191],[138.274625,36.132144],[138.274961,36.132368],[138.275447,36.132816],[138.276157,36.133581],[138.277092,36.133712],[138.278045,36.133674],[138.278849,36.133394],[138.279522,36.133245],[138.28068,36.133245],[138.28111,36.13289],[138.281652,36.132554],[138.282119,36.132498],[138.282568,36.132741],[138.283914,36.134403],[138.28453,36.134925],[138.285072,36.136232],[138.285334,36.136232],[138.28539,36.135896],[138.285128,36.135168],[138.284474,36.134122],[138.284194,36.13345],[138.284231,36.133077],[138.284474,36.132909],[138.284792,36.132928],[138.285708,36.133488],[138.286437,36.133749],[138.286811,36.133749],[138.287128,36.133469],[138.287689,36.131434],[138.287801,36.128316],[138.287895,36.127812],[138.288156,36.127514],[138.289165,36.127066],[138.289165,36.1263],[138.289016,36.12546],[138.288773,36.125049],[138.287315,36.124022],[138.287315,36.123518],[138.287595,36.122772],[138.288007,36.121988],[138.289334,36.119915],[138.289857,36.118851],[138.28982,36.11788],[138.289464,36.116499],[138.288287,36.116555],[138.28681,36.116872],[138.285876,36.117451],[138.285278,36.118403],[138.283783,36.118496],[138.282418,36.11831],[138.281297,36.118403],[138.280755,36.118814],[138.280512,36.119673],[138.280213,36.121241],[138.278232,36.121054],[138.276045,36.120979],[138.274475,36.121035],[138.27298,36.120755],[138.271616,36.120326],[138.270793,36.119878],[138.269579,36.118907],[138.268663,36.117862],[138.268775,36.11732],[138.269223,36.116517],[138.268625,36.116368],[138.267298,36.116237],[138.265411,36.116331],[138.264159,36.115995],[138.263075,36.115827],[138.261243,36.115827],[138.260981,36.115752],[138.260813,36.115453],[138.260701,36.114352],[138.259673,36.112074],[138.259038,36.111645],[138.258327,36.111514],[138.257692,36.111738],[138.25629,36.11213],[138.255636,36.111869],[138.254963,36.111421],[138.25444,36.110879],[138.254328,36.11017],[138.254047,36.109647],[138.253225,36.109461],[138.252571,36.109778],[138.252029,36.110693],[138.251655,36.111831],[138.2513,36.112522],[138.250702,36.112709],[138.249898,36.113474],[138.249487,36.113642],[138.249169,36.11353],[138.248627,36.112896],[138.247992,36.11228],[138.2473,36.112056],[138.24631,36.112168],[138.246104,36.112074],[138.24616,36.111645],[138.246702,36.110991],[138.247319,36.110375],[138.247674,36.109722],[138.247581,36.10877],[138.247562,36.107855],[138.24773,36.107071],[138.248141,36.106212],[138.248216,36.105783],[138.247357,36.104681],[138.247132,36.104177],[138.246889,36.103038],[138.246478,36.102068],[138.246478,36.100313],[138.246216,36.098614],[138.245544,36.096019],[138.246179,36.095907],[138.247394,36.095552],[138.248665,36.094936],[138.249581,36.0946],[138.250814,36.093984],[138.252048,36.093629],[138.253318,36.093498],[138.25401,36.093498],[138.254589,36.09333],[138.255804,36.093144],[138.256589,36.093162],[138.257954,36.092789],[138.25943,36.092285],[138.260308,36.091893],[138.259897,36.090829],[138.258841,36.089447],[138.25757,36.088178],[138.256337,36.08758],[138.256038,36.086535],[138.25544,36.085863],[138.254747,36.085364]]],[[[138.329797,36.116736],[138.32875,36.115724],[138.327778,36.11494],[138.329386,36.111057],[138.329946,36.109862],[138.330245,36.10848],[138.330507,36.107771],[138.330255,36.106875],[138.330311,36.105549],[138.330628,36.104821],[138.331142,36.104336],[138.333796,36.103514],[138.33488,36.103701],[138.335329,36.103029],[138.336301,36.101909],[138.337871,36.100789],[138.336572,36.099575],[138.335936,36.099052],[138.335058,36.09894],[138.334049,36.098567],[138.333432,36.098194],[138.333133,36.097596],[138.333058,36.096924],[138.332703,36.096439],[138.331656,36.096028],[138.331114,36.095599],[138.330797,36.094833],[138.333329,36.093993],[138.335161,36.093956],[138.335609,36.09403],[138.335787,36.093825],[138.337263,36.094273],[138.337787,36.093974],[138.338198,36.094198],[138.338721,36.093881],[138.339095,36.093284],[138.339599,36.092873],[138.340777,36.092612],[138.340982,36.092294],[138.341001,36.091846],[138.340796,36.091137],[138.339917,36.090297],[138.339768,36.089905],[138.339712,36.089345],[138.339786,36.088896],[138.340104,36.088728],[138.340571,36.088784],[138.341711,36.089176],[138.343748,36.087422],[138.344646,36.086992],[138.346141,36.085909],[138.346776,36.085331],[138.348552,36.08352],[138.348271,36.082997],[138.348234,36.082306],[138.348421,36.081503],[138.346421,36.079767],[138.345636,36.080551],[138.344646,36.081429],[138.343655,36.082082],[138.343393,36.081205],[138.342197,36.080551],[138.341281,36.079861],[138.338665,36.078199],[138.337506,36.077322],[138.336497,36.076874],[138.335039,36.076575],[138.333039,36.076481],[138.33489,36.074876],[138.334777,36.07426],[138.334478,36.073308],[138.334478,36.072393],[138.335058,36.070769],[138.335712,36.069798],[138.336628,36.068995],[138.337693,36.068435],[138.339039,36.067819],[138.340366,36.067278],[138.34102,36.066718],[138.341693,36.065429],[138.342216,36.063973],[138.342534,36.063544],[138.343618,36.063226],[138.34472,36.062778],[138.345318,36.062274],[138.346818,36.058279],[138.348421,36.058279],[138.348944,36.056524],[138.349374,36.054452],[138.349617,36.05279],[138.349935,36.049841],[138.350785,36.050989],[138.353458,36.052258],[138.355551,36.053042],[138.358635,36.054816],[138.359364,36.055003],[138.360765,36.054835],[138.362503,36.054536],[138.363326,36.054256],[138.363924,36.053696],[138.364354,36.052874],[138.364634,36.051941],[138.36469,36.051418],[138.364634,36.050783],[138.364186,36.050074],[138.363737,36.049719],[138.360765,36.049495],[138.359102,36.049215],[138.355607,36.048207],[138.353766,36.047432],[138.353972,36.047059],[138.353841,36.046667],[138.354775,36.045976],[138.355878,36.044875],[138.356551,36.044352],[138.357205,36.04325],[138.357653,36.042018],[138.358121,36.041066],[138.35827,36.038564],[138.358494,36.036511],[138.360326,36.034383],[138.360905,36.033822],[138.362008,36.033524],[138.363578,36.03302],[138.362718,36.032198],[138.362382,36.031395],[138.361896,36.031041],[138.362401,36.030499],[138.362214,36.030182],[138.361746,36.030014],[138.361522,36.029809],[138.361466,36.029286],[138.361578,36.028278],[138.361933,36.027512],[138.362457,36.027307],[138.363391,36.02727],[138.363186,36.026654],[138.363709,36.026355],[138.36455,36.025589],[138.365522,36.024451],[138.366531,36.023424],[138.366961,36.022266],[138.367297,36.020455],[138.366867,36.020269],[138.367185,36.018327],[138.365167,36.017767],[138.364101,36.017692],[138.366606,36.016236],[138.367241,36.015751],[138.367335,36.015209],[138.367596,36.014537],[138.368007,36.013884],[138.368643,36.013342],[138.369147,36.013361],[138.369914,36.012764],[138.371278,36.012726],[138.372287,36.013006],[138.373259,36.012988],[138.373988,36.01267],[138.374829,36.011233],[138.375539,36.009795],[138.376642,36.008283],[138.377296,36.007088],[138.377614,36.006285],[138.377707,36.005408],[138.37752,36.004325],[138.376941,36.003485],[138.376343,36.002813],[138.376063,36.002309],[138.376848,36.001338],[138.377277,35.999882],[138.377819,35.998295],[138.378156,35.996465],[138.378231,35.995625],[138.377745,35.994823],[138.377483,35.994281],[138.377632,35.993945],[138.37866,35.993142],[138.378847,35.992788],[138.378324,35.992526],[138.378212,35.991275],[138.379277,35.991145],[138.379109,35.990566],[138.37866,35.98995],[138.378791,35.989166],[138.379371,35.988587],[138.379782,35.987355],[138.380062,35.986832],[138.379221,35.985936],[138.378773,35.985245],[138.378511,35.984984],[138.378941,35.984779],[138.379277,35.98476],[138.379427,35.984592],[138.379445,35.984032],[138.380548,35.983901],[138.381202,35.983752],[138.381389,35.98336],[138.38081,35.981586],[138.37963,35.976483],[138.378595,35.973204],[138.378377,35.971759],[138.380463,35.971717],[138.380509,35.971506],[138.381434,35.971421],[138.381772,35.97125],[138.381968,35.971079],[138.38253,35.970555],[138.38368,35.969346],[138.383869,35.969204],[138.384388,35.968955],[138.385175,35.968666],[138.385944,35.968243],[138.386428,35.968037],[138.387066,35.967821],[138.388251,35.967514],[138.388959,35.967259],[138.389575,35.966886],[138.390686,35.966339],[138.391416,35.966089],[138.392577,35.965838],[138.394748,35.965515],[138.398255,35.964317],[138.398917,35.964332],[138.400159,35.964582],[138.401217,35.964518],[138.403406,35.963651],[138.405019,35.963142],[138.407287,35.962762],[138.408291,35.962527],[138.408675,35.962368],[138.409448,35.961656],[138.410327,35.961042],[138.411018,35.960643],[138.412584,35.960102],[138.413559,35.959575],[138.414015,35.959416],[138.414325,35.959367],[138.415517,35.959374],[138.416831,35.958983],[138.417454,35.958972],[138.417963,35.959083],[138.419387,35.959798],[138.419747,35.95985],[138.421619,35.959337],[138.42273,35.959183],[138.423695,35.959108],[138.424193,35.958975],[138.425343,35.958353],[138.426828,35.957971],[138.436796,35.953728],[138.441384,35.951811],[138.441716,35.951738],[138.442064,35.951552],[138.442531,35.951421],[138.442841,35.95123],[138.443161,35.951138],[138.443588,35.950727],[138.443998,35.950547],[138.444243,35.950359],[138.444596,35.950259],[138.444735,35.950158],[138.444717,35.949805],[138.444774,35.949675],[138.44518,35.949547],[138.445411,35.949414],[138.445578,35.949183],[138.44566,35.948781],[138.445746,35.948607],[138.445856,35.948433],[138.446116,35.948184],[138.446283,35.947626],[138.446614,35.947429],[138.446718,35.947307],[138.446864,35.947221],[138.44728,35.947122],[138.447714,35.946766],[138.448241,35.946555],[138.448605,35.946173],[138.44906,35.946077],[138.449402,35.945941],[138.450039,35.945817],[138.450563,35.945412],[138.450666,35.945182],[138.451343,35.945153],[138.451706,35.945201],[138.447989,35.970547],[138.447187,35.970605],[138.446271,35.970414],[138.445279,35.970033],[138.444305,35.970052],[138.443828,35.969956],[138.442874,35.969251],[138.441328,35.968965],[138.439667,35.968889],[138.438312,35.96866],[138.437644,35.968374],[138.436137,35.968145],[138.434113,35.968107],[138.433522,35.968374],[138.432644,35.968374],[138.431823,35.968946],[138.431422,35.968965],[138.430869,35.969118],[138.430277,35.969518],[138.429972,35.969537],[138.428827,35.969232],[138.42835,35.969385],[138.427949,35.969442],[138.426995,35.969251],[138.426498,35.969556],[138.424952,35.969651],[138.423406,35.969632],[138.422128,35.969785],[138.42041,35.970185],[138.420009,35.970147],[138.418902,35.969804],[138.417776,35.969747],[138.417261,35.969861],[138.416956,35.970681],[138.416994,35.971158],[138.417414,35.971482],[138.41854,35.972149],[138.421307,35.973655],[138.422681,35.974532],[138.423464,35.975218],[138.423693,35.97579],[138.423693,35.976458],[138.423998,35.976972],[138.424552,35.977544],[138.424666,35.978002],[138.422452,35.980213],[138.420754,35.981834],[138.419055,35.983149],[138.418578,35.983626],[138.418635,35.98435],[138.41875,35.984732],[138.419017,35.98477],[138.41978,35.98435],[138.420944,35.984732],[138.42228,35.984979],[138.422681,35.98517],[138.422128,35.9862],[138.420811,35.986142],[138.420086,35.986714],[138.419608,35.986886],[138.416765,35.986562],[138.413348,35.987477],[138.41207,35.988011],[138.411001,35.988201],[138.408997,35.988659],[138.40705,35.989307],[138.406535,35.989631],[138.407432,35.989917],[138.407699,35.990146],[138.407737,35.990565],[138.407623,35.991156],[138.40726,35.991461],[138.406467,35.99165],[138.400704,35.991854],[138.400117,35.992007],[138.399632,35.998452],[138.40152,35.998783],[138.402973,35.998681],[138.40305,35.998962],[138.402336,35.999598],[138.402489,36.000083],[138.401061,36.000465],[138.400398,36.001051],[138.400831,36.001738],[138.400194,36.002885],[138.401571,36.003777],[138.401265,36.004439],[138.400525,36.005509],[138.399811,36.006095],[138.398969,36.006426],[138.398765,36.006783],[138.398918,36.007776],[138.399199,36.008923],[138.399556,36.010018],[138.399862,36.011649],[138.399837,36.012158],[138.399607,36.01282],[138.398357,36.01412],[138.399964,36.015164],[138.400704,36.01547],[138.40254,36.015317],[138.403586,36.015495],[138.404759,36.015954],[138.405702,36.016387],[138.406672,36.016616],[138.407309,36.016973],[138.405779,36.017381],[138.404555,36.017483],[138.404045,36.017839],[138.403509,36.018425],[138.402923,36.018833],[138.402106,36.018986],[138.401061,36.019495],[138.400296,36.020132],[138.399556,36.020896],[138.398765,36.021508],[138.39823,36.022094],[138.398026,36.022501],[138.398204,36.022934],[138.399174,36.024183],[138.399352,36.025023],[138.399301,36.026679],[138.399582,36.027061],[138.399888,36.027342],[138.401239,36.027596],[138.401673,36.0278],[138.401877,36.028157],[138.40203,36.029023],[138.402311,36.029685],[138.402744,36.030424],[138.403841,36.031418],[138.404478,36.033125],[138.405192,36.03422],[138.406009,36.035214],[138.406876,36.036105],[138.407488,36.036844],[138.40787,36.037634],[138.407819,36.038449],[138.407615,36.038933],[138.40708,36.03957],[138.40685,36.040105],[138.406876,36.04064],[138.407258,36.040997],[138.407513,36.04171],[138.407641,36.042525],[138.406697,36.042551],[138.40583,36.042933],[138.404784,36.044232],[138.404147,36.044691],[138.402897,36.044818],[138.401775,36.045379],[138.400576,36.045761],[138.399964,36.045684],[138.399072,36.045659],[138.398153,36.045837],[138.397235,36.045582],[138.396445,36.045684],[138.395297,36.046194],[138.394863,36.046601],[138.395016,36.047238],[138.395016,36.04813],[138.394863,36.049022],[138.394506,36.049837],[138.393945,36.050244],[138.393843,36.050652],[138.394302,36.051416],[138.394889,36.05213],[138.396292,36.051671],[138.398485,36.051136],[138.399148,36.05162],[138.400015,36.052512],[138.400627,36.052996],[138.401392,36.053378],[138.402438,36.054244],[138.406111,36.055467],[138.406927,36.055671],[138.407692,36.05641],[138.408279,36.05725],[138.408789,36.058269],[138.409018,36.059237],[138.408916,36.060842],[138.408559,36.061403],[138.407794,36.06176],[138.406799,36.061887],[138.406519,36.062091],[138.406442,36.062549],[138.406417,36.063212],[138.406162,36.063364],[138.405881,36.063364],[138.405754,36.063849],[138.405907,36.064358],[138.406085,36.064664],[138.406952,36.065224],[138.407922,36.065759],[138.409146,36.066702],[138.409834,36.06823],[138.409477,36.068791],[138.408687,36.069606],[138.407641,36.070396],[138.406723,36.07088],[138.405983,36.070549],[138.404785,36.069784],[138.403637,36.069326],[138.401903,36.069249],[138.400551,36.068995],[138.399123,36.068638],[138.397286,36.068918],[138.396343,36.06874],[138.394991,36.068944],[138.394328,36.068944],[138.392619,36.068078],[138.391063,36.067721],[138.389533,36.067568],[138.388884,36.067128],[138.388118,36.066886],[138.385258,36.066475],[138.384043,36.066157],[138.383071,36.065784],[138.38223,36.065168],[138.380754,36.064683],[138.380044,36.064608],[138.379726,36.064944],[138.379707,36.066027],[138.37952,36.066848],[138.379184,36.067278],[138.378642,36.067334],[138.377857,36.06668],[138.377016,36.065579],[138.374287,36.067166],[138.372736,36.068304],[138.371596,36.06907],[138.369858,36.070713],[138.369727,36.071142],[138.369989,36.071571],[138.371297,36.072262],[138.372886,36.073009],[138.373671,36.07327],[138.374157,36.07355],[138.374512,36.074297],[138.374829,36.074745],[138.375297,36.074876],[138.375857,36.074876],[138.377614,36.074689],[138.37881,36.074857],[138.379165,36.075268],[138.37982,36.075604],[138.380623,36.075772],[138.381464,36.076164],[138.37668,36.082381],[138.375812,36.082369],[138.37492,36.082497],[138.374231,36.082777],[138.373619,36.082752],[138.373007,36.082471],[138.372191,36.082013],[138.371808,36.082064],[138.371043,36.082319],[138.370431,36.082191],[138.369921,36.081784],[138.368926,36.08051],[138.368161,36.080128],[138.367396,36.080204],[138.364438,36.081758],[138.363462,36.082153],[138.362302,36.082408],[138.360988,36.082408],[138.359522,36.083108],[138.356869,36.084637],[138.357762,36.085452],[138.35817,36.085911],[138.358565,36.086764],[138.359012,36.088038],[138.357889,36.08749],[138.357341,36.087401],[138.35664,36.087477],[138.355301,36.087936],[138.354332,36.087961],[138.353031,36.088178],[138.352342,36.08814],[138.351156,36.087732],[138.349843,36.087656],[138.349193,36.087923],[138.348797,36.088382],[138.348606,36.089082],[138.348657,36.090394],[138.348453,36.090662],[138.346897,36.091579],[138.346234,36.092967],[138.345737,36.09377],[138.34524,36.094101],[138.344551,36.094165],[138.343799,36.094037],[138.343429,36.09442],[138.341388,36.094267],[138.34098,36.09433],[138.339246,36.095591],[138.339284,36.095923],[138.338876,36.096267],[138.338264,36.096445],[138.338328,36.095604],[138.33778,36.095961],[138.337423,36.096126],[138.336677,36.096254],[138.336702,36.097579],[138.336804,36.097986],[138.337238,36.098088],[138.338462,36.098215],[138.339457,36.098394],[138.339508,36.099133],[138.339355,36.100814],[138.339176,36.101604],[138.338538,36.103081],[138.338156,36.104279],[138.33813,36.105323],[138.338334,36.106138],[138.33836,36.109399],[138.338105,36.110011],[138.338947,36.11103],[138.339431,36.11266],[138.33961,36.11345],[138.339278,36.114265],[138.338309,36.115692],[138.337748,36.116838],[138.341114,36.117399],[138.342007,36.117424],[138.344991,36.116456],[138.346394,36.11615],[138.347184,36.116074],[138.346317,36.11694],[138.345986,36.117832],[138.345246,36.118698],[138.344812,36.119513],[138.344659,36.120201],[138.344761,36.121093],[138.344965,36.121908],[138.342364,36.122545],[138.34188,36.122035],[138.339686,36.121169],[138.338539,36.121832],[138.337773,36.120685],[138.336932,36.119641],[138.334764,36.118418],[138.333878,36.117628],[138.333342,36.117399],[138.332717,36.117412],[138.33157,36.117564],[138.330562,36.117259],[138.329797,36.116736]]],[[[138.358112,35.950718],[138.358999,35.950403],[138.359303,35.950396],[138.359562,35.950476],[138.359231,35.95095],[138.358112,35.950718]]]]}}]}
