{"type":"FeatureCollection","features":[{"type":"Feature","properties":{"potaRef":"JP-0001","nameJa":"利尻礼文サロベツ","nameEn":"Rishiri-Rebun-Sarobetsu National Park","authority":"環境省 生物多様性「見える化」マップ","boundaryStatus":"全国GIS候補・公開前検証待ち","boundarySource":"環境省 生物多様性「見える化」マップの自然公園区域を、POTA代表座標で一意に空間照合して加工","boundaryScaleNote":"区域は概要データであり、正確性は保証されない。POTA運用可否は公式情報で最終確認すること。","candidateMethod":"POTA representative point inside one public natural-park area","sourceParkKind":"国立公園","sourceName":"利尻礼文サロベツ","sourceFeatureCount":90,"cautionMeters":75},"geometry":{"type":"MultiPolygon","coordinates":[[[[141.227846,45.256112],[141.226481,45.257066],[141.223137,45.259076],[141.221731,45.25981],[141.220196,45.2604],[141.218562,45.260837],[141.206363,45.263436],[141.202685,45.254821],[141.202796,45.254737],[141.203416,45.254489],[141.204156,45.254275],[141.204458,45.254259],[141.204856,45.254337],[141.205214,45.254326],[141.205426,45.254429],[141.205542,45.254412],[141.205628,45.25448],[141.205741,45.254459],[141.205854,45.254521],[141.206066,45.254543],[141.206325,45.254504],[141.206421,45.254439],[141.20651,45.254461],[141.207285,45.25413],[141.207386,45.254149],[141.207456,45.25409],[141.208037,45.253994],[141.208307,45.253764],[141.208633,45.253257],[141.20888,45.253027],[141.209069,45.253025],[141.209171,45.25296],[141.209168,45.252909],[141.209317,45.252882],[141.209385,45.2528],[141.209555,45.252798],[141.2096,45.252687],[141.20985,45.252614],[141.209936,45.252518],[141.21005,45.252501],[141.210586,45.252218],[141.210669,45.252223],[141.210862,45.252081],[141.211135,45.251982],[141.211207,45.251904],[141.21131,45.251897],[141.21139,45.251799],[141.211604,45.251717],[141.211653,45.251641],[141.21176,45.251632],[141.211807,45.251536],[141.211878,45.251513],[141.212308,45.251434],[141.212984,45.251468],[141.21316,45.251538],[141.213157,45.251629],[141.213381,45.251696],[141.213466,45.251799],[141.213584,45.251808],[141.213656,45.25192],[141.213791,45.251981],[141.213791,45.252105],[141.21399,45.252283],[141.214246,45.252351],[141.214759,45.252284],[141.214969,45.252206],[141.215027,45.252116],[141.215211,45.252072],[141.215287,45.251976],[141.215421,45.25192],[141.21538,45.251869],[141.215495,45.251799],[141.215516,45.251608],[141.215387,45.251515],[141.215293,45.251247],[141.215425,45.251194],[141.215444,45.251104],[141.215559,45.251073],[141.227846,45.256112]],[[141.209725,45.255647],[141.209799,45.255583],[141.209783,45.255516],[141.209877,45.255445],[141.209777,45.25531],[141.209794,45.255196],[141.209663,45.255109],[141.209656,45.254986],[141.209383,45.254859],[141.209256,45.254889],[141.209148,45.254814],[141.209019,45.254846],[141.208893,45.254771],[141.208771,45.254794],[141.208609,45.254733],[141.208493,45.254782],[141.208383,45.254741],[141.208109,45.254782],[141.207885,45.254912],[141.208098,45.25509],[141.208255,45.255007],[141.208398,45.255057],[141.208341,45.255123],[141.208367,45.255194],[141.208264,45.255281],[141.208375,45.255428],[141.208485,45.255456],[141.208536,45.255351],[141.208664,45.255346],[141.208793,45.255445],[141.208863,45.25557],[141.208991,45.255607],[141.209048,45.255687],[141.209169,45.255706],[141.209299,45.255814],[141.209417,45.255748],[141.209548,45.255752],[141.209631,45.255645],[141.209725,45.255647]]],[[[141.209406,45.255776],[141.209324,45.255823],[141.209169,45.255706],[141.209048,45.255687],[141.208991,45.255607],[141.208863,45.25557],[141.208793,45.255445],[141.208664,45.255346],[141.208536,45.255351],[141.208485,45.255456],[141.208375,45.255428],[141.208264,45.255281],[141.208367,45.255194],[141.208341,45.255123],[141.208398,45.255057],[141.208255,45.255007],[141.208098,45.25509],[141.207885,45.254912],[141.208109,45.254782],[141.208383,45.254741],[141.208493,45.254782],[141.208609,45.254733],[141.208771,45.254794],[141.208893,45.254771],[141.209019,45.254846],[141.209148,45.254814],[141.209256,45.254889],[141.209383,45.254859],[141.209618,45.254955],[141.209675,45.255006],[141.209673,45.255123],[141.209794,45.255196],[141.209777,45.25531],[141.209877,45.255445],[141.209783,45.255516],[141.209777,45.255615],[141.209631,45.255645],[141.209548,45.255752],[141.209406,45.255776]]],[[[141.204156,45.254275],[141.203416,45.254489],[141.202796,45.254737],[141.202685,45.254821],[141.20243,45.254396],[141.202302,45.2543],[141.201978,45.25423],[141.202207,45.253069],[141.204103,45.253168],[141.205014,45.253039],[141.20574,45.252812],[141.209185,45.251438],[141.209925,45.252077],[141.210293,45.252046],[141.210732,45.251824],[141.211086,45.251529],[141.212128,45.250999],[141.211775,45.250623],[141.212034,45.250521],[141.211864,45.250312],[141.212743,45.249935],[141.212874,45.250053],[141.213312,45.250273],[141.213464,45.250419],[141.214882,45.250757],[141.215559,45.251073],[141.215444,45.251104],[141.215425,45.251194],[141.215293,45.251247],[141.215387,45.251515],[141.215516,45.251608],[141.215495,45.251799],[141.21538,45.251869],[141.215421,45.25192],[141.215287,45.251976],[141.215211,45.252072],[141.215027,45.252116],[141.214969,45.252206],[141.214759,45.252284],[141.214246,45.252351],[141.21399,45.252283],[141.213791,45.252105],[141.213791,45.251981],[141.213656,45.25192],[141.213584,45.251808],[141.213466,45.251799],[141.213381,45.251696],[141.213157,45.251629],[141.21316,45.251538],[141.212984,45.251468],[141.21265,45.251429],[141.212149,45.251457],[141.211807,45.251536],[141.21176,45.251632],[141.211653,45.251641],[141.211631,45.2517],[141.21139,45.251799],[141.21131,45.251897],[141.211207,45.251904],[141.211135,45.251982],[141.210862,45.252081],[141.210669,45.252223],[141.210586,45.252218],[141.21005,45.252501],[141.209936,45.252518],[141.20985,45.252614],[141.2096,45.252687],[141.209555,45.252798],[141.209385,45.2528],[141.209317,45.252882],[141.209168,45.252909],[141.209171,45.25296],[141.209069,45.253025],[141.20888,45.253027],[141.208633,45.253257],[141.208307,45.253764],[141.208037,45.253994],[141.207456,45.25409],[141.207386,45.254149],[141.207285,45.25413],[141.20651,45.254461],[141.206421,45.254439],[141.206325,45.254504],[141.206066,45.254543],[141.205854,45.254521],[141.205741,45.254459],[141.205628,45.25448],[141.205542,45.254412],[141.205426,45.254429],[141.205214,45.254326],[141.204856,45.254337],[141.204458,45.254259],[141.204156,45.254275]]],[[[141.206363,45.263436],[141.20551,45.263595],[141.203767,45.263786],[141.202004,45.263806],[141.201125,45.263751],[141.199394,45.263514],[141.197726,45.263109],[141.196926,45.262847],[141.195412,45.262209],[141.194705,45.261835],[141.19341,45.26099],[141.192293,45.260026],[141.191808,45.259506],[141.191375,45.258963],[141.190674,45.25782],[141.190732,45.257839],[141.190789,45.257971],[141.191139,45.258004],[141.191312,45.257946],[141.191521,45.257959],[141.191912,45.257757],[141.192032,45.257864],[141.192157,45.257846],[141.192298,45.257902],[141.192457,45.257816],[141.192652,45.257884],[141.192719,45.257965],[141.192854,45.257979],[141.192912,45.258093],[141.192972,45.258113],[141.193001,45.258274],[141.193078,45.258296],[141.193047,45.258396],[141.193161,45.258482],[141.193074,45.258619],[141.193164,45.258682],[141.193114,45.258812],[141.193135,45.258875],[141.193215,45.258905],[141.193173,45.259013],[141.193391,45.259073],[141.193432,45.259167],[141.193509,45.259197],[141.19407,45.259171],[141.194171,45.259021],[141.194407,45.258849],[141.19444,45.258759],[141.194632,45.258641],[141.19481,45.258611],[141.195159,45.258428],[141.1955,45.258375],[141.195617,45.258304],[141.195954,45.258347],[141.196304,45.258306],[141.196402,45.258355],[141.196543,45.258316],[141.19666,45.258361],[141.196789,45.258314],[141.196853,45.258372],[141.19694,45.258346],[141.197033,45.258431],[141.197213,45.258424],[141.197296,45.258499],[141.197658,45.258548],[141.197766,45.258658],[141.197889,45.258671],[141.197924,45.258779],[141.198093,45.258811],[141.198141,45.25896],[141.198259,45.258979],[141.198224,45.259075],[141.198331,45.259154],[141.198344,45.259338],[141.198606,45.259449],[141.198694,45.259551],[141.198781,45.259574],[141.198837,45.259674],[141.19915,45.259729],[141.199225,45.259673],[141.199262,45.259471],[141.199218,45.259227],[141.199247,45.259109],[141.199158,45.25904],[141.199244,45.258946],[141.199192,45.258821],[141.199391,45.258371],[141.199837,45.25787],[141.199988,45.257594],[141.200378,45.257082],[141.200879,45.256227],[141.201754,45.255502],[141.202685,45.254821],[141.206363,45.263436]]],[[[141.230949,45.247335],[141.230882,45.247373],[141.230694,45.247258],[141.230614,45.247309],[141.2304,45.247263],[141.230236,45.247183],[141.230232,45.247089],[141.230343,45.246972],[141.230527,45.246968],[141.230628,45.247013],[141.23063,45.247054],[141.230787,45.247031],[141.230912,45.247085],[141.231023,45.24698],[141.230862,45.246965],[141.230583,45.246834],[141.2304,45.246826],[141.230212,45.246672],[141.23004,45.246736],[141.229725,45.246637],[141.229644,45.246515],[141.229498,45.246442],[141.229599,45.246367],[141.229471,45.245286],[141.228672,45.245115],[141.228697,45.245034],[141.227852,45.24507],[141.22737,45.244899],[141.227434,45.244846],[141.228733,45.244792],[141.228743,45.244673],[141.229194,45.244686],[141.230337,45.244863],[141.230343,45.245009],[141.230816,45.24517],[141.231046,45.2455],[141.231537,45.245369],[141.231852,45.245471],[141.23193,45.245597],[141.231874,45.245658],[141.231971,45.245709],[141.231989,45.245797],[141.231878,45.245951],[141.231954,45.246],[141.232013,45.246133],[141.231971,45.246164],[141.232021,45.24621],[141.231985,45.246295],[141.232138,45.246397],[141.23209,45.246554],[141.232221,45.246626],[141.232225,45.246727],[141.231987,45.246809],[141.231847,45.246774],[141.231767,45.246851],[141.231718,45.247026],[141.23149,45.247065],[141.23154,45.247129],[141.231468,45.247209],[141.230949,45.247335]]],[[[141.211763,45.226311],[141.211725,45.227286],[141.211755,45.227597],[141.211673,45.228049],[141.211689,45.229247],[141.211802,45.229687],[141.211726,45.231356],[141.211782,45.232172],[141.212045,45.232486],[141.211836,45.233394],[141.211295,45.233791],[141.210423,45.234239],[141.209745,45.234264],[141.209785,45.234662],[141.210354,45.235367],[141.210392,45.23567],[141.204922,45.236063],[141.204014,45.235052],[141.204037,45.234936],[141.203781,45.234636],[141.203741,45.234504],[141.203754,45.234276],[141.203951,45.233873],[141.203773,45.233564],[141.203842,45.23333],[141.203798,45.233123],[141.203552,45.232611],[141.203591,45.232485],[141.204019,45.23226],[141.204064,45.232159],[141.204046,45.232096],[141.203589,45.231727],[141.20368,45.231532],[141.203913,45.231474],[141.204046,45.231376],[141.204089,45.231222],[141.204051,45.230655],[141.203694,45.230291],[141.203663,45.230192],[141.203721,45.230053],[141.204115,45.229929],[141.204243,45.229753],[141.204133,45.229466],[141.204113,45.229228],[141.204292,45.22894],[141.204018,45.228478],[141.204052,45.228235],[141.204238,45.228083],[141.204604,45.227954],[141.204666,45.227855],[141.20458,45.227738],[141.204302,45.227565],[141.204315,45.227462],[141.204546,45.227335],[141.204621,45.227182],[141.204533,45.22698],[141.204284,45.226753],[141.204155,45.226559],[141.204155,45.226394],[141.204506,45.226218],[141.205139,45.226265],[141.205438,45.225447],[141.205838,45.224763],[141.207833,45.225096],[141.209701,45.223922],[141.210653,45.225347],[141.211567,45.225376],[141.211781,45.22557],[141.211763,45.226311]]],[[[141.221416,45.231805],[141.220797,45.232675],[141.22059,45.233492],[141.220194,45.234074],[141.219155,45.234483],[141.218761,45.234856],[141.217233,45.234363],[141.216007,45.233766],[141.213915,45.233021],[141.213232,45.232839],[141.213197,45.232436],[141.213335,45.229817],[141.214408,45.229783],[141.214713,45.229847],[141.216309,45.229833],[141.216888,45.230756],[141.216875,45.229902],[141.216762,45.229089],[141.217901,45.229474],[141.218348,45.2299],[141.219173,45.231696],[141.220453,45.231387],[141.221313,45.231051],[141.223319,45.230937],[141.224872,45.230068],[141.225279,45.229984],[141.225693,45.229578],[141.226061,45.228922],[141.227944,45.228078],[141.229568,45.227584],[141.230274,45.226982],[141.231014,45.22626],[141.232008,45.22573],[141.23324,45.225178],[141.234321,45.224129],[141.234954,45.223295],[141.235334,45.221422],[141.235015,45.22132],[141.23406,45.220636],[141.233505,45.220439],[141.233213,45.220167],[141.232872,45.220147],[141.232499,45.220059],[141.232309,45.219936],[141.231793,45.219922],[141.231365,45.219838],[141.230883,45.219446],[141.230624,45.219295],[141.230438,45.219041],[141.230155,45.218323],[141.230218,45.217838],[141.230056,45.217556],[141.229888,45.217084],[141.229884,45.216588],[141.229763,45.216131],[141.2299,45.21569],[141.229852,45.215352],[141.230996,45.215158],[141.231273,45.214829],[141.231731,45.214665],[141.232375,45.214863],[141.233373,45.214624],[141.234201,45.21457],[141.235086,45.214993],[141.236021,45.215062],[141.23636,45.214814],[141.23886,45.214576],[141.23946,45.214856],[141.240429,45.214633],[141.241656,45.214672],[141.241792,45.214561],[141.242023,45.214488],[141.242134,45.214218],[141.242504,45.213669],[141.242825,45.213613],[141.243419,45.213003],[141.243396,45.212912],[141.243843,45.21265],[141.244891,45.212394],[141.246327,45.212158],[141.246725,45.212145],[141.247975,45.211826],[141.249453,45.21174],[141.250341,45.211571],[141.250383,45.211492],[141.251919,45.211251],[141.252237,45.210831],[141.252467,45.210781],[141.252681,45.210631],[141.252787,45.21047],[141.25287,45.210169],[141.252986,45.210199],[141.253525,45.210591],[141.253693,45.210567],[141.253891,45.210428],[141.254633,45.21036],[141.255169,45.210642],[141.255716,45.210796],[141.256074,45.210835],[141.256235,45.210807],[141.256399,45.210683],[141.257071,45.210369],[141.257981,45.210294],[141.258405,45.210179],[141.258628,45.210001],[141.25902,45.209813],[141.259757,45.209319],[141.260668,45.208586],[141.261523,45.208112],[141.261732,45.208093],[141.261869,45.208127],[141.262006,45.208274],[141.262581,45.208376],[141.262841,45.208374],[141.263197,45.208248],[141.263723,45.207974],[141.26413,45.207692],[141.264208,45.207452],[141.26425,45.206926],[141.264368,45.207678],[141.264441,45.20784],[141.264595,45.208003],[141.264689,45.208268],[141.265016,45.208806],[141.265261,45.209065],[141.265711,45.209701],[141.265876,45.210083],[141.265972,45.210197],[141.266401,45.210537],[141.267449,45.211137],[141.267615,45.211395],[141.267947,45.211716],[141.268242,45.211875],[141.268665,45.212247],[141.268872,45.212507],[141.269197,45.2127],[141.269634,45.213227],[141.269715,45.213388],[141.269714,45.213577],[141.269791,45.213867],[141.269684,45.21418],[141.269793,45.214508],[141.269844,45.214875],[141.270506,45.215544],[141.269991,45.215614],[141.269975,45.215768],[141.269332,45.215677],[141.268391,45.215719],[141.26774,45.21577],[141.265643,45.21609],[141.264862,45.216363],[141.264237,45.216846],[141.263755,45.217316],[141.26358,45.217811],[141.263657,45.218179],[141.263417,45.218547],[141.262715,45.219151],[141.262098,45.220042],[141.261175,45.220423],[141.260665,45.220817],[141.260478,45.221058],[141.260397,45.221409],[141.259995,45.221696],[141.259744,45.222082],[141.259648,45.222471],[141.25966,45.223238],[141.259773,45.223992],[141.259913,45.224395],[141.260121,45.224687],[141.26076,45.225274],[141.260043,45.225551],[141.259596,45.225887],[141.258679,45.227172],[141.258449,45.227429],[141.257782,45.227953],[141.257041,45.228346],[141.256701,45.228598],[141.256329,45.228234],[141.256139,45.227933],[141.255856,45.227641],[141.255602,45.227201],[141.255583,45.226783],[141.255473,45.22645],[141.254336,45.226802],[141.253196,45.228101],[141.252247,45.228685],[141.251936,45.228816],[141.251819,45.228802],[141.251557,45.228493],[141.250695,45.22796],[141.250223,45.227847],[141.249139,45.228278],[141.248675,45.22854],[141.248397,45.229014],[141.248116,45.229358],[141.246344,45.228943],[141.245577,45.228702],[141.244711,45.22822],[141.246826,45.228058],[141.247663,45.227292],[141.247908,45.226659],[141.247796,45.225568],[141.247622,45.225164],[141.247312,45.224936],[141.245514,45.224465],[141.244136,45.224434],[141.244105,45.224724],[141.243629,45.225147],[141.243187,45.225649],[141.243075,45.225988],[141.243015,45.226676],[141.243243,45.227542],[141.242701,45.228284],[141.242312,45.228638],[141.241432,45.2289],[141.241448,45.228929],[141.239976,45.229527],[141.239305,45.229656],[141.238524,45.230355],[141.238534,45.230418],[141.238273,45.230448],[141.238016,45.2304],[141.236751,45.230552],[141.235992,45.230425],[141.23516,45.230478],[141.234711,45.230367],[141.23415,45.230109],[141.233874,45.230327],[141.233965,45.230704],[141.233852,45.23098],[141.233579,45.231183],[141.233098,45.231425],[141.2323,45.232204],[141.231851,45.232521],[141.231602,45.232571],[141.230964,45.232366],[141.229864,45.232581],[141.229544,45.232935],[141.229194,45.233234],[141.228397,45.232655],[141.228736,45.231727],[141.228811,45.230855],[141.228224,45.231027],[141.227407,45.231477],[141.226664,45.231758],[141.225214,45.231981],[141.224295,45.231994],[141.222749,45.231842],[141.221414,45.231313],[141.221416,45.231805]]],[[[141.213197,45.232436],[141.213232,45.232839],[141.212058,45.232431],[141.212045,45.232486],[141.211782,45.232172],[141.211726,45.231356],[141.211802,45.229687],[141.211689,45.229247],[141.211673,45.228049],[141.211755,45.227597],[141.211725,45.227286],[141.211781,45.22557],[141.211567,45.225376],[141.210653,45.225347],[141.209701,45.223922],[141.207833,45.225096],[141.205838,45.224763],[141.205438,45.225447],[141.205139,45.226265],[141.204506,45.226218],[141.204735,45.22608],[141.2048,45.225958],[141.204617,45.225724],[141.204496,45.225439],[141.204606,45.225117],[141.204628,45.224776],[141.20472,45.22458],[141.204701,45.22415],[141.204615,45.223772],[141.204747,45.223209],[141.204679,45.222952],[141.204786,45.2229],[141.205284,45.223017],[141.20572,45.222976],[141.205939,45.223015],[141.206067,45.222919],[141.206077,45.222785],[141.206323,45.222373],[141.206547,45.222222],[141.20649,45.222093],[141.205997,45.221913],[141.205927,45.221837],[141.205939,45.221679],[141.206103,45.221481],[141.206118,45.221342],[141.206062,45.221246],[141.205778,45.221094],[141.205741,45.220504],[141.205897,45.220329],[141.20592,45.220094],[141.205567,45.21976],[141.205635,45.219544],[141.20598,45.219229],[141.206028,45.219001],[141.206121,45.21884],[141.206529,45.21871],[141.206591,45.218646],[141.206454,45.218207],[141.206512,45.218032],[141.206461,45.217842],[141.206482,45.21768],[141.206549,45.217514],[141.206569,45.217205],[141.20688,45.216991],[141.206856,45.216814],[141.206738,45.216696],[141.206827,45.216447],[141.206739,45.216266],[141.206862,45.216123],[141.207116,45.21607],[141.207298,45.21588],[141.20753,45.215793],[141.207549,45.215719],[141.207477,45.215654],[141.207518,45.215516],[141.207806,45.215352],[141.20791,45.215182],[141.208354,45.214732],[141.208441,45.214522],[141.208872,45.214353],[141.208909,45.214134],[141.209131,45.214008],[141.209228,45.21388],[141.209508,45.213793],[141.209744,45.213645],[141.210128,45.213591],[141.210468,45.213342],[141.210932,45.213266],[141.211233,45.213082],[141.211498,45.213043],[141.211782,45.212859],[141.212378,45.212826],[141.212715,45.212755],[141.213302,45.212492],[141.2135,45.212316],[141.213799,45.21188],[141.214176,45.211174],[141.214532,45.210917],[141.21494,45.210727],[141.216652,45.211364],[141.217881,45.21174],[141.220807,45.212129],[141.223661,45.212621],[141.224827,45.212567],[141.225039,45.212607],[141.225672,45.212987],[141.226094,45.213454],[141.226045,45.214027],[141.227641,45.214657],[141.228863,45.215599],[141.22944,45.215293],[141.229773,45.215429],[141.229852,45.215352],[141.2299,45.21569],[141.229763,45.216131],[141.229884,45.216588],[141.229888,45.217084],[141.230056,45.217556],[141.230218,45.217838],[141.2302,45.218114],[141.230147,45.218231],[141.230216,45.218533],[141.230438,45.219041],[141.230624,45.219295],[141.230883,45.219446],[141.231365,45.219838],[141.231793,45.219922],[141.232309,45.219936],[141.232499,45.220059],[141.232872,45.220147],[141.233213,45.220167],[141.233505,45.220439],[141.23406,45.220636],[141.235015,45.22132],[141.235334,45.221422],[141.234954,45.223295],[141.234321,45.224129],[141.23324,45.225178],[141.232008,45.22573],[141.231014,45.22626],[141.230274,45.226982],[141.229568,45.227584],[141.227944,45.228078],[141.226061,45.228922],[141.225693,45.229578],[141.225279,45.229984],[141.224872,45.230068],[141.223319,45.230937],[141.221313,45.231051],[141.220453,45.231387],[141.219173,45.231696],[141.218348,45.2299],[141.217901,45.229474],[141.216762,45.229089],[141.216875,45.229902],[141.216888,45.230756],[141.216309,45.229833],[141.214713,45.229847],[141.214408,45.229783],[141.213335,45.229817],[141.213197,45.232436]]],[[[141.245514,45.224465],[141.247312,45.224936],[141.247622,45.225164],[141.247796,45.225568],[141.247908,45.226659],[141.247663,45.227292],[141.246826,45.228058],[141.244711,45.22822],[141.244132,45.227911],[141.243243,45.227542],[141.243015,45.226676],[141.243075,45.225988],[141.243187,45.225649],[141.243629,45.225147],[141.244105,45.224724],[141.244136,45.224434],[141.245514,45.224465]]],[[[141.216626,45.165949],[141.215662,45.165977],[141.214427,45.165189],[141.213309,45.164575],[141.213029,45.164325],[141.212539,45.163548],[141.211762,45.161508],[141.214319,45.161475],[141.215085,45.160793],[141.216083,45.160551],[141.219613,45.162475],[141.219919,45.162445],[141.222499,45.16253],[141.223686,45.162462],[141.224002,45.162406],[141.224673,45.162154],[141.225162,45.162095],[141.225927,45.162098],[141.226351,45.162152],[141.22706,45.162138],[141.227934,45.161755],[141.228808,45.161609],[141.229496,45.161305],[141.230086,45.161231],[141.230624,45.161043],[141.230696,45.160987],[141.2307,45.16079],[141.230847,45.160243],[141.230752,45.159966],[141.230478,45.15935],[141.228311,45.155674],[141.228437,45.155076],[141.228654,45.154679],[141.229248,45.153955],[141.229921,45.153385],[141.230111,45.153046],[141.230204,45.152603],[141.23019,45.152465],[141.229926,45.151444],[141.230041,45.151268],[141.230248,45.151202],[141.231106,45.151148],[141.231409,45.151026],[141.231574,45.150904],[141.231773,45.150613],[141.23204,45.15048],[141.232744,45.150409],[141.233861,45.150028],[141.234063,45.150048],[141.234804,45.150317],[141.234955,45.150653],[141.234929,45.151205],[141.23499,45.151376],[141.235142,45.151545],[141.235234,45.151502],[141.236033,45.150308],[141.236414,45.149841],[141.236609,45.149665],[141.236759,45.149625],[141.237099,45.149673],[141.237369,45.149774],[141.237509,45.149948],[141.237585,45.15022],[141.237757,45.150391],[141.238038,45.150484],[141.238716,45.150407],[141.239411,45.150262],[141.240184,45.150205],[141.240909,45.150208],[141.241738,45.150287],[141.243122,45.150612],[141.244366,45.151105],[141.245337,45.151558],[141.245344,45.15174],[141.245207,45.151952],[141.244979,45.152168],[141.244826,45.152572],[141.244822,45.152902],[141.244887,45.153217],[141.245326,45.152614],[141.24593,45.152426],[141.246254,45.151852],[141.246545,45.151664],[141.246913,45.151511],[141.247152,45.150966],[141.247268,45.150562],[141.2473,45.149522],[141.247376,45.149427],[141.247522,45.148894],[141.247811,45.148668],[141.247935,45.148477],[141.247876,45.147553],[141.248185,45.147578],[141.248508,45.147428],[141.248724,45.147241],[141.249024,45.146732],[141.249344,45.146366],[141.250004,45.145735],[141.250271,45.145826],[141.250731,45.145891],[141.251188,45.146051],[141.251455,45.146297],[141.251612,45.146622],[141.251842,45.146698],[141.252126,45.147053],[141.252569,45.147226],[141.253255,45.14731],[141.253986,45.147221],[141.25413,45.147258],[141.254619,45.147571],[141.254936,45.147869],[141.255526,45.148107],[141.255796,45.148302],[141.256236,45.14834],[141.256351,45.148414],[141.256508,45.148676],[141.256707,45.14863],[141.256794,45.14855],[141.257236,45.147765],[141.257849,45.146356],[141.258105,45.146029],[141.258486,45.145846],[141.258876,45.14579],[141.260476,45.14581],[141.260802,45.145774],[141.261914,45.145309],[141.26275,45.145367],[141.264926,45.14603],[141.26639,45.146125],[141.268716,45.146367],[141.26938,45.146356],[141.269431,45.146189],[141.269517,45.14611],[141.269564,45.145943],[141.269737,45.145685],[141.270017,45.145524],[141.270128,45.145543],[141.270241,45.145799],[141.27028,45.145711],[141.270335,45.146139],[141.27045,45.146393],[141.270656,45.146653],[141.270632,45.146876],[141.270443,45.147385],[141.270591,45.147891],[141.270348,45.148985],[141.27034,45.14948],[141.269654,45.150478],[141.269628,45.150576],[141.269695,45.150717],[141.269808,45.150833],[141.271061,45.150865],[141.272438,45.151057],[141.273888,45.151553],[141.274107,45.153564],[141.273457,45.15399],[141.272821,45.154711],[141.272655,45.15477],[141.271648,45.154656],[141.270868,45.154672],[141.270692,45.154738],[141.269953,45.155577],[141.269657,45.155763],[141.269287,45.155901],[141.268974,45.155932],[141.268081,45.155825],[141.267895,45.155849],[141.267622,45.156048],[141.26758,45.156165],[141.267592,45.156398],[141.26747,45.156546],[141.267189,45.156593],[141.266929,45.156528],[141.26648,45.156507],[141.265991,45.156731],[141.265501,45.15703],[141.26508,45.157378],[141.26487,45.157646],[141.264783,45.157871],[141.264825,45.157971],[141.265101,45.158167],[141.265572,45.158324],[141.265979,45.158365],[141.266022,45.158263],[141.266192,45.158206],[141.266755,45.158164],[141.267153,45.158079],[141.267352,45.158285],[141.267672,45.158413],[141.268924,45.15856],[141.26961,45.158466],[141.270283,45.158549],[141.270874,45.158684],[141.272084,45.159065],[141.272861,45.15986],[141.27314,45.159808],[141.273757,45.160718],[141.274216,45.161081],[141.274617,45.161221],[141.275605,45.161449],[141.276167,45.161436],[141.277278,45.16121],[141.277656,45.161257],[141.277917,45.161429],[141.278107,45.161712],[141.278143,45.161821],[141.278103,45.162187],[141.277933,45.16235],[141.277173,45.162786],[141.277046,45.16296],[141.27704,45.163039],[141.277056,45.163102],[141.27722,45.163238],[141.277848,45.163478],[141.278034,45.163723],[141.278076,45.164028],[141.278025,45.164233],[141.277651,45.164667],[141.277078,45.164975],[141.274717,45.165747],[141.27302,45.16609],[141.272392,45.166313],[141.272278,45.16642],[141.272269,45.166516],[141.272331,45.166609],[141.273027,45.167015],[141.273627,45.167697],[141.274238,45.168181],[141.274689,45.168289],[141.275583,45.168374],[141.275959,45.168535],[141.276667,45.168738],[141.277015,45.168914],[141.276842,45.169287],[141.276589,45.169606],[141.275957,45.169854],[141.274977,45.170344],[141.273674,45.170674],[141.272738,45.170843],[141.27152,45.170903],[141.270249,45.171104],[141.269412,45.172446],[141.269817,45.172896],[141.271062,45.173915],[141.272973,45.174699],[141.274684,45.175625],[141.275302,45.175671],[141.275524,45.175806],[141.275878,45.175919],[141.275935,45.175995],[141.275906,45.176058],[141.273384,45.176735],[141.273471,45.176912],[141.274031,45.177344],[141.273712,45.177539],[141.272514,45.177956],[141.27099,45.178201],[141.268825,45.178227],[141.268798,45.178308],[141.270115,45.179022],[141.270489,45.179083],[141.271053,45.179323],[141.27161,45.179578],[141.272359,45.180066],[141.272765,45.180185],[141.273173,45.181651],[141.273287,45.181599],[141.275581,45.181367],[141.276177,45.181404],[141.277874,45.181165],[141.278467,45.181196],[141.279144,45.181534],[141.279315,45.182374],[141.279402,45.183321],[141.279355,45.18368],[141.279096,45.183982],[141.278564,45.184358],[141.279366,45.184957],[141.279161,45.18693],[141.278393,45.187183],[141.27737,45.187918],[141.275152,45.18872],[141.273313,45.188414],[141.271202,45.187589],[141.271146,45.187702],[141.271481,45.188531],[141.271491,45.18885],[141.271844,45.189595],[141.271816,45.190368],[141.271859,45.190736],[141.271565,45.191209],[141.271578,45.191357],[141.271518,45.191436],[141.271259,45.191397],[141.270408,45.190956],[141.26912,45.190774],[141.268982,45.190848],[141.268972,45.190933],[141.269157,45.191198],[141.26969,45.191663],[141.269703,45.191758],[141.269215,45.192445],[141.268925,45.192732],[141.268576,45.192776],[141.267936,45.192331],[141.267508,45.192131],[141.267164,45.192044],[141.266729,45.192019],[141.266562,45.192178],[141.266555,45.192272],[141.266689,45.19246],[141.266652,45.192813],[141.266457,45.193416],[141.266842,45.194009],[141.267535,45.194621],[141.267644,45.194769],[141.267672,45.194994],[141.267532,45.195123],[141.26735,45.195199],[141.267196,45.195207],[141.266104,45.194836],[141.265346,45.194504],[141.264916,45.194204],[141.264669,45.193964],[141.263914,45.193031],[141.263701,45.192861],[141.263038,45.192623],[141.262685,45.192551],[141.262495,45.192569],[141.262351,45.192694],[141.262343,45.192848],[141.262666,45.193227],[141.262828,45.193594],[141.263423,45.194144],[141.263939,45.194873],[141.266885,45.196049],[141.266752,45.196221],[141.267206,45.196479],[141.267364,45.196625],[141.267374,45.196733],[141.267314,45.196804],[141.267108,45.196826],[141.266678,45.196785],[141.265326,45.196295],[141.264945,45.196217],[141.26464,45.196219],[141.264063,45.196428],[141.263596,45.196995],[141.263401,45.197597],[141.263472,45.198335],[141.263283,45.198574],[141.26285,45.198651],[141.262551,45.198638],[141.260565,45.198285],[141.260031,45.198225],[141.259677,45.198278],[141.259569,45.19842],[141.259564,45.19855],[141.25979,45.198837],[141.261273,45.199919],[141.26139,45.20006],[141.261376,45.20016],[141.261009,45.200527],[141.260891,45.200812],[141.260865,45.201002],[141.260945,45.202315],[141.261248,45.203297],[141.261414,45.204036],[141.261414,45.20431],[141.261346,45.204467],[141.261224,45.204638],[141.261017,45.20477],[141.260714,45.204866],[141.259656,45.204928],[141.258421,45.204797],[141.257713,45.20477],[141.257117,45.204675],[141.25655,45.204418],[141.256042,45.204298],[141.255772,45.204344],[141.255251,45.204588],[141.254321,45.204661],[141.254198,45.204796],[141.254039,45.205399],[141.253838,45.205672],[141.253691,45.205765],[141.253362,45.205864],[141.252694,45.206005],[141.2523,45.20601],[141.252033,45.205891],[141.251583,45.205247],[141.251121,45.204889],[141.250813,45.204834],[141.250656,45.204867],[141.250538,45.205024],[141.250505,45.205605],[141.250547,45.206183],[141.250797,45.207256],[141.250708,45.207549],[141.250511,45.207964],[141.250101,45.208325],[141.249838,45.208437],[141.2492,45.20837],[141.249025,45.208472],[141.248899,45.209432],[141.248838,45.209569],[141.248569,45.209802],[141.248381,45.209853],[141.248238,45.209859],[141.247951,45.209724],[141.247423,45.209259],[141.247222,45.209175],[141.246826,45.209298],[141.246457,45.20934],[141.246358,45.209226],[141.246094,45.208647],[141.245904,45.20842],[141.245557,45.208211],[141.245375,45.20832],[141.245125,45.208702],[141.244855,45.208911],[141.244031,45.209171],[141.243826,45.209381],[141.243559,45.209817],[141.243451,45.210095],[141.243324,45.210155],[141.243106,45.210057],[141.242843,45.20983],[141.242648,45.20958],[141.242605,45.209279],[141.24272,45.209052],[141.242637,45.208606],[141.242519,45.208538],[141.241683,45.208539],[141.241497,45.208478],[141.241325,45.208331],[141.241064,45.208263],[141.240817,45.208047],[141.240577,45.207966],[141.24018,45.207961],[141.240047,45.20803],[141.239993,45.208115],[141.23996,45.208412],[141.24,45.208645],[141.240662,45.209316],[141.24069,45.209506],[141.241025,45.21015],[141.241133,45.210548],[141.241346,45.211001],[141.241389,45.211652],[141.241344,45.211988],[141.241277,45.212307],[141.241187,45.212458],[141.241039,45.212549],[141.24074,45.212555],[141.240508,45.212453],[141.240417,45.21188],[141.240441,45.21164],[141.240316,45.211164],[141.240139,45.210902],[141.239827,45.210599],[141.239804,45.210378],[141.23969,45.210192],[141.239475,45.209998],[141.239292,45.209898],[141.238753,45.20977],[141.238615,45.20968],[141.238593,45.209555],[141.238716,45.209349],[141.238681,45.209205],[141.238635,45.20907],[141.238303,45.208708],[141.23797,45.208538],[141.237625,45.208459],[141.236736,45.208385],[141.235858,45.208145],[141.235321,45.207772],[141.234691,45.207126],[141.234551,45.207056],[141.234316,45.207063],[141.234177,45.207161],[141.234041,45.207323],[141.234047,45.207443],[141.234847,45.208582],[141.23503,45.209082],[141.235265,45.210732],[141.235161,45.211343],[141.234828,45.211674],[141.234675,45.211727],[141.234445,45.211694],[141.234306,45.211599],[141.23409,45.211303],[141.233705,45.210555],[141.233708,45.210364],[141.233459,45.209618],[141.233274,45.209215],[141.233025,45.209246],[141.232725,45.209193],[141.232574,45.208701],[141.232595,45.208253],[141.232297,45.208169],[141.231843,45.208222],[141.231695,45.208319],[141.231675,45.208889],[141.231596,45.209276],[141.230695,45.210362],[141.230488,45.210722],[141.230355,45.210836],[141.230176,45.210871],[141.229448,45.2108],[141.229695,45.209926],[141.23059,45.208416],[141.230679,45.208169],[141.230702,45.20804],[141.230615,45.207914],[141.230491,45.207842],[141.230267,45.207805],[141.229754,45.207941],[141.22922,45.208429],[141.228929,45.208621],[141.228587,45.208739],[141.228359,45.208717],[141.228318,45.208629],[141.228423,45.208273],[141.228395,45.208155],[141.227963,45.208545],[141.227386,45.209237],[141.226526,45.210099],[141.226245,45.210543],[141.225896,45.210677],[141.225327,45.211339],[141.225203,45.211415],[141.224939,45.211423],[141.224581,45.211024],[141.223612,45.210651],[141.223527,45.210535],[141.224286,45.207668],[141.224241,45.207581],[141.223825,45.207496],[141.223673,45.207419],[141.223571,45.207246],[141.22356,45.20691],[141.223624,45.206393],[141.223576,45.206361],[141.223397,45.206399],[141.222752,45.207839],[141.222421,45.208184],[141.222254,45.208284],[141.221717,45.208438],[141.221082,45.208492],[141.22087,45.208366],[141.220703,45.208116],[141.220601,45.207354],[141.2205,45.2072],[141.220391,45.207152],[141.220275,45.207158],[141.220127,45.207248],[141.219877,45.207554],[141.219574,45.207736],[141.21923,45.20783],[141.218868,45.207798],[141.218934,45.207575],[141.218924,45.207425],[141.21878,45.207161],[141.21858,45.207161],[141.218173,45.207293],[141.217591,45.207585],[141.217403,45.2076],[141.217045,45.207524],[141.216498,45.207046],[141.216519,45.206708],[141.216667,45.206017],[141.216551,45.205788],[141.216426,45.205731],[141.21614,45.205715],[141.215899,45.205784],[141.215113,45.205796],[141.214314,45.205948],[141.213946,45.205922],[141.213496,45.206087],[141.213294,45.206087],[141.212794,45.206281],[141.212571,45.206307],[141.21258,45.206007],[141.212634,45.205869],[141.212841,45.205652],[141.213083,45.205284],[141.213154,45.204852],[141.213245,45.204748],[141.213986,45.204243],[141.214114,45.20411],[141.214254,45.203671],[141.2145,45.203586],[141.214574,45.2035],[141.214695,45.203236],[141.21485,45.202518],[141.214722,45.202327],[141.214023,45.202323],[141.213524,45.201735],[141.213475,45.201477],[141.213296,45.201344],[141.213103,45.201232],[141.212719,45.201172],[141.21248,45.201026],[141.21213,45.20101],[141.211633,45.200605],[141.210165,45.200927],[141.209573,45.199964],[141.209288,45.1998],[141.209268,45.199708],[141.209164,45.199592],[141.209328,45.198863],[141.209097,45.198602],[141.209367,45.198089],[141.20957,45.198006],[141.209904,45.197398],[141.210499,45.196878],[141.2113,45.196674],[141.211466,45.196466],[141.21135,45.196374],[141.212045,45.195776],[141.212299,45.195087],[141.212599,45.194583],[141.212588,45.19443],[141.212476,45.194347],[141.211318,45.193983],[141.211157,45.194084],[141.21077,45.194562],[141.210582,45.194618],[141.210036,45.194143],[141.209577,45.193903],[141.209053,45.193393],[141.20895,45.193321],[141.208601,45.193234],[141.208235,45.193287],[141.207926,45.193449],[141.20774,45.193461],[141.207288,45.193763],[141.207073,45.193829],[141.206928,45.193765],[141.206787,45.193558],[141.205874,45.193489],[141.205693,45.193617],[141.205371,45.193635],[141.20509,45.19397],[141.204452,45.194204],[141.204196,45.193887],[141.203992,45.193782],[141.203749,45.19384],[141.203273,45.193779],[141.203227,45.193759],[141.203238,45.193689],[141.203447,45.193027],[141.203813,45.192647],[141.203767,45.192353],[141.20368,45.192288],[141.2032,45.192208],[141.202737,45.192413],[141.202267,45.192083],[141.202148,45.19185],[141.202217,45.191555],[141.202138,45.1913],[141.202217,45.191173],[141.202515,45.19093],[141.202403,45.190494],[141.202513,45.190306],[141.202322,45.189994],[141.202066,45.189931],[141.201974,45.189915],[141.201631,45.190002],[141.20116,45.190209],[141.200316,45.190473],[141.199934,45.190499],[141.199606,45.190284],[141.198824,45.190494],[141.198191,45.190537],[141.197543,45.190816],[141.197017,45.190891],[141.196555,45.191059],[141.195478,45.191332],[141.194984,45.191528],[141.193933,45.191683],[141.193657,45.191628],[141.193415,45.191404],[141.193289,45.191124],[141.193274,45.190645],[141.193429,45.190336],[141.193488,45.190323],[141.194021,45.190602],[141.194203,45.190625],[141.194292,45.190558],[141.194288,45.190431],[141.194074,45.189966],[141.194075,45.189772],[141.194246,45.18941],[141.194216,45.189314],[141.194125,45.189248],[141.193824,45.189162],[141.192852,45.189096],[141.192657,45.189044],[141.192393,45.189362],[141.191014,45.189816],[141.190489,45.189548],[141.190155,45.189635],[141.189884,45.189573],[141.189558,45.189565],[141.189352,45.189496],[141.189057,45.189287],[141.189023,45.189025],[141.188882,45.18862],[141.188933,45.188126],[141.188898,45.187895],[141.189016,45.187586],[141.189043,45.187311],[141.189251,45.187027],[141.189881,45.186412],[141.190268,45.186196],[141.190907,45.186031],[141.191051,45.186046],[141.191322,45.186189],[141.191482,45.18619],[141.191746,45.186054],[141.192029,45.185985],[141.192148,45.185873],[141.191679,45.185447],[141.191516,45.185109],[141.191483,45.184869],[141.191545,45.184719],[141.19192,45.184419],[141.191942,45.18422],[141.1919,45.184071],[141.191469,45.183474],[141.191454,45.18331],[141.191597,45.183172],[141.192028,45.183091],[141.192634,45.183097],[141.19414,45.183257],[141.195535,45.183302],[141.196019,45.183234],[141.19638,45.183119],[141.196526,45.182967],[141.196594,45.18277],[141.196468,45.182285],[141.196195,45.181688],[141.194948,45.181583],[141.19476,45.181348],[141.194673,45.18104],[141.194786,45.180572],[141.194947,45.180379],[141.195374,45.180256],[141.19584,45.180035],[141.195257,45.179812],[141.194688,45.179415],[141.194342,45.178957],[141.194256,45.178744],[141.194379,45.178421],[141.194496,45.178335],[141.195242,45.178203],[141.195269,45.178111],[141.194864,45.177588],[141.194903,45.177093],[141.195119,45.176352],[141.19571,45.175461],[141.195972,45.17531],[141.196997,45.17527],[141.197311,45.175158],[141.197514,45.175155],[141.198587,45.175417],[141.199457,45.176043],[141.200234,45.176323],[141.201118,45.17649],[141.201629,45.176521],[141.203142,45.176366],[141.204357,45.176388],[141.205179,45.175744],[141.205144,45.175634],[141.20528,45.175127],[141.205368,45.174998],[141.205445,45.174944],[141.205827,45.175046],[141.206247,45.175067],[141.206398,45.174984],[141.206536,45.174805],[141.206541,45.173987],[141.20643,45.173763],[141.204392,45.172703],[141.202999,45.172133],[141.202221,45.171725],[141.201851,45.171349],[141.201756,45.170701],[141.202288,45.169705],[141.202685,45.169177],[141.203139,45.168873],[141.203626,45.168732],[141.204701,45.168629],[141.205672,45.168716],[141.206021,45.168292],[141.206406,45.167688],[141.206295,45.167229],[141.206286,45.166907],[141.206486,45.166348],[141.20667,45.166117],[141.206898,45.165918],[141.207211,45.165764],[141.208381,45.165363],[141.208531,45.165364],[141.209219,45.165688],[141.210339,45.16644],[141.211117,45.166796],[141.213217,45.167468],[141.21371,45.167529],[141.214519,45.167286],[141.215668,45.166838],[141.216141,45.166481],[141.216626,45.165949]]],[[[141.152198,45.197561],[141.152391,45.197851],[141.150954,45.198193],[141.150725,45.197497],[141.150268,45.19775],[141.149366,45.19788],[141.149002,45.197104],[141.148946,45.196734],[141.148314,45.196689],[141.148214,45.197258],[141.147708,45.197557],[141.147026,45.1976],[141.146512,45.197745],[141.145949,45.197632],[141.145731,45.197273],[141.14641,45.196906],[141.1465,45.1964],[141.144799,45.196515],[141.14449,45.197352],[141.144504,45.198041],[141.144288,45.198033],[141.144236,45.197892],[141.144023,45.19778],[141.144041,45.197448],[141.144105,45.197422],[141.143983,45.196159],[141.144061,45.196138],[141.144539,45.195178],[141.144695,45.194546],[141.143835,45.193622],[141.143876,45.19243],[141.144386,45.19242],[141.144392,45.192258],[141.144674,45.192214],[141.144974,45.192711],[141.145213,45.192599],[141.145735,45.191774],[141.145427,45.19185],[141.144958,45.191604],[141.14523,45.191244],[141.145361,45.190909],[141.145655,45.190869],[141.14563,45.190666],[141.146028,45.190537],[141.145955,45.190225],[141.14618,45.190143],[141.1463,45.189767],[141.146712,45.189828],[141.146389,45.18958],[141.146108,45.18962],[141.145504,45.189391],[141.145468,45.189308],[141.144994,45.189206],[141.144935,45.189246],[141.14441,45.189176],[141.144146,45.189057],[141.144102,45.188994],[141.144427,45.188934],[141.144599,45.188709],[141.144599,45.188621],[141.144405,45.188295],[141.143918,45.18812],[141.143811,45.187973],[141.14374,45.187578],[141.143748,45.186471],[141.14369,45.186237],[141.143633,45.186157],[141.14337,45.186033],[141.142501,45.185897],[141.141773,45.185251],[141.141744,45.185157],[141.141744,45.184994],[141.141832,45.18488],[141.142649,45.184726],[141.142871,45.184499],[141.142928,45.184348],[141.142961,45.18393],[141.142887,45.183744],[141.142744,45.18357],[141.142396,45.18281],[141.142396,45.18271],[141.142746,45.181995],[141.142746,45.181743],[141.142656,45.181472],[141.142207,45.180889],[141.142107,45.180485],[141.141851,45.18023],[141.141757,45.179994],[141.141328,45.179414],[141.141258,45.17891],[141.140933,45.178431],[141.140958,45.177555],[141.140868,45.17733],[141.140519,45.17706],[141.140495,45.176804],[141.140388,45.176517],[141.140556,45.175772],[141.141035,45.175286],[141.141275,45.174698],[141.141469,45.174355],[141.14178,45.173995],[141.142386,45.17354],[141.142417,45.173421],[141.142383,45.173316],[141.142213,45.173097],[141.142276,45.172934],[141.142357,45.172874],[141.142519,45.172823],[141.142805,45.172819],[141.142995,45.172866],[141.143302,45.173027],[141.143537,45.173048],[141.143764,45.172946],[141.144164,45.172665],[141.144241,45.17256],[141.144779,45.172711],[141.145164,45.172608],[141.146247,45.17358],[141.145754,45.173895],[141.145752,45.173954],[141.14597,45.174732],[141.145997,45.175295],[141.146345,45.175505],[141.1467,45.175625],[141.146743,45.17568],[141.148669,45.175323],[141.149718,45.174966],[141.150631,45.17514],[141.151054,45.175739],[141.151479,45.176205],[141.153374,45.176623],[141.153865,45.176861],[141.154538,45.177042],[141.154925,45.177774],[141.155881,45.177467],[141.157178,45.177315],[141.15844,45.177389],[141.158982,45.177263],[141.160712,45.176613],[141.161389,45.176478],[141.161489,45.177266],[141.162959,45.176745],[141.164609,45.176311],[141.16802,45.176061],[141.168033,45.175631],[141.168184,45.17559],[141.168685,45.175736],[141.169868,45.176354],[141.170319,45.176531],[141.170977,45.176583],[141.171529,45.176716],[141.172062,45.177035],[141.17255,45.177414],[141.173564,45.17845],[141.173915,45.178926],[141.174051,45.179641],[141.174134,45.179737],[141.175272,45.180086],[141.175456,45.180092],[141.17791,45.179508],[141.179306,45.179083],[141.180764,45.178857],[141.182901,45.178901],[141.183131,45.178872],[141.183439,45.178684],[141.184379,45.178665],[141.1846,45.178618],[141.185351,45.17969],[141.185216,45.180328],[141.185176,45.180876],[141.185263,45.18103],[141.185654,45.181264],[141.185721,45.181397],[141.185485,45.18216],[141.184771,45.182159],[141.183646,45.182434],[141.181464,45.18246],[141.180532,45.182596],[141.178884,45.183163],[141.178319,45.183415],[141.176337,45.183683],[141.175977,45.183319],[141.175601,45.183056],[141.175428,45.182988],[141.175127,45.182985],[141.174934,45.183118],[141.174734,45.183639],[141.173831,45.183538],[141.172665,45.183093],[141.17123,45.182751],[141.170194,45.182229],[141.169688,45.181902],[141.169442,45.181578],[141.169116,45.180995],[141.169007,45.180116],[141.16876,45.179883],[141.167981,45.179736],[141.167563,45.179515],[141.167306,45.17947],[141.166991,45.179502],[141.165463,45.179899],[141.16474,45.179945],[141.164075,45.180092],[141.16359,45.180125],[141.162491,45.180019],[141.162218,45.180052],[141.16174,45.180222],[141.161122,45.180608],[141.161278,45.180742],[141.160453,45.18147],[141.160565,45.181855],[141.15974,45.182823],[141.159387,45.183136],[141.159384,45.183395],[141.159259,45.183964],[141.158057,45.183962],[141.157792,45.184888],[141.157981,45.185414],[141.158106,45.186045],[141.159204,45.186253],[141.16021,45.186544],[141.16067,45.186981],[141.161277,45.187333],[141.161366,45.187874],[141.162006,45.188515],[141.162424,45.188818],[141.161784,45.189521],[141.161099,45.18913],[141.159986,45.188804],[141.158851,45.188831],[141.157181,45.189074],[141.156266,45.189423],[141.155379,45.189867],[141.154839,45.190513],[141.154702,45.191518],[141.154695,45.191973],[141.154842,45.192467],[141.154895,45.193101],[141.154967,45.193201],[141.154844,45.194647],[141.15468,45.195102],[141.153576,45.196253],[141.152882,45.196853],[141.15188,45.197082],[141.152198,45.197561]]],[[[141.141374,45.191507],[141.141383,45.191627],[141.141469,45.191714],[141.141409,45.1918],[141.141454,45.191927],[141.141318,45.19203],[141.141307,45.192122],[141.141194,45.192169],[141.141134,45.192311],[141.141227,45.192508],[141.141347,45.192573],[141.141408,45.192689],[141.140829,45.193149],[141.139545,45.193979],[141.138112,45.194678],[141.136558,45.195232],[141.134912,45.195631],[141.134064,45.19577],[141.132337,45.195923],[141.130597,45.195908],[141.129732,45.195838],[141.128032,45.195573],[141.1264,45.195146],[141.125515,45.195103],[141.123769,45.194886],[141.122082,45.1945],[141.120488,45.193952],[141.119735,45.193621],[141.118336,45.192851],[141.117102,45.191951],[141.116555,45.191457],[141.115612,45.190396],[141.114888,45.189252],[141.114611,45.188656],[141.114395,45.188048],[141.114238,45.18743],[141.114143,45.186807],[141.11411,45.18618],[141.114138,45.185553],[141.114228,45.18493],[141.114379,45.184312],[141.114591,45.183703],[141.115191,45.182523],[141.115577,45.181959],[141.11651,45.180893],[141.117054,45.180397],[141.11828,45.179492],[141.119671,45.178716],[141.121202,45.178084],[141.122011,45.177827],[141.123693,45.177433],[141.12515,45.176746],[141.126726,45.176208],[141.12755,45.175997],[141.129249,45.175698],[141.13099,45.175567],[141.13274,45.175606],[141.134465,45.175815],[141.136134,45.176189],[141.136937,45.176436],[141.137036,45.176502],[141.137002,45.176588],[141.137036,45.176654],[141.136859,45.176762],[141.136804,45.176864],[141.13656,45.176877],[141.136497,45.17697],[141.136306,45.177004],[141.136214,45.177099],[141.135935,45.177057],[141.13565,45.177169],[141.135596,45.177265],[141.135635,45.177358],[141.135576,45.177431],[141.135615,45.177526],[141.135505,45.177597],[141.135499,45.177655],[141.135899,45.177856],[141.136182,45.177905],[141.136181,45.178151],[141.136274,45.178224],[141.136404,45.178487],[141.136496,45.178581],[141.136618,45.178591],[141.136657,45.178691],[141.136806,45.178744],[141.136869,45.17886],[141.136954,45.178902],[141.137023,45.179054],[141.137231,45.179082],[141.137375,45.17919],[141.137485,45.179168],[141.137946,45.179328],[141.138079,45.179314],[141.138136,45.179376],[141.138294,45.179416],[141.138317,45.17951],[141.138466,45.179591],[141.138512,45.179718],[141.138634,45.179753],[141.138643,45.179838],[141.138731,45.179933],[141.138883,45.179991],[141.139084,45.180213],[141.139266,45.180266],[141.139299,45.180377],[141.139457,45.180458],[141.139473,45.180598],[141.139593,45.180684],[141.139595,45.180781],[141.139665,45.18083],[141.139658,45.180932],[141.139787,45.181001],[141.13976,45.1811],[141.139861,45.181197],[141.139864,45.181307],[141.139983,45.181397],[141.139936,45.181526],[141.139887,45.181518],[141.139729,45.18194],[141.139349,45.18223],[141.139363,45.182364],[141.139216,45.182427],[141.139205,45.182523],[141.139069,45.182578],[141.139051,45.182712],[141.138924,45.182781],[141.138906,45.18288],[141.138751,45.182955],[141.138468,45.183294],[141.138213,45.183442],[141.138063,45.183423],[141.137913,45.183505],[141.137669,45.183447],[141.137534,45.183497],[141.137384,45.183448],[141.137271,45.183497],[141.137071,45.183384],[141.136894,45.183422],[141.13675,45.183281],[141.136604,45.183341],[141.136508,45.183287],[141.136172,45.183247],[141.136068,45.183093],[141.135929,45.183047],[141.135721,45.183061],[141.135597,45.183143],[141.135425,45.183067],[141.135317,45.183071],[141.135023,45.183202],[141.13497,45.183302],[141.134758,45.18332],[141.134711,45.183428],[141.134495,45.183464],[141.134459,45.18359],[141.134322,45.183535],[141.134234,45.183555],[141.134125,45.183697],[141.133959,45.183644],[141.133816,45.183759],[141.133517,45.183714],[141.133421,45.183821],[141.133192,45.183814],[141.133046,45.183903],[141.132853,45.183864],[141.1327,45.183953],[141.132559,45.183946],[141.132427,45.184117],[141.132501,45.184209],[141.132457,45.184299],[141.132505,45.184381],[141.132407,45.184426],[141.132388,45.184519],[141.132285,45.184528],[141.132217,45.184597],[141.132017,45.184565],[141.131914,45.184607],[141.131638,45.184536],[141.131463,45.184559],[141.131333,45.184481],[141.131094,45.184456],[141.130897,45.184507],[141.130774,45.184445],[141.130649,45.184467],[141.130584,45.184546],[141.130412,45.184507],[141.130325,45.184574],[141.130176,45.184541],[141.130048,45.184591],[141.129944,45.184527],[141.129781,45.184527],[141.129576,45.184444],[141.129426,45.1845],[141.129191,45.18439],[141.128991,45.184482],[141.128974,45.184634],[141.12883,45.184663],[141.12872,45.184774],[141.128498,45.184767],[141.128395,45.184874],[141.128233,45.18491],[141.128204,45.18497],[141.12824,45.185044],[141.128085,45.185148],[141.128084,45.185257],[141.12786,45.185279],[141.127812,45.185399],[141.127493,45.185442],[141.12748,45.185512],[141.127253,45.185609],[141.127239,45.185676],[141.127087,45.185751],[141.127045,45.185847],[141.126867,45.185927],[141.126837,45.185979],[141.126897,45.186006],[141.126831,45.186175],[141.126871,45.186316],[141.127005,45.18642],[141.127218,45.186383],[141.127335,45.186499],[141.127666,45.186533],[141.127655,45.186643],[141.127797,45.186695],[141.127784,45.186857],[141.127847,45.186919],[141.127753,45.187012],[141.127802,45.187116],[141.127922,45.187158],[141.127937,45.187245],[141.128099,45.187276],[141.128117,45.187355],[141.12823,45.187434],[141.128581,45.187481],[141.128761,45.187426],[141.128989,45.187488],[141.129064,45.189271],[141.129148,45.189263],[141.129146,45.189606],[141.130693,45.191471],[141.130757,45.191422],[141.129582,45.189999],[141.130169,45.189761],[141.130124,45.189709],[141.129542,45.189952],[141.129226,45.189569],[141.12923,45.18926],[141.130039,45.189245],[141.129995,45.188052],[141.130256,45.188049],[141.130259,45.187903],[141.130799,45.187885],[141.131879,45.187877],[141.132072,45.18811],[141.132347,45.187996],[141.133216,45.189044],[141.133576,45.188895],[141.133799,45.189163],[141.133544,45.189255],[141.133594,45.189315],[141.133833,45.189203],[141.1341,45.189524],[141.133978,45.190056],[141.134062,45.190065],[141.134185,45.189518],[141.13342,45.188559],[141.133591,45.188485],[141.132939,45.187721],[141.134329,45.186998],[141.134582,45.187208],[141.134641,45.187159],[141.134045,45.186684],[141.134705,45.186499],[141.135501,45.186623],[141.136329,45.187152],[141.136048,45.187592],[141.134803,45.18742],[141.134792,45.187484],[141.135014,45.187516],[141.134993,45.187652],[141.136238,45.18781],[141.13671,45.18742],[141.138139,45.188245],[141.138221,45.188186],[141.138977,45.18863],[141.13797,45.189456],[141.136252,45.188431],[141.135431,45.188475],[141.135446,45.188547],[141.136227,45.188504],[141.13797,45.189549],[141.139121,45.188616],[141.13971,45.188958],[141.139907,45.18893],[141.140038,45.189032],[141.140215,45.189036],[141.140647,45.189235],[141.14064,45.189347],[141.140729,45.189476],[141.140758,45.189622],[141.140984,45.189668],[141.141017,45.189821],[141.141212,45.189907],[141.141272,45.189994],[141.14144,45.190039],[141.1415,45.190143],[141.141629,45.190206],[141.141726,45.1904],[141.141668,45.190542],[141.141719,45.190624],[141.141496,45.190691],[141.141478,45.190831],[141.141369,45.190923],[141.141376,45.191049],[141.141296,45.191147],[141.141409,45.191419],[141.141374,45.191507]]],[[[141.184765,45.190879],[141.18479,45.190896],[141.183908,45.191017],[141.183187,45.1912],[141.182326,45.191588],[141.181904,45.191946],[141.181644,45.192101],[141.181108,45.192212],[141.180196,45.192539],[141.17914,45.19272],[141.178641,45.192958],[141.178021,45.193097],[141.177818,45.193189],[141.177613,45.193384],[141.177091,45.193448],[141.17579,45.194048],[141.174859,45.194289],[141.174325,45.194544],[141.173173,45.194985],[141.172232,45.195185],[141.17165,45.195174],[141.170627,45.195086],[141.169014,45.194813],[141.168366,45.194615],[141.168183,45.194495],[141.167911,45.194183],[141.167863,45.194029],[141.16789,45.19368],[141.167967,45.19351],[141.168449,45.193177],[141.168367,45.1929],[141.168054,45.192499],[141.166792,45.191797],[141.16622,45.191363],[141.16587,45.191021],[141.165826,45.190858],[141.165908,45.190607],[141.165895,45.190364],[141.165855,45.190203],[141.165645,45.189839],[141.165089,45.189798],[141.164945,45.189696],[141.164917,45.189543],[141.164837,45.189468],[141.164518,45.189445],[141.164286,45.189364],[141.164112,45.189357],[141.163804,45.18944],[141.163253,45.189397],[141.16298,45.18946],[141.162867,45.189412],[141.162522,45.18911],[141.162277,45.188975],[141.162424,45.188818],[141.162006,45.188515],[141.161366,45.187874],[141.161277,45.187333],[141.16067,45.186981],[141.16021,45.186544],[141.159204,45.186253],[141.158106,45.186045],[141.157981,45.185414],[141.157792,45.184888],[141.158057,45.183962],[141.159259,45.183964],[141.159384,45.183395],[141.159387,45.183136],[141.15974,45.182823],[141.160565,45.181855],[141.160453,45.18147],[141.161278,45.180742],[141.161122,45.180608],[141.16174,45.180222],[141.162218,45.180052],[141.162491,45.180019],[141.16359,45.180125],[141.164075,45.180092],[141.16474,45.179945],[141.165463,45.179899],[141.166991,45.179502],[141.167306,45.17947],[141.167563,45.179515],[141.167981,45.179736],[141.16876,45.179883],[141.169007,45.180116],[141.169116,45.180995],[141.169442,45.181578],[141.169688,45.181902],[141.170194,45.182229],[141.17123,45.182751],[141.172665,45.183093],[141.173831,45.183538],[141.174734,45.183639],[141.174934,45.183118],[141.175127,45.182985],[141.175428,45.182988],[141.175601,45.183056],[141.175977,45.183319],[141.176337,45.183683],[141.178319,45.183415],[141.178884,45.183163],[141.180532,45.182596],[141.181464,45.18246],[141.183646,45.182434],[141.184771,45.182159],[141.185485,45.18216],[141.185099,45.182872],[141.18497,45.182961],[141.183722,45.183326],[141.183663,45.183929],[141.183251,45.184186],[141.182402,45.184536],[141.182224,45.185582],[141.182155,45.185598],[141.182187,45.185824],[141.182007,45.185978],[141.181654,45.185966],[141.181511,45.186617],[141.181567,45.18779],[141.181516,45.188926],[141.181669,45.189472],[141.182907,45.190174],[141.183312,45.190286],[141.183679,45.190742],[141.184765,45.190879]]],[[[141.128989,45.187488],[141.128761,45.187426],[141.128581,45.187481],[141.12827,45.187454],[141.128117,45.187355],[141.128099,45.187276],[141.127937,45.187245],[141.127922,45.187158],[141.127834,45.187143],[141.127764,45.187044],[141.127766,45.186961],[141.127847,45.186919],[141.127784,45.186857],[141.127797,45.186695],[141.127655,45.186643],[141.127666,45.186533],[141.127335,45.186499],[141.127218,45.186383],[141.126973,45.186406],[141.126871,45.186316],[141.126831,45.186175],[141.126897,45.186006],[141.126838,45.185955],[141.127045,45.185847],[141.127087,45.185751],[141.127239,45.185676],[141.127253,45.185609],[141.12748,45.185512],[141.127493,45.185442],[141.127812,45.185399],[141.12786,45.185279],[141.128084,45.185257],[141.128085,45.185148],[141.12824,45.185044],[141.128204,45.18497],[141.128233,45.18491],[141.128395,45.184874],[141.128498,45.184767],[141.12872,45.184774],[141.12883,45.184663],[141.128974,45.184634],[141.128991,45.184482],[141.129191,45.18439],[141.129426,45.1845],[141.129576,45.184444],[141.129781,45.184527],[141.129944,45.184527],[141.130048,45.184591],[141.130176,45.184541],[141.130325,45.184574],[141.130412,45.184507],[141.130584,45.184546],[141.130621,45.184484],[141.130735,45.184445],[141.130897,45.184507],[141.131094,45.184456],[141.131431,45.184527],[141.131502,45.184891],[141.131391,45.185025],[141.130997,45.185215],[141.13107,45.185322],[141.130973,45.185354],[141.131267,45.185797],[141.131233,45.185899],[141.131338,45.186048],[141.131391,45.186094],[141.131449,45.186072],[141.131549,45.186239],[141.131693,45.186218],[141.131933,45.186765],[141.132285,45.187258],[141.131952,45.187271],[141.131914,45.187184],[141.131604,45.187106],[141.129966,45.187212],[141.129969,45.186997],[141.129161,45.186999],[141.129172,45.187337],[141.129031,45.187365],[141.128989,45.187488]]],[[[141.180764,45.178857],[141.179306,45.179083],[141.17791,45.179508],[141.175456,45.180092],[141.175272,45.180086],[141.174134,45.179737],[141.174051,45.179641],[141.173915,45.178926],[141.173564,45.17845],[141.17255,45.177414],[141.172062,45.177035],[141.171529,45.176716],[141.170977,45.176583],[141.170319,45.176531],[141.169868,45.176354],[141.168685,45.175736],[141.168184,45.17559],[141.168033,45.175631],[141.16802,45.176061],[141.164609,45.176311],[141.162959,45.176745],[141.161489,45.177266],[141.161389,45.176478],[141.160712,45.176613],[141.158982,45.177263],[141.15844,45.177389],[141.157178,45.177315],[141.155881,45.177467],[141.154925,45.177774],[141.154538,45.177042],[141.153865,45.176861],[141.153374,45.176623],[141.151479,45.176205],[141.151054,45.175739],[141.150631,45.17514],[141.151224,45.174554],[141.151566,45.173823],[141.15193,45.173342],[141.152458,45.172836],[141.152845,45.172367],[141.15314,45.171246],[141.1533,45.169026],[141.153525,45.169017],[141.153828,45.169154],[141.154179,45.16922],[141.154506,45.169137],[141.154625,45.169172],[141.154725,45.169314],[141.154817,45.169345],[141.155105,45.169203],[141.155274,45.169262],[141.155369,45.169414],[141.1555,45.169503],[141.156,45.169524],[141.156311,45.169705],[141.157312,45.16976],[141.157383,45.169777],[141.157616,45.169994],[141.157977,45.169878],[141.158405,45.170075],[141.158583,45.169982],[141.1591,45.170058],[141.159342,45.170039],[141.159609,45.170262],[141.160312,45.170661],[141.160829,45.170566],[141.160922,45.170326],[141.161552,45.170312],[141.16185,45.170208],[141.162131,45.170017],[141.16257,45.169984],[141.162722,45.170092],[141.162796,45.170293],[141.163329,45.170429],[141.163607,45.170588],[141.163776,45.170629],[141.16407,45.170574],[141.164428,45.170279],[141.164795,45.170289],[141.165169,45.170515],[141.165283,45.170797],[141.165574,45.170872],[141.166588,45.170638],[141.167238,45.17064],[141.167597,45.17036],[141.16774,45.170316],[141.168814,45.170504],[141.169901,45.170463],[141.172501,45.170469],[141.173047,45.170333],[141.173371,45.170171],[141.173471,45.17018],[141.17365,45.170295],[141.173735,45.170442],[141.173962,45.170551],[141.17423,45.170628],[141.174373,45.17062],[141.175113,45.170396],[141.176025,45.170254],[141.176451,45.170098],[141.176776,45.170035],[141.176948,45.169964],[141.177322,45.169592],[141.177419,45.169575],[141.178085,45.169605],[141.178531,45.169731],[141.179811,45.16952],[141.180329,45.169518],[141.180916,45.169409],[141.182232,45.169384],[141.182655,45.16933],[141.183018,45.169411],[141.183297,45.169547],[141.184251,45.169645],[141.185718,45.170166],[141.186008,45.170188],[141.18685,45.170078],[141.18735,45.170144],[141.186841,45.170805],[141.186497,45.171887],[141.186467,45.172799],[141.186546,45.173101],[141.186336,45.173666],[141.186026,45.174791],[141.185812,45.175288],[141.185235,45.175941],[141.185045,45.17661],[141.184335,45.177471],[141.184393,45.178315],[141.1846,45.178618],[141.184379,45.178665],[141.183439,45.178684],[141.183131,45.178872],[141.182901,45.178901],[141.180764,45.178857]]],[[[141.286853,45.172241],[141.286441,45.172469],[141.286166,45.172559],[141.285977,45.172886],[141.285952,45.172861],[141.285627,45.172379],[141.28556,45.172152],[141.285705,45.171829],[141.286023,45.171479],[141.285196,45.170509],[141.285071,45.170302],[141.28525,45.170232],[141.285339,45.170122],[141.284996,45.16976],[141.285531,45.169602],[141.285914,45.169639],[141.286073,45.169604],[141.286201,45.169339],[141.286306,45.168941],[141.286312,45.168841],[141.285338,45.167087],[141.285456,45.16675],[141.285476,45.166418],[141.285404,45.166056],[141.285223,45.165869],[141.284841,45.165855],[141.284779,45.165392],[141.284499,45.165271],[141.284527,45.164995],[141.284481,45.164794],[141.285163,45.164398],[141.285115,45.164191],[141.285379,45.163994],[141.285485,45.163622],[141.286074,45.163607],[141.287098,45.163308],[141.288756,45.162679],[141.289451,45.162467],[141.291725,45.162061],[141.293105,45.161696],[141.293502,45.161509],[141.293917,45.161205],[141.294196,45.160885],[141.294777,45.160057],[141.295054,45.159819],[141.295777,45.159521],[141.296915,45.158822],[141.297273,45.158462],[141.298598,45.157683],[141.299473,45.157241],[141.299924,45.156935],[141.300529,45.156428],[141.301385,45.155285],[141.301631,45.155061],[141.301909,45.154695],[141.303102,45.152214],[141.303242,45.151646],[141.304178,45.150676],[141.305866,45.149201],[141.306483,45.148301],[141.307461,45.145592],[141.307985,45.144908],[141.309407,45.145602],[141.30986,45.145506],[141.310095,45.145295],[141.31285,45.143446],[141.314354,45.142218],[141.314663,45.142014],[141.314873,45.142244],[141.315776,45.143661],[141.316778,45.144709],[141.317037,45.145347],[141.317462,45.146677],[141.317653,45.147108],[141.317473,45.147294],[141.316132,45.147601],[141.315716,45.148082],[141.315319,45.148436],[141.314795,45.148701],[141.314336,45.149093],[141.313515,45.150004],[141.312756,45.150746],[141.311928,45.151414],[141.312219,45.151822],[141.312553,45.152143],[141.312849,45.152659],[141.313059,45.15307],[141.312936,45.153357],[141.312388,45.153471],[141.311755,45.153167],[141.31155,45.153337],[141.311972,45.153553],[141.310777,45.153579],[141.310151,45.153419],[141.310033,45.153941],[141.309902,45.153904],[141.309465,45.15407],[141.309935,45.154863],[141.310122,45.155377],[141.310538,45.15687],[141.310873,45.157465],[141.310896,45.157688],[141.311036,45.158038],[141.311224,45.158788],[141.311347,45.159622],[141.311746,45.160973],[141.311762,45.161555],[141.311202,45.163063],[141.311287,45.163678],[141.311026,45.164077],[141.310951,45.16454],[141.310996,45.165115],[141.310659,45.166444],[141.310491,45.166857],[141.310422,45.167521],[141.31051,45.168109],[141.310469,45.168455],[141.310492,45.16872],[141.31082,45.169793],[141.310969,45.170065],[141.310785,45.170647],[141.310634,45.170749],[141.310419,45.170773],[141.309653,45.170595],[141.309009,45.170599],[141.308742,45.170516],[141.308446,45.170528],[141.308101,45.170402],[141.307664,45.170423],[141.307136,45.170311],[141.306316,45.170291],[141.3059,45.169976],[141.305725,45.169975],[141.305321,45.170077],[141.304802,45.170027],[141.304654,45.169949],[141.304394,45.169619],[141.304088,45.169561],[141.303667,45.169654],[141.303398,45.169902],[141.30326,45.170156],[141.302886,45.170596],[141.302024,45.171211],[141.301698,45.171348],[141.300689,45.171365],[141.300012,45.171554],[141.299596,45.171583],[141.29932,45.171705],[141.299078,45.171924],[141.298405,45.172293],[141.297449,45.172677],[141.296152,45.172521],[141.295328,45.172489],[141.294762,45.17256],[141.294321,45.172449],[141.293263,45.172553],[141.292737,45.17253],[141.291913,45.17243],[141.291381,45.172305],[141.290391,45.172246],[141.288915,45.172323],[141.286853,45.172241]]],[[[141.287098,45.163308],[141.286074,45.163607],[141.285485,45.163622],[141.285928,45.163164],[141.286461,45.163201],[141.286466,45.163077],[141.286598,45.162826],[141.28659,45.162672],[141.286525,45.162502],[141.28626,45.162201],[141.285871,45.162065],[141.28596,45.161866],[141.285909,45.161561],[141.28486,45.160592],[141.284307,45.16025],[141.284327,45.159693],[141.284599,45.159323],[141.284537,45.159217],[141.285317,45.159035],[141.285677,45.159053],[141.2861,45.159203],[141.287299,45.1592],[141.290094,45.158485],[141.290313,45.157921],[141.290931,45.157435],[141.291227,45.157244],[141.292796,45.15649],[141.293613,45.157286],[141.296231,45.156044],[141.295175,45.15499],[141.295441,45.154849],[141.296293,45.154222],[141.297209,45.15303],[141.29765,45.152099],[141.297791,45.151632],[141.298103,45.150961],[141.298159,45.150629],[141.298809,45.14931],[141.299039,45.14929],[141.299002,45.149071],[141.299296,45.148743],[141.300152,45.148337],[141.30031,45.1481],[141.30072,45.147945],[141.300863,45.147654],[141.301195,45.147555],[141.301227,45.147213],[141.301331,45.147127],[141.301699,45.147135],[141.302201,45.147039],[141.302442,45.146791],[141.302718,45.146183],[141.30316,45.145616],[141.303362,45.145532],[141.303328,45.145414],[141.303074,45.145114],[141.303559,45.144802],[141.303413,45.144455],[141.3038,45.144105],[141.303473,45.143747],[141.303667,45.143426],[141.303299,45.143235],[141.303462,45.143035],[141.303451,45.1429],[141.303367,45.142745],[141.303074,45.142614],[141.302979,45.142435],[141.302965,45.142026],[141.303127,45.141878],[141.303482,45.141745],[141.303615,45.14152],[141.305188,45.142811],[141.306053,45.143642],[141.306661,45.144336],[141.307985,45.144908],[141.307461,45.145592],[141.306483,45.148301],[141.305866,45.149201],[141.304178,45.150676],[141.303242,45.151646],[141.303102,45.152214],[141.301909,45.154695],[141.301631,45.155061],[141.301385,45.155285],[141.300529,45.156428],[141.299924,45.156935],[141.299473,45.157241],[141.298598,45.157683],[141.297273,45.158462],[141.296915,45.158822],[141.296582,45.159034],[141.295777,45.159521],[141.295054,45.159819],[141.294777,45.160057],[141.294196,45.160885],[141.293917,45.161205],[141.293502,45.161509],[141.293105,45.161696],[141.291725,45.162061],[141.289451,45.162467],[141.288756,45.162679],[141.287098,45.163308]]],[[[141.270844,45.110002],[141.271354,45.110225],[141.271192,45.110476],[141.271392,45.110537],[141.271288,45.110838],[141.271931,45.110924],[141.272097,45.110985],[141.271749,45.111501],[141.27301,45.112084],[141.272871,45.112354],[141.272397,45.114489],[141.272823,45.114901],[141.27221,45.115688],[141.271975,45.11591],[141.271367,45.116248],[141.271003,45.116652],[141.270495,45.117309],[141.270217,45.117794],[141.269176,45.117449],[141.265102,45.117185],[141.264112,45.116715],[141.265651,45.114835],[141.267596,45.112689],[141.26757,45.11257],[141.267624,45.112472],[141.267984,45.112093],[141.268624,45.11092],[141.26906,45.110588],[141.269731,45.109857],[141.270309,45.109983],[141.270844,45.110002]]],[[[141.285151,45.159053],[141.284537,45.159217],[141.284432,45.158825],[141.284281,45.158633],[141.283558,45.158106],[141.283285,45.158533],[141.281884,45.157736],[141.281596,45.157204],[141.280895,45.156802],[141.281068,45.15625],[141.280834,45.156076],[141.281353,45.155492],[141.280857,45.154991],[141.27991,45.152602],[141.27935,45.151046],[141.279126,45.150604],[141.278929,45.150463],[141.2789,45.150358],[141.27899,45.150196],[141.278957,45.150096],[141.277887,45.148499],[141.275828,45.146701],[141.275454,45.146406],[141.274049,45.145771],[141.273952,45.145687],[141.273863,45.145374],[141.273762,45.145255],[141.27351,45.145144],[141.273263,45.145102],[141.27168,45.144268],[141.271224,45.143772],[141.270928,45.143645],[141.270551,45.143713],[141.270286,45.143675],[141.268854,45.143028],[141.268778,45.142944],[141.265973,45.141854],[141.265573,45.141862],[141.264868,45.142149],[141.26478,45.142115],[141.264465,45.14174],[141.264541,45.141433],[141.264517,45.141168],[141.263677,45.13992],[141.262311,45.138938],[141.261554,45.138503],[141.26121,45.13823],[141.26093,45.138107],[141.260374,45.137976],[141.260188,45.138038],[141.259698,45.138353],[141.259518,45.138667],[141.259474,45.138853],[141.259567,45.139428],[141.259538,45.139547],[141.259411,45.139726],[141.259166,45.139915],[141.258288,45.140513],[141.257638,45.141589],[141.257606,45.141888],[141.257408,45.141948],[141.256944,45.141851],[141.256304,45.1418],[141.255376,45.141538],[141.25449,45.141386],[141.254232,45.141286],[141.253848,45.140956],[141.253411,45.1403],[141.253009,45.139973],[141.252719,45.139854],[141.25174,45.139645],[141.251115,45.13966],[141.250824,45.139734],[141.249915,45.140127],[141.249836,45.139943],[141.247349,45.139285],[141.24706,45.139265],[141.246892,45.139297],[141.246862,45.139528],[141.246798,45.139536],[141.246632,45.13934],[141.244671,45.139687],[141.243942,45.140093],[141.243415,45.140308],[141.24321,45.140314],[141.242164,45.1401],[141.242124,45.139883],[141.242182,45.139691],[141.24201,45.139195],[141.242018,45.139107],[141.242174,45.139026],[141.242396,45.138755],[141.24237,45.138509],[141.242185,45.138277],[141.242176,45.138213],[141.242333,45.137954],[141.24221,45.137625],[141.241995,45.137283],[141.241872,45.137196],[141.241438,45.137091],[141.241265,45.136897],[141.241049,45.136472],[141.240495,45.136203],[141.240344,45.136083],[141.240224,45.135875],[141.239852,45.135603],[141.239747,45.135427],[141.239551,45.135249],[141.239511,45.135108],[141.239589,45.134799],[141.239393,45.13456],[141.239429,45.13422],[141.23922,45.13398],[141.239095,45.133906],[141.238989,45.133634],[141.238738,45.133522],[141.238515,45.133331],[141.238307,45.132887],[141.23821,45.132466],[141.237903,45.132071],[141.237821,45.1318],[141.237644,45.131505],[141.23762,45.131246],[141.237686,45.131162],[141.23761,45.130804],[141.237443,45.130673],[141.237428,45.130532],[141.237039,45.130069],[141.237058,45.12999],[141.237269,45.129786],[141.237128,45.129683],[141.23714,45.129511],[141.236962,45.129295],[141.237009,45.129116],[141.236797,45.128938],[141.236669,45.128698],[141.236527,45.128588],[141.236461,45.12842],[141.236132,45.128273],[141.235997,45.128098],[141.235741,45.128],[141.235814,45.127783],[141.235708,45.127645],[141.235788,45.127532],[141.235704,45.127425],[141.235821,45.127334],[141.235783,45.127205],[141.235678,45.127087],[141.235696,45.126877],[141.235543,45.12677],[141.235357,45.12676],[141.235255,45.126628],[141.23503,45.126533],[141.235,45.126484],[141.235044,45.126329],[141.234906,45.126279],[141.23483,45.126183],[141.234867,45.12611],[141.235018,45.126059],[141.234989,45.125837],[141.234623,45.125566],[141.234735,45.125447],[141.234762,45.125347],[141.234703,45.125205],[141.234532,45.125069],[141.234575,45.124903],[141.234523,45.124769],[141.234694,45.124698],[141.234723,45.12464],[141.234609,45.124502],[141.235602,45.122798],[141.234484,45.118315],[141.234093,45.116066],[141.23457,45.11471],[141.235013,45.11372],[141.236586,45.112914],[141.237457,45.11287],[141.248012,45.114225],[141.250076,45.114107],[141.252882,45.113569],[141.252821,45.114236],[141.252045,45.115003],[141.251945,45.115781],[141.251846,45.116108],[141.251855,45.117189],[141.252095,45.117893],[141.253078,45.118439],[141.25268,45.119524],[141.252645,45.119977],[141.252944,45.120833],[141.253464,45.121849],[141.253392,45.122246],[141.256553,45.121278],[141.258437,45.120771],[141.262433,45.119571],[141.265883,45.118487],[141.265102,45.117185],[141.269176,45.117449],[141.270217,45.117794],[141.27065,45.117108],[141.272366,45.117774],[141.272832,45.1172],[141.27558,45.117296],[141.276902,45.117539],[141.276936,45.117043],[141.277423,45.117142],[141.276723,45.117726],[141.275732,45.118211],[141.275218,45.118408],[141.2744,45.120031],[141.273913,45.120541],[141.272444,45.12177],[141.275325,45.123039],[141.277184,45.123736],[141.278261,45.125216],[141.27828,45.126039],[141.277309,45.12652],[141.278221,45.128463],[141.278988,45.129529],[141.27959,45.130267],[141.280175,45.131282],[141.280369,45.131797],[141.281054,45.131918],[141.281773,45.132813],[141.283248,45.134034],[141.284585,45.135266],[141.284695,45.135622],[141.2857,45.137053],[141.286126,45.137853],[141.287174,45.139189],[141.287728,45.139996],[141.28881,45.14131],[141.289052,45.142044],[141.291152,45.144506],[141.291425,45.144937],[141.291663,45.145432],[141.292586,45.146738],[141.292722,45.146869],[141.293554,45.147061],[141.294155,45.147462],[141.294864,45.148111],[141.295766,45.149346],[141.296243,45.149913],[141.2968,45.149763],[141.297335,45.149817],[141.297305,45.149637],[141.297383,45.149432],[141.297581,45.14937],[141.297974,45.149358],[141.298214,45.149213],[141.298434,45.149162],[141.298809,45.14931],[141.298159,45.150629],[141.298103,45.150961],[141.297791,45.151632],[141.29765,45.152099],[141.297209,45.15303],[141.296293,45.154222],[141.295441,45.154849],[141.295175,45.15499],[141.296231,45.156044],[141.293613,45.157286],[141.292796,45.15649],[141.291227,45.157244],[141.290931,45.157435],[141.290313,45.157921],[141.290094,45.158485],[141.287299,45.1592],[141.2861,45.159203],[141.285677,45.159053],[141.285151,45.159053]]],[[[141.286751,45.117761],[141.286888,45.118327],[141.287191,45.11917],[141.287627,45.120158],[141.287864,45.120862],[141.288226,45.121994],[141.288507,45.123168],[141.28878,45.123532],[141.289009,45.123747],[141.289866,45.124366],[141.291819,45.125417],[141.293667,45.12596],[141.292272,45.1281],[141.287403,45.13056],[141.288906,45.131835],[141.28521,45.13399],[141.286737,45.135165],[141.285331,45.135997],[141.284603,45.135226],[141.281773,45.132813],[141.281054,45.131918],[141.280369,45.131797],[141.280175,45.131282],[141.27959,45.130267],[141.278988,45.129529],[141.278221,45.128463],[141.277309,45.12652],[141.27828,45.126039],[141.278261,45.125216],[141.277184,45.123736],[141.275325,45.123039],[141.272444,45.12177],[141.273913,45.120541],[141.2744,45.120031],[141.275218,45.118408],[141.275732,45.118211],[141.276723,45.117726],[141.277423,45.117142],[141.278497,45.117412],[141.278331,45.116096],[141.278853,45.116175],[141.27904,45.115021],[141.279262,45.112914],[141.280638,45.113351],[141.281629,45.113795],[141.282516,45.114431],[141.283141,45.115058],[141.283417,45.115446],[141.285429,45.116948],[141.285944,45.117553],[141.286275,45.11762],[141.286564,45.117236],[141.286751,45.117761]]],[[[141.218031,45.10727],[141.218152,45.107374],[141.218536,45.107457],[141.218434,45.10788],[141.218219,45.108207],[141.217441,45.108746],[141.216496,45.10927],[141.215276,45.11016],[141.214545,45.109088],[141.214256,45.108529],[141.21402,45.107957],[141.213711,45.106787],[141.213622,45.105599],[141.213661,45.105004],[141.214416,45.098549],[141.214566,45.097961],[141.215031,45.096811],[141.215344,45.096255],[141.216121,45.095194],[141.21709,45.094215],[141.218234,45.093335],[141.219532,45.092571],[141.220962,45.091935],[141.222498,45.09144],[141.233282,45.088555],[141.234883,45.08821],[141.236535,45.088017],[141.238208,45.08798],[141.239043,45.08802],[141.240694,45.088216],[141.242294,45.088564],[141.243067,45.088793],[141.244539,45.089358],[141.253604,45.093425],[141.254955,45.094233],[141.255568,45.094684],[141.256653,45.095673],[141.25712,45.096205],[141.257534,45.096758],[141.258194,45.09792],[141.25862,45.099135],[141.258742,45.099755],[141.258803,45.10038],[141.258803,45.101007],[141.258741,45.101632],[141.258618,45.102252],[141.258434,45.102865],[141.25819,45.103467],[141.257529,45.104628],[141.256646,45.105713],[141.255753,45.105616],[141.254745,45.105341],[141.253315,45.104671],[141.252481,45.104373],[141.251695,45.104255],[141.249686,45.103495],[141.249185,45.103433],[141.248415,45.103236],[141.248367,45.103124],[141.248708,45.102787],[141.248696,45.102722],[141.248545,45.102609],[141.248573,45.102499],[141.248234,45.102163],[141.248116,45.102247],[141.24818,45.102396],[141.248131,45.10243],[141.247979,45.102325],[141.247608,45.102207],[141.247608,45.102155],[141.247746,45.102071],[141.247736,45.101984],[141.247585,45.10186],[141.247661,45.101776],[141.247651,45.101702],[141.247527,45.101626],[141.247245,45.101618],[141.247309,45.10149],[141.247243,45.101396],[141.246805,45.101361],[141.246617,45.101248],[141.246606,45.101164],[141.246871,45.10108],[141.246853,45.100967],[141.246526,45.100686],[141.246105,45.100689],[141.245921,45.100507],[141.246006,45.100236],[141.245951,45.100155],[141.245993,45.100088],[141.245979,45.099831],[141.245864,45.099742],[141.245713,45.09976],[141.245683,45.099687],[141.245361,45.099601],[141.245328,45.099522],[141.245152,45.099444],[141.244357,45.099524],[141.244138,45.099297],[141.244116,45.099105],[141.243766,45.09893],[141.243621,45.098966],[141.243463,45.098922],[141.243296,45.099012],[141.243112,45.098976],[141.242839,45.099103],[141.24267,45.099021],[141.242504,45.099009],[141.242539,45.098934],[141.242517,45.098763],[141.242472,45.098729],[141.242032,45.098787],[141.241858,45.098632],[141.241654,45.098652],[141.241672,45.09859],[141.241565,45.0984],[141.241406,45.098424],[141.241353,45.098307],[141.241214,45.098281],[141.241154,45.098327],[141.241018,45.098207],[141.240929,45.098189],[141.240752,45.098248],[141.240708,45.098066],[141.240613,45.098014],[141.240608,45.097929],[141.240516,45.097866],[141.240333,45.097915],[141.24034,45.098016],[141.240189,45.09811],[141.240102,45.098017],[141.239965,45.097967],[141.239739,45.098031],[141.239677,45.098176],[141.239361,45.098142],[141.239284,45.098179],[141.239193,45.098034],[141.239049,45.098002],[141.239004,45.097786],[141.23883,45.097697],[141.238795,45.097498],[141.238524,45.097476],[141.238502,45.097397],[141.23838,45.097372],[141.238127,45.097134],[141.237997,45.09715],[141.237888,45.096995],[141.237514,45.09701],[141.237312,45.097171],[141.237064,45.097266],[141.236912,45.097202],[141.236661,45.097278],[141.236476,45.097175],[141.236274,45.097239],[141.236229,45.097302],[141.236137,45.09728],[141.236033,45.097326],[141.235961,45.097558],[141.235811,45.097562],[141.235692,45.097633],[141.235687,45.097711],[141.235501,45.097764],[141.235471,45.097798],[141.235512,45.097884],[141.235469,45.09792],[141.235509,45.098005],[141.235198,45.097972],[141.235178,45.098071],[141.235233,45.098119],[141.235114,45.098122],[141.234912,45.098259],[141.234644,45.098231],[141.234438,45.098138],[141.234224,45.098142],[141.234162,45.098077],[141.234014,45.098065],[141.233827,45.098101],[141.233772,45.09819],[141.233511,45.098114],[141.233193,45.098227],[141.233086,45.098211],[141.233022,45.098285],[141.232876,45.098231],[141.232789,45.098249],[141.232764,45.098182],[141.232627,45.09813],[141.232453,45.098124],[141.232376,45.098146],[141.23226,45.098304],[141.232314,45.098498],[141.232083,45.098609],[141.231917,45.098799],[141.23182,45.098752],[141.231683,45.098764],[141.231651,45.098881],[141.231546,45.098924],[141.231527,45.098981],[141.231338,45.098953],[141.231187,45.099032],[141.231137,45.098961],[141.230988,45.098953],[141.230832,45.099124],[141.23064,45.099147],[141.230618,45.099229],[141.230466,45.099304],[141.230317,45.099268],[141.230275,45.099213],[141.229957,45.099265],[141.229848,45.099362],[141.229867,45.099419],[141.229601,45.099433],[141.229457,45.099574],[141.229268,45.099421],[141.229062,45.099451],[141.228955,45.099401],[141.228719,45.099466],[141.228595,45.09934],[141.22826,45.099513],[141.228128,45.099473],[141.227962,45.099557],[141.227875,45.099731],[141.227552,45.099753],[141.227482,45.099888],[141.227409,45.099892],[141.227117,45.099738],[141.226854,45.099978],[141.227137,45.100163],[141.227021,45.100236],[141.226956,45.100351],[141.22706,45.100441],[141.227127,45.100632],[141.227256,45.10075],[141.22743,45.100786],[141.227455,45.100881],[141.227664,45.100978],[141.227683,45.101106],[141.227589,45.101174],[141.227673,45.101338],[141.227954,45.10134],[141.227949,45.101408],[141.228089,45.101537],[141.228064,45.101596],[141.228128,45.101694],[141.228071,45.101785],[141.228171,45.10191],[141.228116,45.102009],[141.228181,45.102099],[141.228131,45.102161],[141.228161,45.102258],[141.228011,45.102308],[141.227942,45.102411],[141.227959,45.102469],[141.227756,45.102485],[141.227718,45.10256],[141.227756,45.102624],[141.227666,45.102737],[141.227467,45.102746],[141.227425,45.102796],[141.227462,45.102875],[141.227413,45.102943],[141.227462,45.102974],[141.227211,45.103067],[141.227239,45.103307],[141.22731,45.103408],[141.227571,45.103371],[141.227687,45.103541],[141.227569,45.103687],[141.22751,45.10367],[141.227321,45.103967],[141.227365,45.104402],[141.227016,45.104508],[141.227508,45.104931],[141.227476,45.105163],[141.227321,45.105326],[141.226327,45.105718],[141.223833,45.106238],[141.223828,45.106349],[141.223731,45.106343],[141.223647,45.106276],[141.223535,45.106312],[141.223351,45.106264],[141.223212,45.106328],[141.223003,45.1063],[141.222913,45.106356],[141.222651,45.106271],[141.222214,45.106277],[141.221604,45.106151],[141.221532,45.106049],[141.221363,45.106016],[141.221217,45.106048],[141.221098,45.10599],[141.220964,45.106036],[141.220912,45.106165],[141.220869,45.106135],[141.220683,45.106165],[141.220536,45.106315],[141.220256,45.10636],[141.220149,45.106471],[141.220152,45.106524],[141.219988,45.106503],[141.219915,45.106546],[141.219841,45.106697],[141.219694,45.106616],[141.219598,45.106618],[141.21947,45.106473],[141.2194,45.106521],[141.21951,45.106648],[141.219354,45.106715],[141.219252,45.106603],[141.219085,45.106851],[141.219004,45.106777],[141.218817,45.106769],[141.218616,45.106887],[141.21839,45.106775],[141.218126,45.106948],[141.217447,45.106972],[141.217452,45.107032],[141.218169,45.107014],[141.218399,45.106859],[141.218571,45.106946],[141.218449,45.107033],[141.218251,45.107063],[141.218569,45.107188],[141.218442,45.107369],[141.218191,45.107314],[141.218088,45.107225],[141.218031,45.10727]]],[[[141.228551,45.104671],[141.228498,45.104882],[141.228339,45.105091],[141.227698,45.105594],[141.227166,45.105843],[141.226456,45.106006],[141.226327,45.105718],[141.227321,45.105326],[141.227476,45.105163],[141.227515,45.105029],[141.227483,45.104885],[141.227276,45.104761],[141.227016,45.104508],[141.227365,45.104402],[141.227321,45.103967],[141.22751,45.10367],[141.227569,45.103687],[141.227687,45.103541],[141.227571,45.103371],[141.22731,45.103408],[141.227239,45.103307],[141.227211,45.103067],[141.227462,45.102974],[141.227413,45.102943],[141.227462,45.102875],[141.227425,45.102796],[141.227467,45.102746],[141.227666,45.102737],[141.227756,45.102624],[141.227718,45.10256],[141.227756,45.102485],[141.227959,45.102469],[141.227942,45.102411],[141.228011,45.102308],[141.228161,45.102258],[141.228131,45.102161],[141.228181,45.102099],[141.228116,45.102009],[141.228171,45.10191],[141.228071,45.101785],[141.228128,45.101694],[141.228064,45.101596],[141.228089,45.101537],[141.227949,45.101408],[141.227954,45.10134],[141.227673,45.101338],[141.227589,45.101174],[141.227683,45.101106],[141.227664,45.100978],[141.227455,45.100881],[141.22743,45.100786],[141.227293,45.100772],[141.227127,45.100632],[141.22706,45.100441],[141.226956,45.100351],[141.227021,45.100236],[141.227137,45.100163],[141.226854,45.099978],[141.227117,45.099738],[141.227409,45.099892],[141.227482,45.099888],[141.227552,45.099753],[141.227875,45.099731],[141.227962,45.099557],[141.228128,45.099473],[141.22826,45.099513],[141.228595,45.09934],[141.228719,45.099466],[141.228955,45.099401],[141.229062,45.099451],[141.229268,45.099421],[141.229457,45.099574],[141.229601,45.099433],[141.229867,45.099419],[141.229848,45.099362],[141.229957,45.099265],[141.230275,45.099213],[141.230317,45.099268],[141.230466,45.099304],[141.230618,45.099229],[141.23064,45.099147],[141.230832,45.099124],[141.230988,45.098953],[141.231137,45.098961],[141.231187,45.099032],[141.231338,45.098953],[141.231527,45.098981],[141.231546,45.098924],[141.231651,45.098881],[141.231683,45.098764],[141.23182,45.098752],[141.231917,45.098799],[141.232083,45.098609],[141.232314,45.098498],[141.23226,45.098304],[141.232376,45.098146],[141.232453,45.098124],[141.232627,45.09813],[141.232764,45.098182],[141.232789,45.098249],[141.232876,45.098231],[141.233022,45.098285],[141.233086,45.098211],[141.233193,45.098227],[141.233511,45.098114],[141.233772,45.09819],[141.233827,45.098101],[141.234014,45.098065],[141.234162,45.098077],[141.234224,45.098142],[141.234438,45.098138],[141.234644,45.098231],[141.234912,45.098259],[141.235114,45.098122],[141.235233,45.098119],[141.235178,45.098071],[141.235198,45.097972],[141.235509,45.098005],[141.235471,45.097798],[141.235585,45.097716],[141.235687,45.097711],[141.235692,45.097633],[141.235811,45.097562],[141.235961,45.097558],[141.235988,45.097372],[141.236082,45.097302],[141.236229,45.097302],[141.236274,45.097239],[141.236476,45.097175],[141.236661,45.097278],[141.236912,45.097202],[141.237064,45.097266],[141.237312,45.097171],[141.237514,45.09701],[141.237804,45.096974],[141.237956,45.097041],[141.237997,45.09715],[141.238174,45.097166],[141.23838,45.097372],[141.238502,45.097397],[141.238524,45.097476],[141.238795,45.097498],[141.23883,45.097697],[141.239004,45.097786],[141.239049,45.098002],[141.239193,45.098034],[141.239284,45.098179],[141.239361,45.098142],[141.239677,45.098176],[141.239739,45.098031],[141.239965,45.097967],[141.240102,45.098017],[141.240189,45.09811],[141.24034,45.098016],[141.240333,45.097915],[141.240516,45.097866],[141.240608,45.097929],[141.240613,45.098014],[141.240708,45.098066],[141.240752,45.098248],[141.240929,45.098189],[141.241018,45.098207],[141.241154,45.098327],[141.241214,45.098281],[141.241353,45.098307],[141.241406,45.098424],[141.241565,45.0984],[141.241672,45.09859],[141.241654,45.098652],[141.241858,45.098632],[141.242032,45.098787],[141.242472,45.098729],[141.242517,45.098763],[141.242539,45.098934],[141.242504,45.099009],[141.24267,45.099021],[141.242839,45.099103],[141.243112,45.098976],[141.243296,45.099012],[141.243463,45.098922],[141.243621,45.098966],[141.243766,45.09893],[141.244116,45.099105],[141.244138,45.099297],[141.244357,45.099524],[141.245152,45.099444],[141.245328,45.099522],[141.245361,45.099601],[141.245626,45.099659],[141.245713,45.09976],[141.245864,45.099742],[141.245979,45.099831],[141.245993,45.100088],[141.245951,45.100155],[141.246006,45.100236],[141.245921,45.100507],[141.246105,45.100689],[141.245758,45.101277],[141.245291,45.102222],[141.244823,45.102058],[141.244468,45.100602],[141.244357,45.100292],[141.244238,45.100129],[141.243944,45.099944],[141.243658,45.099848],[141.242919,45.099696],[141.242284,45.099504],[141.240783,45.098784],[141.240041,45.098628],[141.238384,45.098446],[141.237761,45.098447],[141.235887,45.0986],[141.234356,45.098491],[141.234021,45.098512],[141.233708,45.098593],[141.233425,45.098672],[141.232296,45.099168],[141.230604,45.099763],[141.229738,45.100278],[141.229213,45.100644],[141.228997,45.100873],[141.228859,45.101112],[141.228808,45.101318],[141.22891,45.102212],[141.228863,45.102443],[141.228351,45.10348],[141.228324,45.103711],[141.228551,45.104671]]],[[[141.243367,45.251087],[141.242424,45.252126],[141.241879,45.252609],[141.240654,45.253491],[141.23927,45.254245],[141.237074,45.255236],[141.235507,45.255757],[141.233854,45.256123],[141.232147,45.256326],[141.230416,45.256365],[141.229552,45.256322],[141.227846,45.256112],[141.215559,45.251073],[141.215587,45.251012],[141.215544,45.25094],[141.216189,45.250681],[141.21632,45.250676],[141.216429,45.250739],[141.216631,45.250681],[141.216748,45.250732],[141.216936,45.250702],[141.217061,45.250744],[141.217176,45.250683],[141.21739,45.250699],[141.217465,45.250622],[141.21763,45.250621],[141.217677,45.250536],[141.21784,45.250494],[141.217881,45.25039],[141.218026,45.250342],[141.21805,45.250267],[141.218226,45.250213],[141.218274,45.249987],[141.21824,45.249929],[141.218325,45.249843],[141.218321,45.249757],[141.218561,45.249707],[141.218555,45.249574],[141.218741,45.2495],[141.21869,45.249364],[141.218822,45.249327],[141.218933,45.249207],[141.218943,45.249058],[141.219252,45.24903],[141.219256,45.248894],[141.2195,45.248797],[141.219478,45.248604],[141.219757,45.248537],[141.219934,45.248408],[141.220116,45.248403],[141.220116,45.248274],[141.220253,45.248311],[141.22031,45.248246],[141.220471,45.248206],[141.220477,45.248092],[141.220719,45.248036],[141.220784,45.247859],[141.220746,45.247744],[141.220808,45.247679],[141.220782,45.247591],[141.220936,45.247481],[141.220869,45.247332],[141.220865,45.247258],[141.220936,45.247204],[141.220912,45.247148],[141.221174,45.247063],[141.221206,45.246945],[141.221416,45.246896],[141.221495,45.246831],[141.221477,45.246772],[141.221695,45.246778],[141.221804,45.246709],[141.221808,45.246619],[141.221931,45.246641],[141.222139,45.246562],[141.222161,45.246483],[141.222111,45.246382],[141.222234,45.246405],[141.222521,45.2463],[141.222494,45.246164],[141.222725,45.246123],[141.222674,45.246005],[141.222898,45.246],[141.222993,45.245921],[141.222991,45.245833],[141.223219,45.245812],[141.223318,45.245677],[141.223664,45.245615],[141.223761,45.245458],[141.223918,45.245432],[141.224015,45.245332],[141.224172,45.24534],[141.224253,45.245265],[141.224471,45.245226],[141.224554,45.24516],[141.224532,45.245042],[141.224684,45.245019],[141.224715,45.244949],[141.22516,45.244757],[141.225908,45.24469],[141.226274,45.244757],[141.226552,45.244881],[141.227292,45.245421],[141.227278,45.245589],[141.227357,45.245664],[141.227728,45.245766],[141.227797,45.245871],[141.228078,45.245987],[141.228027,45.246128],[141.228112,45.246231],[141.228064,45.246308],[141.228142,45.246442],[141.228382,45.246461],[141.228538,45.246341],[141.22851,45.246167],[141.22857,45.246115],[141.228607,45.245941],[141.228538,45.245835],[141.228633,45.245801],[141.228669,45.24571],[141.228858,45.245669],[141.229057,45.245747],[141.229251,45.245972],[141.229251,45.246046],[141.229313,45.246102],[141.229293,45.246182],[141.229402,45.246256],[141.229402,45.246331],[141.229517,45.246371],[141.229497,45.246441],[141.229644,45.246515],[141.229725,45.246637],[141.23004,45.246736],[141.230212,45.246672],[141.2304,45.246826],[141.230583,45.246834],[141.230862,45.246965],[141.231023,45.24698],[141.230912,45.247085],[141.230787,45.247031],[141.23063,45.247054],[141.230583,45.246983],[141.23047,45.246959],[141.230254,45.24703],[141.230236,45.247183],[141.230547,45.247306],[141.230666,45.247299],[141.230694,45.247258],[141.230882,45.247373],[141.231064,45.247334],[141.231151,45.247256],[141.231468,45.247209],[141.23154,45.247129],[141.23149,45.247065],[141.231718,45.247026],[141.231767,45.246851],[141.231847,45.246774],[141.231987,45.246809],[141.232197,45.246762],[141.232239,45.246659],[141.23209,45.246554],[141.232138,45.246397],[141.231985,45.246295],[141.232021,45.24621],[141.231971,45.246164],[141.232013,45.246133],[141.231954,45.246],[141.231878,45.245951],[141.231989,45.245797],[141.231971,45.245709],[141.231874,45.245658],[141.23193,45.245597],[141.23189,45.245512],[141.2315,45.245355],[141.231278,45.24534],[141.231323,45.245258],[141.231121,45.245097],[141.231181,45.245055],[141.231175,45.244983],[141.230945,45.244875],[141.231076,45.242909],[141.231281,45.242479],[141.231192,45.242455],[141.230987,45.242894],[141.230879,45.244085],[141.230179,45.244088],[141.230177,45.243979],[141.229312,45.243966],[141.229317,45.24391],[141.229053,45.243912],[141.228869,45.243134],[141.229602,45.243035],[141.229874,45.243236],[141.229936,45.243192],[141.229591,45.242944],[141.228591,45.243072],[141.228525,45.242825],[141.228461,45.242883],[141.228531,45.243164],[141.228437,45.243174],[141.228693,45.244226],[141.227566,45.244269],[141.227237,45.243041],[141.227788,45.242999],[141.227635,45.242317],[141.228659,45.242199],[141.228774,45.242383],[141.228844,45.242347],[141.228806,45.242286],[141.228894,45.241972],[141.228766,45.241959],[141.228774,45.241911],[141.228591,45.24191],[141.228815,45.24083],[141.228729,45.240821],[141.228774,45.240604],[141.228508,45.240578],[141.228718,45.239539],[141.228405,45.239497],[141.228477,45.239064],[141.228144,45.239],[141.228157,45.238931],[141.228092,45.238858],[141.228131,45.238655],[141.228017,45.238547],[141.227988,45.238445],[141.227687,45.2384],[141.227353,45.238006],[141.227161,45.237599],[141.227146,45.237359],[141.227209,45.237163],[141.227494,45.236837],[141.228328,45.236661],[141.230036,45.236434],[141.231773,45.236373],[141.233505,45.236479],[141.2352,45.236751],[141.236828,45.237184],[141.238356,45.237769],[141.239758,45.238496],[141.241006,45.239351],[141.242078,45.240318],[141.242542,45.240838],[141.243313,45.241939],[141.244277,45.243908],[141.244716,45.245103],[141.24492,45.24633],[141.244932,45.246947],[141.244884,45.247564],[141.244609,45.248784],[141.2441,45.249965],[141.243367,45.251087]]],[[[141.228863,45.215599],[141.227641,45.214657],[141.226045,45.214027],[141.226094,45.213454],[141.225672,45.212987],[141.225039,45.212607],[141.224827,45.212567],[141.223661,45.212621],[141.220807,45.212129],[141.217881,45.21174],[141.216652,45.211364],[141.214906,45.210745],[141.214745,45.210607],[141.214228,45.21037],[141.214077,45.210161],[141.213974,45.210103],[141.213521,45.210004],[141.213262,45.210101],[141.212963,45.210042],[141.212362,45.209834],[141.210358,45.209381],[141.209743,45.208953],[141.209219,45.208879],[141.208157,45.208589],[141.207293,45.208503],[141.206742,45.208398],[141.205155,45.207865],[141.20453,45.207631],[141.204367,45.207525],[141.20421,45.207627],[141.203972,45.207546],[141.203789,45.207543],[141.203474,45.207392],[141.203319,45.207187],[141.203296,45.206738],[141.203121,45.206561],[141.20313,45.206251],[141.202091,45.204997],[141.20201,45.204951],[141.201814,45.204977],[141.20154,45.204525],[141.201119,45.204109],[141.201123,45.203915],[141.201035,45.203799],[141.201102,45.203513],[141.201325,45.202988],[141.201373,45.202773],[141.201349,45.202686],[141.200911,45.202082],[141.200822,45.201872],[141.200162,45.201007],[141.199295,45.201351],[141.198975,45.201397],[141.198037,45.201008],[141.197447,45.200415],[141.196335,45.199689],[141.195595,45.199266],[141.195434,45.199013],[141.195254,45.198914],[141.194958,45.198913],[141.19483,45.198773],[141.194692,45.198767],[141.19418,45.198471],[141.194006,45.198186],[141.1936,45.197848],[141.193378,45.197418],[141.193239,45.196822],[141.19309,45.196566],[141.192805,45.196275],[141.191666,45.195785],[141.190922,45.195312],[141.190692,45.195214],[141.190479,45.195049],[141.19014,45.194535],[141.189285,45.194134],[141.18901,45.193873],[141.188933,45.193716],[141.188224,45.193568],[141.187661,45.193273],[141.187462,45.193011],[141.187068,45.192691],[141.18681,45.192506],[141.186425,45.192347],[141.186006,45.192029],[141.185967,45.191734],[141.185299,45.191454],[141.185293,45.191177],[141.184765,45.190879],[141.183679,45.190742],[141.183312,45.190286],[141.182907,45.190174],[141.181669,45.189472],[141.181516,45.188926],[141.181567,45.18779],[141.181495,45.186893],[141.181511,45.186617],[141.181654,45.185966],[141.182007,45.185978],[141.182187,45.185824],[141.182155,45.185598],[141.182224,45.185582],[141.182402,45.184536],[141.183251,45.184186],[141.183663,45.183929],[141.183722,45.183326],[141.18497,45.182961],[141.185099,45.182872],[141.185396,45.182353],[141.185669,45.18166],[141.185721,45.181397],[141.185654,45.181264],[141.185263,45.18103],[141.185176,45.180876],[141.185216,45.180328],[141.185351,45.17969],[141.184393,45.178315],[141.184335,45.177471],[141.185045,45.17661],[141.185235,45.175941],[141.185812,45.175288],[141.186026,45.174791],[141.186336,45.173666],[141.186546,45.173101],[141.186467,45.172799],[141.186497,45.171887],[141.186841,45.170805],[141.18735,45.170144],[141.187586,45.169583],[141.188008,45.168781],[141.188464,45.168132],[141.189361,45.166105],[141.189498,45.16596],[141.189717,45.165948],[141.190561,45.166131],[141.192163,45.166174],[141.192429,45.166118],[141.192759,45.165851],[141.193064,45.165744],[141.193166,45.165658],[141.193203,45.165723],[141.193338,45.165772],[141.193692,45.165712],[141.194422,45.165847],[141.194516,45.16582],[141.194636,45.165654],[141.194722,45.165618],[141.195126,45.165636],[141.19555,45.165427],[141.19578,45.165433],[141.196288,45.165305],[141.196858,45.165372],[141.197187,45.165197],[141.197382,45.165195],[141.19756,45.165131],[141.198107,45.1652],[141.19826,45.165102],[141.198406,45.165082],[141.198731,45.165126],[141.199325,45.165329],[141.199904,45.165434],[141.200194,45.165399],[141.200842,45.165591],[141.200961,45.165583],[141.201081,45.165488],[141.202779,45.165051],[141.206575,45.16437],[141.210131,45.163111],[141.20966,45.162723],[141.209423,45.162257],[141.20904,45.162012],[141.20872,45.161619],[141.208521,45.161546],[141.208305,45.161221],[141.207937,45.161015],[141.207198,45.160336],[141.206954,45.160239],[141.206875,45.160113],[141.206574,45.159038],[141.206576,45.158675],[141.206529,45.158586],[141.206571,45.158479],[141.206261,45.158052],[141.20637,45.157782],[141.206213,45.157276],[141.206242,45.157095],[141.206128,45.156786],[141.205966,45.15653],[141.20596,45.156367],[141.205836,45.156208],[141.206735,45.155512],[141.206812,45.15533],[141.206874,45.154903],[141.206994,45.154723],[141.207335,45.154457],[141.20754,45.154079],[141.207635,45.153645],[141.208246,45.153006],[141.208669,45.152761],[141.208704,45.152704],[141.208664,45.152434],[141.208708,45.152371],[141.208979,45.152132],[141.209194,45.152061],[141.209197,45.151921],[141.209466,45.151679],[141.209663,45.151601],[141.210013,45.151026],[141.210529,45.15102],[141.210653,45.150804],[141.210977,45.150638],[141.211069,45.150461],[141.211201,45.150391],[141.211567,45.149827],[141.211778,45.149842],[141.212132,45.150573],[141.212474,45.150985],[141.212677,45.151129],[141.213233,45.151282],[141.213668,45.151648],[141.214496,45.151748],[141.215133,45.151687],[141.216169,45.152255],[141.21686,45.152376],[141.217533,45.152893],[141.218064,45.153179],[141.21823,45.153347],[141.218775,45.153546],[141.21947,45.154053],[141.219935,45.154187],[141.223733,45.152072],[141.226025,45.149789],[141.227221,45.147767],[141.227151,45.147624],[141.227161,45.147508],[141.227273,45.147321],[141.227283,45.147202],[141.227157,45.146402],[141.227199,45.146099],[141.227391,45.145901],[141.227483,45.145723],[141.227508,45.145442],[141.227604,45.145264],[141.227622,45.14511],[141.227762,45.144941],[141.227901,45.14444],[141.228015,45.144223],[141.228882,45.143987],[141.229443,45.143743],[141.230903,45.143275],[141.23117,45.143275],[141.231248,45.143161],[141.231445,45.143073],[141.231732,45.14301],[141.232683,45.142598],[141.233353,45.142378],[141.233679,45.14241],[141.234237,45.142295],[141.237168,45.14188],[141.237349,45.141898],[141.23752,45.141804],[141.238665,45.14148],[141.238804,45.141365],[141.23906,45.141321],[141.239153,45.141172],[141.239308,45.141068],[141.239978,45.140676],[141.240121,45.140668],[141.240171,45.140547],[141.240316,45.140437],[141.240965,45.140103],[141.241692,45.140032],[141.242071,45.140062],[141.242261,45.14014],[141.24321,45.140314],[141.243415,45.140308],[141.243942,45.140093],[141.244671,45.139687],[141.246632,45.13934],[141.246798,45.139536],[141.246862,45.139528],[141.246892,45.139297],[141.24706,45.139265],[141.247349,45.139285],[141.249836,45.139943],[141.249915,45.140127],[141.250824,45.139734],[141.251115,45.13966],[141.25174,45.139645],[141.252719,45.139854],[141.253009,45.139973],[141.253411,45.1403],[141.253848,45.140956],[141.254232,45.141286],[141.25449,45.141386],[141.255376,45.141538],[141.256304,45.1418],[141.256944,45.141851],[141.257408,45.141948],[141.257606,45.141888],[141.257638,45.141589],[141.258288,45.140513],[141.259166,45.139915],[141.259411,45.139726],[141.259538,45.139547],[141.259567,45.139428],[141.259474,45.138853],[141.259518,45.138667],[141.259698,45.138353],[141.260188,45.138038],[141.260374,45.137976],[141.26093,45.138107],[141.26121,45.13823],[141.261554,45.138503],[141.262311,45.138938],[141.263677,45.13992],[141.264517,45.141168],[141.264541,45.141433],[141.264465,45.14174],[141.26478,45.142115],[141.264868,45.142149],[141.265573,45.141862],[141.265973,45.141854],[141.268778,45.142944],[141.268854,45.143028],[141.270286,45.143675],[141.270551,45.143713],[141.270928,45.143645],[141.271224,45.143772],[141.27168,45.144268],[141.273263,45.145102],[141.27351,45.145144],[141.273762,45.145255],[141.273863,45.145374],[141.273952,45.145687],[141.274049,45.145771],[141.275454,45.146406],[141.277887,45.148499],[141.278957,45.150096],[141.27899,45.150196],[141.2789,45.150358],[141.278929,45.150463],[141.279126,45.150604],[141.27935,45.151046],[141.27991,45.152602],[141.280857,45.154991],[141.281353,45.155492],[141.280834,45.156076],[141.281068,45.15625],[141.280895,45.156802],[141.281596,45.157204],[141.281834,45.157691],[141.282022,45.157818],[141.283285,45.158533],[141.283558,45.158106],[141.284281,45.158633],[141.284432,45.158825],[141.284599,45.159323],[141.284327,45.159693],[141.284307,45.16025],[141.28486,45.160592],[141.285909,45.161561],[141.28596,45.161866],[141.285871,45.162065],[141.28626,45.162201],[141.286525,45.162502],[141.28659,45.162672],[141.286598,45.162826],[141.286466,45.163077],[141.286461,45.163201],[141.285928,45.163164],[141.285525,45.163553],[141.285379,45.163994],[141.285115,45.164191],[141.285163,45.164398],[141.284481,45.164794],[141.284527,45.164995],[141.284499,45.165271],[141.284779,45.165392],[141.284841,45.165855],[141.285223,45.165869],[141.285404,45.166056],[141.285476,45.166418],[141.285456,45.16675],[141.285338,45.167087],[141.286312,45.168841],[141.286201,45.169339],[141.286073,45.169604],[141.285914,45.169639],[141.285531,45.169602],[141.284996,45.16976],[141.285339,45.170122],[141.28525,45.170232],[141.285071,45.170302],[141.285196,45.170509],[141.286023,45.171479],[141.285705,45.171829],[141.285585,45.172065],[141.285567,45.172251],[141.285861,45.172747],[141.286212,45.173164],[141.286338,45.173506],[141.28638,45.17381],[141.286351,45.176201],[141.285976,45.177497],[141.285974,45.1779],[141.286125,45.178416],[141.286135,45.178736],[141.286419,45.179088],[141.28655,45.179334],[141.286639,45.179614],[141.286654,45.179857],[141.287769,45.180313],[141.288033,45.180652],[141.288402,45.180919],[141.28845,45.181085],[141.288791,45.181251],[141.288784,45.181323],[141.288477,45.181372],[141.288371,45.181481],[141.288364,45.182],[141.288168,45.182727],[141.28823,45.183001],[141.287928,45.183445],[141.287608,45.184064],[141.285318,45.185391],[141.285145,45.186026],[141.284923,45.186477],[141.284869,45.186658],[141.284863,45.186971],[141.284739,45.18726],[141.283806,45.187703],[141.282601,45.187757],[141.282508,45.188018],[141.282081,45.188535],[141.281884,45.188946],[141.281895,45.189298],[141.281735,45.189659],[141.281534,45.189702],[141.280976,45.189701],[141.28086,45.189757],[141.280848,45.189819],[141.281094,45.19014],[141.281058,45.190387],[141.280925,45.190652],[141.280511,45.190892],[141.280552,45.191149],[141.280474,45.191446],[141.280567,45.191872],[141.280484,45.192013],[141.27946,45.192213],[141.279442,45.192249],[141.279588,45.192459],[141.279578,45.192519],[141.279299,45.192889],[141.279037,45.192956],[141.279005,45.193135],[141.278808,45.193227],[141.278785,45.193335],[141.278572,45.1933],[141.278561,45.193451],[141.278293,45.193428],[141.277441,45.193825],[141.276447,45.193962],[141.276275,45.194039],[141.276157,45.194195],[141.276264,45.194479],[141.276065,45.194616],[141.275936,45.194911],[141.275823,45.195037],[141.275328,45.195494],[141.274975,45.195636],[141.274583,45.195579],[141.274453,45.195716],[141.274306,45.195787],[141.273057,45.196133],[141.273023,45.196163],[141.273065,45.1967],[141.273017,45.196951],[141.272878,45.197098],[141.27257,45.197243],[141.272537,45.197748],[141.272455,45.197947],[141.271791,45.198201],[141.270835,45.198361],[141.270362,45.198739],[141.270511,45.198818],[141.270534,45.199045],[141.269919,45.199128],[141.270209,45.199527],[141.270231,45.19963],[141.269173,45.199764],[141.269237,45.200094],[141.269206,45.200273],[141.269146,45.200349],[141.269023,45.200417],[141.268802,45.200445],[141.26828,45.200446],[141.268473,45.200691],[141.268543,45.200877],[141.268047,45.200834],[141.267981,45.201077],[141.267867,45.201115],[141.267913,45.201429],[141.267556,45.201582],[141.267191,45.202],[141.266721,45.20225],[141.26666,45.202922],[141.266606,45.203044],[141.266431,45.203103],[141.266486,45.203321],[141.266325,45.203633],[141.266184,45.203777],[141.266158,45.204459],[141.266082,45.204741],[141.26553,45.204712],[141.265209,45.205367],[141.265186,45.205891],[141.264894,45.206532],[141.264885,45.206922],[141.264801,45.207207],[141.264353,45.206891],[141.26425,45.206926],[141.264208,45.207452],[141.26413,45.207692],[141.263723,45.207974],[141.263197,45.208248],[141.262841,45.208374],[141.262581,45.208376],[141.262006,45.208274],[141.261869,45.208127],[141.261523,45.208112],[141.260668,45.208586],[141.259757,45.209319],[141.25902,45.209813],[141.258628,45.210001],[141.258405,45.210179],[141.257981,45.210294],[141.257071,45.210369],[141.256399,45.210683],[141.256235,45.210807],[141.256074,45.210835],[141.255716,45.210796],[141.255169,45.210642],[141.254633,45.21036],[141.253891,45.210428],[141.253693,45.210567],[141.253525,45.210591],[141.252986,45.210199],[141.25287,45.210169],[141.252787,45.21047],[141.252681,45.210631],[141.252467,45.210781],[141.252237,45.210831],[141.251919,45.211251],[141.250383,45.211492],[141.250341,45.211571],[141.249725,45.211699],[141.247975,45.211826],[141.246725,45.212145],[141.246327,45.212158],[141.244316,45.212505],[141.243843,45.21265],[141.243396,45.212912],[141.243419,45.213003],[141.242825,45.213613],[141.242504,45.213669],[141.242134,45.214218],[141.242023,45.214488],[141.241792,45.214561],[141.241656,45.214672],[141.240429,45.214633],[141.23946,45.214856],[141.23886,45.214576],[141.23636,45.214814],[141.236021,45.215062],[141.235086,45.214993],[141.234201,45.21457],[141.233373,45.214624],[141.232375,45.214863],[141.231731,45.214665],[141.231273,45.214829],[141.230996,45.215158],[141.229852,45.215352],[141.229773,45.215429],[141.22944,45.215293],[141.228863,45.215599]],[[141.240872,45.212573],[141.241039,45.212549],[141.241187,45.212458],[141.241277,45.212307],[141.241389,45.211652],[141.241346,45.211001],[141.241133,45.210548],[141.241025,45.21015],[141.24069,45.209506],[141.240662,45.209316],[141.24,45.208645],[141.23996,45.208412],[141.239993,45.208115],[141.240047,45.20803],[141.24018,45.207961],[141.240577,45.207966],[141.240817,45.208047],[141.241064,45.208263],[141.241325,45.208331],[141.241497,45.208478],[141.241683,45.208539],[141.242519,45.208538],[141.242637,45.208606],[141.24272,45.209052],[141.242605,45.209279],[141.242648,45.20958],[141.242843,45.20983],[141.243106,45.210057],[141.243324,45.210155],[141.243451,45.210095],[141.243559,45.209817],[141.243826,45.209381],[141.244031,45.209171],[141.244855,45.208911],[141.245125,45.208702],[141.245375,45.20832],[141.245557,45.208211],[141.245904,45.20842],[141.246094,45.208647],[141.246358,45.209226],[141.246457,45.20934],[141.246826,45.209298],[141.247222,45.209175],[141.247423,45.209259],[141.247951,45.209724],[141.248238,45.209859],[141.248381,45.209853],[141.248569,45.209802],[141.248838,45.209569],[141.248899,45.209432],[141.249025,45.208472],[141.2492,45.20837],[141.249838,45.208437],[141.250101,45.208325],[141.250511,45.207964],[141.250708,45.207549],[141.250797,45.207256],[141.250547,45.206183],[141.250505,45.205605],[141.250538,45.205024],[141.250656,45.204867],[141.250813,45.204834],[141.251121,45.204889],[141.251583,45.205247],[141.252033,45.205891],[141.2523,45.20601],[141.252694,45.206005],[141.253362,45.205864],[141.253691,45.205765],[141.253838,45.205672],[141.254039,45.205399],[141.254198,45.204796],[141.254321,45.204661],[141.255251,45.204588],[141.255772,45.204344],[141.256042,45.204298],[141.25655,45.204418],[141.257117,45.204675],[141.257713,45.20477],[141.258421,45.204797],[141.259278,45.204908],[141.259656,45.204928],[141.260714,45.204866],[141.261017,45.20477],[141.261224,45.204638],[141.261414,45.20431],[141.261414,45.204036],[141.261248,45.203297],[141.260945,45.202315],[141.260865,45.201002],[141.260891,45.200812],[141.261009,45.200527],[141.261376,45.20016],[141.26139,45.20006],[141.261273,45.199919],[141.25979,45.198837],[141.259564,45.19855],[141.259569,45.19842],[141.259677,45.198278],[141.260031,45.198225],[141.260565,45.198285],[141.262551,45.198638],[141.26285,45.198651],[141.263283,45.198574],[141.263472,45.198335],[141.263401,45.197597],[141.263596,45.196995],[141.264063,45.196428],[141.26464,45.196219],[141.264945,45.196217],[141.265326,45.196295],[141.266678,45.196785],[141.267108,45.196826],[141.267314,45.196804],[141.267374,45.196733],[141.267364,45.196625],[141.267206,45.196479],[141.266752,45.196221],[141.266885,45.196049],[141.263939,45.194873],[141.263423,45.194144],[141.262828,45.193594],[141.262666,45.193227],[141.262343,45.192848],[141.262351,45.192694],[141.262495,45.192569],[141.262685,45.192551],[141.263038,45.192623],[141.263701,45.192861],[141.263914,45.193031],[141.264669,45.193964],[141.264916,45.194204],[141.265346,45.194504],[141.266104,45.194836],[141.267196,45.195207],[141.26735,45.195199],[141.267532,45.195123],[141.267672,45.194994],[141.267644,45.194769],[141.267535,45.194621],[141.266842,45.194009],[141.266457,45.193416],[141.266652,45.192813],[141.266689,45.19246],[141.266555,45.192272],[141.266562,45.192178],[141.266729,45.192019],[141.267164,45.192044],[141.267508,45.192131],[141.267936,45.192331],[141.268576,45.192776],[141.268925,45.192732],[141.269215,45.192445],[141.269703,45.191758],[141.26969,45.191663],[141.269157,45.191198],[141.268972,45.190933],[141.268982,45.190848],[141.26912,45.190774],[141.270408,45.190956],[141.271259,45.191397],[141.271518,45.191436],[141.271578,45.191357],[141.271565,45.191209],[141.271859,45.190736],[141.271816,45.190368],[141.271844,45.189595],[141.271491,45.18885],[141.271481,45.188531],[141.271146,45.187702],[141.271202,45.187589],[141.273313,45.188414],[141.275152,45.18872],[141.27737,45.187918],[141.278393,45.187183],[141.279161,45.18693],[141.279366,45.184957],[141.278564,45.184358],[141.279096,45.183982],[141.279355,45.18368],[141.279402,45.183321],[141.279315,45.182374],[141.279144,45.181534],[141.278467,45.181196],[141.277874,45.181165],[141.276177,45.181404],[141.275581,45.181367],[141.273287,45.181599],[141.273173,45.181651],[141.272765,45.180185],[141.272359,45.180066],[141.27161,45.179578],[141.271053,45.179323],[141.270489,45.179083],[141.270115,45.179022],[141.268798,45.178308],[141.268825,45.178227],[141.27099,45.178201],[141.272514,45.177956],[141.273712,45.177539],[141.274031,45.177344],[141.273471,45.176912],[141.273384,45.176735],[141.275906,45.176058],[141.275935,45.175995],[141.275878,45.175919],[141.275524,45.175806],[141.275302,45.175671],[141.274684,45.175625],[141.272973,45.174699],[141.271062,45.173915],[141.269817,45.172896],[141.269412,45.172446],[141.270249,45.171104],[141.27152,45.170903],[141.272738,45.170843],[141.273674,45.170674],[141.274977,45.170344],[141.275957,45.169854],[141.276589,45.169606],[141.276842,45.169287],[141.277015,45.168914],[141.276667,45.168738],[141.275959,45.168535],[141.275583,45.168374],[141.274689,45.168289],[141.274238,45.168181],[141.273627,45.167697],[141.273027,45.167015],[141.272331,45.166609],[141.272269,45.166516],[141.272278,45.16642],[141.272392,45.166313],[141.27302,45.16609],[141.274717,45.165747],[141.277078,45.164975],[141.277651,45.164667],[141.278025,45.164233],[141.278076,45.164028],[141.278034,45.163723],[141.277848,45.163478],[141.27722,45.163238],[141.277056,45.163102],[141.27704,45.163039],[141.277046,45.16296],[141.277173,45.162786],[141.277933,45.16235],[141.278103,45.162187],[141.278143,45.161821],[141.278107,45.161712],[141.277917,45.161429],[141.277656,45.161257],[141.277278,45.16121],[141.276167,45.161436],[141.275605,45.161449],[141.274617,45.161221],[141.274216,45.161081],[141.273757,45.160718],[141.27314,45.159808],[141.272861,45.15986],[141.272084,45.159065],[141.270874,45.158684],[141.270283,45.158549],[141.26961,45.158466],[141.268924,45.15856],[141.267672,45.158413],[141.267352,45.158285],[141.267153,45.158079],[141.266755,45.158164],[141.266192,45.158206],[141.266022,45.158263],[141.265979,45.158365],[141.265572,45.158324],[141.265101,45.158167],[141.264825,45.157971],[141.264783,45.157871],[141.26487,45.157646],[141.26508,45.157378],[141.265501,45.15703],[141.265991,45.156731],[141.26648,45.156507],[141.266929,45.156528],[141.267189,45.156593],[141.26747,45.156546],[141.267592,45.156398],[141.26758,45.156165],[141.267622,45.156048],[141.267895,45.155849],[141.268081,45.155825],[141.268974,45.155932],[141.269287,45.155901],[141.269657,45.155763],[141.269953,45.155577],[141.270692,45.154738],[141.270868,45.154672],[141.271648,45.154656],[141.272655,45.15477],[141.272821,45.154711],[141.273457,45.15399],[141.274107,45.153564],[141.273888,45.151553],[141.272438,45.151057],[141.271061,45.150865],[141.269808,45.150833],[141.269695,45.150717],[141.269628,45.150576],[141.269654,45.150478],[141.27034,45.14948],[141.270348,45.148985],[141.270591,45.147891],[141.270443,45.147385],[141.270632,45.146876],[141.270656,45.146653],[141.27045,45.146393],[141.270335,45.146139],[141.27028,45.145711],[141.270241,45.145799],[141.270128,45.145543],[141.270017,45.145524],[141.269737,45.145685],[141.269564,45.145943],[141.269517,45.14611],[141.269431,45.146189],[141.26938,45.146356],[141.268716,45.146367],[141.26639,45.146125],[141.264926,45.14603],[141.26275,45.145367],[141.261914,45.145309],[141.260802,45.145774],[141.260476,45.14581],[141.258876,45.14579],[141.258486,45.145846],[141.258105,45.146029],[141.257849,45.146356],[141.257236,45.147765],[141.256794,45.14855],[141.256707,45.14863],[141.256508,45.148676],[141.256351,45.148414],[141.256236,45.14834],[141.255796,45.148302],[141.255526,45.148107],[141.254936,45.147869],[141.254619,45.147571],[141.25413,45.147258],[141.253986,45.147221],[141.253255,45.14731],[141.252569,45.147226],[141.252126,45.147053],[141.251842,45.146698],[141.251612,45.146622],[141.251455,45.146297],[141.251188,45.146051],[141.250731,45.145891],[141.250271,45.145826],[141.250004,45.145735],[141.249344,45.146366],[141.249024,45.146732],[141.248724,45.147241],[141.248508,45.147428],[141.248185,45.147578],[141.247876,45.147553],[141.247935,45.148477],[141.247811,45.148668],[141.247522,45.148894],[141.247376,45.149427],[141.2473,45.149522],[141.247268,45.150562],[141.247152,45.150966],[141.246913,45.151511],[141.246545,45.151664],[141.246254,45.151852],[141.24593,45.152426],[141.245326,45.152614],[141.244887,45.153217],[141.244822,45.152902],[141.244826,45.152572],[141.244979,45.152168],[141.245207,45.151952],[141.245344,45.15174],[141.245337,45.151558],[141.244366,45.151105],[141.243122,45.150612],[141.241738,45.150287],[141.240909,45.150208],[141.240184,45.150205],[141.239411,45.150262],[141.238716,45.150407],[141.238038,45.150484],[141.237757,45.150391],[141.237585,45.15022],[141.237509,45.149948],[141.237369,45.149774],[141.237099,45.149673],[141.236759,45.149625],[141.236609,45.149665],[141.236414,45.149841],[141.236033,45.150308],[141.235234,45.151502],[141.235142,45.151545],[141.23499,45.151376],[141.234929,45.151205],[141.234955,45.150653],[141.234804,45.150317],[141.234063,45.150048],[141.233861,45.150028],[141.232744,45.150409],[141.23204,45.15048],[141.231773,45.150613],[141.231574,45.150904],[141.231409,45.151026],[141.231106,45.151148],[141.230248,45.151202],[141.230041,45.151268],[141.229926,45.151444],[141.23019,45.152465],[141.230204,45.152603],[141.230111,45.153046],[141.229921,45.153385],[141.229248,45.153955],[141.228654,45.154679],[141.228437,45.155076],[141.228311,45.155674],[141.230478,45.15935],[141.230847,45.160243],[141.2307,45.16079],[141.230696,45.160987],[141.230259,45.16119],[141.229496,45.161305],[141.228808,45.161609],[141.227934,45.161755],[141.22706,45.162138],[141.226351,45.162152],[141.225927,45.162098],[141.225162,45.162095],[141.224673,45.162154],[141.224002,45.162406],[141.223686,45.162462],[141.222499,45.16253],[141.219919,45.162445],[141.219613,45.162475],[141.216083,45.160551],[141.215085,45.160793],[141.214319,45.161475],[141.211762,45.161508],[141.212539,45.163548],[141.213029,45.164325],[141.213309,45.164575],[141.214427,45.165189],[141.215662,45.165977],[141.216626,45.165949],[141.216446,45.166165],[141.216141,45.166481],[141.215668,45.166838],[141.214519,45.167286],[141.21371,45.167529],[141.213217,45.167468],[141.211117,45.166796],[141.210339,45.16644],[141.209219,45.165688],[141.208531,45.165364],[141.208381,45.165363],[141.207211,45.165764],[141.206898,45.165918],[141.206486,45.166348],[141.206286,45.166907],[141.206295,45.167229],[141.206406,45.167688],[141.206021,45.168292],[141.205672,45.168716],[141.204701,45.168629],[141.204221,45.168653],[141.203626,45.168732],[141.203139,45.168873],[141.202685,45.169177],[141.202288,45.169705],[141.201756,45.170701],[141.201851,45.171349],[141.202221,45.171725],[141.202999,45.172133],[141.204392,45.172703],[141.20643,45.173763],[141.206541,45.173987],[141.206565,45.174294],[141.206536,45.174805],[141.206398,45.174984],[141.206247,45.175067],[141.206052,45.175069],[141.205445,45.174944],[141.20528,45.175127],[141.205144,45.175634],[141.205179,45.175744],[141.204357,45.176388],[141.203142,45.176366],[141.201629,45.176521],[141.201118,45.17649],[141.200234,45.176323],[141.199282,45.175953],[141.198958,45.175648],[141.198587,45.175417],[141.197514,45.175155],[141.197311,45.175158],[141.196997,45.17527],[141.195972,45.17531],[141.19571,45.175461],[141.195119,45.176352],[141.194903,45.177093],[141.194864,45.177588],[141.195269,45.178111],[141.195242,45.178203],[141.194496,45.178335],[141.194379,45.178421],[141.194256,45.178744],[141.194342,45.178957],[141.194688,45.179415],[141.195257,45.179812],[141.19584,45.180035],[141.195374,45.180256],[141.194947,45.180379],[141.194786,45.180572],[141.194673,45.18104],[141.19476,45.181348],[141.194948,45.181583],[141.196195,45.181688],[141.196468,45.182285],[141.196594,45.18277],[141.196526,45.182967],[141.19638,45.183119],[141.196019,45.183234],[141.195535,45.183302],[141.19414,45.183257],[141.192634,45.183097],[141.192028,45.183091],[141.191597,45.183172],[141.191454,45.18331],[141.191469,45.183474],[141.1919,45.184071],[141.191942,45.18422],[141.19192,45.184419],[141.191545,45.184719],[141.191483,45.184869],[141.191516,45.185109],[141.191679,45.185447],[141.192133,45.185833],[141.192112,45.185936],[141.191417,45.186205],[141.191051,45.186046],[141.190907,45.186031],[141.190088,45.186264],[141.189251,45.187027],[141.189043,45.187311],[141.189016,45.187586],[141.188898,45.187895],[141.188933,45.188126],[141.188882,45.18862],[141.189023,45.189025],[141.189057,45.189287],[141.189352,45.189496],[141.189558,45.189565],[141.189884,45.189573],[141.190155,45.189635],[141.190489,45.189548],[141.191014,45.189816],[141.192393,45.189362],[141.192657,45.189044],[141.192852,45.189096],[141.193824,45.189162],[141.194216,45.189314],[141.194224,45.189502],[141.194064,45.189864],[141.194145,45.190173],[141.194288,45.190431],[141.194292,45.190558],[141.194203,45.190625],[141.194021,45.190602],[141.193488,45.190323],[141.193429,45.190336],[141.193274,45.190645],[141.193289,45.191124],[141.193348,45.191291],[141.193657,45.191628],[141.193933,45.191683],[141.194254,45.191661],[141.194984,45.191528],[141.195478,45.191332],[141.196555,45.191059],[141.197017,45.190891],[141.197543,45.190816],[141.198191,45.190537],[141.198824,45.190494],[141.199606,45.190284],[141.199934,45.190499],[141.200316,45.190473],[141.201974,45.189915],[141.202322,45.189994],[141.202513,45.190306],[141.202403,45.190494],[141.202515,45.19093],[141.202217,45.191173],[141.202138,45.1913],[141.202217,45.191555],[141.202148,45.19185],[141.202267,45.192083],[141.202737,45.192413],[141.2032,45.192208],[141.20368,45.192288],[141.203767,45.192353],[141.203813,45.192647],[141.203447,45.193027],[141.203238,45.193689],[141.203227,45.193759],[141.203273,45.193779],[141.203749,45.19384],[141.203992,45.193782],[141.204196,45.193887],[141.204452,45.194204],[141.20509,45.19397],[141.205371,45.193635],[141.205693,45.193617],[141.205874,45.193489],[141.206787,45.193558],[141.206928,45.193765],[141.207073,45.193829],[141.207288,45.193763],[141.20774,45.193461],[141.207926,45.193449],[141.208235,45.193287],[141.208601,45.193234],[141.20895,45.193321],[141.209053,45.193393],[141.209577,45.193903],[141.210036,45.194143],[141.210582,45.194618],[141.21077,45.194562],[141.211157,45.194084],[141.211318,45.193983],[141.212476,45.194347],[141.212588,45.19443],[141.212599,45.194583],[141.212299,45.195087],[141.212045,45.195776],[141.21135,45.196374],[141.211466,45.196466],[141.2113,45.196674],[141.210499,45.196878],[141.209904,45.197398],[141.20957,45.198006],[141.209367,45.198089],[141.209097,45.198602],[141.209328,45.198863],[141.209164,45.199592],[141.209268,45.199708],[141.209288,45.1998],[141.209573,45.199964],[141.210165,45.200927],[141.211633,45.200605],[141.21213,45.20101],[141.21248,45.201026],[141.212719,45.201172],[141.213103,45.201232],[141.213296,45.201344],[141.213475,45.201477],[141.213524,45.201735],[141.214023,45.202323],[141.214722,45.202327],[141.21485,45.202518],[141.214695,45.203236],[141.214574,45.2035],[141.2145,45.203586],[141.214254,45.203671],[141.214114,45.20411],[141.213986,45.204243],[141.213245,45.204748],[141.213154,45.204852],[141.213083,45.205284],[141.212841,45.205652],[141.212634,45.205869],[141.21258,45.206007],[141.212571,45.206307],[141.212794,45.206281],[141.213294,45.206087],[141.213496,45.206087],[141.213946,45.205922],[141.214314,45.205948],[141.215113,45.205796],[141.215899,45.205784],[141.21614,45.205715],[141.216426,45.205731],[141.216551,45.205788],[141.216667,45.206017],[141.216519,45.206708],[141.216498,45.207046],[141.217045,45.207524],[141.217403,45.2076],[141.217591,45.207585],[141.218173,45.207293],[141.21858,45.207161],[141.21878,45.207161],[141.218924,45.207425],[141.218934,45.207575],[141.218868,45.207798],[141.21923,45.20783],[141.219574,45.207736],[141.219877,45.207554],[141.220127,45.207248],[141.220275,45.207158],[141.220391,45.207152],[141.2205,45.2072],[141.220601,45.207354],[141.220703,45.208116],[141.22087,45.208366],[141.221082,45.208492],[141.221717,45.208438],[141.222254,45.208284],[141.222421,45.208184],[141.222752,45.207839],[141.223397,45.206399],[141.223576,45.206361],[141.223624,45.206393],[141.22356,45.20691],[141.223571,45.207246],[141.223673,45.207419],[141.223825,45.207496],[141.224241,45.207581],[141.224286,45.207668],[141.223527,45.210535],[141.223612,45.210651],[141.224581,45.211024],[141.224707,45.211127],[141.224823,45.211329],[141.225037,45.211447],[141.225327,45.211339],[141.225896,45.210677],[141.226245,45.210543],[141.226526,45.210099],[141.227386,45.209237],[141.227963,45.208545],[141.228395,45.208155],[141.228423,45.208273],[141.228318,45.208629],[141.228359,45.208717],[141.228587,45.208739],[141.228929,45.208621],[141.22922,45.208429],[141.229754,45.207941],[141.230267,45.207805],[141.230491,45.207842],[141.230615,45.207914],[141.230702,45.20804],[141.230679,45.208169],[141.23059,45.208416],[141.229695,45.209926],[141.229448,45.2108],[141.230176,45.210871],[141.230355,45.210836],[141.230488,45.210722],[141.230695,45.210362],[141.231596,45.209276],[141.231675,45.208889],[141.231695,45.208319],[141.231843,45.208222],[141.232297,45.208169],[141.232595,45.208253],[141.232574,45.208701],[141.232725,45.209193],[141.233025,45.209246],[141.233274,45.209215],[141.233459,45.209618],[141.233708,45.210364],[141.233705,45.210555],[141.23409,45.211303],[141.234306,45.211599],[141.234445,45.211694],[141.234675,45.211727],[141.234828,45.211674],[141.235161,45.211343],[141.235265,45.210732],[141.23503,45.209082],[141.234847,45.208582],[141.234047,45.207443],[141.234041,45.207323],[141.234177,45.207161],[141.234316,45.207063],[141.234551,45.207056],[141.234691,45.207126],[141.235321,45.207772],[141.235858,45.208145],[141.236736,45.208385],[141.237625,45.208459],[141.23797,45.208538],[141.238303,45.208708],[141.238635,45.20907],[141.238681,45.209205],[141.238716,45.209349],[141.238593,45.209555],[141.238615,45.20968],[141.238753,45.20977],[141.239292,45.209898],[141.23969,45.210192],[141.239804,45.210378],[141.239827,45.210599],[141.240139,45.210902],[141.240316,45.211164],[141.240441,45.21164],[141.240417,45.21188],[141.240508,45.212453],[141.240872,45.212573]]],[[[140.97254,45.472333],[140.972657,45.472492],[140.972575,45.472637],[140.97251,45.472726],[140.972325,45.472691],[140.972273,45.472616],[140.972265,45.472408],[140.972379,45.472293],[140.97254,45.472333]]],[[[140.964428,45.48012],[140.964342,45.480261],[140.964208,45.480285],[140.964043,45.480217],[140.96398,45.480134],[140.963701,45.48009],[140.963627,45.480136],[140.963467,45.480125],[140.963407,45.480088],[140.963498,45.47991],[140.963621,45.479804],[140.963883,45.479722],[140.963892,45.479632],[140.963815,45.479574],[140.963786,45.479452],[140.963712,45.479419],[140.963692,45.479271],[140.96343,45.479304],[140.963351,45.47926],[140.963333,45.479204],[140.963402,45.479084],[140.963638,45.478992],[140.963524,45.478906],[140.963042,45.478911],[140.962686,45.47883],[140.962635,45.478774],[140.962792,45.478698],[140.963014,45.478714],[140.96302,45.478633],[140.962846,45.478589],[140.962721,45.478492],[140.962752,45.478411],[140.963396,45.478256],[140.963584,45.478136],[140.96347,45.478089],[140.963462,45.478013],[140.963838,45.477986],[140.963889,45.477932],[140.963881,45.477556],[140.963624,45.477371],[140.96339,45.477449],[140.963333,45.477414],[140.963182,45.477486],[140.96294,45.477368],[140.962826,45.477368],[140.962518,45.477148],[140.962493,45.477065],[140.962304,45.476963],[140.962262,45.476876],[140.962273,45.476674],[140.962618,45.476556],[140.962874,45.476619],[140.962977,45.476589],[140.963191,45.476688],[140.963299,45.476797],[140.963365,45.476697],[140.963236,45.476491],[140.963216,45.476286],[140.963328,45.476219],[140.963576,45.476276],[140.96363,45.476177],[140.963328,45.476073],[140.963285,45.475948],[140.963419,45.47589],[140.963647,45.475934],[140.963658,45.475881],[140.963524,45.47577],[140.963302,45.47577],[140.963168,45.47571],[140.963034,45.475552],[140.963362,45.475257],[140.963556,45.475217],[140.963621,45.475155],[140.963921,45.475116],[140.964314,45.475164],[140.964402,45.475194],[140.964392,45.475246],[140.965814,45.475736],[140.966121,45.47573],[140.965877,45.475376],[140.965943,45.475337],[140.966205,45.475709],[140.966514,45.475608],[140.9665,45.475506],[140.966611,45.475419],[140.966839,45.475492],[140.966911,45.47558],[140.967024,45.475569],[140.967082,45.475333],[140.967173,45.475266],[140.967392,45.475335],[140.967455,45.475518],[140.967575,45.475513],[140.967649,45.475402],[140.967649,45.475307],[140.967809,45.475106],[140.968051,45.475023],[140.968211,45.475083],[140.968273,45.475254],[140.968259,45.475393],[140.968447,45.475428],[140.968752,45.475236],[140.968946,45.475199],[140.969148,45.475201],[140.969424,45.47528],[140.969484,45.475358],[140.969673,45.475451],[140.969698,45.475546],[140.969966,45.475684],[140.969978,45.475812],[140.969695,45.475971],[140.969644,45.476129],[140.969878,45.476256],[140.969952,45.476462],[140.970174,45.476603],[140.970183,45.476686],[140.970339,45.476776],[140.970411,45.476957],[140.970377,45.477033],[140.970513,45.477089],[140.970619,45.477199],[140.970639,45.477267],[140.970593,45.477334],[140.97069,45.477614],[140.970938,45.477604],[140.971001,45.477685],[140.971132,45.477734],[140.9711,45.47788],[140.970912,45.477963],[140.971006,45.478018],[140.971072,45.478349],[140.971043,45.478409],[140.970935,45.478457],[140.970912,45.478601],[140.970772,45.478638],[140.970684,45.478724],[140.970528,45.478714],[140.970399,45.478821],[140.970519,45.478862],[140.970679,45.479036],[140.970639,45.479084],[140.970693,45.479126],[140.970696,45.47926],[140.970938,45.479602],[140.970912,45.479665],[140.970493,45.479639],[140.970294,45.479549],[140.970234,45.479457],[140.97014,45.479438],[140.970071,45.479292],[140.970094,45.479214],[140.970017,45.479158],[140.97004,45.478957],[140.969966,45.478918],[140.969983,45.478754],[140.970063,45.478654],[140.969998,45.478511],[140.969607,45.478252],[140.969464,45.478252],[140.969382,45.478152],[140.969205,45.478131],[140.969009,45.477986],[140.968546,45.477851],[140.968314,45.477846],[140.967931,45.477947],[140.967755,45.478076],[140.967739,45.47811],[140.968011,45.478307],[140.967956,45.478395],[140.967817,45.478471],[140.967426,45.4784],[140.967352,45.478347],[140.967318,45.478238],[140.967444,45.478149],[140.96702,45.477981],[140.966573,45.478003],[140.965974,45.478211],[140.965439,45.478633],[140.965191,45.478937],[140.965249,45.479072],[140.96534,45.479142],[140.965243,45.479392],[140.964801,45.479614],[140.964448,45.479644],[140.964331,45.479757],[140.964659,45.479898],[140.964533,45.479942],[140.964282,45.479903],[140.964394,45.480012],[140.964428,45.48012]]],[[[140.968098,45.48377],[140.967961,45.483792],[140.967891,45.48373],[140.967788,45.483734],[140.967575,45.483606],[140.967581,45.483469],[140.9677,45.483377],[140.967847,45.483443],[140.967994,45.48354],[140.968098,45.48377]]],[[[140.961727,45.504726],[140.961795,45.504862],[140.961707,45.504893],[140.961458,45.504849],[140.961366,45.504751],[140.961093,45.5047],[140.961065,45.504656],[140.961097,45.504513],[140.961172,45.504458],[140.961404,45.504464],[140.961727,45.504726]]],[[[140.962032,45.505486],[140.962072,45.505601],[140.961951,45.505602],[140.961911,45.50553],[140.962032,45.505486]]],[[[140.974438,45.505797],[140.974143,45.507012],[140.973614,45.508187],[140.972862,45.509301],[140.971901,45.510331],[140.970748,45.51126],[140.969426,45.512069],[140.967958,45.512743],[140.966374,45.51327],[140.964701,45.51364],[140.962973,45.513846],[140.96122,45.513884],[140.959477,45.513752],[140.957776,45.513455],[140.956149,45.512997],[140.954625,45.512387],[140.953235,45.511636],[140.952598,45.511212],[140.951456,45.510277],[140.9505,45.509236],[140.949755,45.508105],[140.949467,45.507515],[140.949069,45.506301],[140.948961,45.505682],[140.948914,45.50506],[140.948928,45.504436],[140.949004,45.503815],[140.949141,45.503199],[140.949594,45.501994],[140.949909,45.501411],[140.95028,45.500845],[140.951185,45.499774],[140.949959,45.498922],[140.948907,45.497962],[140.948048,45.496911],[140.947696,45.496358],[140.947155,45.495207],[140.946839,45.494016],[140.946753,45.492805],[140.946797,45.4922],[140.947058,45.491002],[140.947274,45.490415],[140.947872,45.489279],[140.948682,45.488209],[140.949689,45.487225],[140.950874,45.486346],[140.951527,45.48595],[140.95294,45.485256],[140.953535,45.485808],[140.954218,45.486346],[140.95496,45.486844],[140.955786,45.487319],[140.957451,45.488065],[140.95926,45.488621],[140.960325,45.488857],[140.961296,45.489046],[140.963286,45.489259],[140.964293,45.489282],[140.966298,45.489161],[140.967418,45.488995],[140.969152,45.488593],[140.970299,45.488661],[140.971401,45.488656],[140.972527,45.48859],[140.973506,45.488475],[140.974469,45.488307],[140.976326,45.487817],[140.978053,45.48713],[140.978969,45.486648],[140.978442,45.487768],[140.977712,45.48883],[140.97679,45.489815],[140.976263,45.490274],[140.975693,45.490707],[140.97444,45.491491],[140.973051,45.492152],[140.972314,45.492434],[140.972301,45.493627],[140.97221,45.494221],[140.971862,45.495389],[140.971297,45.496515],[140.970936,45.497056],[140.970065,45.49808],[140.97131,45.498947],[140.972376,45.499926],[140.973241,45.500998],[140.973593,45.501563],[140.974129,45.502736],[140.974432,45.50395],[140.974494,45.504565],[140.974496,45.505182],[140.974438,45.505797]],[[140.961968,45.505479],[140.961911,45.505558],[140.961994,45.505617],[140.962072,45.505601],[140.962032,45.505486],[140.961968,45.505479]],[[140.961366,45.504751],[140.961458,45.504849],[140.961707,45.504893],[140.961795,45.504862],[140.961727,45.504726],[140.961404,45.504464],[140.961172,45.504458],[140.961097,45.504513],[140.961093,45.5047],[140.961366,45.504751]]],[[[140.962041,45.474388],[140.961892,45.474498],[140.961796,45.474509],[140.961504,45.474464],[140.961392,45.474387],[140.961054,45.474391],[140.960887,45.473985],[140.960986,45.473668],[140.961126,45.473581],[140.961306,45.473572],[140.961525,45.473784],[140.961605,45.473621],[140.961732,45.473594],[140.961844,45.473699],[140.962164,45.473649],[140.962259,45.473711],[140.962467,45.473705],[140.962611,45.473767],[140.962691,45.473857],[140.962723,45.474059],[140.962603,45.474172],[140.962356,45.4742],[140.962347,45.474279],[140.962276,45.474335],[140.962028,45.474312],[140.962041,45.474388]]],[[[140.967377,45.464208],[140.96726,45.46421],[140.967024,45.464091],[140.967027,45.463916],[140.967189,45.463782],[140.967349,45.463366],[140.967339,45.463142],[140.967186,45.463034],[140.966982,45.462977],[140.966898,45.462877],[140.966776,45.462824],[140.966751,45.462657],[140.96668,45.462542],[140.966765,45.46241],[140.966778,45.462213],[140.966884,45.462067],[140.966955,45.46199],[140.967058,45.461966],[140.967254,45.461776],[140.967249,45.461721],[140.967436,45.461597],[140.967339,45.461536],[140.967344,45.461463],[140.967676,45.461123],[140.967747,45.460935],[140.967876,45.460801],[140.967892,45.460345],[140.96774,45.460069],[140.967261,45.459462],[140.967157,45.459411],[140.966924,45.459491],[140.966813,45.459416],[140.966603,45.459394],[140.966424,45.459246],[140.966456,45.459162],[140.966418,45.4591],[140.966456,45.459061],[140.966546,45.45903],[140.966679,45.459078],[140.96683,45.45904],[140.966926,45.458837],[140.966926,45.458629],[140.966782,45.458477],[140.966498,45.458545],[140.966389,45.45849],[140.966264,45.458494],[140.96618,45.458415],[140.966109,45.458199],[140.966137,45.458135],[140.966278,45.458079],[140.966318,45.458117],[140.966438,45.458004],[140.966494,45.457875],[140.966486,45.45774],[140.966374,45.457589],[140.966191,45.457554],[140.96611,45.457471],[140.966028,45.45746],[140.96593,45.457349],[140.965914,45.45725],[140.965952,45.457137],[140.966248,45.456947],[140.966591,45.45697],[140.966758,45.457026],[140.966902,45.456936],[140.966966,45.456835],[140.967038,45.455895],[140.966974,45.455754],[140.966817,45.455696],[140.966616,45.455524],[140.966654,45.455383],[140.966726,45.45531],[140.967049,45.455203],[140.967501,45.454702],[140.967477,45.454579],[140.967309,45.454303],[140.967429,45.45423],[140.967533,45.454247],[140.967765,45.454185],[140.967837,45.454022],[140.967853,45.453847],[140.967901,45.453786],[140.967829,45.453741],[140.967797,45.453555],[140.967653,45.453532],[140.967573,45.453426],[140.967565,45.453291],[140.967517,45.453268],[140.967605,45.453049],[140.967557,45.452902],[140.967693,45.452745],[140.967829,45.4527],[140.967781,45.453009],[140.968228,45.452942],[140.968372,45.453015],[140.968524,45.452914],[140.968436,45.452649],[140.968587,45.452554],[140.968723,45.452548],[140.969107,45.452722],[140.969227,45.452728],[140.969402,45.452632],[140.969546,45.452773],[140.969945,45.452801],[140.970138,45.452766],[140.970124,45.452671],[140.970263,45.4526],[140.970353,45.452653],[140.970366,45.452717],[140.970984,45.452593],[140.972829,45.452425],[140.973268,45.452273],[140.973443,45.452642],[140.973603,45.452614],[140.974114,45.452417],[140.974721,45.452051],[140.975512,45.451489],[140.976271,45.450786],[140.976502,45.450808],[140.976678,45.450594],[140.976774,45.450369],[140.976862,45.449829],[140.977022,45.449469],[140.977102,45.448907],[140.977293,45.448164],[140.977349,45.447534],[140.977509,45.446769],[140.977509,45.446522],[140.977301,45.445712],[140.977301,45.445352],[140.977174,45.445177],[140.975593,45.444785],[140.975346,45.443981],[140.975034,45.443463],[140.974795,45.44321],[140.974281,45.442813],[140.97523,45.441845],[140.975578,45.441411],[140.975993,45.439787],[140.976307,45.439657],[140.976693,45.439366],[140.977267,45.439087],[140.977446,45.438346],[140.977426,45.438041],[140.976936,45.43673],[140.977655,45.436578],[140.978406,45.436527],[140.981097,45.435937],[140.982056,45.435566],[140.98252,45.435335],[140.983095,45.434997],[140.983534,45.434603],[140.985451,45.433383],[140.985891,45.433012],[140.986921,45.432269],[140.987704,45.431538],[140.988551,45.430891],[140.989006,45.430593],[140.989501,45.430357],[140.989984,45.431052],[140.990732,45.430805],[140.992076,45.430514],[140.991738,45.430274],[140.992438,45.429428],[140.994737,45.427408],[140.99572,45.426828],[140.996605,45.42603],[140.997299,45.425216],[140.997489,45.424248],[140.99895,45.423725],[141.000213,45.424163],[141.001097,45.424372],[141.001293,45.42451],[141.001238,45.424598],[141.002327,45.42526],[141.00306,45.425822],[141.003097,45.425729],[141.003602,45.426361],[141.004548,45.426734],[141.00628,45.427243],[141.007283,45.427793],[141.00774,45.428739],[141.008061,45.429724],[141.008671,45.430551],[141.008852,45.431665],[141.007723,45.431119],[141.006751,45.430484],[141.00512,45.430709],[141.004284,45.430642],[141.002971,45.430965],[141.000435,45.43248],[140.999856,45.433267],[140.999316,45.433192],[140.999084,45.432881],[140.997987,45.432743],[140.99792,45.433442],[140.996845,45.434321],[140.996902,45.434543],[140.997253,45.434815],[140.996128,45.435257],[140.995314,45.435652],[140.994387,45.4363],[140.993303,45.436578],[140.992983,45.436759],[140.993095,45.436807],[140.992966,45.436926],[140.992597,45.43754],[140.9924,45.437739],[140.992132,45.437929],[140.991403,45.438227],[140.989696,45.439613],[140.989541,45.439825],[140.989258,45.440668],[140.989054,45.440877],[140.988819,45.441015],[140.988601,45.441068],[140.987847,45.440943],[140.986991,45.441158],[140.986626,45.441361],[140.986313,45.441256],[140.986007,45.441672],[140.985498,45.441377],[140.984885,45.441727],[140.984774,45.442393],[140.984877,45.442878],[140.984856,45.443442],[140.984531,45.443618],[140.984222,45.443921],[140.984193,45.444827],[140.983979,45.445677],[140.984023,45.445804],[140.983573,45.445614],[140.983526,45.445789],[140.983919,45.445811],[140.984203,45.446505],[140.984796,45.446921],[140.984922,45.447219],[140.984918,45.447351],[140.984702,45.447509],[140.983443,45.447758],[140.982295,45.448046],[140.981766,45.448273],[140.981128,45.448648],[140.980564,45.44935],[140.979934,45.450629],[140.979859,45.450889],[140.979827,45.451328],[140.979668,45.451763],[140.978853,45.451486],[140.977752,45.451334],[140.977568,45.451539],[140.97767,45.451817],[140.977609,45.452169],[140.977377,45.452333],[140.976763,45.452522],[140.976882,45.452754],[140.977036,45.452733],[140.977077,45.452891],[140.977306,45.452861],[140.97744,45.45338],[140.974984,45.453788],[140.975905,45.453838],[140.975534,45.454037],[140.975387,45.454165],[140.974705,45.454825],[140.973826,45.455787],[140.973095,45.456419],[140.972583,45.456591],[140.97318,45.45507],[140.973122,45.455039],[140.973099,45.454598],[140.970551,45.455467],[140.969152,45.456612],[140.968611,45.457182],[140.967893,45.457652],[140.967719,45.45753],[140.967333,45.45769],[140.9666,45.457458],[140.966709,45.457631],[140.967046,45.457776],[140.967319,45.458144],[140.9676,45.45808],[140.967714,45.458786],[140.968465,45.459825],[140.969624,45.460475],[140.969644,45.460334],[140.969485,45.460195],[140.969672,45.459864],[140.970044,45.459646],[140.969911,45.459482],[140.969989,45.459368],[140.969951,45.459336],[140.970272,45.458926],[140.97067,45.458561],[140.971955,45.457706],[140.972865,45.456956],[140.973502,45.457109],[140.973204,45.457324],[140.973166,45.457451],[140.972919,45.457603],[140.972913,45.457671],[140.972769,45.457775],[140.972674,45.457764],[140.97257,45.457883],[140.972146,45.458111],[140.971909,45.458159],[140.971898,45.458254],[140.971716,45.458353],[140.971673,45.458442],[140.971501,45.458495],[140.971395,45.458616],[140.971232,45.458634],[140.971156,45.458762],[140.971036,45.458797],[140.970919,45.458962],[140.970838,45.458985],[140.970835,45.459157],[140.970764,45.459203],[140.970792,45.459293],[140.970726,45.459373],[140.970612,45.459412],[140.970552,45.459569],[140.970446,45.459602],[140.970446,45.459693],[140.970278,45.459799],[140.970291,45.45998],[140.970155,45.460066],[140.970218,45.460114],[140.970136,45.460242],[140.970381,45.460397],[140.970413,45.460518],[140.970174,45.460569],[140.970071,45.460507],[140.969959,45.460529],[140.969829,45.460633],[140.969837,45.46071],[140.969772,45.46077],[140.96991,45.460783],[140.970057,45.460942],[140.969888,45.461017],[140.969779,45.461154],[140.969453,45.461174],[140.969665,45.461313],[140.96966,45.461366],[140.969551,45.461487],[140.969277,45.461589],[140.969325,45.461692],[140.969543,45.461891],[140.969284,45.461922],[140.969257,45.461955],[140.969461,45.461986],[140.969451,45.462019],[140.969246,45.462136],[140.969154,45.462251],[140.969002,45.462297],[140.968882,45.462708],[140.968427,45.463517],[140.968379,45.463782],[140.968315,45.463883],[140.968115,45.464024],[140.967685,45.464183],[140.967377,45.464208]]],[[[140.989486,45.441472],[140.989543,45.44158],[140.989451,45.441671],[140.989366,45.441689],[140.989113,45.441619],[140.988974,45.441498],[140.988789,45.44143],[140.988422,45.441043],[140.988601,45.441068],[140.988819,45.441015],[140.989222,45.440723],[140.989541,45.439825],[140.989945,45.439385],[140.991403,45.438227],[140.992132,45.437929],[140.9924,45.437739],[140.992597,45.43754],[140.992966,45.436926],[140.993079,45.436818],[140.993322,45.436903],[140.99319,45.437016],[140.992827,45.43762],[140.992581,45.437874],[140.992272,45.438086],[140.991756,45.43827],[140.991858,45.438337],[140.991855,45.438454],[140.991795,45.438484],[140.99161,45.438477],[140.991503,45.438409],[140.991114,45.43873],[140.991047,45.438896],[140.990966,45.438969],[140.991028,45.439152],[140.990829,45.439382],[140.99044,45.439468],[140.989662,45.440159],[140.989502,45.440766],[140.989361,45.440909],[140.989285,45.441112],[140.989309,45.441439],[140.989486,45.441472]]],[[[140.980023,45.453765],[140.980039,45.453846],[140.980137,45.453921],[140.980045,45.454023],[140.979966,45.454025],[140.979898,45.45399],[140.979873,45.453851],[140.979729,45.453762],[140.978766,45.453737],[140.97878,45.453634],[140.978716,45.453558],[140.978113,45.453282],[140.97744,45.45338],[140.977306,45.452861],[140.977077,45.452891],[140.977036,45.452733],[140.976882,45.452754],[140.976763,45.452522],[140.977377,45.452333],[140.977609,45.452169],[140.97767,45.451817],[140.977568,45.451539],[140.977752,45.451334],[140.978853,45.451486],[140.979668,45.451763],[140.979827,45.451328],[140.979859,45.450889],[140.979934,45.450629],[140.980364,45.449733],[140.980564,45.44935],[140.981248,45.448551],[140.982295,45.448046],[140.983443,45.447758],[140.984702,45.447509],[140.984887,45.447669],[140.983815,45.447863],[140.982221,45.44829],[140.981331,45.448771],[140.980801,45.449417],[140.980806,45.449472],[140.981051,45.449539],[140.981029,45.449614],[140.980955,45.449744],[140.980687,45.449867],[140.980738,45.450048],[140.980689,45.450172],[140.980597,45.450227],[140.980469,45.450176],[140.980412,45.450234],[140.980456,45.450355],[140.980243,45.450642],[140.98042,45.450688],[140.980428,45.450814],[140.980227,45.450801],[140.980145,45.450964],[140.98023,45.451068],[140.980349,45.451116],[140.980385,45.451178],[140.980349,45.451289],[140.98042,45.45135],[140.980319,45.451487],[140.980078,45.451439],[140.980009,45.451648],[140.980096,45.451728],[140.980518,45.4519],[140.980521,45.452012],[140.980605,45.452087],[140.980608,45.452237],[140.980472,45.452291],[140.980385,45.452202],[140.980211,45.452141],[140.98017,45.45207],[140.979974,45.451986],[140.979988,45.452028],[140.979838,45.452079],[140.979852,45.452169],[140.979716,45.452268],[140.979571,45.452646],[140.979683,45.452717],[140.97971,45.452849],[140.9798,45.452893],[140.979865,45.453016],[140.979846,45.453091],[140.979949,45.453215],[140.979925,45.453268],[140.980009,45.453308],[140.980069,45.453434],[140.979993,45.4535],[140.980107,45.45367],[140.980023,45.453765]]],[[[140.98219,45.464271],[140.980463,45.464989],[140.979544,45.465275],[140.977627,45.46569],[140.97564,45.465889],[140.973634,45.465866],[140.971657,45.465623],[140.969759,45.465166],[140.967986,45.464505],[140.967377,45.464208],[140.967685,45.464183],[140.968115,45.464024],[140.968315,45.463883],[140.968379,45.463782],[140.968427,45.463517],[140.968882,45.462708],[140.969002,45.462297],[140.969154,45.462251],[140.969246,45.462136],[140.969451,45.462019],[140.969461,45.461986],[140.969257,45.461955],[140.969284,45.461922],[140.969543,45.461891],[140.969325,45.461692],[140.969277,45.461589],[140.969551,45.461487],[140.96966,45.461366],[140.969665,45.461313],[140.969453,45.461174],[140.969779,45.461154],[140.969888,45.461017],[140.970057,45.460942],[140.96991,45.460783],[140.969772,45.46077],[140.969837,45.46071],[140.969829,45.460633],[140.969959,45.460529],[140.970071,45.460507],[140.970174,45.460569],[140.970413,45.460518],[140.970381,45.460397],[140.970136,45.460242],[140.970218,45.460114],[140.970155,45.460066],[140.970291,45.45998],[140.970278,45.459799],[140.970446,45.459693],[140.970446,45.459602],[140.970552,45.459569],[140.970612,45.459412],[140.970726,45.459373],[140.970792,45.459293],[140.970764,45.459203],[140.970835,45.459157],[140.970838,45.458985],[140.970919,45.458962],[140.971036,45.458797],[140.971156,45.458762],[140.971232,45.458634],[140.971395,45.458616],[140.971501,45.458495],[140.971673,45.458442],[140.971716,45.458353],[140.971898,45.458254],[140.971909,45.458159],[140.972146,45.458111],[140.97257,45.457883],[140.972674,45.457764],[140.972769,45.457775],[140.972913,45.457671],[140.972919,45.457603],[140.973166,45.457451],[140.973204,45.457324],[140.973502,45.457109],[140.972865,45.456956],[140.971955,45.457706],[140.97067,45.458561],[140.970272,45.458926],[140.969951,45.459336],[140.969989,45.459368],[140.969911,45.459482],[140.970044,45.459646],[140.969672,45.459864],[140.969485,45.460195],[140.969644,45.460334],[140.969624,45.460475],[140.968465,45.459825],[140.967714,45.458786],[140.9676,45.45808],[140.967319,45.458144],[140.967046,45.457776],[140.966709,45.457631],[140.9666,45.457458],[140.967333,45.45769],[140.967719,45.45753],[140.967893,45.457652],[140.968611,45.457182],[140.969152,45.456612],[140.970551,45.455467],[140.973099,45.454598],[140.973122,45.455039],[140.97318,45.45507],[140.972583,45.456591],[140.973095,45.456419],[140.973826,45.455787],[140.974705,45.454825],[140.975387,45.454165],[140.975534,45.454037],[140.975905,45.453838],[140.974984,45.453788],[140.978113,45.453282],[140.978716,45.453558],[140.97878,45.453634],[140.978766,45.453737],[140.979729,45.453762],[140.979873,45.453851],[140.979898,45.45399],[140.980045,45.454023],[140.980137,45.453921],[140.980039,45.453846],[140.980023,45.453765],[140.980107,45.45367],[140.979993,45.4535],[140.980069,45.453434],[140.980009,45.453308],[140.979925,45.453268],[140.979949,45.453215],[140.979846,45.453091],[140.979865,45.453016],[140.9798,45.452893],[140.97971,45.452849],[140.979683,45.452717],[140.979571,45.452646],[140.979716,45.452268],[140.979852,45.452169],[140.979838,45.452079],[140.979988,45.452028],[140.979974,45.451986],[140.98017,45.45207],[140.980211,45.452141],[140.980385,45.452202],[140.980472,45.452291],[140.980608,45.452237],[140.980605,45.452087],[140.980521,45.452012],[140.980518,45.4519],[140.980096,45.451728],[140.980009,45.451648],[140.980078,45.451439],[140.980319,45.451487],[140.98042,45.45135],[140.980349,45.451289],[140.980385,45.451178],[140.980349,45.451116],[140.98023,45.451068],[140.980145,45.450964],[140.980227,45.450801],[140.980428,45.450814],[140.98042,45.450688],[140.980243,45.450642],[140.980456,45.450355],[140.980412,45.450234],[140.980469,45.450176],[140.980597,45.450227],[140.980689,45.450172],[140.980738,45.450048],[140.980687,45.449867],[140.980955,45.449744],[140.981029,45.449614],[140.981051,45.449539],[140.980806,45.449472],[140.980801,45.449417],[140.981331,45.448771],[140.982221,45.44829],[140.983815,45.447863],[140.984887,45.447669],[140.984702,45.447509],[140.984858,45.447419],[140.984928,45.44731],[140.984796,45.446921],[140.984203,45.446505],[140.983919,45.445811],[140.983526,45.445789],[140.983573,45.445614],[140.984023,45.445804],[140.983979,45.445677],[140.984193,45.444827],[140.984222,45.443921],[140.984531,45.443618],[140.984856,45.443442],[140.984877,45.442878],[140.984774,45.442393],[140.984885,45.441727],[140.985498,45.441377],[140.986007,45.441672],[140.986313,45.441256],[140.986626,45.441361],[140.986991,45.441158],[140.987847,45.440943],[140.988422,45.441043],[140.988789,45.44143],[140.988974,45.441498],[140.989113,45.441619],[140.989366,45.441689],[140.989451,45.441671],[140.989543,45.44158],[140.989532,45.441529],[140.989437,45.441436],[140.989309,45.441439],[140.989285,45.441112],[140.989361,45.440909],[140.989502,45.440766],[140.989662,45.440159],[140.99044,45.439468],[140.990829,45.439382],[140.991028,45.439152],[140.990966,45.438969],[140.991047,45.438896],[140.991114,45.43873],[140.991503,45.438409],[140.99161,45.438477],[140.991795,45.438484],[140.991855,45.438454],[140.991858,45.438337],[140.991756,45.43827],[140.992272,45.438086],[140.992581,45.437874],[140.993614,45.438403],[140.994067,45.438444],[140.994076,45.438381],[140.993644,45.438336],[140.992887,45.437932],[140.993192,45.43739],[140.993647,45.43727],[140.993791,45.437635],[140.993878,45.437614],[140.993742,45.437244],[140.994259,45.437107],[140.994246,45.437068],[140.994951,45.436898],[140.994927,45.436943],[140.995241,45.437595],[140.994036,45.437854],[140.994053,45.437917],[140.995357,45.437638],[140.995016,45.436946],[140.995207,45.436482],[140.997131,45.435556],[140.997769,45.435375],[140.998021,45.43513],[140.998249,45.435022],[140.998496,45.434998],[140.999574,45.435077],[140.99987,45.435032],[141.001323,45.434661],[141.001723,45.434514],[141.00225,45.434216],[141.002769,45.434047],[141.004007,45.433844],[141.004681,45.434977],[141.005129,45.436165],[141.005342,45.437385],[141.00536,45.437999],[141.005217,45.439224],[141.004838,45.440423],[141.00423,45.441575],[141.003844,45.442127],[141.002916,45.443167],[141.001795,45.444109],[141.001257,45.445177],[141.000917,45.445691],[141.000103,45.446669],[140.999121,45.447567],[140.997986,45.448371],[140.997711,45.449576],[140.997208,45.450745],[140.996484,45.451854],[140.996044,45.45238],[140.995016,45.453364],[140.994433,45.453817],[140.993808,45.45424],[140.992866,45.454777],[140.9926,45.455925],[140.992331,45.456625],[140.991982,45.457307],[140.991507,45.458036],[140.990586,45.459125],[140.989457,45.460112],[140.988705,45.460641],[140.987944,45.461097],[140.987134,45.46151],[140.98628,45.461877],[140.985091,45.462283],[140.984429,45.46286],[140.983736,45.463371],[140.982988,45.463842],[140.98219,45.464271]]],[[[140.975578,45.441411],[140.97523,45.441845],[140.974281,45.442813],[140.973949,45.442632],[140.973732,45.442586],[140.97366,45.442507],[140.973421,45.442456],[140.973365,45.442349],[140.973189,45.442327],[140.973133,45.442248],[140.972934,45.442186],[140.972862,45.442051],[140.972758,45.442034],[140.972646,45.441967],[140.972638,45.441916],[140.972406,45.441809],[140.972414,45.441702],[140.972223,45.441657],[140.972127,45.441534],[140.971959,45.441472],[140.971927,45.441399],[140.971703,45.441314],[140.971496,45.441162],[140.971472,45.441044],[140.97128,45.441072],[140.971161,45.44096],[140.971025,45.440954],[140.970921,45.440864],[140.970689,45.440864],[140.970561,45.440954],[140.970226,45.440994],[140.970138,45.440887],[140.970194,45.440797],[140.970138,45.440679],[140.970178,45.440611],[140.970114,45.440493],[140.970122,45.440341],[140.969714,45.440088],[140.969291,45.439913],[140.968796,45.439829],[140.968636,45.439615],[140.968165,45.439458],[140.968005,45.439458],[140.967885,45.43939],[140.967446,45.439362],[140.967214,45.43948],[140.966991,45.439508],[140.966895,45.439418],[140.966759,45.439418],[140.966487,45.439199],[140.966519,45.439086],[140.966448,45.439036],[140.966416,45.438749],[140.966352,45.438602],[140.966448,45.438456],[140.966432,45.438389],[140.966568,45.438321],[140.966671,45.438164],[140.966831,45.438108],[140.967119,45.438226],[140.967302,45.438411],[140.96747,45.438428],[140.96759,45.438293],[140.967782,45.438338],[140.967886,45.438293],[140.968077,45.43831],[140.968093,45.438248],[140.968333,45.438141],[140.968317,45.438051],[140.968384,45.438013],[140.96861,45.438094],[140.968811,45.438079],[140.968929,45.438024],[140.969181,45.438006],[140.969361,45.43792],[140.969766,45.437882],[140.969872,45.437759],[140.969861,45.437633],[140.969943,45.437584],[140.970147,45.437679],[140.970327,45.437668],[140.970506,45.437578],[140.970609,45.437474],[140.970523,45.437406],[140.970514,45.437313],[140.970707,45.437227],[140.971086,45.437337],[140.971181,45.437483],[140.971262,45.437466],[140.97164,45.437585],[140.972606,45.437427],[140.973901,45.437129],[140.974058,45.437032],[140.974792,45.436946],[140.975354,45.436983],[140.976497,45.436831],[140.976936,45.43673],[140.977426,45.438041],[140.977446,45.438346],[140.97737,45.438735],[140.977267,45.439087],[140.976693,45.439366],[140.976307,45.439657],[140.975993,45.439787],[140.975578,45.441411]]],[[[140.974937,45.451888],[140.974242,45.452349],[140.973539,45.452631],[140.973443,45.452642],[140.973268,45.452273],[140.975106,45.451024],[140.975289,45.45085],[140.975809,45.450551],[140.975937,45.450326],[140.97616,45.449505],[140.976488,45.448909],[140.976775,45.448155],[140.976847,45.447632],[140.976696,45.446591],[140.976624,45.446479],[140.97636,45.44649],[140.976408,45.446248],[140.976111,45.446203],[140.976081,45.446417],[140.975901,45.44639],[140.975833,45.446315],[140.975753,45.445477],[140.975593,45.444785],[140.977214,45.445194],[140.977317,45.445419],[140.977301,45.445712],[140.977509,45.446522],[140.977509,45.446769],[140.977349,45.447534],[140.977293,45.448164],[140.977102,45.448907],[140.977022,45.449469],[140.976862,45.449829],[140.97679,45.450302],[140.976702,45.450549],[140.976502,45.450808],[140.976271,45.450786],[140.975512,45.451489],[140.974937,45.451888]]],[[[140.966288,45.439654],[140.966216,45.439733],[140.966216,45.439835],[140.965992,45.439953],[140.965721,45.439722],[140.965737,45.439564],[140.965689,45.439531],[140.965689,45.439413],[140.965481,45.439379],[140.965249,45.439441],[140.965026,45.439418],[140.964786,45.439564],[140.964674,45.439536],[140.964602,45.439632],[140.964466,45.439666],[140.964123,45.439581],[140.964083,45.439486],[140.964131,45.439311],[140.964099,45.439289],[140.963987,45.4393],[140.963604,45.439536],[140.963532,45.439536],[140.963308,45.439345],[140.963228,45.439401],[140.962965,45.439424],[140.962925,45.439373],[140.963005,45.439266],[140.962973,45.439204],[140.963013,45.439047],[140.962957,45.438979],[140.963013,45.438867],[140.963093,45.438827],[140.963221,45.438867],[140.96334,45.438816],[140.963396,45.438664],[140.963508,45.438659],[140.963644,45.438782],[140.963756,45.438794],[140.963804,45.438867],[140.963992,45.438957],[140.964123,45.438934],[140.964091,45.438557],[140.964195,45.438394],[140.964339,45.438338],[140.964379,45.438231],[140.964499,45.438169],[140.964706,45.438265],[140.96477,45.438377],[140.96489,45.438434],[140.964938,45.438574],[140.965066,45.438608],[140.965209,45.438726],[140.965353,45.438676],[140.965393,45.438518],[140.965321,45.438428],[140.965289,45.438214],[140.965218,45.438091],[140.965282,45.437984],[140.965353,45.437989],[140.965409,45.438141],[140.965369,45.438197],[140.965521,45.438377],[140.965601,45.438316],[140.965737,45.438372],[140.965681,45.438496],[140.965737,45.438563],[140.965721,45.438619],[140.965872,45.438608],[140.966,45.43867],[140.966064,45.438743],[140.966064,45.438822],[140.966192,45.438929],[140.966176,45.439137],[140.966224,45.439182],[140.966264,45.439367],[140.966232,45.439469],[140.966288,45.439654]]],[[[140.981958,45.464376],[140.98161,45.464854],[140.980954,45.465946],[140.980594,45.466422],[140.980004,45.46753],[140.979575,45.468146],[140.978722,45.4691],[140.979996,45.470103],[140.980568,45.470653],[140.981079,45.471232],[140.981526,45.471837],[140.981907,45.472464],[140.982325,45.473396],[140.98299,45.474365],[140.983327,45.475025],[140.98359,45.475702],[140.983778,45.476391],[140.983888,45.477089],[140.983921,45.47779],[140.98382,45.479068],[140.983719,45.479659],[140.983621,45.48076],[140.983461,45.48143],[140.983204,45.482152],[140.982893,45.482815],[140.98251,45.483459],[140.982057,45.48408],[140.981537,45.484674],[140.980953,45.485239],[140.980308,45.485769],[140.979607,45.486264],[140.978854,45.486718],[140.977208,45.487497],[140.975411,45.488087],[140.973506,45.488475],[140.972527,45.48859],[140.971401,45.488656],[140.970299,45.488661],[140.969152,45.488593],[140.967284,45.489018],[140.965299,45.489249],[140.964293,45.489282],[140.962285,45.48918],[140.960325,45.488857],[140.95834,45.488368],[140.957451,45.488065],[140.955786,45.487319],[140.95496,45.486844],[140.954218,45.486346],[140.953535,45.485808],[140.952915,45.485233],[140.952362,45.484625],[140.951881,45.483988],[140.950558,45.481737],[140.950259,45.481044],[140.95004,45.480337],[140.949902,45.47962],[140.949859,45.47906],[140.949681,45.478493],[140.949546,45.477837],[140.94948,45.477175],[140.94949,45.476215],[140.949617,45.475382],[140.949815,45.474643],[140.950065,45.473993],[140.950384,45.473359],[140.951714,45.471343],[140.952256,45.470679],[140.952876,45.470051],[140.953577,45.469444],[140.954644,45.468674],[140.955598,45.468114],[140.954946,45.467044],[140.954653,45.466364],[140.954437,45.465671],[140.95428,45.464735],[140.954063,45.463997],[140.953938,45.463282],[140.953895,45.462563],[140.953933,45.461843],[140.954011,45.46138],[140.953636,45.460233],[140.953231,45.458388],[140.953134,45.457505],[140.953152,45.456719],[140.953266,45.455937],[140.953515,45.455053],[140.953807,45.454328],[140.95405,45.453873],[140.954352,45.452936],[140.954856,45.451938],[140.955122,45.450817],[140.95539,45.450142],[140.955732,45.449484],[140.956147,45.448846],[140.95663,45.448233],[140.957302,45.447504],[140.957899,45.446963],[140.958667,45.446379],[140.957511,45.445638],[140.956748,45.44505],[140.956062,45.444418],[140.955457,45.443745],[140.954883,45.44297],[140.954461,45.442244],[140.95413,45.441495],[140.953893,45.440729],[140.953689,45.439821],[140.95359,45.439094],[140.953576,45.438365],[140.953645,45.437637],[140.953798,45.436915],[140.954273,45.435617],[140.954624,45.434946],[140.955049,45.434298],[140.955546,45.433674],[140.956354,45.432839],[140.957569,45.431848],[140.958391,45.431311],[140.959202,45.430863],[140.960063,45.430463],[140.960966,45.430113],[140.962044,45.429765],[140.962993,45.429526],[140.96486,45.42922],[140.966726,45.428678],[140.967708,45.428481],[140.969724,45.428256],[140.971331,45.428248],[140.972459,45.42809],[140.973895,45.427978],[140.975251,45.427745],[140.976118,45.427211],[140.977068,45.426494],[140.978638,45.42519],[140.977717,45.424318],[140.977385,45.423923],[140.97563,45.4232],[140.974145,45.422379],[140.973375,45.421846],[140.972671,45.421268],[140.97204,45.42065],[140.971445,45.419952],[140.970962,45.41925],[140.970677,45.418746],[140.970316,45.417999],[140.970049,45.417234],[140.969879,45.416454],[140.969788,45.415507],[140.969774,45.414764],[140.969853,45.413978],[140.969987,45.413335],[140.970187,45.4127],[140.970475,45.412027],[140.970887,45.411282],[140.971594,45.410331],[140.971686,45.409591],[140.97187,45.408826],[140.972128,45.40812],[140.972467,45.40743],[140.972883,45.406762],[140.973375,45.40612],[140.9741,45.405359],[140.973627,45.404337],[140.973314,45.403197],[140.972883,45.402511],[140.972584,45.40191],[140.972347,45.401295],[140.972172,45.40067],[140.97206,45.400038],[140.971943,45.39848],[140.971976,45.3978],[140.972082,45.397125],[140.972401,45.396086],[140.972436,45.395099],[140.972522,45.394498],[140.97283,45.393397],[140.973116,45.39271],[140.973439,45.392107],[140.973823,45.391522],[140.974679,45.390512],[140.973516,45.389625],[140.972937,45.38909],[140.971499,45.387453],[140.970998,45.386721],[140.970636,45.386065],[140.970332,45.385349],[140.970086,45.384526],[140.969951,45.383691],[140.969918,45.382934],[140.969969,45.382231],[140.970193,45.381156],[140.970147,45.380648],[140.970157,45.379929],[140.970248,45.379214],[140.97056,45.377761],[140.970842,45.376991],[140.971219,45.376242],[140.971675,45.375541],[140.971825,45.374598],[140.972066,45.373793],[140.972411,45.373008],[140.972856,45.372248],[140.973224,45.371729],[140.974159,45.370661],[140.974433,45.369948],[140.974768,45.369269],[140.975179,45.368611],[140.975932,45.367684],[140.976222,45.366886],[140.976821,45.365796],[140.977083,45.365128],[140.977443,45.364436],[140.977882,45.363766],[140.978397,45.363125],[140.979352,45.362165],[140.980758,45.360603],[140.981758,45.359747],[140.982054,45.359021],[140.982435,45.35831],[140.983211,45.357138],[140.98331,45.356639],[140.983675,45.35557],[140.983915,45.35385],[140.984107,45.353084],[140.984349,45.352425],[140.984944,45.351285],[140.985978,45.349742],[140.986593,45.348996],[140.986771,45.34795],[140.986776,45.34747],[140.986622,45.346997],[140.986474,45.346294],[140.986406,45.345584],[140.986417,45.344873],[140.986508,45.344165],[140.986678,45.343464],[140.987069,45.342478],[140.987206,45.341714],[140.987392,45.341095],[140.987698,45.340353],[140.988305,45.339141],[140.988572,45.338314],[140.988965,45.337484],[140.989506,45.336532],[140.990324,45.335396],[140.989905,45.334575],[140.989624,45.333809],[140.98944,45.333028],[140.989354,45.332238],[140.989286,45.330705],[140.989344,45.329996],[140.989481,45.329292],[140.989658,45.328724],[140.989648,45.327844],[140.989743,45.32709],[140.989926,45.326345],[140.990198,45.325614],[140.99054,45.32492],[140.99095,45.324264],[140.991434,45.323629],[140.991987,45.323023],[140.992608,45.322451],[140.993623,45.321694],[140.993884,45.321096],[140.994221,45.320486],[140.99462,45.319896],[140.995427,45.318931],[140.996001,45.318369],[140.996634,45.31784],[140.997324,45.317347],[140.998065,45.316893],[140.999316,45.316275],[141.00011,45.315342],[141.000657,45.314812],[141.001362,45.314228],[141.002333,45.313565],[141.002939,45.312489],[141.003354,45.311928],[141.003911,45.31129],[141.004527,45.310681],[141.005212,45.310109],[141.00585,45.30966],[141.006333,45.308968],[141.006927,45.308293],[141.00668,45.307591],[141.00652,45.306907],[141.006435,45.306215],[141.006427,45.305522],[141.006493,45.30483],[141.006636,45.304143],[141.006852,45.303467],[141.007142,45.302804],[141.007504,45.302159],[141.007935,45.301535],[141.008432,45.300937],[141.009869,45.299356],[141.010875,45.298345],[141.011529,45.297806],[141.01224,45.297305],[141.013467,45.29661],[141.013398,45.296487],[141.011561,45.295441],[141.010846,45.294985],[141.010181,45.294493],[141.009571,45.293966],[141.008691,45.293016],[141.007827,45.292541],[141.006507,45.291619],[141.004832,45.29005],[141.00394,45.289156],[141.003423,45.288544],[141.002999,45.287942],[141.002639,45.287319],[141.002347,45.286679],[141.002123,45.286025],[141.001969,45.285361],[141.001882,45.284677],[141.001867,45.284023],[141.00199,45.282938],[141.002173,45.282185],[141.002408,45.281534],[141.002711,45.280897],[141.003081,45.280278],[141.003515,45.27968],[141.004143,45.278963],[141.004836,45.278315],[141.005442,45.277843],[141.005731,45.277365],[141.006206,45.276726],[141.006789,45.276079],[141.007541,45.275016],[141.008032,45.274473],[141.009108,45.273507],[141.009928,45.272911],[141.010916,45.272322],[141.011917,45.271588],[141.012843,45.270434],[141.013727,45.269562],[141.014922,45.268655],[141.015583,45.268247],[141.017016,45.267532],[141.017781,45.267228],[141.019391,45.266736],[141.021082,45.266405],[141.022821,45.266241],[141.024576,45.266247],[141.026312,45.266424],[141.027998,45.266767],[141.029601,45.26727],[141.031091,45.267924],[141.03244,45.268717],[141.033622,45.269632],[141.034615,45.270654],[141.035399,45.271762],[141.035961,45.272936],[141.036288,45.274153],[141.035953,45.273871],[141.035636,45.273707],[141.035152,45.273568],[141.034763,45.273529],[141.034244,45.273566],[141.033758,45.273701],[141.033344,45.273926],[141.032974,45.274305],[141.030887,45.273611],[141.029385,45.273363],[141.028349,45.273319],[141.027514,45.27336],[141.026787,45.273483],[141.025981,45.273724],[141.025245,45.274107],[141.023708,45.275136],[141.023111,45.275901],[141.022793,45.276584],[141.022346,45.277071],[141.022028,45.277324],[141.02096,45.277915],[141.020596,45.278287],[141.020378,45.278348],[141.019979,45.278746],[141.019801,45.278786],[141.019551,45.278996],[141.01922,45.279139],[141.019033,45.279367],[141.018686,45.279451],[141.018526,45.279578],[141.018534,45.27976],[141.018442,45.280014],[141.018505,45.280117],[141.018428,45.280167],[141.018446,45.280278],[141.018369,45.280367],[141.018284,45.280631],[141.017873,45.280924],[141.017728,45.280961],[141.017671,45.281044],[141.017245,45.281223],[141.017201,45.281377],[141.017237,45.281566],[141.017322,45.281705],[141.01741,45.281747],[141.017504,45.282069],[141.017464,45.282216],[141.017306,45.282431],[141.017226,45.28275],[141.017097,45.282887],[141.016942,45.283196],[141.016867,45.283232],[141.016869,45.28333],[141.016779,45.28338],[141.016754,45.283469],[141.016642,45.283515],[141.016583,45.283615],[141.016487,45.283643],[141.016413,45.283734],[141.016023,45.283797],[141.015863,45.28387],[141.015796,45.283936],[141.015837,45.284037],[141.015648,45.284103],[141.015419,45.284036],[141.015302,45.283922],[141.014992,45.283866],[141.014858,45.283899],[141.01481,45.28399],[141.014633,45.284079],[141.014616,45.28424],[141.014727,45.284347],[141.015062,45.284509],[141.015063,45.284652],[141.015192,45.284809],[141.015448,45.284858],[141.015529,45.284954],[141.015662,45.284996],[141.015776,45.285144],[141.015891,45.285163],[141.015925,45.285239],[141.016113,45.285347],[141.016033,45.285507],[141.01611,45.285702],[141.016281,45.285748],[141.016603,45.285668],[141.017177,45.285765],[141.017312,45.285704],[141.017474,45.285713],[141.017491,45.285809],[141.017574,45.285875],[141.017866,45.285907],[141.017959,45.286009],[141.018138,45.286054],[141.018159,45.286139],[141.018281,45.286226],[141.018269,45.286345],[141.018369,45.28643],[141.018347,45.286538],[141.018453,45.286642],[141.018453,45.286769],[141.018583,45.286861],[141.018549,45.286978],[141.018638,45.28707],[141.018584,45.28717],[141.018683,45.287237],[141.018684,45.28737],[141.019013,45.287532],[141.019004,45.287642],[141.019161,45.287795],[141.019382,45.287807],[141.019502,45.287896],[141.019663,45.287867],[141.019898,45.287918],[141.01988,45.28801],[141.019941,45.288128],[141.019901,45.288193],[141.019948,45.288296],[141.019739,45.288539],[141.019927,45.288566],[141.020102,45.288504],[141.020338,45.288517],[141.020506,45.288616],[141.02052,45.288696],[141.020628,45.288782],[141.020619,45.28892],[141.020737,45.289011],[141.020785,45.289121],[141.020996,45.289184],[141.021071,45.289308],[141.021273,45.289332],[141.021402,45.289441],[141.022097,45.289736],[141.022287,45.28975],[141.022419,45.289822],[141.02268,45.289763],[141.022887,45.289809],[141.023022,45.289763],[141.023147,45.289822],[141.023324,45.289785],[141.023474,45.289881],[141.023642,45.289842],[141.023758,45.289896],[141.023923,45.289829],[141.024064,45.289859],[141.024203,45.28977],[141.024862,45.290033],[141.024827,45.290123],[141.024915,45.290306],[141.025031,45.290348],[141.025052,45.290448],[141.025161,45.290489],[141.025183,45.290602],[141.025312,45.290642],[141.025292,45.290705],[141.025335,45.290781],[141.025483,45.290849],[141.025547,45.29095],[141.025706,45.291462],[141.025643,45.2919],[141.025446,45.292238],[141.02549,45.292315],[141.025383,45.292411],[141.025392,45.292493],[141.025215,45.29257],[141.025144,45.292736],[141.025169,45.292836],[141.025124,45.292967],[141.025279,45.293217],[141.025443,45.293275],[141.025521,45.293424],[141.025959,45.293544],[141.026104,45.293706],[141.02624,45.294027],[141.026248,45.294269],[141.026145,45.294366],[141.026194,45.29446],[141.02614,45.294549],[141.026163,45.294615],[141.026297,45.2947],[141.026362,45.294803],[141.026486,45.294831],[141.026686,45.295135],[141.026773,45.295586],[141.026741,45.296187],[141.026479,45.297262],[141.02477,45.296988],[141.023903,45.296909],[141.022154,45.296879],[141.021282,45.296928],[141.020417,45.297018],[141.018722,45.297324],[141.017103,45.297791],[141.016331,45.298081],[141.014881,45.298772],[141.01421,45.299168],[141.012991,45.300053],[141.011955,45.301047],[141.011121,45.302132],[141.010785,45.302702],[141.010283,45.303884],[141.01012,45.304491],[141.009971,45.305721],[141.010062,45.306953],[141.010197,45.307564],[141.010644,45.308757],[141.011318,45.309896],[141.011736,45.310438],[141.012206,45.310959],[141.013292,45.311927],[141.014556,45.31278],[141.015247,45.313159],[141.015974,45.313503],[141.017518,45.314083],[141.017165,45.314142],[141.017065,45.314247],[141.017065,45.314347],[141.017126,45.314411],[141.01701,45.314494],[141.017021,45.314565],[141.017097,45.314611],[141.017038,45.314754],[141.017112,45.314824],[141.017045,45.31493],[141.017174,45.315161],[141.017107,45.31523],[141.017178,45.315369],[141.017031,45.31563],[141.016748,45.315889],[141.015669,45.316221],[141.015486,45.316212],[141.015326,45.316308],[141.015189,45.316289],[141.015066,45.316201],[141.014769,45.316155],[141.014594,45.316204],[141.01457,45.316281],[141.014434,45.316396],[141.014521,45.316472],[141.014528,45.316605],[141.014746,45.316661],[141.014708,45.316772],[141.014878,45.316847],[141.014808,45.316973],[141.014829,45.317067],[141.014467,45.317402],[141.014261,45.317507],[141.014135,45.317471],[141.013982,45.317541],[141.014016,45.317664],[141.014154,45.317723],[141.014202,45.317913],[141.014148,45.318207],[141.014012,45.318437],[141.013622,45.318764],[141.013216,45.318952],[141.01317,45.319033],[141.013033,45.319092],[141.013,45.319189],[141.012336,45.319497],[141.012116,45.319686],[141.01192,45.319744],[141.01182,45.319857],[141.011687,45.319867],[141.011631,45.319975],[141.011266,45.320053],[141.011092,45.320196],[141.010713,45.320346],[141.01069,45.320438],[141.010556,45.320517],[141.010568,45.320592],[141.010479,45.320664],[141.010481,45.320753],[141.010388,45.320773],[141.010371,45.32088],[141.010275,45.320973],[141.010265,45.321099],[141.01013,45.321189],[141.010112,45.321296],[141.010039,45.32135],[141.010028,45.321461],[141.009933,45.321527],[141.009905,45.321637],[141.009764,45.321671],[141.00972,45.321784],[141.009628,45.321845],[141.009561,45.322092],[141.009464,45.32214],[141.009441,45.322234],[141.009354,45.322247],[141.009253,45.322401],[141.009121,45.322406],[141.009006,45.322572],[141.00886,45.322541],[141.008811,45.322676],[141.00869,45.322684],[141.008609,45.322775],[141.008409,45.322834],[141.008379,45.322934],[141.008281,45.323002],[141.008265,45.323148],[141.008196,45.323236],[141.008258,45.323316],[141.008381,45.323361],[141.008339,45.323436],[141.008379,45.323516],[141.008287,45.323576],[141.008267,45.323702],[141.008166,45.323794],[141.008156,45.323863],[141.00802,45.323971],[141.007914,45.324002],[141.007811,45.324111],[141.007743,45.324059],[141.007602,45.324107],[141.007494,45.324061],[141.007202,45.324073],[141.007118,45.324182],[141.006974,45.324182],[141.006795,45.323952],[141.00658,45.323994],[141.006051,45.323908],[141.006042,45.324017],[141.005927,45.324059],[141.005921,45.324128],[141.006223,45.324286],[141.006409,45.3243],[141.006321,45.32463],[141.006656,45.324827],[141.006821,45.324821],[141.006487,45.325278],[141.00623,45.325413],[141.005951,45.325475],[141.005768,45.325588],[141.005784,45.325863],[141.005733,45.325861],[141.005721,45.325908],[141.005774,45.326071],[141.005723,45.326187],[141.005776,45.326318],[141.005695,45.326399],[141.005671,45.326519],[141.005482,45.326618],[141.005457,45.326727],[141.005277,45.32675],[141.005116,45.3269],[141.005103,45.327037],[141.005022,45.327087],[141.005013,45.327166],[141.004735,45.327156],[141.004668,45.327092],[141.0044,45.327037],[141.004269,45.327053],[141.004211,45.327126],[141.004174,45.327192],[141.004269,45.327295],[141.004148,45.327406],[141.004148,45.32749],[141.004078,45.327534],[141.004043,45.327675],[141.004083,45.327841],[141.004198,45.327904],[141.004318,45.327892],[141.004422,45.328024],[141.004299,45.328168],[141.003849,45.3284],[141.003857,45.328337],[141.0038,45.32828],[141.003701,45.328283],[141.003593,45.328189],[141.00345,45.328189],[141.003397,45.328098],[141.003189,45.328055],[141.003051,45.328114],[141.002971,45.328308],[141.002824,45.328281],[141.00274,45.328209],[141.002407,45.328219],[141.00243,45.328331],[141.002683,45.328491],[141.002659,45.328606],[141.002816,45.328769],[141.003155,45.328877],[141.003192,45.32901],[141.003092,45.32914],[141.003091,45.329212],[141.002982,45.329276],[141.002989,45.32937],[141.002882,45.329454],[141.002876,45.329583],[141.002813,45.329661],[141.002854,45.329727],[141.002804,45.329836],[141.002868,45.329946],[141.002796,45.330069],[141.002868,45.330346],[141.002787,45.330494],[141.002689,45.330561],[141.002663,45.330651],[141.002243,45.330709],[141.002057,45.330824],[141.002051,45.330895],[141.002164,45.330964],[141.002202,45.331081],[141.002417,45.331184],[141.002501,45.331339],[141.002461,45.331466],[141.002552,45.331562],[141.002565,45.331692],[141.002131,45.33188],[141.002103,45.331942],[141.0022,45.332047],[141.002807,45.332273],[141.002966,45.332416],[141.003086,45.332672],[141.003231,45.3328],[141.003262,45.332935],[141.003155,45.333029],[141.003194,45.333132],[141.003312,45.333219],[141.003479,45.333257],[141.00352,45.333346],[141.003652,45.333412],[141.003616,45.333613],[141.003657,45.333717],[141.003597,45.333772],[141.003558,45.333979],[141.003936,45.334223],[141.004151,45.334876],[141.004119,45.335213],[141.003983,45.335552],[141.004031,45.33597],[141.003796,45.336255],[141.003782,45.336377],[141.003708,45.336401],[141.003606,45.336568],[141.003635,45.336724],[141.003553,45.336853],[141.003603,45.337034],[141.003544,45.337041],[141.003498,45.337116],[141.003532,45.337334],[141.003603,45.337433],[141.003523,45.33754],[141.003604,45.337668],[141.003506,45.337766],[141.003521,45.337969],[141.003591,45.338089],[141.00347,45.338247],[141.003468,45.338444],[141.003307,45.338522],[141.003065,45.338747],[141.003051,45.338839],[141.002933,45.338819],[141.002733,45.338988],[141.002596,45.338977],[141.002462,45.339062],[141.00232,45.339079],[141.002229,45.33915],[141.002205,45.339279],[141.002009,45.339283],[141.001734,45.339532],[141.001768,45.339646],[141.001527,45.339741],[141.001449,45.339909],[141.001389,45.339907],[141.001271,45.340012],[141.001217,45.340212],[141.001082,45.340402],[141.001154,45.340515],[141.00099,45.340534],[141.000845,45.340772],[141.000835,45.34111],[141.000946,45.341215],[141.000935,45.341459],[141.000873,45.341483],[141.000892,45.341703],[141.000801,45.341995],[141.000859,45.342072],[141.00031,45.34217],[141.000288,45.342297],[141.000361,45.342402],[141.000236,45.342621],[141.000259,45.342759],[141.00017,45.342823],[141.000153,45.342962],[140.999965,45.342985],[140.999772,45.343273],[140.999785,45.34335],[140.999878,45.343402],[140.999871,45.343548],[140.998025,45.343415],[140.9973,45.346753],[140.9998,45.346957],[140.999558,45.347282],[140.999611,45.347442],[140.999524,45.347716],[140.999642,45.347892],[140.999609,45.348082],[140.999709,45.348323],[140.999631,45.348356],[140.999575,45.348605],[140.999614,45.348683],[140.99953,45.348891],[140.999581,45.348976],[140.999468,45.349092],[140.999488,45.349245],[140.999418,45.349257],[140.99934,45.349477],[140.999381,45.349612],[140.999304,45.349744],[140.999371,45.349848],[140.999301,45.349887],[140.999262,45.350097],[140.999388,45.350197],[140.999444,45.350376],[140.999427,45.350573],[140.999563,45.350664],[140.999488,45.35072],[140.999494,45.350881],[140.9996,45.351034],[140.999491,45.351162],[140.999495,45.351288],[140.99955,45.351367],[140.999489,45.351411],[140.99945,45.351727],[140.999306,45.351868],[140.999251,45.352013],[140.99903,45.352057],[140.998954,45.352178],[140.998886,45.352188],[140.998675,45.352389],[140.998696,45.352468],[140.998822,45.352578],[140.998753,45.352633],[140.998724,45.352778],[140.998823,45.352915],[140.998769,45.352977],[140.998811,45.353127],[140.998759,45.353173],[140.998747,45.353442],[140.998639,45.353511],[140.998615,45.353613],[140.998035,45.353841],[140.997716,45.353874],[140.99747,45.353806],[140.997331,45.353849],[140.997297,45.353945],[140.997429,45.354116],[140.99754,45.354172],[140.997556,45.354369],[140.9975,45.354566],[140.997366,45.354764],[140.997188,45.354796],[140.997087,45.354733],[140.996756,45.354731],[140.996575,45.355002],[140.996574,45.355072],[140.996633,45.35512],[140.996837,45.355205],[140.99682,45.355374],[140.996719,45.355459],[140.996687,45.355616],[140.996513,45.355672],[140.996484,45.355731],[140.996451,45.35594],[140.99649,45.356281],[140.996396,45.356334],[140.996381,45.356398],[140.996427,45.356566],[140.996404,45.356687],[140.996476,45.356756],[140.996468,45.356974],[140.996558,45.357026],[140.996516,45.357135],[140.996564,45.357285],[140.996528,45.357436],[140.996354,45.357469],[140.996239,45.357666],[140.996421,45.357779],[140.996264,45.357867],[140.996009,45.357892],[140.995978,45.35804],[140.99606,45.358117],[140.995879,45.358196],[140.995926,45.358281],[140.996158,45.358421],[140.996115,45.358632],[140.996216,45.358741],[140.996208,45.358853],[140.99549,45.360164],[140.994726,45.361003],[140.994702,45.361056],[140.994751,45.361176],[140.99466,45.361274],[140.99469,45.361377],[140.994511,45.361481],[140.994499,45.36158],[140.994277,45.36172],[140.994291,45.361798],[140.994174,45.36184],[140.994146,45.361898],[140.994188,45.362148],[140.994478,45.362169],[140.994513,45.362335],[140.994461,45.362407],[140.994482,45.362592],[140.994581,45.362668],[140.994524,45.362721],[140.994566,45.362867],[140.994655,45.362941],[140.99455,45.363026],[140.994544,45.363196],[140.994319,45.36323],[140.994159,45.363332],[140.99406,45.363311],[140.993934,45.363391],[140.9941,45.363682],[140.994068,45.363809],[140.993956,45.363928],[140.993972,45.363992],[140.993829,45.364055],[140.993784,45.36414],[140.993587,45.364144],[140.993515,45.364223],[140.993361,45.364234],[140.993253,45.364316],[140.992812,45.364429],[140.992726,45.3647],[140.992752,45.364934],[140.992434,45.365188],[140.992379,45.365324],[140.992159,45.365443],[140.992079,45.365591],[140.991746,45.365556],[140.991606,45.365651],[140.99141,45.365678],[140.991132,45.365845],[140.991094,45.365926],[140.991146,45.365956],[140.991673,45.366001],[140.991732,45.366071],[140.991594,45.366225],[140.991594,45.366297],[140.991214,45.366271],[140.991082,45.36631],[140.991551,45.366513],[140.991423,45.366624],[140.991428,45.366746],[140.991043,45.366687],[140.990903,45.366576],[140.990645,45.36655],[140.990338,45.36674],[140.990346,45.366888],[140.990411,45.366987],[140.990551,45.367024],[140.990601,45.367113],[140.990766,45.367208],[140.990793,45.367288],[140.990456,45.367196],[140.99035,45.367104],[140.989983,45.367138],[140.989921,45.367302],[140.989775,45.367374],[140.989785,45.36759],[140.989856,45.367701],[140.989461,45.367761],[140.989238,45.367874],[140.989254,45.367946],[140.989424,45.367968],[140.989661,45.368243],[140.989812,45.368288],[140.989817,45.368391],[140.989956,45.368484],[140.989792,45.368594],[140.989684,45.368769],[140.989689,45.368875],[140.989439,45.368877],[140.989072,45.368659],[140.988937,45.3687],[140.988897,45.368737],[140.988906,45.368831],[140.988801,45.368914],[140.988813,45.368986],[140.988974,45.369146],[140.989181,45.369156],[140.989209,45.369227],[140.98935,45.369313],[140.989259,45.369409],[140.988964,45.369377],[140.988848,45.369206],[140.988686,45.369177],[140.988627,45.369201],[140.988625,45.369282],[140.988769,45.369491],[140.988583,45.36949],[140.988409,45.369562],[140.988585,45.369636],[140.989079,45.36969],[140.989261,45.369667],[140.989319,45.369805],[140.989227,45.369989],[140.989301,45.370233],[140.989228,45.370237],[140.988921,45.370449],[140.988929,45.370533],[140.988739,45.370642],[140.988696,45.370701],[140.988696,45.370878],[140.988595,45.370937],[140.988752,45.371322],[140.988677,45.371572],[140.988477,45.371681],[140.988143,45.371676],[140.987683,45.371954],[140.987635,45.372027],[140.98748,45.372038],[140.987285,45.372143],[140.98715,45.372132],[140.986903,45.372289],[140.986849,45.372422],[140.98665,45.372558],[140.986678,45.372749],[140.986791,45.372957],[140.986503,45.372983],[140.986476,45.373029],[140.986858,45.373284],[140.986823,45.373371],[140.986856,45.373439],[140.986751,45.373677],[140.98683,45.373752],[140.986799,45.373814],[140.986828,45.373983],[140.986962,45.374083],[140.98689,45.374237],[140.986413,45.374269],[140.986014,45.37446],[140.985736,45.374764],[140.985741,45.374946],[140.985623,45.37503],[140.985567,45.375211],[140.985201,45.375296],[140.985071,45.375474],[140.984924,45.375529],[140.984849,45.375779],[140.984632,45.375806],[140.984531,45.375907],[140.984529,45.375976],[140.984452,45.37601],[140.984414,45.376245],[140.984487,45.376304],[140.984506,45.376403],[140.984807,45.376557],[140.984834,45.376676],[140.984952,45.376718],[140.98493,45.376959],[140.985024,45.376996],[140.984966,45.377134],[140.985075,45.377294],[140.984993,45.37752],[140.984791,45.377625],[140.984446,45.377549],[140.984344,45.377617],[140.984196,45.377607],[140.984139,45.377761],[140.984211,45.377917],[140.984428,45.378005],[140.984863,45.377986],[140.984836,45.378106],[140.984873,45.378187],[140.984693,45.378238],[140.984608,45.378339],[140.984504,45.37833],[140.984409,45.378382],[140.984365,45.378547],[140.984105,45.37859],[140.984074,45.378697],[140.984257,45.378797],[140.984136,45.378859],[140.984059,45.378977],[140.983916,45.378994],[140.983768,45.379109],[140.983621,45.379133],[140.983434,45.379249],[140.983318,45.379382],[140.983187,45.379437],[140.98305,45.379624],[140.98307,45.379736],[140.983004,45.379875],[140.983061,45.37997],[140.98296,45.380094],[140.983004,45.380217],[140.982908,45.380375],[140.982999,45.3805],[140.982925,45.380624],[140.983109,45.38087],[140.983446,45.380876],[140.983413,45.380982],[140.983489,45.381152],[140.983368,45.381236],[140.983401,45.381354],[140.983337,45.381415],[140.983306,45.381719],[140.983421,45.381924],[140.983536,45.381889],[140.983601,45.381792],[140.983691,45.38191],[140.983697,45.38223],[140.983752,45.382373],[140.983637,45.38242],[140.983594,45.382547],[140.983456,45.382534],[140.983077,45.382646],[140.983042,45.382747],[140.982768,45.382787],[140.982685,45.383036],[140.982741,45.383188],[140.983076,45.383376],[140.983126,45.383493],[140.983223,45.383529],[140.983269,45.383712],[140.983353,45.383759],[140.983317,45.383834],[140.983375,45.383907],[140.983541,45.383982],[140.983685,45.383942],[140.983624,45.383832],[140.983673,45.383774],[140.983633,45.383605],[140.983728,45.383613],[140.983851,45.383798],[140.984051,45.384332],[140.984181,45.384429],[140.984227,45.384545],[140.984346,45.384601],[140.984413,45.384577],[140.984407,45.384428],[140.984314,45.384248],[140.984315,45.384122],[140.984167,45.383916],[140.984192,45.383809],[140.984607,45.383972],[140.98503,45.384287],[140.985277,45.384389],[140.98574,45.384349],[140.986226,45.384473],[140.986689,45.384676],[140.98698,45.384914],[140.986926,45.384957],[140.986919,45.385027],[140.987002,45.385108],[140.986945,45.385212],[140.987103,45.385378],[140.987271,45.385352],[140.987329,45.385431],[140.987622,45.385356],[140.988436,45.385429],[140.988874,45.385339],[140.989329,45.385368],[140.990478,45.38597],[140.990717,45.386144],[140.990805,45.386307],[140.990725,45.386757],[140.990813,45.387072],[140.990789,45.387742],[140.990749,45.387843],[140.98988,45.388718],[140.989719,45.388957],[140.989583,45.389034],[140.989557,45.389136],[140.989413,45.389225],[140.989269,45.389452],[140.989134,45.389555],[140.989138,45.389672],[140.988991,45.389803],[140.988831,45.389794],[140.988753,45.389893],[140.988785,45.390034],[140.988726,45.390092],[140.988724,45.39026],[140.98884,45.390349],[140.988848,45.390605],[140.988988,45.390676],[140.989002,45.390774],[140.98877,45.391196],[140.988778,45.391342],[140.989113,45.392265],[140.989113,45.392479],[140.989025,45.392737],[140.98881,45.392991],[140.988387,45.393294],[140.987919,45.393504],[140.987677,45.39351],[140.987595,45.393667],[140.987572,45.393924],[140.987693,45.393981],[140.987653,45.394228],[140.987414,45.394453],[140.98708,45.394664],[140.986868,45.394601],[140.986686,45.394689],[140.986631,45.394906],[140.986722,45.394951],[140.986504,45.395151],[140.986321,45.395213],[140.986167,45.395146],[140.985823,45.395186],[140.985727,45.39527],[140.985496,45.395337],[140.985409,45.395563],[140.985272,45.395543],[140.985218,45.395584],[140.985178,45.395747],[140.985234,45.39585],[140.985171,45.396161],[140.985314,45.396183],[140.985359,45.396306],[140.985579,45.396383],[140.985762,45.396692],[140.985818,45.396979],[140.986137,45.397199],[140.986169,45.397277],[140.986089,45.397823],[140.986033,45.397947],[140.985898,45.398012],[140.98573,45.398247],[140.9851,45.398193],[140.984812,45.398287],[140.984714,45.398449],[140.984833,45.398548],[140.984856,45.398645],[140.985086,45.398671],[140.985155,45.398803],[140.98502,45.398832],[140.984764,45.399031],[140.984833,45.399126],[140.984781,45.399241],[140.984856,45.399312],[140.985202,45.399445],[140.985322,45.399418],[140.985406,45.399341],[140.985934,45.399344],[140.985989,45.399427],[140.986221,45.399469],[140.986324,45.399585],[140.986571,45.399577],[140.986703,45.399697],[140.986687,45.399989],[140.986807,45.400344],[140.986799,45.400518],[140.986639,45.400855],[140.986469,45.400837],[140.986024,45.400661],[140.9859,45.400678],[140.985694,45.400794],[140.985749,45.400963],[140.985875,45.401001],[140.985915,45.401165],[140.986062,45.401226],[140.98621,45.401447],[140.986324,45.401492],[140.98634,45.401618],[140.986494,45.401714],[140.986428,45.401792],[140.986292,45.401795],[140.985974,45.401719],[140.986121,45.401866],[140.985958,45.401975],[140.986093,45.402174],[140.986098,45.402279],[140.986374,45.402466],[140.986386,45.402637],[140.986538,45.402674],[140.986581,45.402786],[140.987054,45.402961],[140.987196,45.403116],[140.987384,45.403157],[140.987617,45.403137],[140.98776,45.40307],[140.987993,45.403102],[140.988368,45.403291],[140.988436,45.403421],[140.988601,45.403516],[140.988661,45.403628],[140.988958,45.403638],[140.989034,45.403707],[140.989205,45.40374],[140.989322,45.403684],[140.989606,45.403753],[140.989601,45.403996],[140.98967,45.404223],[140.989815,45.404262],[140.98978,45.404322],[140.98983,45.40451],[140.989791,45.404616],[140.989836,45.404742],[140.989791,45.404936],[140.989584,45.405059],[140.989464,45.405059],[140.989335,45.405224],[140.989297,45.405455],[140.989359,45.405529],[140.989352,45.405636],[140.989529,45.40578],[140.989786,45.405842],[140.989964,45.405697],[140.990111,45.405649],[140.990144,45.405487],[140.990349,45.405451],[140.99056,45.405675],[140.990688,45.405719],[140.990645,45.405837],[140.990674,45.405949],[140.990774,45.406019],[140.990761,45.406159],[140.990945,45.406429],[140.991094,45.406485],[140.991095,45.406599],[140.991204,45.406706],[140.991327,45.406736],[140.991411,45.406933],[140.991529,45.406971],[140.991552,45.407269],[140.991465,45.407499],[140.991473,45.407657],[140.991667,45.407852],[140.991662,45.408098],[140.991345,45.408934],[140.991186,45.409007],[140.990993,45.408988],[140.990664,45.409214],[140.990653,45.409364],[140.990584,45.40943],[140.990597,45.409563],[140.98632,45.409516],[140.986301,45.410359],[140.986129,45.410326],[140.986063,45.410387],[140.985887,45.410382],[140.985859,45.410526],[140.985658,45.410579],[140.985521,45.410556],[140.985367,45.410599],[140.985137,45.410542],[140.98506,45.410634],[140.984554,45.410572],[140.9845,45.410652],[140.984405,45.410667],[140.984352,45.410758],[140.984536,45.411029],[140.984801,45.411116],[140.984937,45.411037],[140.985163,45.411074],[140.985336,45.411178],[140.985288,45.411264],[140.985315,45.411366],[140.985272,45.411524],[140.98535,45.411633],[140.985225,45.411762],[140.98522,45.41187],[140.985277,45.411962],[140.985173,45.412147],[140.985304,45.412353],[140.985567,45.4125],[140.985732,45.412447],[140.985933,45.412481],[140.986263,45.412081],[140.98634,45.412083],[140.986623,45.4122],[140.986865,45.412396],[140.986803,45.412547],[140.986841,45.412783],[140.986895,45.412838],[140.986824,45.412891],[140.98682,45.413152],[140.986696,45.413269],[140.986715,45.413465],[140.986653,45.413486],[140.986644,45.413647],[140.986559,45.413781],[140.986587,45.413867],[140.986478,45.413981],[140.986534,45.414146],[140.986434,45.414218],[140.986369,45.414484],[140.986204,45.414491],[140.98605,45.414605],[140.985776,45.414633],[140.985761,45.414706],[140.985426,45.414766],[140.985279,45.414711],[140.985103,45.414753],[140.984709,45.414718],[140.984559,45.414803],[140.984509,45.414914],[140.984396,45.414949],[140.984355,45.415084],[140.984234,45.415137],[140.984226,45.415239],[140.983958,45.41529],[140.9839,45.415189],[140.983636,45.41512],[140.983579,45.41504],[140.982976,45.414992],[140.982822,45.414816],[140.982733,45.414816],[140.982551,45.414963],[140.982552,45.415051],[140.982658,45.415104],[140.982602,45.415303],[140.982658,45.415341],[140.982578,45.415475],[140.982713,45.415591],[140.982714,45.415706],[140.983088,45.415876],[140.983548,45.415847],[140.983619,45.415752],[140.983746,45.41574],[140.983845,45.415662],[140.983864,45.415576],[140.984041,45.415565],[140.984203,45.415678],[140.984241,45.415764],[140.984448,45.415852],[140.984586,45.415818],[140.984646,45.415879],[140.984895,45.415905],[140.984981,45.415978],[140.985256,45.416006],[140.98485,45.419153],[140.990372,45.421278],[140.993939,45.419895],[140.994048,45.420309],[140.994055,45.421396],[140.994127,45.422161],[140.994247,45.422622],[140.994199,45.423499],[140.994407,45.423741],[140.994407,45.423831],[140.994135,45.424079],[140.994103,45.424163],[140.994079,45.424495],[140.993927,45.425074],[140.993432,45.426402],[140.992944,45.427122],[140.992569,45.427482],[140.992154,45.428286],[140.991778,45.428787],[140.991323,45.429271],[140.9903,45.43007],[140.989565,45.430323],[140.989006,45.430593],[140.988551,45.430891],[140.987704,45.431538],[140.986921,45.432269],[140.985891,45.433012],[140.985451,45.433383],[140.983534,45.434603],[140.983095,45.434997],[140.98252,45.435335],[140.982056,45.435566],[140.981097,45.435937],[140.978406,45.436527],[140.977655,45.436578],[140.976497,45.436831],[140.975354,45.436983],[140.974792,45.436946],[140.974058,45.437032],[140.973901,45.437129],[140.972606,45.437427],[140.97164,45.437585],[140.971262,45.437466],[140.971181,45.437483],[140.971086,45.437337],[140.970707,45.437227],[140.970514,45.437313],[140.970523,45.437406],[140.970609,45.437474],[140.970506,45.437578],[140.970327,45.437668],[140.970147,45.437679],[140.969943,45.437584],[140.969861,45.437633],[140.969872,45.437759],[140.969766,45.437882],[140.969361,45.43792],[140.969181,45.438006],[140.968929,45.438024],[140.968811,45.438079],[140.96861,45.438094],[140.968384,45.438013],[140.968317,45.438051],[140.968333,45.438141],[140.968093,45.438248],[140.968077,45.43831],[140.967886,45.438293],[140.967782,45.438338],[140.96759,45.438293],[140.96747,45.438428],[140.967302,45.438411],[140.967119,45.438226],[140.966831,45.438108],[140.966671,45.438164],[140.966568,45.438321],[140.966432,45.438389],[140.966448,45.438456],[140.966352,45.438602],[140.966416,45.438749],[140.966448,45.439036],[140.966519,45.439086],[140.966487,45.439199],[140.966759,45.439418],[140.966895,45.439418],[140.966991,45.439508],[140.967214,45.43948],[140.967446,45.439362],[140.967885,45.43939],[140.968005,45.439458],[140.968165,45.439458],[140.968636,45.439615],[140.968796,45.439829],[140.969291,45.439913],[140.969714,45.440088],[140.970122,45.440341],[140.970114,45.440493],[140.970178,45.440611],[140.970138,45.440679],[140.970194,45.440797],[140.970138,45.440887],[140.970226,45.440994],[140.970561,45.440954],[140.970689,45.440864],[140.970921,45.440864],[140.971025,45.440954],[140.971161,45.44096],[140.97128,45.441072],[140.971472,45.441044],[140.971496,45.441162],[140.971703,45.441314],[140.971927,45.441399],[140.971959,45.441472],[140.972127,45.441534],[140.972223,45.441657],[140.972414,45.441702],[140.972406,45.441809],[140.972638,45.441916],[140.972646,45.441967],[140.972758,45.442034],[140.972862,45.442051],[140.972934,45.442186],[140.973133,45.442248],[140.973189,45.442327],[140.973365,45.442349],[140.973421,45.442456],[140.97366,45.442507],[140.973732,45.442586],[140.974098,45.4427],[140.974795,45.44321],[140.975034,45.443463],[140.97525,45.443806],[140.975466,45.444324],[140.975753,45.445477],[140.975833,45.446315],[140.975901,45.44639],[140.976081,45.446417],[140.976111,45.446203],[140.976408,45.446248],[140.97636,45.44649],[140.976624,45.446479],[140.976664,45.446512],[140.976847,45.447632],[140.976727,45.448307],[140.976488,45.448909],[140.97616,45.449505],[140.975865,45.450484],[140.973268,45.452273],[140.972829,45.452425],[140.970984,45.452593],[140.970366,45.452717],[140.970353,45.452653],[140.970263,45.4526],[140.970124,45.452671],[140.970138,45.452766],[140.969945,45.452801],[140.969546,45.452773],[140.969402,45.452632],[140.969227,45.452728],[140.969107,45.452722],[140.968723,45.452548],[140.968587,45.452554],[140.968436,45.452649],[140.968524,45.452914],[140.968372,45.453015],[140.968228,45.452942],[140.967781,45.453009],[140.967829,45.4527],[140.967693,45.452745],[140.967557,45.452902],[140.967605,45.453049],[140.967517,45.453268],[140.967565,45.453291],[140.967573,45.453426],[140.967653,45.453532],[140.967797,45.453555],[140.967829,45.453741],[140.967901,45.453786],[140.967853,45.453847],[140.967837,45.454022],[140.967765,45.454185],[140.967533,45.454247],[140.967429,45.45423],[140.967309,45.454303],[140.967477,45.454579],[140.967501,45.454702],[140.967049,45.455203],[140.966726,45.45531],[140.966654,45.455383],[140.966616,45.455524],[140.966817,45.455696],[140.966974,45.455754],[140.967038,45.455895],[140.966966,45.456835],[140.966902,45.456936],[140.966758,45.457026],[140.966591,45.45697],[140.966248,45.456947],[140.965952,45.457137],[140.965914,45.45725],[140.96593,45.457349],[140.966028,45.45746],[140.96611,45.457471],[140.966191,45.457554],[140.966374,45.457589],[140.966486,45.45774],[140.966494,45.457875],[140.966438,45.458004],[140.966318,45.458117],[140.966278,45.458079],[140.966137,45.458135],[140.966109,45.458199],[140.96618,45.458415],[140.966264,45.458494],[140.966389,45.45849],[140.966498,45.458545],[140.966782,45.458477],[140.966926,45.458629],[140.966926,45.458837],[140.96683,45.45904],[140.966679,45.459078],[140.966546,45.45903],[140.966456,45.459061],[140.966418,45.4591],[140.966456,45.459162],[140.966424,45.459246],[140.966603,45.459394],[140.966813,45.459416],[140.966924,45.459491],[140.967157,45.459411],[140.967261,45.459462],[140.96774,45.460069],[140.967892,45.460345],[140.967876,45.460801],[140.967747,45.460935],[140.967676,45.461123],[140.967344,45.461463],[140.967339,45.461536],[140.967436,45.461597],[140.967249,45.461721],[140.967254,45.461776],[140.967058,45.461966],[140.966955,45.46199],[140.966884,45.462067],[140.966778,45.462213],[140.966765,45.46241],[140.966697,45.462469],[140.96668,45.462542],[140.966751,45.462657],[140.966776,45.462824],[140.966898,45.462877],[140.966982,45.462977],[140.967186,45.463034],[140.967349,45.46318],[140.967349,45.463366],[140.967189,45.463782],[140.967027,45.463916],[140.967024,45.464091],[140.968854,45.46486],[140.970696,45.465421],[140.972639,45.465772],[140.974636,45.465905],[140.976639,45.465817],[140.978597,45.465509],[140.980463,45.464989],[140.981958,45.464376]],[[140.9677,45.483377],[140.967581,45.483469],[140.967575,45.483606],[140.967961,45.483792],[140.968098,45.48377],[140.967994,45.48354],[140.9677,45.483377]],[[140.965943,45.475337],[140.965877,45.475376],[140.966121,45.47573],[140.965814,45.475736],[140.965614,45.475685],[140.964936,45.475404],[140.964392,45.475246],[140.964402,45.475194],[140.964314,45.475164],[140.963921,45.475116],[140.963621,45.475155],[140.963556,45.475217],[140.963362,45.475257],[140.963034,45.475552],[140.963168,45.47571],[140.963302,45.47577],[140.963524,45.47577],[140.963658,45.475881],[140.963647,45.475934],[140.963419,45.47589],[140.963285,45.475948],[140.963328,45.476073],[140.96363,45.476177],[140.963576,45.476276],[140.963328,45.476219],[140.963216,45.476286],[140.963236,45.476491],[140.963365,45.476697],[140.963299,45.476797],[140.963191,45.476688],[140.962977,45.476589],[140.962874,45.476619],[140.962618,45.476556],[140.962273,45.476674],[140.962262,45.476876],[140.962304,45.476963],[140.962493,45.477065],[140.962518,45.477148],[140.962826,45.477368],[140.96294,45.477368],[140.963182,45.477486],[140.963333,45.477414],[140.96339,45.477449],[140.963624,45.477371],[140.963881,45.477556],[140.963889,45.477932],[140.963838,45.477986],[140.963462,45.478013],[140.96347,45.478089],[140.963584,45.478136],[140.963396,45.478256],[140.962752,45.478411],[140.962721,45.478492],[140.962846,45.478589],[140.96302,45.478633],[140.963014,45.478714],[140.962792,45.478698],[140.962635,45.478774],[140.962686,45.47883],[140.963042,45.478911],[140.963524,45.478906],[140.963638,45.478992],[140.963402,45.479084],[140.963333,45.479204],[140.963351,45.47926],[140.96343,45.479304],[140.963692,45.479271],[140.963712,45.479419],[140.963786,45.479452],[140.963815,45.479574],[140.963892,45.479632],[140.963883,45.479722],[140.963621,45.479804],[140.963498,45.47991],[140.963407,45.480088],[140.963467,45.480125],[140.963627,45.480136],[140.963701,45.48009],[140.96398,45.480134],[140.964103,45.480254],[140.964342,45.480261],[140.964428,45.48012],[140.964394,45.480012],[140.964282,45.479903],[140.964533,45.479942],[140.964659,45.479898],[140.964331,45.479757],[140.964448,45.479644],[140.964801,45.479614],[140.965243,45.479392],[140.965291,45.479341],[140.965277,45.479267],[140.965343,45.479211],[140.96534,45.479142],[140.965249,45.479072],[140.965191,45.478937],[140.965263,45.478824],[140.965734,45.478374],[140.966158,45.478127],[140.966573,45.478003],[140.96702,45.477981],[140.967444,45.478149],[140.967318,45.478238],[140.967352,45.478347],[140.967426,45.4784],[140.967817,45.478471],[140.967956,45.478395],[140.968011,45.478307],[140.967739,45.47811],[140.967755,45.478076],[140.967931,45.477947],[140.968314,45.477846],[140.968546,45.477851],[140.969009,45.477986],[140.969205,45.478131],[140.969382,45.478152],[140.969464,45.478252],[140.969607,45.478252],[140.969998,45.478511],[140.970063,45.478654],[140.969983,45.478754],[140.969966,45.478918],[140.97004,45.478957],[140.970017,45.479158],[140.970094,45.479214],[140.970071,45.479292],[140.97014,45.479438],[140.970234,45.479457],[140.970294,45.479549],[140.970493,45.479639],[140.970912,45.479665],[140.970938,45.479602],[140.970696,45.47926],[140.970693,45.479126],[140.970639,45.479084],[140.970679,45.479036],[140.970519,45.478862],[140.970399,45.478821],[140.970528,45.478714],[140.970684,45.478724],[140.970772,45.478638],[140.970912,45.478601],[140.970935,45.478457],[140.971043,45.478409],[140.971072,45.478349],[140.971006,45.478018],[140.970912,45.477963],[140.9711,45.47788],[140.971132,45.477734],[140.971001,45.477685],[140.970938,45.477604],[140.97069,45.477614],[140.970593,45.477334],[140.970639,45.477267],[140.970619,45.477199],[140.970513,45.477089],[140.970377,45.477033],[140.970411,45.476957],[140.970339,45.476776],[140.970183,45.476686],[140.970174,45.476603],[140.969952,45.476462],[140.969878,45.476256],[140.969644,45.476129],[140.969695,45.475971],[140.969978,45.475812],[140.969966,45.475684],[140.969698,45.475546],[140.969673,45.475451],[140.969484,45.475358],[140.969424,45.47528],[140.969148,45.475201],[140.968752,45.475236],[140.968447,45.475428],[140.968259,45.475393],[140.968273,45.475254],[140.968211,45.475083],[140.968051,45.475023],[140.967809,45.475106],[140.967649,45.475307],[140.967649,45.475402],[140.967575,45.475513],[140.967455,45.475518],[140.967392,45.475335],[140.967173,45.475266],[140.967082,45.475333],[140.967024,45.475569],[140.966911,45.47558],[140.966839,45.475492],[140.966611,45.475419],[140.9665,45.475506],[140.966514,45.475608],[140.966205,45.475709],[140.965943,45.475337]],[[140.961796,45.474509],[140.962009,45.474422],[140.962028,45.474312],[140.962276,45.474335],[140.962347,45.474279],[140.962356,45.4742],[140.962603,45.474172],[140.962739,45.474037],[140.962691,45.473857],[140.962579,45.473744],[140.962259,45.473711],[140.962164,45.473649],[140.961844,45.473699],[140.961732,45.473594],[140.961669,45.473604],[140.961605,45.473621],[140.961525,45.473784],[140.961306,45.473572],[140.961034,45.473623],[140.960887,45.473985],[140.961054,45.474391],[140.961392,45.474387],[140.961504,45.474464],[140.961796,45.474509]],[[140.972273,45.472616],[140.972325,45.472691],[140.97251,45.472726],[140.972657,45.472492],[140.972638,45.472419],[140.972458,45.472284],[140.972379,45.472293],[140.972265,45.472408],[140.972273,45.472616]],[[140.965257,45.439964],[140.965441,45.439868],[140.965409,45.439733],[140.965466,45.439705],[140.965449,45.439508],[140.965225,45.439576],[140.964946,45.43984],[140.964978,45.439919],[140.965257,45.439964]],[[140.964938,45.438574],[140.96489,45.438434],[140.96477,45.438377],[140.964706,45.438265],[140.964499,45.438169],[140.964379,45.438231],[140.964339,45.438338],[140.964195,45.438394],[140.964091,45.438557],[140.964123,45.438934],[140.963992,45.438957],[140.963804,45.438867],[140.963756,45.438794],[140.963644,45.438782],[140.963572,45.438681],[140.963396,45.438664],[140.96334,45.438816],[140.963221,45.438867],[140.963093,45.438827],[140.962989,45.438901],[140.962957,45.438979],[140.963013,45.439047],[140.962973,45.439204],[140.963005,45.439266],[140.962925,45.439373],[140.962965,45.439424],[140.963228,45.439401],[140.963308,45.439345],[140.963532,45.439536],[140.963604,45.439536],[140.963987,45.4393],[140.964099,45.439289],[140.964131,45.439311],[140.964083,45.439486],[140.964123,45.439581],[140.964466,45.439666],[140.964602,45.439632],[140.964674,45.439536],[140.964786,45.439564],[140.965026,45.439418],[140.965249,45.439441],[140.965481,45.439379],[140.965689,45.439413],[140.965689,45.439531],[140.965737,45.439564],[140.965721,45.439722],[140.965928,45.439925],[140.965992,45.439953],[140.966216,45.439835],[140.966216,45.439733],[140.966304,45.439632],[140.966232,45.439469],[140.966264,45.439367],[140.966224,45.439182],[140.966176,45.439137],[140.966192,45.438929],[140.966064,45.438822],[140.966064,45.438743],[140.966,45.43867],[140.965872,45.438608],[140.965721,45.438619],[140.965737,45.438563],[140.965681,45.438496],[140.965737,45.438372],[140.965601,45.438316],[140.965521,45.438377],[140.965369,45.438197],[140.965409,45.438141],[140.965353,45.437989],[140.965282,45.437984],[140.965218,45.438091],[140.965289,45.438214],[140.965321,45.438428],[140.965393,45.438518],[140.965353,45.438676],[140.965209,45.438726],[140.965066,45.438608],[140.964938,45.438574]],[[140.982966,45.411002],[140.98313,45.410992],[140.983389,45.411105],[140.983462,45.411053],[140.983775,45.411134],[140.984034,45.411067],[140.984071,45.410831],[140.983966,45.410735],[140.984023,45.410631],[140.983846,45.410332],[140.983571,45.410227],[140.983298,45.410428],[140.983174,45.410418],[140.983018,45.410483],[140.982616,45.410412],[140.982486,45.410593],[140.982576,45.410834],[140.982712,45.410933],[140.982966,45.411002]],[[140.978051,45.399337],[140.97826,45.399359],[140.978223,45.399261],[140.978126,45.399239],[140.978017,45.399257],[140.978051,45.399337]],[[140.980684,45.395128],[140.980813,45.395118],[140.98086,45.395021],[140.980679,45.394851],[140.980614,45.394855],[140.980617,45.395078],[140.980684,45.395128]],[[140.999673,45.329611],[140.999919,45.329571],[141.000009,45.329436],[141.000216,45.329419],[141.000263,45.329352],[141.000099,45.32928],[141.000013,45.329178],[140.999718,45.329072],[140.999583,45.329159],[140.9994,45.329153],[140.999238,45.329263],[140.999234,45.329371],[140.999341,45.329452],[140.999224,45.329549],[140.999673,45.329611]],[[141.020454,45.289564],[141.020614,45.289497],[141.020815,45.289506],[141.020963,45.289419],[141.020793,45.28928],[141.020491,45.289184],[141.020358,45.289064],[141.020102,45.289161],[141.020125,45.289271],[141.020037,45.289315],[141.020054,45.289437],[141.020219,45.289527],[141.020454,45.289564]],[[141.015448,45.281213],[141.01575,45.281029],[141.01582,45.280818],[141.015931,45.280686],[141.015883,45.280556],[141.015981,45.280335],[141.015776,45.280173],[141.015479,45.28017],[141.01538,45.280201],[141.015233,45.28034],[141.0153,45.280416],[141.01528,45.280516],[141.015326,45.280619],[141.015272,45.280699],[141.015287,45.280832],[141.015228,45.280891],[141.01526,45.280981],[141.015216,45.281071],[141.01527,45.281156],[141.015448,45.281213]]],[[[140.965329,45.439953],[140.964978,45.439919],[140.964946,45.43984],[140.965225,45.439576],[140.965449,45.439508],[140.965466,45.439705],[140.965409,45.439744],[140.965458,45.439813],[140.965329,45.439953]]],[[[141.037063,45.435467],[141.036828,45.435748],[141.036288,45.435799],[141.034938,45.43518],[141.034315,45.434966],[141.034108,45.434915],[141.033439,45.434952],[141.033436,45.434759],[141.033167,45.434677],[141.03213,45.435064],[141.031624,45.435204],[141.031235,45.435146],[141.030141,45.434861],[141.030159,45.434836],[141.029738,45.43467],[141.029004,45.434721],[141.028942,45.434264],[141.028539,45.434286],[141.028434,45.434221],[141.028,45.434178],[141.027955,45.434377],[141.028049,45.435106],[141.027842,45.435163],[141.027663,45.435102],[141.027398,45.43516],[141.026522,45.435029],[141.024979,45.434468],[141.024414,45.434037],[141.024103,45.434092],[141.024122,45.434063],[141.023692,45.433914],[141.023479,45.433648],[141.02355,45.433407],[141.02364,45.433296],[141.023753,45.43326],[141.023741,45.433101],[141.023922,45.433037],[141.023674,45.432755],[141.023826,45.43274],[141.024028,45.432627],[141.023902,45.431547],[141.025064,45.430901],[141.026215,45.431751],[141.02696,45.43246],[141.028613,45.432569],[141.029173,45.43318],[141.029427,45.432871],[141.029441,45.432652],[141.02962,45.431928],[141.029777,45.431695],[141.03005,45.431437],[141.03064,45.43122],[141.030903,45.431066],[141.031107,45.430801],[141.0313,45.430245],[141.031448,45.430076],[141.031596,45.429992],[141.031832,45.429913],[141.032557,45.429917],[141.032955,45.430176],[141.033227,45.430499],[141.033559,45.4306],[141.035028,45.430578],[141.03561,45.430454],[141.036659,45.429804],[141.036883,45.429608],[141.036925,45.42948],[141.03689,45.429363],[141.036604,45.429096],[141.036487,45.428668],[141.036716,45.428486],[141.036968,45.428126],[141.037124,45.427885],[141.037253,45.427495],[141.037086,45.427077],[141.037043,45.426834],[141.037078,45.42652],[141.037515,45.426164],[141.038126,45.425765],[141.038852,45.425457],[141.038975,45.425286],[141.039031,45.425094],[141.039106,45.424316],[141.039077,45.424216],[141.039095,45.424137],[141.039189,45.424086],[141.039253,45.424519],[141.039992,45.426464],[141.040195,45.426728],[141.042024,45.427982],[141.042293,45.428267],[141.042413,45.428549],[141.042432,45.429341],[141.042504,45.429633],[141.042728,45.429971],[141.041982,45.431229],[141.040626,45.432823],[141.040466,45.432975],[141.040051,45.433217],[141.038782,45.433712],[141.038173,45.433978],[141.037875,45.434159],[141.037591,45.43454],[141.037063,45.435467]]],[[[141.011816,45.42607],[141.01176,45.426536],[141.011909,45.427279],[141.008852,45.431665],[141.008671,45.430551],[141.008061,45.429724],[141.00774,45.428739],[141.007283,45.427793],[141.00628,45.427243],[141.004548,45.426734],[141.003602,45.426361],[141.003097,45.425729],[141.00306,45.425822],[141.002327,45.42526],[141.001238,45.424598],[141.001293,45.42451],[141.001097,45.424372],[141.000213,45.424163],[140.99895,45.423725],[140.997489,45.424248],[140.997299,45.425216],[140.996605,45.42603],[140.99572,45.426828],[140.994737,45.427408],[140.992438,45.429428],[140.991738,45.430274],[140.992076,45.430514],[140.990732,45.430805],[140.989984,45.431052],[140.989501,45.430357],[140.990181,45.430137],[140.990731,45.429766],[140.991323,45.429271],[140.991778,45.428787],[140.992154,45.428286],[140.992569,45.427482],[140.992944,45.427122],[140.993432,45.426402],[140.993927,45.425074],[140.994079,45.424495],[140.994135,45.424079],[140.99427,45.423971],[140.994889,45.423979],[140.995697,45.423867],[140.99548,45.42364],[140.99519,45.422881],[140.995644,45.422806],[140.995336,45.423072],[140.995548,45.423077],[140.996116,45.422738],[140.995985,45.422361],[140.99596,45.421924],[140.995723,45.421916],[140.995629,45.422331],[140.995249,45.422339],[140.995263,45.421412],[140.996428,45.421307],[140.995963,45.420663],[140.99503,45.420452],[140.994916,45.419613],[140.995318,45.419512],[140.995206,45.41937],[140.995167,45.419378],[140.995132,45.419091],[140.994964,45.418629],[140.995203,45.418448],[140.995202,45.41813],[140.995277,45.418106],[140.99476,45.417746],[140.994515,45.418025],[140.993865,45.417562],[140.993595,45.41786],[140.993352,45.417722],[140.993045,45.417676],[140.992742,45.417353],[140.992469,45.417164],[140.992313,45.416818],[140.992108,45.416589],[140.991251,45.416408],[140.991291,45.416365],[140.991129,45.416301],[140.990572,45.416229],[140.990584,45.416199],[140.9899,45.416141],[140.989899,45.416236],[140.989606,45.416245],[140.988945,45.41593],[140.988401,45.41587],[140.988524,45.415333],[140.988503,45.414893],[140.988648,45.414034],[140.988759,45.41366],[140.988635,45.413234],[140.98866,45.412749],[140.98814,45.412302],[140.987691,45.412329],[140.988122,45.412123],[140.988275,45.412104],[140.988536,45.412224],[140.988953,45.412282],[140.990386,45.412148],[140.990799,45.411933],[140.991129,45.411658],[140.991375,45.411585],[140.992875,45.408706],[140.993004,45.408054],[140.99233,45.405138],[140.99236,45.40512],[140.99218,45.404766],[140.990568,45.40384],[140.989656,45.403573],[140.989614,45.403476],[140.987506,45.402274],[140.987462,45.401566],[140.987625,45.4013],[140.987657,45.400656],[140.988591,45.400406],[140.988662,45.400046],[140.988573,45.399303],[140.987961,45.398392],[140.987569,45.397614],[140.987848,45.397544],[140.987699,45.397081],[140.988347,45.396298],[140.989045,45.395261],[140.989475,45.394824],[140.989997,45.393761],[140.990744,45.392971],[140.991102,45.393167],[140.991736,45.393247],[140.992417,45.393411],[140.993139,45.393801],[140.993689,45.393985],[140.99469,45.394051],[140.99504,45.393984],[140.995943,45.393698],[140.997143,45.393509],[140.997415,45.393342],[140.997537,45.39305],[140.99745,45.392703],[140.997103,45.39212],[140.996956,45.391118],[140.996667,45.390177],[140.997131,45.389616],[140.997504,45.389331],[140.997735,45.388974],[140.997801,45.388576],[140.997615,45.387816],[140.997572,45.386959],[140.997778,45.38673],[140.998487,45.38639],[140.998635,45.38558],[140.998701,45.384807],[140.998736,45.384693],[140.999003,45.384383],[140.999078,45.384224],[140.999076,45.384059],[140.998913,45.383408],[140.998885,45.383302],[140.998766,45.383217],[140.998241,45.383072],[140.997782,45.382831],[140.997441,45.382722],[140.996853,45.382082],[140.996433,45.381786],[140.995442,45.381489],[140.995059,45.381033],[140.994574,45.380605],[140.994325,45.379873],[140.994188,45.379024],[140.993824,45.378277],[140.99381,45.377649],[140.993336,45.377049],[140.993193,45.376754],[140.993216,45.37657],[140.993554,45.375784],[140.99356,45.375593],[140.992744,45.374161],[140.992744,45.3741],[140.993289,45.373823],[140.993473,45.373611],[140.993603,45.373146],[140.993963,45.37248],[140.993986,45.372313],[140.99421,45.371934],[140.994273,45.371707],[140.994172,45.371404],[140.994135,45.370825],[140.99428,45.370345],[140.994432,45.370171],[140.995086,45.36976],[140.995255,45.369586],[140.995669,45.369057],[140.995943,45.368579],[140.99621,45.368664],[140.997021,45.368761],[140.997271,45.36883],[140.998008,45.369186],[141.000138,45.369648],[141.000607,45.369854],[141.000877,45.369922],[141.001057,45.369852],[141.001014,45.36939],[141.001102,45.369143],[141.001584,45.368546],[141.001811,45.368188],[141.001952,45.368097],[141.002587,45.368064],[141.003482,45.368361],[141.004287,45.368533],[141.005774,45.36862],[141.005742,45.369089],[141.005683,45.369299],[141.005494,45.369604],[141.005139,45.369977],[141.005312,45.370418],[141.005331,45.370714],[141.005547,45.37078],[141.006144,45.371133],[141.006521,45.371766],[141.006682,45.372159],[141.006931,45.372509],[141.007086,45.37264],[141.007324,45.373256],[141.007415,45.373628],[141.0074,45.374007],[141.007257,45.374475],[141.007268,45.37458],[141.007436,45.374969],[141.007729,45.375401],[141.008167,45.376248],[141.009335,45.377346],[141.010635,45.377934],[141.011322,45.378993],[141.01241,45.380104],[141.012903,45.380554],[141.013691,45.38114],[141.014062,45.381558],[141.01407,45.381844],[141.01395,45.382068],[141.013769,45.382235],[141.013714,45.382378],[141.013626,45.383071],[141.013343,45.383628],[141.013268,45.384179],[141.013347,45.384559],[141.013854,45.385328],[141.01302,45.385273],[141.012274,45.385599],[141.011957,45.385899],[141.011841,45.386135],[141.011792,45.386726],[141.011977,45.387038],[141.01226,45.387311],[141.010926,45.387505],[141.010082,45.387559],[141.009937,45.387658],[141.009824,45.388028],[141.009815,45.38883],[141.00969,45.389221],[141.00937,45.389811],[141.009272,45.390173],[141.008736,45.390868],[141.008688,45.391712],[141.008746,45.392584],[141.009139,45.393201],[141.01039,45.393784],[141.010577,45.393914],[141.011008,45.394738],[141.011166,45.394915],[141.011416,45.395048],[141.012155,45.395305],[141.012658,45.395554],[141.012795,45.395717],[141.012882,45.396077],[141.013599,45.396894],[141.013919,45.397742],[141.014019,45.397853],[141.014204,45.397973],[141.014991,45.398268],[141.015723,45.398393],[141.015967,45.398555],[141.016054,45.398781],[141.016263,45.399081],[141.016582,45.399466],[141.016846,45.399664],[141.018087,45.40118],[141.018542,45.402094],[141.01784,45.402339],[141.01678,45.402146],[141.016638,45.402058],[141.016344,45.401661],[141.015591,45.401313],[141.014233,45.401006],[141.013542,45.400908],[141.012235,45.400323],[141.010908,45.399885],[141.01039,45.399936],[141.010063,45.400025],[141.009619,45.400234],[141.009305,45.400464],[141.009064,45.40055],[141.008632,45.400449],[141.008368,45.400253],[141.007984,45.400077],[141.006657,45.399649],[141.005156,45.399564],[141.00288,45.399957],[141.002082,45.399232],[141.00168,45.398778],[141.000899,45.398374],[141.000484,45.398079],[141.000052,45.397686],[140.999427,45.397248],[140.998171,45.396675],[140.997775,45.396568],[140.996956,45.396539],[140.995632,45.395754],[140.994892,45.395447],[140.994731,45.39533],[140.99439,45.395438],[140.994274,45.395615],[140.994164,45.395679],[140.993547,45.39585],[140.992291,45.395891],[140.991912,45.396104],[140.991807,45.396351],[140.991961,45.396547],[140.992506,45.396993],[140.992719,45.397269],[140.992739,45.397628],[140.99266,45.397819],[140.992253,45.398074],[140.992857,45.398351],[140.993568,45.398879],[140.994143,45.399119],[140.994507,45.399356],[140.994762,45.399625],[140.994992,45.400798],[140.995581,45.401062],[140.995718,45.401808],[140.995641,45.402239],[140.995051,45.402671],[140.994749,45.402756],[140.995093,45.403311],[140.995228,45.404269],[140.996093,45.404533],[140.997496,45.405266],[140.996987,45.40591],[140.996415,45.406388],[140.99689,45.407029],[140.99693,45.407904],[140.997224,45.4086],[140.998055,45.409289],[140.999551,45.4101],[140.999805,45.410651],[141.000548,45.41158],[141.001244,45.411987],[141.001817,45.412249],[141.001801,45.413007],[141.00186,45.413151],[141.002132,45.413466],[141.002577,45.413791],[141.003321,45.413801],[141.003695,45.41328],[141.003938,45.413186],[141.004487,45.413399],[141.005036,45.413449],[141.005252,45.41354],[141.005979,45.414022],[141.006684,45.414648],[141.006825,45.414669],[141.007842,45.414478],[141.008362,45.415157],[141.009627,45.416322],[141.009694,45.416547],[141.010241,45.417378],[141.010633,45.41822],[141.01046,45.41861],[141.01018,45.418639],[141.010033,45.418741],[141.009975,45.419157],[141.00985,45.419422],[141.009859,45.419771],[141.01011,45.420453],[141.010183,45.420817],[141.010004,45.421168],[141.00988,45.421553],[141.009859,45.421893],[141.009945,45.422715],[141.009892,45.423498],[141.010662,45.424083],[141.011267,45.424782],[141.011546,45.42528],[141.011816,45.42607]]],[[[140.985586,45.416059],[140.985432,45.416091],[140.985238,45.415984],[140.984981,45.415978],[140.984895,45.415905],[140.984646,45.415879],[140.984586,45.415818],[140.984448,45.415852],[140.984241,45.415764],[140.984203,45.415678],[140.984041,45.415565],[140.983864,45.415576],[140.983845,45.415662],[140.983746,45.41574],[140.983619,45.415752],[140.983548,45.415847],[140.983088,45.415876],[140.982687,45.415677],[140.982713,45.415591],[140.982578,45.415475],[140.982658,45.415341],[140.982602,45.415303],[140.982658,45.415104],[140.982544,45.415007],[140.982606,45.41488],[140.982822,45.414816],[140.982976,45.414992],[140.983579,45.41504],[140.983636,45.41512],[140.9839,45.415189],[140.983958,45.41529],[140.984226,45.415239],[140.984234,45.415137],[140.984355,45.415084],[140.984396,45.414949],[140.984509,45.414914],[140.984559,45.414803],[140.984709,45.414718],[140.985103,45.414753],[140.985279,45.414711],[140.985426,45.414766],[140.985761,45.414706],[140.985776,45.414633],[140.98605,45.414605],[140.986204,45.414491],[140.986369,45.414484],[140.986434,45.414218],[140.986534,45.414146],[140.986478,45.413981],[140.986587,45.413867],[140.986559,45.413781],[140.986644,45.413647],[140.986653,45.413486],[140.986715,45.413465],[140.986696,45.413269],[140.98682,45.413152],[140.986824,45.412891],[140.986895,45.412838],[140.986841,45.412783],[140.986803,45.412471],[140.986865,45.412396],[140.986623,45.4122],[140.98634,45.412083],[140.986263,45.412081],[140.985933,45.412481],[140.985732,45.412447],[140.985567,45.4125],[140.985304,45.412353],[140.985173,45.412147],[140.985277,45.411962],[140.98522,45.41187],[140.985225,45.411762],[140.98535,45.411633],[140.985272,45.411524],[140.985315,45.411366],[140.985288,45.411264],[140.985336,45.411178],[140.985163,45.411074],[140.984937,45.411037],[140.984801,45.411116],[140.984659,45.411082],[140.984451,45.410957],[140.984352,45.410758],[140.984405,45.410667],[140.9845,45.410652],[140.984554,45.410572],[140.98506,45.410634],[140.985137,45.410542],[140.985367,45.410599],[140.985521,45.410556],[140.985658,45.410579],[140.985859,45.410526],[140.985887,45.410382],[140.986063,45.410387],[140.986177,45.410327],[140.986387,45.410367],[140.986541,45.410487],[140.986549,45.410588],[140.986746,45.410834],[140.986717,45.410924],[140.986992,45.411174],[140.987536,45.411438],[140.988129,45.411543],[140.987473,45.411905],[140.98744,45.412037],[140.987691,45.412329],[140.98814,45.412302],[140.98866,45.412749],[140.988635,45.413234],[140.988759,45.41366],[140.988648,45.414034],[140.988503,45.414893],[140.988524,45.415333],[140.988365,45.416031],[140.987946,45.415949],[140.986981,45.416028],[140.98562,45.416018],[140.985586,45.416059]]],[[[140.988122,45.412123],[140.987691,45.412329],[140.987469,45.412097],[140.987437,45.411974],[140.987473,45.411905],[140.988129,45.411543],[140.987456,45.411408],[140.986992,45.411174],[140.986717,45.410924],[140.986746,45.410834],[140.986549,45.410588],[140.986541,45.410487],[140.986387,45.410367],[140.986301,45.410359],[140.98632,45.409516],[140.990597,45.409563],[140.990584,45.40943],[140.990653,45.409364],[140.990664,45.409214],[140.990993,45.408988],[140.991281,45.408985],[140.991404,45.40882],[140.992875,45.408706],[140.991375,45.411585],[140.991129,45.411658],[140.990799,45.411933],[140.990386,45.412148],[140.988953,45.412282],[140.988536,45.412224],[140.988275,45.412104],[140.988122,45.412123]]],[[[140.99519,45.422881],[140.99548,45.42364],[140.995697,45.423867],[140.994889,45.423979],[140.99427,45.423971],[140.994382,45.423876],[140.994407,45.423741],[140.994199,45.423499],[140.994247,45.422622],[140.994127,45.422161],[140.994055,45.421396],[140.994048,45.420309],[140.993939,45.419895],[140.990372,45.421278],[140.98485,45.419153],[140.985256,45.416006],[140.985479,45.416093],[140.98562,45.416018],[140.986981,45.416028],[140.987946,45.415949],[140.988365,45.416031],[140.988401,45.41587],[140.988945,45.41593],[140.989662,45.416254],[140.989899,45.416236],[140.9899,45.416141],[140.990584,45.416199],[140.990572,45.416229],[140.991129,45.416301],[140.991291,45.416365],[140.991251,45.416408],[140.992108,45.416589],[140.992313,45.416818],[140.992469,45.417164],[140.992742,45.417353],[140.993045,45.417676],[140.993352,45.417722],[140.993595,45.41786],[140.993865,45.417562],[140.994515,45.418025],[140.99476,45.417746],[140.995277,45.418106],[140.995202,45.41813],[140.995203,45.418448],[140.994964,45.418629],[140.995132,45.419091],[140.995167,45.419378],[140.995206,45.41937],[140.995318,45.419512],[140.994916,45.419613],[140.99503,45.420452],[140.995963,45.420663],[140.996428,45.421307],[140.995263,45.421412],[140.995249,45.422339],[140.995629,45.422331],[140.995723,45.421916],[140.99596,45.421924],[140.995985,45.422361],[140.996116,45.422738],[140.995548,45.423077],[140.995336,45.423072],[140.995644,45.422806],[140.99519,45.422881]]],[[[140.983775,45.411134],[140.983462,45.411053],[140.983389,45.411105],[140.98313,45.410992],[140.982966,45.411002],[140.982712,45.410933],[140.982576,45.410834],[140.982486,45.410593],[140.982616,45.410412],[140.983018,45.410483],[140.983174,45.410418],[140.983298,45.410428],[140.983516,45.410231],[140.983761,45.410285],[140.9839,45.410386],[140.98391,45.410485],[140.984023,45.410631],[140.983966,45.410735],[140.984071,45.410831],[140.984034,45.411067],[140.983775,45.411134]]],[[[140.992555,45.406108],[140.993004,45.408054],[140.992875,45.408706],[140.991404,45.40882],[140.991662,45.408098],[140.991667,45.407852],[140.991473,45.407657],[140.991465,45.407499],[140.991552,45.407269],[140.991529,45.406971],[140.991411,45.406933],[140.991327,45.406736],[140.991204,45.406706],[140.991095,45.406599],[140.991094,45.406485],[140.990945,45.406429],[140.990761,45.406159],[140.990774,45.406019],[140.990674,45.405949],[140.990645,45.405837],[140.990688,45.405719],[140.99056,45.405675],[140.990349,45.405451],[140.990144,45.405487],[140.990111,45.405649],[140.989964,45.405697],[140.989786,45.405842],[140.989529,45.40578],[140.989352,45.405636],[140.989359,45.405529],[140.989297,45.405455],[140.989335,45.405224],[140.989464,45.405059],[140.989584,45.405059],[140.989791,45.404936],[140.989836,45.404742],[140.989791,45.404616],[140.98983,45.40451],[140.98978,45.404322],[140.989815,45.404262],[140.98967,45.404223],[140.989601,45.403996],[140.989606,45.403753],[140.989322,45.403684],[140.989205,45.40374],[140.989034,45.403707],[140.988958,45.403638],[140.988661,45.403628],[140.988601,45.403516],[140.988436,45.403421],[140.988368,45.403291],[140.987993,45.403102],[140.98776,45.40307],[140.987617,45.403137],[140.987277,45.403148],[140.987054,45.402961],[140.986581,45.402786],[140.986538,45.402674],[140.986386,45.402637],[140.986374,45.402466],[140.986098,45.402279],[140.986093,45.402174],[140.98597,45.402024],[140.985969,45.401943],[140.986121,45.401866],[140.985974,45.401719],[140.986292,45.401795],[140.986428,45.401792],[140.986494,45.401714],[140.98634,45.401618],[140.986324,45.401492],[140.98621,45.401447],[140.986062,45.401226],[140.985915,45.401165],[140.985875,45.401001],[140.985749,45.400963],[140.985694,45.400794],[140.9859,45.400678],[140.986024,45.400661],[140.986469,45.400837],[140.986639,45.400855],[140.986799,45.400518],[140.986807,45.400344],[140.986687,45.399989],[140.986703,45.399697],[140.986571,45.399577],[140.986324,45.399585],[140.986221,45.399469],[140.985989,45.399427],[140.985934,45.399344],[140.985406,45.399341],[140.985322,45.399418],[140.985202,45.399445],[140.984856,45.399312],[140.984781,45.399241],[140.984833,45.399126],[140.984764,45.399031],[140.98502,45.398832],[140.985155,45.398803],[140.985086,45.398671],[140.984856,45.398645],[140.984833,45.398548],[140.984714,45.398449],[140.984812,45.398287],[140.9851,45.398193],[140.98573,45.398247],[140.985898,45.398012],[140.986033,45.397947],[140.986089,45.397823],[140.986169,45.397277],[140.986137,45.397199],[140.985818,45.396979],[140.985762,45.396692],[140.985579,45.396383],[140.985359,45.396306],[140.985314,45.396183],[140.985171,45.396161],[140.985234,45.39585],[140.985178,45.395747],[140.985218,45.395584],[140.985272,45.395543],[140.985409,45.395563],[140.985496,45.395337],[140.985727,45.39527],[140.985823,45.395186],[140.986167,45.395146],[140.986321,45.395213],[140.986504,45.395151],[140.986722,45.394951],[140.986631,45.394906],[140.986686,45.394689],[140.986868,45.394601],[140.98708,45.394664],[140.987414,45.394453],[140.987677,45.394177],[140.987693,45.393981],[140.987572,45.393924],[140.987639,45.39355],[140.987733,45.393485],[140.987919,45.393504],[140.988387,45.393294],[140.98881,45.392991],[140.989025,45.392737],[140.989113,45.392479],[140.989077,45.392138],[140.990528,45.392628],[140.990383,45.392808],[140.991031,45.392964],[140.991468,45.391735],[140.990184,45.391292],[140.988893,45.39048],[140.988965,45.389901],[140.99084,45.388127],[140.990971,45.387138],[140.990989,45.386347],[140.990822,45.385364],[140.992015,45.385017],[140.991592,45.384251],[140.990167,45.384004],[140.988656,45.384478],[140.988595,45.385424],[140.987789,45.385401],[140.987622,45.385356],[140.987394,45.385434],[140.987329,45.385431],[140.987271,45.385352],[140.987103,45.385378],[140.986945,45.385212],[140.987002,45.385108],[140.986919,45.385027],[140.986926,45.384957],[140.98698,45.384914],[140.986689,45.384676],[140.985875,45.384366],[140.985277,45.384389],[140.98503,45.384287],[140.984607,45.383972],[140.984192,45.383809],[140.984167,45.383916],[140.984315,45.384122],[140.984314,45.384248],[140.984407,45.384428],[140.984413,45.384577],[140.984279,45.384578],[140.984003,45.384252],[140.983851,45.383798],[140.983728,45.383613],[140.983633,45.383605],[140.983673,45.383774],[140.983624,45.383832],[140.983685,45.383942],[140.983541,45.383982],[140.983375,45.383907],[140.983317,45.383834],[140.983353,45.383759],[140.983269,45.383712],[140.983223,45.383529],[140.983126,45.383493],[140.983076,45.383376],[140.982794,45.383236],[140.98269,45.383089],[140.982768,45.382787],[140.983042,45.382747],[140.983077,45.382646],[140.983456,45.382534],[140.983594,45.382547],[140.983637,45.38242],[140.983752,45.382373],[140.983697,45.38223],[140.983691,45.38191],[140.983601,45.381792],[140.983536,45.381889],[140.983421,45.381924],[140.983306,45.381719],[140.983337,45.381415],[140.983401,45.381354],[140.983368,45.381236],[140.983489,45.381152],[140.983413,45.380982],[140.983446,45.380876],[140.983109,45.38087],[140.982925,45.380624],[140.982999,45.3805],[140.982908,45.380375],[140.983004,45.380217],[140.98296,45.380094],[140.983061,45.37997],[140.983004,45.379875],[140.98307,45.379736],[140.98305,45.379624],[140.983187,45.379437],[140.983318,45.379382],[140.983434,45.379249],[140.983621,45.379133],[140.983768,45.379109],[140.983916,45.378994],[140.984059,45.378977],[140.984136,45.378859],[140.984257,45.378797],[140.984074,45.378697],[140.984105,45.37859],[140.984365,45.378547],[140.984409,45.378382],[140.984504,45.37833],[140.984608,45.378339],[140.984693,45.378238],[140.984873,45.378187],[140.984836,45.378106],[140.984863,45.377986],[140.984428,45.378005],[140.984211,45.377917],[140.984139,45.377761],[140.984196,45.377607],[140.984344,45.377617],[140.984446,45.377549],[140.984791,45.377625],[140.984993,45.37752],[140.985075,45.377294],[140.984966,45.377134],[140.985024,45.376996],[140.98493,45.376959],[140.984952,45.376718],[140.984834,45.376676],[140.984807,45.376557],[140.984506,45.376403],[140.984487,45.376304],[140.984414,45.376245],[140.984452,45.37601],[140.984529,45.375976],[140.984531,45.375907],[140.984632,45.375806],[140.984849,45.375779],[140.984924,45.375529],[140.985071,45.375474],[140.985201,45.375296],[140.985567,45.375211],[140.985623,45.37503],[140.985741,45.374946],[140.985736,45.374764],[140.986014,45.37446],[140.986413,45.374269],[140.98689,45.374237],[140.986962,45.374083],[140.986828,45.373983],[140.986799,45.373814],[140.98683,45.373752],[140.986751,45.373677],[140.986856,45.373439],[140.986823,45.373371],[140.986858,45.373284],[140.986476,45.373029],[140.986503,45.372983],[140.986791,45.372957],[140.986678,45.372749],[140.98665,45.372558],[140.986849,45.372422],[140.986903,45.372289],[140.98715,45.372132],[140.987285,45.372143],[140.98748,45.372038],[140.987635,45.372027],[140.987683,45.371954],[140.988143,45.371676],[140.988477,45.371681],[140.988677,45.371572],[140.988752,45.371322],[140.988595,45.370937],[140.988696,45.370878],[140.988696,45.370701],[140.988739,45.370642],[140.988929,45.370533],[140.988921,45.370449],[140.989228,45.370237],[140.989301,45.370233],[140.989227,45.369989],[140.989319,45.369805],[140.989261,45.369667],[140.989079,45.36969],[140.988585,45.369636],[140.988409,45.369562],[140.988583,45.36949],[140.988769,45.369491],[140.988625,45.369282],[140.988627,45.369201],[140.988686,45.369177],[140.988848,45.369206],[140.988964,45.369377],[140.989259,45.369409],[140.98935,45.369313],[140.989209,45.369227],[140.989181,45.369156],[140.988974,45.369146],[140.988813,45.368986],[140.988801,45.368914],[140.988906,45.368831],[140.988897,45.368737],[140.988937,45.3687],[140.989072,45.368659],[140.989439,45.368877],[140.989689,45.368875],[140.989684,45.368769],[140.989792,45.368594],[140.989956,45.368484],[140.989817,45.368391],[140.989812,45.368288],[140.989661,45.368243],[140.989424,45.367968],[140.989254,45.367946],[140.989238,45.367874],[140.989461,45.367761],[140.989856,45.367701],[140.989785,45.36759],[140.989775,45.367374],[140.989921,45.367302],[140.989983,45.367138],[140.99035,45.367104],[140.990456,45.367196],[140.990793,45.367288],[140.990766,45.367208],[140.990601,45.367113],[140.990551,45.367024],[140.990411,45.366987],[140.990346,45.366888],[140.990338,45.36674],[140.990645,45.36655],[140.990903,45.366576],[140.991043,45.366687],[140.991428,45.366746],[140.991423,45.366624],[140.991551,45.366513],[140.991082,45.36631],[140.991214,45.366271],[140.991594,45.366297],[140.991594,45.366225],[140.991732,45.366071],[140.991673,45.366001],[140.991146,45.365956],[140.991094,45.365926],[140.991132,45.365845],[140.99141,45.365678],[140.991606,45.365651],[140.991746,45.365556],[140.992079,45.365591],[140.992159,45.365443],[140.992379,45.365324],[140.992434,45.365188],[140.992752,45.364934],[140.992726,45.3647],[140.992812,45.364429],[140.993253,45.364316],[140.993361,45.364234],[140.993515,45.364223],[140.993587,45.364144],[140.993784,45.36414],[140.993829,45.364055],[140.993972,45.363992],[140.993956,45.363928],[140.994068,45.363809],[140.9941,45.363682],[140.993934,45.363391],[140.99406,45.363311],[140.994159,45.363332],[140.994319,45.36323],[140.994544,45.363196],[140.99455,45.363026],[140.994655,45.362941],[140.994566,45.362867],[140.994524,45.362721],[140.994581,45.362668],[140.994482,45.362592],[140.994461,45.362407],[140.994513,45.362335],[140.994478,45.362169],[140.994188,45.362148],[140.994146,45.361898],[140.994174,45.36184],[140.994291,45.361798],[140.994277,45.36172],[140.994499,45.36158],[140.994511,45.361481],[140.99469,45.361377],[140.99466,45.361274],[140.994751,45.361176],[140.994702,45.361056],[140.994726,45.361003],[140.99549,45.360164],[140.996208,45.358853],[140.996216,45.358741],[140.996115,45.358632],[140.996158,45.358421],[140.995926,45.358281],[140.995879,45.358196],[140.99606,45.358117],[140.995978,45.35804],[140.996009,45.357892],[140.996264,45.357867],[140.996421,45.357779],[140.996239,45.357666],[140.996354,45.357469],[140.996528,45.357436],[140.996564,45.357285],[140.996516,45.357135],[140.996558,45.357026],[140.996468,45.356974],[140.996476,45.356756],[140.996404,45.356687],[140.996427,45.356566],[140.996381,45.356398],[140.996396,45.356334],[140.99649,45.356281],[140.996451,45.35594],[140.996484,45.355731],[140.996513,45.355672],[140.996687,45.355616],[140.996719,45.355459],[140.99682,45.355374],[140.996837,45.355205],[140.996633,45.35512],[140.996574,45.355072],[140.996575,45.355002],[140.996756,45.354731],[140.997087,45.354733],[140.997188,45.354796],[140.997366,45.354764],[140.9975,45.354566],[140.997556,45.354369],[140.99754,45.354172],[140.997429,45.354116],[140.997297,45.353945],[140.997331,45.353849],[140.99747,45.353806],[140.997716,45.353874],[140.998035,45.353841],[140.998615,45.353613],[140.998639,45.353511],[140.998747,45.353442],[140.998759,45.353173],[140.998811,45.353127],[140.998769,45.352977],[140.998823,45.352915],[140.998724,45.352778],[140.998753,45.352633],[140.998822,45.352578],[140.998696,45.352468],[140.998675,45.352389],[140.998886,45.352188],[140.998954,45.352178],[140.99903,45.352057],[140.999251,45.352013],[140.999306,45.351868],[140.99945,45.351727],[140.999489,45.351411],[140.99955,45.351367],[140.999495,45.351288],[140.999491,45.351162],[140.9996,45.351034],[140.999494,45.350881],[140.999488,45.35072],[140.999563,45.350664],[140.999427,45.350573],[140.999444,45.350376],[140.999388,45.350197],[140.999262,45.350097],[140.999301,45.349887],[140.999371,45.349848],[140.999304,45.349744],[140.999381,45.349612],[140.99934,45.349477],[140.999418,45.349257],[140.999488,45.349245],[140.999468,45.349092],[140.999581,45.348976],[140.99953,45.348891],[140.999614,45.348683],[140.999575,45.348605],[140.999631,45.348356],[140.999709,45.348323],[140.999609,45.348082],[140.999642,45.347892],[140.999524,45.347716],[140.999605,45.347419],[140.99997,45.347423],[141.000045,45.347264],[141.000303,45.347138],[141.000896,45.346619],[141.001185,45.346013],[141.001182,45.345657],[141.00221,45.345909],[141.002619,45.345743],[141.003659,45.345492],[141.00479,45.344657],[141.005042,45.344419],[141.005292,45.343393],[141.004875,45.343088],[141.004266,45.344147],[141.003513,45.344883],[141.002771,45.345468],[141.001439,45.345244],[141.001344,45.344494],[141.000759,45.343985],[141.00019,45.343615],[140.999881,45.343612],[140.999878,45.343402],[140.999769,45.343314],[140.999965,45.342985],[141.000153,45.342962],[141.00017,45.342823],[141.000259,45.342759],[141.000236,45.342621],[141.000361,45.342402],[141.000288,45.342297],[141.00031,45.34217],[141.000859,45.342072],[141.000801,45.341995],[141.000892,45.341703],[141.000873,45.341483],[141.000935,45.341459],[141.000946,45.341215],[141.000835,45.34111],[141.000845,45.340772],[141.00099,45.340534],[141.001154,45.340515],[141.001082,45.340402],[141.001217,45.340212],[141.001271,45.340012],[141.001389,45.339907],[141.001449,45.339909],[141.001527,45.339741],[141.001768,45.339646],[141.001734,45.339532],[141.00197,45.33931],[141.002205,45.339279],[141.002229,45.33915],[141.00232,45.339079],[141.002462,45.339062],[141.002596,45.338977],[141.002733,45.338988],[141.002933,45.338819],[141.003051,45.338839],[141.003065,45.338747],[141.003307,45.338522],[141.003468,45.338444],[141.00347,45.338247],[141.003591,45.338089],[141.003521,45.337969],[141.003506,45.337766],[141.003604,45.337668],[141.003523,45.33754],[141.003603,45.337433],[141.003532,45.337334],[141.003498,45.337116],[141.003544,45.337041],[141.003603,45.337034],[141.003553,45.336921],[141.003559,45.33679],[141.003635,45.336724],[141.003596,45.336609],[141.004042,45.335928],[141.003983,45.335552],[141.004119,45.335213],[141.004151,45.334876],[141.003936,45.334223],[141.003558,45.333979],[141.003597,45.333772],[141.003657,45.333717],[141.003616,45.333613],[141.003652,45.333412],[141.00352,45.333346],[141.003479,45.333257],[141.003312,45.333219],[141.003194,45.333132],[141.003155,45.333029],[141.003262,45.332935],[141.003231,45.3328],[141.003086,45.332672],[141.002966,45.332416],[141.002807,45.332273],[141.0022,45.332047],[141.002103,45.331942],[141.002131,45.33188],[141.002565,45.331692],[141.002552,45.331562],[141.002461,45.331466],[141.002501,45.331339],[141.002417,45.331184],[141.002202,45.331081],[141.002164,45.330964],[141.002051,45.330895],[141.002057,45.330824],[141.002243,45.330709],[141.002663,45.330651],[141.002689,45.330561],[141.002787,45.330494],[141.002868,45.330346],[141.002796,45.330069],[141.002868,45.329946],[141.002804,45.329836],[141.002854,45.329727],[141.002813,45.329661],[141.002876,45.329583],[141.002882,45.329454],[141.002989,45.32937],[141.002982,45.329276],[141.003091,45.329212],[141.003092,45.32914],[141.003192,45.32901],[141.003155,45.328877],[141.002816,45.328769],[141.002659,45.328606],[141.002683,45.328491],[141.00243,45.328331],[141.002407,45.328219],[141.00274,45.328209],[141.002824,45.328281],[141.002971,45.328308],[141.003051,45.328114],[141.003189,45.328055],[141.003397,45.328098],[141.00345,45.328189],[141.003593,45.328189],[141.003701,45.328283],[141.0038,45.32828],[141.003857,45.328337],[141.003849,45.3284],[141.004299,45.328168],[141.004422,45.328024],[141.004318,45.327892],[141.004198,45.327904],[141.004083,45.327841],[141.004043,45.327675],[141.004078,45.327534],[141.004148,45.32749],[141.004148,45.327406],[141.004269,45.327295],[141.004174,45.327192],[141.004211,45.327126],[141.004269,45.327053],[141.0044,45.327037],[141.004668,45.327092],[141.004735,45.327156],[141.005013,45.327166],[141.005022,45.327087],[141.005103,45.327037],[141.005116,45.3269],[141.005277,45.32675],[141.005457,45.326727],[141.005482,45.326618],[141.005671,45.326519],[141.005695,45.326399],[141.005776,45.326318],[141.005723,45.326187],[141.005774,45.326071],[141.005721,45.325908],[141.005733,45.325861],[141.005784,45.325863],[141.005768,45.325588],[141.005951,45.325475],[141.00623,45.325413],[141.006487,45.325278],[141.006821,45.324821],[141.006656,45.324827],[141.006321,45.32463],[141.006409,45.3243],[141.006223,45.324286],[141.005921,45.324128],[141.005927,45.324059],[141.006042,45.324017],[141.006051,45.323908],[141.00658,45.323994],[141.006795,45.323952],[141.006974,45.324182],[141.007118,45.324182],[141.007202,45.324073],[141.007494,45.324061],[141.007602,45.324107],[141.007743,45.324059],[141.007811,45.324111],[141.007914,45.324002],[141.00802,45.323971],[141.008156,45.323863],[141.008166,45.323794],[141.008267,45.323702],[141.008287,45.323576],[141.008379,45.323516],[141.008339,45.323436],[141.008381,45.323361],[141.008258,45.323316],[141.008196,45.323236],[141.008265,45.323148],[141.008281,45.323002],[141.008379,45.322934],[141.008409,45.322834],[141.008609,45.322775],[141.00869,45.322684],[141.008811,45.322676],[141.00886,45.322541],[141.009006,45.322572],[141.009121,45.322406],[141.009253,45.322401],[141.009354,45.322247],[141.009441,45.322234],[141.009464,45.32214],[141.009561,45.322092],[141.009628,45.321845],[141.00972,45.321784],[141.009764,45.321671],[141.009905,45.321637],[141.009933,45.321527],[141.010028,45.321461],[141.010039,45.32135],[141.010112,45.321296],[141.01013,45.321189],[141.010265,45.321099],[141.010275,45.320973],[141.010371,45.32088],[141.010388,45.320773],[141.010481,45.320753],[141.010479,45.320664],[141.010568,45.320592],[141.010556,45.320517],[141.01069,45.320438],[141.010713,45.320346],[141.011092,45.320196],[141.011266,45.320053],[141.011631,45.319975],[141.011687,45.319867],[141.01182,45.319857],[141.01192,45.319744],[141.012116,45.319686],[141.012336,45.319497],[141.013,45.319189],[141.013033,45.319092],[141.01317,45.319033],[141.013216,45.318952],[141.013622,45.318764],[141.014012,45.318437],[141.014148,45.318207],[141.014202,45.317913],[141.014154,45.317723],[141.014016,45.317664],[141.013982,45.317541],[141.014135,45.317471],[141.014261,45.317507],[141.014467,45.317402],[141.014829,45.317067],[141.014808,45.316973],[141.014878,45.316847],[141.014708,45.316772],[141.014746,45.316661],[141.014528,45.316605],[141.014521,45.316472],[141.014434,45.316396],[141.01457,45.316281],[141.014594,45.316204],[141.014769,45.316155],[141.015066,45.316201],[141.015189,45.316289],[141.015326,45.316308],[141.015486,45.316212],[141.015669,45.316221],[141.016748,45.315889],[141.016953,45.315721],[141.017178,45.315369],[141.017107,45.31523],[141.017174,45.315161],[141.017045,45.31493],[141.017112,45.314824],[141.017038,45.314754],[141.017097,45.314611],[141.017021,45.314565],[141.01701,45.314494],[141.017126,45.314411],[141.017065,45.314347],[141.017065,45.314247],[141.017217,45.314124],[141.017567,45.314084],[141.017644,45.313979],[141.017606,45.313879],[141.017652,45.313807],[141.017547,45.313739],[141.017572,45.313657],[141.017434,45.313547],[141.017538,45.313281],[141.017747,45.313275],[141.017887,45.313366],[141.018053,45.313342],[141.018144,45.31342],[141.018307,45.3134],[141.018433,45.313487],[141.019312,45.313306],[141.019301,45.313207],[141.01943,45.313083],[141.019609,45.313083],[141.019737,45.313156],[141.020333,45.312831],[141.02071,45.312543],[141.021444,45.311714],[141.021488,45.311378],[141.021793,45.311464],[141.021768,45.311374],[141.021948,45.311352],[141.022065,45.311116],[141.022111,45.311135],[141.022202,45.311049],[141.022154,45.311027],[141.022439,45.310807],[141.022698,45.310892],[141.023167,45.31117],[141.023325,45.311536],[141.023435,45.311612],[141.023493,45.31185],[141.023709,45.311853],[141.022717,45.312496],[141.022732,45.313051],[141.021233,45.313566],[141.020629,45.314524],[141.018924,45.314396],[141.018464,45.314602],[141.018225,45.315029],[141.018107,45.315523],[141.018232,45.316026],[141.018136,45.316153],[141.016928,45.317014],[141.017065,45.318166],[141.017293,45.318412],[141.014908,45.318813],[141.014076,45.318777],[141.014068,45.318899],[141.013569,45.319105],[141.013483,45.319345],[141.013347,45.319543],[141.013178,45.32012],[141.012783,45.320508],[141.012234,45.32089],[141.01205,45.321202],[141.012018,45.322184],[141.01191,45.322514],[141.011367,45.32366],[141.011289,45.324117],[141.011156,45.324516],[141.010919,45.324944],[141.010881,45.325868],[141.010908,45.326282],[141.010714,45.327125],[141.010175,45.328096],[141.009641,45.328822],[141.0095,45.329092],[141.011025,45.329503],[141.012165,45.329736],[141.013847,45.330496],[141.013374,45.33067],[141.013177,45.330886],[141.013149,45.331461],[141.01278,45.333358],[141.012109,45.335018],[141.011806,45.335546],[141.011752,45.335937],[141.011766,45.336067],[141.013049,45.336624],[141.013881,45.337097],[141.014093,45.337403],[141.014256,45.338079],[141.014283,45.33878],[141.014357,45.339106],[141.014272,45.339939],[141.014414,45.340533],[141.013911,45.341091],[141.013838,45.341542],[141.01389,45.342311],[141.013745,45.342568],[141.012873,45.343737],[141.012933,45.343827],[141.013608,45.344209],[141.013838,45.344447],[141.013867,45.344591],[141.013735,45.345114],[141.015,45.345519],[141.01522,45.345699],[141.015279,45.34581],[141.015229,45.34622],[141.01549,45.346619],[141.015751,45.346818],[141.016259,45.347002],[141.016543,45.347212],[141.016658,45.347359],[141.016613,45.347607],[141.016102,45.348205],[141.015831,45.348712],[141.015675,45.348894],[141.015179,45.349195],[141.015153,45.349265],[141.015571,45.349353],[141.015849,45.349862],[141.016222,45.35022],[141.016732,45.350587],[141.017114,45.351233],[141.017294,45.351443],[141.017694,45.351629],[141.017868,45.35177],[141.018101,45.352316],[141.018443,45.352575],[141.018656,45.352835],[141.018619,45.353111],[141.018934,45.3537],[141.019032,45.354006],[141.019531,45.354641],[141.019625,45.354967],[141.01961,45.355335],[141.019649,45.355531],[141.019934,45.355899],[141.020397,45.35635],[141.020351,45.356549],[141.020115,45.356986],[141.019559,45.357567],[141.019377,45.358513],[141.019197,45.358703],[141.018601,45.359099],[141.019126,45.359292],[141.01919,45.359369],[141.019192,45.359528],[141.01928,45.359682],[141.019745,45.360175],[141.020004,45.360373],[141.020389,45.360815],[141.0206,45.360973],[141.02138,45.361111],[141.021468,45.361336],[141.021748,45.361692],[141.022074,45.362022],[141.022428,45.36228],[141.02258,45.362757],[141.022671,45.362905],[141.022962,45.36309],[141.023412,45.363692],[141.023555,45.363818],[141.02441,45.364215],[141.024514,45.364447],[141.024588,45.365017],[141.024681,45.365243],[141.025231,45.365892],[141.025858,45.36648],[141.026086,45.368188],[141.025421,45.368959],[141.025234,45.369415],[141.024906,45.369319],[141.024376,45.369025],[141.024213,45.368746],[141.023927,45.368509],[141.023561,45.368324],[141.023324,45.367963],[141.023082,45.367778],[141.02248,45.367708],[141.022269,45.367408],[141.022312,45.367004],[141.022254,45.366709],[141.021623,45.366704],[141.020942,45.367003],[141.019966,45.366883],[141.019205,45.366973],[141.018455,45.367503],[141.018225,45.368477],[141.01918,45.3682],[141.020179,45.368369],[141.020789,45.368913],[141.021799,45.368922],[141.021957,45.369074],[141.020903,45.371038],[141.020998,45.371187],[141.02125,45.371313],[141.021837,45.371103],[141.022421,45.37027],[141.022839,45.370234],[141.023,45.370571],[141.023354,45.370801],[141.023967,45.370773],[141.024773,45.371173],[141.024839,45.371895],[141.025392,45.371915],[141.02588,45.372171],[141.025964,45.372901],[141.025856,45.373611],[141.02592,45.374139],[141.02631,45.374633],[141.026385,45.374984],[141.026078,45.374891],[141.025528,45.374565],[141.025118,45.374431],[141.024066,45.37428],[141.023734,45.37428],[141.0234,45.37434],[141.023094,45.374884],[141.023539,45.375319],[141.023652,45.375492],[141.023748,45.375914],[141.023864,45.376151],[141.024574,45.376965],[141.024504,45.37701],[141.023372,45.37661],[141.022489,45.376654],[141.022411,45.376173],[141.022763,45.375768],[141.022371,45.375454],[141.022075,45.374968],[141.021706,45.375283],[141.021506,45.375878],[141.021235,45.375938],[141.021022,45.375755],[141.020756,45.375237],[141.020383,45.374861],[141.019745,45.374625],[141.019376,45.374563],[141.019183,45.374828],[141.01898,45.375492],[141.018904,45.376874],[141.01843,45.377433],[141.017707,45.377831],[141.01703,45.377841],[141.016328,45.377759],[141.015462,45.377307],[141.015153,45.377242],[141.014745,45.377347],[141.014321,45.3778],[141.014147,45.37829],[141.013302,45.379082],[141.013191,45.379613],[141.014597,45.381386],[141.014512,45.381716],[141.014211,45.382031],[141.013969,45.382028],[141.01408,45.381736],[141.014062,45.381558],[141.013983,45.381434],[141.013537,45.381007],[141.012903,45.380554],[141.01241,45.380104],[141.011322,45.378993],[141.010635,45.377934],[141.009335,45.377346],[141.008167,45.376248],[141.007729,45.375401],[141.007436,45.374969],[141.007268,45.37458],[141.007257,45.374475],[141.0074,45.374007],[141.007415,45.373628],[141.007324,45.373256],[141.007086,45.37264],[141.006931,45.372509],[141.006682,45.372159],[141.006521,45.371766],[141.006144,45.371133],[141.005547,45.37078],[141.005331,45.370714],[141.005312,45.370418],[141.005139,45.369977],[141.005494,45.369604],[141.005683,45.369299],[141.005742,45.369089],[141.005774,45.36862],[141.004287,45.368533],[141.003482,45.368361],[141.002587,45.368064],[141.001952,45.368097],[141.001811,45.368188],[141.001584,45.368546],[141.001102,45.369143],[141.001014,45.36939],[141.001057,45.369852],[141.000877,45.369922],[141.000607,45.369854],[141.000138,45.369648],[140.998008,45.369186],[140.997271,45.36883],[140.997021,45.368761],[140.99621,45.368664],[140.995943,45.368579],[140.995669,45.369057],[140.995255,45.369586],[140.995086,45.36976],[140.994432,45.370171],[140.99428,45.370345],[140.994135,45.370825],[140.994172,45.371404],[140.994273,45.371707],[140.99421,45.371934],[140.993986,45.372313],[140.993963,45.37248],[140.993603,45.373146],[140.993473,45.373611],[140.993289,45.373823],[140.992744,45.3741],[140.992744,45.374161],[140.99356,45.375593],[140.993554,45.375784],[140.993216,45.37657],[140.993193,45.376754],[140.993336,45.377049],[140.99381,45.377649],[140.993824,45.378277],[140.994188,45.379024],[140.994325,45.379873],[140.994574,45.380605],[140.995059,45.381033],[140.995442,45.381489],[140.996433,45.381786],[140.996853,45.382082],[140.997441,45.382722],[140.997782,45.382831],[140.998241,45.383072],[140.998766,45.383217],[140.998885,45.383302],[140.998913,45.383408],[140.999076,45.384059],[140.999078,45.384224],[140.999003,45.384383],[140.998736,45.384693],[140.998701,45.384807],[140.998635,45.38558],[140.998487,45.38639],[140.997778,45.38673],[140.997572,45.386959],[140.997615,45.387816],[140.997801,45.388576],[140.997735,45.388974],[140.997504,45.389331],[140.997131,45.389616],[140.996667,45.390177],[140.996956,45.391118],[140.997103,45.39212],[140.99745,45.392703],[140.997537,45.39305],[140.997415,45.393342],[140.997143,45.393509],[140.995943,45.393698],[140.99504,45.393984],[140.99469,45.394051],[140.993689,45.393985],[140.993139,45.393801],[140.992417,45.393411],[140.991736,45.393247],[140.991102,45.393167],[140.990744,45.392971],[140.989997,45.393761],[140.989475,45.394824],[140.989045,45.395261],[140.988347,45.396298],[140.987699,45.397081],[140.987848,45.397544],[140.987569,45.397614],[140.987961,45.398392],[140.988573,45.399303],[140.988662,45.400046],[140.988591,45.400406],[140.987657,45.400656],[140.987625,45.4013],[140.987462,45.401566],[140.987506,45.402274],[140.989614,45.403476],[140.989656,45.403573],[140.990568,45.40384],[140.99218,45.404766],[140.99236,45.40512],[140.99233,45.405138],[140.992555,45.406108]]],[[[141.022756,45.399167],[141.022162,45.399472],[141.020871,45.400009],[141.02062,45.400177],[141.020403,45.400372],[141.020187,45.400724],[141.01986,45.40167],[141.018542,45.402094],[141.018087,45.40118],[141.016846,45.399664],[141.016582,45.399466],[141.016263,45.399081],[141.016054,45.398781],[141.015967,45.398555],[141.015723,45.398393],[141.014991,45.398268],[141.014204,45.397973],[141.014019,45.397853],[141.013919,45.397742],[141.013599,45.396894],[141.012882,45.396077],[141.012795,45.395717],[141.012658,45.395554],[141.012155,45.395305],[141.011416,45.395048],[141.011166,45.394915],[141.011008,45.394738],[141.010577,45.393914],[141.01039,45.393784],[141.009139,45.393201],[141.008746,45.392584],[141.008688,45.391712],[141.008715,45.390957],[141.008817,45.390721],[141.009272,45.390173],[141.00937,45.389811],[141.00969,45.389221],[141.009815,45.38883],[141.009824,45.388028],[141.009937,45.387658],[141.010082,45.387559],[141.010926,45.387505],[141.01226,45.387311],[141.011977,45.387038],[141.011792,45.386726],[141.011841,45.386135],[141.011957,45.385899],[141.012274,45.385599],[141.01302,45.385273],[141.013854,45.385328],[141.013495,45.38482],[141.013299,45.384444],[141.013268,45.384179],[141.013343,45.383628],[141.013626,45.383071],[141.013687,45.38248],[141.013769,45.382235],[141.013969,45.382028],[141.014211,45.382031],[141.014512,45.381716],[141.014597,45.381386],[141.013191,45.379613],[141.013302,45.379082],[141.014147,45.37829],[141.014321,45.3778],[141.014745,45.377347],[141.015153,45.377242],[141.015462,45.377307],[141.016328,45.377759],[141.01703,45.377841],[141.017707,45.377831],[141.01843,45.377433],[141.018904,45.376874],[141.01898,45.375492],[141.019183,45.374828],[141.019376,45.374563],[141.019745,45.374625],[141.020383,45.374861],[141.020756,45.375237],[141.021022,45.375755],[141.021235,45.375938],[141.021506,45.375878],[141.021706,45.375283],[141.022075,45.374968],[141.022371,45.375454],[141.022763,45.375768],[141.022411,45.376173],[141.022489,45.376654],[141.023372,45.37661],[141.024504,45.37701],[141.024574,45.376965],[141.023864,45.376151],[141.023748,45.375914],[141.023652,45.375492],[141.023539,45.375319],[141.023094,45.374884],[141.0234,45.37434],[141.023734,45.37428],[141.024066,45.37428],[141.025118,45.374431],[141.025528,45.374565],[141.026078,45.374891],[141.026385,45.374984],[141.02631,45.374633],[141.02592,45.374139],[141.025856,45.373611],[141.025964,45.372901],[141.02588,45.372171],[141.025392,45.371915],[141.024839,45.371895],[141.024773,45.371173],[141.023967,45.370773],[141.023354,45.370801],[141.023,45.370571],[141.022839,45.370234],[141.022421,45.37027],[141.021837,45.371103],[141.02125,45.371313],[141.020998,45.371187],[141.020903,45.371038],[141.021957,45.369074],[141.021799,45.368922],[141.020789,45.368913],[141.020179,45.368369],[141.01918,45.3682],[141.018225,45.368477],[141.018455,45.367503],[141.019205,45.366973],[141.019966,45.366883],[141.020942,45.367003],[141.021623,45.366704],[141.022254,45.366709],[141.022312,45.367004],[141.022269,45.367408],[141.02248,45.367708],[141.023082,45.367778],[141.023324,45.367963],[141.023561,45.368324],[141.023927,45.368509],[141.024213,45.368746],[141.024376,45.369025],[141.024906,45.369319],[141.025234,45.369415],[141.025421,45.368959],[141.026086,45.368188],[141.025858,45.36648],[141.028337,45.366941],[141.029258,45.367344],[141.03067,45.368115],[141.031083,45.368262],[141.031998,45.368409],[141.032653,45.368621],[141.032856,45.36875],[141.033044,45.368967],[141.033158,45.36928],[141.033417,45.369511],[141.033989,45.369761],[141.034725,45.369832],[141.034775,45.369791],[141.035759,45.370537],[141.036361,45.371301],[141.037733,45.371704],[141.038435,45.372028],[141.038055,45.372339],[141.037775,45.372837],[141.036832,45.374076],[141.036384,45.375456],[141.035675,45.375528],[141.034654,45.375114],[141.034317,45.375119],[141.034075,45.37531],[141.033063,45.375135],[141.032231,45.375305],[141.031885,45.375263],[141.031134,45.374823],[141.030924,45.374893],[141.031029,45.375501],[141.030779,45.375921],[141.029344,45.376183],[141.029672,45.376214],[141.029565,45.377127],[141.029562,45.377996],[141.029722,45.379022],[141.029666,45.379539],[141.029602,45.379629],[141.029243,45.380794],[141.029204,45.381046],[141.029252,45.381163],[141.029413,45.381274],[141.030652,45.381728],[141.031251,45.381787],[141.032584,45.381753],[141.034938,45.382989],[141.037002,45.383412],[141.038195,45.3838],[141.038331,45.384052],[141.03839,45.384463],[141.038339,45.385],[141.038353,45.386064],[141.038206,45.386639],[141.03824,45.386888],[141.038666,45.387323],[141.039312,45.387615],[141.039616,45.387696],[141.040007,45.387893],[141.040306,45.38811],[141.040484,45.388334],[141.040596,45.3886],[141.040553,45.389553],[141.040442,45.38989],[141.040338,45.390042],[141.040204,45.390159],[141.039384,45.390574],[141.039252,45.39066],[141.039212,45.390754],[141.038781,45.390932],[141.037855,45.391013],[141.037279,45.391307],[141.036441,45.391569],[141.035294,45.392899],[141.035141,45.39271],[141.034708,45.392554],[141.033977,45.392456],[141.033618,45.392459],[141.033361,45.392527],[141.032944,45.392464],[141.032496,45.392487],[141.031972,45.392572],[141.030941,45.392346],[141.030545,45.392403],[141.030175,45.392537],[141.029252,45.392506],[141.029045,45.392575],[141.028773,45.392799],[141.028658,45.393272],[141.028595,45.393348],[141.02662,45.394456],[141.025635,45.394449],[141.024584,45.394618],[141.023584,45.395665],[141.024291,45.396801],[141.024519,45.397442],[141.025125,45.398118],[141.024678,45.398884],[141.024426,45.399095],[141.024266,45.39941],[141.02393,45.399491],[141.02358,45.399512],[141.022756,45.399167]]],[[[141.02969,45.398661],[141.029655,45.398817],[141.029539,45.398959],[141.029303,45.399088],[141.028606,45.398743],[141.028219,45.398638],[141.026878,45.398601],[141.025684,45.39863],[141.025346,45.398345],[141.024603,45.397571],[141.024291,45.396801],[141.023584,45.395665],[141.024584,45.394618],[141.025635,45.394449],[141.02662,45.394456],[141.028077,45.393653],[141.028595,45.393348],[141.028658,45.393272],[141.028773,45.392799],[141.028953,45.392632],[141.029158,45.392527],[141.029351,45.392497],[141.030175,45.392537],[141.030545,45.392403],[141.030941,45.392346],[141.031972,45.392572],[141.032496,45.392487],[141.032944,45.392464],[141.033361,45.392527],[141.033618,45.392459],[141.033977,45.392456],[141.034708,45.392554],[141.035141,45.39271],[141.035294,45.392899],[141.036441,45.391569],[141.037279,45.391307],[141.037855,45.391013],[141.038781,45.390932],[141.039212,45.390754],[141.039252,45.39066],[141.039384,45.390574],[141.040204,45.390159],[141.040442,45.38989],[141.040517,45.389696],[141.04059,45.389149],[141.040596,45.3886],[141.040405,45.388228],[141.040007,45.387893],[141.038666,45.387323],[141.03824,45.386888],[141.038206,45.386639],[141.038353,45.386064],[141.038339,45.385],[141.03839,45.384463],[141.038331,45.384052],[141.038195,45.3838],[141.037002,45.383412],[141.034938,45.382989],[141.032584,45.381753],[141.031251,45.381787],[141.030652,45.381728],[141.029413,45.381274],[141.029252,45.381163],[141.029204,45.381046],[141.029243,45.380794],[141.029602,45.379629],[141.029666,45.379539],[141.029722,45.379022],[141.029562,45.377996],[141.029565,45.377127],[141.029672,45.376214],[141.029344,45.376183],[141.030779,45.375921],[141.031029,45.375501],[141.030924,45.374893],[141.031134,45.374823],[141.031885,45.375263],[141.032231,45.375305],[141.033063,45.375135],[141.034075,45.37531],[141.034317,45.375119],[141.034654,45.375114],[141.035675,45.375528],[141.036384,45.375456],[141.036832,45.374076],[141.037775,45.372837],[141.038055,45.372339],[141.038435,45.372028],[141.037733,45.371704],[141.036361,45.371301],[141.035759,45.370537],[141.034775,45.369791],[141.034725,45.369832],[141.033989,45.369761],[141.033417,45.369511],[141.033158,45.36928],[141.033044,45.368967],[141.032856,45.36875],[141.032653,45.368621],[141.031998,45.368409],[141.031083,45.368262],[141.03067,45.368115],[141.029258,45.367344],[141.028337,45.366941],[141.026046,45.366521],[141.025778,45.36643],[141.025231,45.365892],[141.024681,45.365243],[141.024588,45.365017],[141.024514,45.364447],[141.02441,45.364215],[141.023555,45.363818],[141.023412,45.363692],[141.022962,45.36309],[141.022671,45.362905],[141.02258,45.362757],[141.022428,45.36228],[141.022074,45.362022],[141.021748,45.361692],[141.021468,45.361336],[141.02138,45.361111],[141.0206,45.360973],[141.020389,45.360815],[141.020004,45.360373],[141.019745,45.360175],[141.01928,45.359682],[141.019192,45.359528],[141.01919,45.359369],[141.019126,45.359292],[141.018601,45.359099],[141.019197,45.358703],[141.019377,45.358513],[141.019559,45.357567],[141.020115,45.356986],[141.020351,45.356549],[141.020397,45.35635],[141.019934,45.355899],[141.019649,45.355531],[141.01961,45.355335],[141.019625,45.354967],[141.019531,45.354641],[141.019032,45.354006],[141.018934,45.3537],[141.018619,45.353111],[141.018656,45.352835],[141.018443,45.352575],[141.018101,45.352316],[141.017868,45.35177],[141.017694,45.351629],[141.017294,45.351443],[141.017114,45.351233],[141.016732,45.350587],[141.016222,45.35022],[141.015849,45.349862],[141.015571,45.349353],[141.015153,45.349265],[141.015179,45.349195],[141.015675,45.348894],[141.015831,45.348712],[141.016102,45.348205],[141.016613,45.347607],[141.016658,45.347359],[141.016543,45.347212],[141.016259,45.347002],[141.015751,45.346818],[141.01549,45.346619],[141.015229,45.34622],[141.015279,45.34581],[141.01522,45.345699],[141.015,45.345519],[141.013735,45.345114],[141.013867,45.344591],[141.013838,45.344447],[141.013608,45.344209],[141.012933,45.343827],[141.012873,45.343737],[141.013745,45.342568],[141.01389,45.342311],[141.013838,45.341542],[141.013911,45.341091],[141.014414,45.340533],[141.014272,45.339939],[141.014357,45.339106],[141.014283,45.33878],[141.014256,45.338079],[141.014093,45.337403],[141.013881,45.337097],[141.013049,45.336624],[141.011766,45.336067],[141.011752,45.335937],[141.011806,45.335546],[141.012109,45.335018],[141.01278,45.333358],[141.013149,45.331461],[141.013177,45.330886],[141.013374,45.33067],[141.013847,45.330496],[141.012165,45.329736],[141.011025,45.329503],[141.0095,45.329092],[141.009641,45.328822],[141.010175,45.328096],[141.010714,45.327125],[141.010908,45.326282],[141.010881,45.325868],[141.010919,45.324944],[141.011156,45.324516],[141.011289,45.324117],[141.011367,45.32366],[141.01191,45.322514],[141.012018,45.322184],[141.01205,45.321202],[141.012234,45.32089],[141.012783,45.320508],[141.013178,45.32012],[141.013347,45.319543],[141.013483,45.319345],[141.013569,45.319105],[141.014068,45.318899],[141.014076,45.318777],[141.014908,45.318813],[141.017293,45.318412],[141.017065,45.318166],[141.016928,45.317014],[141.018136,45.316153],[141.018232,45.316026],[141.018107,45.315523],[141.018225,45.315029],[141.018464,45.314602],[141.018924,45.314396],[141.020629,45.314524],[141.021233,45.313566],[141.022732,45.313051],[141.022717,45.312496],[141.023709,45.311853],[141.023836,45.311855],[141.024074,45.312006],[141.024768,45.311877],[141.026089,45.311956],[141.026723,45.310394],[141.026922,45.310058],[141.027306,45.309003],[141.027926,45.306991],[141.028811,45.306948],[141.029667,45.306646],[141.029655,45.306374],[141.029817,45.305314],[141.029804,45.304769],[141.029857,45.30448],[141.030011,45.304048],[141.030197,45.303854],[141.030338,45.303267],[141.030321,45.302955],[141.02998,45.302277],[141.030092,45.301636],[141.030361,45.30127],[141.030967,45.300724],[141.031701,45.300338],[141.032103,45.300027],[141.033206,45.299467],[141.033618,45.299321],[141.034066,45.299349],[141.035604,45.298342],[141.034907,45.29736],[141.035283,45.297261],[141.035247,45.297084],[141.035546,45.297056],[141.035646,45.297425],[141.035584,45.297645],[141.036106,45.29874],[141.038597,45.300501],[141.04172,45.302853],[141.041535,45.302956],[141.041128,45.302956],[141.04087,45.302908],[141.040198,45.302601],[141.039927,45.302527],[141.039605,45.302543],[141.039601,45.302636],[141.039976,45.302805],[141.039213,45.303683],[141.039721,45.304163],[141.039323,45.304379],[141.039247,45.30448],[141.039196,45.30462],[141.039189,45.305184],[141.039249,45.305345],[141.039705,45.305445],[141.039936,45.305317],[141.039921,45.305061],[141.040053,45.304767],[141.0403,45.304555],[141.04073,45.3043],[141.040972,45.303985],[141.042034,45.303227],[141.042301,45.30332],[141.042182,45.303531],[141.042463,45.303953],[141.042411,45.304102],[141.04249,45.304245],[141.042367,45.305036],[141.041811,45.305588],[141.0425,45.305866],[141.04308,45.306475],[141.042894,45.306977],[141.042533,45.307621],[141.04221,45.308028],[141.04218,45.308201],[141.042882,45.309313],[141.043823,45.3104],[141.044201,45.310916],[141.044516,45.31149],[141.043969,45.312125],[141.04372,45.312616],[141.04363,45.3127],[141.043394,45.312766],[141.04297,45.31276],[141.042675,45.312922],[141.042648,45.313233],[141.042597,45.313339],[141.041745,45.313814],[141.041488,45.314326],[141.040775,45.315387],[141.040768,45.315526],[141.04121,45.316941],[141.041169,45.317408],[141.041266,45.317814],[141.039321,45.318092],[141.035968,45.318656],[141.034879,45.318953],[141.034577,45.318991],[141.034044,45.319173],[141.03388,45.31932],[141.033726,45.320131],[141.033524,45.320716],[141.033461,45.32077],[141.033337,45.321764],[141.032224,45.322941],[141.032419,45.323373],[141.032812,45.323591],[141.033182,45.324033],[141.033403,45.324605],[141.033333,45.324927],[141.034511,45.325681],[141.034757,45.325903],[141.034797,45.326088],[141.034601,45.326511],[141.034224,45.326924],[141.034052,45.327549],[141.033861,45.327879],[141.033398,45.328348],[141.033008,45.328543],[141.032953,45.328533],[141.03274,45.329309],[141.032703,45.330192],[141.032468,45.330868],[141.031555,45.332285],[141.031043,45.332848],[141.030353,45.333967],[141.029694,45.334746],[141.029504,45.335094],[141.029548,45.335085],[141.02932,45.335521],[141.029003,45.336336],[141.028636,45.336925],[141.028643,45.33791],[141.029292,45.339574],[141.029541,45.340013],[141.02887,45.341044],[141.028917,45.341103],[141.029933,45.341192],[141.030213,45.341267],[141.030354,45.341489],[141.030549,45.341672],[141.030452,45.341884],[141.030478,45.341997],[141.030795,45.342198],[141.031268,45.342386],[141.031667,45.342799],[141.031904,45.342814],[141.032384,45.342594],[141.032574,45.342583],[141.033214,45.34293],[141.033295,45.343071],[141.033612,45.342933],[141.034287,45.342877],[141.034398,45.342304],[141.035661,45.342359],[141.036055,45.342024],[141.036872,45.341747],[141.037694,45.341593],[141.038116,45.341625],[141.038557,45.341776],[141.038552,45.342151],[141.03835,45.343113],[141.038065,45.343783],[141.037788,45.34412],[141.037353,45.344466],[141.036685,45.344864],[141.035695,45.3456],[141.035275,45.345771],[141.034763,45.345776],[141.034401,45.345885],[141.033913,45.346151],[141.033627,45.346365],[141.033238,45.34695],[141.033151,45.347521],[141.033034,45.347843],[141.032635,45.348233],[141.03229,45.348351],[141.031058,45.348623],[141.030993,45.348673],[141.030887,45.348943],[141.030869,45.349221],[141.030702,45.34963],[141.030292,45.350512],[141.029956,45.3511],[141.029383,45.352571],[141.029108,45.352975],[141.027967,45.35408],[141.027755,45.354671],[141.027525,45.356305],[141.02739,45.356633],[141.027079,45.357112],[141.027029,45.357294],[141.027089,45.358421],[141.028753,45.358534],[141.030612,45.358504],[141.031919,45.358659],[141.033609,45.35865],[141.034018,45.358724],[141.034359,45.358829],[141.035282,45.359241],[141.035892,45.359378],[141.036645,45.359445],[141.037417,45.359901],[141.038292,45.360622],[141.038669,45.360875],[141.039073,45.361012],[141.039702,45.361131],[141.040427,45.361443],[141.043059,45.360779],[141.043455,45.360611],[141.044001,45.360141],[141.044474,45.360768],[141.044549,45.361031],[141.044539,45.361212],[141.044478,45.361469],[141.04438,45.361644],[141.044045,45.362053],[141.043523,45.362514],[141.04284,45.362998],[141.04282,45.363355],[141.042913,45.363812],[141.043064,45.364065],[141.043319,45.364279],[141.044331,45.364416],[141.045848,45.364058],[141.046898,45.363922],[141.048931,45.363982],[141.049472,45.363892],[141.051115,45.364005],[141.052331,45.364367],[141.052576,45.364514],[141.052935,45.364916],[141.053488,45.365229],[141.053737,45.365424],[141.054013,45.36573],[141.054168,45.366037],[141.054448,45.366325],[141.055469,45.367129],[141.056022,45.367635],[141.056197,45.367958],[141.056343,45.368456],[141.056707,45.368966],[141.057099,45.369643],[141.057352,45.370394],[141.058622,45.3707],[141.058535,45.371104],[141.05758,45.371272],[141.056939,45.37115],[141.055941,45.370691],[141.055313,45.37023],[141.055065,45.370116],[141.05474,45.370062],[141.054536,45.369834],[141.054265,45.369653],[141.05375,45.368994],[141.05327,45.368567],[141.052749,45.368566],[141.052728,45.368713],[141.053096,45.368971],[141.053364,45.369369],[141.053585,45.369347],[141.053847,45.369485],[141.054405,45.370031],[141.054694,45.370201],[141.05516,45.370271],[141.055251,45.370364],[141.055275,45.370598],[141.055699,45.371088],[141.055667,45.371202],[141.056072,45.371593],[141.056138,45.371541],[141.056504,45.371756],[141.057022,45.371904],[141.057048,45.37203],[141.058413,45.372002],[141.057841,45.372791],[141.057438,45.373138],[141.057106,45.373339],[141.056427,45.373483],[141.055778,45.373273],[141.054096,45.373176],[141.053186,45.373038],[141.052666,45.372864],[141.05219,45.372806],[141.050281,45.372918],[141.049407,45.372909],[141.048956,45.372831],[141.048029,45.372983],[141.046116,45.373087],[141.04591,45.373182],[141.044857,45.374043],[141.04415,45.374829],[141.043953,45.374973],[141.04286,45.375276],[141.042312,45.375363],[141.041653,45.375728],[141.040868,45.37581],[141.040771,45.375853],[141.040694,45.375971],[141.040511,45.376374],[141.040268,45.376572],[141.039523,45.376726],[141.038627,45.376767],[141.038703,45.377353],[141.038952,45.378196],[141.039158,45.37856],[141.039476,45.378948],[141.040235,45.380684],[141.040257,45.381018],[141.040071,45.381797],[141.040656,45.382252],[141.041347,45.383084],[141.042885,45.384505],[141.043115,45.384764],[141.043473,45.385407],[141.044721,45.385299],[141.045354,45.385299],[141.046247,45.385625],[141.046797,45.38576],[141.047718,45.385902],[141.048122,45.386019],[141.049692,45.38683],[141.049926,45.387101],[141.050107,45.387445],[141.050529,45.387905],[141.050843,45.388447],[141.050983,45.389231],[141.050973,45.389877],[141.051184,45.390567],[141.051487,45.390788],[141.052182,45.390823],[141.052496,45.390724],[141.052391,45.390946],[141.051922,45.391282],[141.05144,45.3914],[141.049982,45.390877],[141.049785,45.391014],[141.050223,45.391119],[141.050704,45.391587],[141.050092,45.392094],[141.050557,45.39225],[141.050685,45.392042],[141.051226,45.391874],[141.052283,45.391664],[141.052717,45.391295],[141.053262,45.391168],[141.053652,45.390819],[141.053932,45.390825],[141.054339,45.391156],[141.05411,45.391344],[141.053644,45.391952],[141.053207,45.392311],[141.052707,45.3926],[141.052409,45.39266],[141.051162,45.393464],[141.050467,45.39373],[141.049759,45.39371],[141.048972,45.394189],[141.048694,45.394407],[141.048124,45.394985],[141.046953,45.396319],[141.044909,45.39657],[141.044682,45.396638],[141.042821,45.397551],[141.042526,45.397632],[141.041234,45.397771],[141.040566,45.397813],[141.039357,45.3978],[141.039009,45.397972],[141.037685,45.397838],[141.03711,45.397593],[141.035352,45.397518],[141.035041,45.397856],[141.03387,45.397928],[141.033697,45.398041],[141.033499,45.39832],[141.033289,45.398342],[141.032791,45.398257],[141.03255,45.39812],[141.032047,45.397977],[141.03099,45.397545],[141.030485,45.397929],[141.029622,45.398357],[141.029565,45.398492],[141.02969,45.398661]]],[[[140.980756,45.394907],[140.980838,45.394975],[140.980858,45.395082],[140.980684,45.395128],[140.980617,45.395078],[140.980592,45.394899],[140.980679,45.394851],[140.980756,45.394907]]],[[[140.978126,45.399239],[140.978223,45.399261],[140.97826,45.399359],[140.978051,45.399337],[140.978017,45.399257],[140.978126,45.399239]]],[[[140.988965,45.389901],[140.988893,45.39048],[140.990184,45.391292],[140.991468,45.391735],[140.991031,45.392964],[140.990383,45.392808],[140.990528,45.392628],[140.989077,45.392138],[140.988778,45.391342],[140.98877,45.391196],[140.989002,45.390774],[140.988988,45.390676],[140.988848,45.390605],[140.98884,45.390349],[140.988724,45.39026],[140.988726,45.390092],[140.988785,45.390034],[140.988753,45.389893],[140.988831,45.389794],[140.988991,45.389803],[140.989138,45.389672],[140.989134,45.389555],[140.989269,45.389452],[140.989413,45.389225],[140.989557,45.389136],[140.989583,45.389034],[140.989719,45.388957],[140.98988,45.388718],[140.990749,45.387843],[140.990789,45.387742],[140.990813,45.387072],[140.990725,45.386757],[140.990805,45.386307],[140.990717,45.386144],[140.990478,45.38597],[140.989329,45.385368],[140.988874,45.385339],[140.988604,45.385421],[140.988656,45.384478],[140.990167,45.384004],[140.991592,45.384251],[140.992015,45.385017],[140.990822,45.385364],[140.990989,45.386347],[140.990971,45.387138],[140.99084,45.388127],[140.988965,45.389901]]],[[[141.03024,45.299136],[141.03059,45.300061],[141.030319,45.300274],[141.029981,45.300348],[141.03009,45.299761],[141.029616,45.299524],[141.029494,45.29908],[141.029002,45.29904],[141.028623,45.29909],[141.02847,45.299042],[141.028377,45.298919],[141.028375,45.298805],[141.028437,45.298762],[141.027803,45.298866],[141.027531,45.298781],[141.027491,45.298896],[141.027249,45.298954],[141.026883,45.298972],[141.026653,45.298919],[141.026587,45.29877],[141.026683,45.298771],[141.026819,45.29845],[141.026676,45.298427],[141.026737,45.298303],[141.026457,45.298251],[141.026885,45.297567],[141.027401,45.297186],[141.027993,45.296055],[141.028429,45.295515],[141.028439,45.295335],[141.028345,45.294947],[141.02822,45.294673],[141.028065,45.29447],[141.027257,45.294413],[141.026194,45.29446],[141.026145,45.294366],[141.026248,45.294269],[141.02624,45.294027],[141.026104,45.293706],[141.025959,45.293544],[141.025521,45.293424],[141.025443,45.293275],[141.02534,45.293253],[141.025233,45.293156],[141.025124,45.292967],[141.025169,45.292836],[141.025144,45.292736],[141.025215,45.29257],[141.025392,45.292493],[141.025383,45.292411],[141.02549,45.292315],[141.025456,45.292276],[141.026004,45.291728],[141.026203,45.291855],[141.025863,45.29208],[141.0259,45.292296],[141.026543,45.292573],[141.026806,45.292396],[141.027345,45.292608],[141.028127,45.293057],[141.027475,45.29247],[141.02825,45.292935],[141.030047,45.293866],[141.030887,45.294142],[141.03183,45.294519],[141.031453,45.295028],[141.030441,45.294966],[141.029741,45.295127],[141.029119,45.295048],[141.029038,45.295568],[141.029501,45.296111],[141.029376,45.296421],[141.029464,45.296751],[141.030446,45.297502],[141.030676,45.298031],[141.031096,45.297522],[141.031448,45.297519],[141.031621,45.297661],[141.031636,45.297846],[141.031464,45.298064],[141.031465,45.298205],[141.031718,45.298078],[141.031773,45.298135],[141.031454,45.298283],[141.032077,45.298475],[141.031893,45.298759],[141.032073,45.298863],[141.031989,45.299018],[141.03187,45.299104],[141.031217,45.29883],[141.030831,45.298985],[141.030713,45.298891],[141.030524,45.298942],[141.03024,45.299136]]],[[[141.020571,45.289546],[141.020219,45.289527],[141.020054,45.289437],[141.020037,45.289315],[141.020125,45.289271],[141.020102,45.289161],[141.020358,45.289064],[141.020491,45.289184],[141.020793,45.28928],[141.020963,45.289419],[141.020815,45.289506],[141.020614,45.289497],[141.020571,45.289546]]],[[[141.029807,45.30511],[141.02978,45.305641],[141.029655,45.306374],[141.029667,45.306646],[141.028811,45.306948],[141.027926,45.306991],[141.028188,45.306397],[141.028174,45.306082],[141.027723,45.306005],[141.027276,45.305562],[141.026553,45.305487],[141.0261,45.305259],[141.026157,45.304848],[141.025695,45.304941],[141.025254,45.304336],[141.026216,45.303951],[141.026232,45.303477],[141.025885,45.303202],[141.02588,45.302456],[141.025779,45.301964],[141.025767,45.301248],[141.025972,45.300446],[141.026202,45.299891],[141.026754,45.299528],[141.026539,45.298818],[141.026587,45.29877],[141.026653,45.298919],[141.026883,45.298972],[141.027406,45.298933],[141.027491,45.298896],[141.027531,45.298781],[141.027803,45.298866],[141.028437,45.298762],[141.028375,45.298805],[141.028377,45.298919],[141.02847,45.299042],[141.028623,45.29909],[141.029002,45.29904],[141.029494,45.29908],[141.029616,45.299524],[141.03009,45.299761],[141.029981,45.300348],[141.030319,45.300274],[141.03059,45.300061],[141.03024,45.299136],[141.030524,45.298942],[141.030713,45.298891],[141.030831,45.298985],[141.031217,45.29883],[141.03187,45.299104],[141.031989,45.299018],[141.032073,45.298863],[141.031893,45.298759],[141.032077,45.298475],[141.031454,45.298283],[141.031773,45.298135],[141.031718,45.298078],[141.031465,45.298205],[141.031464,45.298064],[141.031636,45.297846],[141.031621,45.297661],[141.031448,45.297519],[141.031096,45.297522],[141.030676,45.298031],[141.030446,45.297502],[141.029464,45.296751],[141.029376,45.296421],[141.029501,45.296111],[141.029038,45.295568],[141.029119,45.295048],[141.029741,45.295127],[141.030441,45.294966],[141.031453,45.295028],[141.03183,45.294519],[141.030887,45.294142],[141.030047,45.293866],[141.02825,45.292935],[141.027475,45.29247],[141.026851,45.291663],[141.026999,45.2908],[141.026555,45.290155],[141.025791,45.290039],[141.025094,45.289523],[141.023224,45.289193],[141.022281,45.289165],[141.022055,45.289711],[141.021402,45.289441],[141.021273,45.289332],[141.021071,45.289308],[141.020996,45.289184],[141.020785,45.289121],[141.020737,45.289011],[141.020619,45.28892],[141.020628,45.288782],[141.02052,45.288696],[141.020506,45.288616],[141.020338,45.288517],[141.020102,45.288504],[141.019927,45.288566],[141.019739,45.288539],[141.019948,45.288296],[141.019901,45.288193],[141.019941,45.288128],[141.01988,45.28801],[141.019898,45.287918],[141.019663,45.287867],[141.019502,45.287896],[141.019382,45.287807],[141.019161,45.287795],[141.019004,45.287642],[141.019013,45.287532],[141.018684,45.28737],[141.018683,45.287237],[141.018584,45.28717],[141.018638,45.28707],[141.018549,45.286978],[141.018583,45.286861],[141.018453,45.286769],[141.018453,45.286642],[141.018347,45.286538],[141.018369,45.28643],[141.018269,45.286345],[141.018281,45.286226],[141.018159,45.286139],[141.018138,45.286054],[141.017959,45.286009],[141.017866,45.285907],[141.017574,45.285875],[141.017491,45.285809],[141.017474,45.285713],[141.017312,45.285704],[141.017136,45.285764],[141.016603,45.285668],[141.016484,45.285724],[141.016153,45.285724],[141.016093,45.28568],[141.016033,45.285507],[141.016113,45.285347],[141.015925,45.285239],[141.015891,45.285163],[141.015776,45.285144],[141.015662,45.284996],[141.015529,45.284954],[141.015448,45.284858],[141.015192,45.284809],[141.015063,45.284652],[141.015062,45.284509],[141.014727,45.284347],[141.014616,45.28424],[141.014654,45.284052],[141.01481,45.28399],[141.014908,45.28388],[141.015302,45.283922],[141.015419,45.284036],[141.015648,45.284103],[141.015837,45.284037],[141.015796,45.283936],[141.015863,45.28387],[141.016023,45.283797],[141.016413,45.283734],[141.016487,45.283643],[141.016583,45.283615],[141.016642,45.283515],[141.016754,45.283469],[141.016779,45.28338],[141.016869,45.28333],[141.016867,45.283232],[141.016942,45.283196],[141.017097,45.282887],[141.017226,45.28275],[141.017306,45.282431],[141.017464,45.282216],[141.017504,45.282069],[141.01741,45.281747],[141.017322,45.281705],[141.017237,45.281566],[141.017201,45.281377],[141.017245,45.281223],[141.017671,45.281044],[141.017728,45.280961],[141.017873,45.280924],[141.018284,45.280631],[141.018369,45.280367],[141.018446,45.280278],[141.018428,45.280167],[141.018505,45.280117],[141.018442,45.280014],[141.018534,45.27976],[141.018526,45.279578],[141.018686,45.279451],[141.019033,45.279367],[141.01922,45.279139],[141.019551,45.278996],[141.019801,45.278786],[141.019979,45.278746],[141.020378,45.278348],[141.020596,45.278287],[141.02096,45.277915],[141.021765,45.277493],[141.022346,45.277071],[141.022793,45.276584],[141.023111,45.275901],[141.023635,45.275221],[141.024258,45.276333],[141.024365,45.276433],[141.023558,45.277755],[141.021639,45.279693],[141.020774,45.280331],[141.020209,45.281189],[141.020598,45.282108],[141.020964,45.2835],[141.020816,45.283918],[141.021331,45.283835],[141.021437,45.283943],[141.021656,45.283993],[141.022842,45.28395],[141.023113,45.284148],[141.023326,45.284463],[141.023655,45.284802],[141.024538,45.284314],[141.025225,45.28443],[141.026736,45.286173],[141.031486,45.289444],[141.031991,45.289978],[141.032972,45.290442],[141.035107,45.291303],[141.034878,45.291824],[141.03479,45.292233],[141.034509,45.292778],[141.03576,45.293289],[141.035906,45.29389],[141.036316,45.294256],[141.036496,45.294228],[141.03643,45.294681],[141.036113,45.294874],[141.036471,45.29518],[141.036407,45.295412],[141.035687,45.295746],[141.036441,45.296239],[141.036391,45.296559],[141.034656,45.296577],[141.034921,45.297404],[141.035604,45.298342],[141.034066,45.299349],[141.033618,45.299321],[141.033206,45.299467],[141.032103,45.300027],[141.031701,45.300338],[141.030967,45.300724],[141.030361,45.30127],[141.030092,45.301636],[141.02998,45.302277],[141.030321,45.302955],[141.030338,45.303267],[141.030197,45.303854],[141.030011,45.304048],[141.029857,45.30448],[141.029804,45.304769],[141.029807,45.30511]]],[[[141.027475,45.29247],[141.028127,45.293057],[141.027345,45.292608],[141.026806,45.292396],[141.026543,45.292573],[141.0259,45.292296],[141.025863,45.29208],[141.026203,45.291855],[141.026004,45.291728],[141.025456,45.292276],[141.025542,45.292024],[141.025643,45.2919],[141.025706,45.291647],[141.025674,45.291287],[141.025483,45.290849],[141.025335,45.290781],[141.025292,45.290705],[141.025312,45.290642],[141.025183,45.290602],[141.025161,45.290489],[141.025052,45.290448],[141.025031,45.290348],[141.024915,45.290306],[141.024827,45.290123],[141.024862,45.290033],[141.024203,45.28977],[141.024064,45.289859],[141.023923,45.289829],[141.023758,45.289896],[141.023642,45.289842],[141.023474,45.289881],[141.023324,45.289785],[141.023147,45.289822],[141.023022,45.289763],[141.022887,45.289809],[141.02268,45.289763],[141.022419,45.289822],[141.022287,45.28975],[141.022097,45.289736],[141.022055,45.289711],[141.022281,45.289165],[141.023224,45.289193],[141.025094,45.289523],[141.025791,45.290039],[141.026555,45.290155],[141.026999,45.2908],[141.026851,45.291663],[141.027475,45.29247]]],[[[141.017538,45.313281],[141.017432,45.313499],[141.017459,45.313582],[141.017572,45.313657],[141.017547,45.313739],[141.017652,45.313807],[141.017606,45.313879],[141.017644,45.313979],[141.017567,45.314084],[141.016732,45.313812],[141.015974,45.313503],[141.014556,45.31278],[141.013292,45.311927],[141.012726,45.311456],[141.011736,45.310438],[141.010953,45.309335],[141.010392,45.308166],[141.010197,45.307564],[141.009987,45.306338],[141.009971,45.305721],[141.01012,45.304491],[141.010283,45.303884],[141.010785,45.302702],[141.011121,45.302132],[141.011955,45.301047],[141.012991,45.300053],[141.01421,45.299168],[141.014881,45.298772],[141.016331,45.298081],[141.017103,45.297791],[141.017901,45.297538],[141.019562,45.297151],[141.020417,45.297018],[141.022154,45.296879],[141.023903,45.296909],[141.02477,45.296988],[141.026473,45.297269],[141.026741,45.296187],[141.026773,45.295586],[141.026686,45.295135],[141.026598,45.294966],[141.026486,45.294831],[141.026362,45.294803],[141.026297,45.2947],[141.02619,45.294654],[141.026151,45.294512],[141.026194,45.29446],[141.027257,45.294413],[141.028065,45.29447],[141.02822,45.294673],[141.028345,45.294947],[141.028439,45.295335],[141.028429,45.295515],[141.027993,45.296055],[141.027401,45.297186],[141.026885,45.297567],[141.026457,45.298251],[141.026737,45.298303],[141.026676,45.298427],[141.026819,45.29845],[141.026683,45.298771],[141.026587,45.29877],[141.026539,45.298818],[141.026754,45.299528],[141.026202,45.299891],[141.025972,45.300446],[141.025767,45.301248],[141.025779,45.301964],[141.02588,45.302456],[141.025885,45.303202],[141.026232,45.303477],[141.026216,45.303951],[141.025254,45.304336],[141.025695,45.304941],[141.026157,45.304848],[141.0261,45.305259],[141.026553,45.305487],[141.027276,45.305562],[141.027723,45.306005],[141.028174,45.306082],[141.028188,45.306397],[141.027948,45.306915],[141.027306,45.309003],[141.026922,45.310058],[141.026723,45.310394],[141.026089,45.311956],[141.024768,45.311877],[141.024074,45.312006],[141.023836,45.311855],[141.023493,45.31185],[141.023435,45.311612],[141.023325,45.311536],[141.023167,45.31117],[141.022698,45.310892],[141.022439,45.310807],[141.022154,45.311027],[141.022202,45.311049],[141.022111,45.311135],[141.022065,45.311116],[141.021948,45.311352],[141.021768,45.311374],[141.021793,45.311464],[141.021488,45.311378],[141.021444,45.311714],[141.02071,45.312543],[141.020333,45.312831],[141.019737,45.313156],[141.019609,45.313083],[141.01943,45.313083],[141.019301,45.313207],[141.019312,45.313306],[141.018433,45.313487],[141.018307,45.3134],[141.018144,45.31342],[141.018053,45.313342],[141.017887,45.313366],[141.017747,45.313275],[141.017538,45.313281]]],[[[141.041746,45.296566],[141.036391,45.296559],[141.036441,45.296239],[141.035687,45.295746],[141.036407,45.295412],[141.036471,45.29518],[141.036113,45.294874],[141.03643,45.294681],[141.036496,45.294228],[141.036316,45.294256],[141.035906,45.29389],[141.03576,45.293289],[141.034509,45.292778],[141.03479,45.292233],[141.034878,45.291824],[141.035107,45.291303],[141.032972,45.290442],[141.031991,45.289978],[141.031486,45.289444],[141.026736,45.286173],[141.025225,45.28443],[141.024538,45.284314],[141.023655,45.284802],[141.023326,45.284463],[141.023113,45.284148],[141.022842,45.28395],[141.021656,45.283993],[141.021437,45.283943],[141.021331,45.283835],[141.020816,45.283918],[141.020964,45.2835],[141.020598,45.282108],[141.020209,45.281189],[141.020774,45.280331],[141.021639,45.279693],[141.023558,45.277755],[141.024365,45.276433],[141.02495,45.276977],[141.025055,45.277515],[141.024772,45.278311],[141.024138,45.279084],[141.024036,45.27992],[141.024392,45.280158],[141.025501,45.280718],[141.025846,45.280409],[141.026597,45.279872],[141.026882,45.279735],[141.027752,45.279154],[141.028668,45.278682],[141.029092,45.278578],[141.030284,45.278117],[141.031143,45.278299],[141.031437,45.278814],[141.03193,45.279396],[141.032559,45.279707],[141.03263,45.279563],[141.032555,45.279432],[141.032762,45.279329],[141.032867,45.279174],[141.033157,45.279011],[141.033219,45.278846],[141.03357,45.278596],[141.033674,45.278578],[141.033762,45.278473],[141.034029,45.278401],[141.034052,45.278548],[141.034322,45.278738],[141.034179,45.279121],[141.034056,45.279266],[141.034061,45.279406],[141.033807,45.279607],[141.033965,45.279759],[141.034064,45.279935],[141.033965,45.28011],[141.033829,45.280224],[141.0339,45.280475],[141.034464,45.280427],[141.03513,45.280634],[141.036664,45.281306],[141.037474,45.282046],[141.03779,45.283393],[141.037824,45.284476],[141.038263,45.284946],[141.038928,45.285459],[141.039244,45.285974],[141.039037,45.287017],[141.03922,45.287543],[141.039964,45.28831],[141.040699,45.288817],[141.041602,45.289066],[141.041747,45.28936],[141.041328,45.289627],[141.041118,45.289874],[141.040343,45.290237],[141.039275,45.290263],[141.039187,45.290534],[141.03855,45.290689],[141.03908,45.290968],[141.039474,45.291308],[141.039312,45.291832],[141.03961,45.29263],[141.039762,45.293347],[141.039556,45.294034],[141.039631,45.294634],[141.040322,45.295329],[141.040907,45.295656],[141.041496,45.296089],[141.041746,45.296566]]],[[[141.015811,45.280196],[141.015981,45.280335],[141.015883,45.280556],[141.015931,45.280686],[141.01582,45.280818],[141.015787,45.280982],[141.015487,45.281211],[141.01527,45.281156],[141.015216,45.281071],[141.01526,45.280981],[141.015228,45.280891],[141.015287,45.280832],[141.015272,45.280699],[141.015326,45.280619],[141.01528,45.280516],[141.0153,45.280416],[141.015233,45.28034],[141.01538,45.280201],[141.015479,45.28017],[141.015811,45.280196]]],[[[141.035534,45.275],[141.035464,45.275112],[141.034689,45.27486],[141.034765,45.274753],[141.034694,45.274718],[141.034616,45.274831],[141.033911,45.274596],[141.034016,45.274439],[141.035105,45.274718],[141.035503,45.274713],[141.035695,45.274667],[141.035974,45.274521],[141.035971,45.274275],[141.035885,45.274281],[141.035887,45.274488],[141.035654,45.274612],[141.03533,45.27466],[141.034976,45.274623],[141.03367,45.274246],[141.03351,45.274482],[141.032974,45.274305],[141.033344,45.273926],[141.033647,45.27375],[141.033994,45.273622],[141.034763,45.273529],[141.0354,45.273626],[141.035852,45.273811],[141.036288,45.274153],[141.036371,45.274905],[141.036238,45.274783],[141.036178,45.274834],[141.036361,45.275045],[141.035599,45.274934],[141.035534,45.275]]],[[[140.999765,45.329588],[140.999579,45.329608],[140.999224,45.329549],[140.999341,45.329452],[140.999234,45.329371],[140.999238,45.329263],[140.9994,45.329153],[140.999583,45.329159],[140.999718,45.329072],[141.000013,45.329178],[141.000099,45.32928],[141.000263,45.329352],[141.000216,45.329419],[141.000009,45.329436],[140.999919,45.329571],[140.999765,45.329588]]],[[[141.001185,45.346013],[141.000896,45.346619],[141.000303,45.347138],[141.000045,45.347264],[140.99997,45.347423],[140.999605,45.347419],[140.999559,45.34734],[140.999591,45.347208],[140.9998,45.346957],[140.9973,45.346753],[140.998025,45.343415],[140.999871,45.343548],[140.999881,45.343612],[141.00019,45.343615],[141.000759,45.343985],[141.001344,45.344494],[141.001439,45.345244],[141.002771,45.345468],[141.003513,45.344883],[141.004266,45.344147],[141.004875,45.343088],[141.005292,45.343393],[141.005042,45.344419],[141.00479,45.344657],[141.003659,45.345492],[141.002619,45.345743],[141.00221,45.345909],[141.001182,45.345657],[141.001185,45.346013]]],[[[141.621156,45.312722],[141.622128,45.313451],[141.622646,45.313665],[141.62349,45.314481],[141.626086,45.316506],[141.627265,45.317603],[141.627984,45.318079],[141.628555,45.318751],[141.628866,45.319212],[141.629272,45.31964],[141.629654,45.319971],[141.630634,45.320562],[141.630944,45.320866],[141.631414,45.321209],[141.632633,45.322396],[141.632696,45.322509],[141.633469,45.323291],[141.634234,45.323926],[141.635181,45.324956],[141.635619,45.325356],[141.63636,45.325862],[141.636734,45.326402],[141.637244,45.326998],[141.637653,45.327685],[141.638718,45.328549],[141.639795,45.330003],[141.640642,45.330696],[141.641041,45.331295],[141.641501,45.331774],[141.642433,45.332509],[141.643392,45.333587],[141.643924,45.333996],[141.644601,45.334817],[141.644999,45.335533],[141.646272,45.337294],[141.648768,45.340478],[141.649295,45.341349],[141.650252,45.342644],[141.651863,45.345034],[141.652189,45.345591],[141.652325,45.34621],[141.653298,45.347847],[141.653848,45.348938],[141.654638,45.350699],[141.655188,45.352336],[141.656161,45.35606],[141.65636,45.3566],[141.657046,45.359295],[141.657548,45.363345],[141.657771,45.364291],[141.657724,45.364806],[141.657808,45.366052],[141.657725,45.366697],[141.657529,45.367486],[141.65754,45.367645],[141.657472,45.367734],[141.657162,45.368878],[141.657036,45.369582],[141.656844,45.370063],[141.655903,45.371279],[141.655623,45.371418],[141.6555,45.371597],[141.654908,45.371898],[141.654339,45.37236],[141.654192,45.372578],[141.654094,45.372839],[141.6541,45.37356],[141.654056,45.37373],[141.653881,45.373889],[141.653626,45.373965],[141.653421,45.374155],[141.653202,45.37443],[141.653156,45.374665],[141.653077,45.374808],[141.652303,45.375328],[141.650765,45.374739],[141.650042,45.374391],[141.649355,45.374008],[141.648101,45.373147],[141.647026,45.372174],[141.646561,45.371651],[141.646149,45.371106],[141.645489,45.369964],[141.645056,45.368768],[141.644859,45.367542],[141.64485,45.366925],[141.645,45.365201],[141.645,45.364091],[141.644904,45.362982],[141.644711,45.36188],[141.64397,45.358825],[141.643591,45.35762],[141.642668,45.354092],[141.642264,45.352918],[141.641345,45.351003],[141.640587,45.34974],[141.6401,45.348791],[141.639911,45.348296],[141.63871,45.346489],[141.63782,45.345285],[141.637289,45.344411],[141.635054,45.341582],[141.633267,45.339062],[141.632249,45.337998],[141.630937,45.336819],[141.629908,45.335683],[141.629066,45.334871],[141.628099,45.333668],[141.627663,45.333282],[141.625529,45.330861],[141.622232,45.327655],[141.621141,45.326673],[141.620471,45.326217],[141.619126,45.325091],[141.616707,45.322283],[141.616021,45.3212],[141.615755,45.320636],[141.615384,45.319478],[141.615233,45.318296],[141.615304,45.31711],[141.615422,45.316522],[141.615822,45.315369],[141.616433,45.314263],[141.617246,45.313224],[141.615493,45.313068],[141.613788,45.312743],[141.612163,45.312254],[141.610649,45.311612],[141.609275,45.310828],[141.608068,45.309918],[141.607051,45.308899],[141.60662,45.308355],[141.605923,45.30721],[141.605457,45.306008],[141.60531,45.305365],[141.60521,45.304148],[141.605249,45.303525],[141.60535,45.302906],[141.605511,45.302292],[141.606299,45.300127],[141.606617,45.298854],[141.606816,45.297568],[141.606894,45.296276],[141.60685,45.294983],[141.606686,45.293695],[141.606402,45.292417],[141.605999,45.291156],[141.605479,45.289915],[141.604616,45.288241],[141.604092,45.28693],[141.60295,45.28469],[141.602522,45.28413],[141.601609,45.282524],[141.600918,45.281577],[141.599795,45.27985],[141.59878,45.278077],[141.597721,45.276554],[141.596976,45.275765],[141.596041,45.274647],[141.595373,45.274131],[141.594753,45.273569],[141.594198,45.272973],[141.593672,45.272293],[141.592643,45.271186],[141.592008,45.270725],[141.590757,45.269707],[141.590274,45.269257],[141.589652,45.26879],[141.588458,45.267691],[141.587999,45.267169],[141.587356,45.266283],[141.585431,45.264036],[141.584136,45.263142],[141.581956,45.261792],[141.58126,45.261285],[141.580623,45.26074],[141.579576,45.259713],[141.579093,45.259132],[141.578697,45.258554],[141.577396,45.257224],[141.576245,45.255866],[141.57547,45.255262],[141.574549,45.254419],[141.573694,45.253385],[141.570441,45.250182],[141.569579,45.249111],[141.569315,45.248845],[141.567412,45.247349],[141.564469,45.244786],[141.563568,45.243911],[141.562961,45.243246],[141.561859,45.241681],[141.560626,45.239467],[141.56015,45.238574],[141.559769,45.237737],[141.559475,45.236751],[141.559122,45.236093],[141.55887,45.235493],[141.558383,45.233738],[141.55796,45.231676],[141.557803,45.229687],[141.557832,45.228901],[141.557959,45.228119],[141.558371,45.226721],[141.558629,45.225438],[141.558817,45.22493],[141.558856,45.224125],[141.559001,45.22331],[141.558902,45.222088],[141.558494,45.2206],[141.5582,45.219263],[141.557925,45.217069],[141.557802,45.216609],[141.557434,45.215761],[141.556855,45.213875],[141.556728,45.213272],[141.556617,45.212034],[141.556639,45.211044],[141.556424,45.208961],[141.555935,45.206962],[141.555773,45.206021],[141.55571,45.2053],[141.555706,45.204553],[141.555862,45.20268],[141.555875,45.201517],[141.555948,45.200425],[141.556193,45.19891],[141.556207,45.198021],[141.556299,45.197172],[141.556504,45.196332],[141.55687,45.195385],[141.557103,45.194491],[141.557632,45.193228],[141.558129,45.191291],[141.559638,45.187418],[141.56039,45.184967],[141.561205,45.183019],[141.561651,45.181777],[141.562907,45.178998],[141.564481,45.175968],[141.564944,45.174907],[141.565454,45.174028],[141.566302,45.172778],[141.566685,45.171856],[141.567024,45.170842],[141.567427,45.170025],[141.567952,45.169161],[141.568157,45.168448],[141.568757,45.167065],[141.569338,45.16542],[141.569841,45.163747],[141.570832,45.161089],[141.57205,45.157604],[141.572575,45.156474],[141.573552,45.154017],[141.574193,45.15256],[141.575178,45.150528],[141.576453,45.148173],[141.57719,45.146874],[141.579605,45.142882],[141.581522,45.13993],[141.584817,45.135078],[141.585418,45.134036],[141.587706,45.13062],[141.588634,45.129321],[141.589549,45.127889],[141.590325,45.126559],[141.590952,45.125595],[141.59319,45.121705],[141.594862,45.119],[141.595995,45.117024],[141.597373,45.114951],[141.599089,45.1122],[141.600401,45.109996],[141.601249,45.108435],[141.602537,45.106342],[141.603602,45.104789],[141.608644,45.097074],[141.609654,45.095628],[141.610277,45.094872],[141.610932,45.093737],[141.613063,45.090492],[141.623863,45.073413],[141.625283,45.071328],[141.626494,45.069357],[141.627601,45.067696],[141.628365,45.066383],[141.629713,45.064262],[141.630564,45.063091],[141.632802,45.059412],[141.633668,45.058093],[141.634836,45.056045],[141.63707,45.052453],[141.637573,45.051737],[141.640136,45.047314],[141.641141,45.04578],[141.64169,45.044727],[141.642364,45.043655],[141.642878,45.042651],[141.643825,45.041137],[141.645664,45.03783],[141.646186,45.037021],[141.646804,45.036209],[141.647615,45.034805],[141.648271,45.033482],[141.648906,45.032385],[141.651549,45.028236],[141.653684,45.024485],[141.655919,45.020693],[141.657376,45.018097],[141.659923,45.013888],[141.663886,45.006799],[141.666067,45.003349],[141.666572,45.00197],[141.667211,45.000616],[141.668137,44.999103],[141.669535,44.997104],[141.670443,44.995435],[141.670883,44.994418],[141.67108,44.994082],[141.671409,44.993086],[141.67176,44.992363],[141.67206,44.991875],[141.672635,44.990587],[141.673273,44.989532],[141.674228,44.988161],[141.675146,44.986666],[141.675927,44.985536],[141.676132,44.984729],[141.67642,44.983989],[141.676799,44.983228],[141.678459,44.980718],[141.678785,44.979806],[141.679236,44.978815],[141.681035,44.975728],[141.681374,44.974788],[141.681684,44.974167],[141.682321,44.973195],[141.683271,44.971448],[141.683721,44.970801],[141.684508,44.969133],[141.685628,44.967299],[141.685941,44.96621],[141.68627,44.965389],[141.687136,44.963841],[141.687912,44.962672],[141.688749,44.960946],[141.689606,44.959552],[141.689882,44.958741],[141.690301,44.95781],[141.691151,44.956394],[141.691873,44.955012],[141.692212,44.954225],[141.692875,44.9529],[141.693108,44.952145],[141.693611,44.951028],[141.694809,44.949127],[141.695281,44.948255],[141.69597,44.947258],[141.696311,44.946153],[141.696691,44.945254],[141.697482,44.943966],[141.697969,44.942782],[141.698233,44.941773],[141.698489,44.941131],[141.698899,44.940353],[141.699342,44.939665],[141.700013,44.938837],[141.700569,44.93755],[141.701813,44.935366],[141.701961,44.934814],[141.702385,44.933705],[141.702717,44.932974],[141.703264,44.931971],[141.703564,44.931076],[141.704057,44.930047],[141.704623,44.929111],[141.705167,44.928358],[141.706081,44.926707],[141.70628,44.925896],[141.706532,44.92518],[141.706945,44.924334],[141.707849,44.922791],[141.708037,44.922214],[141.708303,44.921599],[141.70891,44.920542],[141.709349,44.919651],[141.710253,44.9174],[141.710638,44.91666],[141.711098,44.915601],[141.71287,44.912276],[141.71399,44.909277],[141.714964,44.907197],[141.716085,44.905008],[141.716834,44.903883],[141.717794,44.902841],[141.718347,44.902359],[141.718947,44.901904],[141.72027,44.901089],[141.72174,44.900412],[141.72252,44.900129],[141.724155,44.899681],[141.72586,44.899398],[141.726729,44.89932],[141.72848,44.899293],[141.729354,44.899344],[141.731075,44.899574],[141.731914,44.899752],[141.731914,44.899903],[141.73182,44.900117],[141.731527,44.900578],[141.730903,44.901759],[141.729795,44.903987],[141.729344,44.905405],[141.728253,44.907408],[141.728016,44.908004],[141.726506,44.911054],[141.726363,44.911492],[141.72611,44.911886],[141.72592,44.912353],[141.725904,44.912562],[141.725801,44.912866],[141.72558,44.913304],[141.725279,44.914081],[141.72509,44.914812],[141.724536,44.915774],[141.723674,44.91749],[141.723057,44.918565],[141.722582,44.91969],[141.722218,44.920354],[141.721798,44.921344],[141.721465,44.922317],[141.720642,44.92401],[141.720269,44.92455],[141.720166,44.925057],[141.720016,44.925445],[141.718685,44.927718],[141.718598,44.928281],[141.718012,44.929743],[141.716833,44.931875],[141.716334,44.932652],[141.716017,44.933046],[141.715795,44.933433],[141.7157,44.933659],[141.715589,44.934474],[141.715399,44.93484],[141.714773,44.93574],[141.714441,44.936471],[141.714267,44.936967],[141.714021,44.937985],[141.712548,44.940482],[141.712192,44.941355],[141.711653,44.942457],[141.711202,44.943099],[141.710544,44.943903],[141.710497,44.944106],[141.71056,44.944573],[141.709863,44.945889],[141.709681,44.946531],[141.709317,44.947161],[141.709182,44.947554],[141.708636,44.948257],[141.708549,44.948488],[141.708438,44.949219],[141.707662,44.950817],[141.706989,44.951706],[141.706648,44.952404],[141.705405,44.954322],[141.70527,44.955031],[141.705151,44.955385],[141.704708,44.956122],[141.704169,44.957208],[141.703892,44.957951],[141.703504,44.958564],[141.702926,44.959756],[141.702284,44.960741],[141.701976,44.961467],[141.701706,44.962305],[141.701271,44.963126],[141.700899,44.963633],[141.700566,44.964201],[141.700241,44.964831],[141.699766,44.965951],[141.698618,44.967655],[141.698285,44.968257],[141.698159,44.968837],[141.697897,44.969613],[141.697501,44.970519],[141.69648,44.972094],[141.695918,44.973247],[141.695798,44.973675],[141.695593,44.974097],[141.694769,44.975239],[141.694468,44.975897],[141.694167,44.97637],[141.693953,44.976898],[141.69347,44.977484],[141.693336,44.978086],[141.693201,44.978406],[141.691055,44.982074],[141.69092,44.982693],[141.690231,44.984077],[141.68856,44.986592],[141.688489,44.986749],[141.688457,44.987154],[141.688362,44.987537],[141.688141,44.988049],[141.687459,44.989326],[141.686557,44.990592],[141.685828,44.991818],[141.684553,44.993664],[141.684395,44.993973],[141.684102,44.994828],[141.683563,44.995655],[141.683389,44.996521],[141.682763,44.997568],[141.682447,44.998378],[141.681116,45.000825],[141.679705,45.002794],[141.678975,45.003981],[141.678119,45.006181],[141.677881,45.00667],[141.675732,45.010018],[141.671655,45.017314],[141.669125,45.021494],[141.66769,45.024054],[141.66543,45.027891],[141.663257,45.031711],[141.661393,45.034697],[141.660648,45.0358],[141.660013,45.036897],[141.659411,45.038135],[141.658332,45.040031],[141.657682,45.040846],[141.657317,45.041397],[141.655556,45.044576],[141.654565,45.046162],[141.6542,45.046939],[141.653391,45.048215],[141.652884,45.049284],[141.651909,45.050679],[141.651536,45.051422],[141.650989,45.052221],[141.650481,45.053177],[141.649704,45.054415],[141.649165,45.05545],[141.648689,45.05608],[141.648071,45.057064],[141.646461,45.059663],[141.645295,45.061722],[141.644391,45.063089],[141.641893,45.067184],[141.641314,45.067921],[141.640386,45.069361],[141.63922,45.071336],[141.638158,45.072917],[141.636778,45.075156],[141.634431,45.078553],[141.632167,45.081189],[141.633486,45.08166],[141.63323,45.082353],[141.632777,45.084257],[141.632136,45.08547],[141.631331,45.086424],[141.630758,45.086434],[141.630387,45.086637],[141.630054,45.086552],[141.629943,45.086576],[141.629835,45.086635],[141.629605,45.086916],[141.629445,45.086982],[141.629148,45.086889],[141.627771,45.089371],[141.62627,45.091835],[141.624078,45.095019],[141.623618,45.095784],[141.622593,45.097309],[141.621743,45.098788],[141.620734,45.100031],[141.620298,45.100724],[141.619837,45.101331],[141.619363,45.10213],[141.615064,45.108678],[141.614079,45.110107],[141.612888,45.112048],[141.612228,45.113291],[141.610719,45.115828],[141.608869,45.118793],[141.607789,45.120379],[141.606494,45.122636],[141.604945,45.125128],[141.602682,45.129066],[141.602015,45.130095],[141.601236,45.131445],[141.60014,45.133156],[141.599052,45.13468],[141.598234,45.135962],[141.596828,45.138005],[141.59659,45.138511],[141.595137,45.140615],[141.593477,45.143164],[141.592897,45.143951],[141.59107,45.146773],[141.588306,45.151433],[141.587091,45.153678],[141.58621,45.155506],[141.584701,45.159197],[141.584296,45.160035],[141.58316,45.163332],[141.582103,45.166139],[141.581754,45.167416],[141.581325,45.16849],[141.581213,45.168972],[141.580511,45.170594],[141.580376,45.171185],[141.580169,45.171748],[141.579827,45.172439],[141.579222,45.173396],[141.57896,45.174268],[141.57865,45.174943],[141.578427,45.175832],[141.577576,45.176946],[141.576956,45.177874],[141.576463,45.179005],[141.574903,45.181997],[141.573806,45.184439],[141.573495,45.185362],[141.572796,45.186971],[141.572294,45.188529],[141.571952,45.189789],[141.571586,45.190549],[141.570807,45.192681],[141.570552,45.193243],[141.570083,45.195207],[141.569717,45.196157],[141.569486,45.196568],[141.569367,45.197333],[141.56893,45.198278],[141.568921,45.19946],[141.568667,45.200759],[141.568603,45.201592],[141.568587,45.202976],[141.568452,45.20432],[141.568436,45.205102],[141.568881,45.207139],[141.569081,45.207715],[141.569199,45.209356],[141.569374,45.210453],[141.569407,45.211219],[141.569334,45.211616],[141.569376,45.212246],[141.569624,45.212934],[141.569769,45.213534],[141.570225,45.214617],[141.570432,45.215363],[141.570618,45.216183],[141.570784,45.217895],[141.571219,45.219783],[141.571467,45.220559],[141.571612,45.22132],[141.571695,45.222667],[141.571778,45.223062],[141.571737,45.223852],[141.57155,45.224833],[141.571467,45.226165],[141.571302,45.226809],[141.571095,45.227277],[141.57097,45.228082],[141.570535,45.229531],[141.570618,45.230087],[141.570645,45.23088],[141.57097,45.232371],[141.571198,45.233234],[141.57155,45.233834],[141.571902,45.234698],[141.572068,45.235401],[141.573062,45.237142],[141.573373,45.237834],[141.573953,45.2387],[141.575066,45.239746],[141.575559,45.240112],[141.577266,45.241647],[141.57816,45.242374],[141.578979,45.242902],[141.579273,45.243184],[141.580307,45.24423],[141.581346,45.245531],[141.583696,45.247776],[141.584759,45.248871],[141.585047,45.249322],[141.586319,45.250267],[141.58815,45.252399],[141.588823,45.253111],[141.589579,45.253789],[141.590323,45.25488],[141.590753,45.255283],[141.593173,45.256787],[141.595326,45.258292],[141.59586,45.258736],[141.596167,45.25906],[141.596669,45.259809],[141.598325,45.261687],[141.59905,45.262689],[141.600054,45.263443],[141.600667,45.264051],[141.601463,45.264692],[141.602793,45.265547],[141.603757,45.266273],[141.604036,45.266633],[141.605111,45.268326],[141.605947,45.268872],[141.607978,45.271224],[141.608344,45.27146],[141.608464,45.271589],[141.608965,45.272236],[141.609714,45.273435],[141.610415,45.274351],[141.610813,45.275106],[141.611068,45.275443],[141.611378,45.276096],[141.612501,45.277823],[141.613146,45.278667],[141.613991,45.280202],[141.614596,45.280962],[141.616244,45.284174],[141.61669,45.285356],[141.617144,45.286188],[141.617296,45.286599],[141.617526,45.287758],[141.617924,45.288703],[141.618052,45.289204],[141.619318,45.292197],[141.619374,45.292607],[141.619676,45.293496],[141.619923,45.295212],[141.619641,45.296881],[141.619548,45.298156],[141.619074,45.299733],[141.618982,45.300125],[141.618889,45.301065],[141.618611,45.301735],[141.618542,45.302528],[141.618265,45.303558],[141.617663,45.304947],[141.617235,45.305683],[141.616727,45.306476],[141.615792,45.307759],[141.60881,45.308944],[141.611821,45.308449],[141.611868,45.308599],[141.614303,45.308214],[141.614269,45.308105],[141.615846,45.307846],[141.615982,45.308029],[141.61769,45.308152],[141.617615,45.308848],[141.617186,45.30927],[141.617118,45.309241],[141.617008,45.309335],[141.616057,45.308857],[141.615691,45.309229],[141.616583,45.309673],[141.615493,45.310734],[141.614077,45.309991],[141.614815,45.309279],[141.614441,45.309066],[141.613503,45.309969],[141.612411,45.309391],[141.612016,45.309779],[141.613066,45.310369],[141.611514,45.311871],[141.61254,45.312347],[141.613543,45.311635],[141.613678,45.31169],[141.613917,45.31169],[141.614156,45.311493],[141.614689,45.311465],[141.614904,45.311532],[141.615072,45.311521],[141.616171,45.311257],[141.616816,45.311437],[141.617381,45.311684],[141.618066,45.311583],[141.618592,45.311583],[141.618958,45.311651],[141.619508,45.311831],[141.621156,45.312722]]],[[[141.630796,45.314674],[141.633779,45.316264],[141.634326,45.316619],[141.634671,45.316929],[141.641223,45.323583],[141.64537,45.327961],[141.645672,45.328351],[141.64792,45.33219],[141.650717,45.335576],[141.655592,45.342257],[141.657086,45.344912],[141.658609,45.348259],[141.660096,45.352345],[141.660493,45.353752],[141.661325,45.357818],[141.661945,45.361347],[141.661936,45.364313],[141.661728,45.367077],[141.657612,45.367145],[141.657805,45.366103],[141.657724,45.364806],[141.657771,45.364291],[141.657548,45.363345],[141.657046,45.359295],[141.656527,45.357213],[141.656161,45.35606],[141.655188,45.352336],[141.654909,45.351447],[141.654446,45.350227],[141.653848,45.348938],[141.653091,45.34747],[141.652325,45.34621],[141.652237,45.345715],[141.652062,45.345349],[141.650252,45.342644],[141.649295,45.341349],[141.648768,45.340478],[141.646272,45.337294],[141.644999,45.335533],[141.644601,45.334817],[141.643924,45.333996],[141.643392,45.333587],[141.642433,45.332509],[141.641501,45.331774],[141.641041,45.331295],[141.640642,45.330696],[141.639795,45.330003],[141.638718,45.328549],[141.637653,45.327685],[141.637244,45.326998],[141.636734,45.326402],[141.63636,45.325862],[141.635619,45.325356],[141.635181,45.324956],[141.634234,45.323926],[141.633469,45.323291],[141.632696,45.322509],[141.632633,45.322396],[141.631414,45.321209],[141.630944,45.320866],[141.630634,45.320562],[141.629654,45.319971],[141.629272,45.31964],[141.628866,45.319212],[141.628555,45.318751],[141.627984,45.318079],[141.628181,45.317879],[141.628277,45.317293],[141.628524,45.316979],[141.629041,45.315887],[141.629862,45.314666],[141.630257,45.314389],[141.630796,45.314674]]],[[[141.628689,45.297342],[141.628535,45.297861],[141.627904,45.298638],[141.62732,45.301636],[141.626445,45.303135],[141.625865,45.303981],[141.625844,45.304849],[141.624754,45.305302],[141.622021,45.305339],[141.622294,45.304874],[141.618141,45.30383],[141.618265,45.303558],[141.618542,45.302528],[141.618611,45.301735],[141.618889,45.301065],[141.618982,45.300125],[141.619479,45.298442],[141.619594,45.297878],[141.619641,45.296881],[141.619923,45.295212],[141.619676,45.293496],[141.619374,45.292607],[141.619318,45.292197],[141.618052,45.289204],[141.617924,45.288703],[141.617526,45.287758],[141.617296,45.286599],[141.617144,45.286188],[141.61669,45.285356],[141.616244,45.284174],[141.614596,45.280962],[141.613991,45.280202],[141.613146,45.278667],[141.612501,45.277823],[141.611378,45.276096],[141.611068,45.275443],[141.610813,45.275106],[141.610415,45.274351],[141.609714,45.273435],[141.608965,45.272236],[141.608464,45.271589],[141.608344,45.27146],[141.607978,45.271224],[141.605947,45.268872],[141.605111,45.268326],[141.604036,45.266633],[141.603757,45.266273],[141.602793,45.265547],[141.601463,45.264692],[141.600667,45.264051],[141.600054,45.263443],[141.59905,45.262689],[141.598325,45.261687],[141.596669,45.259809],[141.596167,45.25906],[141.59586,45.258736],[141.595326,45.258292],[141.593173,45.256787],[141.590753,45.255283],[141.590323,45.25488],[141.589579,45.253789],[141.588823,45.253111],[141.58815,45.252399],[141.586319,45.250267],[141.585047,45.249322],[141.584759,45.248871],[141.583696,45.247776],[141.581346,45.245531],[141.580307,45.24423],[141.579273,45.243184],[141.578979,45.242902],[141.57816,45.242374],[141.577266,45.241647],[141.575559,45.240112],[141.575066,45.239746],[141.573953,45.2387],[141.573373,45.237834],[141.573062,45.237142],[141.572068,45.235401],[141.571902,45.234698],[141.57155,45.233834],[141.571198,45.233234],[141.570645,45.23088],[141.570618,45.230087],[141.570535,45.229531],[141.57097,45.228082],[141.571095,45.227277],[141.571302,45.226809],[141.571467,45.226165],[141.57155,45.224833],[141.571737,45.223852],[141.571778,45.223062],[141.571695,45.222667],[141.571612,45.22132],[141.571467,45.220559],[141.571219,45.219783],[141.570784,45.217895],[141.570618,45.216183],[141.570225,45.214617],[141.569769,45.213534],[141.569624,45.212934],[141.569376,45.212246],[141.569334,45.211616],[141.569407,45.211219],[141.569374,45.210453],[141.569199,45.209356],[141.569081,45.207715],[141.568881,45.207139],[141.568436,45.205102],[141.568452,45.20432],[141.568587,45.202976],[141.568603,45.201592],[141.568667,45.200759],[141.568921,45.19946],[141.56893,45.198278],[141.569367,45.197333],[141.569486,45.196568],[141.569717,45.196157],[141.570083,45.195207],[141.570552,45.193243],[141.570807,45.192681],[141.571586,45.190549],[141.572032,45.189564],[141.572294,45.188529],[141.572796,45.186971],[141.573495,45.185362],[141.573806,45.184439],[141.574903,45.181997],[141.576463,45.179005],[141.576956,45.177874],[141.577576,45.176946],[141.578247,45.176091],[141.578659,45.176286],[141.578779,45.176435],[141.579347,45.176701],[141.579818,45.17677],[141.580549,45.176794],[141.580685,45.176857],[141.580873,45.177277],[141.581233,45.177384],[141.581585,45.177609],[141.581913,45.177701],[141.582289,45.177366],[141.582656,45.176817],[141.582872,45.17669],[141.58301,45.176476],[141.58332,45.176382],[141.583704,45.176369],[141.584063,45.176404],[141.585287,45.176667],[141.58566,45.176676],[141.585893,45.176645],[141.586005,45.176564],[141.586124,45.176342],[141.585768,45.177392],[141.58529,45.178357],[141.584865,45.179081],[141.584754,45.180021],[141.584688,45.181832],[141.584957,45.182354],[141.585278,45.183688],[141.586669,45.183749],[141.594241,45.184446],[141.604231,45.18511],[141.604186,45.185498],[141.603788,45.186828],[141.603818,45.187145],[141.603767,45.187548],[141.603119,45.188232],[141.602938,45.18886],[141.602442,45.189639],[141.602311,45.189714],[141.602137,45.189734],[141.60096,45.189516],[141.600324,45.189549],[141.598806,45.189846],[141.598148,45.190073],[141.597212,45.190613],[141.596847,45.190903],[141.596541,45.191495],[141.5961,45.19198],[141.595877,45.192421],[141.595684,45.192605],[141.595274,45.192845],[141.594558,45.193019],[141.59402,45.193268],[141.593473,45.193652],[141.593127,45.194046],[141.593026,45.194331],[141.59301,45.19531],[141.593493,45.196593],[141.593803,45.196997],[141.595019,45.19795],[141.595476,45.198437],[141.595781,45.198918],[141.596028,45.199507],[141.596153,45.200192],[141.596436,45.20094],[141.596636,45.201046],[141.596874,45.201096],[141.596246,45.202805],[141.596187,45.203319],[141.59623,45.204023],[141.596044,45.204265],[141.595625,45.204497],[141.591421,45.205984],[141.590859,45.206238],[141.590409,45.206693],[141.5898,45.20784],[141.589441,45.20819],[141.588634,45.208548],[141.586911,45.209141],[141.586783,45.209357],[141.58629,45.209668],[141.586074,45.209871],[141.585984,45.210099],[141.586009,45.211857],[141.587184,45.214109],[141.587149,45.214138],[141.583443,45.213768],[141.57863,45.213384],[141.578345,45.213401],[141.578135,45.213502],[141.577963,45.213677],[141.576698,45.21546],[141.575888,45.216349],[141.575119,45.217019],[141.577954,45.233179],[141.578876,45.236122],[141.579095,45.236526],[141.579471,45.236943],[141.5871,45.243117],[141.587607,45.243597],[141.596112,45.25224],[141.597503,45.253898],[141.597654,45.254025],[141.598551,45.255764],[141.5989,45.25633],[141.60418,45.260164],[141.607261,45.262487],[141.608372,45.263377],[141.612574,45.266517],[141.611189,45.26631],[141.609526,45.266481],[141.608954,45.266726],[141.608563,45.26755],[141.608621,45.267815],[141.610423,45.269605],[141.611403,45.270337],[141.611807,45.271024],[141.612629,45.271718],[141.613643,45.272742],[141.61462,45.274085],[141.615721,45.275233],[141.616912,45.276964],[141.617168,45.277733],[141.61814,45.279002],[141.619512,45.28138],[141.62089,45.282847],[141.621511,45.283577],[141.622081,45.285012],[141.622795,45.286072],[141.62474,45.290164],[141.626342,45.292787],[141.626715,45.294081],[141.627293,45.294127],[141.626829,45.295159],[141.626959,45.295795],[141.627382,45.296618],[141.627736,45.297258],[141.628439,45.296923],[141.628689,45.297342]]],[[[141.605643,45.176228],[141.605014,45.180325],[141.604441,45.183575],[141.604231,45.18511],[141.594241,45.184446],[141.586669,45.183749],[141.585278,45.183688],[141.584957,45.182354],[141.584688,45.181832],[141.584754,45.180021],[141.584865,45.179081],[141.58529,45.178357],[141.585768,45.177392],[141.586313,45.175693],[141.586649,45.174925],[141.587128,45.173277],[141.593017,45.160614],[141.594679,45.157618],[141.59714,45.153796],[141.598232,45.15222],[141.599776,45.149795],[141.600304,45.148759],[141.601753,45.146305],[141.603371,45.142897],[141.605245,45.139741],[141.605865,45.138256],[141.606249,45.137459],[141.606527,45.136614],[141.610257,45.129734],[141.610684,45.129028],[141.611126,45.128486],[141.612034,45.126854],[141.614186,45.123493],[141.614738,45.122756],[141.61812,45.117506],[141.618522,45.116752],[141.619033,45.116017],[141.619448,45.115239],[141.619978,45.114466],[141.624634,45.106497],[141.625665,45.10497],[141.631732,45.095536],[141.635051,45.090111],[141.640959,45.080741],[141.641914,45.078959],[141.643226,45.076691],[141.643696,45.075767],[141.644117,45.075201],[141.646085,45.072164],[141.647542,45.069623],[141.651905,45.062289],[141.653992,45.058599],[141.654224,45.058631],[141.654703,45.057554],[141.654925,45.057335],[141.655355,45.056517],[141.656293,45.05533],[141.659647,45.049825],[141.660332,45.048804],[141.660599,45.048097],[141.661039,45.048065],[141.661234,45.047005],[141.661824,45.04636],[141.661773,45.046035],[141.662046,45.045468],[141.662322,45.045142],[141.66309,45.043811],[141.66413,45.042784],[141.664669,45.042036],[141.664942,45.041121],[141.665542,45.040203],[141.666097,45.039806],[141.666305,45.039185],[141.6674,45.037592],[141.667551,45.037101],[141.668006,45.036687],[141.668353,45.037275],[141.665668,45.041551],[141.665533,45.041961],[141.664945,45.042447],[141.664784,45.042633],[141.658157,45.053836],[141.657718,45.054341],[141.656858,45.055719],[141.655476,45.057379],[141.655149,45.058146],[141.654716,45.058807],[141.654166,45.059842],[141.654429,45.059937],[141.654216,45.0602],[141.650148,45.066981],[141.644414,45.07637],[141.643238,45.078468],[141.643142,45.078829],[141.643132,45.079063],[141.643058,45.079185],[141.642824,45.07938],[141.641851,45.080746],[141.640271,45.08317],[141.638851,45.085205],[141.638927,45.085264],[141.637936,45.086638],[141.634367,45.092465],[141.632205,45.095632],[141.629458,45.100328],[141.630209,45.099427],[141.631704,45.097243],[141.632845,45.095783],[141.633922,45.094286],[141.639026,45.086916],[141.641156,45.083976],[141.643203,45.080997],[141.643654,45.080226],[141.644696,45.078756],[141.646949,45.075876],[141.648173,45.074531],[141.64869,45.07373],[141.650485,45.071584],[141.6533,45.067982],[141.654239,45.066892],[141.654996,45.06583],[141.656192,45.064402],[141.660068,45.059388],[141.661486,45.057755],[141.662273,45.056717],[141.662668,45.05679],[141.663032,45.05714],[141.664188,45.057499],[141.662737,45.056693],[141.663216,45.056351],[141.662786,45.056402],[141.663251,45.05599],[141.665462,45.056507],[141.663463,45.055691],[141.664162,45.055294],[141.663789,45.055316],[141.664171,45.055021],[141.664379,45.05405],[141.665625,45.054139],[141.664508,45.05329],[141.664567,45.053196],[141.665138,45.05308],[141.665845,45.053283],[141.665795,45.052712],[141.666039,45.052491],[141.668716,45.052893],[141.667709,45.052248],[141.668998,45.051786],[141.66792,45.0518],[141.666966,45.050285],[141.668469,45.050043],[141.667786,45.049213],[141.667431,45.049035],[141.667318,45.048774],[141.667486,45.048533],[141.667831,45.04915],[141.668873,45.048848],[141.668718,45.048423],[141.667985,45.047711],[141.668482,45.046851],[141.668793,45.046874],[141.670254,45.047718],[141.669845,45.047069],[141.671104,45.047131],[141.670406,45.046679],[141.669587,45.046317],[141.669135,45.046427],[141.669218,45.046153],[141.669796,45.046241],[141.669437,45.045656],[141.669583,45.045718],[141.670256,45.045435],[141.66962,45.045106],[141.669625,45.044908],[141.670116,45.044172],[141.672522,45.044597],[141.671712,45.043953],[141.67122,45.043681],[141.67079,45.043321],[141.671081,45.043205],[141.670989,45.042808],[141.671475,45.041924],[141.672541,45.04175],[141.671977,45.041612],[141.672634,45.041285],[141.672869,45.041245],[141.67272,45.040991],[141.672651,45.040671],[141.672954,45.039493],[141.673259,45.039069],[141.67345,45.038508],[141.673868,45.037952],[141.674132,45.03744],[141.675212,45.03571],[141.67605,45.034238],[141.677102,45.032678],[141.678621,45.030251],[141.679462,45.028744],[141.680425,45.028797],[141.680463,45.028388],[141.680108,45.028035],[141.680661,45.02774],[141.680389,45.027492],[141.680147,45.02735],[141.680475,45.026755],[141.680942,45.02659],[141.680718,45.026361],[141.681006,45.025783],[141.681823,45.025533],[141.681428,45.025385],[141.681284,45.025203],[141.68152,45.024635],[141.681902,45.024002],[141.682353,45.023386],[141.683123,45.021898],[141.68521,45.018292],[141.686067,45.016726],[141.68672,45.015654],[141.68825,45.012825],[141.688344,45.012535],[141.689295,45.010539],[141.691113,45.006984],[141.691425,45.006395],[141.691801,45.005926],[141.691916,45.005708],[141.691989,45.005333],[141.692406,45.004886],[141.692568,45.004634],[141.692951,45.003191],[141.693295,45.002677],[141.693429,45.002338],[141.693764,45.001934],[141.694084,45.001413],[141.694282,45.001241],[141.694321,45.000993],[141.694487,45.000725],[141.694648,45.000296],[141.694678,44.999983],[141.694939,44.999717],[141.695059,44.999499],[141.695267,44.998604],[141.695873,44.99768],[141.696416,44.996599],[141.697328,44.995155],[141.697512,44.99465],[141.69764,44.994415],[141.697768,44.994284],[141.697949,44.993434],[141.696263,44.992581],[141.694936,44.991814],[141.695175,44.991299],[141.695434,44.990996],[141.695665,44.990613],[141.695916,44.990024],[141.696749,44.988748],[141.697242,44.987841],[141.697355,44.987351],[141.697912,44.986599],[141.698402,44.985824],[141.698487,44.985367],[141.698837,44.984709],[141.700418,44.98219],[141.702296,44.978562],[141.70325,44.977501],[141.703986,44.977713],[141.70479,44.976953],[141.70526,44.975932],[141.705806,44.974524],[141.707558,44.971536],[141.708339,44.970444],[141.709817,44.969251],[141.710889,44.968215],[141.711817,44.967102],[141.71257,44.967562],[141.713757,44.967274],[141.715951,44.967108],[141.718667,44.967447],[141.719395,44.967684],[141.720171,44.967841],[141.72048,44.967824],[141.720908,44.967965],[141.720987,44.968032],[141.720987,44.968201],[141.721185,44.968336],[141.72105,44.96873],[141.720979,44.968786],[141.721026,44.969118],[141.721113,44.969225],[141.720943,44.969402],[141.724201,44.972162],[141.734234,44.97608],[141.733346,44.977136],[141.732539,44.978441],[141.731739,44.979436],[141.731485,44.979577],[141.731042,44.979667],[141.730305,44.979667],[141.729506,44.97956],[141.727629,44.979206],[141.726323,44.978913],[141.723876,44.97821],[141.720938,44.977462],[141.720653,44.977484],[141.720376,44.97763],[141.719917,44.978221],[141.719806,44.978474],[141.719647,44.979419],[141.719608,44.981],[141.719687,44.983543],[141.71994,44.984584],[141.720518,44.986266],[141.721239,44.987909],[141.721634,44.988955],[141.721682,44.989107],[141.721674,44.989524],[141.721587,44.989872],[141.721492,44.990052],[141.72108,44.990502],[141.720755,44.990688],[141.719639,44.991177],[141.718752,44.991661],[141.718467,44.991926],[141.718411,44.992044],[141.718411,44.992207],[141.71853,44.992443],[141.718657,44.992556],[141.719037,44.992725],[141.720755,44.993023],[141.720953,44.993102],[141.720977,44.993248],[141.720818,44.993366],[141.720216,44.993687],[141.719543,44.993962],[141.719369,44.994165],[141.719298,44.994334],[141.719282,44.994913],[141.719361,44.995245],[141.719757,44.9961],[141.719868,44.996505],[141.71986,44.996848],[141.719749,44.997439],[141.719781,44.997608],[141.720049,44.998047],[141.720643,44.998519],[141.722369,44.999211],[141.7229,44.999622],[141.723035,44.999824],[141.723106,45.000061],[141.723122,45.00037],[141.723043,45.00059],[141.722868,45.000736],[141.722559,45.000708],[141.721571,45],[141.721316,44.999869],[141.720453,44.999661],[141.719923,44.999712],[141.719012,44.999993],[141.718204,45.000021],[141.717722,44.999971],[141.716977,44.999672],[141.71632,44.99947],[141.716043,44.999414],[141.715599,44.999464],[141.715402,44.999526],[141.715124,44.999723],[141.714689,45.000353],[141.714641,45.000516],[141.714641,45.000972],[141.714704,45.001253],[141.714697,45.001489],[141.714657,45.00167],[141.714435,45.001883],[141.713406,45.002542],[141.712633,45.002881],[141.710262,45.003544],[141.707964,45.00265],[141.707289,45.002477],[141.706639,45.002371],[141.705194,45.002316],[141.702817,45.002446],[141.702129,45.002402],[141.699393,45.000989],[141.698523,45.003897],[141.69974,45.004534],[141.700569,45.004885],[141.701322,45.005051],[141.702122,45.005138],[141.702919,45.005147],[141.705254,45.005017],[141.706212,45.005071],[141.706783,45.005248],[141.71016,45.006526],[141.732671,45.0121],[141.732881,45.013441],[141.732767,45.014663],[141.733851,45.016265],[141.734248,45.017583],[141.735318,45.018449],[141.736559,45.019738],[141.73845,45.02063],[141.739647,45.021386],[141.73954,45.021705],[141.738321,45.022251],[141.734599,45.021601],[141.733101,45.031459],[141.732289,45.031397],[141.732276,45.032885],[141.730534,45.036034],[141.732404,45.03604],[141.732006,45.038661],[141.723412,45.044676],[141.723158,45.044675],[141.721652,45.042891],[141.721236,45.04308],[141.722583,45.044672],[141.709685,45.044621],[141.709668,45.046411],[141.694006,45.04658],[141.693989,45.04836],[141.691984,45.047391],[141.69123,45.047228],[141.689811,45.047047],[141.689732,45.047284],[141.689732,45.047953],[141.690033,45.048634],[141.689945,45.048797],[141.689287,45.049275],[141.688828,45.049501],[141.687408,45.049545],[141.687281,45.049658],[141.687257,45.050018],[141.687321,45.050226],[141.687574,45.050687],[141.688462,45.051661],[141.688827,45.052319],[141.689089,45.054069],[141.689057,45.054727],[141.689064,45.054924],[141.689112,45.055002],[141.689691,45.055497],[141.689992,45.055616],[141.690373,45.055672],[141.690849,45.055672],[141.691681,45.055559],[141.691832,45.055593],[141.69203,45.05574],[141.692077,45.055863],[141.692046,45.05678],[141.691983,45.057101],[141.691748,45.057697],[141.678411,45.050804],[141.678334,45.051255],[141.678091,45.052129],[141.678055,45.054896],[141.677503,45.055793],[141.676757,45.056633],[141.675315,45.058645],[141.675118,45.060203],[141.674399,45.060837],[141.672471,45.061157],[141.673097,45.06319],[141.673561,45.064424],[141.674528,45.065912],[141.673746,45.067774],[141.671239,45.067634],[141.671511,45.068925],[141.672232,45.07012],[141.672858,45.070839],[141.670659,45.072307],[141.669069,45.070813],[141.66751,45.068319],[141.66965,45.065323],[141.66959,45.064393],[141.669661,45.063255],[141.66807,45.063759],[141.666986,45.064176],[141.66556,45.064936],[141.662886,45.067262],[141.662027,45.067951],[141.662454,45.071713],[141.660638,45.072728],[141.65982,45.073409],[141.659238,45.074061],[141.661755,45.075714],[141.666769,45.074002],[141.669019,45.076162],[141.66563,45.077294],[141.661788,45.076674],[141.661174,45.078003],[141.658501,45.077273],[141.657438,45.076887],[141.656014,45.076544],[141.655247,45.078195],[141.654328,45.080485],[141.653722,45.082275],[141.653235,45.083158],[141.650496,45.089719],[141.649531,45.089067],[141.649318,45.088981],[141.648869,45.088939],[141.64783,45.089119],[141.647549,45.089123],[141.647332,45.089088],[141.645935,45.088608],[141.645736,45.089109],[141.645673,45.089665],[141.64576,45.089915],[141.646439,45.090885],[141.646311,45.091335],[141.645169,45.0931],[141.643912,45.094169],[141.644096,45.094468],[141.644162,45.0948],[141.644125,45.095247],[141.642724,45.096386],[141.641739,45.097052],[141.641746,45.097487],[141.64117,45.09862],[141.641022,45.099143],[141.641039,45.099309],[141.640952,45.099733],[141.640688,45.100232],[141.640075,45.100743],[141.640062,45.101322],[141.639966,45.101884],[141.639727,45.102452],[141.639707,45.102956],[141.639714,45.103417],[141.639815,45.104029],[141.639999,45.104457],[141.640109,45.104878],[141.639815,45.105343],[141.638624,45.106784],[141.638239,45.107398],[141.637684,45.108472],[141.637778,45.10894],[141.637514,45.109889],[141.637452,45.110305],[141.636963,45.111018],[141.636453,45.11132],[141.635922,45.111711],[141.636525,45.112537],[141.636101,45.113355],[141.635891,45.113877],[141.635176,45.114288],[141.634783,45.114608],[141.634606,45.115491],[141.634888,45.115949],[141.634202,45.117054],[141.632642,45.117413],[141.632113,45.118185],[141.63187,45.119058],[141.631711,45.11931],[141.631629,45.120297],[141.631438,45.120619],[141.630556,45.122694],[141.630281,45.123125],[141.628722,45.124818],[141.628361,45.125321],[141.627466,45.127564],[141.626777,45.129682],[141.626301,45.130174],[141.624833,45.131357],[141.624422,45.131503],[141.623695,45.131607],[141.623218,45.131912],[141.623009,45.132435],[141.623178,45.133492],[141.622914,45.134074],[141.623467,45.134768],[141.62321,45.134932],[141.622992,45.135303],[141.622914,45.135984],[141.622986,45.136369],[141.622764,45.136841],[141.622077,45.137566],[141.621694,45.138575],[141.621022,45.139518],[141.620136,45.140369],[141.620083,45.140549],[141.620127,45.140991],[141.619975,45.141402],[141.619513,45.141733],[141.61933,45.141945],[141.619347,45.142474],[141.61942,45.142682],[141.619268,45.143471],[141.618623,45.144278],[141.61779,45.144798],[141.617153,45.14559],[141.616223,45.146218],[141.615452,45.14662],[141.614939,45.1468],[141.614568,45.146904],[141.613666,45.146924],[141.613312,45.147188],[141.613241,45.147661],[141.613427,45.147879],[141.613926,45.148713],[141.613888,45.149094],[141.61344,45.14956],[141.613235,45.150241],[141.613273,45.150658],[141.613157,45.150877],[141.612616,45.151566],[141.612303,45.151773],[141.612616,45.152626],[141.612347,45.152985],[141.612175,45.153325],[141.611151,45.153526],[141.610871,45.15419],[141.610433,45.154508],[141.610046,45.154916],[141.609793,45.155261],[141.608214,45.154999],[141.607804,45.155527],[141.608828,45.156346],[141.609301,45.156623],[141.608841,45.156946],[141.607366,45.156395],[141.607258,45.156752],[141.606364,45.15723],[141.606454,45.157652],[141.606183,45.158041],[141.605785,45.158452],[141.604969,45.159616],[141.605162,45.160149],[141.604671,45.160248],[141.604214,45.16113],[141.606136,45.161308],[141.609117,45.162319],[141.609759,45.163185],[141.610354,45.164137],[141.611001,45.16569],[141.60937,45.175689],[141.605796,45.175375],[141.605643,45.176228]]],[[[141.58332,45.176382],[141.58301,45.176476],[141.582872,45.17669],[141.582656,45.176817],[141.582289,45.177366],[141.581913,45.177701],[141.581585,45.177609],[141.581233,45.177384],[141.580873,45.177277],[141.580685,45.176857],[141.580549,45.176794],[141.579818,45.17677],[141.579347,45.176701],[141.578779,45.176435],[141.578659,45.176286],[141.578247,45.176091],[141.578363,45.175956],[141.578483,45.17568],[141.57865,45.174943],[141.57896,45.174268],[141.579222,45.173396],[141.579827,45.172439],[141.580312,45.171388],[141.580511,45.170594],[141.581213,45.168972],[141.581325,45.16849],[141.581754,45.167416],[141.582103,45.166139],[141.58316,45.163332],[141.584296,45.160035],[141.584701,45.159197],[141.58621,45.155506],[141.587091,45.153678],[141.58864,45.150826],[141.59107,45.146773],[141.592897,45.143951],[141.593477,45.143164],[141.595137,45.140615],[141.59659,45.138511],[141.596828,45.138005],[141.598234,45.135962],[141.599052,45.13468],[141.60014,45.133156],[141.601236,45.131445],[141.602015,45.130095],[141.602682,45.129066],[141.604945,45.125128],[141.606494,45.122636],[141.607789,45.120379],[141.608869,45.118793],[141.610719,45.115828],[141.612228,45.113291],[141.612888,45.112048],[141.614079,45.110107],[141.615064,45.108678],[141.619363,45.10213],[141.619837,45.101331],[141.620298,45.100724],[141.620734,45.100031],[141.621743,45.098788],[141.622593,45.097309],[141.623618,45.095784],[141.624078,45.095019],[141.62627,45.091835],[141.627771,45.089371],[141.629148,45.086889],[141.629445,45.086982],[141.629605,45.086916],[141.629835,45.086635],[141.629943,45.086576],[141.630054,45.086552],[141.630387,45.086637],[141.630758,45.086434],[141.631331,45.086424],[141.632136,45.08547],[141.632777,45.084257],[141.63323,45.082353],[141.633486,45.08166],[141.632167,45.081189],[141.634431,45.078553],[141.635097,45.077631],[141.636778,45.075156],[141.638158,45.072917],[141.63922,45.071336],[141.640005,45.06998],[141.641314,45.067921],[141.641893,45.067184],[141.644391,45.063089],[141.645295,45.061722],[141.646461,45.059663],[141.648071,45.057064],[141.648689,45.05608],[141.649165,45.05545],[141.649704,45.054415],[141.650481,45.053177],[141.650989,45.052221],[141.651536,45.051422],[141.651909,45.050679],[141.652487,45.049807],[141.652797,45.049431],[141.653391,45.048215],[141.6542,45.046939],[141.654565,45.046162],[141.655556,45.044576],[141.657317,45.041397],[141.657682,45.040846],[141.658332,45.040031],[141.659411,45.038135],[141.660013,45.036897],[141.660648,45.0358],[141.662479,45.032982],[141.663476,45.031326],[141.665254,45.032057],[141.665388,45.032185],[141.668006,45.036687],[141.667551,45.037101],[141.6674,45.037592],[141.666305,45.039185],[141.666097,45.039806],[141.665542,45.040203],[141.664942,45.041121],[141.664669,45.042036],[141.66413,45.042784],[141.66309,45.043811],[141.662322,45.045142],[141.662046,45.045468],[141.661773,45.046035],[141.661824,45.04636],[141.661234,45.047005],[141.661039,45.048065],[141.660599,45.048097],[141.660332,45.048804],[141.659647,45.049825],[141.656293,45.05533],[141.655355,45.056517],[141.654925,45.057335],[141.654703,45.057554],[141.654224,45.058631],[141.653992,45.058599],[141.651905,45.062289],[141.647542,45.069623],[141.646085,45.072164],[141.644117,45.075201],[141.643696,45.075767],[141.643226,45.076691],[141.641914,45.078959],[141.640959,45.080741],[141.635051,45.090111],[141.631732,45.095536],[141.625665,45.10497],[141.624634,45.106497],[141.619978,45.114466],[141.619448,45.115239],[141.619033,45.116017],[141.618522,45.116752],[141.61812,45.117506],[141.614738,45.122756],[141.614186,45.123493],[141.612034,45.126854],[141.611126,45.128486],[141.610684,45.129028],[141.610257,45.129734],[141.606527,45.136614],[141.606249,45.137459],[141.605865,45.138256],[141.605245,45.139741],[141.603371,45.142897],[141.601753,45.146305],[141.600304,45.148759],[141.599776,45.149795],[141.598232,45.15222],[141.59714,45.153796],[141.594679,45.157618],[141.593017,45.160614],[141.587128,45.173277],[141.586649,45.174925],[141.586313,45.175693],[141.586124,45.176342],[141.586005,45.176564],[141.585893,45.176645],[141.585287,45.176667],[141.584063,45.176404],[141.583533,45.176357],[141.58332,45.176382]]],[[[141.699213,45.114783],[141.6992,45.117232],[141.697393,45.129384],[141.667284,45.110929],[141.665793,45.109611],[141.665504,45.109186],[141.66557,45.107613],[141.668099,45.10813],[141.669063,45.105218],[141.699213,45.114783]]],[[[141.72116,45.086248],[141.730425,45.093317],[141.736783,45.104631],[141.735438,45.112928],[141.735424,45.113412],[141.735529,45.113809],[141.735679,45.114129],[141.735486,45.115122],[141.723723,45.114202],[141.724097,45.111955],[141.722443,45.111824],[141.722612,45.110665],[141.715721,45.11019],[141.715979,45.108577],[141.708836,45.108007],[141.708594,45.109605],[141.70513,45.109331],[141.704615,45.112507],[141.708015,45.112783],[141.707247,45.117815],[141.700469,45.117289],[141.700628,45.112304],[141.701775,45.104753],[141.719503,45.087629],[141.72116,45.086248]]],[[[141.698217,45.080261],[141.710168,45.080307],[141.712583,45.082182],[141.712469,45.082276],[141.71776,45.086302],[141.699742,45.101313],[141.698472,45.109668],[141.679284,45.10345],[141.671457,45.101052],[141.697058,45.080256],[141.698217,45.080261]]],[[[141.72116,45.086248],[141.714328,45.081049],[141.714459,45.080969],[141.711295,45.078512],[141.695907,45.078452],[141.669212,45.100123],[141.66876,45.102187],[141.667167,45.107003],[141.664238,45.106403],[141.664436,45.10548],[141.66467,45.104919],[141.664772,45.104786],[141.665351,45.104416],[141.665608,45.104167],[141.665833,45.103821],[141.665937,45.103512],[141.66589,45.102788],[141.665707,45.102268],[141.665356,45.101526],[141.665399,45.101158],[141.663215,45.10046],[141.662626,45.100125],[141.662428,45.099959],[141.662096,45.099537],[141.658993,45.094542],[141.657812,45.09344],[141.654481,45.091277],[141.654039,45.0911],[141.653305,45.090939],[141.651212,45.090129],[141.650496,45.089719],[141.653235,45.083158],[141.653722,45.082275],[141.654328,45.080485],[141.655247,45.078195],[141.656014,45.076544],[141.657438,45.076887],[141.658501,45.077273],[141.661174,45.078003],[141.661788,45.076674],[141.66563,45.077294],[141.669019,45.076162],[141.666769,45.074002],[141.661755,45.075714],[141.659238,45.074061],[141.65982,45.073409],[141.660638,45.072728],[141.662454,45.071713],[141.662027,45.067951],[141.662886,45.067262],[141.66556,45.064936],[141.666986,45.064176],[141.66807,45.063759],[141.669661,45.063255],[141.66959,45.064393],[141.66965,45.065323],[141.66751,45.068319],[141.669069,45.070813],[141.670659,45.072307],[141.672858,45.070839],[141.672232,45.07012],[141.671511,45.068925],[141.671239,45.067634],[141.673746,45.067774],[141.674528,45.065912],[141.673561,45.064424],[141.673097,45.06319],[141.672471,45.061157],[141.674399,45.060837],[141.675118,45.060203],[141.675315,45.058645],[141.676757,45.056633],[141.677503,45.055793],[141.678055,45.054896],[141.678091,45.052129],[141.678334,45.051255],[141.678411,45.050804],[141.691748,45.057697],[141.691983,45.057101],[141.692046,45.05678],[141.692077,45.055863],[141.69203,45.05574],[141.691832,45.055593],[141.691681,45.055559],[141.690849,45.055672],[141.690373,45.055672],[141.689992,45.055616],[141.689691,45.055497],[141.689112,45.055002],[141.689064,45.054924],[141.689057,45.054727],[141.689089,45.054069],[141.688827,45.052319],[141.688462,45.051661],[141.687574,45.050687],[141.687321,45.050226],[141.687257,45.050018],[141.687281,45.049658],[141.687408,45.049545],[141.688828,45.049501],[141.689287,45.049275],[141.689945,45.048797],[141.690033,45.048634],[141.689732,45.047953],[141.689732,45.047284],[141.689811,45.047047],[141.69123,45.047228],[141.691984,45.047391],[141.693989,45.04836],[141.709652,45.048211],[141.71219,45.048223],[141.712207,45.046483],[141.718572,45.046453],[141.718091,45.071295],[141.72116,45.086248]]],[[[141.635704,45.090354],[141.636479,45.090613],[141.632845,45.095783],[141.631704,45.097243],[141.630209,45.099427],[141.629458,45.100328],[141.632205,45.095632],[141.634367,45.092465],[141.635654,45.090338],[141.635704,45.090354]]],[[[141.63698,45.089857],[141.636479,45.090613],[141.635654,45.090338],[141.637936,45.086638],[141.638927,45.085264],[141.638851,45.085205],[141.640271,45.08317],[141.641851,45.080746],[141.642824,45.07938],[141.643058,45.079185],[141.643132,45.079063],[141.643186,45.07859],[141.643661,45.077688],[141.644414,45.07637],[141.648139,45.070271],[141.650701,45.071291],[141.649307,45.073033],[141.64869,45.07373],[141.648173,45.074531],[141.646949,45.075876],[141.644696,45.078756],[141.643654,45.080226],[141.643203,45.080997],[141.641156,45.083976],[141.63997,45.085585],[141.63698,45.089857]]],[[[141.661816,45.05731],[141.661486,45.057755],[141.660068,45.059388],[141.656192,45.064402],[141.654996,45.06583],[141.654239,45.066892],[141.6533,45.067982],[141.650701,45.071291],[141.648139,45.070271],[141.654216,45.0602],[141.654429,45.059937],[141.654166,45.059842],[141.654716,45.058807],[141.655149,45.058146],[141.655476,45.057379],[141.656858,45.055719],[141.657718,45.054341],[141.658157,45.053836],[141.664784,45.042633],[141.664945,45.042447],[141.665533,45.041961],[141.665668,45.041551],[141.668353,45.037275],[141.671282,45.042288],[141.670989,45.042808],[141.671081,45.043205],[141.67079,45.043321],[141.67122,45.043681],[141.671712,45.043953],[141.672522,45.044597],[141.670116,45.044172],[141.669625,45.044908],[141.66962,45.045106],[141.670256,45.045435],[141.669583,45.045718],[141.669437,45.045656],[141.669796,45.046241],[141.669218,45.046153],[141.669135,45.046427],[141.669587,45.046317],[141.670406,45.046679],[141.671104,45.047131],[141.669845,45.047069],[141.670254,45.047718],[141.668793,45.046874],[141.668482,45.046851],[141.667985,45.047711],[141.668718,45.048423],[141.668873,45.048848],[141.667831,45.04915],[141.667486,45.048533],[141.667318,45.048774],[141.667431,45.049035],[141.667786,45.049213],[141.668469,45.050043],[141.666966,45.050285],[141.66792,45.0518],[141.668998,45.051786],[141.667709,45.052248],[141.668716,45.052893],[141.666039,45.052491],[141.665795,45.052712],[141.665845,45.053283],[141.665138,45.05308],[141.664567,45.053196],[141.664508,45.05329],[141.665625,45.054139],[141.664379,45.05405],[141.664171,45.055021],[141.663789,45.055316],[141.664162,45.055294],[141.663463,45.055691],[141.665462,45.056507],[141.663251,45.05599],[141.662786,45.056402],[141.663216,45.056351],[141.662737,45.056693],[141.664188,45.057499],[141.663032,45.05714],[141.662668,45.05679],[141.662273,45.056717],[141.661816,45.05731]]],[[[141.693989,45.04836],[141.694006,45.04658],[141.709668,45.046411],[141.709685,45.044621],[141.722583,45.044672],[141.721236,45.04308],[141.721652,45.042891],[141.723158,45.044675],[141.723412,45.044676],[141.732006,45.038661],[141.732404,45.03604],[141.730534,45.036034],[141.732276,45.032885],[141.732289,45.031397],[141.733101,45.031459],[141.734599,45.021601],[141.738321,45.022251],[141.73954,45.021705],[141.739647,45.021386],[141.73845,45.02063],[141.736559,45.019738],[141.735318,45.018449],[141.734248,45.017583],[141.733851,45.016265],[141.732767,45.014663],[141.732881,45.013441],[141.732671,45.0121],[141.71016,45.006526],[141.708163,45.005794],[141.708417,45.005253],[141.7086,45.004998],[141.70929,45.004289],[141.709383,45.004215],[141.711115,45.004856],[141.73576,45.010958],[141.736117,45.011063],[141.737218,45.011596],[141.735854,45.012736],[141.73472,45.013766],[141.734217,45.01434],[141.734125,45.014548],[141.734085,45.015026],[141.734299,45.015774],[141.734561,45.016174],[141.734902,45.016529],[141.735716,45.017113],[141.736564,45.017601],[141.737304,45.017788],[141.737792,45.017817],[141.737819,45.019841],[141.740589,45.020068],[141.740052,45.023648],[141.736843,45.023633],[141.734432,45.039492],[141.724447,45.04648],[141.718322,45.04644],[141.712207,45.046483],[141.71219,45.048223],[141.709652,45.048211],[141.693989,45.04836]]],[[[141.738201,45.035948],[141.7361,45.035972],[141.73573,45.035947],[141.735012,45.035793],[141.735537,45.032227],[141.736255,45.032381],[141.736625,45.032406],[141.738622,45.032306],[141.738361,45.034016],[141.738497,45.034005],[141.738201,45.035948]]],[[[141.729638,44.904901],[141.728698,44.906747],[141.726878,44.914102],[141.726738,44.914808],[141.726665,44.914995],[141.726288,44.915583],[141.726221,44.916091],[141.725838,44.916642],[141.725818,44.916799],[141.725945,44.917121],[141.72596,44.917754],[141.725942,44.918326],[141.72574,44.919131],[141.725766,44.91979],[141.725545,44.920041],[141.72538,44.920537],[141.72493,44.921008],[141.724796,44.921272],[141.724585,44.921533],[141.724369,44.921978],[141.723617,44.922561],[141.723414,44.922987],[141.723311,44.92343],[141.722701,44.924237],[141.722498,44.924647],[141.720697,44.928356],[141.720196,44.929584],[141.718557,44.934553],[141.718042,44.935898],[141.712421,44.946989],[141.712019,44.947605],[141.710864,44.948754],[141.710363,44.949357],[141.706887,44.955702],[141.698328,44.973675],[141.69778,44.974555],[141.697556,44.974835],[141.695495,44.977124],[141.686477,44.993464],[141.672112,45.019324],[141.66441,45.031697],[141.663476,45.031326],[141.66543,45.027891],[141.66769,45.024054],[141.669125,45.021494],[141.671655,45.017314],[141.675732,45.010018],[141.677881,45.00667],[141.678119,45.006181],[141.678975,45.003981],[141.679705,45.002794],[141.681116,45.000825],[141.682447,44.998378],[141.682763,44.997568],[141.683389,44.996521],[141.683563,44.995655],[141.684102,44.994828],[141.684395,44.993973],[141.684553,44.993664],[141.685828,44.991818],[141.686557,44.990592],[141.687459,44.989326],[141.688141,44.988049],[141.688362,44.987537],[141.688457,44.987154],[141.688489,44.986749],[141.68856,44.986592],[141.690231,44.984077],[141.69092,44.982693],[141.691055,44.982074],[141.693201,44.978406],[141.693336,44.978086],[141.69347,44.977484],[141.693953,44.976898],[141.694167,44.97637],[141.694468,44.975897],[141.694769,44.975239],[141.695593,44.974097],[141.695798,44.973675],[141.695918,44.973247],[141.69648,44.972094],[141.697501,44.970519],[141.697897,44.969613],[141.698159,44.968837],[141.698285,44.968257],[141.698618,44.967655],[141.699766,44.965951],[141.700241,44.964831],[141.700566,44.964201],[141.700899,44.963633],[141.701271,44.963126],[141.701706,44.962305],[141.701976,44.961467],[141.702284,44.960741],[141.702926,44.959756],[141.703504,44.958564],[141.703892,44.957951],[141.704169,44.957208],[141.704708,44.956122],[141.705151,44.955385],[141.70527,44.955031],[141.705405,44.954322],[141.706648,44.952404],[141.706989,44.951706],[141.707662,44.950817],[141.708303,44.94954],[141.708438,44.949219],[141.708549,44.948488],[141.708636,44.948257],[141.709182,44.947554],[141.709317,44.947161],[141.709681,44.946531],[141.709863,44.945889],[141.71056,44.944573],[141.710497,44.944106],[141.710544,44.943903],[141.711202,44.943099],[141.711653,44.942457],[141.712192,44.941355],[141.712548,44.940482],[141.714021,44.937985],[141.714267,44.936967],[141.714441,44.936471],[141.714773,44.93574],[141.715399,44.93484],[141.715589,44.934474],[141.7157,44.933659],[141.715795,44.933433],[141.716017,44.933046],[141.716334,44.932652],[141.716833,44.931875],[141.718012,44.929743],[141.718598,44.928281],[141.718685,44.927718],[141.719256,44.926801],[141.720111,44.925248],[141.720269,44.92455],[141.720642,44.92401],[141.721465,44.922317],[141.721798,44.921344],[141.722218,44.920354],[141.722582,44.91969],[141.723057,44.918565],[141.723674,44.91749],[141.724536,44.915774],[141.72509,44.914812],[141.725279,44.914081],[141.72558,44.913304],[141.725801,44.912866],[141.725904,44.912562],[141.72592,44.912353],[141.72611,44.911886],[141.726363,44.911492],[141.726506,44.911054],[141.728016,44.908004],[141.728253,44.907408],[141.729344,44.905405],[141.729521,44.904875],[141.729638,44.904901]]],[[[141.742259,45.020205],[141.737819,45.019841],[141.737792,45.017817],[141.738069,45.017817],[141.7383,45.017759],[141.73847,45.017433],[141.739416,45.018118],[141.739328,45.018231],[141.740484,45.018144],[141.74066,45.018086],[141.742259,45.020205]]],[[[141.708417,45.005253],[141.708163,45.005794],[141.706464,45.005136],[141.706027,45.005041],[141.704863,45.005029],[141.702919,45.005147],[141.702122,45.005138],[141.701322,45.005051],[141.700569,45.004885],[141.69974,45.004534],[141.698523,45.003897],[141.699393,45.000989],[141.702129,45.002402],[141.702817,45.002446],[141.705194,45.002316],[141.706639,45.002371],[141.707289,45.002477],[141.707964,45.00265],[141.710262,45.003544],[141.709161,45.004011],[141.709106,45.004106],[141.709383,45.004215],[141.708838,45.004728],[141.708417,45.005253]]],[[[141.694596,44.998072],[141.694301,44.998451],[141.694519,44.998705],[141.69441,44.999478],[141.693229,44.99914],[141.693361,44.99884],[141.693307,44.99845],[141.693109,44.99817],[141.693671,44.997835],[141.693918,44.997957],[141.694115,44.997358],[141.694307,44.997151],[141.694995,44.997718],[141.694596,44.998072]]],[[[141.695059,44.999499],[141.694939,44.999717],[141.694678,44.999983],[141.694648,45.000296],[141.694487,45.000725],[141.694321,45.000993],[141.694282,45.001241],[141.694084,45.001413],[141.693764,45.001934],[141.693429,45.002338],[141.693295,45.002677],[141.692951,45.003191],[141.692568,45.004634],[141.692406,45.004886],[141.691989,45.005333],[141.691916,45.005708],[141.691801,45.005926],[141.691425,45.006395],[141.69145,45.006349],[141.691318,45.005903],[141.690782,45.004322],[141.69127,45.002094],[141.691498,45.001181],[141.691994,44.999913],[141.692412,44.998613],[141.692953,44.997415],[141.693218,44.996122],[141.693397,44.996195],[141.693715,44.995799],[141.693956,44.995609],[141.693998,44.995436],[141.69431,44.995403],[141.694223,44.995247],[141.694358,44.99491],[141.694558,44.994795],[141.694304,44.994527],[141.69399,44.994753],[141.69404,44.994953],[141.693863,44.995277],[141.693623,44.995383],[141.693564,44.995489],[141.69332,44.995594],[141.694113,44.993208],[141.694936,44.991814],[141.696263,44.992581],[141.697949,44.993434],[141.697768,44.994284],[141.69764,44.994415],[141.697512,44.99465],[141.697328,44.995155],[141.696416,44.996599],[141.695873,44.99768],[141.695267,44.998604],[141.695059,44.999499]],[[141.693109,44.99817],[141.693307,44.99845],[141.693361,44.99884],[141.693229,44.99914],[141.69441,44.999478],[141.694519,44.998705],[141.694301,44.998451],[141.694596,44.998072],[141.694995,44.997718],[141.694307,44.997151],[141.694115,44.997358],[141.693918,44.997957],[141.693671,44.997835],[141.693109,44.99817]],[[141.693889,44.996288],[141.694413,44.996716],[141.694637,44.996775],[141.694702,44.996942],[141.695124,44.997139],[141.695646,44.997027],[141.695818,44.996818],[141.695731,44.996315],[141.695575,44.996141],[141.695192,44.996078],[141.69515,44.995745],[141.694334,44.99571],[141.694343,44.995869],[141.694157,44.996172],[141.693889,44.996288]]],[[[141.69515,44.995745],[141.695192,44.996078],[141.695575,44.996141],[141.695731,44.996315],[141.695818,44.996818],[141.695646,44.997027],[141.695124,44.997139],[141.694702,44.996942],[141.694637,44.996775],[141.694413,44.996716],[141.693889,44.996288],[141.694157,44.996172],[141.694343,44.995869],[141.694334,44.99571],[141.69515,44.995745]]],[[[141.694558,44.994795],[141.694358,44.99491],[141.694223,44.995247],[141.69431,44.995403],[141.693998,44.995436],[141.693956,44.995609],[141.693715,44.995799],[141.693397,44.996195],[141.693218,44.996122],[141.69332,44.995594],[141.693564,44.995489],[141.693623,44.995383],[141.693863,44.995277],[141.69404,44.994953],[141.69399,44.994753],[141.694304,44.994527],[141.694558,44.994795]]],[[[141.711817,44.967102],[141.710889,44.968215],[141.709817,44.969251],[141.708339,44.970444],[141.707558,44.971536],[141.705806,44.974524],[141.70526,44.975932],[141.70479,44.976953],[141.703986,44.977713],[141.70325,44.977501],[141.70374,44.976928],[141.703967,44.976582],[141.704583,44.975534],[141.705172,44.974361],[141.705838,44.972837],[141.705916,44.972751],[141.706857,44.970509],[141.708754,44.966403],[141.711817,44.967102]]],[[[141.728894,44.967935],[141.731409,44.968933],[141.73335,44.969522],[141.735959,44.970049],[141.739334,44.970494],[141.741198,44.970905],[141.739483,44.971853],[141.73809,44.972696],[141.737591,44.973051],[141.734716,44.975582],[141.734234,44.97608],[141.724201,44.972162],[141.720943,44.969402],[141.721113,44.969225],[141.721026,44.969118],[141.720979,44.968786],[141.72105,44.96873],[141.721185,44.968336],[141.720987,44.968201],[141.720987,44.968032],[141.720813,44.96792],[141.72048,44.967824],[141.720171,44.967841],[141.719395,44.967684],[141.718667,44.967447],[141.715951,44.967108],[141.713757,44.967274],[141.71257,44.967562],[141.711817,44.967102],[141.708754,44.966403],[141.7117,44.960133],[141.713689,44.955699],[141.717702,44.957012],[141.717575,44.957086],[141.71797,44.95943],[141.720235,44.960797],[141.721341,44.962144],[141.722005,44.962818],[141.722581,44.963505],[141.724034,44.964853],[141.725055,44.965656],[141.725873,44.966237],[141.727267,44.96709],[141.728894,44.967935]]],[[[141.718771,44.957546],[141.721479,44.959222],[141.722048,44.959284],[141.722848,44.959763],[141.723711,44.960572],[141.724685,44.961614],[141.725224,44.962261],[141.726459,44.963402],[141.72805,44.964601],[141.729238,44.965327],[141.730972,44.966204],[141.732809,44.966913],[141.734392,44.967397],[141.736681,44.967858],[141.740022,44.968297],[141.741962,44.96868],[141.742192,44.968905],[141.742287,44.969231],[141.742279,44.969614],[141.74216,44.970064],[141.741788,44.970547],[141.741198,44.970905],[141.739334,44.970494],[141.736576,44.970143],[141.735229,44.969918],[141.73335,44.969522],[141.731409,44.968933],[141.728894,44.967935],[141.727267,44.96709],[141.725873,44.966237],[141.724034,44.964853],[141.722581,44.963505],[141.722005,44.962818],[141.721341,44.962144],[141.720235,44.960797],[141.71797,44.95943],[141.717575,44.957086],[141.717797,44.956957],[141.718771,44.957546]]],[[[141.711388,44.957521],[141.706726,44.956021],[141.710363,44.949357],[141.710864,44.948754],[141.712019,44.947605],[141.712421,44.946989],[141.718042,44.935898],[141.718557,44.934553],[141.720196,44.929584],[141.720697,44.928356],[141.722701,44.924237],[141.723311,44.92343],[141.723414,44.922987],[141.723565,44.922647],[141.723728,44.922468],[141.724369,44.921978],[141.726539,44.92225],[141.726398,44.922846],[141.726264,44.923122],[141.725971,44.924174],[141.725622,44.924972],[141.725321,44.925889],[141.725084,44.926936],[141.7243,44.92859],[141.722747,44.931555],[141.722494,44.932179],[141.72232,44.932404],[141.721837,44.933608],[141.721425,44.934879],[141.721187,44.935994],[141.720973,44.93664],[141.720815,44.937895],[141.720229,44.939774],[141.720015,44.940078],[141.719936,44.940331],[141.71973,44.940702],[141.719041,44.941529],[141.718653,44.942238],[141.718534,44.942362],[141.717631,44.942952],[141.715905,44.944308],[141.715612,44.944584],[141.714971,44.94536],[141.714677,44.94576],[141.714131,44.946688],[141.713545,44.947903],[141.71326,44.948786],[141.71307,44.949709],[141.71292,44.950159],[141.71303,44.951014],[141.713204,44.951509],[141.713101,44.95192],[141.713189,44.95219],[141.713181,44.952544],[141.713244,44.952719],[141.714036,44.953759],[141.714622,44.954367],[141.71535,44.955026],[141.715421,44.955121],[141.715421,44.955324],[141.716712,44.956252],[141.717797,44.956957],[141.717702,44.957012],[141.717214,44.956824],[141.717165,44.956853],[141.713689,44.955699],[141.712791,44.95496],[141.711388,44.957521]]],[[[141.730493,44.905091],[141.730404,44.905349],[141.730262,44.906159],[141.730167,44.90716],[141.729803,44.908584],[141.729518,44.909107],[141.729407,44.909833],[141.729194,44.910379],[141.728791,44.910947],[141.728379,44.911701],[141.728031,44.913248],[141.727549,44.914609],[141.727375,44.916607],[141.726992,44.919757],[141.726826,44.920624],[141.726771,44.921366],[141.726539,44.92225],[141.724369,44.921978],[141.724585,44.921533],[141.724796,44.921272],[141.72493,44.921008],[141.72538,44.920537],[141.725545,44.920041],[141.725766,44.91979],[141.72574,44.919131],[141.725942,44.918326],[141.72596,44.917754],[141.725945,44.917121],[141.725818,44.916799],[141.725838,44.916642],[141.726221,44.916091],[141.726288,44.915583],[141.726665,44.914995],[141.726738,44.914808],[141.726878,44.914102],[141.728698,44.906747],[141.729638,44.904901],[141.730493,44.905091]]],[[[141.698548,45.130065],[141.698411,45.130925],[141.695837,45.129377],[141.695336,45.129024],[141.694947,45.128522],[141.694727,45.12835],[141.694516,45.128313],[141.694182,45.128333],[141.692968,45.127663],[141.691926,45.126929],[141.688695,45.12502],[141.688323,45.124876],[141.687281,45.124142],[141.686373,45.123665],[141.682031,45.120965],[141.672203,45.115008],[141.671943,45.114821],[141.671754,45.11457],[141.671301,45.114475],[141.666519,45.111515],[141.665607,45.110889],[141.664827,45.110271],[141.664309,45.10964],[141.66417,45.109353],[141.664142,45.109174],[141.664232,45.108218],[141.664238,45.106403],[141.667167,45.107003],[141.66876,45.102187],[141.678254,45.105095],[141.700153,45.112197],[141.700628,45.112304],[141.700469,45.117289],[141.698548,45.130065]],[[141.697393,45.129384],[141.6992,45.117232],[141.699213,45.114783],[141.669063,45.105218],[141.668099,45.10813],[141.66557,45.107613],[141.665504,45.109186],[141.665793,45.109611],[141.667284,45.110929],[141.697393,45.129384]]],[[[141.700628,45.112304],[141.700153,45.112197],[141.678254,45.105095],[141.66876,45.102187],[141.669212,45.100123],[141.695907,45.078452],[141.711295,45.078512],[141.714459,45.080969],[141.714328,45.081049],[141.72116,45.086248],[141.719503,45.087629],[141.701775,45.104753],[141.700628,45.112304]],[[141.697034,45.080276],[141.671457,45.101052],[141.679284,45.10345],[141.698472,45.109668],[141.699742,45.101313],[141.71776,45.086302],[141.712469,45.082276],[141.712583,45.082182],[141.710168,45.080307],[141.697034,45.080276]]]]}}]}
