{"type":"FeatureCollection","features":[{"type":"Feature","properties":{"potaRef":"JP-1933","nameJa":"妙高戸隠連山","nameEn":"Myoko Sanroku Kenmin-no-mori Prefectural Park","authority":"環境省 生物多様性「見える化」マップ","boundaryStatus":"全国GIS候補・公開前検証待ち","boundarySource":"環境省 生物多様性「見える化」マップの自然公園区域を、POTA代表座標で一意に空間照合して加工","boundaryScaleNote":"区域は概要データであり、正確性は保証されない。POTA運用可否は公式情報で最終確認すること。","candidateMethod":"POTA representative point inside one public natural-park area","sourceParkKind":"国立公園","sourceName":"妙高戸隠連山","sourceFeatureCount":56,"cautionMeters":75},"geometry":{"type":"MultiPolygon","coordinates":[[[[138.126336,36.725238],[138.125023,36.725293],[138.125336,36.72446],[138.125211,36.72246],[138.125398,36.719183],[138.125148,36.718738],[138.123399,36.719072],[138.122586,36.71946],[138.122149,36.720127],[138.120899,36.719349],[138.118211,36.719238],[138.116649,36.717072],[138.113337,36.716072],[138.1089,36.716627],[138.107462,36.718016],[138.1059,36.718515],[138.099775,36.719571],[138.097588,36.720293],[138.096901,36.719015],[138.099025,36.718349],[138.103525,36.717516],[138.1059,36.717182],[138.106775,36.716738],[138.108025,36.715405],[138.112962,36.714683],[138.113962,36.714794],[138.114024,36.714516],[138.113587,36.713961],[138.113649,36.713183],[138.115212,36.710905],[138.117399,36.70935],[138.118774,36.708961],[138.120399,36.709239],[138.122024,36.710073],[138.123336,36.710461],[138.126899,36.709517],[138.131898,36.707795],[138.132961,36.704351],[138.133336,36.703407],[138.134148,36.702796],[138.135523,36.702796],[138.141023,36.704963],[138.140898,36.707407],[138.140585,36.709907],[138.139585,36.711128],[138.139585,36.711795],[138.140085,36.712017],[138.140585,36.713295],[138.140023,36.714406],[138.139772,36.718017],[138.140272,36.718739],[138.140023,36.719017],[138.137773,36.719961],[138.136835,36.718461],[138.135335,36.71835],[138.134273,36.717572],[138.131523,36.719072],[138.130898,36.719072],[138.128523,36.720238],[138.127273,36.719794],[138.126461,36.722182],[138.126523,36.723849],[138.126336,36.725238]]],[[[138.064278,36.723791],[138.063528,36.724014],[138.063153,36.723736],[138.062466,36.723791],[138.061528,36.724569],[138.059153,36.725124],[138.058654,36.726124],[138.057966,36.726458],[138.057278,36.727513],[138.056279,36.727735],[138.056028,36.728624],[138.054216,36.729623],[138.051279,36.726957],[138.048904,36.726013],[138.048217,36.724235],[138.050092,36.722069],[138.052092,36.721847],[138.052529,36.721125],[138.051592,36.71918],[138.047655,36.717014],[138.04703,36.715403],[138.046655,36.712459],[138.045405,36.710681],[138.045468,36.709792],[138.046218,36.706015],[138.046905,36.705348],[138.047655,36.705015],[138.048655,36.705293],[138.049405,36.706071],[138.050592,36.706071],[138.052967,36.704571],[138.056092,36.703793],[138.057029,36.703182],[138.057404,36.702405],[138.058592,36.701349],[138.059904,36.699849],[138.060217,36.700627],[138.060091,36.703238],[138.060529,36.704182],[138.061654,36.704793],[138.063654,36.704793],[138.065404,36.704294],[138.064154,36.707849],[138.063341,36.708571],[138.059466,36.709126],[138.057467,36.71007],[138.056842,36.710681],[138.056842,36.711126],[138.058716,36.712015],[138.058842,36.712403],[138.058529,36.714514],[138.059591,36.71607],[138.059841,36.718958],[138.061403,36.720792],[138.062154,36.721069],[138.062841,36.721569],[138.062653,36.721847],[138.062216,36.721903],[138.062216,36.722069],[138.063028,36.722125],[138.063153,36.722403],[138.063466,36.722791],[138.062466,36.723125],[138.062528,36.723236],[138.063778,36.722902],[138.064341,36.723014],[138.064278,36.723791]]],[[[138.107274,36.736624],[138.102275,36.736957],[138.10065,36.736734],[138.0974,36.735957],[138.096713,36.737512],[138.097525,36.738401],[138.09615,36.738123],[138.094026,36.737956],[138.093276,36.73729],[138.091776,36.737234],[138.088526,36.736345],[138.088214,36.735234],[138.089463,36.734012],[138.089463,36.732957],[138.087964,36.731679],[138.088026,36.730901],[138.090026,36.730346],[138.090089,36.729235],[138.090588,36.728957],[138.092089,36.728902],[138.093963,36.727402],[138.094151,36.726459],[138.093963,36.725625],[138.094213,36.724626],[138.096651,36.722292],[138.096901,36.720904],[138.097588,36.720293],[138.099775,36.719571],[138.1059,36.718515],[138.107462,36.718016],[138.1089,36.716627],[138.113337,36.716072],[138.116649,36.717072],[138.118211,36.719238],[138.120899,36.719349],[138.122149,36.720127],[138.122586,36.71946],[138.123399,36.719072],[138.125148,36.718738],[138.125398,36.719183],[138.125211,36.72246],[138.125336,36.72446],[138.125023,36.725293],[138.125398,36.727348],[138.124524,36.730792],[138.125211,36.73207],[138.123586,36.732959],[138.123523,36.73357],[138.122211,36.734069],[138.118774,36.732902],[138.118399,36.733791],[138.117524,36.734069],[138.118774,36.73468],[138.119461,36.734624],[138.119586,36.735013],[138.120524,36.735124],[138.120774,36.735791],[138.120461,36.736235],[138.119649,36.73629],[138.117774,36.735791],[138.113274,36.737568],[138.108524,36.736568],[138.107274,36.736624]]],[[[138.129086,36.736125],[138.130336,36.73557],[138.131898,36.735625],[138.132336,36.737014],[138.133898,36.738125],[138.135523,36.738569],[138.135898,36.738791],[138.136023,36.739458],[138.13596,36.739958],[138.13546,36.740014],[138.135085,36.740401],[138.135085,36.740624],[138.13571,36.74079],[138.135835,36.741735],[138.13496,36.741846],[138.134398,36.741401],[138.132773,36.740624],[138.132523,36.739568],[138.131711,36.738901],[138.130586,36.737457],[138.129273,36.736847],[138.129086,36.736125]]],[[[138.140272,36.718739],[138.14296,36.718795],[138.143772,36.719683],[138.143585,36.720572],[138.144085,36.720794],[138.146772,36.721017],[138.148459,36.720795],[138.149084,36.721128],[138.149709,36.722572],[138.150522,36.72335],[138.150959,36.724794],[138.151959,36.725239],[138.153959,36.727127],[138.154959,36.729294],[138.155709,36.729627],[138.155021,36.730071],[138.153459,36.730182],[138.152271,36.731127],[138.151959,36.73196],[138.152209,36.733515],[138.152584,36.733904],[138.153834,36.734515],[138.154459,36.73496],[138.155521,36.735071],[138.155958,36.736404],[138.156396,36.736737],[138.158458,36.736848],[138.157646,36.737626],[138.160145,36.737515],[138.166082,36.738238],[138.166395,36.738849],[138.168644,36.739071],[138.169082,36.739515],[138.169644,36.739182],[138.170582,36.739127],[138.171207,36.738793],[138.171707,36.738793],[138.171831,36.739016],[138.170644,36.740071],[138.167707,36.740182],[138.163582,36.742237],[138.16027,36.743681],[138.160895,36.746903],[138.159082,36.746681],[138.156583,36.745903],[138.152146,36.744958],[138.150021,36.744458],[138.147709,36.744514],[138.146209,36.744458],[138.145834,36.744069],[138.145959,36.742236],[138.145209,36.741292],[138.14396,36.741458],[138.14346,36.741347],[138.143772,36.739625],[138.144147,36.738348],[138.142585,36.738903],[138.14246,36.737403],[138.141772,36.736348],[138.140648,36.735459],[138.140648,36.733848],[138.141647,36.732626],[138.13921,36.733515],[138.138148,36.733348],[138.13721,36.732848],[138.135648,36.732737],[138.132648,36.731903],[138.130461,36.732292],[138.127648,36.732126],[138.126898,36.731348],[138.126086,36.731292],[138.125836,36.73007],[138.126586,36.727737],[138.126336,36.725238],[138.126523,36.723849],[138.126461,36.722182],[138.127273,36.719794],[138.128523,36.720238],[138.130898,36.719072],[138.131523,36.719072],[138.134273,36.717572],[138.135335,36.71835],[138.136835,36.718461],[138.137773,36.719961],[138.140023,36.719017],[138.140272,36.718739]]],[[[138.107337,36.737901],[138.103337,36.738068],[138.100838,36.737679],[138.099588,36.737901],[138.099462,36.739012],[138.104087,36.741012],[138.105024,36.742234],[138.105962,36.743234],[138.104587,36.743067],[138.103712,36.742623],[138.101837,36.742178],[138.097463,36.742234],[138.09615,36.742623],[138.092713,36.743289],[138.091338,36.743789],[138.090026,36.744567],[138.089651,36.745289],[138.089713,36.746567],[138.089213,36.7474],[138.089338,36.748566],[138.090964,36.751788],[138.091776,36.752121],[138.095151,36.752121],[138.096776,36.752455],[138.098088,36.752399],[138.096651,36.753066],[138.094276,36.754732],[138.090714,36.756343],[138.088401,36.757954],[138.086339,36.758898],[138.085339,36.759009],[138.084339,36.759676],[138.08159,36.756176],[138.07884,36.753177],[138.077153,36.750455],[138.07659,36.749788],[138.076027,36.749399],[138.075777,36.748955],[138.075152,36.748899],[138.074402,36.748122],[138.07409,36.747288],[138.07359,36.747177],[138.072527,36.745844],[138.072277,36.744788],[138.07284,36.744289],[138.07334,36.7444],[138.073465,36.744788],[138.07384,36.744844],[138.074777,36.744011],[138.07484,36.7434],[138.075902,36.742733],[138.075652,36.741678],[138.076777,36.741622],[138.077652,36.741344],[138.078339,36.742067],[138.079902,36.741956],[138.080152,36.741011],[138.081589,36.741011],[138.082339,36.741678],[138.083777,36.7419],[138.083401,36.740623],[138.083589,36.738623],[138.081964,36.736234],[138.078902,36.734234],[138.077402,36.734234],[138.074715,36.73329],[138.075902,36.732345],[138.07559,36.732234],[138.07459,36.732012],[138.074152,36.731568],[138.073715,36.731845],[138.07284,36.73129],[138.074027,36.730457],[138.074715,36.730401],[138.076027,36.731068],[138.07684,36.731179],[138.078402,36.730901],[138.079152,36.731512],[138.079714,36.73179],[138.081089,36.732123],[138.081277,36.732401],[138.081027,36.732623],[138.080277,36.732679],[138.080277,36.73279],[138.081277,36.733068],[138.081839,36.733845],[138.082089,36.733845],[138.082339,36.732401],[138.082902,36.731457],[138.086151,36.72929],[138.087589,36.729068],[138.088026,36.728846],[138.088901,36.727568],[138.089401,36.727235],[138.091464,36.726903],[138.091964,36.726402],[138.091713,36.725681],[138.093276,36.72357],[138.094713,36.722126],[138.094901,36.721181],[138.095526,36.719904],[138.096901,36.719015],[138.097588,36.720293],[138.096901,36.720904],[138.096651,36.722292],[138.094213,36.724626],[138.093963,36.725625],[138.094151,36.726459],[138.093963,36.727402],[138.092089,36.728902],[138.090588,36.728957],[138.090089,36.729235],[138.090026,36.730346],[138.088026,36.730901],[138.087964,36.731679],[138.089463,36.732957],[138.089463,36.734012],[138.088214,36.735234],[138.088526,36.736345],[138.091776,36.737234],[138.093276,36.73729],[138.094026,36.737956],[138.09615,36.738123],[138.097525,36.738401],[138.096713,36.737512],[138.0974,36.735957],[138.10065,36.736734],[138.102275,36.736957],[138.107274,36.736624],[138.107337,36.737901]]],[[[138.077153,36.750455],[138.075903,36.750399],[138.075466,36.750566],[138.075466,36.751066],[138.075153,36.751565],[138.073903,36.75201],[138.071653,36.753232],[138.070341,36.75351],[138.068903,36.753621],[138.067153,36.752954],[138.065216,36.75562],[138.064279,36.755509],[138.063904,36.755843],[138.063529,36.75862],[138.062029,36.75862],[138.060466,36.758953],[138.059217,36.760286],[138.057967,36.760619],[138.056779,36.760397],[138.055592,36.75973],[138.053904,36.759619],[138.053155,36.759897],[138.05103,36.758731],[138.048405,36.758786],[138.045905,36.75673],[138.04628,36.75562],[138.046968,36.754786],[138.045593,36.754286],[138.045405,36.753509],[138.04428,36.753508],[138.043468,36.753064],[138.041468,36.749731],[138.039656,36.748787],[138.037093,36.746509],[138.035718,36.746176],[138.034343,36.746175],[138.033968,36.745232],[138.032156,36.74451],[138.031406,36.745399],[138.029094,36.745343],[138.028656,36.744454],[138.028031,36.744288],[138.027094,36.743621],[138.029405,36.742066],[138.030593,36.740677],[138.03678,36.739122],[138.037905,36.736345],[138.041967,36.732234],[138.041905,36.731123],[138.044592,36.729123],[138.045779,36.726401],[138.047154,36.725457],[138.048217,36.724235],[138.048904,36.726013],[138.051279,36.726957],[138.054216,36.729623],[138.056028,36.728624],[138.056279,36.727735],[138.057278,36.727513],[138.057966,36.726458],[138.058654,36.726124],[138.059153,36.725124],[138.061528,36.724569],[138.062466,36.723791],[138.063153,36.723736],[138.063528,36.724014],[138.064278,36.723791],[138.064841,36.724069],[138.065278,36.725569],[138.065341,36.726458],[138.065715,36.726458],[138.066153,36.726291],[138.066466,36.725513],[138.068215,36.725847],[138.069403,36.72668],[138.070278,36.727624],[138.070903,36.729401],[138.070903,36.730679],[138.071403,36.73129],[138.07209,36.731845],[138.07284,36.73129],[138.073715,36.731845],[138.074152,36.731568],[138.07459,36.732012],[138.07559,36.732234],[138.075902,36.732345],[138.074715,36.73329],[138.077402,36.734234],[138.078902,36.734234],[138.081964,36.736234],[138.083589,36.738623],[138.083401,36.740623],[138.083777,36.7419],[138.082339,36.741678],[138.081589,36.741011],[138.080152,36.741011],[138.079902,36.741956],[138.078339,36.742067],[138.077652,36.741344],[138.076777,36.741622],[138.075652,36.741678],[138.075902,36.742733],[138.07484,36.7434],[138.074777,36.744011],[138.07384,36.744844],[138.073465,36.744788],[138.07334,36.7444],[138.07284,36.744289],[138.072277,36.744788],[138.072527,36.745844],[138.07359,36.747177],[138.07409,36.747288],[138.074402,36.748122],[138.075152,36.748899],[138.075777,36.748955],[138.076027,36.749399],[138.07659,36.749788],[138.077153,36.750455]]],[[[137.999783,36.73801],[138.002721,36.739566],[138.010595,36.742565],[138.011783,36.743509],[138.012595,36.744565],[138.016845,36.746176],[138.019032,36.74812],[138.018157,36.749231],[138.017845,36.749842],[138.01797,36.750009],[138.018844,36.749898],[138.020094,36.75112],[138.022344,36.752675],[138.024532,36.753452],[138.025657,36.754952],[138.027532,36.756063],[138.028156,36.758618],[138.028657,36.759396],[138.028657,36.760729],[138.027719,36.759951],[138.025032,36.759451],[138.021969,36.760451],[138.019407,36.76084],[138.01772,36.759119],[138.01672,36.759785],[138.015907,36.76023],[138.01472,36.754675],[138.012908,36.750453],[138.005783,36.745398],[138.004034,36.742954],[138.002971,36.741065],[137.999783,36.73801]]],[[[138.018157,36.768784],[138.01697,36.76895],[138.01522,36.764173],[138.01672,36.759785],[138.01772,36.759119],[138.019407,36.76084],[138.021032,36.762395],[138.021345,36.763117],[138.021094,36.766839],[138.018157,36.768784]]],[[[138.164957,36.748681],[138.164457,36.753125],[138.163832,36.753569],[138.163707,36.755958],[138.164207,36.756569],[138.164145,36.758401],[138.16627,36.759457],[138.165645,36.760956],[138.164895,36.7614],[138.16377,36.763234],[138.16327,36.764678],[138.162832,36.764678],[138.160395,36.7639],[138.158458,36.7639],[138.156833,36.763844],[138.156833,36.764733],[138.157895,36.766233],[138.15927,36.767455],[138.159395,36.769844],[138.156145,36.770288],[138.15627,36.774399],[138.15477,36.774454],[138.156332,36.777954],[138.150708,36.778954],[138.149708,36.778787],[138.148146,36.776398],[138.146208,36.774398],[138.144521,36.771176],[138.143834,36.770565],[138.143272,36.770565],[138.139396,36.772565],[138.139209,36.772954],[138.139897,36.774065],[138.139897,36.774898],[138.139521,36.775287],[138.138834,36.775287],[138.136959,36.775731],[138.135397,36.775398],[138.133772,36.776731],[138.133522,36.776009],[138.132647,36.775453],[138.130335,36.77562],[138.130147,36.776175],[138.12896,36.776175],[138.128522,36.77562],[138.12746,36.775175],[138.12371,36.775398],[138.123523,36.775731],[138.123773,36.776009],[138.124773,36.776064],[138.125085,36.776675],[138.126647,36.777175],[138.126772,36.777786],[138.124397,36.778064],[138.121773,36.778453],[138.122023,36.779175],[138.122898,36.779841],[138.12296,36.780397],[138.123585,36.780897],[138.123897,36.78173],[138.124772,36.783175],[138.126335,36.784674],[138.125897,36.785285],[138.124647,36.785785],[138.12346,36.785563],[138.122523,36.78573],[138.121898,36.785285],[138.121585,36.784452],[138.121335,36.784174],[138.120335,36.783897],[138.120085,36.783508],[138.120148,36.783119],[138.119835,36.782619],[138.119085,36.782341],[138.118398,36.782452],[138.118148,36.782674],[138.117461,36.782897],[138.115211,36.782563],[138.114898,36.78223],[138.114273,36.781952],[138.113898,36.782063],[138.113086,36.78323],[138.112586,36.783174],[138.111586,36.781674],[138.110024,36.781619],[138.109461,36.781341],[138.108711,36.781063],[138.106774,36.781118],[138.106024,36.780452],[138.105524,36.780563],[138.104899,36.780341],[138.104712,36.779452],[138.104149,36.779619],[138.103649,36.780341],[138.103212,36.780229],[138.102525,36.779619],[138.100025,36.778896],[138.09915,36.777785],[138.098588,36.776063],[138.0974,36.774952],[138.095213,36.773508],[138.094276,36.771619],[138.090901,36.768397],[138.090463,36.766731],[138.088401,36.765675],[138.084339,36.759676],[138.085339,36.759009],[138.086339,36.758898],[138.088401,36.757954],[138.090714,36.756343],[138.094276,36.754732],[138.096651,36.753066],[138.098088,36.752399],[138.096776,36.752455],[138.095151,36.752121],[138.091776,36.752121],[138.090964,36.751788],[138.089338,36.748566],[138.089213,36.7474],[138.089713,36.746567],[138.089651,36.745289],[138.090026,36.744567],[138.091338,36.743789],[138.092713,36.743289],[138.09615,36.742623],[138.097463,36.742234],[138.101837,36.742178],[138.103712,36.742623],[138.104587,36.743067],[138.105962,36.743234],[138.105024,36.742234],[138.104087,36.741012],[138.099462,36.739012],[138.099588,36.737901],[138.100838,36.737679],[138.103337,36.738068],[138.110087,36.73779],[138.112024,36.738512],[138.112712,36.738568],[138.115711,36.737901],[138.117524,36.737013],[138.118774,36.737124],[138.119149,36.737346],[138.118899,36.738346],[138.120773,36.738346],[138.121961,36.739512],[138.120211,36.740401],[138.117899,36.740012],[138.117649,36.741179],[138.118336,36.741734],[138.119399,36.743345],[138.119461,36.744512],[138.118586,36.744512],[138.117898,36.744845],[138.117024,36.745512],[138.115149,36.7464],[138.113211,36.746789],[138.107274,36.747233],[138.104712,36.747289],[138.104712,36.748289],[138.105587,36.748344],[138.106274,36.748511],[138.107462,36.748455],[138.107837,36.748789],[138.107899,36.749011],[138.106587,36.7494],[138.106462,36.749622],[138.106962,36.750344],[138.107712,36.7504],[138.108024,36.751511],[138.107712,36.752288],[138.106838,36.753455],[138.107212,36.754122],[138.106963,36.754733],[138.105525,36.755843],[138.105963,36.757454],[138.108025,36.757399],[138.108775,36.757121],[138.109587,36.756399],[138.111087,36.75451],[138.112462,36.754122],[138.113025,36.753733],[138.113461,36.752788],[138.118087,36.756233],[138.115837,36.758121],[138.115962,36.758455],[138.117149,36.75851],[138.117712,36.758232],[138.118961,36.75701],[138.119399,36.756455],[138.119774,36.754844],[138.120524,36.754733],[138.121774,36.755399],[138.122274,36.755844],[138.122524,36.756399],[138.120774,36.756066],[138.121711,36.757344],[138.121649,36.758121],[138.122211,36.759288],[138.122149,36.76051],[138.122711,36.761232],[138.124086,36.762121],[138.124148,36.762899],[138.125148,36.76401],[138.126648,36.764454],[138.12746,36.76401],[138.127335,36.76251],[138.127586,36.761677],[138.128523,36.760844],[138.128523,36.760455],[138.127211,36.758344],[138.129836,36.758122],[138.129773,36.757233],[138.129523,36.756455],[138.129522,36.753289],[138.12896,36.749345],[138.129023,36.7484],[138.132648,36.747956],[138.133022,36.751511],[138.133585,36.752789],[138.135397,36.754178],[138.137459,36.7549],[138.138647,36.754511],[138.140085,36.756511],[138.142084,36.755789],[138.146208,36.7534],[138.146459,36.753067],[138.146021,36.75229],[138.145834,36.746346],[138.145459,36.745624],[138.147959,36.745402],[138.153021,36.746069],[138.156895,36.747069],[138.164957,36.748681]]],[[[138.097962,36.780452],[138.097337,36.780341],[138.097025,36.781285],[138.096275,36.782118],[138.091338,36.784895],[138.089276,36.783284],[138.085339,36.778674],[138.082214,36.776174],[138.081839,36.775618],[138.082402,36.774563],[138.082089,36.773896],[138.082277,36.772063],[138.082902,36.771286],[138.082527,36.770563],[138.085089,36.768064],[138.084089,36.76712],[138.084027,36.76662],[138.083527,36.766231],[138.083652,36.765509],[138.083527,36.764786],[138.083714,36.764509],[138.083527,36.764009],[138.082339,36.763175],[138.082527,36.762065],[138.081652,36.760842],[138.081589,36.761842],[138.081152,36.762509],[138.079652,36.763175],[138.07909,36.763731],[138.077028,36.764675],[138.077028,36.76512],[138.07609,36.765453],[138.07534,36.765286],[138.074028,36.765897],[138.073215,36.76573],[138.072715,36.766008],[138.074715,36.76773],[138.07634,36.769952],[138.077465,36.771341],[138.07784,36.772563],[138.078027,36.776396],[138.077902,36.77684],[138.07684,36.777451],[138.076402,36.78034],[138.076777,36.780951],[138.079839,36.783784],[138.083901,36.787172],[138.084089,36.788672],[138.082089,36.789561],[138.079589,36.788839],[138.078652,36.788894],[138.075777,36.791116],[138.074402,36.791338],[138.07384,36.791616],[138.073527,36.791227],[138.073465,36.789727],[138.073027,36.789005],[138.070278,36.786672],[138.069465,36.784617],[138.068215,36.782617],[138.068403,36.781006],[138.070653,36.774785],[138.069903,36.772618],[138.068278,36.770174],[138.066153,36.768285],[138.063529,36.76673],[138.062716,36.767397],[138.062279,36.767452],[138.058154,36.765286],[138.056092,36.762564],[138.04928,36.760841],[138.046155,36.759397],[138.041406,36.756841],[138.038093,36.754341],[138.036656,36.752508],[138.035406,36.752397],[138.033656,36.751508],[138.025906,36.746343],[138.027031,36.744899],[138.027094,36.743621],[138.028031,36.744288],[138.028656,36.744454],[138.029094,36.745343],[138.031406,36.745399],[138.032156,36.74451],[138.033968,36.745232],[138.034343,36.746175],[138.035718,36.746176],[138.037093,36.746509],[138.039656,36.748787],[138.041468,36.749731],[138.043468,36.753064],[138.04428,36.753508],[138.045405,36.753509],[138.045593,36.754286],[138.046968,36.754786],[138.04628,36.75562],[138.045905,36.75673],[138.048405,36.758786],[138.05103,36.758731],[138.053155,36.759897],[138.053904,36.759619],[138.055592,36.75973],[138.056779,36.760397],[138.057967,36.760619],[138.059217,36.760286],[138.060466,36.758953],[138.062029,36.75862],[138.063529,36.75862],[138.063904,36.755843],[138.064279,36.755509],[138.065216,36.75562],[138.067153,36.752954],[138.068903,36.753621],[138.070341,36.75351],[138.071653,36.753232],[138.073903,36.75201],[138.075153,36.751565],[138.075466,36.751066],[138.075466,36.750566],[138.075903,36.750399],[138.077153,36.750455],[138.07884,36.753177],[138.08159,36.756176],[138.084339,36.759676],[138.088401,36.765675],[138.090463,36.766731],[138.090901,36.768397],[138.094276,36.771619],[138.095213,36.773508],[138.0974,36.774952],[138.098588,36.776063],[138.09915,36.777785],[138.100025,36.778896],[138.099212,36.779674],[138.097962,36.780452]]],[[[138.110961,36.792506],[138.110211,36.79234],[138.108211,36.793895],[138.108524,36.794617],[138.107586,36.795061],[138.107086,36.794784],[138.105774,36.794895],[138.105211,36.795339],[138.104649,36.795228],[138.103211,36.795117],[138.103962,36.794672],[138.104212,36.79395],[138.103836,36.793228],[138.102337,36.793284],[138.102962,36.788062],[138.100775,36.784729],[138.100462,36.783507],[138.099587,36.783396],[138.098462,36.782729],[138.0974,36.78234],[138.098025,36.780785],[138.097962,36.780452],[138.099212,36.779674],[138.100025,36.778896],[138.102525,36.779619],[138.103212,36.780229],[138.103649,36.780341],[138.104149,36.779619],[138.104712,36.779452],[138.104899,36.780341],[138.105524,36.780563],[138.106024,36.780452],[138.106774,36.781118],[138.108711,36.781063],[138.109461,36.781341],[138.109336,36.78173],[138.109086,36.784174],[138.109524,36.786229],[138.112398,36.790618],[138.112336,36.791229],[138.110961,36.792506]]],[[[138.048467,36.78606],[138.04603,36.786005],[138.038968,36.788338],[138.034031,36.796059],[138.031093,36.800003],[138.030531,36.799781],[138.027219,36.797559],[138.026656,36.796059],[138.025719,36.795392],[138.024781,36.793781],[138.024594,36.792504],[138.023344,36.792226],[138.020469,36.788782],[138.01972,36.785671],[138.018407,36.78456],[138.016907,36.781949],[138.013407,36.779505],[138.011407,36.778894],[138.010033,36.778116],[138.01047,36.777672],[138.01522,36.764173],[138.01697,36.76895],[138.018157,36.768784],[138.025782,36.771895],[138.037281,36.775284],[138.037156,36.774617],[138.045093,36.777117],[138.05028,36.779284],[138.056154,36.78345],[138.057341,36.784672],[138.055092,36.785394],[138.053592,36.786894],[138.048467,36.78606]]],[[[138.021094,36.766839],[138.02247,36.765951],[138.027782,36.767617],[138.033906,36.764118],[138.038031,36.767506],[138.04053,36.767673],[138.043905,36.769729],[138.045968,36.770284],[138.048155,36.769507],[138.049967,36.769896],[138.052717,36.768952],[138.05478,36.771063],[138.055654,36.770896],[138.056654,36.771063],[138.058717,36.77284],[138.062091,36.773396],[138.063279,36.774896],[138.063529,36.776951],[138.061966,36.780228],[138.062216,36.784061],[138.064278,36.787839],[138.065341,36.788672],[138.065903,36.789838],[138.067653,36.790727],[138.06734,36.791449],[138.065778,36.791782],[138.063778,36.791727],[138.061778,36.794115],[138.061466,36.795393],[138.060904,36.795893],[138.059966,36.794837],[138.059654,36.793171],[138.060279,36.79156],[138.060154,36.790282],[138.059716,36.789783],[138.058654,36.789338],[138.050717,36.789893],[138.046092,36.793337],[138.045967,36.79367],[138.046592,36.793948],[138.046092,36.79767],[138.04478,36.802725],[138.039218,36.806891],[138.03703,36.806947],[138.03728,36.805836],[138.039155,36.80017],[138.040343,36.798392],[138.044905,36.793393],[138.044842,36.793004],[138.042968,36.793059],[138.04503,36.791393],[138.04703,36.788393],[138.048467,36.78606],[138.053592,36.786894],[138.055092,36.785394],[138.057341,36.784672],[138.056154,36.78345],[138.05028,36.779284],[138.045093,36.777117],[138.037156,36.774617],[138.037281,36.775284],[138.025782,36.771895],[138.018157,36.768784],[138.021094,36.766839]]],[[[138.03703,36.806947],[138.036718,36.807724],[138.036281,36.808057],[138.034905,36.806169],[138.03478,36.805113],[138.035031,36.803002],[138.03478,36.801891],[138.033718,36.800947],[138.031093,36.800003],[138.034031,36.796059],[138.038968,36.788338],[138.04603,36.786005],[138.048467,36.78606],[138.04703,36.788393],[138.04503,36.791393],[138.042968,36.793059],[138.044842,36.793004],[138.044905,36.793393],[138.040343,36.798392],[138.039155,36.80017],[138.03728,36.805836],[138.03703,36.806947]]],[[[138.150832,36.813395],[138.149144,36.813228],[138.14777,36.813339],[138.144457,36.814672],[138.14327,36.81445],[138.141895,36.815283],[138.141458,36.81495],[138.14077,36.81495],[138.140145,36.815283],[138.139021,36.815283],[138.138646,36.813394],[138.136021,36.809006],[138.132834,36.807117],[138.130771,36.805228],[138.128397,36.805339],[138.125022,36.805839],[138.124959,36.805228],[138.123834,36.805172],[138.121397,36.804505],[138.12021,36.80495],[138.118398,36.80495],[138.116585,36.805394],[138.114585,36.804949],[138.111773,36.80606],[138.110211,36.808005],[138.107461,36.808671],[138.106649,36.810504],[138.105711,36.809393],[138.105212,36.809226],[138.104399,36.80956],[138.103649,36.810782],[138.102462,36.810504],[138.102337,36.807727],[138.102774,36.807726],[138.102649,36.804894],[138.104587,36.804949],[138.104461,36.802449],[138.105024,36.801227],[138.105149,36.79995],[138.104649,36.798894],[138.104774,36.79795],[138.104649,36.796672],[138.104461,36.79595],[138.105774,36.794895],[138.107086,36.794784],[138.107586,36.795061],[138.108524,36.794617],[138.108211,36.793895],[138.110211,36.79234],[138.110961,36.792506],[138.110711,36.793117],[138.110648,36.793839],[138.111023,36.796228],[138.111711,36.797561],[138.113148,36.798395],[138.113148,36.79895],[138.112648,36.79945],[138.112648,36.799839],[138.114148,36.799728],[138.114586,36.799506],[138.115835,36.799117],[138.116773,36.798228],[138.117585,36.79795],[138.118273,36.798061],[138.120397,36.798728],[138.121522,36.797728],[138.125897,36.798284],[138.130021,36.799062],[138.134771,36.801229],[138.136334,36.801173],[138.136208,36.801784],[138.136396,36.802228],[138.137146,36.802673],[138.137521,36.803395],[138.138021,36.803284],[138.138083,36.802618],[138.139521,36.802062],[138.141271,36.802784],[138.14302,36.801396],[138.14227,36.804284],[138.151582,36.80484],[138.150832,36.813395]]],[[[138.059966,36.81478],[138.058529,36.815113],[138.057279,36.816502],[138.054279,36.818057],[138.053154,36.818057],[138.051717,36.816613],[138.050967,36.814891],[138.049529,36.81278],[138.048279,36.81178],[138.044467,36.812946],[138.04203,36.812724],[138.039717,36.811446],[138.036281,36.808057],[138.036718,36.807724],[138.03703,36.806947],[138.039218,36.806891],[138.04478,36.802725],[138.046092,36.79767],[138.046592,36.793948],[138.045967,36.79367],[138.046092,36.793337],[138.050717,36.789893],[138.058654,36.789338],[138.059716,36.789783],[138.060154,36.790282],[138.060279,36.79156],[138.059654,36.793171],[138.059966,36.794837],[138.060904,36.795893],[138.061466,36.795393],[138.061778,36.794115],[138.063778,36.791727],[138.065778,36.791782],[138.06734,36.791449],[138.067653,36.790727],[138.065903,36.789838],[138.065341,36.788672],[138.064278,36.787839],[138.062216,36.784061],[138.061966,36.780228],[138.063529,36.776951],[138.063279,36.774896],[138.062091,36.773396],[138.058717,36.77284],[138.056654,36.771063],[138.055654,36.770896],[138.05478,36.771063],[138.052717,36.768952],[138.049967,36.769896],[138.048155,36.769507],[138.045968,36.770284],[138.043905,36.769729],[138.04053,36.767673],[138.038031,36.767506],[138.033906,36.764118],[138.027782,36.767617],[138.02247,36.765951],[138.021094,36.766839],[138.021345,36.763117],[138.021032,36.762395],[138.019407,36.76084],[138.021969,36.760451],[138.025032,36.759451],[138.027719,36.759951],[138.028657,36.760729],[138.028657,36.759396],[138.028156,36.758618],[138.027532,36.756063],[138.025657,36.754952],[138.024532,36.753452],[138.022344,36.752675],[138.020094,36.75112],[138.018844,36.749898],[138.01797,36.750009],[138.017845,36.749842],[138.018157,36.749231],[138.019032,36.74812],[138.016845,36.746176],[138.012595,36.744565],[138.011783,36.743509],[138.010595,36.742565],[138.002721,36.739566],[137.999783,36.73801],[138.001408,36.737566],[138.004533,36.736122],[138.005407,36.736177],[138.006845,36.736732],[138.008345,36.738121],[138.011719,36.738343],[138.013219,36.738788],[138.01847,36.741454],[138.019719,36.741288],[138.020656,36.74151],[138.023969,36.743176],[138.027094,36.743621],[138.027031,36.744899],[138.025906,36.746343],[138.033656,36.751508],[138.035406,36.752397],[138.036656,36.752508],[138.038093,36.754341],[138.041406,36.756841],[138.046155,36.759397],[138.04928,36.760841],[138.056092,36.762564],[138.058154,36.765286],[138.062279,36.767452],[138.062716,36.767397],[138.063529,36.76673],[138.066153,36.768285],[138.068278,36.770174],[138.069903,36.772618],[138.070653,36.774785],[138.068403,36.781006],[138.068215,36.782617],[138.069465,36.784617],[138.070278,36.786672],[138.073027,36.789005],[138.073465,36.789727],[138.073527,36.791227],[138.07384,36.791616],[138.07409,36.792171],[138.074902,36.792505],[138.078214,36.793005],[138.079027,36.793394],[138.078527,36.794838],[138.078464,36.796616],[138.078964,36.799337],[138.07384,36.797449],[138.071652,36.797004],[138.069653,36.797671],[138.06834,36.797615],[138.067215,36.798671],[138.066653,36.798782],[138.064966,36.797559],[138.064215,36.797504],[138.064153,36.798948],[138.064715,36.800615],[138.06534,36.801337],[138.063466,36.801559],[138.063903,36.802615],[138.064028,36.804114],[138.06309,36.808003],[138.063466,36.808836],[138.064215,36.809058],[138.062716,36.810725],[138.060278,36.813947],[138.059966,36.81478]]],[[[138.127959,36.818004],[138.126084,36.81806],[138.122897,36.818559],[138.119272,36.81806],[138.117335,36.817226],[138.115585,36.813115],[138.115585,36.81206],[138.118523,36.810449],[138.12046,36.81006],[138.12196,36.810616],[138.123709,36.810727],[138.125584,36.811616],[138.126522,36.812894],[138.127771,36.813894],[138.128084,36.815005],[138.127959,36.818004]]],[[[138.103774,36.820059],[138.103962,36.81917],[138.104399,36.818725],[138.104524,36.818059],[138.103399,36.817281],[138.103712,36.816059],[138.103212,36.81517],[138.103212,36.814615],[138.106899,36.814893],[138.106774,36.816004],[138.107086,36.817004],[138.105586,36.818726],[138.103774,36.820059]]],[[[138.029094,36.805002],[138.026219,36.805336],[138.025719,36.806891],[138.025343,36.813224],[138.025031,36.813779],[138.019781,36.816668],[138.015469,36.81739],[138.012657,36.818556],[138.011719,36.819278],[138.010282,36.82],[138.007094,36.820333],[138.004594,36.820223],[137.997345,36.818556],[137.997158,36.817834],[137.997095,36.816889],[137.996908,36.816556],[137.996345,36.816167],[137.995845,36.815667],[137.993908,36.814834],[137.992846,36.813445],[137.990658,36.811945],[137.989721,36.811835],[137.988409,36.810446],[137.987659,36.809001],[137.985096,36.807113],[137.985096,36.806168],[137.986971,36.804613],[137.989721,36.802669],[137.992471,36.800947],[137.994471,36.800114],[137.994533,36.799669],[137.996908,36.800447],[137.996908,36.800558],[138.001345,36.803058],[138.002908,36.803669],[138.007282,36.80328],[138.008095,36.802614],[138.00922,36.802058],[138.014844,36.801558],[138.022656,36.803669],[138.025906,36.803669],[138.028594,36.804558],[138.029094,36.805002]]],[[[138.127959,36.818004],[138.127897,36.819726],[138.126897,36.822615],[138.125147,36.824337],[138.12296,36.82567],[138.121897,36.825615],[138.121647,36.823115],[138.122335,36.822059],[138.122397,36.820337],[138.120772,36.818726],[138.120647,36.818226],[138.122897,36.818559],[138.126084,36.81806],[138.127959,36.818004]]],[[[138.060676,36.900388],[138.060985,36.900759],[138.06121,36.901168],[138.061075,36.902801],[138.060808,36.904359],[138.058984,36.904619],[138.056001,36.905619],[138.054576,36.901873],[138.053329,36.899276],[138.049901,36.899961],[138.048119,36.899703],[138.046739,36.899034],[138.046026,36.89844],[138.044378,36.897884],[138.042776,36.897773],[138.042199,36.897551],[138.042644,36.89729],[138.042866,36.896586],[138.042821,36.89588],[138.043624,36.895842],[138.044023,36.895399],[138.044913,36.894915],[138.045493,36.893099],[138.044868,36.893505],[138.043711,36.893914],[138.037567,36.896771],[138.036232,36.897029],[138.035252,36.897104],[138.03423,36.896809],[138.032847,36.895879],[138.03169,36.894877],[138.030355,36.893505],[138.02933,36.892096],[138.027995,36.89243],[138.026883,36.892429],[138.02608,36.892354],[138.02528,36.891946],[138.024968,36.89139],[138.024033,36.890909],[138.023008,36.890573],[138.021536,36.890606],[138.021313,36.887638],[138.019621,36.88623],[138.018061,36.886265],[138.017261,36.886415],[138.015256,36.887602],[138.013164,36.888492],[138.012896,36.888269],[138.012854,36.887637],[138.012719,36.886896],[138.012142,36.886229],[138.011429,36.886302],[138.010254,36.886254],[138.010212,36.883048],[138.010256,36.882121],[138.009899,36.881515],[138.009766,36.880265],[138.009009,36.878834],[138.009141,36.878514],[138.009854,36.878299],[138.013773,36.878229],[138.015331,36.878406],[138.017601,36.878406],[138.019873,36.877906],[138.019783,36.877585],[138.01898,36.877012],[138.018046,36.876727],[138.017246,36.876154],[138.017068,36.87544],[138.015998,36.874404],[138.014886,36.87426],[138.014218,36.873617],[138.013326,36.873546],[138.012258,36.873937],[138.011946,36.873331],[138.011191,36.872758],[138.011191,36.872402],[138.011368,36.872365],[138.011768,36.872115],[138.011368,36.871794],[138.010701,36.871044],[138.008873,36.870721],[138.007048,36.869971],[138.006026,36.868969],[138.005178,36.868754],[138.003799,36.869542],[138.002909,36.869542],[138.002194,36.868092],[138.003264,36.867877],[138.004108,36.867592],[138.004643,36.867519],[138.005801,36.867234],[138.007358,36.867163],[138.008293,36.867484],[138.009318,36.867557],[138.010121,36.868057],[138.011143,36.867628],[138.012301,36.867484],[138.014128,36.867772],[138.015195,36.868163],[138.015595,36.868199],[138.018445,36.866234],[138.021562,36.864197],[138.020537,36.862695],[138.018845,36.861122],[138.017687,36.860658],[138.015862,36.860372],[138.014838,36.860622],[138.013725,36.860729],[138.013593,36.860514],[138.014483,36.859514],[138.01466,36.858656],[138.015595,36.857798],[138.015862,36.857227],[138.01555,36.856619],[138.015372,36.855331],[138.01555,36.85476],[138.016307,36.854008],[138.015685,36.853373],[138.016175,36.852521],[138.01711,36.852038],[138.018267,36.85163],[138.018802,36.850665],[138.019379,36.848309],[138.020091,36.847049],[138.020091,36.846232],[138.019291,36.845155],[138.019646,36.844451],[138.020269,36.843747],[138.020269,36.842783],[138.019959,36.8423],[138.017197,36.839887],[138.016129,36.839146],[138.014881,36.839035],[138.014082,36.838441],[138.013571,36.837471],[138.013324,36.837171],[138.012939,36.836827],[138.012544,36.836741],[138.012324,36.83677],[138.012036,36.836662],[138.011771,36.836387],[138.011594,36.836387],[138.011219,36.835998],[138.010719,36.835165],[138.009782,36.833999],[138.009282,36.832665],[138.006469,36.830499],[138.003657,36.82761],[138.002844,36.826166],[138.001907,36.825388],[138.002032,36.824388],[138.00047,36.821722],[137.997658,36.819222],[137.997345,36.818556],[138.004594,36.820223],[138.007094,36.820333],[138.010282,36.82],[138.011719,36.819278],[138.012657,36.818556],[138.015469,36.81739],[138.019781,36.816668],[138.025031,36.813779],[138.025343,36.813224],[138.025719,36.806891],[138.026219,36.805336],[138.029094,36.805002],[138.030343,36.807558],[138.032093,36.808446],[138.034156,36.808724],[138.036281,36.808057],[138.039717,36.811446],[138.04203,36.812724],[138.044467,36.812946],[138.048279,36.81178],[138.049529,36.81278],[138.050967,36.814891],[138.051717,36.816613],[138.053154,36.818057],[138.054279,36.818057],[138.057279,36.816502],[138.058529,36.815113],[138.059966,36.81478],[138.061653,36.820557],[138.06134,36.821946],[138.061591,36.822946],[138.064215,36.82439],[138.066028,36.824668],[138.067652,36.82439],[138.070652,36.824446],[138.070527,36.824835],[138.06934,36.825502],[138.069153,36.82589],[138.069277,36.826335],[138.071902,36.826835],[138.071715,36.827613],[138.070715,36.827279],[138.068902,36.827279],[138.067028,36.826613],[138.065778,36.826612],[138.064778,36.827723],[138.064715,36.828445],[138.065778,36.829112],[138.06759,36.829779],[138.068465,36.830556],[138.06834,36.832001],[138.068715,36.832334],[138.071527,36.832556],[138.072465,36.833778],[138.073902,36.833556],[138.075402,36.833556],[138.076402,36.833945],[138.076589,36.834167],[138.075089,36.834223],[138.073902,36.83439],[138.073527,36.83439],[138.07309,36.834167],[138.07259,36.834167],[138.072152,36.83439],[138.07059,36.834445],[138.070903,36.835167],[138.071652,36.835612],[138.072589,36.836],[138.073337,36.836631],[138.073537,36.836966],[138.073494,36.837054],[138.07341,36.837079],[138.071762,36.836758],[138.071227,36.836758],[138.070515,36.837223],[138.070605,36.837758],[138.071227,36.838437],[138.072162,36.83876],[138.073097,36.839152],[138.075144,36.841691],[138.073632,36.841976],[138.07332,36.842262],[138.073007,36.843405],[138.071985,36.844907],[138.070515,36.845694],[138.069713,36.846301],[138.069445,36.847624],[138.069535,36.848553],[138.070248,36.849519],[138.070338,36.850804],[138.069848,36.851771],[138.070515,36.852485],[138.070648,36.852879],[138.070515,36.853165],[138.070693,36.853379],[138.069733,36.85525],[138.069333,36.854804],[138.068933,36.853764],[138.068665,36.853246],[138.068665,36.852727],[138.068888,36.851983],[138.06862,36.851204],[138.067863,36.850204],[138.066305,36.847142],[138.066215,36.846401],[138.066573,36.845436],[138.067108,36.844211],[138.06715,36.84373],[138.06675,36.843247],[138.065815,36.842728],[138.064525,36.842207],[138.063411,36.841318],[138.062076,36.840686],[138.061363,36.840649],[138.060651,36.840686],[138.060116,36.840872],[138.059226,36.841428],[138.058114,36.841986],[138.057624,36.84232],[138.056734,36.84243],[138.054951,36.842282],[138.054016,36.842134],[138.053171,36.84243],[138.052549,36.842951],[138.051969,36.843655],[138.051524,36.843636],[138.050812,36.843209],[138.049522,36.841503],[138.048452,36.838072],[138.048407,36.836389],[138.048154,36.836389],[138.048092,36.835833],[138.047842,36.835389],[138.046467,36.834722],[138.045467,36.833278],[138.043905,36.831945],[138.042717,36.831722],[138.040967,36.832167],[138.040467,36.830945],[138.040717,36.830111],[138.040342,36.829056],[138.040905,36.828889],[138.041905,36.828889],[138.042467,36.828667],[138.042967,36.827889],[138.044592,36.828556],[138.044967,36.828445],[138.045217,36.827723],[138.046529,36.82689],[138.046717,36.822057],[138.045904,36.820835],[138.035155,36.816168],[138.035468,36.817723],[138.03503,36.819279],[138.034655,36.821112],[138.034155,36.823001],[138.032905,36.825056],[138.030468,36.824445],[138.024218,36.823667],[138.022093,36.823611],[138.020531,36.823778],[138.019781,36.824],[138.018531,36.825444],[138.017406,36.827389],[138.016281,36.828722],[138.016344,36.830833],[138.018906,36.832221],[138.017969,36.833499],[138.017531,36.835221],[138.019031,36.835832],[138.019781,36.835277],[138.020656,36.83511],[138.020594,36.835943],[138.020219,36.836388],[138.020758,36.836388],[138.020491,36.836883],[138.020491,36.83755],[138.021471,36.838329],[138.022006,36.838627],[138.022139,36.839331],[138.023519,36.839258],[138.023699,36.84011],[138.023476,36.841669],[138.022319,36.844304],[138.022229,36.844935],[138.022764,36.84601],[138.022719,36.846305],[138.022052,36.846937],[138.021874,36.847382],[138.021784,36.847901],[138.022301,36.848947],[138.022801,36.84948],[138.022872,36.850163],[138.022274,36.852001],[138.022184,36.853857],[138.022097,36.854673],[138.022764,36.855525],[138.022674,36.856119],[138.021385,36.857454],[138.022942,36.858531],[138.023832,36.858569],[138.024857,36.858531],[138.026059,36.858086],[138.027262,36.85779],[138.028684,36.858421],[138.028684,36.8602],[138.029086,36.860775],[138.030021,36.861369],[138.032246,36.862],[138.033893,36.862892],[138.035363,36.863894],[138.037056,36.864337],[138.037233,36.864858],[138.037856,36.865452],[138.039371,36.866304],[138.039773,36.866423],[138.040408,36.87027],[138.038316,36.871199],[138.036801,36.87177],[138.037781,36.872343],[138.039651,36.874701],[138.040096,36.875095],[138.040853,36.876668],[138.042056,36.875774],[138.042366,36.876453],[138.042856,36.877203],[138.04468,36.877382],[138.04535,36.876132],[138.046595,36.876097],[138.047933,36.876168],[138.049,36.876632],[138.049,36.876953],[138.048065,36.877203],[138.04722,36.877811],[138.047353,36.878134],[138.049535,36.879492],[138.050113,36.880028],[138.05176,36.8811],[138.052117,36.881601],[138.053275,36.881421],[138.056177,36.882265],[138.05689,36.882711],[138.056935,36.882969],[138.055642,36.88349],[138.054975,36.884194],[138.055152,36.884527],[138.056667,36.885865],[138.057202,36.886198],[138.057067,36.886494],[138.056622,36.886456],[138.056532,36.886754],[138.056446,36.888275],[138.056046,36.889425],[138.056668,36.889981],[138.05738,36.890241],[138.05787,36.8918],[138.057735,36.892541],[138.058583,36.892654],[138.058983,36.893691],[138.059473,36.894137],[138.060453,36.89436],[138.060763,36.895287],[138.061743,36.895808],[138.062188,36.895472],[138.06241,36.89462],[138.0629,36.894137],[138.06397,36.89347],[138.065037,36.891485],[138.067575,36.892152],[138.06869,36.892152],[138.070914,36.891523],[138.073097,36.891262],[138.073897,36.890892],[138.074831,36.890113],[138.075011,36.889334],[138.074831,36.88874],[138.075056,36.888442],[138.076034,36.888257],[138.078216,36.88744],[138.080444,36.88733],[138.079908,36.883472],[138.079641,36.882545],[138.078573,36.875458],[138.079623,36.876123],[138.079595,36.876514],[138.079693,36.878354],[138.081111,36.882099],[138.081243,36.882951],[138.081688,36.883695],[138.081778,36.884251],[138.082668,36.884324],[138.083915,36.883881],[138.084628,36.883249],[138.085963,36.883101],[138.086363,36.882804],[138.086808,36.882137],[138.086765,36.881393],[138.08663,36.880356],[138.085918,36.879094],[138.088322,36.878908],[138.089097,36.879631],[138.089747,36.879614],[138.090102,36.879242],[138.090369,36.878538],[138.091217,36.879317],[138.092374,36.880504],[138.094199,36.88184],[138.096069,36.882804],[138.094734,36.88375],[138.094064,36.883935],[138.092375,36.884827],[138.091127,36.885122],[138.090547,36.885493],[138.089035,36.887274],[138.088233,36.88772],[138.087298,36.888053],[138.085473,36.888128],[138.084983,36.887868],[138.083738,36.888813],[138.081021,36.891411],[138.078884,36.893117],[138.077994,36.89349],[138.077549,36.893896],[138.077727,36.894304],[138.078171,36.894862],[138.079464,36.895269],[138.080754,36.895975],[138.079774,36.896864],[138.078039,36.897979],[138.075679,36.899314],[138.076437,36.899387],[138.077504,36.89987],[138.078172,36.900502],[138.078084,36.901391],[138.077682,36.90217],[138.077504,36.902689],[138.077682,36.903172],[138.076882,36.90332],[138.075057,36.903951],[138.074567,36.902726],[138.073942,36.901874],[138.072962,36.900797],[138.071272,36.89998],[138.069,36.899499],[138.068065,36.899128],[138.067397,36.898312],[138.066108,36.898089],[138.065528,36.897828],[138.065128,36.897087],[138.064238,36.896716],[138.06308,36.89653],[138.062233,36.897718],[138.062278,36.898385],[138.0625,36.898868],[138.063258,36.899537],[138.063303,36.899722],[138.062945,36.89987],[138.06259,36.900536],[138.062768,36.900834],[138.062858,36.901651],[138.062633,36.901651],[138.06201,36.900945],[138.06161,36.900166],[138.06152,36.899757],[138.06103,36.899128],[138.060096,36.898349],[138.060096,36.898607],[138.060676,36.900388]]],[[[138.086186,36.838044],[138.086186,36.839152],[138.083559,36.840189],[138.082046,36.840583],[138.079464,36.841941],[138.076927,36.844334],[138.076034,36.845622],[138.074789,36.846801],[138.073052,36.848303],[138.072208,36.850234],[138.072163,36.851413],[138.071763,36.852092],[138.071495,36.852879],[138.07105,36.853415],[138.070693,36.853379],[138.070515,36.853165],[138.070648,36.852879],[138.070515,36.852485],[138.069848,36.851771],[138.070338,36.850804],[138.070248,36.849519],[138.069535,36.848553],[138.069445,36.847624],[138.069713,36.846301],[138.070515,36.845694],[138.071985,36.844907],[138.073007,36.843405],[138.07332,36.842262],[138.073632,36.841976],[138.075144,36.841691],[138.073097,36.839152],[138.072162,36.83876],[138.071227,36.838437],[138.070605,36.837758],[138.070515,36.837223],[138.071227,36.836758],[138.071762,36.836758],[138.07341,36.837079],[138.073494,36.837054],[138.073537,36.836966],[138.073337,36.836631],[138.072589,36.836],[138.071652,36.835612],[138.070903,36.835167],[138.07059,36.834445],[138.072152,36.83439],[138.07259,36.834167],[138.07309,36.834167],[138.073527,36.83439],[138.073902,36.83439],[138.075089,36.834223],[138.076589,36.834167],[138.076402,36.833945],[138.075402,36.833556],[138.073902,36.833556],[138.072465,36.833778],[138.071527,36.832556],[138.068715,36.832334],[138.06834,36.832001],[138.068465,36.830556],[138.06759,36.829779],[138.065778,36.829112],[138.064715,36.828445],[138.064778,36.827723],[138.065778,36.826612],[138.067028,36.826613],[138.068902,36.827279],[138.070715,36.827279],[138.071715,36.827613],[138.071902,36.826835],[138.069277,36.826335],[138.069153,36.82589],[138.06934,36.825502],[138.070527,36.824835],[138.070652,36.824446],[138.067652,36.82439],[138.066028,36.824668],[138.064215,36.82439],[138.061591,36.822946],[138.06134,36.821946],[138.061653,36.820557],[138.059966,36.81478],[138.060278,36.813947],[138.062716,36.810725],[138.064215,36.809058],[138.063466,36.808836],[138.06309,36.808003],[138.064028,36.804114],[138.063903,36.802615],[138.063466,36.801559],[138.06534,36.801337],[138.064715,36.800615],[138.064153,36.798948],[138.064215,36.797504],[138.064966,36.797559],[138.066653,36.798782],[138.067215,36.798671],[138.06834,36.797615],[138.069653,36.797671],[138.071652,36.797004],[138.07384,36.797449],[138.078964,36.799337],[138.078464,36.796616],[138.078527,36.794838],[138.079027,36.793394],[138.078214,36.793005],[138.074902,36.792505],[138.07409,36.792171],[138.07384,36.791616],[138.074402,36.791338],[138.075777,36.791116],[138.078652,36.788894],[138.079589,36.788839],[138.082089,36.789561],[138.084089,36.788672],[138.083901,36.787172],[138.079839,36.783784],[138.076777,36.780951],[138.076402,36.78034],[138.07684,36.777451],[138.077902,36.77684],[138.078027,36.776396],[138.07784,36.772563],[138.077465,36.771341],[138.07634,36.769952],[138.074715,36.76773],[138.072715,36.766008],[138.073215,36.76573],[138.074028,36.765897],[138.07534,36.765286],[138.07609,36.765453],[138.077028,36.76512],[138.077028,36.764675],[138.07909,36.763731],[138.079652,36.763175],[138.081152,36.762509],[138.081589,36.761842],[138.081652,36.760842],[138.082527,36.762065],[138.082339,36.763175],[138.083527,36.764009],[138.083714,36.764509],[138.083527,36.764786],[138.083652,36.765509],[138.083527,36.766231],[138.084027,36.76662],[138.084089,36.76712],[138.085089,36.768064],[138.082527,36.770563],[138.082902,36.771286],[138.082277,36.772063],[138.082089,36.773896],[138.082402,36.774563],[138.081839,36.775618],[138.082214,36.776174],[138.085339,36.778674],[138.089276,36.783284],[138.091338,36.784895],[138.096275,36.782118],[138.097025,36.781285],[138.097337,36.780341],[138.097962,36.780452],[138.098025,36.780785],[138.0974,36.78234],[138.098462,36.782729],[138.099587,36.783396],[138.100462,36.783507],[138.100775,36.784729],[138.102962,36.788062],[138.102337,36.793284],[138.103836,36.793228],[138.104212,36.79395],[138.103962,36.794672],[138.103211,36.795117],[138.101524,36.795339],[138.099712,36.796561],[138.100337,36.797505],[138.100337,36.798061],[138.099837,36.799116],[138.099462,36.799727],[138.099212,36.800672],[138.098899,36.801338],[138.098837,36.802394],[138.099337,36.803227],[138.100275,36.805449],[138.099274,36.806949],[138.099587,36.809615],[138.098962,36.811282],[138.099462,36.813615],[138.100775,36.81467],[138.101524,36.818337],[138.1009,36.819448],[138.09965,36.819836],[138.098275,36.819392],[138.097025,36.81967],[138.095337,36.82067],[138.095525,36.822058],[138.0954,36.823836],[138.091525,36.826225],[138.090213,36.827724],[138.089713,36.829446],[138.088088,36.830279],[138.086213,36.832557],[138.085651,36.832668],[138.084589,36.831668],[138.084588,36.832835],[138.085276,36.835723],[138.085383,36.83639],[138.086186,36.838044]]],[[[138.069733,36.85525],[138.068933,36.855693],[138.068665,36.856066],[138.068175,36.857031],[138.067508,36.857474],[138.067018,36.857512],[138.066705,36.857178],[138.06635,36.856918],[138.064168,36.858253],[138.063411,36.858403],[138.062698,36.859182],[138.062299,36.859218],[138.061676,36.85907],[138.060564,36.858291],[138.059761,36.858105],[138.059539,36.858774],[138.059984,36.859626],[138.059984,36.860703],[138.059004,36.861482],[138.058426,36.861815],[138.054464,36.862298],[138.053262,36.862371],[138.052104,36.862334],[138.051257,36.862409],[138.050947,36.862632],[138.050902,36.862927],[138.051212,36.8633],[138.051969,36.863634],[138.052859,36.863782],[138.054597,36.863707],[138.055487,36.863967],[138.056289,36.863782],[138.060474,36.863521],[138.062743,36.86304],[138.065058,36.861668],[138.066795,36.86022],[138.068398,36.859293],[138.07018,36.858922],[138.070712,36.858997],[138.070625,36.85933],[138.07018,36.859516],[138.0692,36.859516],[138.067953,36.859997],[138.066395,36.861074],[138.065148,36.862372],[138.064081,36.863336],[138.063056,36.863782],[138.061364,36.86419],[138.059629,36.864376],[138.056022,36.86534],[138.053439,36.865452],[138.051124,36.866156],[138.050725,36.86571],[138.050055,36.865525],[138.04872,36.86571],[138.045515,36.867083],[138.044935,36.867196],[138.044178,36.867677],[138.04409,36.86816],[138.043778,36.868233],[138.043066,36.867937],[138.041151,36.866564],[138.039993,36.866489],[138.039371,36.866304],[138.037856,36.865452],[138.037233,36.864858],[138.037056,36.864337],[138.035363,36.863894],[138.033893,36.862892],[138.032246,36.862],[138.030021,36.861369],[138.029086,36.860775],[138.028684,36.8602],[138.028684,36.858421],[138.027262,36.85779],[138.026059,36.858086],[138.024857,36.858531],[138.023832,36.858569],[138.022942,36.858531],[138.021385,36.857454],[138.022674,36.856119],[138.022764,36.855525],[138.022097,36.854673],[138.022184,36.853857],[138.022274,36.852001],[138.022872,36.850163],[138.022801,36.84948],[138.022301,36.848947],[138.021784,36.847901],[138.021874,36.847382],[138.022052,36.846937],[138.022719,36.846305],[138.022764,36.84601],[138.022229,36.844935],[138.022319,36.844304],[138.023476,36.841669],[138.023699,36.84011],[138.023519,36.839258],[138.022139,36.839331],[138.022006,36.838627],[138.021471,36.838329],[138.020491,36.83755],[138.020491,36.836883],[138.020758,36.836388],[138.020219,36.836388],[138.020594,36.835943],[138.020656,36.83511],[138.019781,36.835277],[138.019031,36.835832],[138.017531,36.835221],[138.017969,36.833499],[138.018906,36.832221],[138.016344,36.830833],[138.016281,36.828722],[138.017406,36.827389],[138.018531,36.825444],[138.019781,36.824],[138.020531,36.823778],[138.022093,36.823611],[138.024218,36.823667],[138.030468,36.824445],[138.032905,36.825056],[138.034155,36.823001],[138.034655,36.821112],[138.03503,36.819279],[138.035468,36.817723],[138.035155,36.816168],[138.045904,36.820835],[138.046717,36.822057],[138.046529,36.82689],[138.045217,36.827723],[138.044967,36.828445],[138.044592,36.828556],[138.042967,36.827889],[138.042467,36.828667],[138.041905,36.828889],[138.040905,36.828889],[138.040342,36.829056],[138.040717,36.830111],[138.040467,36.830945],[138.040967,36.832167],[138.042717,36.831722],[138.043905,36.831945],[138.045467,36.833278],[138.046467,36.834722],[138.047842,36.835389],[138.048092,36.835833],[138.048154,36.836389],[138.048407,36.836389],[138.048452,36.838072],[138.049522,36.841503],[138.050812,36.843209],[138.051524,36.843636],[138.051969,36.843655],[138.052549,36.842951],[138.053171,36.84243],[138.054016,36.842134],[138.054951,36.842282],[138.056734,36.84243],[138.057624,36.84232],[138.058114,36.841986],[138.059226,36.841428],[138.060116,36.840872],[138.060651,36.840686],[138.061363,36.840649],[138.062076,36.840686],[138.063411,36.841318],[138.064525,36.842207],[138.065815,36.842728],[138.06675,36.843247],[138.06715,36.84373],[138.067108,36.844211],[138.066573,36.845436],[138.066215,36.846401],[138.066305,36.847142],[138.067863,36.850204],[138.06862,36.851204],[138.068888,36.851983],[138.068665,36.852727],[138.068665,36.853246],[138.068933,36.853764],[138.069333,36.854804],[138.069733,36.85525]]],[[[138.080709,36.856889],[138.079819,36.857],[138.078974,36.856739],[138.077949,36.856889],[138.077059,36.856444],[138.076034,36.856519],[138.075902,36.856962],[138.074655,36.856258],[138.07372,36.855998],[138.07283,36.85585],[138.07136,36.856443],[138.071228,36.855256],[138.071315,36.854662],[138.073365,36.85295],[138.074032,36.851484],[138.07461,36.850055],[138.075502,36.848303],[138.076704,36.847445],[138.077862,36.84698],[138.079597,36.845657],[138.081956,36.843585],[138.083159,36.843049],[138.084049,36.842906],[138.085873,36.842441],[138.086766,36.842156],[138.087433,36.841727],[138.087076,36.841154],[138.087211,36.840833],[138.087788,36.840798],[138.088455,36.840225],[138.088278,36.838902],[138.088233,36.83639],[138.088341,36.835565],[138.088463,36.835168],[138.088401,36.834723],[138.087838,36.834501],[138.087776,36.833946],[138.089588,36.831668],[138.090775,36.831502],[138.091338,36.831113],[138.091963,36.829113],[138.093338,36.827613],[138.095525,36.826169],[138.0969,36.825003],[138.097712,36.823558],[138.097837,36.822058],[138.098337,36.821503],[138.099525,36.821725],[138.101087,36.821503],[138.102837,36.820781],[138.103774,36.820059],[138.104712,36.820559],[138.106211,36.820948],[138.107024,36.821781],[138.107524,36.821781],[138.108024,36.821503],[138.108649,36.821503],[138.108774,36.821892],[138.108461,36.82267],[138.109836,36.823392],[138.110523,36.823559],[138.112461,36.824336],[138.113023,36.824114],[138.113648,36.824281],[138.113773,36.825003],[138.11696,36.826392],[138.11821,36.82717],[138.118335,36.828114],[138.118585,36.828447],[138.11971,36.828559],[138.126459,36.827504],[138.130209,36.82767],[138.130646,36.826893],[138.131458,36.826726],[138.132146,36.825615],[138.132708,36.825448],[138.133458,36.824615],[138.134521,36.824171],[138.134521,36.823282],[138.135146,36.822838],[138.134896,36.822504],[138.134708,36.821616],[138.137271,36.82156],[138.137771,36.821171],[138.138521,36.82006],[138.138708,36.817172],[138.140395,36.816672],[138.140833,36.816227],[138.143207,36.816228],[138.14377,36.815561],[138.145582,36.815283],[138.148644,36.81445],[138.150832,36.814284],[138.150832,36.815062],[138.151582,36.815561],[138.151894,36.816117],[138.152082,36.818228],[138.152332,36.818561],[138.152894,36.818839],[138.152707,36.819728],[138.151519,36.819505],[138.150707,36.820061],[138.150644,36.820672],[138.151207,36.821283],[138.153394,36.820172],[138.159144,36.821339],[138.159706,36.821839],[138.159268,36.823561],[138.158706,36.826839],[138.160456,36.829116],[138.161268,36.829394],[138.164518,36.829061],[138.164643,36.829672],[138.161018,36.829949],[138.159956,36.829727],[138.158831,36.829894],[138.158081,36.83006],[138.155769,36.83006],[138.152081,36.82906],[138.14502,36.825616],[138.140833,36.829282],[138.14052,36.829949],[138.140708,36.830615],[138.139957,36.832115],[138.139895,36.834171],[138.140395,36.835337],[138.141957,36.836393],[138.141614,36.836393],[138.141925,36.83669],[138.139967,36.836876],[138.13725,36.836913],[138.136628,36.837284],[138.13596,36.838138],[138.135203,36.840067],[138.13498,36.840475],[138.13498,36.840884],[138.135203,36.84155],[138.135915,36.842775],[138.136227,36.844965],[138.135782,36.845336],[138.13507,36.845558],[138.1332,36.845631],[138.132085,36.846819],[138.131685,36.84782],[138.13182,36.848747],[138.132443,36.84975],[138.132575,36.850214],[138.131463,36.850456],[138.12986,36.849491],[138.129326,36.848674],[138.128078,36.848524],[138.127011,36.848043],[138.125009,36.847449],[138.123806,36.847559],[138.122691,36.848524],[138.121566,36.848936],[138.118254,36.848609],[138.117572,36.849192],[138.116637,36.849823],[138.114905,36.850419],[138.11455,36.849944],[138.112853,36.8496],[138.111963,36.849006],[138.111518,36.848117],[138.110583,36.846817],[138.10938,36.846409],[138.108178,36.845779],[138.107466,36.845186],[138.107288,36.844627],[138.106933,36.844109],[138.106041,36.843886],[138.104661,36.843923],[138.103816,36.843515],[138.102436,36.843181],[138.101099,36.843219],[138.099632,36.84359],[138.098474,36.844517],[138.098562,36.845814],[138.099187,36.847373],[138.098874,36.847633],[138.098117,36.847633],[138.097137,36.847781],[138.096737,36.848116],[138.096647,36.848449],[138.097182,36.849228],[138.097137,36.849895],[138.096469,36.84997],[138.095045,36.849674],[138.094332,36.850007],[138.09362,36.851064],[138.092998,36.851399],[138.091528,36.851657],[138.090548,36.851622],[138.090238,36.852065],[138.090015,36.85214],[138.08939,36.851955],[138.088945,36.851472],[138.08819,36.851436],[138.087833,36.851807],[138.087788,36.852696],[138.087478,36.85318],[138.086943,36.853403],[138.085741,36.85329],[138.085383,36.853438],[138.085161,36.853736],[138.084406,36.854367],[138.083648,36.854402],[138.082936,36.854552],[138.081779,36.855331],[138.081334,36.856333],[138.080709,36.856889]]],[[[138.246885,36.83223],[138.245135,36.83273],[138.244698,36.83273],[138.243322,36.832008],[138.242823,36.831897],[138.24251,36.832286],[138.242885,36.832897],[138.243073,36.833841],[138.24326,36.834286],[138.243073,36.835064],[138.24326,36.835619],[138.242884,36.836397],[138.242593,36.837217],[138.242385,36.837422],[138.241593,36.837422],[138.241263,36.837117],[138.241011,36.836397],[138.240573,36.83573],[138.24001,36.835619],[138.239631,36.836397],[138.239231,36.83679],[138.238161,36.837432],[138.237893,36.838648],[138.237226,36.839292],[138.235846,36.839684],[138.234688,36.840506],[138.233219,36.840436],[138.232906,36.839792],[138.232196,36.839004],[138.231794,36.838005],[138.230191,36.838934],[138.229656,36.839506],[138.228634,36.839792],[138.227387,36.8404],[138.226719,36.841006],[138.226319,36.841221],[138.225872,36.841221],[138.221555,36.840614],[138.219105,36.840577],[138.218305,36.840685],[138.213363,36.84097],[138.210868,36.841185],[138.209533,36.841043],[138.209801,36.840399],[138.209711,36.839468],[138.209356,36.838254],[138.208632,36.836396],[138.207888,36.83484],[138.207888,36.833229],[138.205451,36.828729],[138.205014,36.828674],[138.204576,36.829952],[138.203826,36.830118],[138.202701,36.829618],[138.202639,36.828507],[138.201827,36.82823],[138.201701,36.827674],[138.201827,36.827118],[138.199952,36.82723],[138.198139,36.826895],[138.19639,36.825729],[138.195452,36.824729],[138.196639,36.824284],[138.19689,36.823451],[138.196827,36.822618],[138.197139,36.822062],[138.196827,36.82084],[138.198452,36.820341],[138.199577,36.820675],[138.201639,36.819952],[138.206639,36.819119],[138.208889,36.81862],[138.212013,36.818397],[138.213076,36.817675],[138.214825,36.81562],[138.217388,36.815231],[138.218263,36.814231],[138.218513,36.813009],[138.220888,36.810343],[138.221512,36.810343],[138.2222,36.81101],[138.223575,36.810343],[138.2252,36.809954],[138.225887,36.810565],[138.226137,36.811565],[138.227574,36.812454],[138.228887,36.812787],[138.231824,36.812899],[138.233261,36.813732],[138.233824,36.815121],[138.234386,36.815732],[138.237323,36.817454],[138.239386,36.819287],[138.240698,36.819676],[138.242198,36.819676],[138.246197,36.818287],[138.246885,36.818509],[138.246885,36.818565],[138.24726,36.818621],[138.248322,36.819287],[138.24876,36.820509],[138.251572,36.82312],[138.253135,36.824342],[138.254697,36.825898],[138.256447,36.827953],[138.254322,36.829509],[138.253697,36.830342],[138.252259,36.830564],[138.250509,36.831008],[138.249259,36.832175],[138.247947,36.832064],[138.246885,36.83223]]],[[[138.104351,36.852066],[138.104083,36.852659],[138.101546,36.852437],[138.101056,36.851732],[138.101011,36.851214],[138.101144,36.851028],[138.102346,36.850064],[138.103014,36.848654],[138.103416,36.848654],[138.103726,36.848987],[138.104129,36.84932],[138.105286,36.849618],[138.104351,36.852066]]],[[[138.129815,36.856038],[138.127991,36.855149],[138.125764,36.855334],[138.124964,36.855259],[138.123539,36.854555],[138.121134,36.854702],[138.120912,36.854888],[138.121089,36.855183],[138.121002,36.855406],[138.120199,36.855481],[138.119932,36.855704],[138.119844,36.856112],[138.119664,36.856335],[138.118864,36.856371],[138.118107,36.855852],[138.117262,36.855591],[138.115212,36.855481],[138.116414,36.854925],[138.117884,36.854554],[138.119664,36.853886],[138.120734,36.853181],[138.119887,36.852032],[138.120822,36.851363],[138.123806,36.850547],[138.127411,36.850659],[138.128568,36.850918],[138.128613,36.851512],[138.129503,36.851957],[138.132678,36.851935],[138.133065,36.852328],[138.133378,36.853182],[138.132933,36.854295],[138.132665,36.855407],[138.131285,36.856076],[138.129815,36.856038]]],[[[138.090393,36.854896],[138.090703,36.854576],[138.093197,36.854932],[138.094087,36.854896],[138.094845,36.854576],[138.096002,36.853609],[138.096847,36.853397],[138.096982,36.854111],[138.097292,36.854326],[138.095067,36.856005],[138.093955,36.856719],[138.093062,36.856684],[138.091817,36.856398],[138.090615,36.857077],[138.090303,36.857077],[138.090525,36.856219],[138.090393,36.855325],[138.090393,36.854896]]],[[[138.118419,36.860972],[138.118419,36.860601],[138.118687,36.860266],[138.119354,36.858041],[138.119887,36.857671],[138.120332,36.857596],[138.121269,36.85715],[138.122069,36.85626],[138.122691,36.855815],[138.122959,36.855852],[138.123094,36.856298],[138.122336,36.857558],[138.121846,36.858746],[138.121979,36.859525],[138.120467,36.860712],[138.119844,36.86101],[138.119264,36.86112],[138.118419,36.860972]]],[[[138.176631,36.867967],[138.173801,36.868188],[138.173239,36.867907],[138.172939,36.868094],[138.172714,36.867938],[138.172451,36.867938],[138.172339,36.867063],[138.172904,36.867011],[138.173046,36.866511],[138.173046,36.866294],[138.172474,36.866188],[138.172616,36.86583],[138.173791,36.865674],[138.174811,36.865136],[138.175886,36.865949],[138.176331,36.866511],[138.176576,36.866532],[138.176464,36.867094],[138.176631,36.867967]]],[[[138.021562,36.864197],[138.018445,36.866234],[138.015595,36.868199],[138.015195,36.868163],[138.014128,36.867772],[138.012301,36.867484],[138.011143,36.867628],[138.010121,36.868057],[138.009318,36.867557],[138.008293,36.867484],[138.007358,36.867163],[138.005801,36.867234],[138.004643,36.867519],[138.004108,36.867592],[138.003264,36.867877],[138.002194,36.868092],[138.000814,36.867733],[138.000591,36.867592],[138.000324,36.866877],[138.000058,36.866625],[137.999124,36.866304],[137.997209,36.865375],[137.997164,36.865125],[137.997609,36.864446],[137.997519,36.863444],[137.996908,36.862138],[137.996908,36.861592],[137.997654,36.860119],[137.998008,36.85894],[137.997921,36.857118],[137.998898,36.855187],[137.999568,36.854901],[138.001171,36.854901],[138.00246,36.854222],[138.00402,36.852973],[138.007715,36.850827],[138.008205,36.850792],[138.010162,36.851077],[138.011587,36.851148],[138.013647,36.8523],[138.015327,36.852865],[138.015685,36.853373],[138.016307,36.854008],[138.01555,36.85476],[138.015372,36.855331],[138.01555,36.856619],[138.015862,36.857227],[138.015595,36.857798],[138.01466,36.858656],[138.014483,36.859514],[138.013593,36.860514],[138.013725,36.860729],[138.014838,36.860622],[138.015862,36.860372],[138.017687,36.860658],[138.018845,36.861122],[138.020537,36.862695],[138.021562,36.864197]]],[[[138.176631,36.867967],[138.177851,36.869509],[138.176763,36.869625],[138.176416,36.869534],[138.175301,36.869094],[138.174139,36.868938],[138.172789,36.869126],[138.173014,36.8715],[138.173276,36.872063],[138.168027,36.870938],[138.167839,36.86875],[138.167352,36.866472],[138.167764,36.86644],[138.168852,36.86594],[138.171214,36.864972],[138.171439,36.865503],[138.171784,36.865424],[138.172501,36.865149],[138.172414,36.864253],[138.172489,36.863909],[138.174476,36.863597],[138.174964,36.864034],[138.175844,36.864957],[138.176576,36.866532],[138.176331,36.866511],[138.175886,36.865949],[138.174811,36.865136],[138.173791,36.865674],[138.172616,36.86583],[138.172474,36.866188],[138.173046,36.866294],[138.173046,36.866511],[138.172904,36.867011],[138.172339,36.867063],[138.172451,36.867938],[138.172714,36.867938],[138.172939,36.868094],[138.173239,36.867907],[138.173801,36.868188],[138.176631,36.867967]]],[[[138.053275,36.881421],[138.052117,36.881601],[138.05176,36.8811],[138.050113,36.880028],[138.049535,36.879492],[138.047353,36.878134],[138.04722,36.877811],[138.048065,36.877203],[138.049,36.876953],[138.049,36.876632],[138.047933,36.876168],[138.046595,36.876097],[138.04535,36.876132],[138.04468,36.877382],[138.042856,36.877203],[138.042366,36.876453],[138.042056,36.875774],[138.040853,36.876668],[138.040096,36.875095],[138.039651,36.874701],[138.037781,36.872343],[138.036801,36.87177],[138.038316,36.871199],[138.040408,36.87027],[138.040898,36.870949],[138.04468,36.871199],[138.045305,36.870377],[138.046327,36.870556],[138.047085,36.870233],[138.048332,36.869983],[138.047975,36.869483],[138.047975,36.869089],[138.0486,36.868983],[138.050025,36.867625],[138.051537,36.867267],[138.052652,36.867337],[138.054209,36.866767],[138.054877,36.866767],[138.055009,36.867875],[138.055457,36.868017],[138.056434,36.867731],[138.057369,36.868017],[138.057859,36.867767],[138.058349,36.867696],[138.059819,36.868196],[138.060931,36.86834],[138.060396,36.868983],[138.057549,36.872093],[138.056169,36.874272],[138.056034,36.875024],[138.0555,36.876274],[138.0551,36.876989],[138.054432,36.877811],[138.05381,36.87874],[138.053185,36.880742],[138.053275,36.881421]]],[[[138.096069,36.882804],[138.094199,36.88184],[138.092374,36.880504],[138.091217,36.879317],[138.090369,36.878538],[138.090102,36.879242],[138.089747,36.879614],[138.089097,36.879631],[138.088322,36.878908],[138.085918,36.879094],[138.08663,36.880356],[138.086765,36.881393],[138.086808,36.882137],[138.086363,36.882804],[138.085963,36.883101],[138.084628,36.883249],[138.083915,36.883881],[138.082668,36.884324],[138.081778,36.884251],[138.081688,36.883695],[138.081243,36.882951],[138.081111,36.882099],[138.079693,36.878354],[138.079595,36.876514],[138.079623,36.876123],[138.08119,36.875862],[138.081198,36.874846],[138.081688,36.873954],[138.0824,36.873292],[138.084775,36.871982],[138.087055,36.870853],[138.088657,36.87023],[138.089969,36.869949],[138.094783,36.867647],[138.095816,36.86741],[138.096646,36.866054],[138.098338,36.865756],[138.099939,36.864514],[138.101409,36.864329],[138.104036,36.863438],[138.105326,36.863067],[138.106261,36.864552],[138.107332,36.865071],[138.107999,36.864958],[138.109379,36.864959],[138.109691,36.864811],[138.110803,36.863365],[138.111293,36.86329],[138.112183,36.862994],[138.113162,36.863476],[138.113208,36.863994],[138.11343,36.864477],[138.115798,36.865215],[138.117471,36.866699],[138.117863,36.86759],[138.120213,36.867828],[138.120198,36.867186],[138.120438,36.866534],[138.122914,36.860802],[138.123966,36.861318],[138.124411,36.861998],[138.124501,36.862535],[138.125124,36.86325],[138.126458,36.863964],[138.126861,36.864499],[138.126948,36.865179],[138.127261,36.865645],[138.127261,36.866501],[138.128286,36.866216],[138.129561,36.867901],[138.129583,36.868789],[138.130243,36.86947],[138.131091,36.869826],[138.131092,36.87047],[138.130289,36.871149],[138.130602,36.871828],[138.130557,36.872328],[138.130957,36.873151],[138.131224,36.873401],[138.132114,36.872793],[138.132739,36.872507],[138.133494,36.872972],[138.133984,36.873509],[138.133229,36.873522],[138.133806,36.874191],[138.135366,36.874524],[138.136166,36.87508],[138.136611,36.876157],[138.136344,36.877232],[138.136034,36.877678],[138.135854,36.877455],[138.136034,36.876899],[138.135409,36.876565],[138.135009,36.878049],[138.134711,36.878503],[138.134711,36.877799],[138.134401,36.877465],[138.133376,36.87713],[138.132644,36.876407],[138.130617,36.876055],[138.129682,36.875719],[138.129502,36.875349],[138.12928,36.874682],[138.128477,36.874238],[138.12643,36.874126],[138.125807,36.874051],[138.125453,36.873234],[138.12513,36.872963],[138.123893,36.873086],[138.123848,36.872122],[138.123583,36.871788],[138.122425,36.871713],[138.120605,36.872696],[138.117929,36.872529],[138.117484,36.871638],[138.113074,36.871898],[138.112097,36.872787],[138.112361,36.873754],[138.112184,36.87416],[138.110894,36.873827],[138.110137,36.874012],[138.109202,36.873939],[138.108267,36.873604],[138.106262,36.873603],[138.10573,36.873826],[138.105595,36.874866],[138.105372,36.875124],[138.10484,36.875199],[138.103458,36.874087],[138.103148,36.874124],[138.10269,36.874268],[138.102523,36.874903],[138.102258,36.875459],[138.102033,36.876461],[138.101143,36.87748],[138.100431,36.877888],[138.100164,36.878296],[138.099899,36.879446],[138.096069,36.882804]]],[[[138.002909,36.869542],[138.003399,36.870935],[138.003486,36.873152],[138.004466,36.874545],[137.999524,36.872866],[137.996909,36.871858],[137.995614,36.871743],[137.995124,36.871558],[137.994234,36.870779],[137.993389,36.870518],[137.992052,36.87037],[137.991562,36.870147],[137.989247,36.871816],[137.989069,36.872151],[137.988802,36.872484],[137.987244,36.872632],[137.986532,36.873003],[137.985284,36.874303],[137.985729,36.874932],[137.985774,36.8761],[137.985419,36.876879],[137.985374,36.877881],[137.984972,36.877994],[137.984707,36.878365],[137.984707,36.879885],[137.98444,36.880369],[137.984395,36.880739],[137.984707,36.881258],[137.985152,36.881666],[137.98662,36.882556],[137.986577,36.883039],[137.98613,36.88341],[137.983682,36.887899],[137.982302,36.88749],[137.98101,36.886786],[137.980387,36.886341],[137.977538,36.885005],[137.976603,36.884616],[137.97509,36.884301],[137.972908,36.884468],[137.972463,36.884393],[137.971483,36.884578],[137.97086,36.884503],[137.967653,36.884986],[137.965298,36.884788],[137.963913,36.884207],[137.962978,36.883965],[137.962978,36.883334],[137.963201,36.883076],[137.964671,36.882259],[137.965383,36.881741],[137.965961,36.880664],[137.966896,36.878624],[137.966941,36.876435],[137.966319,36.873596],[137.965561,36.871852],[137.965026,36.870925],[137.964404,36.870406],[137.963201,36.869998],[137.960842,36.869775],[137.960174,36.869367],[137.959862,36.868773],[137.960397,36.867438],[137.960397,36.866732],[137.960219,36.865805],[137.959684,36.865359],[137.958927,36.864598],[137.95786,36.862855],[137.957147,36.862411],[137.95599,36.862188],[137.954565,36.862298],[137.95323,36.86163],[137.950958,36.861519],[137.947663,36.859071],[137.947131,36.858478],[137.946818,36.857624],[137.945216,36.856141],[137.943792,36.854916],[137.943169,36.853932],[137.943302,36.851668],[137.944147,36.850518],[137.945751,36.84859],[137.946196,36.847515],[137.946463,36.847031],[137.947131,36.846661],[137.947798,36.846475],[137.947843,36.845621],[137.948066,36.844992],[137.948643,36.844621],[137.948643,36.843767],[137.948955,36.843544],[137.950068,36.843545],[137.950558,36.843249],[137.950825,36.842895],[137.951048,36.842301],[137.951225,36.844082],[137.95185,36.845197],[137.952605,36.845863],[137.953498,36.846309],[137.95452,36.846532],[137.95461,36.847236],[137.955145,36.847905],[137.957057,36.849981],[137.959107,36.851838],[137.960797,36.853135],[137.961244,36.854823],[137.962981,36.855079],[137.965561,36.855714],[137.963651,36.857602],[137.965026,36.857754],[137.966896,36.858275],[137.967653,36.85831],[137.969568,36.858125],[137.970236,36.858348],[137.971215,36.85831],[137.973175,36.857644],[137.974465,36.858571],[137.976692,36.858423],[137.97883,36.858125],[137.979185,36.857848],[137.979095,36.85733],[137.97972,36.856661],[137.980255,36.856884],[137.983549,36.85859],[137.987376,36.859925],[137.989424,36.86],[137.992229,36.860927],[137.993744,36.860928],[137.996908,36.858034],[137.997528,36.857707],[137.997921,36.857118],[137.998008,36.85894],[137.997654,36.860119],[137.996908,36.861592],[137.996908,36.862138],[137.997519,36.863444],[137.997609,36.864446],[137.997164,36.865125],[137.997209,36.865375],[137.999124,36.866304],[138.000058,36.866625],[138.000324,36.866877],[138.000591,36.867592],[138.000814,36.867733],[138.002194,36.868092],[138.002909,36.869542]]],[[[137.996314,36.895315],[137.992497,36.895152],[137.990717,36.895486],[137.988979,36.896042],[137.987555,36.896748],[137.986577,36.897898],[137.985329,36.8989],[137.984127,36.899494],[137.983237,36.899641],[137.981367,36.899498],[137.980297,36.899233],[137.97745,36.897823],[137.976157,36.897379],[137.975177,36.897304],[137.973932,36.897304],[137.973262,36.897452],[137.972862,36.897156],[137.97273,36.896747],[137.972685,36.895448],[137.972818,36.89441],[137.97322,36.893556],[137.97442,36.892406],[137.975045,36.891367],[137.975622,36.890625],[137.976692,36.888549],[137.976693,36.887899],[137.975845,36.886045],[137.975845,36.885709],[137.97509,36.884301],[137.976603,36.884616],[137.977538,36.885005],[137.980387,36.886341],[137.98101,36.886786],[137.982302,36.88749],[137.983682,36.887899],[137.98613,36.88341],[137.986577,36.883039],[137.98662,36.882556],[137.985152,36.881666],[137.984707,36.881258],[137.984395,36.880739],[137.98444,36.880369],[137.984707,36.879885],[137.984707,36.878365],[137.984972,36.877994],[137.985374,36.877881],[137.985419,36.876879],[137.985774,36.8761],[137.985729,36.874932],[137.985284,36.874303],[137.986532,36.873003],[137.987244,36.872632],[137.988802,36.872484],[137.989069,36.872151],[137.989247,36.871816],[137.991562,36.870147],[137.992052,36.87037],[137.993389,36.870518],[137.994234,36.870779],[137.995124,36.871558],[137.995614,36.871743],[137.996909,36.871858],[137.999524,36.872866],[138.004466,36.874545],[138.003486,36.873152],[138.003399,36.870935],[138.002909,36.869542],[138.003799,36.869542],[138.005178,36.868754],[138.006026,36.868969],[138.007048,36.869971],[138.008873,36.870721],[138.010701,36.871044],[138.011368,36.871794],[138.011768,36.872115],[138.011368,36.872365],[138.011191,36.872402],[138.011191,36.872758],[138.011946,36.873331],[138.012258,36.873937],[138.013326,36.873546],[138.014218,36.873617],[138.014886,36.87426],[138.015998,36.874404],[138.017068,36.87544],[138.017246,36.876154],[138.018046,36.876727],[138.01898,36.877012],[138.019783,36.877585],[138.019873,36.877906],[138.017601,36.878406],[138.015331,36.878406],[138.013773,36.878229],[138.009854,36.878299],[138.009141,36.878514],[138.009009,36.878834],[138.009766,36.880265],[138.009899,36.881515],[138.010256,36.882121],[138.010212,36.883048],[138.010254,36.886254],[138.009647,36.886229],[138.007554,36.88671],[138.004214,36.887304],[137.999942,36.888416],[137.998649,36.888676],[137.998604,36.88927],[137.99691,36.89137],[137.996314,36.892488],[137.996515,36.89503],[137.996314,36.895315]]],[[[138.078573,36.875458],[138.079641,36.882545],[138.079908,36.883472],[138.080444,36.88733],[138.078216,36.88744],[138.076034,36.888257],[138.075056,36.888442],[138.074831,36.88874],[138.075011,36.889334],[138.074831,36.890113],[138.073897,36.890892],[138.073097,36.891262],[138.070914,36.891523],[138.06869,36.892152],[138.067575,36.892152],[138.065037,36.891485],[138.06397,36.89347],[138.0629,36.894137],[138.06241,36.89462],[138.062188,36.895472],[138.061743,36.895808],[138.060763,36.895287],[138.060453,36.89436],[138.059473,36.894137],[138.058983,36.893691],[138.058583,36.892654],[138.057735,36.892541],[138.05787,36.8918],[138.05738,36.890241],[138.056668,36.889981],[138.056046,36.889425],[138.056446,36.888275],[138.056532,36.886754],[138.056622,36.886456],[138.057067,36.886494],[138.057202,36.886198],[138.056667,36.885865],[138.055152,36.884527],[138.054975,36.884194],[138.055642,36.88349],[138.056935,36.882969],[138.05689,36.882711],[138.056177,36.882265],[138.05698,36.881894],[138.059026,36.880317],[138.061251,36.877868],[138.062499,36.87631],[138.064146,36.874456],[138.065258,36.873564],[138.066373,36.873008],[138.067531,36.872564],[138.06793,36.87134],[138.069043,36.870708],[138.069133,36.871117],[138.069488,36.87134],[138.070335,36.871192],[138.071135,36.87134],[138.073272,36.872081],[138.074297,36.872063],[138.075232,36.871692],[138.07581,36.872025],[138.075945,36.872731],[138.075667,36.873035],[138.07574,36.873406],[138.075205,36.87375],[138.075348,36.874094],[138.075171,36.874523],[138.074528,36.874837],[138.074601,36.875637],[138.074316,36.876037],[138.075171,36.876725],[138.075741,36.875981],[138.076738,36.875637],[138.077841,36.875466],[138.078573,36.875458]]],[[[137.972908,36.884468],[137.973665,36.884911],[137.974155,36.885505],[137.974243,36.886397],[137.97509,36.887509],[137.975312,36.888363],[137.975132,36.888957],[137.97491,36.889327],[137.974123,36.889707],[137.973638,36.890229],[137.973665,36.890663],[137.97353,36.891367],[137.97304,36.892183],[137.971705,36.89311],[137.971528,36.893408],[137.971392,36.896858],[137.971527,36.897564],[137.972017,36.898268],[137.970502,36.898528],[137.969835,36.898751],[137.968055,36.899009],[137.966185,36.899584],[137.965293,36.898139],[137.965918,36.897507],[137.96663,36.89632],[137.96752,36.894652],[137.967743,36.893389],[137.967698,36.892164],[137.967386,36.89109],[137.966673,36.889642],[137.966096,36.888975],[137.965251,36.888382],[137.964181,36.887231],[137.963646,36.886377],[137.963113,36.885265],[137.962978,36.883965],[137.963913,36.884207],[137.965298,36.884788],[137.967653,36.884986],[137.97086,36.884503],[137.971483,36.884578],[137.972463,36.884393],[137.972908,36.884468]]],[[[137.980297,36.899233],[137.97932,36.899029],[137.97678,36.899029],[137.975132,36.899251],[137.973707,36.89977],[137.972995,36.900253],[137.97037,36.900847],[137.969345,36.900734],[137.968055,36.900401],[137.966185,36.899584],[137.968055,36.899009],[137.969835,36.898751],[137.970502,36.898528],[137.972017,36.898268],[137.971527,36.897564],[137.971392,36.896858],[137.971528,36.893408],[137.971705,36.89311],[137.97304,36.892183],[137.97353,36.891367],[137.973665,36.890663],[137.973638,36.890229],[137.974123,36.889707],[137.97491,36.889327],[137.975132,36.888957],[137.975312,36.888363],[137.97509,36.887509],[137.974243,36.886397],[137.974155,36.885505],[137.973665,36.884911],[137.972908,36.884468],[137.97509,36.884301],[137.975845,36.885709],[137.975845,36.886045],[137.976693,36.887899],[137.976692,36.888549],[137.975622,36.890625],[137.975045,36.891367],[137.97442,36.892406],[137.97322,36.893556],[137.972818,36.89441],[137.972685,36.895448],[137.97273,36.896747],[137.972862,36.897156],[137.973262,36.897452],[137.973932,36.897304],[137.975177,36.897304],[137.976157,36.897379],[137.97745,36.897823],[137.980297,36.899233]]],[[[138.141255,36.901617],[138.140718,36.902022],[138.14027,36.901946],[138.138936,36.901242],[138.137601,36.900426],[138.136176,36.900278],[138.135419,36.900092],[138.135064,36.899832],[138.134306,36.899794],[138.133949,36.899534],[138.133684,36.899201],[138.133416,36.899128],[138.132214,36.899163],[138.131724,36.898978],[138.13079,36.898311],[138.129942,36.898311],[138.129542,36.898088],[138.128512,36.896099],[138.12785,36.895267],[138.127228,36.894303],[138.126693,36.893784],[138.125448,36.893115],[138.124556,36.892059],[138.124601,36.891353],[138.124868,36.890759],[138.124468,36.890426],[138.124333,36.889908],[138.124423,36.889201],[138.124868,36.889499],[138.125358,36.888387],[138.12607,36.8872],[138.127005,36.886641],[138.127808,36.886421],[138.126915,36.886048],[138.12598,36.885381],[138.124645,36.884639],[138.123711,36.884008],[138.122153,36.883525],[138.121038,36.883414],[138.118679,36.883452],[138.118191,36.883266],[138.117521,36.882597],[138.117211,36.880929],[138.115387,36.880964],[138.114407,36.880928],[138.112225,36.88178],[138.111825,36.882226],[138.111335,36.882968],[138.109732,36.882709],[138.109375,36.882374],[138.108752,36.882336],[138.107238,36.883153],[138.106393,36.883115],[138.104655,36.879388],[138.103543,36.877422],[138.102523,36.874903],[138.10269,36.874268],[138.103148,36.874124],[138.103458,36.874087],[138.10484,36.875199],[138.105372,36.875124],[138.105595,36.874866],[138.10573,36.873826],[138.106262,36.873603],[138.108267,36.873604],[138.109202,36.873939],[138.110137,36.874012],[138.110894,36.873827],[138.112184,36.87416],[138.112361,36.873754],[138.112097,36.872787],[138.113074,36.871898],[138.117484,36.871638],[138.117929,36.872529],[138.120605,36.872696],[138.122425,36.871713],[138.123583,36.871788],[138.123848,36.872122],[138.123893,36.873086],[138.12513,36.872963],[138.125453,36.873234],[138.125807,36.874051],[138.12643,36.874126],[138.128477,36.874238],[138.12928,36.874682],[138.129502,36.875349],[138.129682,36.875719],[138.130617,36.876055],[138.132644,36.876407],[138.133376,36.87713],[138.134401,36.877465],[138.134711,36.877799],[138.134666,36.878986],[138.135201,36.879357],[138.136981,36.87958],[138.138941,36.879209],[138.14228,36.878245],[138.145429,36.878661],[138.146864,36.879059],[138.151341,36.880028],[138.152563,36.879357],[138.154878,36.879914],[138.155278,36.880136],[138.158485,36.880174],[138.159552,36.879914],[138.16089,36.879914],[138.16078,36.88132],[138.162179,36.881082],[138.163772,36.880903],[138.168652,36.880964],[138.173353,36.88123],[138.178698,36.881306],[138.179765,36.881231],[138.17972,36.881972],[138.179498,36.882716],[138.179098,36.883087],[138.178653,36.883753],[138.178476,36.884312],[138.178608,36.88483],[138.17905,36.885445],[138.176248,36.885349],[138.173576,36.88483],[138.171606,36.884228],[138.169214,36.884311],[138.167831,36.884286],[138.167119,36.884138],[138.165429,36.884274],[138.162632,36.884286],[138.160532,36.883865],[138.159285,36.883865],[138.156925,36.883605],[138.158307,36.884645],[138.15964,36.88583],[138.155828,36.886632],[138.152431,36.8875],[138.150702,36.887981],[138.148469,36.888725],[138.145753,36.889875],[138.145353,36.891044],[138.14504,36.891341],[138.143705,36.89186],[138.139743,36.892714],[138.139698,36.892862],[138.140498,36.895607],[138.140633,36.897424],[138.139743,36.897388],[138.139341,36.897609],[138.141568,36.900653],[138.141255,36.901617]]],[[[137.99691,36.896525],[137.996505,36.896748],[137.994769,36.898379],[137.993654,36.899679],[137.991429,36.902498],[137.990449,36.902906],[137.988979,36.903166],[137.987689,36.903056],[137.986042,36.903056],[137.984127,36.902758],[137.983592,36.902497],[137.983102,36.901831],[137.982837,36.900904],[137.982389,36.900345],[137.981054,36.899566],[137.980297,36.899233],[137.981367,36.899498],[137.982525,36.899604],[137.983237,36.899641],[137.984127,36.899494],[137.985329,36.8989],[137.986577,36.897898],[137.987555,36.896748],[137.988979,36.896042],[137.990717,36.895486],[137.992497,36.895152],[137.996314,36.895315],[137.99691,36.895863],[137.997292,36.896373],[137.99691,36.896525]]],[[[138.211152,36.906255],[138.209594,36.906182],[138.208482,36.90633],[138.206745,36.906997],[138.206255,36.906997],[138.20541,36.906776],[138.204385,36.906849],[138.20305,36.907072],[138.199398,36.908259],[138.197173,36.908592],[138.195748,36.909261],[138.195036,36.909372],[138.191429,36.909038],[138.188134,36.909149],[138.184797,36.909892],[138.182747,36.909817],[138.179855,36.909317],[138.17518,36.908982],[138.174646,36.908611],[138.173621,36.908611],[138.173131,36.908203],[138.172776,36.907609],[138.172286,36.907536],[138.171618,36.907646],[138.170951,36.90709],[138.169971,36.907015],[138.169526,36.90683],[138.168724,36.906126],[138.168724,36.905161],[138.168146,36.90479],[138.167344,36.904605],[138.165829,36.903861],[138.164449,36.903047],[138.164049,36.902491],[138.162982,36.901709],[138.162357,36.901561],[138.161558,36.900634],[138.160846,36.900487],[138.160088,36.899726],[138.159866,36.898539],[138.159598,36.898131],[138.158841,36.897908],[138.157328,36.89646],[138.156526,36.896052],[138.155146,36.895608],[138.154656,36.8952],[138.153722,36.895422],[138.152964,36.895533],[138.152164,36.895347],[138.151629,36.89531],[138.151342,36.895653],[138.151414,36.896041],[138.151852,36.896201],[138.152832,36.895941],[138.152697,36.897276],[138.152164,36.897314],[138.148157,36.898724],[138.14731,36.898686],[138.14562,36.899318],[138.144772,36.899799],[138.14406,36.900059],[138.143527,36.901061],[138.141255,36.901617],[138.141568,36.900653],[138.139341,36.897609],[138.139743,36.897388],[138.140633,36.897424],[138.140498,36.895607],[138.139698,36.892862],[138.139743,36.892714],[138.143705,36.89186],[138.14504,36.891341],[138.145353,36.891044],[138.145753,36.889875],[138.148469,36.888725],[138.150702,36.887981],[138.152431,36.8875],[138.155828,36.886632],[138.15964,36.88583],[138.158307,36.884645],[138.156925,36.883605],[138.159285,36.883865],[138.160532,36.883865],[138.162632,36.884286],[138.165429,36.884274],[138.167119,36.884138],[138.167831,36.884286],[138.169214,36.884311],[138.171606,36.884228],[138.173576,36.88483],[138.176248,36.885349],[138.17905,36.885445],[138.181445,36.885747],[138.18159,36.885924],[138.182347,36.886332],[138.183862,36.886778],[138.185597,36.886815],[138.186754,36.88637],[138.186265,36.893252],[138.186222,36.895848],[138.186754,36.897481],[138.187199,36.898612],[138.187602,36.899318],[138.187467,36.899504],[138.18542,36.899652],[138.18315,36.900097],[138.182747,36.900283],[138.182747,36.900839],[138.182927,36.90121],[138.183237,36.90147],[138.186889,36.902768],[138.188047,36.903101],[138.190271,36.903399],[138.192676,36.903437],[138.193611,36.903251],[138.194946,36.903324],[138.196506,36.903547],[138.199265,36.90351],[138.199978,36.902991],[138.200378,36.902806],[138.201757,36.902953],[138.20216,36.902916],[138.202872,36.902472],[138.203717,36.902472],[138.20443,36.902174],[138.205007,36.902137],[138.205632,36.90236],[138.206655,36.903472],[138.207547,36.904251],[138.208614,36.90481],[138.209949,36.905068],[138.210929,36.905662],[138.211152,36.906255]]],[[[138.206677,36.909821],[138.204877,36.90952],[138.202028,36.909834],[138.199446,36.910442],[138.196061,36.911515],[138.194636,36.911621],[138.193211,36.91148],[138.191564,36.91148],[138.190319,36.911051],[138.188449,36.911265],[138.18275,36.911157],[138.178278,36.910688],[138.175895,36.910771],[138.175178,36.911123],[138.174526,36.910525],[138.173775,36.910525],[138.173023,36.910144],[138.172111,36.909873],[138.171523,36.91009],[138.170578,36.909627],[138.169663,36.909682],[138.168001,36.908948],[138.166727,36.90805],[138.165782,36.907671],[138.164362,36.907377],[138.16325,36.905857],[138.161603,36.90467],[138.161113,36.904632],[138.160313,36.904076],[138.160133,36.903372],[138.159783,36.902986],[138.156438,36.902184],[138.154926,36.901961],[138.154481,36.902109],[138.150784,36.902703],[138.149419,36.90177],[138.148559,36.901813],[138.148025,36.902332],[138.14798,36.902703],[138.148647,36.903482],[138.149317,36.90378],[138.149404,36.903965],[138.148159,36.905225],[138.147669,36.906023],[138.148159,36.906729],[138.147979,36.907323],[138.146194,36.907842],[138.145055,36.907956],[138.14445,36.908358],[138.143487,36.908673],[138.142952,36.908785],[138.141993,36.909187],[138.140853,36.909502],[138.139558,36.909479],[138.139603,36.907548],[138.139693,36.906325],[138.140405,36.905025],[138.141518,36.903838],[138.142407,36.903505],[138.14143,36.903246],[138.141163,36.902503],[138.140718,36.902022],[138.141255,36.901617],[138.143527,36.901061],[138.14406,36.900059],[138.144772,36.899799],[138.14562,36.899318],[138.14731,36.898686],[138.148157,36.898724],[138.152164,36.897314],[138.152697,36.897276],[138.152832,36.895941],[138.151852,36.896201],[138.151414,36.896041],[138.151342,36.895653],[138.151629,36.89531],[138.152164,36.895347],[138.152964,36.895533],[138.153722,36.895422],[138.154656,36.8952],[138.155146,36.895608],[138.156526,36.896052],[138.157328,36.89646],[138.158841,36.897908],[138.159598,36.898131],[138.159866,36.898539],[138.160088,36.899726],[138.160846,36.900487],[138.161558,36.900634],[138.162357,36.901561],[138.162982,36.901709],[138.164049,36.902491],[138.164449,36.903047],[138.165829,36.903861],[138.167344,36.904605],[138.168146,36.90479],[138.168724,36.905161],[138.168724,36.906126],[138.169526,36.90683],[138.169971,36.907015],[138.170951,36.90709],[138.171618,36.907646],[138.172286,36.907536],[138.172776,36.907609],[138.173131,36.908203],[138.173621,36.908611],[138.174646,36.908611],[138.17518,36.908982],[138.179855,36.909317],[138.182747,36.909817],[138.184797,36.909892],[138.188134,36.909149],[138.191429,36.909038],[138.195036,36.909372],[138.195748,36.909261],[138.197173,36.908592],[138.199398,36.908259],[138.20305,36.907072],[138.204385,36.906849],[138.20541,36.906776],[138.206255,36.906997],[138.206745,36.906997],[138.208482,36.90633],[138.209594,36.906182],[138.211152,36.906255],[138.211421,36.906693],[138.211509,36.907026],[138.211331,36.907101],[138.210797,36.906951],[138.210442,36.906693],[138.209907,36.906432],[138.208839,36.90647],[138.208037,36.90673],[138.207769,36.907249],[138.207237,36.907359],[138.206835,36.907695],[138.20688,36.908213],[138.206835,36.909363],[138.206677,36.909821]]],[[[137.982346,36.924814],[137.982256,36.925185],[137.981499,36.925408],[137.981454,36.925483],[137.981721,36.925964],[137.981721,36.926372],[137.980786,36.926893],[137.980564,36.92782],[137.979719,36.926947],[137.977449,36.925464],[137.975979,36.92498],[137.974064,36.924166],[137.973529,36.923757],[137.972417,36.923422],[137.972059,36.922347],[137.972952,36.921864],[137.973664,36.920826],[137.973664,36.92001],[137.973352,36.919712],[137.973262,36.919118],[137.972059,36.918599],[137.971305,36.917375],[137.969434,36.917227],[137.968499,36.916931],[137.96743,36.916781],[137.965872,36.916372],[137.96378,36.915372],[137.9632,36.915297],[137.962577,36.915372],[137.961688,36.915668],[137.961375,36.915297],[137.960753,36.914779],[137.959995,36.91437],[137.958703,36.913999],[137.958615,36.913293],[137.95848,36.912737],[137.957858,36.912218],[137.9571,36.912181],[137.954876,36.910695],[137.953496,36.910139],[137.952739,36.90962],[137.951804,36.908433],[137.952249,36.907154],[137.952604,36.906633],[137.952516,36.905706],[137.953806,36.905002],[137.957991,36.902998],[137.957903,36.902219],[137.957413,36.900809],[137.956478,36.899326],[137.957236,36.898657],[137.957636,36.89747],[137.957681,36.896653],[137.957948,36.896209],[137.959061,36.895726],[137.960041,36.895578],[137.961153,36.895726],[137.962221,36.896135],[137.965293,36.898139],[137.966185,36.899584],[137.968055,36.900401],[137.969345,36.900734],[137.97037,36.900847],[137.972995,36.900253],[137.973707,36.89977],[137.975132,36.899251],[137.97678,36.899029],[137.97932,36.899029],[137.980297,36.899233],[137.981054,36.899566],[137.982389,36.900345],[137.982837,36.900904],[137.983102,36.901831],[137.983592,36.902497],[137.984127,36.902758],[137.986042,36.903056],[137.987689,36.903056],[137.988979,36.903166],[137.990449,36.902906],[137.991429,36.902498],[137.993654,36.899679],[137.994769,36.898379],[137.996505,36.896748],[137.997292,36.896373],[137.99691,36.895863],[137.996314,36.895315],[137.996515,36.89503],[137.996314,36.892488],[137.99691,36.89137],[137.998604,36.88927],[137.998649,36.888676],[137.999942,36.888416],[138.004214,36.887304],[138.007554,36.88671],[138.009647,36.886229],[138.011429,36.886302],[138.012142,36.886229],[138.012719,36.886896],[138.012854,36.887637],[138.012896,36.888269],[138.013164,36.888492],[138.015256,36.887602],[138.017261,36.886415],[138.018061,36.886265],[138.019621,36.88623],[138.021313,36.887638],[138.021536,36.890606],[138.023008,36.890573],[138.024033,36.890909],[138.024968,36.89139],[138.02528,36.891946],[138.02608,36.892354],[138.026883,36.892429],[138.027995,36.89243],[138.02933,36.892096],[138.030355,36.893505],[138.03169,36.894877],[138.032847,36.895879],[138.03423,36.896809],[138.035252,36.897104],[138.036232,36.897029],[138.037567,36.896771],[138.043711,36.893914],[138.044868,36.893505],[138.045493,36.893099],[138.044913,36.894915],[138.044023,36.895399],[138.043624,36.895842],[138.042821,36.89588],[138.042866,36.896586],[138.042644,36.89729],[138.042199,36.897551],[138.042776,36.897773],[138.044378,36.897884],[138.046026,36.89844],[138.046739,36.899034],[138.048119,36.899703],[138.049901,36.899961],[138.053329,36.899276],[138.054576,36.901873],[138.056001,36.905619],[138.058984,36.904619],[138.060808,36.904359],[138.061075,36.902801],[138.06121,36.901168],[138.060985,36.900759],[138.060676,36.900388],[138.060096,36.898607],[138.060096,36.898349],[138.06103,36.899128],[138.06152,36.899757],[138.06161,36.900166],[138.06201,36.900945],[138.062633,36.901651],[138.062858,36.901651],[138.062768,36.900834],[138.06259,36.900536],[138.062945,36.89987],[138.063303,36.899722],[138.063258,36.899537],[138.0625,36.898868],[138.062278,36.898385],[138.062233,36.897718],[138.06308,36.89653],[138.064238,36.896716],[138.065128,36.897087],[138.065528,36.897828],[138.066108,36.898089],[138.067397,36.898312],[138.068065,36.899128],[138.069,36.899499],[138.071272,36.89998],[138.072962,36.900797],[138.073942,36.901874],[138.074567,36.902726],[138.075057,36.903951],[138.076882,36.90332],[138.077682,36.903172],[138.077504,36.902689],[138.077682,36.90217],[138.078084,36.901391],[138.078172,36.900502],[138.077504,36.89987],[138.076437,36.899387],[138.075679,36.899314],[138.078039,36.897979],[138.079774,36.896864],[138.080754,36.895975],[138.079464,36.895269],[138.078171,36.894862],[138.077727,36.894304],[138.077549,36.893896],[138.077994,36.89349],[138.078884,36.893117],[138.081021,36.891411],[138.083738,36.888813],[138.084983,36.887868],[138.085473,36.888128],[138.087298,36.888053],[138.088233,36.88772],[138.089035,36.887274],[138.090547,36.885493],[138.091127,36.885122],[138.092375,36.884827],[138.094064,36.883935],[138.094734,36.88375],[138.096069,36.882804],[138.099899,36.879446],[138.100164,36.878296],[138.100431,36.877888],[138.101143,36.87748],[138.102033,36.876461],[138.102258,36.875459],[138.102523,36.874903],[138.103543,36.877422],[138.104655,36.879388],[138.106393,36.883115],[138.107238,36.883153],[138.108752,36.882336],[138.109375,36.882374],[138.109732,36.882709],[138.111335,36.882968],[138.111825,36.882226],[138.112225,36.88178],[138.114407,36.880928],[138.115387,36.880964],[138.117211,36.880929],[138.117521,36.882597],[138.118191,36.883266],[138.118679,36.883452],[138.121038,36.883414],[138.122153,36.883525],[138.123711,36.884008],[138.124645,36.884639],[138.12598,36.885381],[138.126915,36.886048],[138.127808,36.886421],[138.127005,36.886641],[138.12607,36.8872],[138.125358,36.888387],[138.124868,36.889499],[138.124423,36.889201],[138.124333,36.889908],[138.124468,36.890426],[138.124868,36.890759],[138.124601,36.891353],[138.124556,36.892059],[138.125448,36.893115],[138.126693,36.893784],[138.127228,36.894303],[138.12785,36.895267],[138.128512,36.896099],[138.129542,36.898088],[138.129942,36.898311],[138.13079,36.898311],[138.131724,36.898978],[138.132214,36.899163],[138.133416,36.899128],[138.133684,36.899201],[138.133949,36.899534],[138.134306,36.899794],[138.135064,36.899832],[138.135419,36.900092],[138.136176,36.900278],[138.137601,36.900426],[138.138936,36.901242],[138.14027,36.901946],[138.140718,36.902022],[138.141163,36.902503],[138.14143,36.903246],[138.142407,36.903505],[138.141518,36.903838],[138.140405,36.905025],[138.139693,36.906325],[138.139603,36.907548],[138.139558,36.909479],[138.138446,36.910516],[138.137466,36.910516],[138.136443,36.910887],[138.135331,36.911445],[138.134306,36.911666],[138.133194,36.911593],[138.131724,36.911037],[138.129719,36.910887],[138.128475,36.911109],[138.127272,36.910924],[138.126025,36.910628],[138.125135,36.910776],[138.1238,36.910628],[138.122331,36.910701],[138.119971,36.911109],[138.117479,36.91033],[138.116631,36.910553],[138.115964,36.910442],[138.114674,36.909626],[138.113472,36.908438],[138.11218,36.906695],[138.11129,36.905768],[138.1104,36.905432],[138.110088,36.905209],[138.108708,36.905043],[138.111112,36.90343],[138.11356,36.902464],[138.115697,36.901427],[138.117256,36.900981],[138.118234,36.900648],[138.119169,36.899423],[138.119616,36.89909],[138.120684,36.897865],[138.122198,36.89679],[138.122198,36.89588],[138.120774,36.892097],[138.120326,36.891724],[138.120061,36.890539],[138.119839,36.889795],[138.119214,36.88883],[138.118324,36.888274],[138.114984,36.887272],[138.11356,36.887347],[138.111023,36.888421],[138.10982,36.889423],[138.108663,36.891352],[138.108173,36.891946],[138.107373,36.892131],[138.102876,36.89165],[138.103144,36.891129],[138.102341,36.891352],[138.096909,36.894951],[138.095175,36.896509],[138.090233,36.899792],[138.088374,36.901706],[138.086672,36.904096],[138.084919,36.905802],[138.084089,36.908474],[138.083599,36.909068],[138.081507,36.910812],[138.078657,36.913482],[138.07591,36.915924],[138.073982,36.915728],[138.070065,36.915986],[138.067528,36.916394],[138.065568,36.915467],[138.063298,36.914242],[138.058579,36.912498],[138.057064,36.912052],[138.048697,36.913666],[138.038633,36.915317],[138.03213,36.911236],[138.027323,36.908415],[138.025453,36.90834],[138.021936,36.908415],[138.020823,36.903351],[138.020511,36.898639],[138.018106,36.898936],[138.018373,36.898157],[138.018864,36.895708],[138.018863,36.891794],[138.016241,36.892689],[138.015397,36.893578],[138.014952,36.894282],[138.014774,36.895435],[138.015084,36.896101],[138.016109,36.897474],[138.016109,36.898068],[138.015574,36.899719],[138.015709,36.900832],[138.015709,36.901721],[138.015174,36.902315],[138.014149,36.903615],[138.012859,36.904058],[138.010054,36.904281],[138.007827,36.904689],[138.008939,36.907695],[138.010009,36.910218],[138.010808,36.912945],[138.011388,36.914578],[138.012413,36.915097],[138.015931,36.917064],[138.01869,36.919178],[138.01949,36.920476],[138.019893,36.922628],[138.020605,36.9253],[138.02105,36.927286],[138.019712,36.927507],[138.016865,36.927506],[138.015218,36.927359],[138.01014,36.926488],[138.006758,36.925708],[138.004575,36.925077],[138.001281,36.923556],[138.000346,36.923221],[137.996908,36.921713],[137.992096,36.919844],[137.991606,36.920102],[137.990716,36.920177],[137.990094,36.921031],[137.988356,36.921625],[137.987776,36.922069],[137.986841,36.922439],[137.986174,36.922439],[137.985684,36.922812],[137.984081,36.923219],[137.983904,36.923479],[137.984036,36.923739],[137.983948,36.923925],[137.983549,36.923777],[137.983459,36.924295],[137.983858,36.924666],[137.983281,36.925185],[137.982836,36.924629],[137.982346,36.924814]]],[[[138.180391,36.92873],[138.179546,36.928315],[138.179012,36.927313],[138.178967,36.926919],[138.179545,36.926134],[138.1795,36.925884],[138.178388,36.925311],[138.178255,36.924703],[138.176384,36.923524],[138.175896,36.922701],[138.174694,36.921845],[138.174027,36.921701],[138.173714,36.920987],[138.173357,36.919414],[138.174068,36.917591],[138.174513,36.917197],[138.175093,36.916912],[138.177765,36.916983],[138.179678,36.917341],[138.180703,36.918197],[138.18275,36.919091],[138.182972,36.918627],[138.183375,36.918412],[138.183865,36.917841],[138.184577,36.916662],[138.185957,36.917304],[138.184887,36.91927],[138.18413,36.919985],[138.183507,36.920164],[138.182395,36.920378],[138.181102,36.920414],[138.180925,36.920987],[138.181102,36.922701],[138.181682,36.924561],[138.183018,36.927278],[138.18342,36.928707],[138.183575,36.931109],[138.182863,36.930604],[138.182528,36.929323],[138.180391,36.92873]]],[[[138.206677,36.909821],[138.206567,36.910142],[138.20265,36.913111],[138.20136,36.914483],[138.201315,36.916264],[138.201448,36.91771],[138.202295,36.918398],[138.20363,36.919658],[138.206525,36.921404],[138.206567,36.921699],[138.205813,36.921216],[138.20452,36.92092],[138.203988,36.921106],[138.20305,36.920958],[138.202563,36.921366],[138.20234,36.92196],[138.202073,36.922256],[138.201583,36.922256],[138.199713,36.921737],[138.199133,36.922293],[138.198598,36.923295],[138.198643,36.923591],[138.199578,36.924147],[138.200065,36.924639],[138.199891,36.926688],[138.199088,36.928953],[138.199001,36.929807],[138.199268,36.930771],[138.199713,36.931475],[138.200381,36.932329],[138.201271,36.933665],[138.201715,36.934146],[138.200826,36.936335],[138.200603,36.938078],[138.199268,36.93871],[138.198688,36.938599],[138.197264,36.937745],[138.196864,36.937004],[138.196864,36.93652],[138.196596,36.935556],[138.195261,36.93537],[138.193524,36.933887],[138.192724,36.933479],[138.191522,36.933256],[138.189294,36.933294],[138.186979,36.932031],[138.185955,36.93155],[138.184398,36.931067],[138.183575,36.931109],[138.18342,36.928707],[138.183018,36.927278],[138.181682,36.924561],[138.181102,36.922701],[138.180925,36.920987],[138.181102,36.920414],[138.182395,36.920378],[138.183507,36.920164],[138.18413,36.919985],[138.184887,36.91927],[138.185957,36.917304],[138.184577,36.916662],[138.183865,36.917841],[138.183375,36.918412],[138.182972,36.918627],[138.18275,36.919091],[138.180703,36.918197],[138.179678,36.917341],[138.177765,36.916983],[138.175093,36.916912],[138.174513,36.917197],[138.174068,36.917591],[138.173357,36.919414],[138.173714,36.920987],[138.174027,36.921701],[138.174694,36.921845],[138.175896,36.922701],[138.176384,36.923524],[138.178255,36.924703],[138.178388,36.925311],[138.1795,36.925884],[138.179545,36.926134],[138.178967,36.926919],[138.179012,36.927313],[138.179546,36.928315],[138.180391,36.92873],[138.179144,36.928877],[138.178299,36.928469],[138.177319,36.928434],[138.175672,36.929027],[138.173847,36.930065],[138.172912,36.929731],[138.17171,36.930806],[138.172022,36.932068],[138.172557,36.933702],[138.170997,36.934183],[138.16619,36.93472],[138.164943,36.934758],[138.163341,36.934462],[138.162271,36.933979],[138.161781,36.933347],[138.160891,36.934499],[138.158576,36.933312],[138.156974,36.932791],[138.155639,36.932681],[138.153724,36.932903],[138.148202,36.934349],[138.145442,36.93472],[138.143037,36.935466],[138.130393,36.938002],[138.128803,36.937065],[138.126743,36.936519],[138.124961,36.936111],[138.124517,36.93574],[138.123582,36.934813],[138.121847,36.934257],[138.121934,36.933921],[138.12198,36.932884],[138.121312,36.932401],[138.119887,36.931769],[138.118462,36.930695],[138.118507,36.929545],[138.11913,36.927726],[138.11695,36.927874],[138.115925,36.927688],[138.114858,36.927059],[138.116238,36.926614],[138.11775,36.926243],[138.118863,36.925722],[138.119933,36.925389],[138.12256,36.923943],[138.123985,36.923033],[138.124607,36.922366],[138.125987,36.919769],[138.127322,36.919731],[138.133511,36.918434],[138.136093,36.917319],[138.13872,36.917432],[138.140768,36.916468],[138.145397,36.914797],[138.146912,36.914408],[138.146957,36.914112],[138.146377,36.913741],[138.14482,36.912479],[138.144642,36.912108],[138.14522,36.908731],[138.145665,36.908473],[138.147624,36.907879],[138.147979,36.907323],[138.148159,36.906729],[138.147669,36.906023],[138.148159,36.905225],[138.149404,36.903965],[138.149317,36.90378],[138.148647,36.903482],[138.14798,36.902703],[138.148025,36.902332],[138.148559,36.901813],[138.149419,36.90177],[138.150784,36.902703],[138.154481,36.902109],[138.154926,36.901961],[138.156438,36.902184],[138.159783,36.902986],[138.160133,36.903372],[138.160313,36.904076],[138.161113,36.904632],[138.161603,36.90467],[138.16325,36.905857],[138.164362,36.907377],[138.165782,36.907671],[138.166727,36.90805],[138.168001,36.908948],[138.169663,36.909682],[138.170578,36.909627],[138.171523,36.91009],[138.172111,36.909873],[138.173023,36.910144],[138.173775,36.910525],[138.174526,36.910525],[138.175178,36.911123],[138.175895,36.910771],[138.178278,36.910688],[138.18275,36.911157],[138.188449,36.911265],[138.190319,36.911051],[138.191564,36.91148],[138.193211,36.91148],[138.194636,36.911621],[138.196061,36.911515],[138.199446,36.910442],[138.202028,36.909834],[138.204877,36.90952],[138.206677,36.909821]]],[[[138.108708,36.905043],[138.106748,36.904449],[138.104923,36.90675],[138.101184,36.910681],[138.099359,36.912908],[138.098692,36.914243],[138.098602,36.915245],[138.098869,36.916024],[138.099491,36.916933],[138.100739,36.91827],[138.100981,36.919203],[138.098646,36.922015],[138.096851,36.923952],[138.094239,36.927748],[138.089519,36.935167],[138.089518,36.935613],[138.089741,36.935984],[138.090766,36.93643],[138.091566,36.937024],[138.092411,36.938359],[138.09308,36.940102],[138.093345,36.943404],[138.09308,36.944035],[138.0921,36.944814],[138.088271,36.943775],[138.086846,36.943775],[138.083909,36.943441],[138.081682,36.943256],[138.081059,36.942848],[138.079457,36.942141],[138.07772,36.940583],[138.077008,36.940139],[138.07585,36.940027],[138.073758,36.939433],[138.072511,36.938767],[138.067305,36.935148],[138.062895,36.929584],[138.059558,36.926911],[138.058444,36.926282],[138.055996,36.925874],[138.050474,36.925425],[138.04727,36.924819],[138.046157,36.924746],[138.043352,36.925854],[138.039877,36.927999],[138.037965,36.929249],[138.03685,36.928999],[138.035203,36.928357],[138.033065,36.927176],[138.030711,36.926234],[138.028926,36.926032],[138.026788,36.926461],[138.025676,36.926569],[138.02105,36.927286],[138.020605,36.9253],[138.019893,36.922628],[138.01949,36.920476],[138.01869,36.919178],[138.015931,36.917064],[138.012413,36.915097],[138.011388,36.914578],[138.010808,36.912945],[138.010009,36.910218],[138.008939,36.907695],[138.007827,36.904689],[138.010054,36.904281],[138.012859,36.904058],[138.014149,36.903615],[138.015174,36.902315],[138.015709,36.901721],[138.015709,36.900832],[138.015574,36.899719],[138.016109,36.898068],[138.016109,36.897474],[138.015084,36.896101],[138.014774,36.895435],[138.014952,36.894282],[138.015397,36.893578],[138.016241,36.892689],[138.018863,36.891794],[138.018864,36.895708],[138.018373,36.898157],[138.018106,36.898936],[138.020511,36.898639],[138.020823,36.903351],[138.021936,36.908415],[138.025453,36.90834],[138.027323,36.908415],[138.03213,36.911236],[138.038633,36.915317],[138.048697,36.913666],[138.057064,36.912052],[138.058579,36.912498],[138.063298,36.914242],[138.065568,36.915467],[138.067528,36.916394],[138.070065,36.915986],[138.073982,36.915728],[138.07591,36.915924],[138.078657,36.913482],[138.081507,36.910812],[138.083599,36.909068],[138.084089,36.908474],[138.084919,36.905802],[138.086672,36.904096],[138.088374,36.901706],[138.090233,36.899792],[138.095175,36.896509],[138.096909,36.894951],[138.102341,36.891352],[138.103144,36.891129],[138.102876,36.89165],[138.107373,36.892131],[138.108173,36.891946],[138.108663,36.891352],[138.10982,36.889423],[138.111023,36.888421],[138.11356,36.887347],[138.114984,36.887272],[138.118324,36.888274],[138.119214,36.88883],[138.119839,36.889795],[138.120061,36.890539],[138.120326,36.891724],[138.120774,36.892097],[138.122198,36.89588],[138.122198,36.89679],[138.120684,36.897865],[138.119616,36.89909],[138.119169,36.899423],[138.118234,36.900648],[138.117256,36.900981],[138.115697,36.901427],[138.11356,36.902464],[138.111112,36.90343],[138.108708,36.905043]]],[[[138.009205,36.941157],[138.007825,36.940513],[138.005955,36.940657],[138.00502,36.941051],[138.004443,36.941551],[138.003908,36.942444],[138.00324,36.943232],[138.002573,36.943732],[138.000168,36.944696],[137.998163,36.945269],[137.997638,36.945288],[137.996103,36.945138],[137.995345,36.944888],[137.994945,36.944996],[137.99401,36.945531],[137.993208,36.94564],[137.991918,36.945996],[137.990893,36.946069],[137.989291,36.945854],[137.988088,36.945996],[137.986976,36.946569],[137.986353,36.946748],[137.984661,36.946712],[137.983948,36.946818],[137.983101,36.946818],[137.980966,36.944673],[137.979986,36.943852],[137.979274,36.942885],[137.973931,36.937344],[137.972684,36.935879],[137.970992,36.934304],[137.968854,36.931838],[137.968587,36.931873],[137.967607,36.933125],[137.967207,36.933233],[137.966672,36.934198],[137.966139,36.934448],[137.965737,36.934483],[137.964002,36.935627],[137.963644,36.9357],[137.962265,36.935664],[137.960572,36.936704],[137.95946,36.937001],[137.957545,36.936926],[137.95768,36.936408],[137.957503,36.935591],[137.957278,36.934849],[137.956655,36.933291],[137.9567,36.930508],[137.956568,36.929488],[137.95612,36.928486],[137.955408,36.927634],[137.953895,36.926409],[137.952203,36.925259],[137.954118,36.923255],[137.954296,36.922959],[137.954118,36.922142],[137.953538,36.920286],[137.953051,36.919507],[137.952026,36.91832],[137.949889,36.916039],[137.949221,36.914593],[137.949044,36.913516],[137.949086,36.912366],[137.949266,36.912068],[137.949979,36.911402],[137.950824,36.91051],[137.951136,36.909397],[137.951804,36.908433],[137.952739,36.90962],[137.953496,36.910139],[137.954876,36.910695],[137.9571,36.912181],[137.957858,36.912218],[137.95848,36.912737],[137.958615,36.913293],[137.958703,36.913999],[137.959995,36.91437],[137.960753,36.914779],[137.961375,36.915297],[137.961688,36.915668],[137.962577,36.915372],[137.9632,36.915297],[137.96378,36.915372],[137.965872,36.916372],[137.96743,36.916781],[137.968499,36.916931],[137.969434,36.917227],[137.971305,36.917375],[137.972059,36.918599],[137.973262,36.919118],[137.973352,36.919712],[137.973664,36.92001],[137.973664,36.920826],[137.972952,36.921864],[137.972059,36.922347],[137.972417,36.923422],[137.973529,36.923757],[137.974064,36.924166],[137.975979,36.92498],[137.977449,36.925464],[137.979719,36.926947],[137.980564,36.92782],[137.980786,36.926893],[137.981721,36.926372],[137.981721,36.925964],[137.981454,36.925483],[137.981499,36.925408],[137.982256,36.925185],[137.982346,36.924814],[137.982836,36.924629],[137.983281,36.925185],[137.983858,36.924666],[137.983459,36.924295],[137.983549,36.923777],[137.983948,36.923925],[137.984036,36.923739],[137.983904,36.923479],[137.984081,36.923219],[137.985684,36.922812],[137.986174,36.922439],[137.986841,36.922439],[137.987776,36.922069],[137.988356,36.921625],[137.990094,36.921031],[137.990716,36.920177],[137.991606,36.920102],[137.992096,36.919844],[137.996908,36.921713],[138.000346,36.923221],[138.001281,36.923556],[138.004575,36.925077],[138.006758,36.925708],[138.01014,36.926488],[138.015218,36.927359],[138.016865,36.927506],[138.019712,36.927507],[138.02105,36.927286],[138.022117,36.928546],[138.023366,36.929363],[138.024211,36.929548],[138.024613,36.929846],[138.024618,36.931088],[138.024476,36.931236],[138.024656,36.932452],[138.024191,36.933194],[138.023588,36.933777],[138.022476,36.935206],[138.020338,36.940029],[138.019911,36.940187],[138.017046,36.93946],[138.015678,36.939358],[138.013997,36.939512],[138.012317,36.940653],[138.010697,36.941378],[138.009205,36.941157]]],[[[138.057513,36.946097],[138.055866,36.946228],[138.054263,36.945672],[138.051059,36.944113],[138.049989,36.94389],[138.047541,36.944186],[138.044292,36.944113],[138.042954,36.943963],[138.039395,36.943073],[138.037567,36.94285],[138.03552,36.942888],[138.032027,36.943568],[138.030132,36.943704],[138.028843,36.943443],[138.028308,36.943406],[138.026303,36.943629],[138.025948,36.943481],[138.024568,36.942256],[138.02154,36.940587],[138.020338,36.940029],[138.022476,36.935206],[138.023588,36.933777],[138.024191,36.933194],[138.024656,36.932452],[138.024476,36.931236],[138.024618,36.931088],[138.024613,36.929846],[138.024211,36.929548],[138.023366,36.929363],[138.022117,36.928546],[138.02105,36.927286],[138.025676,36.926569],[138.026788,36.926461],[138.028926,36.926032],[138.030711,36.926234],[138.033065,36.927176],[138.035203,36.928357],[138.03685,36.928999],[138.037965,36.929249],[138.039877,36.927999],[138.043352,36.925854],[138.046157,36.924746],[138.04727,36.924819],[138.050474,36.925425],[138.055996,36.925874],[138.058444,36.926282],[138.059558,36.926911],[138.062895,36.929584],[138.067305,36.935148],[138.066597,36.936042],[138.065529,36.936756],[138.06415,36.938079],[138.063302,36.939723],[138.06308,36.941081],[138.063215,36.941724],[138.062502,36.942153],[138.059653,36.943618],[138.058673,36.944476],[138.058095,36.94562],[138.057513,36.946097]]],[[[138.126743,36.936519],[138.125126,36.940656],[138.124149,36.941191],[138.124039,36.941672],[138.123442,36.941635],[138.123064,36.941875],[138.122469,36.941862],[138.121534,36.942493],[138.120734,36.942753],[138.120912,36.943791],[138.121446,36.944868],[138.122201,36.945499],[138.122691,36.945757],[138.122914,36.94598],[138.122736,36.946426],[138.122114,36.947205],[138.120956,36.947947],[138.120199,36.948726],[138.118642,36.951286],[138.116192,36.951433],[138.114145,36.951656],[138.112008,36.952139],[138.110583,36.950581],[138.110405,36.949988],[138.109335,36.949652],[138.109025,36.949096],[138.1088,36.948207],[138.108758,36.947538],[138.108268,36.947277],[138.107021,36.947761],[138.105106,36.948873],[138.104439,36.948985],[138.104126,36.9493],[138.102523,36.951822],[138.102033,36.952231],[138.101234,36.952601],[138.099809,36.953714],[138.099142,36.954345],[138.098202,36.954776],[138.096914,36.954643],[138.095847,36.954345],[138.094377,36.95453],[138.094019,36.954976],[138.093887,36.955532],[138.093487,36.955645],[138.092952,36.956238],[138.091215,36.955755],[138.090148,36.955717],[138.089525,36.956238],[138.089345,36.956794],[138.0885,36.957498],[138.088055,36.958167],[138.087343,36.958611],[138.086763,36.958761],[138.085518,36.958575],[138.084671,36.958779],[138.082936,36.959408],[138.082046,36.96004],[138.079996,36.960485],[138.079284,36.960596],[138.077949,36.960262],[138.072205,36.957221],[138.071228,36.956775],[138.070915,36.956329],[138.070783,36.955254],[138.068913,36.95414],[138.067444,36.952842],[138.066554,36.951711],[138.066197,36.950486],[138.065929,36.948817],[138.065307,36.946886],[138.063972,36.944141],[138.062502,36.942153],[138.063215,36.941724],[138.06308,36.941081],[138.063302,36.939723],[138.06415,36.938079],[138.065529,36.936756],[138.066597,36.936042],[138.067305,36.935148],[138.072511,36.938767],[138.073758,36.939433],[138.07585,36.940027],[138.077008,36.940139],[138.07772,36.940583],[138.079457,36.942141],[138.081059,36.942848],[138.081682,36.943256],[138.083909,36.943441],[138.086846,36.943775],[138.088271,36.943775],[138.0921,36.944814],[138.09308,36.944035],[138.093345,36.943404],[138.09308,36.940102],[138.092411,36.938359],[138.091566,36.937024],[138.090766,36.93643],[138.089741,36.935984],[138.089518,36.935613],[138.089519,36.935167],[138.094239,36.927748],[138.096851,36.923952],[138.098646,36.922015],[138.100981,36.919203],[138.100739,36.91827],[138.099491,36.916933],[138.098869,36.916024],[138.098602,36.915245],[138.098692,36.914243],[138.099359,36.912908],[138.101184,36.910681],[138.104923,36.90675],[138.106748,36.904449],[138.108708,36.905043],[138.110088,36.905209],[138.1104,36.905432],[138.11129,36.905768],[138.11218,36.906695],[138.113472,36.908438],[138.114674,36.909626],[138.115964,36.910442],[138.116631,36.910553],[138.117479,36.91033],[138.119971,36.911109],[138.122331,36.910701],[138.1238,36.910628],[138.125135,36.910776],[138.126025,36.910628],[138.127272,36.910924],[138.128475,36.911109],[138.129719,36.910887],[138.131724,36.911037],[138.133194,36.911593],[138.134306,36.911666],[138.135331,36.911445],[138.136443,36.910887],[138.137466,36.910516],[138.138446,36.910516],[138.139558,36.909479],[138.140853,36.909502],[138.141993,36.909187],[138.142952,36.908785],[138.143487,36.908673],[138.14445,36.908358],[138.145055,36.907956],[138.146194,36.907842],[138.147979,36.907323],[138.147624,36.907879],[138.145665,36.908473],[138.14522,36.908731],[138.144642,36.912108],[138.14482,36.912479],[138.146377,36.913741],[138.146957,36.914112],[138.146912,36.914408],[138.145397,36.914797],[138.140768,36.916468],[138.13872,36.917432],[138.136093,36.917319],[138.133511,36.918434],[138.127322,36.919731],[138.125987,36.919769],[138.124607,36.922366],[138.123985,36.923033],[138.12256,36.923943],[138.119933,36.925389],[138.118863,36.925722],[138.11775,36.926243],[138.116238,36.926614],[138.114858,36.927059],[138.115925,36.927688],[138.11695,36.927874],[138.11913,36.927726],[138.118507,36.929545],[138.118462,36.930695],[138.119887,36.931769],[138.121312,36.932401],[138.12198,36.932884],[138.121934,36.933921],[138.121847,36.934257],[138.123582,36.934813],[138.124517,36.93574],[138.124961,36.936111],[138.126743,36.936519]]],[[[138.025234,36.982658],[138.024403,36.982564],[138.023454,36.982102],[138.022696,36.981954],[138.022029,36.982214],[138.019756,36.983474],[138.019179,36.983512],[138.019044,36.984106],[138.018776,36.984439],[138.018154,36.984995],[138.017619,36.984737],[138.017219,36.984366],[138.017441,36.983178],[138.018064,36.982306],[138.018999,36.98201],[138.019266,36.981639],[138.019712,36.980302],[138.019802,36.979189],[138.020246,36.978596],[138.021404,36.978225],[138.022784,36.977669],[138.023187,36.97715],[138.024077,36.974107],[138.024122,36.973328],[138.024012,36.972403],[138.022562,36.971361],[138.02191,36.971038],[138.021482,36.970622],[138.020382,36.970007],[138.01696,36.967743],[138.014895,36.965249],[138.014282,36.964107],[138.013703,36.962587],[138.0117,36.959674],[138.010453,36.957708],[138.009428,36.956243],[138.009383,36.95592],[138.009741,36.954706],[138.010498,36.953633],[138.011343,36.95224],[138.011388,36.951525],[138.010898,36.950417],[138.010318,36.94838],[138.010095,36.946305],[138.010542,36.944553],[138.010497,36.943982],[138.009962,36.942874],[138.009962,36.941945],[138.009205,36.941157],[138.010697,36.941378],[138.012317,36.940653],[138.013997,36.939512],[138.015678,36.939358],[138.017046,36.93946],[138.019911,36.940187],[138.020338,36.940029],[138.02154,36.940587],[138.024568,36.942256],[138.025948,36.943481],[138.026303,36.943629],[138.028308,36.943406],[138.028843,36.943443],[138.030132,36.943704],[138.032027,36.943568],[138.03552,36.942888],[138.037567,36.94285],[138.039395,36.943073],[138.042954,36.943963],[138.044292,36.944113],[138.047541,36.944186],[138.049989,36.94389],[138.051059,36.944113],[138.054263,36.945672],[138.055866,36.946228],[138.057513,36.946097],[138.056068,36.946909],[138.055108,36.947563],[138.053863,36.949288],[138.052973,36.950327],[138.051993,36.950994],[138.051903,36.953183],[138.051993,36.954927],[138.052216,36.955706],[138.054085,36.957877],[138.054218,36.95847],[138.05324,36.959991],[138.053105,36.960437],[138.05324,36.961661],[138.052973,36.962143],[138.051948,36.962959],[138.051457,36.964109],[138.051547,36.965853],[138.051325,36.966298],[138.0507,36.966744],[138.05039,36.967338],[138.050168,36.968431],[138.049988,36.969656],[138.04941,36.970137],[138.049722,36.970696],[138.049622,36.971277],[138.049195,36.971841],[138.048767,36.972166],[138.048385,36.973403],[138.048802,36.974451],[138.046605,36.975889],[138.04552,36.976276],[138.044068,36.97663],[138.041668,36.97664],[138.040015,36.977113],[138.038945,36.977557],[138.038458,36.97804],[138.0381,36.978709],[138.037788,36.979098],[138.036988,36.979319],[138.035118,36.979655],[138.034271,36.97995],[138.032623,36.980842],[138.031288,36.981175],[138.029641,36.982064],[138.028351,36.9824],[138.026926,36.98251],[138.026123,36.982658],[138.025234,36.982658]]],[[[138.025234,36.982658],[138.024606,36.98375],[138.023486,36.984562],[138.021778,36.985943],[138.021193,36.986105],[138.020073,36.986512],[138.018596,36.985539],[138.018154,36.984995],[138.018776,36.984439],[138.019044,36.984106],[138.019179,36.983512],[138.019756,36.983474],[138.022029,36.982214],[138.022696,36.981954],[138.023454,36.982102],[138.024403,36.982564],[138.025234,36.982658]]],[[[138.164957,36.748681],[138.156895,36.747069],[138.153021,36.746069],[138.147959,36.745402],[138.145459,36.745624],[138.145834,36.746346],[138.146021,36.75229],[138.146459,36.753067],[138.146208,36.7534],[138.142084,36.755789],[138.140085,36.756511],[138.138647,36.754511],[138.137459,36.7549],[138.135397,36.754178],[138.133585,36.752789],[138.133022,36.751511],[138.132648,36.747956],[138.129023,36.7484],[138.12896,36.749345],[138.129522,36.753289],[138.129523,36.756455],[138.129773,36.757233],[138.129836,36.758122],[138.127211,36.758344],[138.128523,36.760455],[138.128523,36.760844],[138.127586,36.761677],[138.127335,36.76251],[138.12746,36.76401],[138.126648,36.764454],[138.125148,36.76401],[138.124148,36.762899],[138.124086,36.762121],[138.122711,36.761232],[138.122149,36.76051],[138.122211,36.759288],[138.121649,36.758121],[138.121711,36.757344],[138.120774,36.756066],[138.122524,36.756399],[138.122274,36.755844],[138.121774,36.755399],[138.120524,36.754733],[138.119774,36.754844],[138.119399,36.756455],[138.118961,36.75701],[138.117712,36.758232],[138.117149,36.75851],[138.115962,36.758455],[138.115837,36.758121],[138.118087,36.756233],[138.113461,36.752788],[138.113025,36.753733],[138.112462,36.754122],[138.111087,36.75451],[138.109587,36.756399],[138.108775,36.757121],[138.108025,36.757399],[138.105963,36.757454],[138.105525,36.755843],[138.106963,36.754733],[138.107212,36.754122],[138.106838,36.753455],[138.107712,36.752288],[138.108024,36.751511],[138.107712,36.7504],[138.106962,36.750344],[138.106462,36.749622],[138.106587,36.7494],[138.107899,36.749011],[138.107837,36.748789],[138.107462,36.748455],[138.106274,36.748511],[138.105587,36.748344],[138.104712,36.748289],[138.104712,36.747289],[138.107274,36.747233],[138.113211,36.746789],[138.115149,36.7464],[138.117024,36.745512],[138.117898,36.744845],[138.118586,36.744512],[138.119461,36.744512],[138.119399,36.743345],[138.118336,36.741734],[138.117649,36.741179],[138.117899,36.740012],[138.120211,36.740401],[138.121961,36.739512],[138.120773,36.738346],[138.118899,36.738346],[138.119149,36.737346],[138.118774,36.737124],[138.117524,36.737013],[138.115711,36.737901],[138.112712,36.738568],[138.112024,36.738512],[138.110087,36.73779],[138.107337,36.737901],[138.107274,36.736624],[138.108524,36.736568],[138.113274,36.737568],[138.117774,36.735791],[138.119649,36.73629],[138.120461,36.736235],[138.120774,36.735791],[138.120524,36.735124],[138.119586,36.735013],[138.119461,36.734624],[138.118774,36.73468],[138.117524,36.734069],[138.118399,36.733791],[138.118774,36.732902],[138.122211,36.734069],[138.123523,36.73357],[138.123586,36.732959],[138.125211,36.73207],[138.124524,36.730792],[138.125398,36.727348],[138.125023,36.725293],[138.126336,36.725238],[138.126586,36.727737],[138.125836,36.73007],[138.126086,36.731292],[138.126898,36.731348],[138.127648,36.732126],[138.130461,36.732292],[138.132648,36.731903],[138.135648,36.732737],[138.13721,36.732848],[138.138148,36.733348],[138.13921,36.733515],[138.141647,36.732626],[138.140648,36.733848],[138.140648,36.735459],[138.141772,36.736348],[138.14246,36.737403],[138.142585,36.738903],[138.144147,36.738348],[138.143772,36.739625],[138.14346,36.741347],[138.14396,36.741458],[138.145209,36.741292],[138.145959,36.742236],[138.145834,36.744069],[138.146209,36.744458],[138.147709,36.744514],[138.150021,36.744458],[138.152146,36.744958],[138.156583,36.745903],[138.159082,36.746681],[138.160895,36.746903],[138.165144,36.747681],[138.164957,36.748681]],[[138.129086,36.736125],[138.129273,36.736847],[138.130586,36.737457],[138.131711,36.738901],[138.132523,36.739568],[138.132773,36.740624],[138.134398,36.741401],[138.13496,36.741846],[138.135835,36.741735],[138.13571,36.74079],[138.135085,36.740624],[138.135085,36.740401],[138.13546,36.740014],[138.13596,36.739958],[138.136023,36.739458],[138.135898,36.738791],[138.135523,36.738569],[138.133898,36.738125],[138.132336,36.737014],[138.131898,36.735625],[138.130336,36.73557],[138.129086,36.736125]]],[[[138.078573,36.875458],[138.077841,36.875466],[138.076738,36.875637],[138.075741,36.875981],[138.075171,36.876725],[138.074316,36.876037],[138.074601,36.875637],[138.074528,36.874837],[138.075171,36.874523],[138.075348,36.874094],[138.075205,36.87375],[138.07574,36.873406],[138.075667,36.873035],[138.075945,36.872731],[138.07581,36.872025],[138.075232,36.871692],[138.074297,36.872063],[138.073272,36.872081],[138.071135,36.87134],[138.070335,36.871192],[138.069488,36.87134],[138.069133,36.871117],[138.069043,36.870708],[138.06793,36.87134],[138.067531,36.872564],[138.066373,36.873008],[138.065258,36.873564],[138.064146,36.874456],[138.062499,36.87631],[138.061251,36.877868],[138.059026,36.880317],[138.05698,36.881894],[138.056177,36.882265],[138.053275,36.881421],[138.053185,36.880742],[138.05381,36.87874],[138.054432,36.877811],[138.0551,36.876989],[138.0555,36.876274],[138.056034,36.875024],[138.056169,36.874272],[138.057549,36.872093],[138.060396,36.868983],[138.060931,36.86834],[138.059819,36.868196],[138.058349,36.867696],[138.057859,36.867767],[138.057369,36.868017],[138.056434,36.867731],[138.055457,36.868017],[138.055009,36.867875],[138.054877,36.866767],[138.054209,36.866767],[138.052652,36.867337],[138.051537,36.867267],[138.050025,36.867625],[138.0486,36.868983],[138.047975,36.869089],[138.047975,36.869483],[138.048332,36.869983],[138.047085,36.870233],[138.046327,36.870556],[138.045305,36.870377],[138.04468,36.871199],[138.040898,36.870949],[138.040408,36.87027],[138.039773,36.866423],[138.039993,36.866489],[138.041151,36.866564],[138.043066,36.867937],[138.043778,36.868233],[138.04409,36.86816],[138.044178,36.867677],[138.044935,36.867196],[138.045515,36.867083],[138.04872,36.86571],[138.050055,36.865525],[138.050725,36.86571],[138.051124,36.866156],[138.053439,36.865452],[138.056022,36.86534],[138.059629,36.864376],[138.061364,36.86419],[138.063056,36.863782],[138.064081,36.863336],[138.065148,36.862372],[138.066395,36.861074],[138.067953,36.859997],[138.0692,36.859516],[138.07018,36.859516],[138.070625,36.85933],[138.070712,36.858997],[138.07018,36.858922],[138.068398,36.859293],[138.066795,36.86022],[138.065058,36.861668],[138.062743,36.86304],[138.060474,36.863521],[138.056289,36.863782],[138.055487,36.863967],[138.054597,36.863707],[138.052859,36.863782],[138.051969,36.863634],[138.051212,36.8633],[138.050902,36.862927],[138.050947,36.862632],[138.051257,36.862409],[138.052104,36.862334],[138.053262,36.862371],[138.054464,36.862298],[138.058426,36.861815],[138.059004,36.861482],[138.059984,36.860703],[138.059984,36.859626],[138.059539,36.858774],[138.059761,36.858105],[138.060564,36.858291],[138.061676,36.85907],[138.062299,36.859218],[138.062698,36.859182],[138.063411,36.858403],[138.064168,36.858253],[138.06635,36.856918],[138.066705,36.857178],[138.067018,36.857512],[138.067508,36.857474],[138.068175,36.857031],[138.068665,36.856066],[138.068933,36.855693],[138.069733,36.85525],[138.070693,36.853379],[138.07105,36.853415],[138.071495,36.852879],[138.071763,36.852092],[138.072163,36.851413],[138.072208,36.850234],[138.073052,36.848303],[138.074789,36.846801],[138.076034,36.845622],[138.076927,36.844334],[138.079464,36.841941],[138.082046,36.840583],[138.083559,36.840189],[138.086186,36.839152],[138.086186,36.838044],[138.085383,36.83639],[138.085276,36.835723],[138.084588,36.832835],[138.084589,36.831668],[138.085651,36.832668],[138.086213,36.832557],[138.088088,36.830279],[138.089713,36.829446],[138.090213,36.827724],[138.091525,36.826225],[138.0954,36.823836],[138.095525,36.822058],[138.095337,36.82067],[138.097025,36.81967],[138.098275,36.819392],[138.09965,36.819836],[138.1009,36.819448],[138.101524,36.818337],[138.100775,36.81467],[138.099462,36.813615],[138.098962,36.811282],[138.099587,36.809615],[138.099274,36.806949],[138.100275,36.805449],[138.099337,36.803227],[138.098837,36.802394],[138.098899,36.801338],[138.099212,36.800672],[138.099462,36.799727],[138.099837,36.799116],[138.100337,36.798061],[138.100337,36.797505],[138.099712,36.796561],[138.101524,36.795339],[138.103211,36.795117],[138.104649,36.795228],[138.105211,36.795339],[138.104461,36.79595],[138.104649,36.796672],[138.104774,36.79795],[138.104649,36.798894],[138.105149,36.79995],[138.105024,36.801227],[138.104461,36.802449],[138.104587,36.804949],[138.102649,36.804894],[138.102774,36.807726],[138.102337,36.807727],[138.102462,36.810504],[138.103649,36.810782],[138.104399,36.80956],[138.105212,36.809226],[138.105711,36.809393],[138.106649,36.810504],[138.107461,36.808671],[138.110211,36.808005],[138.111773,36.80606],[138.114585,36.804949],[138.116585,36.805394],[138.118398,36.80495],[138.12021,36.80495],[138.121397,36.804505],[138.123834,36.805172],[138.124959,36.805228],[138.125022,36.805839],[138.128397,36.805339],[138.130771,36.805228],[138.132834,36.807117],[138.136021,36.809006],[138.138646,36.813394],[138.139021,36.815283],[138.140145,36.815283],[138.14077,36.81495],[138.141458,36.81495],[138.141895,36.815283],[138.14327,36.81445],[138.144457,36.814672],[138.14777,36.813339],[138.149144,36.813228],[138.150832,36.813395],[138.150832,36.814284],[138.148644,36.81445],[138.145582,36.815283],[138.14377,36.815561],[138.143207,36.816228],[138.140833,36.816227],[138.140395,36.816672],[138.138708,36.817172],[138.138521,36.82006],[138.137771,36.821171],[138.137271,36.82156],[138.134708,36.821616],[138.134896,36.822504],[138.135146,36.822838],[138.134521,36.823282],[138.134521,36.824171],[138.133458,36.824615],[138.132708,36.825448],[138.132146,36.825615],[138.131458,36.826726],[138.130646,36.826893],[138.130209,36.82767],[138.126459,36.827504],[138.11971,36.828559],[138.118585,36.828447],[138.118335,36.828114],[138.11821,36.82717],[138.11696,36.826392],[138.113773,36.825003],[138.113648,36.824281],[138.113023,36.824114],[138.112461,36.824336],[138.110523,36.823559],[138.109836,36.823392],[138.108461,36.82267],[138.108774,36.821892],[138.108649,36.821503],[138.108024,36.821503],[138.107524,36.821781],[138.107024,36.821781],[138.106211,36.820948],[138.104712,36.820559],[138.103774,36.820059],[138.105586,36.818726],[138.107086,36.817004],[138.106774,36.816004],[138.106899,36.814893],[138.103212,36.814615],[138.103212,36.81517],[138.103712,36.816059],[138.103399,36.817281],[138.104524,36.818059],[138.104399,36.818725],[138.103962,36.81917],[138.103774,36.820059],[138.102837,36.820781],[138.101087,36.821503],[138.099525,36.821725],[138.098337,36.821503],[138.097837,36.822058],[138.097712,36.823558],[138.0969,36.825003],[138.095525,36.826169],[138.093338,36.827613],[138.091963,36.829113],[138.091338,36.831113],[138.090775,36.831502],[138.089588,36.831668],[138.087776,36.833946],[138.087838,36.834501],[138.088401,36.834723],[138.088463,36.835168],[138.088341,36.835565],[138.088233,36.83639],[138.088278,36.838902],[138.088455,36.840225],[138.087788,36.840798],[138.087211,36.840833],[138.087076,36.841154],[138.087433,36.841727],[138.086766,36.842156],[138.085873,36.842441],[138.084049,36.842906],[138.083159,36.843049],[138.081956,36.843585],[138.079597,36.845657],[138.077862,36.84698],[138.076704,36.847445],[138.075502,36.848303],[138.07461,36.850055],[138.074032,36.851484],[138.073365,36.85295],[138.071315,36.854662],[138.071228,36.855256],[138.07136,36.856443],[138.07283,36.85585],[138.07372,36.855998],[138.074655,36.856258],[138.075902,36.856962],[138.076034,36.856519],[138.077059,36.856444],[138.077949,36.856889],[138.078974,36.856739],[138.079819,36.857],[138.080709,36.856889],[138.081334,36.856333],[138.081779,36.855331],[138.082936,36.854552],[138.083648,36.854402],[138.084406,36.854367],[138.085161,36.853736],[138.085383,36.853438],[138.085741,36.85329],[138.086943,36.853403],[138.087478,36.85318],[138.087788,36.852696],[138.087833,36.851807],[138.08819,36.851436],[138.088945,36.851472],[138.08939,36.851955],[138.090015,36.85214],[138.090238,36.852065],[138.090548,36.851622],[138.091528,36.851657],[138.092998,36.851399],[138.09362,36.851064],[138.094332,36.850007],[138.095045,36.849674],[138.096469,36.84997],[138.097137,36.849895],[138.097182,36.849228],[138.096647,36.848449],[138.096737,36.848116],[138.097137,36.847781],[138.098117,36.847633],[138.098874,36.847633],[138.099187,36.847373],[138.098562,36.845814],[138.098474,36.844517],[138.099632,36.84359],[138.101099,36.843219],[138.102436,36.843181],[138.103816,36.843515],[138.104661,36.843923],[138.106041,36.843886],[138.106933,36.844109],[138.107288,36.844627],[138.107466,36.845186],[138.108178,36.845779],[138.10938,36.846409],[138.110583,36.846817],[138.111518,36.848117],[138.111963,36.849006],[138.112853,36.8496],[138.11455,36.849944],[138.114905,36.850419],[138.116637,36.849823],[138.117572,36.849192],[138.118254,36.848609],[138.121566,36.848936],[138.122691,36.848524],[138.123806,36.847559],[138.125009,36.847449],[138.127011,36.848043],[138.128078,36.848524],[138.129326,36.848674],[138.12986,36.849491],[138.131463,36.850456],[138.132575,36.850214],[138.133555,36.84936],[138.134535,36.849064],[138.134803,36.849175],[138.134638,36.850747],[138.133733,36.851845],[138.134358,36.852106],[138.13587,36.852551],[138.139812,36.85321],[138.139137,36.853266],[138.137532,36.853181],[138.136288,36.853324],[138.13568,36.852951],[138.13529,36.852981],[138.135395,36.85338],[138.136002,36.854095],[138.136677,36.854524],[138.13739,36.855782],[138.13675,36.855668],[138.134435,36.855441],[138.134435,36.855726],[138.13536,36.856611],[138.13511,36.85727],[138.13454,36.857013],[138.133153,36.856755],[138.133365,36.857755],[138.13308,36.858328],[138.131086,36.856811],[138.130873,36.856926],[138.131158,36.858613],[138.130088,36.857613],[138.129876,36.856955],[138.12959,36.856755],[138.129378,36.856925],[138.128951,36.857528],[138.128913,36.857869],[138.128666,36.857613],[138.128451,36.856784],[138.128058,36.856496],[138.126564,36.856325],[138.124176,36.858642],[138.123216,36.8601],[138.120438,36.866534],[138.120198,36.867186],[138.120213,36.867828],[138.117863,36.86759],[138.117471,36.866699],[138.115798,36.865215],[138.11343,36.864477],[138.113208,36.863994],[138.113162,36.863476],[138.112183,36.862994],[138.111293,36.86329],[138.110803,36.863365],[138.109691,36.864811],[138.109379,36.864959],[138.107999,36.864958],[138.107332,36.865071],[138.106261,36.864552],[138.105326,36.863067],[138.104036,36.863438],[138.101409,36.864329],[138.099939,36.864514],[138.098338,36.865756],[138.096646,36.866054],[138.095816,36.86741],[138.094783,36.867647],[138.089969,36.869949],[138.088657,36.87023],[138.087055,36.870853],[138.084775,36.871982],[138.0824,36.873292],[138.081688,36.873954],[138.081198,36.874846],[138.08119,36.875862],[138.079623,36.876123],[138.078573,36.875458]],[[138.104351,36.852066],[138.105286,36.849618],[138.104129,36.84932],[138.103726,36.848987],[138.103416,36.848654],[138.103014,36.848654],[138.102346,36.850064],[138.101144,36.851028],[138.101011,36.851214],[138.101056,36.851732],[138.101546,36.852437],[138.104083,36.852659],[138.104351,36.852066]],[[138.118419,36.860972],[138.119264,36.86112],[138.119844,36.86101],[138.120467,36.860712],[138.121979,36.859525],[138.121846,36.858746],[138.122336,36.857558],[138.123094,36.856298],[138.122959,36.855852],[138.122691,36.855815],[138.122069,36.85626],[138.121269,36.85715],[138.120332,36.857596],[138.119887,36.857671],[138.119354,36.858041],[138.118687,36.860266],[138.118419,36.860601],[138.118419,36.860972]],[[138.090303,36.857077],[138.090615,36.857077],[138.091817,36.856398],[138.093062,36.856684],[138.093955,36.856719],[138.095067,36.856005],[138.097292,36.854326],[138.096982,36.854111],[138.096847,36.853397],[138.096002,36.853609],[138.094845,36.854576],[138.094087,36.854896],[138.093197,36.854932],[138.090703,36.854576],[138.090393,36.854896],[138.090393,36.855325],[138.090525,36.856219],[138.090303,36.857077]],[[138.129815,36.856038],[138.131285,36.856076],[138.132665,36.855407],[138.132933,36.854295],[138.133378,36.853182],[138.133065,36.852328],[138.132678,36.851935],[138.129503,36.851957],[138.128613,36.851512],[138.128568,36.850918],[138.127411,36.850659],[138.123806,36.850547],[138.120822,36.851363],[138.119887,36.852032],[138.120734,36.853181],[138.119664,36.853886],[138.117884,36.854554],[138.116414,36.854925],[138.115212,36.855481],[138.117262,36.855591],[138.118107,36.855852],[138.118864,36.856371],[138.119664,36.856335],[138.119844,36.856112],[138.119932,36.855704],[138.120199,36.855481],[138.121002,36.855406],[138.121089,36.855183],[138.120912,36.854888],[138.121134,36.854702],[138.123539,36.854555],[138.124964,36.855259],[138.125764,36.855334],[138.127991,36.855149],[138.129815,36.856038]],[[138.115585,36.81206],[138.115585,36.813115],[138.117335,36.817226],[138.119272,36.81806],[138.120647,36.818226],[138.120772,36.818726],[138.122397,36.820337],[138.122335,36.822059],[138.121647,36.823115],[138.121897,36.825615],[138.12296,36.82567],[138.125147,36.824337],[138.126897,36.822615],[138.127897,36.819726],[138.128084,36.815005],[138.127771,36.813894],[138.126522,36.812894],[138.125584,36.811616],[138.123709,36.810727],[138.12196,36.810616],[138.12046,36.81006],[138.118523,36.810449],[138.115585,36.81206]]],[[[138.139812,36.85321],[138.140702,36.853381],[138.141344,36.853895],[138.141522,36.855268],[138.141452,36.855612],[138.144479,36.855553],[138.145831,36.855783],[138.145974,36.856212],[138.145619,36.856985],[138.145619,36.857355],[138.146064,36.857709],[138.148111,36.858562],[138.148778,36.858932],[138.150248,36.86012],[138.150871,36.86142],[138.150693,36.862978],[138.150738,36.863496],[138.150961,36.86398],[138.151316,36.864201],[138.152163,36.864351],[138.154388,36.864201],[138.155725,36.864238],[138.15786,36.864499],[138.159997,36.864276],[138.16227,36.863386],[138.16503,36.862457],[138.166944,36.862087],[138.170729,36.861939],[138.173666,36.861345],[138.175804,36.861122],[138.179499,36.860418],[138.182483,36.859712],[138.180211,36.862624],[138.179901,36.863441],[138.179856,36.864072],[138.180568,36.867707],[138.181013,36.868821],[138.181281,36.871715],[138.180923,36.873273],[138.181546,36.873996],[138.18217,36.875073],[138.183328,36.878077],[138.183773,36.878635],[138.184485,36.879079],[138.18395,36.879414],[138.18306,36.880304],[138.182258,36.881158],[138.181058,36.882678],[138.180745,36.88353],[138.1807,36.884849],[138.181445,36.885747],[138.17905,36.885445],[138.178608,36.88483],[138.178476,36.884312],[138.178653,36.883753],[138.179098,36.883087],[138.179498,36.882716],[138.17972,36.881972],[138.179765,36.881231],[138.178698,36.881306],[138.173353,36.88123],[138.168652,36.880964],[138.163772,36.880903],[138.162179,36.881082],[138.16078,36.88132],[138.16089,36.879914],[138.159552,36.879914],[138.158485,36.880174],[138.155278,36.880136],[138.154878,36.879914],[138.152563,36.879357],[138.151341,36.880028],[138.146864,36.879059],[138.145429,36.878661],[138.14228,36.878245],[138.138941,36.879209],[138.136981,36.87958],[138.135201,36.879357],[138.134666,36.878986],[138.134711,36.878503],[138.135009,36.878049],[138.135409,36.876565],[138.136034,36.876899],[138.135854,36.877455],[138.136034,36.877678],[138.136344,36.877232],[138.136611,36.876157],[138.136166,36.87508],[138.135366,36.874524],[138.133806,36.874191],[138.133229,36.873522],[138.133984,36.873509],[138.133494,36.872972],[138.132739,36.872507],[138.132114,36.872793],[138.131224,36.873401],[138.130957,36.873151],[138.130557,36.872328],[138.130602,36.871828],[138.130289,36.871149],[138.131092,36.87047],[138.131091,36.869826],[138.130243,36.86947],[138.129583,36.868789],[138.129561,36.867901],[138.128286,36.866216],[138.127261,36.866501],[138.127261,36.865645],[138.126948,36.865179],[138.126861,36.864499],[138.126458,36.863964],[138.125124,36.86325],[138.124501,36.862535],[138.124411,36.861998],[138.123966,36.861318],[138.122914,36.860802],[138.123216,36.8601],[138.124176,36.858642],[138.126564,36.856325],[138.128058,36.856496],[138.128451,36.856784],[138.128666,36.857613],[138.128913,36.857869],[138.128951,36.857528],[138.129378,36.856925],[138.12959,36.856755],[138.129876,36.856955],[138.130088,36.857613],[138.131158,36.858613],[138.130873,36.856926],[138.131086,36.856811],[138.13308,36.858328],[138.133365,36.857755],[138.133153,36.856755],[138.13454,36.857013],[138.13511,36.85727],[138.13536,36.856611],[138.134435,36.855726],[138.134435,36.855441],[138.13675,36.855668],[138.13739,36.855782],[138.136677,36.854524],[138.136002,36.854095],[138.135395,36.85338],[138.13529,36.852981],[138.13568,36.852951],[138.136288,36.853324],[138.137532,36.853181],[138.139137,36.853266],[138.139812,36.85321]],[[138.176576,36.866532],[138.175844,36.864957],[138.174964,36.864034],[138.174476,36.863597],[138.172489,36.863909],[138.172414,36.864253],[138.172501,36.865149],[138.171784,36.865424],[138.171439,36.865503],[138.171214,36.864972],[138.168852,36.86594],[138.167764,36.86644],[138.167352,36.866472],[138.167839,36.86875],[138.168027,36.870938],[138.173276,36.872063],[138.173014,36.8715],[138.172789,36.869126],[138.174139,36.868938],[138.175301,36.869094],[138.176416,36.869534],[138.176763,36.869625],[138.177851,36.869509],[138.176631,36.867967],[138.176464,36.867094],[138.176576,36.866532]]]]}}]}
