{"type":"FeatureCollection","features":[{"type":"Feature","properties":{"potaRef":"JP-1001","nameJa":"厚岸霧多布昆布森","nameEn":"Akkeshi-Kiritappu-Konbumori Quasi-National Park","authority":"環境省 生物多様性「見える化」マップ","boundaryStatus":"全国GIS候補・公開前検証待ち","boundarySource":"環境省 生物多様性「見える化」マップの自然公園区域を、POTA代表座標で一意に空間照合して加工","boundaryScaleNote":"区域は概要データであり、正確性は保証されない。POTA運用可否は公式情報で最終確認すること。","candidateMethod":"POTA representative point inside one public natural-park area","sourceParkKind":"国定公園","sourceName":"厚岸霧多布昆布森","sourceFeatureCount":66,"cautionMeters":75},"geometry":{"type":"MultiPolygon","coordinates":[[[[144.830487,43.172971],[144.82968,43.17271],[144.82986,43.172299],[144.829881,43.171527],[144.830008,43.171059],[144.830416,43.170847],[144.830354,43.170366],[144.830371,43.17004],[144.830711,43.16992],[144.83135,43.169574],[144.83123,43.169243],[144.83219,43.169084],[144.831979,43.168616],[144.831952,43.16802],[144.833116,43.167169],[144.832653,43.166416],[144.833272,43.166167],[144.83328,43.165927],[144.833163,43.165768],[144.832362,43.165773],[144.831707,43.16593],[144.831373,43.165766],[144.831156,43.165282],[144.830821,43.164849],[144.830887,43.164575],[144.830796,43.164143],[144.830403,43.16382],[144.829719,43.163397],[144.829553,43.163094],[144.830129,43.162219],[144.829917,43.16183],[144.830176,43.161481],[144.830198,43.161239],[144.830052,43.160124],[144.830546,43.16004],[144.830868,43.159608],[144.831407,43.15914],[144.831594,43.15863],[144.832154,43.158258],[144.83208,43.157709],[144.832374,43.157337],[144.83261,43.157126],[144.832726,43.156858],[144.83232,43.156605],[144.832168,43.156205],[144.832462,43.155879],[144.832408,43.155162],[144.832796,43.15491],[144.833136,43.154756],[144.833468,43.154389],[144.833422,43.154183],[144.833277,43.154],[144.832421,43.153919],[144.831667,43.153677],[144.831165,43.153401],[144.830904,43.153087],[144.831357,43.152875],[144.831542,43.152518],[144.832151,43.152323],[144.832845,43.151991],[144.832539,43.151565],[144.834901,43.150717],[144.835817,43.150336],[144.83582,43.150236],[144.836266,43.150321],[144.836452,43.150488],[144.836453,43.151044],[144.836563,43.151408],[144.836758,43.151706],[144.837225,43.152154],[144.837284,43.152327],[144.83722,43.152673],[144.837284,43.152864],[144.837683,43.153224],[144.837845,43.153585],[144.838025,43.15379],[144.838134,43.153851],[144.838719,43.153962],[144.839283,43.154271],[144.839792,43.154388],[144.840536,43.154653],[144.840936,43.154892],[144.841191,43.155414],[144.841242,43.155914],[144.84116,43.156237],[144.841273,43.156625],[144.841506,43.156861],[144.842008,43.157018],[144.842408,43.157219],[144.842676,43.157495],[144.842659,43.15786],[144.843058,43.158716],[144.842847,43.159135],[144.842895,43.159389],[144.843382,43.159783],[144.844446,43.160216],[144.84453,43.160325],[144.844588,43.160563],[144.84479,43.160875],[144.844845,43.161115],[144.845196,43.16137],[144.845192,43.161631],[144.845594,43.161817],[144.845627,43.16198],[144.845763,43.162121],[144.846296,43.162406],[144.846271,43.163498],[144.846419,43.16381],[144.846432,43.164428],[144.846725,43.165067],[144.846782,43.165496],[144.846693,43.16597],[144.846857,43.166384],[144.847838,43.167636],[144.849108,43.168807],[144.849869,43.169346],[144.850334,43.169605],[144.850799,43.169784],[144.851364,43.169865],[144.852835,43.169906],[144.853421,43.170074],[144.853729,43.170256],[144.854484,43.17083],[144.854917,43.171274],[144.855994,43.171971],[144.856516,43.172363],[144.856918,43.172693],[144.857149,43.172949],[144.857261,43.173306],[144.85731,43.174388],[144.85722,43.174707],[144.856934,43.175204],[144.856729,43.1754],[144.856355,43.175565],[144.856185,43.175572],[144.855363,43.175289],[144.854849,43.17488],[144.85421,43.174683],[144.852909,43.173727],[144.852316,43.173539],[144.850919,43.173245],[144.85039,43.173222],[144.849147,43.173272],[144.848972,43.17302],[144.848662,43.172391],[144.848511,43.172215],[144.848151,43.171977],[144.846719,43.171227],[144.845532,43.170767],[144.845076,43.170541],[144.844038,43.16989],[144.84256,43.169126],[144.840734,43.168307],[144.839632,43.167916],[144.837934,43.167494],[144.837081,43.167391],[144.835799,43.167412],[144.835252,43.167481],[144.834508,43.167741],[144.833586,43.168339],[144.833271,43.168691],[144.833143,43.169044],[144.833064,43.16936],[144.833123,43.170141],[144.832324,43.170391],[144.831562,43.170474],[144.831316,43.170669],[144.831372,43.171018],[144.831107,43.171173],[144.830916,43.17153],[144.830701,43.172156],[144.830704,43.172843],[144.830612,43.172982],[144.830487,43.172971]]],[[[145.066097,43.086424],[145.067235,43.086302],[145.069122,43.085984],[145.090497,43.081526],[145.090805,43.082159],[145.091245,43.082751],[145.091576,43.082771],[145.091536,43.082933],[145.09176,43.083091],[145.091692,43.083504],[145.092002,43.084049],[145.092057,43.084445],[145.09225,43.084598],[145.092315,43.084911],[145.092636,43.08525],[145.092657,43.085415],[145.092292,43.086116],[145.09227,43.086398],[145.092412,43.086471],[145.092403,43.086715],[145.092652,43.087568],[145.092413,43.088126],[145.092575,43.08837],[145.092519,43.088583],[145.092366,43.088568],[145.09227,43.088728],[145.09253,43.08968],[145.092025,43.090235],[145.092403,43.090798],[145.0924,43.090994],[145.091933,43.091253],[145.092167,43.091737],[145.092028,43.091955],[145.091795,43.092081],[145.091926,43.092398],[145.092145,43.092454],[145.092168,43.092608],[145.091771,43.092767],[145.091785,43.093023],[145.091998,43.093066],[145.091888,43.093367],[145.092006,43.093662],[145.09186,43.093699],[145.091762,43.093977],[145.091441,43.094095],[145.091143,43.094478],[145.091235,43.094551],[145.091082,43.094603],[145.090796,43.095213],[145.090868,43.095274],[145.090624,43.095293],[145.090572,43.095377],[145.09064,43.095461],[145.090486,43.095717],[145.090352,43.095622],[145.089906,43.096012],[145.089916,43.096207],[145.089652,43.096487],[145.08969,43.096733],[145.089336,43.096802],[145.089465,43.097102],[145.089606,43.097169],[145.089679,43.097524],[145.089903,43.097615],[145.089688,43.097897],[145.089932,43.098005],[145.089816,43.098251],[145.089539,43.098248],[145.089173,43.098591],[145.088754,43.098683],[145.088784,43.098845],[145.088481,43.09919],[145.088799,43.099458],[145.089086,43.099518],[145.089179,43.099856],[145.08908,43.100289],[145.089168,43.100365],[145.089085,43.100648],[145.089,43.100638],[145.088697,43.100989],[145.089128,43.10278],[145.089183,43.103734],[145.089837,43.106253],[145.090041,43.107487],[145.09061,43.108749],[145.090508,43.109318],[145.090716,43.110019],[145.091476,43.110581],[145.091598,43.110801],[145.09138,43.111505],[145.090653,43.112087],[145.09064,43.112589],[145.090411,43.112941],[145.090232,43.113564],[145.089751,43.113644],[145.089508,43.113835],[145.0897,43.11458],[145.089714,43.114992],[145.089893,43.115589],[145.090183,43.115552],[145.090566,43.116447],[145.089672,43.116379],[145.088151,43.114715],[145.08618,43.113902],[145.085291,43.114838],[145.0831,43.114992],[145.08192,43.115601],[145.080636,43.11668],[145.081544,43.117754],[145.080682,43.118122],[145.079992,43.117601],[145.078147,43.117069],[145.077343,43.11601],[145.078308,43.114689],[145.075686,43.114556],[145.077712,43.109255],[145.079259,43.10654],[145.063391,43.101502],[145.065505,43.098832],[145.066206,43.098768],[145.066485,43.098416],[145.067351,43.098049],[145.0679,43.097881],[145.067916,43.097757],[145.067497,43.097478],[145.06759,43.097344],[145.067345,43.096739],[145.0672,43.096703],[145.067187,43.096651],[145.067394,43.096526],[145.067373,43.096148],[145.066906,43.09561],[145.066648,43.095675],[145.066639,43.095602],[145.066736,43.095431],[145.066727,43.095239],[145.066887,43.094909],[145.066781,43.094623],[145.066117,43.09398],[145.065986,43.093594],[145.065825,43.093453],[145.065793,43.093108],[145.065863,43.092909],[145.065866,43.092238],[145.065544,43.092048],[145.065424,43.091651],[145.065731,43.091166],[145.065546,43.090744],[145.06571,43.090154],[145.065501,43.089853],[145.065502,43.089612],[145.065824,43.088622],[145.065699,43.088186],[145.065801,43.087927],[145.065534,43.087762],[145.065735,43.086959],[145.066097,43.086424]]],[[[145.066491,43.084675],[145.066418,43.083873],[145.067076,43.082987],[145.066949,43.082738],[145.067154,43.082633],[145.067626,43.082165],[145.068719,43.081847],[145.069026,43.08169],[145.069397,43.081253],[145.069776,43.080533],[145.069904,43.080152],[145.069854,43.079876],[145.069562,43.079716],[145.069436,43.079415],[145.069565,43.079178],[145.069571,43.079014],[145.069432,43.078596],[145.069239,43.078474],[145.069171,43.078109],[145.068819,43.077764],[145.068578,43.07693],[145.068996,43.076207],[145.069794,43.075594],[145.071285,43.075066],[145.072175,43.074857],[145.073269,43.074474],[145.073704,43.074021],[145.07438,43.073557],[145.086275,43.076426],[145.086233,43.076601],[145.086431,43.077472],[145.086948,43.077692],[145.087189,43.077705],[145.087826,43.078135],[145.088046,43.07849],[145.08827,43.078549],[145.088372,43.07889],[145.088979,43.079252],[145.08894,43.079589],[145.08921,43.079697],[145.089246,43.079884],[145.066491,43.084675]]],[[[144.866667,42.953888],[144.866293,42.953549],[144.866177,42.953586],[144.866113,42.953552],[144.86606,42.953391],[144.865963,42.953307],[144.866005,42.953179],[144.865566,42.952587],[144.865464,42.952582],[144.865431,42.952404],[144.865477,42.9523],[144.865363,42.952251],[144.865377,42.952072],[144.865449,42.952013],[144.865422,42.951918],[144.86549,42.951838],[144.86544,42.951732],[144.865518,42.951592],[144.865923,42.951215],[144.866079,42.95086],[144.86614,42.950559],[144.866064,42.950247],[144.865812,42.949868],[144.865179,42.949536],[144.864908,42.949138],[144.864755,42.949082],[144.864614,42.948912],[144.864671,42.948834],[144.864545,42.948761],[144.864518,42.948616],[144.864558,42.948536],[144.864463,42.94839],[144.864465,42.948305],[144.86455,42.948215],[144.864342,42.947925],[144.864275,42.947743],[144.864337,42.947636],[144.864225,42.947573],[144.864181,42.947386],[144.864226,42.947321],[144.864124,42.947214],[144.864112,42.947061],[144.863937,42.94702],[144.863881,42.946879],[144.863947,42.946757],[144.863843,42.946675],[144.863924,42.946512],[144.864041,42.946458],[144.864095,42.946305],[144.864213,42.946264],[144.864153,42.946208],[144.864306,42.946022],[144.864454,42.946025],[144.864471,42.945945],[144.864611,42.945873],[144.86494,42.945953],[144.865015,42.946067],[144.865029,42.946182],[144.864917,42.94623],[144.864978,42.94632],[144.864948,42.946413],[144.865136,42.946539],[144.8651,42.94667],[144.865324,42.946707],[144.865434,42.946786],[144.865432,42.946871],[144.865549,42.946861],[144.865695,42.946929],[144.865809,42.947129],[144.866003,42.947246],[144.866224,42.947221],[144.866487,42.947345],[144.866465,42.947429],[144.866833,42.947465],[144.866916,42.947528],[144.866921,42.947599],[144.867042,42.947578],[144.867256,42.947661],[144.867317,42.947791],[144.867458,42.947727],[144.86765,42.947777],[144.867721,42.947901],[144.86792,42.947874],[144.868075,42.948052],[144.86806,42.94825],[144.868441,42.948525],[144.868874,42.948752],[144.869662,42.948953],[144.870369,42.948969],[144.870377,42.948903],[144.870511,42.948796],[144.870596,42.948788],[144.870589,42.948723],[144.870696,42.948635],[144.870868,42.948594],[144.871161,42.948814],[144.871297,42.948803],[144.871491,42.948886],[144.871455,42.949069],[144.871254,42.949279],[144.871315,42.949385],[144.871588,42.949469],[144.871649,42.949532],[144.871802,42.949475],[144.871974,42.949523],[144.872355,42.949419],[144.87266,42.949484],[144.872813,42.949457],[144.873134,42.949629],[144.873218,42.949713],[144.873232,42.949843],[144.873445,42.950015],[144.873402,42.95009],[144.873508,42.950217],[144.873426,42.950337],[144.873275,42.950299],[144.87325,42.950422],[144.873332,42.950535],[144.873509,42.950631],[144.873515,42.950739],[144.873867,42.950784],[144.874002,42.950882],[144.874016,42.95096],[144.874261,42.950974],[144.874395,42.951106],[144.874539,42.951121],[144.874869,42.951424],[144.874739,42.951569],[144.874472,42.951492],[144.874443,42.951635],[144.874973,42.951866],[144.874923,42.95205],[144.874791,42.952104],[144.874944,42.952298],[144.875201,42.952372],[144.875344,42.952492],[144.875343,42.952576],[144.875431,42.952688],[144.875393,42.952746],[144.875523,42.952903],[144.87553,42.952981],[144.875452,42.953052],[144.875596,42.953235],[144.875582,42.953354],[144.875821,42.95349],[144.875859,42.953689],[144.875813,42.953745],[144.875899,42.953782],[144.876016,42.95393],[144.875941,42.954061],[144.875867,42.954092],[144.875945,42.954221],[144.875939,42.954299],[144.876172,42.954297],[144.876263,42.954245],[144.87671,42.954283],[144.8769,42.954497],[144.87676,42.95461],[144.876661,42.954628],[144.876877,42.954775],[144.876889,42.954858],[144.877069,42.954898],[144.877137,42.954977],[144.87733,42.954932],[144.877541,42.955003],[144.87766,42.954954],[144.877932,42.955125],[144.878053,42.955175],[144.878256,42.955169],[144.878498,42.955326],[144.878573,42.955482],[144.878407,42.95559],[144.87845,42.95573],[144.878719,42.955684],[144.878913,42.955796],[144.87926,42.955732],[144.879525,42.955758],[144.879561,42.955832],[144.879706,42.955899],[144.87976,42.955964],[144.879758,42.956052],[144.87986,42.956139],[144.879804,42.956273],[144.879703,42.956346],[144.880103,42.95654],[144.880074,42.956714],[144.880114,42.956804],[144.879898,42.95694],[144.879768,42.95692],[144.879699,42.956999],[144.879601,42.957015],[144.879457,42.956952],[144.879341,42.957032],[144.879177,42.957009],[144.879244,42.957166],[144.879177,42.957246],[144.879288,42.957274],[144.879397,42.95721],[144.879618,42.957206],[144.879685,42.957244],[144.879831,42.957204],[144.879941,42.957255],[144.880109,42.957204],[144.880272,42.957327],[144.880215,42.957416],[144.88029,42.957508],[144.880226,42.957637],[144.880152,42.957674],[144.88022,42.957745],[144.880142,42.957851],[144.879975,42.957886],[144.879899,42.957986],[144.879653,42.95811],[144.879485,42.958042],[144.879304,42.958115],[144.879164,42.958063],[144.879018,42.958151],[144.878915,42.958169],[144.878752,42.958113],[144.878514,42.958191],[144.878519,42.958363],[144.878331,42.958476],[144.878354,42.958641],[144.878188,42.958781],[144.8782,42.958911],[144.878069,42.959002],[144.878102,42.959098],[144.878021,42.959244],[144.877919,42.959294],[144.877949,42.959394],[144.877918,42.95945],[144.877814,42.959506],[144.877762,42.959674],[144.877604,42.959765],[144.877593,42.959947],[144.877456,42.960047],[144.877337,42.960048],[144.877139,42.960261],[144.876993,42.960255],[144.876886,42.960369],[144.876694,42.960349],[144.876556,42.960459],[144.876389,42.960501],[144.876205,42.960464],[144.87606,42.960587],[144.87592,42.960551],[144.875896,42.960632],[144.875743,42.960744],[144.875473,42.960703],[144.8753,42.960897],[144.875183,42.960886],[144.875136,42.960966],[144.874972,42.961041],[144.874736,42.960984],[144.874284,42.961259],[144.873794,42.961709],[144.873357,42.962351],[144.873143,42.963082],[144.872974,42.964067],[144.873059,42.964534],[144.873212,42.964832],[144.873051,42.965001],[144.872974,42.96495],[144.872486,42.964119],[144.872339,42.963243],[144.871053,42.959954],[144.87088,42.959736],[144.87045,42.959617],[144.870061,42.959029],[144.869738,42.958144],[144.869588,42.957324],[144.869488,42.957051],[144.869283,42.956859],[144.868359,42.956417],[144.868035,42.956601],[144.867994,42.956543],[144.86829,42.956374],[144.868057,42.956081],[144.867955,42.955542],[144.867797,42.955136],[144.867474,42.954701],[144.866667,42.953888]]],[[[144.787884,43.171572],[144.786816,43.169933],[144.794605,43.167878],[144.799125,43.164211],[144.801182,43.163148],[144.805886,43.158471],[144.807324,43.15841],[144.807606,43.158283],[144.808809,43.158097],[144.809817,43.158038],[144.810138,43.156794],[144.810993,43.156169],[144.811947,43.156114],[144.812128,43.156279],[144.814815,43.15439],[144.818088,43.154459],[144.824056,43.153092],[144.823738,43.152942],[144.829301,43.148782],[144.829225,43.148751],[144.831183,43.147216],[144.831117,43.147071],[144.831536,43.146646],[144.835178,43.145721],[144.83559,43.145886],[144.836712,43.145049],[144.837646,43.141803],[144.842024,43.141275],[144.841913,43.140913],[144.843233,43.139426],[144.844818,43.138104],[144.845856,43.137678],[144.847648,43.138519],[144.848565,43.138207],[144.848302,43.137555],[144.848574,43.13706],[144.850654,43.136629],[144.851944,43.136436],[144.851525,43.137241],[144.851222,43.13765],[144.850909,43.137656],[144.850382,43.13837],[144.850266,43.138639],[144.85035,43.139159],[144.85055,43.139433],[144.85109,43.139987],[144.851605,43.140639],[144.852,43.141032],[144.852418,43.141348],[144.852853,43.141823],[144.853054,43.142165],[144.853076,43.142346],[144.85283,43.143028],[144.851961,43.144135],[144.851686,43.144332],[144.851282,43.144414],[144.851014,43.144379],[144.849901,43.143813],[144.849614,43.143728],[144.849327,43.14373],[144.848992,43.143876],[144.848757,43.144058],[144.848017,43.144767],[144.84783,43.144848],[144.8469,43.144773],[144.846585,43.144985],[144.846355,43.145217],[144.846268,43.145442],[144.846465,43.146284],[144.846369,43.146639],[144.846117,43.14711],[144.846059,43.147328],[144.846103,43.147711],[144.846023,43.148124],[144.845346,43.149205],[144.844904,43.150491],[144.844965,43.15073],[144.844933,43.150954],[144.844749,43.151332],[144.844629,43.151763],[144.844661,43.152008],[144.844812,43.152268],[144.845241,43.152674],[144.845302,43.152812],[144.845305,43.153101],[144.845151,43.153557],[144.845256,43.15415],[144.845186,43.154643],[144.845099,43.154853],[144.84443,43.155728],[144.84395,43.15615],[144.843743,43.156252],[144.843506,43.156275],[144.843189,43.156205],[144.842831,43.155968],[144.842222,43.155428],[144.841906,43.154934],[144.841477,43.154582],[144.839188,43.153158],[144.838988,43.152855],[144.838916,43.152646],[144.838931,43.152092],[144.839172,43.15144],[144.839075,43.150192],[144.83867,43.149666],[144.838441,43.14953],[144.838144,43.149466],[144.837817,43.149461],[144.837571,43.149513],[144.837246,43.149688],[144.836881,43.150174],[144.836453,43.151044],[144.836468,43.150557],[144.836412,43.150431],[144.836266,43.150321],[144.83582,43.150236],[144.835817,43.150336],[144.834901,43.150717],[144.832539,43.151565],[144.832845,43.151991],[144.832151,43.152323],[144.831542,43.152518],[144.831357,43.152875],[144.830904,43.153087],[144.831165,43.153401],[144.831667,43.153677],[144.832421,43.153919],[144.833277,43.154],[144.833422,43.154183],[144.833468,43.154389],[144.833136,43.154756],[144.832796,43.15491],[144.832408,43.155162],[144.832462,43.155879],[144.832168,43.156205],[144.83232,43.156605],[144.832726,43.156858],[144.83261,43.157126],[144.832374,43.157337],[144.83208,43.157709],[144.832154,43.158258],[144.831594,43.15863],[144.831407,43.15914],[144.830868,43.159608],[144.830546,43.16004],[144.830052,43.160124],[144.830198,43.161239],[144.830176,43.161481],[144.829917,43.16183],[144.830129,43.162219],[144.829553,43.163094],[144.829719,43.163397],[144.830403,43.16382],[144.830796,43.164143],[144.830887,43.164575],[144.830821,43.164849],[144.831156,43.165282],[144.831373,43.165766],[144.831707,43.16593],[144.832362,43.165773],[144.833163,43.165768],[144.83328,43.165927],[144.833272,43.166167],[144.832653,43.166416],[144.833116,43.167169],[144.831952,43.16802],[144.831979,43.168616],[144.83219,43.169084],[144.83123,43.169243],[144.83135,43.169574],[144.830711,43.16992],[144.830371,43.17004],[144.830354,43.170366],[144.830416,43.170847],[144.830008,43.171059],[144.829881,43.171527],[144.82986,43.172299],[144.82968,43.17271],[144.830487,43.172971],[144.830508,43.173334],[144.830854,43.174544],[144.831764,43.176128],[144.832044,43.176447],[144.832548,43.176873],[144.832571,43.177004],[144.832183,43.177456],[144.831996,43.177817],[144.831875,43.178296],[144.831816,43.178862],[144.831975,43.17939],[144.832173,43.179802],[144.832388,43.18076],[144.832694,43.181164],[144.833027,43.181793],[144.83334,43.182136],[144.833966,43.182635],[144.834189,43.182928],[144.834351,43.183017],[144.834337,43.183356],[144.834047,43.183897],[144.833671,43.185205],[144.833508,43.185496],[144.833548,43.186232],[144.833676,43.186449],[144.834133,43.186883],[144.834138,43.187004],[144.834074,43.187118],[144.833852,43.18724],[144.831685,43.187056],[144.831033,43.186918],[144.83087,43.186824],[144.830049,43.186752],[144.829682,43.186656],[144.82901,43.186336],[144.827227,43.18462],[144.826866,43.184101],[144.826421,43.183062],[144.825933,43.182413],[144.825494,43.181936],[144.825117,43.18173],[144.824605,43.181575],[144.823602,43.181583],[144.822898,43.181715],[144.821948,43.182049],[144.821205,43.182499],[144.820926,43.182753],[144.820674,43.183094],[144.820428,43.183734],[144.820347,43.183845],[144.820017,43.184017],[144.81963,43.182548],[144.819306,43.182912],[144.819073,43.182934],[144.818712,43.182682],[144.818576,43.182755],[144.81848,43.183017],[144.817875,43.1835],[144.817646,43.18347],[144.817479,43.183289],[144.817085,43.183088],[144.816596,43.183191],[144.816397,43.182933],[144.812398,43.179724],[144.813481,43.177881],[144.809505,43.176647],[144.814611,43.175619],[144.815239,43.174652],[144.816835,43.17183],[144.806235,43.170163],[144.805927,43.170663],[144.805743,43.171131],[144.805078,43.172335],[144.803787,43.174376],[144.79774,43.176479],[144.796652,43.178412],[144.791767,43.176884],[144.791229,43.177178],[144.791219,43.17729],[144.791384,43.177652],[144.791381,43.177738],[144.791173,43.177933],[144.790811,43.17816],[144.788136,43.176804],[144.788049,43.176894],[144.787896,43.176823],[144.788937,43.173227],[144.787884,43.171572]]],[[[144.812839,43.115758],[144.813465,43.115774],[144.816521,43.113987],[144.816456,43.113509],[144.816934,43.113211],[144.818123,43.114027],[144.820598,43.113941],[144.822426,43.113449],[144.824441,43.113063],[144.826487,43.113349],[144.827426,43.112898],[144.829322,43.111657],[144.830709,43.109722],[144.833811,43.109402],[144.833943,43.107805],[144.834708,43.107138],[144.833338,43.10531],[144.833924,43.103619],[144.834124,43.103626],[144.835608,43.104417],[144.839525,43.105479],[144.839613,43.103685],[144.840769,43.102404],[144.840795,43.101791],[144.839918,43.10038],[144.838695,43.09966],[144.840185,43.098718],[144.840066,43.098617],[144.843432,43.09852],[144.844196,43.097741],[144.843434,43.096919],[144.842444,43.096164],[144.843356,43.094848],[144.845115,43.094691],[144.846599,43.094903],[144.848761,43.094452],[144.848998,43.093932],[144.84945,43.095346],[144.8524,43.101228],[144.853679,43.10065],[144.854158,43.104743],[144.852905,43.10351],[144.85132,43.103901],[144.849097,43.104827],[144.845894,43.105075],[144.845003,43.105184],[144.842994,43.108228],[144.831752,43.115819],[144.833864,43.118917],[144.814251,43.117259],[144.811668,43.11721],[144.810748,43.117064],[144.812839,43.115758]]],[[[144.86454,43.096533],[144.863303,43.095801],[144.861907,43.095093],[144.861236,43.094633],[144.860163,43.093767],[144.859166,43.092595],[144.858121,43.091169],[144.857147,43.090089],[144.855274,43.087336],[144.854594,43.085838],[144.854346,43.084777],[144.854138,43.082554],[144.853789,43.079601],[144.854116,43.079552],[144.854027,43.075703],[144.86419,43.071773],[144.864369,43.071788],[144.864502,43.071906],[144.864768,43.071906],[144.864854,43.071976],[144.864979,43.071929],[144.865213,43.072038],[144.865229,43.072124],[144.865401,43.072117],[144.865773,43.072331],[144.865988,43.072393],[144.868987,43.072764],[144.869383,43.07231],[144.870559,43.072106],[144.870977,43.072288],[144.872352,43.072435],[144.873147,43.072575],[144.873818,43.073252],[144.874903,43.074074],[144.875695,43.073798],[144.87591,43.074369],[144.875943,43.075112],[144.876692,43.075693],[144.876139,43.075979],[144.875191,43.077056],[144.87427,43.076467],[144.873117,43.076228],[144.872594,43.076495],[144.872183,43.077107],[144.872056,43.077815],[144.871778,43.078318],[144.871889,43.078975],[144.871793,43.080003],[144.871237,43.081044],[144.870965,43.081827],[144.870982,43.082403],[144.871406,43.084144],[144.870735,43.085068],[144.870422,43.085829],[144.870153,43.086098],[144.869689,43.086244],[144.869039,43.085762],[144.86831,43.086362],[144.867355,43.086745],[144.867354,43.087168],[144.866148,43.087581],[144.866293,43.087971],[144.866091,43.088514],[144.866214,43.088742],[144.865522,43.088824],[144.865004,43.089553],[144.866,43.090263],[144.867496,43.09186],[144.869618,43.0922],[144.869712,43.091546],[144.870408,43.09235],[144.871091,43.092566],[144.870937,43.093706],[144.870969,43.094185],[144.871338,43.09491],[144.872107,43.095445],[144.872318,43.095984],[144.875739,43.096511],[144.877262,43.096587],[144.878205,43.096532],[144.879245,43.096193],[144.880106,43.09583],[144.883814,43.09456],[144.885004,43.094256],[144.885594,43.094139],[144.886251,43.094088],[144.888558,43.09433],[144.889529,43.093991],[144.890485,43.093353],[144.892287,43.092544],[144.892861,43.092136],[144.893687,43.091364],[144.895197,43.091249],[144.895204,43.091069],[144.89652,43.091115],[144.897464,43.090888],[144.897814,43.090379],[144.897668,43.089401],[144.898116,43.088539],[144.898519,43.088202],[144.899188,43.087514],[144.899818,43.087165],[144.900796,43.087513],[144.903083,43.088623],[144.903542,43.088898],[144.904441,43.088368],[144.905286,43.088384],[144.905961,43.088711],[144.90702,43.089058],[144.907598,43.089368],[144.909268,43.089859],[144.91167,43.089753],[144.912838,43.089284],[144.913523,43.088645],[144.913561,43.087732],[144.913937,43.087269],[144.91509,43.086896],[144.914825,43.08721],[144.914728,43.088116],[144.914785,43.088384],[144.914634,43.088821],[144.914909,43.089807],[144.914751,43.090244],[144.914836,43.091221],[144.91536,43.092184],[144.921511,43.093698],[144.921324,43.093864],[144.921131,43.094139],[144.921196,43.094757],[144.921134,43.094853],[144.920166,43.095322],[144.920098,43.095597],[144.920137,43.09594],[144.926197,43.097736],[144.927755,43.098664],[144.927496,43.098852],[144.927126,43.099838],[144.926214,43.099731],[144.925519,43.100031],[144.92397,43.10093],[144.919329,43.100556],[144.918,43.100543],[144.915358,43.099892],[144.913522,43.099978],[144.911382,43.097908],[144.909872,43.098362],[144.909289,43.100115],[144.908988,43.100036],[144.908772,43.100037],[144.907276,43.100418],[144.899372,43.099342],[144.89836,43.098065],[144.89696,43.098635],[144.897309,43.099061],[144.888668,43.097884],[144.88694,43.097723],[144.885683,43.097698],[144.884606,43.097737],[144.875758,43.098294],[144.875684,43.098166],[144.874125,43.097486],[144.871587,43.096841],[144.86953,43.09618],[144.868051,43.096423],[144.864085,43.095651],[144.865482,43.096355],[144.866007,43.096451],[144.86654,43.096787],[144.868891,43.097354],[144.869843,43.09788],[144.870161,43.098214],[144.868548,43.097622],[144.867477,43.097478],[144.866388,43.097249],[144.86454,43.096533]],[[144.863296,43.085823],[144.86431,43.085583],[144.863808,43.084437],[144.865333,43.083259],[144.864875,43.082865],[144.8645,43.083103],[144.863062,43.083812],[144.862463,43.083955],[144.863321,43.084126],[144.863797,43.084982],[144.863807,43.085356],[144.863301,43.085516],[144.862921,43.085548],[144.862696,43.085416],[144.862015,43.085196],[144.861938,43.085287],[144.862493,43.085613],[144.863296,43.085823]],[[144.86667,43.076345],[144.867252,43.080125],[144.867777,43.079416],[144.869159,43.079396],[144.869015,43.078956],[144.867863,43.078798],[144.868006,43.077985],[144.867657,43.077138],[144.86815,43.076277],[144.867926,43.075572],[144.867493,43.0751],[144.866343,43.074226],[144.86667,43.076345]]],[[[145.055514,43.059182],[145.062726,43.04881],[145.064521,43.048918],[145.06468,43.049118],[145.066065,43.049879],[145.069515,43.049731],[145.070465,43.050051],[145.070364,43.051278],[145.069323,43.053179],[145.069371,43.053917],[145.069807,43.055616],[145.070587,43.056184],[145.070864,43.056664],[145.072131,43.057895],[145.074538,43.058803],[145.07518,43.059103],[145.075508,43.059484],[145.075517,43.060288],[145.07564,43.06088],[145.075312,43.061627],[145.075235,43.062436],[145.075592,43.063311],[145.076149,43.064186],[145.076444,43.065499],[145.078304,43.065118],[145.078862,43.065718],[145.07944,43.066043],[145.07963,43.066303],[145.080519,43.066901],[145.080765,43.067393],[145.081346,43.067844],[145.081914,43.068778],[145.082642,43.069502],[145.082833,43.069881],[145.082988,43.070332],[145.083473,43.071041],[145.084001,43.072043],[145.084258,43.073342],[145.084547,43.073587],[145.084467,43.074007],[145.084681,43.075209],[145.08486,43.075325],[145.086261,43.075572],[145.086503,43.075999],[145.086275,43.076426],[145.07438,43.073557],[145.073704,43.074021],[145.073269,43.074474],[145.072175,43.074857],[145.071285,43.075066],[145.069794,43.075594],[145.068996,43.076207],[145.068578,43.07693],[145.068819,43.077764],[145.069171,43.078109],[145.069239,43.078474],[145.069432,43.078596],[145.069571,43.079014],[145.069565,43.079178],[145.069436,43.079415],[145.069562,43.079716],[145.069854,43.079876],[145.069904,43.080152],[145.069776,43.080533],[145.069397,43.081253],[145.069026,43.08169],[145.068667,43.081692],[145.059785,43.080667],[145.058703,43.079518],[145.055313,43.076905],[145.051631,43.075636],[145.045219,43.073325],[145.042522,43.075165],[145.040008,43.074604],[145.039811,43.073992],[145.042315,43.072805],[145.043247,43.072487],[145.043825,43.071946],[145.044282,43.071851],[145.044539,43.071639],[145.045012,43.071616],[145.045297,43.071523],[145.04561,43.07153],[145.04575,43.071343],[145.045999,43.071155],[145.046481,43.070951],[145.046519,43.07066],[145.046744,43.070561],[145.047146,43.070222],[145.047519,43.070059],[145.047714,43.069911],[145.048138,43.069815],[145.048246,43.069733],[145.048881,43.069592],[145.048829,43.06952],[145.048878,43.069349],[145.048804,43.069278],[145.048582,43.069269],[145.048559,43.069158],[145.048275,43.069006],[145.048486,43.068827],[145.048448,43.068615],[145.048332,43.068496],[145.048318,43.068097],[145.048262,43.068036],[145.048062,43.068054],[145.047785,43.067949],[145.047561,43.067997],[145.04755,43.067879],[145.047471,43.067838],[145.04771,43.067555],[145.047715,43.067308],[145.047855,43.067258],[145.047813,43.067007],[145.047646,43.066856],[145.047386,43.066782],[145.047178,43.066537],[145.046837,43.066376],[145.046832,43.066111],[145.046697,43.06577],[145.046589,43.065808],[145.046383,43.065673],[145.046356,43.065353],[145.046498,43.065287],[145.046694,43.065277],[145.046824,43.065059],[145.047087,43.064875],[145.047173,43.064198],[145.047852,43.06381],[145.048221,43.063851],[145.048593,43.063685],[145.048676,43.063571],[145.04891,43.063528],[145.049031,43.063575],[145.049789,43.063367],[145.050397,43.063099],[145.050655,43.062826],[145.050892,43.062775],[145.051506,43.062835],[145.051742,43.062723],[145.051802,43.062518],[145.052713,43.062492],[145.052952,43.062546],[145.053655,43.062294],[145.054643,43.062251],[145.054602,43.062144],[145.053704,43.061627],[145.055514,43.059182]]],[[[145.066097,43.086424],[145.066153,43.086342],[145.066385,43.085361],[145.066491,43.084675],[145.089246,43.079884],[145.08931,43.080217],[145.089605,43.080304],[145.089729,43.080727],[145.089865,43.081001],[145.090489,43.081338],[145.090497,43.081526],[145.069122,43.085984],[145.067235,43.086302],[145.066097,43.086424]]],[[[145.090183,43.115552],[145.089893,43.115589],[145.089714,43.114992],[145.0897,43.11458],[145.089508,43.113835],[145.089751,43.113644],[145.090232,43.113564],[145.090411,43.112941],[145.09064,43.112589],[145.090653,43.112087],[145.09138,43.111505],[145.091598,43.110801],[145.091476,43.110581],[145.090716,43.110019],[145.090508,43.109318],[145.09061,43.108749],[145.090041,43.107487],[145.089837,43.106253],[145.089183,43.103734],[145.089128,43.10278],[145.088697,43.100989],[145.089,43.100638],[145.089085,43.100648],[145.089168,43.100365],[145.08908,43.100289],[145.089179,43.099856],[145.089086,43.099518],[145.088799,43.099458],[145.088481,43.09919],[145.088784,43.098845],[145.088754,43.098683],[145.089173,43.098591],[145.089539,43.098248],[145.089816,43.098251],[145.089932,43.098005],[145.089688,43.097897],[145.089903,43.097615],[145.089679,43.097524],[145.089606,43.097169],[145.089465,43.097102],[145.089336,43.096802],[145.08969,43.096733],[145.089652,43.096487],[145.089916,43.096207],[145.089906,43.096012],[145.090352,43.095622],[145.090486,43.095717],[145.09064,43.095461],[145.090572,43.095377],[145.090624,43.095293],[145.090868,43.095274],[145.090796,43.095213],[145.091082,43.094603],[145.091235,43.094551],[145.091143,43.094478],[145.091441,43.094095],[145.091762,43.093977],[145.09186,43.093699],[145.092006,43.093662],[145.091888,43.093367],[145.091998,43.093066],[145.091785,43.093023],[145.091771,43.092767],[145.092168,43.092608],[145.092145,43.092454],[145.091926,43.092398],[145.091795,43.092081],[145.092028,43.091955],[145.092167,43.091737],[145.092892,43.09136],[145.100339,43.086828],[145.101109,43.087508],[145.103055,43.086324],[145.103073,43.086372],[145.102691,43.08724],[145.10177,43.087925],[145.100971,43.088733],[145.100363,43.090313],[145.099021,43.090309],[145.098348,43.090658],[145.097391,43.091824],[145.097254,43.092454],[145.09748,43.092585],[145.097302,43.0935],[145.097456,43.094373],[145.097366,43.095077],[145.096856,43.095519],[145.095749,43.095616],[145.095474,43.095928],[145.095398,43.097486],[145.09514,43.097868],[145.094992,43.098658],[145.095174,43.098877],[145.09523,43.099201],[145.094599,43.099771],[145.094896,43.102519],[145.094406,43.103115],[145.094925,43.103645],[145.094739,43.104164],[145.095251,43.10697],[145.095552,43.107943],[145.095703,43.108147],[145.095563,43.108671],[145.095745,43.109729],[145.096249,43.110016],[145.096447,43.110992],[145.096804,43.112215],[145.097514,43.113212],[145.095757,43.113917],[145.097751,43.115821],[145.098062,43.116569],[145.098712,43.117308],[145.099481,43.117931],[145.101069,43.119968],[145.101456,43.120872],[145.102919,43.1215],[145.102942,43.121657],[145.102155,43.121812],[145.101319,43.122059],[145.100974,43.122359],[145.099893,43.122663],[145.09907,43.122634],[145.098241,43.122247],[145.095281,43.121597],[145.093508,43.121006],[145.09356,43.121095],[145.09352,43.121173],[145.093178,43.121196],[145.092674,43.121404],[145.092697,43.121537],[145.092056,43.121494],[145.091099,43.120969],[145.091136,43.120778],[145.091473,43.120466],[145.092776,43.119963],[145.093945,43.119901],[145.094202,43.119252],[145.094127,43.119099],[145.093375,43.1184],[145.09334,43.118257],[145.09277,43.117832],[145.092729,43.117663],[145.092138,43.117327],[145.092157,43.117193],[145.0917,43.116588],[145.091392,43.116426],[145.091339,43.116247],[145.091043,43.116113],[145.090986,43.115921],[145.090863,43.11586],[145.090692,43.115892],[145.090183,43.115552]]],[[[144.863296,43.085823],[144.862493,43.085613],[144.861938,43.085287],[144.862015,43.085196],[144.862696,43.085416],[144.862921,43.085548],[144.863301,43.085516],[144.863807,43.085356],[144.863797,43.084982],[144.863321,43.084126],[144.862463,43.083955],[144.863062,43.083812],[144.8645,43.083103],[144.864875,43.082865],[144.865333,43.083259],[144.863808,43.084437],[144.86431,43.085583],[144.863296,43.085823]]],[[[144.86667,43.076345],[144.866343,43.074226],[144.867493,43.0751],[144.867926,43.075572],[144.86815,43.076277],[144.867657,43.077138],[144.868006,43.077985],[144.867863,43.078798],[144.869015,43.078956],[144.869159,43.079396],[144.867777,43.079416],[144.867252,43.080125],[144.86667,43.076345]]],[[[145.096471,43.053024],[145.096847,43.052568],[145.096939,43.052389],[145.097491,43.051983],[145.097606,43.051786],[145.097614,43.051364],[145.097207,43.050627],[145.097184,43.050515],[145.097083,43.050409],[145.097103,43.050241],[145.09706,43.050171],[145.097052,43.049798],[145.096989,43.049697],[145.096993,43.049476],[145.097084,43.049417],[145.097023,43.049052],[145.097115,43.048748],[145.097138,43.048439],[145.096799,43.048296],[145.096385,43.048016],[145.09635,43.047934],[145.09619,43.047856],[145.09603,43.047729],[145.096007,43.047654],[145.095698,43.047449],[145.095694,43.047391],[145.09551,43.047179],[145.09553,43.04697],[145.095456,43.046803],[145.095327,43.046706],[145.095174,43.046476],[145.095143,43.046254],[145.095229,43.045892],[145.095338,43.045662],[145.095432,43.045623],[145.09544,43.04548],[145.095608,43.045351],[145.09578,43.045387],[145.095846,43.045355],[145.096018,43.045017],[145.096296,43.044955],[145.096592,43.045174],[145.096815,43.045225],[145.097088,43.045234],[145.097276,43.04518],[145.097639,43.045224],[145.097874,43.045349],[145.097995,43.045475],[145.097979,43.045663],[145.097897,43.045832],[145.098163,43.04593],[145.098272,43.046047],[145.098436,43.046019],[145.098827,43.046099],[145.098893,43.046212],[145.098869,43.046498],[145.098823,43.046573],[145.098893,43.046691],[145.098873,43.046824],[145.09894,43.046949],[145.098893,43.047076],[145.098991,43.047189],[145.098975,43.047284],[145.099135,43.047452],[145.099307,43.047534],[145.099322,43.047597],[145.099455,43.047593],[145.099717,43.047714],[145.09976,43.047804],[145.099858,43.047814],[145.099967,43.047919],[145.100178,43.048005],[145.100194,43.04806],[145.100694,43.048206],[145.101076,43.048222],[145.101197,43.048285],[145.101326,43.04825],[145.101724,43.048321],[145.102104,43.048244],[145.102349,43.048252],[145.102713,43.048332],[145.102846,43.048441],[145.103025,43.048426],[145.103408,43.048155],[145.103541,43.048135],[145.103568,43.048057],[145.103924,43.04781],[145.103904,43.047714],[145.104053,43.047469],[145.104178,43.047453],[145.104264,43.047496],[145.104776,43.047499],[145.104998,43.047657],[145.105182,43.047704],[145.105431,43.04766],[145.105834,43.047766],[145.106259,43.047796],[145.106349,43.047862],[145.106818,43.047966],[145.106892,43.048029],[145.107166,43.048072],[145.107607,43.048371],[145.108021,43.048475],[145.10808,43.0486],[145.107959,43.048763],[145.107998,43.048919],[145.108162,43.048849],[145.108318,43.048665],[145.108748,43.048617],[145.108876,43.048547],[145.109411,43.048452],[145.10954,43.048491],[145.110072,43.048486],[145.110595,43.048676],[145.110669,43.048758],[145.110822,43.048738],[145.111103,43.048788],[145.111326,43.048897],[145.11138,43.048999],[145.111584,43.049001],[145.111751,43.049126],[145.111982,43.049189],[145.112052,43.049142],[145.112468,43.049201],[145.112557,43.04933],[145.112839,43.049416],[145.113112,43.04943],[145.113174,43.049477],[145.113795,43.049464],[145.113873,43.049542],[145.114045,43.04953],[145.114389,43.049751],[145.114534,43.049973],[145.114487,43.050008],[145.114147,43.050012],[145.114159,43.050121],[145.114108,43.05019],[145.114131,43.050362],[145.114561,43.050548],[145.114686,43.050517],[145.11501,43.050572],[145.115229,43.050664],[145.115299,43.050761],[145.115467,43.05084],[145.115491,43.050909],[145.115608,43.050936],[145.115795,43.051099],[145.115788,43.051236],[145.116069,43.051504],[145.116069,43.051566],[145.11642,43.051695],[145.116479,43.051803],[145.116756,43.051936],[145.116733,43.052053],[145.116791,43.052164],[145.116795,43.052363],[145.116752,43.052423],[145.116604,43.052482],[145.116401,43.052478],[145.116061,43.052659],[145.115658,43.052703],[145.115592,43.052656],[145.11535,43.052754],[145.115112,43.052735],[145.115033,43.052696],[145.115014,43.052626],[145.11476,43.052645],[145.114651,43.052579],[145.11442,43.052569],[145.114397,43.052529],[145.113975,43.052558],[145.11383,43.052507],[145.11349,43.052548],[145.113358,43.05261],[145.113237,43.052575],[145.112663,43.052647],[145.11228,43.052824],[145.112162,43.052816],[145.111913,43.052915],[145.11178,43.053009],[145.111643,43.05301],[145.111581,43.053076],[145.111292,43.053189],[145.11078,43.053173],[145.1106,43.053219],[145.110475,43.053313],[145.110116,43.053373],[145.109229,43.05336],[145.108952,43.053295],[145.108663,43.053155],[145.10862,43.053088],[145.108464,43.053072],[145.108089,43.052914],[145.107975,43.052949],[145.107628,43.052903],[145.107542,43.052852],[145.10571,43.052761],[145.104444,43.052833],[145.103715,43.052777],[145.102665,43.052574],[145.101715,43.052569],[145.101347,43.05245],[145.10081,43.052434],[145.100481,43.052343],[145.100097,43.052163],[145.099354,43.052045],[145.098633,43.052045],[145.097729,43.052141],[145.097184,43.052473],[145.096624,43.053052],[145.09654,43.053069],[145.096471,43.053024]]],[[[145.121731,43.06308],[145.121833,43.063102],[145.121913,43.063046],[145.122149,43.063025],[145.122608,43.063038],[145.122654,43.062986],[145.122759,43.062982],[145.122879,43.063048],[145.122912,43.063121],[145.123071,43.063139],[145.123166,43.063235],[145.123302,43.06324],[145.123384,43.063296],[145.123561,43.063269],[145.124127,43.063466],[145.124177,43.063507],[145.12412,43.063637],[145.124154,43.063749],[145.124042,43.063868],[145.123869,43.063868],[145.123578,43.063999],[145.123178,43.063979],[145.122878,43.064154],[145.122649,43.064097],[145.122363,43.064171],[145.121977,43.064076],[145.121713,43.063903],[145.121452,43.063835],[145.121343,43.063711],[145.121306,43.063529],[145.121201,43.063444],[145.121216,43.063363],[145.12114,43.063316],[145.121158,43.063226],[145.121357,43.063192],[145.121423,43.063121],[145.121601,43.063067],[145.121731,43.06308]]],[[[144.549464,42.948427],[144.549373,42.948403],[144.549256,42.948264],[144.548977,42.947768],[144.549536,42.94767],[144.549573,42.9476],[144.549703,42.947558],[144.549875,42.947389],[144.549984,42.947397],[144.550072,42.947273],[144.550294,42.947229],[144.550312,42.947158],[144.550387,42.947118],[144.550587,42.947096],[144.550677,42.947145],[144.550819,42.947048],[144.550928,42.947054],[144.550953,42.946984],[144.551115,42.946892],[144.551239,42.946892],[144.551294,42.946808],[144.551451,42.946765],[144.5516,42.946834],[144.551677,42.946798],[144.551915,42.946839],[144.552071,42.947153],[144.552144,42.947211],[144.553621,42.947763],[144.554353,42.94792],[144.554856,42.947979],[144.555104,42.947928],[144.555414,42.948019],[144.556301,42.947944],[144.556455,42.947988],[144.556518,42.948061],[144.556512,42.948147],[144.556682,42.948173],[144.556776,42.948233],[144.556807,42.948327],[144.556966,42.948355],[144.557057,42.948459],[144.557412,42.948551],[144.557533,42.948699],[144.557866,42.948745],[144.55799,42.948855],[144.558319,42.948884],[144.558628,42.949047],[144.558758,42.949039],[144.56011,42.949336],[144.563133,42.949698],[144.564479,42.949944],[144.565031,42.949953],[144.566029,42.949885],[144.566723,42.950049],[144.570032,42.950262],[144.571539,42.950447],[144.571902,42.950444],[144.572266,42.950377],[144.572638,42.950168],[144.572536,42.950086],[144.572581,42.949977],[144.572864,42.949965],[144.573048,42.950087],[144.573149,42.950332],[144.573266,42.950379],[144.574156,42.950393],[144.574917,42.950486],[144.575336,42.950462],[144.575378,42.950356],[144.575636,42.950335],[144.575833,42.950249],[144.576044,42.950314],[144.57613,42.950215],[144.576367,42.950171],[144.576495,42.950204],[144.576878,42.950121],[144.576958,42.950152],[144.577076,42.950066],[144.577271,42.950111],[144.57738,42.950012],[144.577484,42.950025],[144.577661,42.949944],[144.577784,42.949983],[144.577943,42.949872],[144.578193,42.94987],[144.578316,42.949795],[144.578436,42.949843],[144.578757,42.949685],[144.578896,42.949734],[144.579004,42.949667],[144.579234,42.949636],[144.57935,42.949677],[144.579422,42.949603],[144.579651,42.949571],[144.57977,42.94958],[144.579827,42.949636],[144.579924,42.949542],[144.580108,42.949503],[144.580384,42.94958],[144.5805,42.949531],[144.580724,42.949561],[144.58086,42.949523],[144.580995,42.949572],[144.581258,42.949421],[144.581401,42.949416],[144.581539,42.949481],[144.581765,42.949229],[144.581901,42.949241],[144.582111,42.949007],[144.582216,42.948999],[144.582395,42.948843],[144.582609,42.94883],[144.582635,42.948757],[144.582744,42.948731],[144.582859,42.948616],[144.583023,42.948603],[144.583153,42.948674],[144.583252,42.948593],[144.583401,42.948656],[144.583411,42.948551],[144.583494,42.948504],[144.583515,42.948353],[144.583562,42.948353],[144.583671,42.94822],[144.583828,42.948202],[144.583966,42.948249],[144.584093,42.94839],[144.584093,42.948476],[144.584145,42.948512],[144.584143,42.948746],[144.584309,42.948819],[144.584304,42.948913],[144.584432,42.948944],[144.584494,42.948997],[144.584494,42.949098],[144.584734,42.949156],[144.584799,42.94927],[144.584965,42.949312],[144.584981,42.949403],[144.585129,42.949476],[144.585319,42.949473],[144.585457,42.949564],[144.585752,42.949536],[144.585874,42.949629],[144.585978,42.949593],[144.586184,42.949614],[144.586275,42.949687],[144.586437,42.949658],[144.586559,42.949728],[144.586742,42.949658],[144.586908,42.949767],[144.587025,42.94971],[144.587275,42.949718],[144.58733,42.949786],[144.587434,42.949731],[144.587762,42.949715],[144.587918,42.949778],[144.587947,42.949848],[144.588199,42.949749],[144.588343,42.949783],[144.588421,42.949859],[144.588556,42.949772],[144.588637,42.949796],[144.588785,42.949739],[144.589004,42.949806],[144.589069,42.949723],[144.589301,42.949655],[144.589582,42.949718],[144.589647,42.949645],[144.589975,42.949551],[144.590134,42.949629],[144.590442,42.949483],[144.590684,42.949457],[144.590921,42.949538],[144.591012,42.949429],[144.59121,42.9494],[144.591366,42.949426],[144.591478,42.949507],[144.591579,42.949395],[144.591837,42.949332],[144.592061,42.949424],[144.592165,42.949312],[144.592478,42.949286],[144.59266,42.949379],[144.592731,42.949296],[144.592978,42.949257],[144.593158,42.949288],[144.593202,42.949356],[144.593501,42.949275],[144.593629,42.949281],[144.593715,42.949351],[144.593803,42.949281],[144.59409,42.949301],[144.59409,42.949187],[144.594296,42.949054],[144.594493,42.949077],[144.594707,42.949028],[144.59491,42.949192],[144.595168,42.949083],[144.595316,42.949135],[144.595486,42.949114],[144.595631,42.9492],[144.595845,42.949169],[144.596157,42.949213],[144.596321,42.949361],[144.596545,42.949382],[144.59672,42.949499],[144.598278,42.949822],[144.59905,42.949794],[144.600205,42.949885],[144.600982,42.949838],[144.601297,42.949721],[144.601406,42.949599],[144.601428,42.949482],[144.601343,42.949433],[144.601361,42.949361],[144.601435,42.94933],[144.601562,42.949386],[144.601722,42.949376],[144.601827,42.949318],[144.601976,42.949421],[144.602296,42.949463],[144.602517,42.949581],[144.602502,42.949682],[144.602412,42.949711],[144.602275,42.949855],[144.602457,42.950018],[144.603041,42.950192],[144.604243,42.950304],[144.605139,42.950468],[144.606172,42.950469],[144.607164,42.950778],[144.607949,42.950915],[144.609055,42.950912],[144.609075,42.951331],[144.609242,42.952006],[144.608372,42.952042],[144.605683,42.951663],[144.600043,42.950455],[144.599337,42.951395],[144.598841,42.951136],[144.598589,42.950422],[144.597052,42.950312],[144.595411,42.949846],[144.592081,42.950441],[144.590754,42.950533],[144.588671,42.950773],[144.587084,42.950743],[144.586317,42.950621],[144.585184,42.950407],[144.584208,42.949881],[144.583319,42.949881],[144.580679,42.950277],[144.578249,42.950735],[144.576117,42.950827],[144.573163,42.950685],[144.57057,42.950965],[144.568257,42.951143],[144.566285,42.950887],[144.563685,42.951173],[144.559335,42.950751],[144.556787,42.949431],[144.554005,42.948659],[144.551405,42.947641],[144.549464,42.948427]]],[[[144.639166,42.948153],[144.638455,42.948051],[144.638348,42.947982],[144.638242,42.947824],[144.638926,42.947445],[144.639705,42.946878],[144.639829,42.946725],[144.639976,42.946251],[144.640189,42.945971],[144.640171,42.945877],[144.640318,42.945771],[144.641214,42.946005],[144.642393,42.94605],[144.64335,42.94596],[144.644383,42.945758],[144.645034,42.945718],[144.64658,42.945909],[144.649029,42.946371],[144.649688,42.946444],[144.651111,42.946433],[144.651678,42.946567],[144.652044,42.946502],[144.654303,42.946613],[144.655061,42.946596],[144.663236,42.945437],[144.664798,42.945032],[144.665203,42.944841],[144.666589,42.943682],[144.668737,42.942457],[144.669794,42.943372],[144.669061,42.944769],[144.669562,42.945551],[144.670552,42.946228],[144.670931,42.9464],[144.67043,42.946438],[144.669858,42.946568],[144.669511,42.94654],[144.66914,42.946692],[144.668774,42.946681],[144.668382,42.946784],[144.667962,42.946791],[144.667271,42.946563],[144.667042,42.94655],[144.666566,42.946228],[144.665984,42.946292],[144.664558,42.946734],[144.664077,42.947054],[144.663693,42.947232],[144.663454,42.947248],[144.662765,42.947433],[144.662352,42.94742],[144.661576,42.947652],[144.661117,42.94771],[144.660015,42.947974],[144.659637,42.948379],[144.659407,42.948865],[144.659223,42.949399],[144.65908,42.949583],[144.658819,42.949779],[144.658447,42.949842],[144.658042,42.949804],[144.657485,42.949475],[144.656946,42.949254],[144.656512,42.949204],[144.655793,42.949268],[144.655251,42.949484],[144.6541,42.949678],[144.653003,42.949743],[144.652815,42.949716],[144.652264,42.94936],[144.651351,42.949361],[144.650586,42.948768],[144.650081,42.948607],[144.650147,42.947703],[144.645513,42.946882],[144.64481,42.946595],[144.640435,42.946599],[144.63979,42.947536],[144.63913,42.948065],[144.639184,42.948107],[144.639166,42.948153]]],[[[144.696164,42.940314],[144.696816,42.939128],[144.698279,42.937919],[144.700054,42.937908],[144.701302,42.938186],[144.70184,42.937771],[144.701993,42.937254],[144.702596,42.937287],[144.704708,42.937068],[144.704875,42.937005],[144.706874,42.937046],[144.707215,42.937004],[144.708252,42.936691],[144.708382,42.936558],[144.708413,42.93645],[144.708504,42.936391],[144.708553,42.936219],[144.708616,42.936181],[144.708565,42.936082],[144.708662,42.935933],[144.708774,42.93589],[144.708806,42.935777],[144.708903,42.935669],[144.708983,42.935648],[144.709046,42.9355],[144.709179,42.935358],[144.709433,42.935229],[144.709483,42.935238],[144.709539,42.935389],[144.709533,42.935471],[144.70942,42.935601],[144.709467,42.935741],[144.709697,42.93582],[144.709878,42.935827],[144.709959,42.935888],[144.710228,42.935843],[144.710386,42.935877],[144.710546,42.935787],[144.710831,42.935775],[144.710925,42.935696],[144.71146,42.935699],[144.711711,42.935378],[144.711871,42.935357],[144.711964,42.935446],[144.711975,42.935597],[144.711893,42.935888],[144.712024,42.936035],[144.712409,42.936208],[144.713412,42.93636],[144.713717,42.936376],[144.71397,42.936332],[144.714159,42.936209],[144.714712,42.935994],[144.715306,42.936055],[144.715888,42.935927],[144.715058,42.937285],[144.717362,42.938082],[144.718585,42.940304],[144.718692,42.939541],[144.719168,42.940506],[144.71928,42.940474],[144.719335,42.940615],[144.719696,42.94056],[144.719134,42.939246],[144.718792,42.938843],[144.718908,42.937995],[144.720317,42.937349],[144.72054,42.93742],[144.721442,42.937455],[144.721523,42.937517],[144.721613,42.937462],[144.721733,42.937182],[144.721461,42.937229],[144.721297,42.937003],[144.720492,42.9368],[144.719232,42.937317],[144.718944,42.937361],[144.718105,42.936817],[144.720617,42.936493],[144.72152,42.936093],[144.721184,42.935473],[144.721102,42.9355],[144.720861,42.93502],[144.722804,42.934566],[144.723921,42.934369],[144.725337,42.934251],[144.728086,42.934178],[144.728402,42.934087],[144.728564,42.934134],[144.728634,42.934089],[144.729018,42.934141],[144.729158,42.934094],[144.729203,42.934127],[144.73212,42.934268],[144.734382,42.934245],[144.734404,42.934499],[144.734261,42.934681],[144.734388,42.935149],[144.734534,42.93539],[144.734545,42.935861],[144.733667,42.935731],[144.733695,42.935631],[144.732859,42.935497],[144.732829,42.935603],[144.732392,42.935559],[144.732209,42.936055],[144.73172,42.936623],[144.73023,42.936636],[144.730292,42.937136],[144.730097,42.937435],[144.730045,42.938143],[144.730296,42.938606],[144.730506,42.938781],[144.730638,42.938855],[144.73098,42.938758],[144.730897,42.938836],[144.730795,42.939214],[144.731193,42.939275],[144.73123,42.93905],[144.731361,42.93907],[144.731441,42.938873],[144.73118,42.938784],[144.731216,42.938693],[144.732172,42.938447],[144.732309,42.938579],[144.732171,42.938673],[144.73211,42.938786],[144.732276,42.938906],[144.73212,42.939003],[144.732135,42.939083],[144.731715,42.939263],[144.731509,42.939418],[144.731422,42.939524],[144.731392,42.939742],[144.730865,42.939884],[144.730297,42.94076],[144.729704,42.94127],[144.729431,42.941444],[144.729092,42.941825],[144.728747,42.942085],[144.728273,42.94226],[144.727933,42.942659],[144.727241,42.943636],[144.727331,42.944425],[144.727177,42.944619],[144.727235,42.944658],[144.727226,42.944733],[144.727426,42.94473],[144.727426,42.944805],[144.727255,42.944806],[144.727272,42.944987],[144.726989,42.944938],[144.725773,42.945196],[144.720304,42.946062],[144.719954,42.946212],[144.719062,42.946856],[144.718338,42.947177],[144.71776,42.947134],[144.716188,42.947252],[144.71565,42.947199],[144.71513,42.947016],[144.714285,42.946598],[144.714364,42.946572],[144.714307,42.946516],[144.714183,42.946551],[144.713746,42.946185],[144.71356,42.94562],[144.713186,42.944744],[144.713017,42.944546],[144.71254,42.943436],[144.712233,42.943227],[144.711798,42.943035],[144.711361,42.942993],[144.711148,42.942891],[144.710278,42.942737],[144.709663,42.942148],[144.709634,42.941868],[144.709394,42.941635],[144.709001,42.941407],[144.708452,42.941341],[144.707832,42.941545],[144.707348,42.941553],[144.707029,42.941816],[144.706719,42.941936],[144.706309,42.941977],[144.704809,42.941785],[144.70441,42.94189],[144.703775,42.941917],[144.703196,42.941741],[144.699766,42.941683],[144.69939,42.941582],[144.69924,42.941491],[144.69798,42.940261],[144.697686,42.940043],[144.697227,42.939978],[144.696616,42.940105],[144.695818,42.940623],[144.695623,42.940679],[144.696164,42.940314]]],[[[144.734982,42.939185],[144.735138,42.938643],[144.735613,42.938349],[144.736077,42.938254],[144.735815,42.937779],[144.73612,42.937836],[144.736296,42.937396],[144.735854,42.937443],[144.736141,42.937352],[144.736791,42.937322],[144.737031,42.937255],[144.737153,42.937384],[144.737974,42.937365],[144.737954,42.937867],[144.737995,42.938061],[144.737749,42.938368],[144.737766,42.938493],[144.738028,42.938838],[144.738364,42.939038],[144.738947,42.939035],[144.739566,42.939253],[144.739852,42.939286],[144.740265,42.93921],[144.740627,42.939014],[144.740658,42.938939],[144.740648,42.938876],[144.740542,42.938812],[144.740022,42.938693],[144.739771,42.938459],[144.739775,42.938283],[144.739963,42.938095],[144.740075,42.938053],[144.74038,42.938048],[144.74101,42.93841],[144.741776,42.93817],[144.742431,42.938023],[144.742584,42.938117],[144.742806,42.93816],[144.744021,42.937829],[144.744844,42.937827],[144.744974,42.93778],[144.744986,42.937009],[144.744937,42.936895],[144.744791,42.936839],[144.744728,42.936727],[144.745207,42.936625],[144.745465,42.936522],[144.745491,42.936223],[144.745586,42.935996],[144.745947,42.935839],[144.745992,42.93576],[144.745929,42.935446],[144.74578,42.935194],[144.746234,42.934768],[144.747339,42.93355],[144.748896,42.933449],[144.751025,42.933462],[144.751621,42.93326],[144.752425,42.932791],[144.752768,42.932692],[144.753264,42.932629],[144.75452,42.932921],[144.755005,42.932925],[144.755771,42.933047],[144.755783,42.933324],[144.75541,42.933582],[144.755336,42.934077],[144.754835,42.934574],[144.754305,42.935563],[144.756262,42.936322],[144.757711,42.93576],[144.758743,42.934735],[144.758697,42.934387],[144.758487,42.934141],[144.758659,42.933398],[144.759389,42.933592],[144.761227,42.933677],[144.762685,42.933633],[144.765258,42.933777],[144.765599,42.933732],[144.765798,42.933626],[144.765924,42.933655],[144.76599,42.933611],[144.766463,42.933599],[144.767423,42.93367],[144.767599,42.933587],[144.767749,42.933628],[144.767921,42.933574],[144.768059,42.93363],[144.768193,42.933559],[144.768394,42.933578],[144.768533,42.933519],[144.768788,42.933583],[144.769048,42.933548],[144.769126,42.933461],[144.76924,42.933442],[144.769379,42.933462],[144.769441,42.933533],[144.769829,42.933556],[144.769972,42.93368],[144.770288,42.933767],[144.771209,42.93385],[144.772027,42.933798],[144.772149,42.933739],[144.772427,42.933762],[144.772699,42.933687],[144.773091,42.933529],[144.773337,42.933316],[144.773468,42.933299],[144.773478,42.933202],[144.773599,42.933111],[144.77375,42.933091],[144.773755,42.93304],[144.773932,42.932921],[144.774107,42.93288],[144.774302,42.932949],[144.774523,42.932951],[144.774654,42.933091],[144.774781,42.933105],[144.774897,42.933208],[144.77487,42.933329],[144.774982,42.933365],[144.775125,42.933524],[144.776437,42.933806],[144.77666,42.933769],[144.776777,42.933845],[144.777119,42.933876],[144.777302,42.933984],[144.778945,42.934148],[144.779094,42.93411],[144.779216,42.93415],[144.779289,42.934109],[144.7795,42.934118],[144.779689,42.934205],[144.780315,42.934281],[144.780553,42.934288],[144.780616,42.934187],[144.780753,42.934128],[144.780913,42.934155],[144.781046,42.934086],[144.781141,42.934086],[144.781223,42.934146],[144.781336,42.934089],[144.781545,42.934126],[144.781888,42.934437],[144.782148,42.934533],[144.782791,42.935006],[144.782901,42.935069],[144.783065,42.935082],[144.783252,42.935219],[144.78344,42.935284],[144.783502,42.935421],[144.784081,42.935639],[144.784275,42.935678],[144.784558,42.93563],[144.784643,42.935701],[144.784816,42.935709],[144.785513,42.936188],[144.785528,42.936329],[144.78566,42.936397],[144.785692,42.936557],[144.78566,42.936596],[144.785729,42.936776],[144.785606,42.936917],[144.785724,42.937019],[144.785664,42.937235],[144.785604,42.937284],[144.785629,42.937386],[144.785576,42.937483],[144.78547,42.937531],[144.785502,42.937609],[144.785391,42.937702],[144.785425,42.937773],[144.785327,42.937939],[144.785164,42.93798],[144.785211,42.938037],[144.785194,42.938106],[144.785064,42.938211],[144.784671,42.938344],[144.783417,42.938495],[144.783118,42.938569],[144.781744,42.939149],[144.781329,42.939407],[144.78078,42.939849],[144.779603,42.940482],[144.779124,42.940841],[144.778497,42.941418],[144.778113,42.941657],[144.777722,42.941784],[144.776781,42.94183],[144.775938,42.942012],[144.775282,42.942073],[144.774773,42.942264],[144.773617,42.942912],[144.773691,42.942949],[144.773693,42.943007],[144.773435,42.943211],[144.773326,42.943226],[144.773291,42.943363],[144.773135,42.943443],[144.773007,42.943449],[144.772942,42.943556],[144.772853,42.943555],[144.772812,42.943649],[144.772601,42.943782],[144.772358,42.943795],[144.772091,42.944225],[144.771522,42.944575],[144.771501,42.94464],[144.771328,42.944757],[144.77121,42.944759],[144.770981,42.944919],[144.770857,42.944914],[144.770847,42.945004],[144.770713,42.945085],[144.770444,42.945106],[144.770313,42.945179],[144.770184,42.945113],[144.769587,42.945423],[144.768484,42.946174],[144.768314,42.946314],[144.767994,42.946717],[144.767527,42.947056],[144.767279,42.947186],[144.766287,42.947536],[144.766008,42.947712],[144.765408,42.947973],[144.76514,42.948191],[144.764871,42.948326],[144.764471,42.948657],[144.764167,42.949182],[144.763728,42.94949],[144.762737,42.949684],[144.761938,42.94975],[144.761856,42.949831],[144.761718,42.94985],[144.761538,42.949798],[144.761453,42.949854],[144.761149,42.949819],[144.760509,42.949887],[144.760029,42.949764],[144.759767,42.949752],[144.759681,42.949858],[144.758781,42.950429],[144.758616,42.950598],[144.758475,42.950903],[144.758434,42.951355],[144.758239,42.95204],[144.757889,42.952687],[144.757789,42.952743],[144.757596,42.952978],[144.757455,42.953002],[144.757379,42.953182],[144.757261,42.953257],[144.757263,42.953381],[144.756989,42.953554],[144.756965,42.953677],[144.756808,42.95377],[144.756774,42.953935],[144.756574,42.954083],[144.756231,42.953579],[144.755978,42.953055],[144.755801,42.95245],[144.755835,42.952324],[144.755882,42.952318],[144.755913,42.951908],[144.755661,42.951067],[144.755706,42.950381],[144.755778,42.950206],[144.75602,42.949858],[144.756452,42.949554],[144.755746,42.949209],[144.755201,42.949027],[144.754708,42.948627],[144.754075,42.9483],[144.753905,42.948154],[144.753605,42.948062],[144.752529,42.947173],[144.75216,42.946565],[144.751822,42.946167],[144.751276,42.945662],[144.751101,42.945547],[144.750731,42.945415],[144.750806,42.945549],[144.750249,42.946124],[144.749731,42.946813],[144.748172,42.947126],[144.746264,42.947077],[144.746109,42.947128],[144.745369,42.947167],[144.745091,42.947233],[144.744304,42.947119],[144.743944,42.947131],[144.743471,42.947075],[144.743314,42.947124],[144.742768,42.947108],[144.742701,42.947067],[144.742649,42.946828],[144.74246,42.94682],[144.741969,42.946131],[144.741632,42.946053],[144.7418,42.946015],[144.741346,42.945613],[144.740857,42.945331],[144.741191,42.945369],[144.741717,42.944921],[144.741984,42.944638],[144.741972,42.944166],[144.741375,42.944297],[144.741089,42.944251],[144.741097,42.944045],[144.740468,42.943919],[144.740289,42.943817],[144.739817,42.943359],[144.739499,42.942955],[144.739311,42.942821],[144.738589,42.942458],[144.73756,42.942093],[144.737227,42.941877],[144.73689,42.941432],[144.736931,42.941143],[144.736798,42.940948],[144.736725,42.940092],[144.736672,42.939913],[144.735853,42.939744],[144.735351,42.939399],[144.735247,42.9394],[144.734982,42.939185]]],[[[144.752539,43.185072],[144.774324,43.184171],[144.774583,43.184229],[144.774912,43.184164],[144.77513,43.184245],[144.775492,43.184196],[144.775728,43.18428],[144.775846,43.18424],[144.775979,43.184104],[144.776983,43.184072],[144.777185,43.183935],[144.777422,43.183899],[144.778022,43.184008],[144.779013,43.183881],[144.779195,43.183942],[144.779229,43.184094],[144.779304,43.184162],[144.77988,43.184155],[144.780138,43.184082],[144.780366,43.183737],[144.781942,43.183482],[144.782364,43.182842],[144.783152,43.182743],[144.783207,43.182042],[144.783286,43.18207],[144.783226,43.181971],[144.784237,43.181192],[144.784157,43.180623],[144.78443,43.180029],[144.785673,43.179276],[144.787846,43.176997],[144.787896,43.176823],[144.788049,43.176894],[144.788136,43.176804],[144.790811,43.17816],[144.791173,43.177933],[144.791381,43.177738],[144.791384,43.177652],[144.791219,43.17729],[144.791229,43.177178],[144.791767,43.176884],[144.796652,43.178412],[144.79774,43.176479],[144.803787,43.174376],[144.804447,43.173377],[144.804986,43.173633],[144.804052,43.174323],[144.80401,43.17514],[144.804267,43.175846],[144.803879,43.176155],[144.803453,43.17641],[144.800215,43.177787],[144.799989,43.178628],[144.799225,43.17885],[144.797987,43.179376],[144.797831,43.179624],[144.796473,43.180327],[144.796314,43.181127],[144.796364,43.181175],[144.79604,43.181313],[144.795165,43.181845],[144.795112,43.182011],[144.795242,43.182109],[144.79438,43.182731],[144.793085,43.182764],[144.791523,43.183769],[144.79041,43.183639],[144.789354,43.184074],[144.788234,43.185452],[144.785567,43.185743],[144.783892,43.185439],[144.783351,43.185371],[144.783007,43.185388],[144.782445,43.186357],[144.781702,43.186744],[144.780295,43.188232],[144.779116,43.189027],[144.777886,43.18931],[144.777391,43.190642],[144.775741,43.191154],[144.774201,43.189587],[144.77355,43.189377],[144.773194,43.188901],[144.772585,43.188305],[144.772481,43.188301],[144.771548,43.188686],[144.770664,43.188705],[144.770222,43.188799],[144.769307,43.189351],[144.768939,43.189759],[144.768865,43.189889],[144.768829,43.190118],[144.768479,43.19027],[144.767085,43.19014],[144.767005,43.19006],[144.767152,43.189714],[144.766919,43.189481],[144.76663,43.189369],[144.766428,43.18945],[144.765937,43.189782],[144.76571,43.189836],[144.765378,43.190091],[144.765274,43.190472],[144.764562,43.191266],[144.764556,43.191495],[144.764863,43.19219],[144.76517,43.192428],[144.765397,43.192692],[144.765655,43.192831],[144.765987,43.193226],[144.766011,43.193531],[144.765913,43.193773],[144.765981,43.193921],[144.766736,43.194347],[144.767025,43.19458],[144.767479,43.195195],[144.767891,43.195486],[144.768345,43.195728],[144.769278,43.195989],[144.76919,43.196445],[144.767917,43.19705],[144.767104,43.198061],[144.766089,43.198626],[144.765623,43.199022],[144.764922,43.198935],[144.763328,43.199192],[144.76144,43.199097],[144.760883,43.199586],[144.759381,43.19993],[144.757887,43.199851],[144.756313,43.200405],[144.761932,43.187842],[144.76124,43.188094],[144.76114,43.188088],[144.761071,43.187998],[144.761025,43.187632],[144.760802,43.187509],[144.760574,43.187539],[144.760241,43.187863],[144.759912,43.188012],[144.759787,43.187953],[144.759623,43.187764],[144.759501,43.187738],[144.759357,43.187812],[144.759199,43.188061],[144.75911,43.187952],[144.759196,43.187711],[144.759172,43.187609],[144.758938,43.187546],[144.758641,43.187726],[144.758419,43.187474],[144.75825,43.187491],[144.757879,43.187648],[144.757756,43.187505],[144.75762,43.187474],[144.757358,43.18757],[144.756973,43.187864],[144.75676,43.187831],[144.75666,43.187635],[144.756551,43.187564],[144.756275,43.187576],[144.755959,43.187688],[144.755821,43.187688],[144.755522,43.187553],[144.75513,43.187159],[144.754691,43.187013],[144.754399,43.187055],[144.753982,43.186831],[144.753831,43.186459],[144.7537,43.186355],[144.753571,43.186139],[144.753393,43.186006],[144.75317,43.185646],[144.752663,43.185376],[144.752539,43.185072]]],[[[144.7776,43.165086],[144.777773,43.165012],[144.777991,43.164816],[144.778429,43.164805],[144.778782,43.165035],[144.779261,43.165076],[144.779487,43.165329],[144.779941,43.165491],[144.780197,43.165526],[144.780447,43.165772],[144.780526,43.16579],[144.78081,43.165701],[144.781499,43.165801],[144.781959,43.166093],[144.782151,43.166161],[144.782466,43.166138],[144.783257,43.165817],[144.783871,43.165887],[144.784922,43.166577],[144.785594,43.167106],[144.785801,43.167182],[144.786019,43.167138],[144.786411,43.167224],[144.786631,43.167224],[144.786926,43.167099],[144.787516,43.167106],[144.787931,43.167],[144.788614,43.167146],[144.788914,43.166971],[144.789527,43.166949],[144.789604,43.166977],[144.789727,43.167129],[144.789978,43.167111],[144.790967,43.167396],[144.792091,43.167399],[144.792343,43.167534],[144.792462,43.167749],[144.792717,43.167807],[144.792824,43.167785],[144.792943,43.167657],[144.793204,43.167529],[144.793592,43.167629],[144.793712,43.167591],[144.793855,43.16743],[144.794947,43.167391],[144.795306,43.167189],[144.795478,43.167176],[144.794605,43.167878],[144.786816,43.169933],[144.787884,43.171572],[144.786889,43.171516],[144.786028,43.171384],[144.785851,43.171439],[144.785748,43.171566],[144.785564,43.171576],[144.785423,43.171551],[144.78518,43.171328],[144.784421,43.17106],[144.783894,43.171101],[144.783743,43.171236],[144.783199,43.170994],[144.783562,43.170618],[144.783552,43.170394],[144.783407,43.170157],[144.782901,43.169959],[144.782305,43.169879],[144.780396,43.170285],[144.778624,43.170761],[144.778036,43.170869],[144.77715,43.170728],[144.776516,43.170562],[144.77519,43.169707],[144.774525,43.16872],[144.774108,43.168386],[144.773875,43.167948],[144.773726,43.167842],[144.772942,43.168768],[144.772661,43.168851],[144.772596,43.169004],[144.771939,43.168996],[144.771858,43.168934],[144.77108,43.169012],[144.770859,43.168973],[144.770488,43.168783],[144.76996,43.168352],[144.769702,43.16795],[144.769374,43.167728],[144.768949,43.16766],[144.768845,43.167683],[144.768742,43.167764],[144.768558,43.168156],[144.768035,43.168488],[144.768062,43.168264],[144.768163,43.168052],[144.768434,43.167664],[144.768012,43.167326],[144.767675,43.166951],[144.767368,43.166976],[144.7671,43.1671],[144.7669,43.167263],[144.766629,43.167606],[144.766136,43.167915],[144.76541,43.16863],[144.765218,43.168928],[144.765072,43.168996],[144.764901,43.16902],[144.764853,43.168675],[144.765047,43.168099],[144.765627,43.16752],[144.765729,43.167321],[144.765684,43.167209],[144.765604,43.167161],[144.765049,43.16739],[144.764309,43.167588],[144.763972,43.167604],[144.763442,43.167478],[144.762579,43.167159],[144.762059,43.16756],[144.761825,43.16745],[144.761665,43.167437],[144.761316,43.167507],[144.760847,43.167314],[144.760398,43.167259],[144.759694,43.167798],[144.759561,43.167938],[144.759491,43.168145],[144.759381,43.168191],[144.759281,43.168093],[144.759422,43.167608],[144.759554,43.167432],[144.760131,43.167068],[144.760202,43.166852],[144.760138,43.166283],[144.760003,43.165863],[144.759834,43.165653],[144.759681,43.16565],[144.75934,43.165823],[144.759128,43.165986],[144.758977,43.166198],[144.758849,43.166271],[144.758721,43.166276],[144.758688,43.166147],[144.758583,43.166067],[144.758448,43.166059],[144.758112,43.166178],[144.758003,43.166318],[144.757844,43.166315],[144.7578,43.166252],[144.757835,43.166113],[144.758108,43.165927],[144.758769,43.165832],[144.759007,43.165718],[144.759029,43.165534],[144.758823,43.165298],[144.758278,43.164993],[144.758258,43.164831],[144.758396,43.164624],[144.75831,43.164257],[144.758321,43.164113],[144.758484,43.163973],[144.75882,43.163898],[144.759063,43.163672],[144.759103,43.163519],[144.759058,43.163385],[144.758916,43.163314],[144.758738,43.163307],[144.758543,43.163367],[144.758301,43.163211],[144.75819,43.16319],[144.757939,43.163232],[144.757421,43.163474],[144.75661,43.16423],[144.756561,43.164199],[144.756611,43.163848],[144.756857,43.163505],[144.756954,43.163393],[144.757386,43.163142],[144.757476,43.163021],[144.757516,43.162818],[144.757458,43.162631],[144.757163,43.162619],[144.756893,43.163025],[144.756433,43.162988],[144.756127,43.16309],[144.756023,43.163068],[144.755947,43.162912],[144.756596,43.16255],[144.756489,43.162217],[144.755939,43.161579],[144.755099,43.161151],[144.755096,43.160998],[144.755292,43.160548],[144.755231,43.160135],[144.75534,43.160045],[144.755384,43.159942],[144.755638,43.159864],[144.755876,43.159634],[144.756082,43.159622],[144.756198,43.159361],[144.756118,43.159079],[144.755917,43.159057],[144.757435,43.158589],[144.758167,43.159099],[144.758157,43.159718],[144.758326,43.159914],[144.759637,43.160613],[144.760094,43.160784],[144.760626,43.160712],[144.761816,43.161515],[144.761658,43.161579],[144.761586,43.161692],[144.761578,43.162001],[144.762073,43.16267],[144.76232,43.162785],[144.762542,43.162826],[144.763115,43.162754],[144.764762,43.162921],[144.764902,43.162834],[144.764982,43.162456],[144.764742,43.161983],[144.763902,43.161154],[144.76375,43.160832],[144.763725,43.160437],[144.763987,43.16043],[144.76426,43.160647],[144.764722,43.160759],[144.764905,43.1609],[144.765526,43.161609],[144.765519,43.161766],[144.765704,43.161933],[144.765769,43.162139],[144.766087,43.162335],[144.766099,43.162433],[144.766041,43.162577],[144.766064,43.163223],[144.766308,43.163402],[144.766441,43.16377],[144.766701,43.163955],[144.766711,43.164322],[144.766826,43.164591],[144.766831,43.164855],[144.766897,43.164972],[144.767262,43.165063],[144.767606,43.164898],[144.767699,43.164898],[144.76809,43.165074],[144.768184,43.165257],[144.768504,43.165434],[144.769367,43.165592],[144.769585,43.165748],[144.769797,43.165756],[144.770016,43.165659],[144.770402,43.165624],[144.770592,43.165508],[144.770884,43.165489],[144.77093,43.165457],[144.770934,43.165244],[144.771137,43.165187],[144.771268,43.165091],[144.771483,43.165086],[144.771928,43.165311],[144.772122,43.165341],[144.772319,43.16548],[144.772864,43.165502],[144.77313,43.165671],[144.773355,43.165643],[144.773742,43.165924],[144.774031,43.165958],[144.7741,43.166104],[144.77426,43.166202],[144.774479,43.166216],[144.774668,43.166115],[144.775015,43.166067],[144.775435,43.166099],[144.775609,43.166174],[144.775682,43.166145],[144.775698,43.166029],[144.775929,43.165822],[144.776413,43.166041],[144.776682,43.166059],[144.776752,43.166023],[144.77683,43.165945],[144.776874,43.165729],[144.777093,43.165622],[144.777187,43.165416],[144.777554,43.16532],[144.7776,43.165086]]],[[[144.800129,43.191619],[144.80059,43.191354],[144.800978,43.191041],[144.802396,43.189432],[144.802412,43.189315],[144.803108,43.189058],[144.803658,43.188111],[144.80375,43.188102],[144.804192,43.187708],[144.80465,43.186748],[144.8048,43.186618],[144.80567,43.186266],[144.806713,43.185636],[144.806837,43.185698],[144.807217,43.185627],[144.807588,43.185391],[144.808099,43.184749],[144.809464,43.183715],[144.809593,43.183718],[144.810772,43.182946],[144.810525,43.18284],[144.810521,43.182593],[144.812398,43.179724],[144.816397,43.182933],[144.816596,43.183191],[144.816255,43.183374],[144.815875,43.183505],[144.815219,43.183557],[144.814475,43.183772],[144.813867,43.184097],[144.813581,43.184521],[144.813276,43.184413],[144.813144,43.184158],[144.812512,43.184108],[144.812122,43.184532],[144.811517,43.184997],[144.810646,43.185341],[144.809955,43.186466],[144.809001,43.186553],[144.80894,43.187094],[144.808469,43.187329],[144.808011,43.18747],[144.807994,43.187923],[144.807373,43.188069],[144.807367,43.18844],[144.807276,43.188844],[144.806422,43.188916],[144.805953,43.189292],[144.805392,43.1895],[144.806164,43.190147],[144.806324,43.190417],[144.806176,43.190749],[144.805677,43.191105],[144.805691,43.191599],[144.805416,43.191699],[144.804821,43.191564],[144.804983,43.192095],[144.804554,43.192191],[144.804338,43.192157],[144.80399,43.192347],[144.804089,43.192748],[144.800129,43.191619]]],[[[144.835292,43.031844],[144.835247,43.031757],[144.835052,43.031664],[144.835093,43.031593],[144.834988,43.031474],[144.835202,43.030972],[144.835169,43.030875],[144.835205,43.030745],[144.835159,43.030629],[144.835198,43.030363],[144.835748,43.029512],[144.835993,43.029003],[144.836427,43.028443],[144.836552,43.028195],[144.83663,43.027775],[144.836971,43.027394],[144.837447,43.026678],[144.838007,43.02558],[144.838402,43.024344],[144.838421,43.024057],[144.838333,43.023264],[144.838251,43.022922],[144.838136,43.02274],[144.838035,43.022404],[144.837973,43.022273],[144.837822,43.022292],[144.837735,43.021891],[144.837425,43.021359],[144.836988,43.020998],[144.836691,43.0209],[144.83641,43.020448],[144.836311,43.020105],[144.835584,43.019705],[144.835162,43.019227],[144.834687,43.018799],[144.834452,43.018474],[144.834292,43.018053],[144.834234,43.0176],[144.83378,43.016961],[144.833747,43.016588],[144.83383,43.016213],[144.833772,43.01589],[144.833548,43.015474],[144.833333,43.015408],[144.833191,43.015192],[144.832666,43.014916],[144.83254,43.014801],[144.832305,43.014334],[144.832301,43.014222],[144.832364,43.014146],[144.832547,43.014038],[144.832808,43.013784],[144.832998,43.013744],[144.833668,43.014016],[144.833939,43.014212],[144.834091,43.01439],[144.835072,43.014618],[144.835597,43.014865],[144.836175,43.014881],[144.836402,43.015174],[144.83691,43.015338],[144.837276,43.015768],[144.837519,43.015865],[144.838033,43.015971],[144.839033,43.016016],[144.840356,43.01583],[144.841136,43.015806],[144.841265,43.01575],[144.842075,43.0157],[144.84213,43.015829],[144.842564,43.01586],[144.844956,43.016737],[144.845135,43.017298],[144.84541,43.017915],[144.844152,43.018062],[144.843804,43.018205],[144.845494,43.018537],[144.845827,43.018857],[144.845979,43.018861],[144.846477,43.019142],[144.846845,43.019179],[144.84901,43.018623],[144.849044,43.018825],[144.848868,43.018903],[144.849334,43.0196],[144.85007,43.020857],[144.847338,43.020356],[144.847428,43.020911],[144.847508,43.022542],[144.846245,43.0228],[144.84638,43.023369],[144.846751,43.024297],[144.847763,43.023717],[144.848434,43.025089],[144.848932,43.025443],[144.848908,43.026598],[144.848638,43.026867],[144.847497,43.027642],[144.846638,43.027279],[144.846833,43.028148],[144.846598,43.028367],[144.845889,43.027542],[144.845309,43.028179],[144.845458,43.028695],[144.845786,43.029428],[144.845614,43.02986],[144.844938,43.030268],[144.844815,43.030267],[144.843323,43.029755],[144.842252,43.029808],[144.84136,43.030733],[144.840763,43.03127],[144.839861,43.031516],[144.839543,43.031536],[144.838693,43.031723],[144.838641,43.031881],[144.838077,43.030914],[144.837161,43.030056],[144.836491,43.030846],[144.836579,43.031509],[144.837718,43.03243],[144.83644,43.032365],[144.835734,43.032191],[144.835292,43.031844]]],[[[144.857955,42.999979],[144.859235,43.001398],[144.859001,43.001557],[144.859136,43.002762],[144.860087,43.002221],[144.860863,43.002056],[144.861459,43.002687],[144.864288,43.003485],[144.865229,43.003405],[144.863752,43.002889],[144.864604,43.002652],[144.864104,43.002227],[144.864643,43.002024],[144.865011,43.002044],[144.864749,43.001597],[144.864206,43.000988],[144.865045,43.000788],[144.865225,43.00117],[144.865545,43.001079],[144.866737,43.001326],[144.866215,43.00034],[144.866112,43.000051],[144.86659,42.999869],[144.866649,42.999975],[144.866536,43.000019],[144.867251,43.001193],[144.867854,43.000993],[144.869075,43.000962],[144.869037,43.002099],[144.868916,43.002508],[144.868377,43.002942],[144.86793,43.002991],[144.867568,43.004136],[144.867952,43.004845],[144.867666,43.005531],[144.866864,43.006035],[144.866545,43.006806],[144.865317,43.006697],[144.865207,43.005721],[144.864571,43.006308],[144.862987,43.005925],[144.862402,43.005036],[144.861585,43.005686],[144.861844,43.006656],[144.862257,43.007282],[144.861335,43.007169],[144.859962,43.007122],[144.85974,43.006518],[144.859133,43.005383],[144.85917,43.005333],[144.859041,43.005286],[144.859017,43.005112],[144.858947,43.005057],[144.858951,43.004886],[144.85885,43.004804],[144.858826,43.004575],[144.858877,43.004493],[144.858736,43.004485],[144.858662,43.004307],[144.858568,43.004295],[144.858451,43.004147],[144.858475,43.004057],[144.858357,43.004045],[144.858209,43.003836],[144.857998,43.003832],[144.857842,43.003735],[144.857701,43.00379],[144.857553,43.003724],[144.857307,43.003724],[144.857116,43.003588],[144.856948,43.003576],[144.856788,43.003475],[144.85676,43.003406],[144.856432,43.003343],[144.856299,43.003234],[144.85617,43.003226],[144.855963,43.003071],[144.855854,43.003079],[144.855694,43.00292],[144.855366,43.002779],[144.855342,43.002694],[144.855206,43.002655],[144.855135,43.002533],[144.854965,43.002504],[144.854872,43.002429],[144.854887,43.002312],[144.854734,43.002331],[144.854608,43.002266],[144.854518,43.002129],[144.854374,43.002083],[144.854306,43.001976],[144.854376,43.001882],[144.854311,43.001826],[144.854326,43.001702],[144.854192,43.001651],[144.854137,43.001516],[144.854205,43.001472],[144.854154,43.001419],[144.854333,43.001281],[144.854747,43.001239],[144.854881,43.001324],[144.854981,43.001258],[144.855222,43.001301],[144.855413,43.001224],[144.85554,43.001134],[144.855544,43.001047],[144.855691,43.000907],[144.85582,43.000897],[144.855823,43.000828],[144.855971,43.000698],[144.856124,43.000672],[144.856105,43.000588],[144.856255,43.000466],[144.856355,43.000416],[144.856489,43.000426],[144.856676,43.000299],[144.856683,43.000226],[144.856857,43.000134],[144.856998,43.00012],[144.857149,42.999988],[144.857337,42.999992],[144.857419,42.999934],[144.857616,42.999917],[144.857728,42.999994],[144.85779,42.999959],[144.857955,42.999979]]],[[[144.86454,43.096533],[144.866388,43.097249],[144.867477,43.097478],[144.868548,43.097622],[144.870161,43.098214],[144.869843,43.09788],[144.868891,43.097354],[144.86654,43.096787],[144.866007,43.096451],[144.865482,43.096355],[144.864085,43.095651],[144.868051,43.096423],[144.86953,43.09618],[144.871587,43.096841],[144.874125,43.097486],[144.875684,43.098166],[144.875758,43.098294],[144.87216,43.09852],[144.87092,43.098539],[144.869726,43.098446],[144.868556,43.098245],[144.86743,43.097938],[144.866365,43.09753],[144.865378,43.097029],[144.86454,43.096533]]],[[[144.867104,43.072526],[144.867299,43.072522],[144.867574,43.072432],[144.868648,43.072461],[144.869138,43.072247],[144.869943,43.07205],[144.871028,43.07213],[144.87103,43.0722],[144.871179,43.072213],[144.872373,43.071988],[144.872733,43.071859],[144.873448,43.071734],[144.874037,43.071538],[144.875807,43.070492],[144.876079,43.070442],[144.876588,43.070486],[144.877041,43.070452],[144.878019,43.070252],[144.879479,43.069851],[144.879885,43.069834],[144.881188,43.069564],[144.882776,43.069039],[144.883032,43.068862],[144.88307,43.068765],[144.883258,43.068722],[144.883353,43.068757],[144.883414,43.068892],[144.883538,43.068919],[144.883595,43.068996],[144.884737,43.069243],[144.886331,43.069496],[144.889029,43.069795],[144.890202,43.069789],[144.892402,43.069958],[144.892946,43.069947],[144.894142,43.069868],[144.895361,43.069671],[144.897154,43.069649],[144.897929,43.069559],[144.898887,43.069536],[144.901156,43.069165],[144.902712,43.068783],[144.907694,43.06777],[144.910898,43.066893],[144.91491,43.065435],[144.917122,43.064513],[144.917836,43.064147],[144.918673,43.063832],[144.919301,43.063391],[144.920221,43.062976],[144.921103,43.062373],[144.921827,43.061717],[144.922295,43.061408],[144.922971,43.060817],[144.923929,43.060194],[144.924426,43.059716],[144.925553,43.058941],[144.926666,43.05787],[144.927889,43.057001],[144.928314,43.056491],[144.928744,43.056179],[144.929357,43.055918],[144.933189,43.055057],[144.933814,43.054871],[144.93575,43.053718],[144.935796,43.053559],[144.935697,43.053247],[144.935711,43.053156],[144.936069,43.052883],[144.936386,43.052346],[144.936501,43.052233],[144.936991,43.052036],[144.937996,43.051991],[144.938164,43.051969],[144.938301,43.051894],[144.938885,43.051249],[144.938805,43.050117],[144.938946,43.049786],[144.938892,43.049448],[144.938923,43.049297],[144.939243,43.049068],[144.939406,43.048852],[144.939556,43.048588],[144.939682,43.048205],[144.939981,43.047789],[144.940123,43.047408],[144.940234,43.047305],[144.940838,43.047087],[144.940984,43.046974],[144.941223,43.046354],[144.941339,43.045509],[144.941521,43.045215],[144.941887,43.045025],[144.942327,43.044408],[144.942496,43.044262],[144.942956,43.044093],[144.943186,43.044093],[144.943469,43.044206],[144.943684,43.044402],[144.943791,43.044678],[144.943891,43.045719],[144.943998,43.046157],[144.944213,43.046287],[144.945298,43.046411],[144.945223,43.046251],[144.944619,43.046225],[144.944366,43.046141],[144.944189,43.045944],[144.944136,43.045831],[144.944151,43.044689],[144.944106,43.044492],[144.94373,43.043902],[144.943523,43.043363],[144.942918,43.04267],[144.941937,43.041894],[144.941755,43.041629],[144.940649,43.041173],[144.940242,43.040933],[144.940296,43.040729],[144.940633,43.040386],[144.940802,43.040065],[144.940831,43.039907],[144.940977,43.039755],[144.940955,43.039367],[144.94078,43.03915],[144.940827,43.038799],[144.940889,43.038767],[144.941198,43.038798],[144.941258,43.038755],[144.941194,43.038457],[144.941017,43.038267],[144.941082,43.03806],[144.941061,43.037841],[144.940695,43.037462],[144.940695,43.037299],[144.940841,43.036791],[144.940995,43.03653],[144.941015,43.037093],[144.942023,43.037817],[144.943537,43.039411],[144.945828,43.042008],[144.946905,43.044013],[144.947934,43.044443],[144.948677,43.044992],[144.950208,43.045371],[144.952106,43.045164],[144.952922,43.045411],[144.953733,43.045189],[144.954493,43.045919],[144.955513,43.046236],[144.956253,43.045889],[144.956534,43.045548],[144.957259,43.045553],[144.958393,43.045896],[144.959465,43.045076],[144.959484,43.043999],[144.959825,43.042932],[144.959511,43.041841],[144.95931,43.039667],[144.958927,43.039086],[144.959217,43.036997],[144.957673,43.036873],[144.961423,43.032455],[144.962726,43.032416],[144.964715,43.032164],[144.967823,43.031681],[144.96771,43.03185],[144.968019,43.032876],[144.968032,43.033966],[144.968982,43.034521],[144.965358,43.034374],[144.965844,43.035389],[144.966622,43.036079],[144.968492,43.037383],[144.969013,43.038127],[144.968914,43.038696],[144.969223,43.039466],[144.969822,43.040493],[144.970095,43.040439],[144.970902,43.042418],[144.970984,43.043297],[144.970578,43.045603],[144.96975,43.046971],[144.969634,43.046762],[144.969428,43.045867],[144.967995,43.046185],[144.968283,43.047882],[144.96861,43.049191],[144.969173,43.050197],[144.969023,43.050497],[144.968651,43.05083],[144.968445,43.051597],[144.968081,43.052018],[144.968273,43.052688],[144.968808,43.053366],[144.968052,43.053887],[144.967197,43.054342],[144.966498,43.053805],[144.966841,43.052555],[144.966936,43.05169],[144.966699,43.050758],[144.965605,43.050556],[144.964816,43.05024],[144.964363,43.050418],[144.962239,43.050996],[144.961822,43.051628],[144.96145,43.052373],[144.961123,43.052789],[144.962928,43.053502],[144.962745,43.054705],[144.961637,43.054325],[144.961882,43.054511],[144.962618,43.05488],[144.963193,43.054983],[144.963191,43.055092],[144.962903,43.055037],[144.962841,43.055138],[144.963209,43.055209],[144.96358,43.055554],[144.963987,43.055675],[144.96414,43.055652],[144.964511,43.055305],[144.964698,43.054885],[144.964827,43.054856],[144.965073,43.054933],[144.965181,43.055062],[144.965095,43.055363],[144.965132,43.055454],[144.965469,43.055771],[144.965903,43.055879],[144.966042,43.055943],[144.966149,43.056075],[144.966175,43.056338],[144.966141,43.056503],[144.966053,43.056633],[144.965216,43.056379],[144.964773,43.05634],[144.964655,43.056379],[144.96321,43.05742],[144.961915,43.057903],[144.959989,43.058402],[144.959831,43.058486],[144.959522,43.059612],[144.958738,43.061099],[144.958406,43.061363],[144.957966,43.061558],[144.957393,43.061775],[144.957174,43.061795],[144.956368,43.061188],[144.955618,43.060821],[144.955339,43.060744],[144.955214,43.060754],[144.955065,43.060855],[144.95402,43.062133],[144.953656,43.062386],[144.952809,43.062703],[144.952321,43.06296],[144.951712,43.063439],[144.950863,43.064217],[144.950899,43.064371],[144.951068,43.06451],[144.951642,43.064653],[144.951905,43.064798],[144.951957,43.064919],[144.951946,43.065084],[144.951811,43.065197],[144.951341,43.065363],[144.950974,43.065376],[144.950603,43.065207],[144.95011,43.064888],[144.949861,43.064868],[144.947714,43.06549],[144.947297,43.065709],[144.947003,43.066013],[144.946918,43.066378],[144.946919,43.066726],[144.94703,43.067469],[144.94689,43.06745],[144.946849,43.06713],[144.946485,43.06659],[144.945488,43.066557],[144.94395,43.066717],[144.943777,43.066795],[144.943286,43.067184],[144.942295,43.067687],[144.941648,43.068079],[144.941193,43.069102],[144.940616,43.069506],[144.940115,43.069604],[144.939847,43.069361],[144.939244,43.069081],[144.938791,43.068745],[144.938389,43.068136],[144.938001,43.067265],[144.937944,43.066979],[144.937694,43.066566],[144.937443,43.066238],[144.936934,43.065953],[144.936751,43.065786],[144.936326,43.065154],[144.936089,43.064929],[144.935207,43.064577],[144.934841,43.064544],[144.934684,43.064606],[144.934273,43.064938],[144.933648,43.065815],[144.933452,43.06631],[144.9333,43.066508],[144.933102,43.066643],[144.931453,43.066882],[144.930477,43.06658],[144.930127,43.06656],[144.929478,43.067072],[144.92921,43.067195],[144.929453,43.066724],[144.929268,43.066602],[144.928834,43.0669],[144.927756,43.067869],[144.927015,43.068306],[144.926954,43.068394],[144.926458,43.068432],[144.925902,43.068302],[144.925441,43.068115],[144.925004,43.067805],[144.924758,43.067712],[144.922791,43.067554],[144.922069,43.067538],[144.921834,43.067473],[144.921573,43.067324],[144.92117,43.066839],[144.921099,43.066832],[144.919803,43.067428],[144.919401,43.067535],[144.918824,43.067613],[144.916566,43.068594],[144.915483,43.068825],[144.915306,43.068912],[144.915254,43.068995],[144.91527,43.069379],[144.915397,43.069847],[144.91506,43.070099],[144.914476,43.07031],[144.913667,43.070282],[144.911753,43.0705],[144.911057,43.070436],[144.910365,43.070212],[144.910294,43.070147],[144.910187,43.069465],[144.910015,43.069144],[144.909816,43.068921],[144.909421,43.0687],[144.908859,43.068582],[144.907822,43.068679],[144.907256,43.068848],[144.906623,43.069171],[144.90627,43.069165],[144.905579,43.0694],[144.904742,43.069397],[144.904226,43.069529],[144.903417,43.069886],[144.902977,43.07019],[144.902924,43.070527],[144.902984,43.070885],[144.903216,43.07157],[144.903118,43.071662],[144.902582,43.071761],[144.90239,43.071727],[144.902027,43.071763],[144.901779,43.071842],[144.901646,43.071977],[144.901416,43.072463],[144.900903,43.073191],[144.900629,43.073444],[144.900146,43.073717],[144.898949,43.074105],[144.898354,43.074167],[144.89803,43.074137],[144.89768,43.074028],[144.897391,43.073771],[144.897167,43.073671],[144.896896,43.073631],[144.896079,43.073604],[144.895592,43.073716],[144.893944,43.072647],[144.892257,43.07216],[144.89169,43.072065],[144.891567,43.072085],[144.891487,43.072194],[144.891481,43.072596],[144.891436,43.072737],[144.890895,43.073559],[144.89032,43.073786],[144.889755,43.074092],[144.889508,43.07412],[144.888976,43.073931],[144.888799,43.073954],[144.888398,43.074129],[144.88804,43.074147],[144.887509,43.074027],[144.886763,43.073742],[144.88508,43.073737],[144.885193,43.073954],[144.885159,43.074318],[144.885414,43.074554],[144.885521,43.074719],[144.885497,43.074847],[144.885205,43.0754],[144.885175,43.075603],[144.885178,43.075821],[144.885362,43.076044],[144.885422,43.076345],[144.885624,43.076716],[144.885649,43.07699],[144.885549,43.077645],[144.885247,43.078182],[144.885375,43.078845],[144.885541,43.079311],[144.88543,43.079686],[144.885077,43.080248],[144.883974,43.081538],[144.883806,43.081824],[144.88381,43.081985],[144.88426,43.08292],[144.884407,43.083036],[144.885898,43.083772],[144.886009,43.083851],[144.886064,43.084042],[144.886155,43.084145],[144.886427,43.084323],[144.887344,43.084659],[144.887643,43.084863],[144.887845,43.085172],[144.888441,43.0855],[144.888667,43.085686],[144.888785,43.086012],[144.888689,43.086317],[144.889169,43.08679],[144.889216,43.087109],[144.889223,43.088188],[144.889442,43.088639],[144.88947,43.089125],[144.889855,43.089456],[144.88997,43.089632],[144.890151,43.090148],[144.890827,43.090558],[144.890918,43.090661],[144.891034,43.091038],[144.891347,43.09123],[144.892348,43.091657],[144.892056,43.092332],[144.891025,43.092963],[144.889529,43.093991],[144.888558,43.09433],[144.886251,43.094088],[144.885594,43.094139],[144.885004,43.094256],[144.883814,43.09456],[144.880106,43.09583],[144.879245,43.096193],[144.878205,43.096532],[144.877262,43.096587],[144.875739,43.096511],[144.872318,43.095984],[144.872107,43.095445],[144.871338,43.09491],[144.870969,43.094185],[144.870937,43.093706],[144.871091,43.092566],[144.870408,43.09235],[144.869712,43.091546],[144.869618,43.0922],[144.867496,43.09186],[144.866,43.090263],[144.865004,43.089553],[144.865522,43.088824],[144.866214,43.088742],[144.866091,43.088514],[144.866293,43.087971],[144.866148,43.087581],[144.867354,43.087168],[144.867355,43.086745],[144.86831,43.086362],[144.869039,43.085762],[144.869689,43.086244],[144.870153,43.086098],[144.870422,43.085829],[144.870735,43.085068],[144.871406,43.084144],[144.870982,43.082403],[144.870965,43.081827],[144.871237,43.081044],[144.871793,43.080003],[144.871889,43.078975],[144.871778,43.078318],[144.872056,43.077815],[144.872183,43.077107],[144.872594,43.076495],[144.873117,43.076228],[144.87427,43.076467],[144.875191,43.077056],[144.876139,43.075979],[144.876692,43.075693],[144.875943,43.075112],[144.87591,43.074369],[144.875695,43.073798],[144.874903,43.074074],[144.873818,43.073252],[144.873147,43.072575],[144.872352,43.072435],[144.870977,43.072288],[144.870559,43.072106],[144.869383,43.07231],[144.868987,43.072764],[144.867104,43.072526]]],[[[144.897309,43.099061],[144.89696,43.098635],[144.89836,43.098065],[144.899372,43.099342],[144.897309,43.099061]]],[[[144.907276,43.100418],[144.908772,43.100037],[144.908988,43.100036],[144.909289,43.100115],[144.909872,43.098362],[144.911382,43.097908],[144.913522,43.099978],[144.915358,43.099892],[144.918,43.100543],[144.919329,43.100556],[144.92397,43.10093],[144.925519,43.100031],[144.926214,43.099731],[144.927126,43.099838],[144.927496,43.098852],[144.927755,43.098664],[144.926197,43.097736],[144.920137,43.09594],[144.920098,43.095597],[144.920166,43.095322],[144.921134,43.094853],[144.921196,43.094757],[144.921131,43.094139],[144.921324,43.093864],[144.921511,43.093698],[144.91536,43.092184],[144.914836,43.091221],[144.914751,43.090244],[144.914909,43.089807],[144.914634,43.088821],[144.914785,43.088384],[144.914728,43.088116],[144.914825,43.08721],[144.91509,43.086896],[144.915903,43.086987],[144.91702,43.088044],[144.91807,43.088783],[144.919852,43.089791],[144.920596,43.089782],[144.921442,43.089413],[144.921946,43.089573],[144.922957,43.089137],[144.923609,43.088597],[144.924591,43.088038],[144.925258,43.08661],[144.925703,43.085932],[144.926909,43.085753],[144.927578,43.085821],[144.929095,43.086134],[144.929571,43.086324],[144.929774,43.087093],[144.92944,43.087912],[144.930075,43.089564],[144.930627,43.090076],[144.930189,43.090804],[144.930179,43.091646],[144.930046,43.09269],[144.929814,43.093347],[144.929381,43.093828],[144.928923,43.094215],[144.928426,43.095053],[144.928353,43.09571],[144.928472,43.09651],[144.928878,43.097069],[144.929702,43.097645],[144.931014,43.097232],[144.932196,43.096614],[144.932845,43.096998],[144.934555,43.097638],[144.935386,43.097397],[144.936237,43.096762],[144.93659,43.095913],[144.937308,43.094938],[144.937425,43.094528],[144.938932,43.09214],[144.939807,43.092016],[144.940497,43.092416],[144.940605,43.092997],[144.94127,43.093372],[144.942168,43.093509],[144.942999,43.093534],[144.944399,43.094034],[144.945055,43.095324],[144.943614,43.095652],[144.942827,43.095701],[144.943092,43.096307],[144.943801,43.096984],[144.944662,43.097272],[144.946043,43.096875],[144.946567,43.096552],[144.947329,43.095654],[144.948288,43.094789],[144.950406,43.094121],[144.952082,43.094154],[144.953316,43.093929],[144.953743,43.093679],[144.954568,43.092944],[144.955261,43.091868],[144.956407,43.090727],[144.957111,43.089546],[144.958211,43.089396],[144.959458,43.089372],[144.961738,43.08946],[144.96117,43.090442],[144.960007,43.091926],[144.95971,43.093247],[144.959397,43.09391],[144.958969,43.096172],[144.958972,43.09684],[144.95831,43.097232],[144.956627,43.09854],[144.954076,43.100659],[144.951722,43.102466],[144.954286,43.104482],[144.953868,43.104922],[144.952855,43.105667],[144.951582,43.104814],[144.950727,43.104389],[144.949809,43.104047],[144.948072,43.103673],[144.943498,43.103113],[144.942234,43.103008],[144.941324,43.103027],[144.940274,43.103145],[144.93649,43.103792],[144.935377,43.103889],[144.934223,43.103908],[144.92081,43.103164],[144.920482,43.102993],[144.916507,43.10292],[144.913719,43.10242],[144.910545,43.10132],[144.910175,43.101168],[144.909816,43.100937],[144.90857,43.100631],[144.907276,43.100418]]],[[[144.915172,42.985884],[144.915653,42.985862],[144.915716,42.985878],[144.915751,42.985954],[144.915967,42.985911],[144.916137,42.986007],[144.916326,42.98594],[144.916514,42.98597],[144.916796,42.985914],[144.916874,42.986004],[144.91695,42.985964],[144.917099,42.985978],[144.917173,42.986045],[144.917275,42.985938],[144.917539,42.985955],[144.917631,42.986062],[144.917774,42.986007],[144.917914,42.986017],[144.91798,42.986094],[144.918074,42.986063],[144.918198,42.986096],[144.91824,42.986174],[144.91899,42.985954],[144.919003,42.985828],[144.919157,42.98573],[144.919257,42.985731],[144.919279,42.985624],[144.919419,42.985521],[144.919556,42.98549],[144.919551,42.985391],[144.919608,42.985331],[144.919594,42.985152],[144.919794,42.985024],[144.919915,42.98502],[144.919896,42.984902],[144.920119,42.984738],[144.920071,42.984546],[144.920292,42.984404],[144.920286,42.984293],[144.920501,42.984197],[144.920475,42.984075],[144.920678,42.983896],[144.920654,42.983803],[144.920818,42.983673],[144.920803,42.983562],[144.920967,42.98339],[144.921104,42.983373],[144.921128,42.983283],[144.921053,42.983201],[144.921071,42.983162],[144.921197,42.983022],[144.921283,42.98301],[144.921285,42.982852],[144.921454,42.982772],[144.921428,42.982626],[144.921635,42.982442],[144.921614,42.982396],[144.921672,42.982279],[144.921827,42.982169],[144.921807,42.982033],[144.921906,42.981949],[144.921855,42.981853],[144.921869,42.981765],[144.921991,42.981609],[144.922077,42.981597],[144.921993,42.981438],[144.92209,42.981263],[144.922062,42.981187],[144.92217,42.981053],[144.922251,42.981034],[144.922249,42.980961],[144.922331,42.9809],[144.922655,42.980822],[144.922795,42.980902],[144.922901,42.98087],[144.923183,42.980927],[144.923208,42.980988],[144.923328,42.980936],[144.923505,42.98099],[144.923497,42.981064],[144.9236,42.981126],[144.923644,42.981219],[144.923591,42.981359],[144.923669,42.981431],[144.923599,42.981563],[144.923697,42.981624],[144.923717,42.981729],[144.923857,42.981766],[144.923857,42.981937],[144.923931,42.982012],[144.923923,42.982081],[144.923798,42.982168],[144.923823,42.982298],[144.92378,42.982428],[144.923889,42.98248],[144.924132,42.982387],[144.924233,42.982422],[144.924234,42.982484],[144.924105,42.98255],[144.924127,42.982624],[144.923973,42.982767],[144.924095,42.982815],[144.924211,42.982944],[144.924232,42.983051],[144.924411,42.983129],[144.924465,42.983247],[144.92457,42.983263],[144.924679,42.983349],[144.924677,42.983426],[144.924863,42.983598],[144.924878,42.983687],[144.925109,42.983653],[144.92515,42.983715],[144.925116,42.983827],[144.925203,42.983866],[144.925228,42.983945],[144.925201,42.984055],[144.9253,42.984228],[144.925249,42.984342],[144.925342,42.984386],[144.925383,42.984541],[144.925339,42.984617],[144.925426,42.984732],[144.92536,42.984844],[144.925446,42.984984],[144.925352,42.985126],[144.92544,42.985193],[144.925419,42.985359],[144.925359,42.985411],[144.925432,42.985571],[144.925362,42.985693],[144.925441,42.985796],[144.925428,42.985956],[144.925374,42.986016],[144.92546,42.986113],[144.92541,42.986274],[144.925476,42.98635],[144.925471,42.98646],[144.925394,42.986526],[144.925436,42.986741],[144.925382,42.986789],[144.925482,42.986916],[144.925462,42.986972],[144.92537,42.987009],[144.92544,42.987201],[144.925372,42.987297],[144.925498,42.987414],[144.925469,42.987526],[144.925582,42.987586],[144.925627,42.987708],[144.925582,42.987782],[144.925681,42.987873],[144.925645,42.987987],[144.925704,42.988034],[144.925717,42.988254],[144.925789,42.988349],[144.925732,42.988495],[144.925881,42.988657],[144.925873,42.988732],[144.92582,42.988755],[144.925877,42.988787],[144.925886,42.988958],[144.925831,42.988998],[144.925966,42.989108],[144.925929,42.989229],[144.926085,42.989342],[144.926032,42.989452],[144.926186,42.989508],[144.926224,42.989566],[144.926196,42.989641],[144.926356,42.989685],[144.926426,42.989748],[144.926423,42.989809],[144.927727,42.990295],[144.928897,42.990484],[144.93002,42.990326],[144.929975,42.990264],[144.929989,42.990172],[144.929929,42.990143],[144.929958,42.989964],[144.929903,42.989959],[144.929858,42.989878],[144.930079,42.989832],[144.930067,42.9897],[144.930182,42.989651],[144.930107,42.989568],[144.93021,42.989422],[144.930128,42.989375],[144.930198,42.989285],[144.930103,42.9892],[144.930128,42.98918],[144.930257,42.989176],[144.930478,42.989291],[144.930551,42.989257],[144.930733,42.989327],[144.930773,42.989225],[144.930868,42.989191],[144.9311,42.989293],[144.931691,42.989188],[144.931798,42.989244],[144.93196,42.98924],[144.932004,42.989319],[144.932402,42.989167],[144.932557,42.989008],[144.932501,42.988981],[144.932493,42.988906],[144.932742,42.988831],[144.932747,42.988731],[144.933015,42.98871],[144.933116,42.988608],[144.933223,42.988604],[144.933225,42.988565],[144.933332,42.988532],[144.933518,42.988553],[144.933616,42.988462],[144.933735,42.988465],[144.933853,42.988531],[144.93403,42.988527],[144.934117,42.9886],[144.934337,42.988571],[144.934418,42.988641],[144.934661,42.988511],[144.934824,42.988566],[144.935018,42.988466],[144.935146,42.988529],[144.935247,42.988432],[144.93541,42.988437],[144.935617,42.988347],[144.935832,42.988368],[144.935879,42.988438],[144.937007,42.988334],[144.937072,42.988283],[144.937063,42.988187],[144.93731,42.98809],[144.937438,42.988098],[144.9375,42.988199],[144.93795,42.988186],[144.938189,42.988132],[144.938235,42.988109],[144.938199,42.988047],[144.938279,42.987923],[144.938741,42.987856],[144.93898,42.987729],[144.938971,42.987658],[144.939164,42.987544],[144.939112,42.98744],[144.93919,42.987277],[144.939078,42.987216],[144.939109,42.987059],[144.939038,42.987014],[144.939034,42.986934],[144.939177,42.986839],[144.939124,42.986786],[144.939203,42.986697],[144.939334,42.986667],[144.939298,42.986581],[144.939364,42.986445],[144.939252,42.986367],[144.939267,42.986236],[144.938977,42.986202],[144.938948,42.986117],[144.939033,42.986062],[144.939459,42.986058],[144.939516,42.986095],[144.93972,42.986048],[144.939854,42.986116],[144.940113,42.986122],[144.940275,42.986205],[144.940432,42.986186],[144.940506,42.986261],[144.940489,42.986337],[144.940603,42.986406],[144.940612,42.986564],[144.940749,42.986559],[144.940845,42.986639],[144.941153,42.986701],[144.941319,42.986648],[144.941494,42.986681],[144.941634,42.986615],[144.941811,42.986642],[144.941858,42.986508],[144.941746,42.98634],[144.941799,42.986255],[144.941917,42.986194],[144.94201,42.986228],[144.942167,42.986118],[144.942469,42.986159],[144.942648,42.986095],[144.941022,42.987515],[144.939758,42.986939],[144.939903,42.98782],[144.937081,42.988628],[144.935933,42.98885],[144.935902,42.988975],[144.935989,42.989431],[144.935832,42.989817],[144.935703,42.990739],[144.935627,42.990992],[144.93554,42.991159],[144.934949,42.991124],[144.934295,42.992136],[144.934086,42.992142],[144.934029,42.99207],[144.933977,42.991671],[144.934001,42.990965],[144.933717,42.990244],[144.933309,42.99042],[144.933425,42.991617],[144.933489,42.991709],[144.933531,42.99194],[144.933514,42.992001],[144.933124,42.992145],[144.932653,42.991988],[144.931677,42.990782],[144.931298,42.990812],[144.931148,42.991375],[144.931373,42.992217],[144.930772,42.992759],[144.931034,42.992932],[144.930466,42.993102],[144.930158,42.992959],[144.92951,42.993062],[144.9295,42.992776],[144.929289,42.992757],[144.929146,42.993725],[144.929834,42.994169],[144.929356,42.994283],[144.928929,42.994472],[144.92847,42.994781],[144.92836,42.993031],[144.928032,42.992968],[144.927901,42.993194],[144.927381,42.993043],[144.927231,42.993428],[144.926753,42.993219],[144.926085,42.993626],[144.926853,42.994675],[144.926514,42.994761],[144.92658,42.994461],[144.926019,42.994027],[144.925903,42.994212],[144.925728,42.994055],[144.924854,42.994756],[144.924578,42.994658],[144.924875,42.994195],[144.925124,42.994116],[144.925022,42.993964],[144.92507,42.99389],[144.924585,42.993963],[144.924565,42.994011],[144.923923,42.994228],[144.9239,42.993859],[144.923849,42.99374],[144.923653,42.99377],[144.923351,42.99403],[144.92305,42.994028],[144.922085,42.994166],[144.921956,42.994054],[144.923028,42.993434],[144.924186,42.993465],[144.924935,42.992726],[144.924839,42.99267],[144.925105,42.992271],[144.924589,42.992274],[144.924461,42.992197],[144.925699,42.992198],[144.92574,42.991843],[144.924588,42.991545],[144.924684,42.991449],[144.924459,42.991414],[144.924335,42.991176],[144.925747,42.991185],[144.925761,42.991128],[144.924374,42.990564],[144.924416,42.990003],[144.924314,42.989955],[144.92421,42.989617],[144.923669,42.989224],[144.92339,42.989518],[144.922995,42.989331],[144.922903,42.989758],[144.922306,42.989616],[144.922456,42.98917],[144.921948,42.989166],[144.921377,42.989271],[144.920782,42.989112],[144.920534,42.989292],[144.920093,42.98942],[144.919579,42.989434],[144.919455,42.989848],[144.920468,42.989965],[144.919819,42.990119],[144.919801,42.99048],[144.919644,42.990622],[144.919344,42.990639],[144.919312,42.991123],[144.918961,42.991458],[144.918251,42.99191],[144.917719,42.991934],[144.917708,42.991826],[144.917604,42.991736],[144.917944,42.991501],[144.918606,42.990707],[144.918419,42.990481],[144.918385,42.99019],[144.917266,42.989284],[144.916514,42.989303],[144.916144,42.989584],[144.915782,42.989665],[144.915434,42.989409],[144.915303,42.988628],[144.915299,42.988264],[144.915424,42.987833],[144.915551,42.987607],[144.915897,42.987209],[144.915968,42.987001],[144.915947,42.986704],[144.91593,42.986596],[144.915172,42.985884]]],[[[144.94367,42.98513],[144.943587,42.985024],[144.943652,42.984847],[144.943546,42.984796],[144.943526,42.984633],[144.94341,42.984613],[144.943323,42.984513],[144.942946,42.984485],[144.942939,42.984423],[144.943198,42.984318],[144.943301,42.984213],[144.943462,42.984192],[144.943591,42.984111],[144.943761,42.984175],[144.943859,42.984113],[144.944017,42.984146],[144.944049,42.984088],[144.944207,42.984044],[144.944207,42.983973],[144.94429,42.983901],[144.944668,42.983737],[144.944666,42.983667],[144.944724,42.983636],[144.94487,42.983666],[144.944936,42.983776],[144.94508,42.983817],[144.945159,42.983943],[144.945417,42.983865],[144.945643,42.983613],[144.945871,42.983522],[144.946021,42.983515],[144.946133,42.983409],[144.946301,42.983411],[144.946394,42.983327],[144.946694,42.983295],[144.946705,42.983182],[144.946995,42.983102],[144.947517,42.983187],[144.947613,42.983273],[144.947829,42.983316],[144.947936,42.983442],[144.948094,42.983417],[144.948131,42.983332],[144.948228,42.983336],[144.948211,42.983499],[144.948262,42.983543],[144.948262,42.983666],[144.948342,42.98371],[144.94867,42.98366],[144.94901,42.98355],[144.949015,42.983426],[144.949154,42.983306],[144.949034,42.983214],[144.949079,42.983071],[144.948865,42.983054],[144.948865,42.982971],[144.949081,42.982853],[144.949147,42.982768],[144.949383,42.982769],[144.949401,42.98269],[144.949558,42.982607],[144.949665,42.982649],[144.949692,42.982725],[144.949826,42.982726],[144.950003,42.982959],[144.950146,42.982968],[144.950214,42.983069],[144.950178,42.983157],[144.950311,42.983211],[144.950564,42.983449],[144.950589,42.983521],[144.950526,42.983595],[144.950636,42.983655],[144.950687,42.983784],[144.950692,42.983832],[144.950558,42.98391],[144.950699,42.984042],[144.950635,42.984156],[144.95066,42.984185],[144.950847,42.98421],[144.950862,42.984117],[144.951054,42.984033],[144.951129,42.984098],[144.951111,42.984186],[144.951221,42.984201],[144.951254,42.984412],[144.95135,42.984542],[144.951312,42.984627],[144.951439,42.984646],[144.951626,42.984836],[144.951564,42.984994],[144.951687,42.98508],[144.951748,42.985193],[144.951921,42.985159],[144.951966,42.985049],[144.952105,42.985026],[144.952207,42.985114],[144.952353,42.985116],[144.952421,42.985251],[144.952466,42.985255],[144.952541,42.985213],[144.952469,42.985033],[144.952387,42.985007],[144.952459,42.984904],[144.952645,42.984964],[144.952717,42.985037],[144.953033,42.984905],[144.953124,42.984932],[144.953179,42.985011],[144.953317,42.985033],[144.953432,42.984914],[144.953345,42.984885],[144.953344,42.984814],[144.953439,42.984782],[144.953582,42.984866],[144.953583,42.985046],[144.953672,42.985042],[144.953832,42.985144],[144.954017,42.985111],[144.954202,42.985217],[144.954222,42.98528],[144.954537,42.985308],[144.954665,42.985242],[144.95464,42.985153],[144.954824,42.985081],[144.954935,42.985149],[144.954917,42.985301],[144.955085,42.985387],[144.95533,42.985376],[144.956134,42.985044],[144.956099,42.984888],[144.956279,42.984628],[144.956664,42.984649],[144.956706,42.984586],[144.956919,42.984525],[144.956922,42.984445],[144.957086,42.984291],[144.957091,42.984199],[144.957184,42.984149],[144.957156,42.983996],[144.957374,42.983821],[144.957361,42.983765],[144.957437,42.983679],[144.957525,42.983661],[144.957511,42.983463],[144.957591,42.983379],[144.957502,42.98327],[144.957704,42.98312],[144.957681,42.983014],[144.957921,42.982879],[144.957921,42.982749],[144.958053,42.982616],[144.958205,42.982613],[144.958252,42.982522],[144.958437,42.982468],[144.958499,42.982322],[144.958758,42.982258],[144.958761,42.982148],[144.958662,42.982072],[144.958639,42.981994],[144.958764,42.981802],[144.958697,42.981677],[144.958755,42.981551],[144.959024,42.981438],[144.959227,42.981505],[144.959222,42.981637],[144.959339,42.98169],[144.959394,42.981866],[144.959349,42.981927],[144.95949,42.981972],[144.959526,42.982028],[144.959766,42.981993],[144.959976,42.981876],[144.96003,42.981739],[144.960155,42.981643],[144.960076,42.981515],[144.96019,42.981397],[144.960124,42.981334],[144.960155,42.981249],[144.960217,42.981222],[144.96018,42.981113],[144.960293,42.981056],[144.960251,42.980936],[144.960391,42.98082],[144.960287,42.980723],[144.960306,42.98062],[144.960231,42.980513],[144.960256,42.980422],[144.960126,42.980364],[144.960077,42.980234],[144.960187,42.980201],[144.960311,42.980241],[144.960327,42.980168],[144.960523,42.980157],[144.96059,42.980091],[144.960651,42.980114],[144.960707,42.980277],[144.960838,42.980311],[144.961136,42.980612],[144.961165,42.980651],[144.961121,42.980711],[144.961525,42.98077],[144.961586,42.980849],[144.961736,42.980805],[144.961886,42.980897],[144.961982,42.980822],[144.962131,42.980795],[144.962114,42.980716],[144.962227,42.980617],[144.962219,42.980451],[144.962287,42.980406],[144.962261,42.98031],[144.962365,42.980249],[144.962566,42.980288],[144.962626,42.980379],[144.96278,42.980429],[144.96287,42.980628],[144.962982,42.98068],[144.962999,42.980776],[144.963171,42.980779],[144.963309,42.980935],[144.963458,42.980904],[144.963614,42.981],[144.963682,42.980934],[144.96383,42.980919],[144.963928,42.980766],[144.963882,42.980607],[144.963973,42.980485],[144.964085,42.980484],[144.964118,42.980634],[144.964222,42.980663],[144.964237,42.980733],[144.964653,42.980815],[144.964707,42.980854],[144.9647,42.980947],[144.964886,42.980998],[144.964951,42.981235],[144.965073,42.981264],[144.96514,42.98138],[144.965118,42.981445],[144.965231,42.981465],[144.965304,42.981559],[144.965303,42.981655],[144.965506,42.981691],[144.965772,42.981607],[144.966055,42.981309],[144.965939,42.981062],[144.965953,42.980982],[144.966005,42.980964],[144.965937,42.980879],[144.965984,42.980746],[144.966221,42.980696],[144.966253,42.980622],[144.966351,42.980581],[144.966571,42.980611],[144.966665,42.980534],[144.966794,42.980536],[144.967131,42.980705],[144.967183,42.980815],[144.967249,42.980769],[144.967353,42.980782],[144.967489,42.980908],[144.967666,42.980888],[144.967726,42.981041],[144.967853,42.981106],[144.967839,42.981225],[144.967983,42.981313],[144.96798,42.981425],[144.968054,42.981428],[144.968164,42.981544],[144.968848,42.98171],[144.968939,42.981807],[144.968939,42.981913],[144.969171,42.982085],[144.969172,42.982222],[144.969446,42.982266],[144.969564,42.98233],[144.969569,42.9824],[144.96986,42.982434],[144.970273,42.982428],[144.970426,42.982383],[144.970878,42.982108],[144.970962,42.982017],[144.97084,42.981928],[144.970813,42.981796],[144.9709,42.981707],[144.970792,42.981655],[144.970817,42.981442],[144.970737,42.981431],[144.9707,42.981329],[144.970876,42.981316],[144.971004,42.981373],[144.971065,42.981303],[144.971152,42.981301],[144.971139,42.981217],[144.971229,42.981118],[144.971195,42.981034],[144.971265,42.980982],[144.971717,42.980992],[144.971827,42.981186],[144.971959,42.981179],[144.972012,42.981221],[144.972116,42.981415],[144.972224,42.981409],[144.972416,42.981542],[144.972577,42.981569],[144.972457,42.981681],[144.972571,42.981696],[144.972608,42.981752],[144.972802,42.981764],[144.972874,42.981869],[144.97309,42.981823],[144.973075,42.981745],[144.973221,42.981678],[144.973154,42.981607],[144.973168,42.981515],[144.973306,42.981474],[144.97328,42.981365],[144.973366,42.981309],[144.973349,42.981217],[144.973491,42.981195],[144.973724,42.981284],[144.97363,42.981396],[144.973676,42.981497],[144.973587,42.981561],[144.973826,42.981676],[144.973874,42.981782],[144.974057,42.98173],[144.974261,42.981761],[144.974609,42.981958],[144.97473,42.981904],[144.97513,42.981933],[144.975223,42.98206],[144.975475,42.982084],[144.975514,42.982167],[144.975864,42.982188],[144.975956,42.982263],[144.975963,42.982376],[144.976053,42.982374],[144.976131,42.982434],[144.976262,42.982394],[144.976442,42.982412],[144.976314,42.982529],[144.976417,42.982649],[144.976703,42.982628],[144.97673,42.982662],[144.97669,42.982711],[144.976768,42.982769],[144.97671,42.982932],[144.976752,42.982997],[144.976693,42.983261],[144.976773,42.983289],[144.976814,42.983427],[144.97666,42.98355],[144.976764,42.98367],[144.976726,42.983824],[144.976834,42.983902],[144.977079,42.98397],[144.977416,42.983947],[144.977384,42.983778],[144.977429,42.983678],[144.977359,42.983622],[144.977354,42.983544],[144.977449,42.983464],[144.977614,42.983474],[144.977776,42.983594],[144.977794,42.983702],[144.977888,42.983729],[144.977929,42.98386],[144.977844,42.983987],[144.977921,42.98406],[144.978082,42.984105],[144.978418,42.984088],[144.978332,42.984016],[144.97833,42.983934],[144.978566,42.983843],[144.978609,42.983752],[144.97872,42.983686],[144.978618,42.983623],[144.978676,42.983561],[144.978822,42.983594],[144.978957,42.98372],[144.979136,42.983741],[144.979254,42.983868],[144.979268,42.983955],[144.979479,42.984025],[144.979465,42.984126],[144.979608,42.98415],[144.979743,42.984349],[144.979731,42.984436],[144.979822,42.98445],[144.979934,42.984571],[144.979925,42.984657],[144.980028,42.984668],[144.980138,42.984761],[144.980153,42.984994],[144.980098,42.985061],[144.980181,42.985157],[144.980176,42.98525],[144.980333,42.985318],[144.980328,42.985531],[144.980234,42.985594],[144.980373,42.985668],[144.980408,42.985882],[144.980516,42.985927],[144.980561,42.986097],[144.980692,42.986112],[144.980756,42.986198],[144.980768,42.986314],[144.980937,42.986356],[144.981052,42.986507],[144.981028,42.986568],[144.981177,42.986585],[144.981254,42.986727],[144.981341,42.986734],[144.981418,42.986816],[144.981365,42.987132],[144.981467,42.987194],[144.981473,42.987346],[144.981384,42.987436],[144.981465,42.987517],[144.981379,42.987676],[144.981549,42.987769],[144.981595,42.987892],[144.982578,42.988117],[144.983417,42.987903],[144.983532,42.987779],[144.98357,42.987594],[144.983466,42.987473],[144.983474,42.987416],[144.983343,42.987299],[144.983334,42.987186],[144.983513,42.986848],[144.983699,42.986777],[144.983971,42.986901],[144.984104,42.98688],[144.984183,42.986916],[144.984278,42.987006],[144.98428,42.987068],[144.984473,42.987101],[144.984609,42.987014],[144.984829,42.987129],[144.984778,42.987214],[144.984937,42.987297],[144.9849,42.987436],[144.984606,42.987441],[144.984336,42.987543],[144.984474,42.98801],[144.984589,42.988062],[144.984641,42.988146],[144.984606,42.988213],[144.984719,42.988316],[144.984718,42.98848],[144.984614,42.988564],[144.984651,42.988779],[144.98475,42.988803],[144.98485,42.988914],[144.985003,42.988929],[144.985349,42.989283],[144.985847,42.989537],[144.986586,42.989721],[144.98739,42.98976],[144.987384,42.989669],[144.987491,42.989574],[144.987493,42.989489],[144.987758,42.989272],[144.987852,42.989268],[144.987856,42.989175],[144.987946,42.989091],[144.988085,42.989071],[144.988097,42.988913],[144.988317,42.988732],[144.988613,42.988703],[144.988669,42.988773],[144.988663,42.988906],[144.988743,42.988956],[144.988779,42.989184],[144.988707,42.989245],[144.988778,42.989407],[144.988747,42.989458],[144.988824,42.989508],[144.988888,42.989685],[144.988854,42.98981],[144.989027,42.989894],[144.989067,42.98994],[144.989041,42.990017],[144.989163,42.990055],[144.989273,42.989913],[144.989474,42.989913],[144.989576,42.990026],[144.989538,42.9901],[144.989611,42.990175],[144.989579,42.990384],[144.98987,42.990502],[144.989903,42.990461],[144.990037,42.990457],[144.990429,42.990576],[144.990548,42.990746],[144.990527,42.990821],[144.990725,42.990987],[144.990861,42.990979],[144.991059,42.991166],[144.991052,42.991227],[144.991152,42.991227],[144.991217,42.991361],[144.991171,42.991431],[144.991715,42.991898],[144.991882,42.991907],[144.991994,42.991954],[144.992033,42.992034],[144.992146,42.992038],[144.992321,42.992173],[144.992311,42.992255],[144.992444,42.992327],[144.992465,42.992434],[144.992563,42.99242],[144.992781,42.992566],[144.992861,42.992686],[144.99285,42.99277],[144.9931,42.992972],[144.993108,42.993107],[144.993308,42.993288],[144.993966,42.993591],[144.994163,42.993549],[144.994262,42.99343],[144.9944,42.993445],[144.994501,42.993398],[144.994593,42.993419],[144.99468,42.993524],[144.994828,42.993553],[144.994925,42.993666],[144.995237,42.993733],[144.995371,42.993675],[144.995527,42.993704],[144.995619,42.993793],[144.995994,42.993743],[144.996181,42.993671],[144.997176,42.992999],[144.99736,42.992994],[144.99743,42.992916],[144.997753,42.992788],[144.997892,42.992807],[144.997961,42.992729],[144.998088,42.992726],[144.998137,42.992622],[144.998352,42.992503],[144.998519,42.99236],[144.998525,42.992305],[144.999051,42.992073],[144.999124,42.991972],[144.999331,42.991896],[144.999449,42.991744],[144.999561,42.991729],[144.999596,42.991638],[144.999835,42.991557],[145.0001,42.991336],[145.00031,42.99128],[145.000491,42.99117],[145.00046,42.991079],[145.000534,42.990895],[145.000633,42.990866],[145.000749,42.99095],[145.001446,42.991007],[145.001556,42.991055],[145.001703,42.991191],[145.001752,42.991322],[145.001887,42.99136],[145.002027,42.991563],[145.002008,42.991676],[145.002082,42.99178],[145.002006,42.991889],[145.002049,42.992018],[145.002621,42.992025],[145.002634,42.991941],[145.002684,42.991924],[145.003018,42.991934],[145.003157,42.992029],[145.003179,42.99215],[145.003097,42.992206],[145.003139,42.992289],[145.003251,42.992308],[145.003338,42.992224],[145.003582,42.992252],[145.003618,42.992367],[145.003703,42.992443],[145.003688,42.992534],[145.003757,42.992587],[145.003742,42.992926],[145.003639,42.992995],[145.003698,42.99315],[145.003652,42.993306],[145.003717,42.993371],[145.003729,42.993478],[145.003901,42.993485],[145.004098,42.993832],[145.004531,42.993989],[145.004626,42.99408],[145.005217,42.994089],[145.005163,42.993974],[145.00536,42.993763],[145.005551,42.993784],[145.005748,42.993697],[145.005688,42.993564],[145.005847,42.993378],[145.005996,42.993383],[145.006027,42.993137],[145.006114,42.993034],[145.006354,42.993138],[145.006477,42.993499],[145.006574,42.993498],[145.006613,42.993197],[145.006533,42.993071],[145.006718,42.992877],[145.006501,42.992795],[145.006494,42.992719],[145.00657,42.992627],[145.006728,42.992574],[145.007026,42.992703],[145.007288,42.992579],[145.007447,42.992591],[145.00762,42.992796],[145.007347,42.993047],[145.007624,42.99317],[145.007676,42.993237],[145.007657,42.993357],[145.007698,42.99342],[145.007656,42.99356],[145.007715,42.99369],[145.007705,42.993806],[145.008062,42.993959],[145.008149,42.994046],[145.00859,42.994125],[145.008628,42.993929],[145.008577,42.993806],[145.008645,42.993726],[145.008631,42.993598],[145.008729,42.993383],[145.008649,42.993317],[145.008644,42.993233],[145.008541,42.993186],[145.008551,42.993131],[145.008832,42.993169],[145.008964,42.993296],[145.009512,42.993399],[145.009592,42.993459],[145.009607,42.993542],[145.009798,42.993642],[145.009934,42.993784],[145.010154,42.993882],[145.010283,42.993837],[145.01075,42.993904],[145.0109,42.993978],[145.011004,42.993976],[145.011209,42.994138],[145.011413,42.99419],[145.011468,42.994304],[145.012435,42.994922],[145.012493,42.995022],[145.012628,42.99506],[145.012812,42.995448],[145.012883,42.995451],[145.012944,42.995339],[145.013077,42.995372],[145.013253,42.995586],[145.013448,42.995687],[145.013567,42.995591],[145.013994,42.995543],[145.014261,42.995597],[145.014581,42.995959],[145.014532,42.996082],[145.014651,42.996134],[145.014699,42.996239],[145.014832,42.996347],[145.014846,42.996548],[145.014959,42.996687],[145.014951,42.996932],[145.015052,42.996941],[145.015196,42.997034],[145.01532,42.997011],[145.015397,42.997086],[145.015876,42.996927],[145.016235,42.996862],[145.016434,42.996982],[145.016473,42.997117],[145.016598,42.997169],[145.016839,42.99715],[145.016973,42.997189],[145.017038,42.997124],[145.017122,42.997117],[145.017441,42.997197],[145.017566,42.997286],[145.017619,42.997437],[145.017563,42.997599],[145.017183,42.997354],[145.015695,42.997306],[145.014848,42.997709],[145.014591,42.9967],[145.014386,42.996262],[145.014102,42.996044],[145.0126,42.995542],[145.011663,42.996284],[145.011118,42.996523],[145.008673,42.997267],[145.008094,42.998168],[145.007562,42.997987],[145.00739,42.998214],[145.006832,42.997855],[145.006645,42.996928],[145.006308,42.997096],[145.006269,42.996833],[145.006061,42.996751],[145.005752,42.99694],[145.005438,42.996783],[145.005781,42.996281],[145.005384,42.996187],[145.004522,42.996775],[145.004047,42.996522],[145.004148,42.996299],[145.003571,42.996159],[145.0036,42.996071],[145.002836,42.995819],[145.003733,42.994408],[145.003244,42.994108],[145.002992,42.994192],[145.000936,42.995917],[144.999067,42.994766],[144.998299,42.994573],[144.997403,42.994634],[144.996498,42.994757],[144.99574,42.994735],[144.994442,42.994948],[144.99364,42.994861],[144.993151,42.994748],[144.992684,42.994572],[144.992287,42.99436],[144.991406,42.993791],[144.99129,42.993619],[144.990728,42.99324],[144.990269,42.993101],[144.988503,42.99284],[144.98805,42.99268],[144.98508,42.991275],[144.984781,42.991188],[144.984452,42.99118],[144.983755,42.991616],[144.983105,42.993123],[144.9816,42.994013],[144.981138,42.994344],[144.97975,42.992866],[144.980576,42.990171],[144.980171,42.988716],[144.980475,42.987098],[144.979205,42.984877],[144.979045,42.984382],[144.977415,42.984347],[144.977136,42.9843],[144.976549,42.984345],[144.975771,42.983462],[144.974832,42.982679],[144.974146,42.982483],[144.973072,42.982383],[144.972423,42.982731],[144.971453,42.981908],[144.971313,42.981707],[144.970301,42.983043],[144.969409,42.983081],[144.96855,42.982725],[144.968609,42.982573],[144.966888,42.981515],[144.966587,42.981177],[144.966386,42.982404],[144.96493,42.982341],[144.964473,42.981805],[144.964222,42.981669],[144.963571,42.98182],[144.962271,42.981758],[144.960864,42.981453],[144.960929,42.981547],[144.960414,42.982373],[144.960159,42.983317],[144.959636,42.983404],[144.95763,42.984364],[144.957616,42.984981],[144.957193,42.985639],[144.95677,42.986056],[144.95521,42.986528],[144.954254,42.986188],[144.951002,42.985536],[144.949698,42.98427],[144.947337,42.98426],[144.943991,42.984827],[144.94367,42.98513]]],[[[145.012922,43.037523],[145.022532,43.039836],[145.023053,43.040457],[145.024838,43.040738],[145.025905,43.040579],[145.027089,43.04134],[145.026674,43.042413],[145.026041,43.042233],[145.027186,43.044159],[145.027701,43.044603],[145.029292,43.045226],[145.030035,43.045612],[145.027582,43.046118],[145.027114,43.045524],[145.026164,43.04682],[145.026488,43.0471],[145.025953,43.048013],[145.024297,43.047972],[145.023099,43.048949],[145.023351,43.051116],[145.022155,43.051503],[145.02055,43.049419],[145.019964,43.047884],[145.01962,43.046843],[145.018784,43.046385],[145.018189,43.046586],[145.017862,43.046838],[145.017669,43.047569],[145.017735,43.047901],[145.018658,43.049828],[145.019452,43.051933],[145.019712,43.054393],[145.019447,43.055854],[145.017795,43.057288],[145.016483,43.058722],[145.014639,43.0591],[145.01468,43.059396],[145.013816,43.059398],[145.011359,43.060815],[145.011869,43.062059],[145.012504,43.062231],[145.013904,43.062458],[145.012303,43.063163],[145.012266,43.064004],[145.013679,43.065992],[145.012502,43.065502],[145.010871,43.064293],[145.010509,43.065751],[145.011413,43.066973],[145.011659,43.067818],[145.012225,43.069006],[145.013607,43.070201],[145.014028,43.071499],[145.015175,43.071987],[145.016623,43.072691],[145.016476,43.073504],[145.014379,43.072967],[145.013217,43.071862],[145.011168,43.070319],[145.010144,43.070855],[145.009799,43.073222],[145.009585,43.075436],[145.009405,43.076645],[145.009669,43.077591],[145.010819,43.077926],[145.011321,43.079179],[145.009016,43.079009],[145.008789,43.077534],[145.008435,43.075804],[145.00828,43.073334],[145.008237,43.070852],[145.008673,43.069213],[145.009061,43.068474],[145.008353,43.06797],[145.007859,43.066138],[145.005828,43.064719],[145.005035,43.065033],[145.003332,43.067696],[145.004069,43.068863],[145.002466,43.071709],[145.002911,43.073084],[145.003564,43.074724],[145.003862,43.075972],[145.004008,43.076953],[145.005928,43.077964],[145.006688,43.079074],[145.006716,43.080348],[145.006287,43.08147],[145.005915,43.081657],[145.005432,43.08174],[145.004314,43.081056],[145.004144,43.080024],[145.003922,43.079368],[145.000179,43.077827],[144.998971,43.07828],[144.998214,43.077471],[144.998182,43.076745],[144.999621,43.076778],[145.00095,43.076516],[145.001266,43.076216],[145.00119,43.075346],[145.000994,43.074285],[145.000433,43.072923],[145.000264,43.071601],[145.000393,43.070657],[144.999726,43.069616],[145.000647,43.068293],[145.000684,43.06621],[145.001381,43.065168],[145.001836,43.06386],[145.003628,43.062258],[145.004261,43.061599],[145.006674,43.061],[145.00744,43.06046],[145.007407,43.059289],[145.006964,43.058314],[145.008634,43.056124],[145.008123,43.055366],[145.00446,43.054749],[145.003526,43.056125],[145.00308,43.057426],[145.002774,43.057681],[145.002638,43.056238],[145.00244,43.054906],[145.000777,43.053323],[144.999183,43.053119],[144.998963,43.055634],[144.999092,43.056833],[144.999259,43.057832],[145.0001,43.059012],[144.999292,43.05968],[144.99742,43.060938],[144.996962,43.062278],[144.996603,43.062648],[144.996204,43.063916],[144.99652,43.065089],[144.996165,43.065713],[144.996232,43.066398],[144.995717,43.067786],[144.995048,43.06881],[144.994793,43.069473],[144.994141,43.069802],[144.994679,43.068253],[144.994782,43.067595],[144.995229,43.066592],[144.994833,43.065394],[144.994555,43.064362],[144.994477,43.063026],[144.994543,43.06216],[144.995281,43.060645],[144.995219,43.059056],[144.995773,43.05675],[144.994978,43.055976],[144.992133,43.055606],[144.99089,43.056294],[144.991871,43.057124],[144.99258,43.058042],[144.991774,43.059685],[144.990543,43.061832],[144.98921,43.064704],[144.989804,43.06557],[144.990191,43.067397],[144.989982,43.067586],[144.989037,43.069341],[144.988284,43.069706],[144.987758,43.069272],[144.988201,43.068556],[144.988137,43.066486],[144.986544,43.0657],[144.986077,43.063502],[144.987251,43.063475],[144.987252,43.062367],[144.986841,43.061603],[144.985816,43.061219],[144.987588,43.060501],[144.987882,43.057949],[144.986661,43.056948],[144.985223,43.057364],[144.982659,43.059438],[144.98029,43.059564],[144.979691,43.05867],[144.982504,43.057599],[144.984768,43.056074],[144.986821,43.054776],[144.98722,43.052895],[144.986018,43.053341],[144.983393,43.054203],[144.98266,43.053211],[144.98306,43.051654],[144.984787,43.051001],[144.986432,43.049474],[144.986401,43.048225],[144.986037,43.046855],[144.987431,43.046963],[144.988535,43.048807],[144.988259,43.050052],[144.988636,43.050339],[144.991252,43.052014],[144.992365,43.051285],[144.992346,43.050124],[144.993391,43.049914],[144.995489,43.050369],[144.996993,43.048749],[144.994733,43.046869],[145.00131,43.047502],[145.005499,43.047005],[145.006879,43.044647],[145.006575,43.044045],[145.004108,43.043133],[145.003509,43.042138],[145.007238,43.042047],[145.007522,43.040998],[145.005039,43.040277],[145.003522,43.038804],[145.00242,43.037813],[145.002339,43.034756],[145.003839,43.036082],[145.006266,43.038115],[145.008305,43.039063],[145.011137,43.039202],[145.01264,43.037455],[145.012922,43.037523]]],[[[145.017972,42.997859],[145.018612,42.997997],[145.018677,42.998109],[145.018797,42.998107],[145.018938,42.998249],[145.019106,42.998159],[145.019498,42.998427],[145.019789,42.998462],[145.019907,42.998427],[145.020223,42.998702],[145.020345,42.998755],[145.020508,42.998971],[145.02065,42.999056],[145.020689,42.999154],[145.02144,42.999223],[145.021667,42.999341],[145.02213,42.999725],[145.022298,42.999668],[145.02241,42.999692],[145.022511,42.999638],[145.022832,42.99965],[145.022932,42.999711],[145.02325,42.999751],[145.023407,42.999686],[145.023474,42.999601],[145.023371,42.999543],[145.023189,42.999279],[145.023234,42.99916],[145.023176,42.999052],[145.023282,42.99897],[145.023655,42.999064],[145.023904,42.999282],[145.023924,42.999356],[145.02407,42.999396],[145.024248,42.999663],[145.024312,42.99966],[145.024457,42.999798],[145.024621,42.999852],[145.024668,42.999923],[145.024849,42.999953],[145.024888,43.000018],[145.024859,43.00009],[145.024729,43.000185],[145.024494,43.000257],[145.024501,43.000374],[145.024352,43.000536],[145.02435,43.000762],[145.024426,43.000824],[145.024436,43.000994],[145.02453,43.001104],[145.024526,43.001203],[145.024603,43.001267],[145.024608,43.001575],[145.024705,43.001715],[145.024694,43.001862],[145.024765,43.001914],[145.024813,43.002097],[145.024928,43.002231],[145.0249,43.002349],[145.025015,43.0024],[145.025052,43.002535],[145.025151,43.002562],[145.025414,43.002472],[145.025552,43.0025],[145.025646,43.002631],[145.025627,43.003037],[145.025729,43.003444],[145.025615,43.00355],[145.025623,43.003693],[145.025561,43.003806],[145.025537,43.004024],[145.025369,43.004121],[145.025372,43.004427],[145.025293,43.004232],[145.025617,43.003412],[145.024863,43.002619],[145.02433,43.001586],[145.023959,43.000042],[145.022754,42.999992],[145.019425,42.998745],[145.018469,42.998124],[145.017972,42.997859]]],[[[145.023192,43.020213],[145.023819,43.01805],[145.023493,43.018142],[145.023351,43.017584],[145.024661,43.017196],[145.024632,43.017088],[145.024672,43.017148],[145.024664,43.017372],[145.024601,43.017443],[145.024469,43.017462],[145.024316,43.017626],[145.024262,43.017784],[145.024101,43.017913],[145.024008,43.018106],[145.023992,43.018266],[145.023894,43.018337],[145.023949,43.018489],[145.023914,43.018764],[145.023832,43.018862],[145.023871,43.018961],[145.023789,43.019192],[145.023648,43.019321],[145.023672,43.019407],[145.023551,43.019717],[145.023578,43.019891],[145.023543,43.019945],[145.023613,43.020067],[145.023192,43.020213]]],[[[145.024615,43.017057],[145.024466,43.016462],[145.024717,43.015716],[145.025008,43.015567],[145.024981,43.0154],[145.025415,43.015157],[145.025336,43.015278],[145.02525,43.015293],[145.02507,43.015677],[145.024957,43.015724],[145.02482,43.016061],[145.024672,43.016176],[145.024609,43.016529],[145.024559,43.016599],[145.024641,43.016944],[145.024615,43.017057]]],[[[145.025389,43.014688],[145.024977,43.014507],[145.025016,43.013864],[145.025456,43.012949],[145.025418,43.012632],[145.02575,43.01256],[145.025919,43.012589],[145.026175,43.012449],[145.02686,43.012338],[145.027215,43.012162],[145.027312,43.01236],[145.027733,43.012492],[145.02787,43.012306],[145.02816,43.012226],[145.028377,43.012403],[145.028328,43.012718],[145.028202,43.012857],[145.028374,43.012836],[145.029275,43.012301],[145.029278,43.012446],[145.029106,43.012661],[145.028935,43.012681],[145.028763,43.012939],[145.028626,43.012978],[145.028591,43.013097],[145.028286,43.013265],[145.028173,43.013234],[145.027974,43.013266],[145.027767,43.013181],[145.027646,43.013067],[145.027669,43.012958],[145.027349,43.012814],[145.027177,43.012865],[145.026669,43.012788],[145.026552,43.012882],[145.026157,43.012958],[145.025973,43.012912],[145.025544,43.013295],[145.025222,43.013897],[145.025023,43.014437],[145.025389,43.014688]]],[[[145.025479,43.005657],[145.025417,43.005536],[145.02555,43.004887],[145.025584,43.005036],[145.025537,43.005145],[145.025576,43.005249],[145.025521,43.005478],[145.025431,43.00554],[145.025479,43.005657]]],[[[145.025578,43.005846],[145.025834,43.006145],[145.025986,43.006242],[145.026002,43.006348],[145.026135,43.006386],[145.026338,43.006592],[145.026381,43.006673],[145.026357,43.006759],[145.026763,43.006973],[145.02706,43.006789],[145.027353,43.006745],[145.027752,43.006968],[145.027818,43.007142],[145.02765,43.007391],[145.027552,43.007437],[145.027599,43.007534],[145.027591,43.007721],[145.027693,43.007834],[145.027646,43.007942],[145.027861,43.008017],[145.028103,43.008277],[145.028252,43.008344],[145.028326,43.00847],[145.028271,43.008716],[145.028029,43.008782],[145.028127,43.009031],[145.027974,43.009358],[145.028216,43.009524],[145.028392,43.00954],[145.028501,43.009657],[145.028919,43.009722],[145.029009,43.009797],[145.029033,43.009887],[145.029447,43.010022],[145.029529,43.010132],[145.030075,43.010347],[145.030376,43.010659],[145.030462,43.010841],[145.030438,43.010884],[145.029837,43.011134],[145.029739,43.011123],[145.029638,43.011259],[145.029703,43.010597],[145.02925,43.010441],[145.028511,43.01006],[145.027759,43.009406],[145.027992,43.00844],[145.027064,43.007448],[145.026463,43.007273],[145.026049,43.00675],[145.025578,43.005846]]],[[[145.02935,43.012173],[145.029583,43.011771],[145.029635,43.011286],[145.029751,43.011404],[145.029966,43.011412],[145.030138,43.011691],[145.030286,43.011699],[145.030345,43.011778],[145.030333,43.011864],[145.030192,43.01195],[145.030184,43.012087],[145.030106,43.012139],[145.029954,43.012151],[145.029868,43.012088],[145.029681,43.012135],[145.029454,43.012105],[145.02935,43.012173]]],[[[145.040935,43.0312],[145.04067,43.030797],[145.041189,43.030686],[145.041372,43.030541],[145.041697,43.030431],[145.041822,43.030439],[145.042165,43.030305],[145.042306,43.030336],[145.042478,43.030265],[145.043029,43.030259],[145.04331,43.030306],[145.04349,43.030414],[145.044067,43.030609],[145.044587,43.030681],[145.044704,43.03076],[145.044845,43.030744],[145.045169,43.030844],[145.045286,43.030934],[145.045794,43.031046],[145.045962,43.030987],[145.046462,43.030991],[145.04663,43.03092],[145.047028,43.030946],[145.047137,43.030844],[145.047344,43.030801],[145.047802,43.030589],[145.048157,43.030524],[145.048262,43.030454],[145.04854,43.030509],[145.048684,43.030587],[145.048782,43.030507],[145.049067,43.030554],[145.049161,43.030605],[145.049211,43.030718],[145.049454,43.030779],[145.049629,43.030674],[145.050071,43.030743],[145.050262,43.030829],[145.050317,43.030902],[145.050311,43.031232],[145.050188,43.031418],[145.050142,43.031936],[145.050149,43.032273],[145.050261,43.03259],[145.050797,43.03308],[145.051429,43.033489],[145.051862,43.03367],[145.052103,43.033704],[145.052397,43.033855],[145.052178,43.034079],[145.052901,43.034582],[145.052569,43.034782],[145.051694,43.034265],[145.05176,43.034177],[145.05083,43.033544],[145.050236,43.034249],[145.049855,43.034055],[145.049266,43.033902],[145.049332,43.033606],[145.049316,43.033315],[145.049197,43.033349],[145.049061,43.033171],[145.048693,43.032985],[145.048248,43.03301],[145.046453,43.033523],[145.046283,43.033509],[145.045813,43.033346],[145.044004,43.031599],[145.04318,43.031536],[145.042641,43.03138],[145.040935,43.0312]]],[[[145.055514,43.059182],[145.047676,43.059516],[145.047829,43.058542],[145.047554,43.057857],[145.047225,43.056703],[145.047348,43.054675],[145.047659,43.053571],[145.047597,43.053028],[145.046765,43.051541],[145.045495,43.050701],[145.047738,43.046366],[145.049457,43.045536],[145.050973,43.04581],[145.05196,43.045662],[145.053282,43.046074],[145.054445,43.046825],[145.055999,43.047211],[145.056587,43.047449],[145.05869,43.046774],[145.058346,43.047828],[145.063036,43.047931],[145.063303,43.046291],[145.064003,43.046529],[145.06567,43.046766],[145.066417,43.046698],[145.068252,43.046034],[145.068758,43.045887],[145.068837,43.045943],[145.069163,43.045748],[145.069589,43.04562],[145.070282,43.045545],[145.074093,43.04589],[145.077953,43.046034],[145.079126,43.045926],[145.079133,43.045879],[145.081021,43.04566],[145.081334,43.045717],[145.081588,43.045834],[145.081984,43.046076],[145.082095,43.046197],[145.082109,43.04631],[145.08205,43.046277],[145.082078,43.046624],[145.082045,43.046809],[145.082083,43.0469],[145.08184,43.047043],[145.081852,43.047621],[145.082163,43.047578],[145.082364,43.048052],[145.08218,43.048247],[145.083034,43.04933],[145.083171,43.04941],[145.083146,43.049443],[145.083386,43.04968],[145.083771,43.050306],[145.083779,43.050376],[145.083734,43.050336],[145.083765,43.050553],[145.082439,43.050349],[145.081451,43.051418],[145.080549,43.052572],[145.079957,43.053492],[145.079423,43.053872],[145.078569,43.053878],[145.077419,43.053414],[145.076656,43.053352],[145.074532,43.053589],[145.073657,43.053946],[145.073705,43.054585],[145.07362,43.05512],[145.073412,43.055174],[145.073303,43.056202],[145.072829,43.056091],[145.070864,43.056664],[145.070587,43.056184],[145.069807,43.055616],[145.069371,43.053917],[145.069323,43.053179],[145.070364,43.051278],[145.070465,43.050051],[145.069515,43.049731],[145.066065,43.049879],[145.06468,43.049118],[145.064521,43.048918],[145.062726,43.04881],[145.055514,43.059182]]],[[[145.059208,43.039792],[145.059568,43.039561],[145.059976,43.03983],[145.060658,43.040032],[145.060789,43.040132],[145.061274,43.040237],[145.061457,43.040206],[145.062097,43.040258],[145.062516,43.040504],[145.062781,43.040589],[145.063453,43.04063],[145.063625,43.040681],[145.063777,43.040649],[145.064093,43.040723],[145.064265,43.040714],[145.064332,43.040643],[145.064499,43.040628],[145.064722,43.040818],[145.065187,43.040875],[145.0653,43.04093],[145.065367,43.041055],[145.065914,43.041179],[145.065984,43.04124],[145.066019,43.04149],[145.066202,43.041615],[145.067007,43.041819],[145.067425,43.041994],[145.067898,43.042056],[145.068757,43.042307],[145.069448,43.042174],[145.069995,43.04243],[145.070358,43.042483],[145.070589,43.042409],[145.070639,43.042455],[145.070659,43.042603],[145.070733,43.042638],[145.070901,43.042611],[145.071073,43.042517],[145.071323,43.042641],[145.071686,43.042703],[145.071784,43.042777],[145.072038,43.042847],[145.072124,43.042839],[145.072198,43.042769],[145.072557,43.042709],[145.073299,43.042836],[145.073503,43.042804],[145.074342,43.042982],[145.074475,43.042959],[145.074897,43.043012],[145.074994,43.042957],[145.075373,43.042976],[145.075483,43.042917],[145.076014,43.042884],[145.076369,43.042965],[145.076463,43.043039],[145.077006,43.043132],[145.077084,43.043065],[145.077529,43.04297],[145.077635,43.042888],[145.078072,43.042864],[145.078459,43.042769],[145.078724,43.042808],[145.079158,43.042736],[145.079353,43.042795],[145.079439,43.042767],[145.080509,43.04287],[145.080869,43.043325],[145.080947,43.043639],[145.081067,43.043841],[145.081228,43.0439],[145.081364,43.044107],[145.081966,43.04421],[145.082162,43.044318],[145.082236,43.044412],[145.082212,43.04449],[145.082255,43.044621],[145.082716,43.044739],[145.083114,43.04469],[145.083415,43.04472],[145.083946,43.045082],[145.084107,43.045129],[145.084528,43.045014],[145.084532,43.044921],[145.084856,43.044772],[145.085376,43.044799],[145.085864,43.044926],[145.085981,43.045128],[145.085969,43.045318],[145.086032,43.045373],[145.086048,43.04549],[145.086134,43.045537],[145.08613,43.045621],[145.086243,43.045723],[145.086251,43.045805],[145.086333,43.045878],[145.086497,43.046197],[145.086645,43.046232],[145.086759,43.046379],[145.087145,43.04659],[145.087235,43.046711],[145.087251,43.046815],[145.087067,43.046788],[145.087012,43.047095],[145.087102,43.047111],[145.087344,43.047305],[145.087367,43.047414],[145.087973,43.047686],[145.088036,43.047846],[145.087946,43.048169],[145.087969,43.048316],[145.087907,43.048363],[145.087923,43.04844],[145.087876,43.048522],[145.087876,43.048717],[145.087934,43.048821],[145.087911,43.049051],[145.08775,43.049386],[145.087617,43.049475],[145.087637,43.049557],[145.087532,43.049693],[145.08752,43.049833],[145.087446,43.049888],[145.087477,43.050031],[145.087383,43.050105],[145.087192,43.050454],[145.087186,43.050565],[145.087131,43.050627],[145.087197,43.050674],[145.087224,43.050773],[145.087166,43.050855],[145.087158,43.050976],[145.087085,43.051059],[145.086802,43.051077],[145.086957,43.050142],[145.087191,43.049272],[145.087512,43.049239],[145.087239,43.047891],[145.086612,43.047219],[145.086353,43.04677],[145.086137,43.04668],[145.086087,43.046407],[145.085823,43.046295],[145.085797,43.045653],[145.085386,43.045191],[145.084131,43.045863],[145.083245,43.045358],[145.082551,43.045388],[145.081878,43.045231],[145.08174,43.044754],[145.081096,43.044653],[145.080957,43.044235],[145.080102,43.043443],[145.079788,43.043488],[145.07914,43.04339],[145.078673,43.043457],[145.078113,43.043376],[145.07708,43.043908],[145.076335,43.043649],[145.075669,43.043338],[145.074395,43.043649],[145.072959,43.043312],[145.071718,43.043464],[145.071516,43.043114],[145.071021,43.04332],[145.070904,43.043421],[145.070098,43.042858],[145.069129,43.043148],[145.067742,43.042698],[145.064936,43.041344],[145.062834,43.041267],[145.0621,43.040795],[145.060947,43.04064],[145.060668,43.040335],[145.059715,43.04023],[145.059898,43.040122],[145.059208,43.039792]]],[[[145.078304,43.065118],[145.078868,43.064987],[145.078536,43.064358],[145.083683,43.064943],[145.083944,43.067046],[145.084316,43.068971],[145.084774,43.070422],[145.087071,43.073094],[145.088977,43.074602],[145.092052,43.076795],[145.097186,43.080705],[145.094885,43.082012],[145.100339,43.086828],[145.092892,43.09136],[145.092167,43.091737],[145.091933,43.091253],[145.0924,43.090994],[145.092403,43.090798],[145.092025,43.090235],[145.09253,43.08968],[145.09227,43.088728],[145.092366,43.088568],[145.092519,43.088583],[145.092575,43.08837],[145.092413,43.088126],[145.092652,43.087568],[145.092403,43.086715],[145.092412,43.086471],[145.09227,43.086398],[145.092292,43.086116],[145.092657,43.085415],[145.092636,43.08525],[145.092315,43.084911],[145.09225,43.084598],[145.092057,43.084445],[145.092002,43.084049],[145.091692,43.083504],[145.09176,43.083091],[145.091536,43.082933],[145.091576,43.082771],[145.091538,43.082742],[145.091245,43.082751],[145.090805,43.082159],[145.090499,43.081555],[145.090489,43.081338],[145.089865,43.081001],[145.089729,43.080727],[145.089605,43.080304],[145.08931,43.080217],[145.08921,43.079697],[145.08894,43.079589],[145.088979,43.079252],[145.088372,43.07889],[145.08827,43.078549],[145.088046,43.07849],[145.087826,43.078135],[145.087189,43.077705],[145.086948,43.077692],[145.086431,43.077472],[145.086233,43.076601],[145.086373,43.076181],[145.086503,43.075999],[145.086261,43.075572],[145.08486,43.075325],[145.084681,43.075209],[145.084467,43.074007],[145.084547,43.073587],[145.084258,43.073342],[145.084001,43.072043],[145.083473,43.071041],[145.082988,43.070332],[145.082833,43.069881],[145.082642,43.069502],[145.081914,43.068778],[145.081346,43.067844],[145.080765,43.067393],[145.080519,43.066901],[145.07963,43.066303],[145.07944,43.066043],[145.078862,43.065718],[145.078304,43.065118]]],[[[145.098074,43.090992],[145.101831,43.093769],[145.102334,43.094972],[145.101555,43.09606],[145.101644,43.097466],[145.100531,43.097911],[145.100708,43.098524],[145.106082,43.09857],[145.105957,43.100062],[145.106125,43.102757],[145.106164,43.103229],[145.106238,43.103476],[145.106302,43.104255],[145.10625,43.104258],[145.106255,43.104315],[145.106307,43.104312],[145.10639,43.105348],[145.106341,43.105351],[145.106346,43.105409],[145.106395,43.105406],[145.106469,43.106295],[145.10642,43.106298],[145.1065,43.107245],[145.106542,43.107243],[145.106622,43.108137],[145.107165,43.11091],[145.107124,43.110912],[145.107187,43.111229],[145.107227,43.111225],[145.107957,43.114831],[145.107917,43.114834],[145.108205,43.11557],[145.108165,43.115579],[145.10837,43.116141],[145.108407,43.116129],[145.108451,43.116249],[145.10729,43.116644],[145.108028,43.11773],[145.108679,43.118893],[145.109288,43.119856],[145.108869,43.120449],[145.108448,43.120942],[145.107712,43.121271],[145.108684,43.12243],[145.105924,43.124808],[145.105669,43.125087],[145.105302,43.124907],[145.105193,43.124911],[145.105097,43.124818],[145.105334,43.12469],[145.105269,43.123589],[145.104365,43.122493],[145.103726,43.121831],[145.102942,43.121657],[145.102919,43.1215],[145.101456,43.120872],[145.101069,43.119968],[145.099481,43.117931],[145.098712,43.117308],[145.098062,43.116569],[145.097751,43.115821],[145.095757,43.113917],[145.097514,43.113212],[145.096804,43.112215],[145.096447,43.110992],[145.096249,43.110016],[145.095745,43.109729],[145.095563,43.108671],[145.095703,43.108147],[145.095552,43.107943],[145.095251,43.10697],[145.094739,43.104164],[145.094925,43.103645],[145.094406,43.103115],[145.094896,43.102519],[145.094599,43.099771],[145.09523,43.099201],[145.095174,43.098877],[145.094992,43.098658],[145.09514,43.097868],[145.095398,43.097486],[145.095474,43.095928],[145.095749,43.095616],[145.096856,43.095519],[145.097366,43.095077],[145.097456,43.094373],[145.097302,43.0935],[145.09748,43.092585],[145.097254,43.092454],[145.097391,43.091824],[145.098074,43.090992]]],[[[145.132014,43.069613],[145.131936,43.069863],[145.130485,43.069578],[145.130103,43.070639],[145.129861,43.070423],[145.129752,43.071059],[145.129728,43.071004],[145.129653,43.070997],[145.129519,43.071586],[145.129475,43.071386],[145.129347,43.071226],[145.129409,43.070997],[145.129391,43.070876],[145.12931,43.070731],[145.129184,43.070687],[145.12915,43.07053],[145.128786,43.070327],[145.12867,43.070175],[145.128524,43.070125],[145.12846,43.070035],[145.128287,43.069983],[145.128234,43.069881],[145.128126,43.069844],[145.128004,43.069721],[145.127849,43.069701],[145.127726,43.069577],[145.127272,43.069337],[145.127207,43.069232],[145.126849,43.069068],[145.126775,43.068948],[145.126642,43.068891],[145.126558,43.068736],[145.126252,43.068482],[145.126051,43.068224],[145.125752,43.068086],[145.125514,43.067837],[145.125156,43.067753],[145.125128,43.067617],[145.124903,43.067548],[145.124851,43.067414],[145.124997,43.067378],[145.125199,43.067443],[145.125382,43.067426],[145.125477,43.067503],[145.125651,43.067548],[145.125808,43.067529],[145.126349,43.067753],[145.126708,43.067724],[145.126809,43.067758],[145.126876,43.067841],[145.127314,43.067986],[145.127683,43.067964],[145.12803,43.068121],[145.12815,43.068098],[145.12856,43.068207],[145.128791,43.068202],[145.128909,43.068305],[145.129053,43.068298],[145.129096,43.068353],[145.129221,43.068309],[145.129866,43.068465],[145.13,43.068421],[145.130059,43.068461],[145.130214,43.068431],[145.130311,43.068516],[145.130465,43.068507],[145.130748,43.068625],[145.130926,43.068633],[145.131074,43.068579],[145.131468,43.068626],[145.131513,43.068691],[145.1318,43.068783],[145.131923,43.068736],[145.132179,43.068739],[145.132274,43.06881],[145.132014,43.069613]]],[[[145.142533,43.080196],[145.145016,43.080227],[145.147317,43.080853],[145.147679,43.080853],[145.148356,43.080732],[145.149013,43.080736],[145.149756,43.080868],[145.152019,43.081416],[145.152521,43.081489],[145.154646,43.081663],[145.157527,43.082108],[145.157877,43.082131],[145.1584,43.082087],[145.158721,43.082023],[145.159931,43.078538],[145.157962,43.078206],[145.157864,43.078529],[145.156767,43.078404],[145.156994,43.077767],[145.158908,43.077937],[145.159722,43.078077],[145.160606,43.078142],[145.160886,43.078112],[145.16192,43.077922],[145.162058,43.077861],[145.162131,43.077796],[145.16213,43.077672],[145.161974,43.077344],[145.162018,43.077285],[145.162089,43.0773],[145.162142,43.077405],[145.162285,43.077513],[145.162631,43.077581],[145.163358,43.077455],[145.163658,43.077302],[145.163781,43.077358],[145.163976,43.077311],[145.164369,43.077405],[145.1646,43.07734],[145.165006,43.077054],[145.165024,43.076919],[145.165126,43.076845],[145.165078,43.076728],[145.165168,43.076663],[145.165354,43.076667],[145.165542,43.07678],[145.1657,43.076806],[145.165822,43.076783],[145.165903,43.076831],[145.166062,43.076793],[145.166179,43.076894],[145.16629,43.076908],[145.166399,43.077026],[145.16648,43.076973],[145.166658,43.076986],[145.166995,43.076831],[145.167457,43.076874],[145.167935,43.076737],[145.168012,43.076641],[145.168415,43.076559],[145.168491,43.07648],[145.168623,43.076449],[145.168645,43.076373],[145.168769,43.076295],[145.168819,43.076118],[145.168809,43.075924],[145.168878,43.075853],[145.169122,43.075846],[145.169326,43.075909],[145.169552,43.076146],[145.169685,43.076066],[145.169809,43.075875],[145.170231,43.075784],[145.170341,43.075696],[145.170482,43.075666],[145.17067,43.075707],[145.17075,43.075772],[145.170942,43.075717],[145.170998,43.0758],[145.171146,43.075834],[145.171169,43.075946],[145.171343,43.075978],[145.171416,43.076068],[145.171654,43.076094],[145.171699,43.076169],[145.171851,43.076205],[145.171882,43.076283],[145.172106,43.076283],[145.172277,43.076218],[145.172275,43.076122],[145.172557,43.076019],[145.172648,43.076034],[145.172732,43.0762],[145.172694,43.076311],[145.172561,43.076361],[145.172554,43.076481],[145.172484,43.076537],[145.172319,43.07655],[145.172234,43.076502],[145.172202,43.076547],[145.172046,43.076531],[145.171936,43.076615],[145.171634,43.076677],[145.171397,43.076656],[145.171285,43.076792],[145.171081,43.076887],[145.170985,43.076862],[145.170935,43.076791],[145.170682,43.076846],[145.170553,43.077014],[145.170371,43.077047],[145.170264,43.076999],[145.170061,43.077032],[145.169973,43.077127],[145.169591,43.077161],[145.169567,43.077243],[145.169431,43.077365],[145.169425,43.077477],[145.169344,43.077499],[145.169281,43.077617],[145.169216,43.077645],[145.169078,43.077651],[145.168827,43.077567],[145.168672,43.077709],[145.168353,43.077711],[145.168166,43.077786],[145.168046,43.077743],[145.167799,43.077766],[145.167632,43.077854],[145.167413,43.077817],[145.167292,43.077973],[145.167136,43.078077],[145.166742,43.078106],[145.166525,43.078177],[145.166431,43.078128],[145.166222,43.078121],[145.166172,43.078062],[145.165912,43.078098],[145.165881,43.078158],[145.165706,43.078188],[145.165611,43.078287],[145.165209,43.078323],[145.165149,43.078455],[145.164891,43.078546],[145.164916,43.078624],[145.164818,43.078685],[145.164813,43.078796],[145.164671,43.07887],[145.164696,43.078928],[145.164639,43.078965],[145.164671,43.079092],[145.164544,43.079185],[145.164555,43.079259],[145.164498,43.079324],[145.164536,43.07942],[145.164434,43.079534],[145.164478,43.079621],[145.164417,43.079694],[145.164472,43.079733],[145.164426,43.079872],[145.164479,43.079945],[145.164455,43.080035],[145.164532,43.080148],[145.164396,43.080296],[145.164439,43.080346],[145.164369,43.080527],[145.164243,43.080561],[145.164232,43.080647],[145.164098,43.080706],[145.164107,43.080777],[145.164017,43.080871],[145.164085,43.080964],[145.164101,43.081119],[145.163982,43.081161],[145.163804,43.08136],[145.163527,43.081398],[145.163421,43.081523],[145.163441,43.081622],[145.163383,43.081694],[145.163413,43.081783],[145.163351,43.081867],[145.163399,43.081952],[145.163316,43.082009],[145.163312,43.082096],[145.16317,43.082165],[145.163189,43.082255],[145.163113,43.082315],[145.163164,43.082407],[145.16299,43.082619],[145.163029,43.082703],[145.162959,43.082774],[145.162987,43.082832],[145.16293,43.082877],[145.162976,43.082958],[145.162924,43.083046],[145.163239,43.083217],[145.163601,43.083241],[145.163903,43.083361],[145.163979,43.083422],[145.163958,43.083514],[145.163903,43.083558],[145.163684,43.083524],[145.163582,43.083582],[145.1635,43.083564],[145.163491,43.083616],[145.16327,43.083711],[145.163271,43.083784],[145.163209,43.083834],[145.163096,43.083837],[145.162918,43.083984],[145.162757,43.083954],[145.162631,43.084029],[145.162562,43.083967],[145.162455,43.084036],[145.162365,43.084029],[145.162323,43.084179],[145.162263,43.084226],[145.162079,43.084219],[145.161923,43.084287],[145.161605,43.084187],[145.161282,43.084324],[145.161239,43.084407],[145.161039,43.084393],[145.160604,43.084597],[145.160511,43.084563],[145.160346,43.084618],[145.160302,43.084577],[145.160145,43.084641],[145.160049,43.084616],[145.15993,43.084688],[145.159826,43.084649],[145.159667,43.08471],[145.159617,43.08467],[145.159484,43.084718],[145.159381,43.084663],[145.158952,43.084714],[145.158884,43.084626],[145.158751,43.084602],[145.158742,43.084521],[145.15832,43.084499],[145.158194,43.084395],[145.158048,43.084426],[145.157902,43.084396],[145.157707,43.084448],[145.157594,43.084392],[145.157172,43.084444],[145.157033,43.084384],[145.156699,43.084411],[145.156481,43.084279],[145.156436,43.084189],[145.156164,43.084086],[145.155871,43.084128],[145.155675,43.083983],[145.155491,43.083924],[145.155313,43.083948],[145.155219,43.083896],[145.15502,43.083931],[145.154912,43.084029],[145.154742,43.084],[145.154661,43.084084],[145.154508,43.084125],[145.154282,43.084072],[145.153921,43.084154],[145.153826,43.084118],[145.153763,43.084029],[145.153422,43.084062],[145.153268,43.083999],[145.152999,43.083999],[145.152903,43.08386],[145.152787,43.083817],[145.15265,43.083844],[145.152594,43.083905],[145.152408,43.083852],[145.152312,43.083895],[145.152038,43.083873],[145.151891,43.083746],[145.151773,43.083751],[145.151172,43.083554],[145.150592,43.083461],[145.150517,43.083379],[145.150158,43.083258],[145.150137,43.083144],[145.149845,43.083202],[145.1497,43.083142],[145.149358,43.083191],[145.149264,43.083081],[145.149184,43.083101],[145.149087,43.083019],[145.148979,43.083041],[145.148726,43.082973],[145.148656,43.082897],[145.148497,43.082852],[145.148428,43.082762],[145.148062,43.082666],[145.147969,43.082597],[145.147941,43.08251],[145.147736,43.082476],[145.147647,43.082397],[145.147497,43.082413],[145.147285,43.082353],[145.146946,43.082436],[145.146829,43.082411],[145.146756,43.082313],[145.146624,43.082302],[145.146505,43.082198],[145.146336,43.082163],[145.146265,43.082025],[145.146143,43.08202],[145.146053,43.081956],[145.146034,43.081883],[145.145854,43.081821],[145.145788,43.081696],[145.145639,43.081634],[145.145542,43.08146],[145.14534,43.081354],[145.145125,43.081314],[145.14506,43.081251],[145.144314,43.081105],[145.144235,43.081014],[145.144065,43.081027],[145.14393,43.081128],[145.143745,43.0811],[145.143629,43.081192],[145.14346,43.081176],[145.143375,43.081259],[145.143228,43.081239],[145.143095,43.081304],[145.14294,43.081311],[145.142849,43.081409],[145.142616,43.081378],[145.142439,43.081459],[145.142533,43.080196]]],[[[145.132412,43.148364],[145.13415,43.147812],[145.134233,43.147735],[145.134508,43.147656],[145.134957,43.147415],[145.135336,43.14711],[145.135682,43.146713],[145.135871,43.146372],[145.135962,43.146326],[145.136329,43.146427],[145.137548,43.147002],[145.137902,43.147411],[145.138528,43.147686],[145.139062,43.14752],[145.139709,43.147517],[145.140665,43.147282],[145.140728,43.147096],[145.141366,43.146751],[145.141775,43.146466],[145.142465,43.146165],[145.142825,43.146185],[145.143489,43.146108],[145.144195,43.146208],[145.146154,43.146875],[145.146796,43.147198],[145.148694,43.147209],[145.148915,43.147236],[145.149294,43.147373],[145.149606,43.147615],[145.149786,43.147865],[145.149962,43.148003],[145.15006,43.148169],[145.150323,43.148736],[145.150275,43.149114],[145.150624,43.149346],[145.151039,43.149489],[145.152631,43.149851],[145.152875,43.149867],[145.152991,43.150052],[145.153601,43.149955],[145.154577,43.150074],[145.155375,43.150109],[145.155981,43.150356],[145.156007,43.150552],[145.15595,43.150813],[145.155976,43.151901],[145.155812,43.152664],[145.155377,43.153347],[145.155261,43.154117],[145.155305,43.154677],[145.155923,43.155487],[145.155733,43.155815],[145.154839,43.15616],[145.154669,43.156429],[145.154503,43.156584],[145.153686,43.157211],[145.153694,43.15735],[145.153613,43.157427],[145.153672,43.158002],[145.153639,43.158018],[145.15368,43.158078],[145.153803,43.159268],[145.153063,43.159636],[145.152908,43.159662],[145.15204,43.159361],[145.151842,43.159334],[145.151477,43.159378],[145.149536,43.160579],[145.149063,43.161739],[145.149036,43.162253],[145.148945,43.162593],[145.149357,43.163459],[145.150569,43.165309],[145.150886,43.165611],[145.152056,43.167319],[145.152096,43.167509],[145.150079,43.165694],[145.138857,43.172108],[145.138216,43.171758],[145.138112,43.17151],[145.14016,43.16913],[145.1413,43.168355],[145.141741,43.167995],[145.141763,43.167813],[145.141662,43.167626],[145.14114,43.167342],[145.140903,43.167299],[145.140155,43.166621],[145.139969,43.166358],[145.139808,43.166221],[145.139565,43.165787],[145.139764,43.165378],[145.139266,43.165142],[145.138884,43.164401],[145.138903,43.164292],[145.139161,43.164218],[145.139188,43.163931],[145.139027,43.163776],[145.138471,43.16368],[145.137498,43.162931],[145.137341,43.162865],[145.135538,43.162904],[145.134056,43.163843],[145.133974,43.164151],[145.134163,43.164324],[145.134533,43.164444],[145.134111,43.164801],[145.133737,43.164976],[145.133679,43.165192],[145.13349,43.165519],[145.133446,43.165735],[145.13314,43.166039],[145.1329,43.166414],[145.1334,43.166716],[145.133299,43.167231],[145.132917,43.167487],[145.132393,43.167654],[145.13223,43.167659],[145.130765,43.167217],[145.130041,43.167376],[145.129731,43.167523],[145.129484,43.167478],[145.129618,43.167019],[145.129551,43.166873],[145.129307,43.166806],[145.127755,43.167035],[145.127526,43.167019],[145.126687,43.166431],[145.126463,43.165518],[145.125821,43.16451],[145.125731,43.164124],[145.125424,43.163937],[145.124974,43.16387],[145.124856,43.163574],[145.125031,43.163409],[145.124999,43.163139],[145.124891,43.162994],[145.124636,43.162981],[145.124371,43.163135],[145.124026,43.163606],[145.123713,43.163622],[145.123031,43.16328],[145.122861,43.163126],[145.122388,43.16197],[145.122157,43.161562],[145.12238,43.160449],[145.122424,43.160253],[145.122498,43.160162],[145.123037,43.160105],[145.123555,43.159967],[145.123644,43.159808],[145.124293,43.159316],[145.124294,43.15592],[145.124392,43.155475],[145.124463,43.155358],[145.124787,43.155141],[145.126249,43.154512],[145.127143,43.153954],[145.127438,43.153853],[145.128686,43.153616],[145.129776,43.153195],[145.130021,43.153185],[145.132013,43.153454],[145.132737,43.153266],[145.133266,43.153294],[145.133622,43.153172],[145.134113,43.15279],[145.134147,43.152591],[145.133737,43.152183],[145.133537,43.151763],[145.133745,43.151074],[145.133464,43.150164],[145.132839,43.149676],[145.132205,43.148978],[145.131687,43.148544],[145.132,43.148499],[145.132412,43.148364]]],[[[144.541846,42.949458],[144.542241,42.949333],[144.542752,42.949074],[144.542761,42.948987],[144.542873,42.948951],[144.542888,42.94886],[144.543336,42.948506],[144.54337,42.948404],[144.543592,42.948326],[144.543704,42.948321],[144.543911,42.948441],[144.544541,42.948349],[144.546805,42.948304],[144.547063,42.948329],[144.547293,42.949088],[144.54738,42.949725],[144.547756,42.949775],[144.548016,42.949657],[144.549004,42.94958],[144.549361,42.949445],[144.54937,42.949358],[144.549525,42.949304],[144.549608,42.949202],[144.549626,42.949056],[144.549585,42.948944],[144.549724,42.948828],[144.549533,42.948653],[144.549597,42.948629],[144.549464,42.948427],[144.551405,42.947641],[144.554005,42.948659],[144.556787,42.949431],[144.559335,42.950751],[144.563685,42.951173],[144.566285,42.950887],[144.568257,42.951143],[144.57057,42.950965],[144.573163,42.950685],[144.576117,42.950827],[144.578249,42.950735],[144.580679,42.950277],[144.583319,42.949881],[144.584208,42.949881],[144.585184,42.950407],[144.586317,42.950621],[144.587084,42.950743],[144.588671,42.950773],[144.590754,42.950533],[144.592081,42.950441],[144.595411,42.949846],[144.597052,42.950312],[144.598589,42.950422],[144.598841,42.951136],[144.599337,42.951395],[144.600043,42.950455],[144.605683,42.951663],[144.608372,42.952042],[144.610102,42.951979],[144.616705,42.95435],[144.618615,42.951193],[144.619192,42.951247],[144.621029,42.951135],[144.62269,42.951236],[144.62416,42.951208],[144.625096,42.951106],[144.62826,42.954492],[144.630092,42.954924],[144.631019,42.955595],[144.631491,42.955699],[144.632011,42.955903],[144.632689,42.956415],[144.632948,42.956713],[144.632809,42.957296],[144.634428,42.957228],[144.635039,42.956966],[144.636255,42.956582],[144.636418,42.956391],[144.63674,42.955634],[144.636704,42.954446],[144.636815,42.95382],[144.63637,42.952789],[144.636618,42.95171],[144.638151,42.951396],[144.641187,42.949065],[144.642303,42.948804],[144.640954,42.948255],[144.639166,42.948153],[144.639184,42.948107],[144.63913,42.948065],[144.63979,42.947536],[144.640435,42.946599],[144.64481,42.946595],[144.645513,42.946882],[144.649893,42.947637],[144.650147,42.947703],[144.650081,42.948607],[144.650586,42.948768],[144.651351,42.949361],[144.652264,42.94936],[144.652815,42.949716],[144.653003,42.949743],[144.6541,42.949678],[144.655251,42.949484],[144.655793,42.949268],[144.656512,42.949204],[144.656946,42.949254],[144.657485,42.949475],[144.658042,42.949804],[144.658447,42.949842],[144.658819,42.949779],[144.65908,42.949583],[144.659223,42.949399],[144.659407,42.948865],[144.659637,42.948379],[144.660015,42.947974],[144.661117,42.94771],[144.661576,42.947652],[144.662352,42.94742],[144.662765,42.947433],[144.663454,42.947248],[144.663693,42.947232],[144.664077,42.947054],[144.664558,42.946734],[144.665984,42.946292],[144.666566,42.946228],[144.667042,42.94655],[144.667271,42.946563],[144.667962,42.946791],[144.668382,42.946784],[144.668774,42.946681],[144.66914,42.946692],[144.669511,42.94654],[144.669858,42.946568],[144.67043,42.946438],[144.670931,42.9464],[144.670552,42.946228],[144.669562,42.945551],[144.669061,42.944769],[144.669794,42.943372],[144.668737,42.942457],[144.669383,42.942062],[144.67001,42.941847],[144.670175,42.941837],[144.670278,42.941716],[144.670566,42.941619],[144.670644,42.941481],[144.670838,42.941409],[144.670849,42.94132],[144.670951,42.941256],[144.671105,42.941247],[144.671497,42.940994],[144.672376,42.940662],[144.672614,42.940994],[144.67193,42.941209],[144.672298,42.94152],[144.672251,42.941936],[144.672189,42.941936],[144.672222,42.942351],[144.673319,42.942297],[144.673035,42.94263],[144.673317,42.942658],[144.67347,42.942905],[144.673707,42.943133],[144.673915,42.943071],[144.674456,42.942736],[144.674346,42.942489],[144.675022,42.942064],[144.675286,42.941644],[144.675574,42.941372],[144.67614,42.941173],[144.676474,42.941217],[144.676586,42.941275],[144.676935,42.941295],[144.676916,42.941075],[144.677283,42.941059],[144.677593,42.940891],[144.677892,42.940912],[144.678477,42.94114],[144.678661,42.941396],[144.679504,42.941397],[144.680077,42.941502],[144.680057,42.941544],[144.680479,42.941648],[144.680507,42.94159],[144.68105,42.941755],[144.681292,42.941944],[144.682933,42.942543],[144.682974,42.942493],[144.682793,42.94153],[144.682877,42.940899],[144.682843,42.940368],[144.682467,42.939492],[144.682323,42.939377],[144.684387,42.938388],[144.684278,42.937878],[144.685855,42.937844],[144.688733,42.938243],[144.689411,42.938274],[144.690333,42.938232],[144.692124,42.937991],[144.693447,42.93824],[144.694244,42.938187],[144.69465,42.938097],[144.696135,42.937496],[144.697199,42.937226],[144.697516,42.937092],[144.698065,42.937081],[144.698314,42.937017],[144.698433,42.93708],[144.698694,42.937036],[144.698808,42.937113],[144.699748,42.937074],[144.700942,42.937265],[144.701611,42.93722],[144.701993,42.937254],[144.70184,42.937771],[144.701302,42.938186],[144.700054,42.937908],[144.698279,42.937919],[144.696816,42.939128],[144.696164,42.940314],[144.694958,42.941152],[144.695252,42.941608],[144.694647,42.941528],[144.69412,42.941295],[144.693104,42.940694],[144.692718,42.94067],[144.686079,42.943073],[144.685064,42.943822],[144.684296,42.944605],[144.683979,42.945079],[144.683737,42.945623],[144.683219,42.946514],[144.682898,42.94697],[144.682524,42.947318],[144.68215,42.947572],[144.681546,42.94786],[144.679385,42.948521],[144.678337,42.948762],[144.677716,42.948856],[144.67716,42.948874],[144.676399,42.948784],[144.675822,42.948595],[144.675416,42.948384],[144.674141,42.947345],[144.673761,42.947202],[144.673395,42.947149],[144.672737,42.947152],[144.672021,42.947249],[144.668815,42.947836],[144.668276,42.947894],[144.667592,42.947899],[144.667063,42.947833],[144.666418,42.947652],[144.665889,42.947442],[144.664986,42.947925],[144.664229,42.948199],[144.661043,42.948911],[144.660858,42.94965],[144.660511,42.950201],[144.659988,42.950611],[144.6593,42.950883],[144.658538,42.950988],[144.657949,42.950941],[144.657297,42.950754],[144.656509,42.950382],[144.6558,42.950651],[144.655249,42.95078],[144.654762,42.950818],[144.653954,42.95077],[144.653701,42.9508],[144.653455,42.950929],[144.653305,42.951167],[144.653464,42.952001],[144.653489,42.952386],[144.653383,42.952856],[144.653113,42.953313],[144.652861,42.953574],[144.652517,42.953834],[144.650481,42.954993],[144.649695,42.955285],[144.649197,42.955358],[144.648696,42.955364],[144.647851,42.955202],[144.647029,42.954835],[144.645571,42.955098],[144.645168,42.955217],[144.644994,42.955325],[144.644768,42.955563],[144.644668,42.955771],[144.644664,42.956933],[144.644511,42.957358],[144.644274,42.957688],[144.643852,42.958052],[144.643274,42.958338],[144.642817,42.958473],[144.641922,42.958627],[144.642146,42.959448],[144.642111,42.959978],[144.641963,42.960325],[144.641786,42.960581],[144.641457,42.960895],[144.641186,42.961081],[144.640388,42.9614],[144.634844,42.962886],[144.634549,42.963072],[144.63367,42.963796],[144.633321,42.963995],[144.63284,42.964188],[144.631733,42.964435],[144.629247,42.964835],[144.628332,42.964816],[144.627541,42.964594],[144.626875,42.964183],[144.626519,42.963802],[144.626292,42.963463],[144.624582,42.963062],[144.624189,42.962882],[144.623758,42.962582],[144.623025,42.96276],[144.622437,42.962809],[144.621866,42.962756],[144.621141,42.96257],[144.621109,42.962537],[144.621542,42.962089],[144.621732,42.961793],[144.620412,42.961404],[144.619487,42.961312],[144.618976,42.961313],[144.618675,42.961257],[144.618271,42.961081],[144.61828,42.960885],[144.617833,42.959841],[144.617666,42.959697],[144.617407,42.959099],[144.616978,42.958691],[144.616696,42.958581],[144.616539,42.958631],[144.615668,42.958703],[144.615231,42.958652],[144.61406,42.958024],[144.613413,42.957755],[144.613236,42.957723],[144.612707,42.95796],[144.612495,42.958153],[144.612104,42.958339],[144.612102,42.958381],[144.608996,42.958449],[144.608694,42.958509],[144.60729,42.959362],[144.606697,42.959547],[144.605347,42.959324],[144.605233,42.959231],[144.60456,42.959071],[144.604146,42.95911],[144.603795,42.959065],[144.6035,42.958953],[144.602522,42.958846],[144.602011,42.958669],[144.600607,42.957935],[144.598248,42.957476],[144.597789,42.957464],[144.596255,42.957847],[144.595562,42.957844],[144.595264,42.957797],[144.594897,42.957693],[144.594487,42.957418],[144.594232,42.957087],[144.593765,42.956793],[144.590922,42.956092],[144.58861,42.956287],[144.588136,42.956239],[144.587584,42.956041],[144.586934,42.955947],[144.585943,42.956114],[144.582802,42.956435],[144.579451,42.956277],[144.579251,42.956325],[144.578979,42.956234],[144.578717,42.956261],[144.577428,42.956161],[144.576188,42.955578],[144.575481,42.955486],[144.574474,42.955535],[144.573369,42.955671],[144.572373,42.956009],[144.57132,42.956795],[144.57069,42.956794],[144.567135,42.956254],[144.56638,42.956295],[144.564504,42.956889],[144.563832,42.957162],[144.561433,42.958357],[144.5609,42.958469],[144.5605,42.958421],[144.559686,42.95812],[144.558357,42.95752],[144.557477,42.957373],[144.555738,42.957209],[144.554988,42.957485],[144.554384,42.957565],[144.553381,42.957458],[144.55256,42.956991],[144.552143,42.95655],[144.551398,42.956177],[144.548336,42.95581],[144.547603,42.955583],[144.546005,42.954771],[144.545637,42.954808],[144.545145,42.954949],[144.544839,42.954942],[144.544454,42.954713],[144.544464,42.954236],[144.544405,42.953987],[144.543486,42.953859],[144.542628,42.953546],[144.542156,42.952595],[144.542,42.952526],[144.542055,42.951012],[144.542584,42.950762],[144.542083,42.950284],[144.542223,42.95021],[144.541985,42.949886],[144.541846,42.949458]]],[[[144.727272,42.944987],[144.727255,42.944806],[144.727426,42.944805],[144.727426,42.94473],[144.727226,42.944733],[144.727235,42.944658],[144.727177,42.944619],[144.727331,42.944425],[144.727241,42.943636],[144.727616,42.943149],[144.727689,42.942965],[144.728273,42.94226],[144.728747,42.942085],[144.729092,42.941825],[144.729431,42.941444],[144.729704,42.94127],[144.730297,42.94076],[144.730865,42.939884],[144.731392,42.939742],[144.731422,42.939524],[144.731509,42.939418],[144.731715,42.939263],[144.732135,42.939083],[144.73212,42.939003],[144.732276,42.938906],[144.733219,42.938686],[144.73448,42.939092],[144.734982,42.939185],[144.735247,42.9394],[144.735351,42.939399],[144.735853,42.939744],[144.736672,42.939913],[144.736725,42.940092],[144.736798,42.940948],[144.736931,42.941143],[144.73689,42.941432],[144.737227,42.941877],[144.73756,42.942093],[144.738589,42.942458],[144.739311,42.942821],[144.739499,42.942955],[144.739817,42.943359],[144.740289,42.943817],[144.740468,42.943919],[144.741097,42.944045],[144.741089,42.944251],[144.741375,42.944297],[144.741972,42.944166],[144.741984,42.944638],[144.741717,42.944921],[144.741191,42.945369],[144.740857,42.945331],[144.741346,42.945613],[144.7418,42.946015],[144.741632,42.946053],[144.741969,42.946131],[144.74246,42.94682],[144.742649,42.946828],[144.742701,42.947067],[144.742768,42.947108],[144.743314,42.947124],[144.743471,42.947075],[144.743944,42.947131],[144.744304,42.947119],[144.745091,42.947233],[144.745369,42.947167],[144.746109,42.947128],[144.746264,42.947077],[144.748172,42.947126],[144.749731,42.946813],[144.750249,42.946124],[144.750806,42.945549],[144.750731,42.945415],[144.751101,42.945547],[144.751276,42.945662],[144.751822,42.946167],[144.75216,42.946565],[144.752529,42.947173],[144.753605,42.948062],[144.753905,42.948154],[144.754075,42.9483],[144.754708,42.948627],[144.755201,42.949027],[144.755746,42.949209],[144.756452,42.949554],[144.75602,42.949858],[144.755778,42.950206],[144.755706,42.950381],[144.755661,42.951067],[144.755913,42.951908],[144.755882,42.952318],[144.755835,42.952324],[144.755801,42.95245],[144.755978,42.953055],[144.756231,42.953579],[144.75655,42.954082],[144.756422,42.954069],[144.756361,42.954226],[144.756286,42.95428],[144.756015,42.95429],[144.755813,42.95445],[144.755639,42.954431],[144.755334,42.954589],[144.755154,42.954586],[144.755062,42.954703],[144.754876,42.954756],[144.754752,42.954725],[144.75467,42.954839],[144.754476,42.954892],[144.754345,42.954854],[144.754157,42.95499],[144.754028,42.955026],[144.753933,42.954992],[144.753725,42.955111],[144.753451,42.955099],[144.753363,42.955048],[144.75327,42.955101],[144.752922,42.955067],[144.752809,42.955118],[144.752598,42.955072],[144.752522,42.955128],[144.751506,42.955127],[144.751053,42.955226],[144.75085,42.955358],[144.750766,42.955198],[144.750959,42.955046],[144.750883,42.954682],[144.749377,42.954154],[144.747802,42.954386],[144.746842,42.954346],[144.746578,42.954395],[144.745854,42.955182],[144.745892,42.95665],[144.744548,42.95773],[144.745292,42.958108],[144.744778,42.95843],[144.744426,42.958896],[144.743949,42.959409],[144.743406,42.96034],[144.743202,42.960586],[144.742709,42.961018],[144.742581,42.961316],[144.742382,42.962159],[144.742122,42.962435],[144.742007,42.962643],[144.741838,42.964218],[144.741701,42.964679],[144.741448,42.965022],[144.741369,42.96525],[144.741165,42.965394],[144.740307,42.966249],[144.739116,42.967252],[144.737812,42.968144],[144.737487,42.968501],[144.736906,42.968827],[144.734589,42.969759],[144.733104,42.970271],[144.731517,42.970656],[144.730344,42.970817],[144.728259,42.971321],[144.727782,42.971321],[144.727029,42.971522],[144.725847,42.971581],[144.725924,42.971442],[144.725104,42.971406],[144.725611,42.970882],[144.72466,42.970284],[144.725273,42.969985],[144.725387,42.969703],[144.725585,42.969721],[144.726149,42.969101],[144.726298,42.96888],[144.726022,42.968794],[144.726083,42.968698],[144.72623,42.96862],[144.726201,42.968365],[144.726299,42.96819],[144.726253,42.968014],[144.725764,42.967475],[144.725619,42.96747],[144.725577,42.967356],[144.7245,42.966825],[144.7244,42.966717],[144.724427,42.966522],[144.724214,42.966268],[144.724153,42.966119],[144.724191,42.966051],[144.723995,42.965592],[144.723433,42.965025],[144.723023,42.964864],[144.722634,42.964488],[144.722502,42.964267],[144.722303,42.963568],[144.722379,42.96336],[144.722713,42.963004],[144.722793,42.962844],[144.723096,42.962635],[144.723177,42.962494],[144.723343,42.962577],[144.723429,42.962489],[144.723806,42.962391],[144.724453,42.962322],[144.728439,42.962302],[144.729421,42.962218],[144.732771,42.961218],[144.733685,42.960797],[144.734784,42.959865],[144.737519,42.957683],[144.737754,42.957441],[144.737749,42.957267],[144.73757,42.956768],[144.737302,42.95642],[144.735585,42.954889],[144.735266,42.954454],[144.734705,42.953339],[144.732911,42.951186],[144.73259,42.950934],[144.732444,42.950749],[144.73238,42.950556],[144.732091,42.950171],[144.731482,42.949756],[144.729935,42.949091],[144.728123,42.948153],[144.728071,42.948179],[144.727689,42.947829],[144.727369,42.946714],[144.727272,42.944987]]],[[[144.768913,43.150194],[144.773491,43.149383],[144.777892,43.148822],[144.783879,43.147942],[144.791278,43.147049],[144.80029,43.145507],[144.798288,43.143685],[144.796286,43.141671],[144.796487,43.141664],[144.796634,43.141749],[144.796741,43.141684],[144.797005,43.141639],[144.797048,43.141692],[144.797011,43.141841],[144.797494,43.141772],[144.797636,43.141807],[144.797741,43.141753],[144.797886,43.141532],[144.798029,43.141522],[144.798168,43.141597],[144.798396,43.141506],[144.798897,43.141725],[144.799023,43.14192],[144.799522,43.141906],[144.799775,43.141979],[144.800094,43.141918],[144.800039,43.142072],[144.800065,43.142106],[144.800247,43.14204],[144.800501,43.142114],[144.800762,43.142037],[144.800989,43.142105],[144.801067,43.142045],[144.801228,43.141755],[144.80138,43.141897],[144.801726,43.141886],[144.801874,43.142015],[144.80204,43.141926],[144.802444,43.141838],[144.802652,43.141903],[144.802819,43.141885],[144.802976,43.141684],[144.803217,43.141846],[144.803462,43.141808],[144.80359,43.141881],[144.803876,43.14179],[144.803852,43.141902],[144.804006,43.141968],[144.804235,43.141909],[144.804466,43.14191],[144.804512,43.141952],[144.804507,43.142087],[144.804565,43.142116],[144.804648,43.142095],[144.804888,43.141849],[144.804958,43.141695],[144.805057,43.141768],[144.805088,43.141898],[144.805194,43.141885],[144.805325,43.141723],[144.805356,43.141532],[144.805417,43.141459],[144.805397,43.141396],[144.805502,43.141324],[144.805602,43.141324],[144.80579,43.141456],[144.805886,43.14142],[144.806075,43.141224],[144.806131,43.141279],[144.806049,43.141388],[144.806122,43.141422],[144.806327,43.141362],[144.80639,43.141219],[144.806469,43.1412],[144.806546,43.141369],[144.80677,43.141357],[144.806864,43.141276],[144.806807,43.141144],[144.806848,43.141094],[144.807055,43.141206],[144.807027,43.141346],[144.807076,43.141377],[144.807325,43.141083],[144.807344,43.140947],[144.807521,43.141099],[144.807804,43.141099],[144.807943,43.140891],[144.808118,43.140828],[144.808372,43.14102],[144.80871,43.140953],[144.808893,43.141047],[144.808945,43.141201],[144.809238,43.141136],[144.809499,43.141141],[144.809683,43.141286],[144.809946,43.141251],[144.810053,43.141313],[144.810007,43.141431],[144.81011,43.141469],[144.810324,43.141314],[144.810525,43.141367],[144.810686,43.141316],[144.810741,43.141233],[144.810686,43.141129],[144.810775,43.14111],[144.81099,43.141203],[144.816362,43.145399],[144.824112,43.138679],[144.821501,43.136994],[144.82228,43.136393],[144.822586,43.136211],[144.823022,43.136005],[144.823499,43.135858],[144.824451,43.135717],[144.82474,43.135751],[144.825487,43.135729],[144.825849,43.135591],[144.82624,43.135524],[144.826496,43.13568],[144.826748,43.135756],[144.8273,43.135816],[144.827713,43.136083],[144.827913,43.136073],[144.828076,43.136242],[144.828206,43.136541],[144.828325,43.136617],[144.828466,43.136829],[144.828734,43.136907],[144.829018,43.137216],[144.829083,43.137514],[144.829485,43.137835],[144.829907,43.138498],[144.830051,43.138505],[144.830099,43.138655],[144.830558,43.138998],[144.831042,43.139201],[144.831401,43.139204],[144.831717,43.139344],[144.832201,43.139434],[144.832843,43.139409],[144.833107,43.139473],[144.833302,43.139632],[144.833423,43.139601],[144.833804,43.139693],[144.834239,43.139618],[144.834475,43.139676],[144.834671,43.139552],[144.835026,43.139542],[144.835242,43.139442],[144.835515,43.139486],[144.835877,43.139245],[144.836381,43.139321],[144.836842,43.139191],[144.836988,43.13906],[144.837586,43.139176],[144.838103,43.13904],[144.838372,43.139037],[144.838898,43.13921],[144.839465,43.139031],[144.839563,43.139147],[144.840177,43.139247],[144.840741,43.139132],[144.841254,43.139193],[144.841344,43.139131],[144.841535,43.139144],[144.841693,43.139033],[144.842385,43.13886],[144.842503,43.138741],[144.842731,43.138719],[144.84282,43.138616],[144.843101,43.138511],[144.843137,43.138335],[144.84333,43.138361],[144.843498,43.138209],[144.843735,43.138185],[144.843837,43.138077],[144.844006,43.138072],[144.845132,43.137531],[144.845993,43.137066],[144.846106,43.136793],[144.846302,43.136724],[144.846525,43.13683],[144.846857,43.136695],[144.847242,43.136331],[144.847472,43.136029],[144.847611,43.135083],[144.847439,43.135075],[144.847559,43.134914],[144.84769,43.133836],[144.848007,43.133735],[144.848021,43.133618],[144.848371,43.133391],[144.849008,43.133162],[144.84952,43.133142],[144.850524,43.13329],[144.850792,43.133415],[144.851129,43.13286],[144.850794,43.132486],[144.850425,43.131818],[144.850337,43.131352],[144.850381,43.130881],[144.850553,43.130423],[144.850845,43.130011],[144.851192,43.129705],[144.851706,43.129389],[144.85144,43.128468],[144.851407,43.127507],[144.851483,43.12703],[144.851605,43.126677],[144.85183,43.126261],[144.852514,43.125461],[144.852431,43.125158],[144.852402,43.124799],[144.852436,43.124489],[144.852553,43.124105],[144.852832,43.123618],[144.85335,43.123066],[144.851794,43.122671],[144.85194,43.120548],[144.851904,43.11949],[144.854093,43.1185],[144.854637,43.119084],[144.857786,43.118164],[144.857809,43.11823],[144.858773,43.118573],[144.860334,43.118005],[144.859866,43.117347],[144.86193,43.116519],[144.865877,43.117465],[144.868227,43.118361],[144.869642,43.119053],[144.871986,43.118109],[144.873733,43.115556],[144.872388,43.11243],[144.872533,43.112372],[144.875248,43.105589],[144.875061,43.105322],[144.86969,43.104629],[144.869858,43.10427],[144.868939,43.103745],[144.868588,43.102967],[144.868389,43.102766],[144.867932,43.102459],[144.86807,43.102158],[144.868264,43.101937],[144.868268,43.10174],[144.868536,43.101546],[144.867645,43.100695],[144.867075,43.100247],[144.86573,43.099416],[144.861239,43.097243],[144.860623,43.097888],[144.859312,43.098885],[144.858517,43.099383],[144.857398,43.100545],[144.856188,43.100313],[144.855139,43.100586],[144.853679,43.10065],[144.8524,43.101228],[144.84945,43.095346],[144.848998,43.093932],[144.855765,43.092195],[144.856681,43.092018],[144.858276,43.092078],[144.857973,43.091432],[144.856806,43.089885],[144.856086,43.089324],[144.854666,43.088432],[144.853749,43.087914],[144.852764,43.087478],[144.849788,43.086658],[144.848909,43.086253],[144.848589,43.086057],[144.845487,43.08346],[144.844481,43.082517],[144.843855,43.08185],[144.842208,43.079486],[144.841863,43.079141],[144.840974,43.078521],[144.839248,43.077541],[144.838722,43.077053],[144.838352,43.075706],[144.839087,43.075538],[144.839275,43.075537],[144.840863,43.07576],[144.841242,43.075977],[144.842077,43.075705],[144.842561,43.075395],[144.842922,43.075086],[144.843137,43.074552],[144.843137,43.074176],[144.843359,43.07397],[144.844546,43.073546],[144.844983,43.073499],[144.845458,43.07355],[144.845947,43.073895],[144.846178,43.073902],[144.846629,43.07373],[144.846877,43.073114],[144.846914,43.072928],[144.84689,43.072565],[144.846657,43.071949],[144.846338,43.071621],[144.846372,43.071345],[144.846174,43.071034],[144.845941,43.070812],[144.845805,43.070564],[144.845677,43.069816],[144.846343,43.069572],[144.846644,43.069321],[144.846815,43.068832],[144.846694,43.068362],[144.846743,43.068151],[144.84723,43.067617],[144.847399,43.067521],[144.847869,43.066789],[144.847753,43.066406],[144.847328,43.065941],[144.847571,43.065836],[144.84804,43.06287],[144.848988,43.062362],[144.849064,43.062208],[144.850536,43.061708],[144.849921,43.060773],[144.849575,43.060153],[144.84911,43.058926],[144.84937,43.05888],[144.850534,43.057976],[144.883333,43.067521],[144.886385,43.067934],[144.891667,43.068333],[144.894564,43.068243],[144.897313,43.068078],[144.901331,43.067495],[144.904926,43.066667],[144.906957,43.0661],[144.909549,43.065487],[144.913229,43.064327],[144.918185,43.062169],[144.920815,43.060473],[144.922205,43.059513],[144.924418,43.057576],[144.925731,43.056541],[144.927699,43.05483],[144.928204,43.054473],[144.933333,43.053472],[144.93381,43.053132],[144.933982,43.052515],[144.934027,43.051992],[144.934778,43.050885],[144.935387,43.050658],[144.936223,43.050242],[144.937012,43.047922],[144.939992,43.043534],[144.94037,43.043196],[144.939216,43.0424],[144.936276,43.041297],[144.934867,43.040577],[144.933845,43.040191],[144.932206,43.039304],[144.931763,43.038411],[144.931649,43.037328],[144.931551,43.035349],[144.931894,43.03419],[144.932897,43.032746],[144.933333,43.03194],[144.93374,43.03078],[144.933706,43.029959],[144.932523,43.02892],[144.931518,43.027731],[144.930848,43.027062],[144.928638,43.027393],[144.925672,43.028512],[144.923627,43.030056],[144.920642,43.030559],[144.918605,43.030496],[144.914782,43.030107],[144.913758,43.029572],[144.912962,43.028867],[144.912876,43.028027],[144.913146,43.02711],[144.913138,43.026307],[144.91345,43.024532],[144.91334,43.02386],[144.912466,43.023006],[144.911593,43.022301],[144.908333,43.020209],[144.904496,43.019018],[144.903475,43.018763],[144.903159,43.01721],[144.902617,43.017151],[144.90191,43.016975],[144.901362,43.016984],[144.899174,43.016784],[144.898936,43.016789],[144.897289,43.017092],[144.896798,43.017127],[144.896055,43.017445],[144.895375,43.018011],[144.894832,43.018343],[144.894283,43.018574],[144.893252,43.019422],[144.892554,43.019811],[144.892158,43.019977],[144.891788,43.020036],[144.890435,43.019866],[144.889281,43.020004],[144.888666,43.020179],[144.88777,43.020555],[144.887325,43.020571],[144.886666,43.020681],[144.885529,43.021177],[144.884345,43.021467],[144.884312,43.021645],[144.883444,43.021747],[144.883368,43.021668],[144.883116,43.021695],[144.882448,43.021925],[144.88185,43.022477],[144.880785,43.023122],[144.879749,43.023909],[144.879558,43.024192],[144.87949,43.024413],[144.879508,43.024683],[144.87964,43.02491],[144.87846,43.024776],[144.876625,43.026269],[144.875414,43.026993],[144.874858,43.027654],[144.87419,43.028141],[144.8735,43.027943],[144.872667,43.028792],[144.870836,43.028085],[144.868512,43.028093],[144.867783,43.028197],[144.865536,43.027784],[144.86424,43.027335],[144.86337,43.026313],[144.863576,43.025086],[144.86511,43.024653],[144.866692,43.024406],[144.867432,43.0245],[144.868369,43.024205],[144.869266,43.02433],[144.870033,43.024016],[144.870887,43.023742],[144.872168,43.022879],[144.873939,43.021847],[144.874084,43.021583],[144.874518,43.020471],[144.873629,43.020241],[144.872966,43.021661],[144.871302,43.021638],[144.869265,43.022713],[144.868436,43.022833],[144.867422,43.022763],[144.866797,43.022806],[144.865015,43.02278],[144.864906,43.022495],[144.863702,43.022633],[144.863691,43.022748],[144.863325,43.02273],[144.863426,43.022463],[144.862719,43.02232],[144.862365,43.021877],[144.861463,43.021001],[144.860636,43.02097],[144.857483,43.018828],[144.857139,43.018837],[144.857697,43.019941],[144.859302,43.021524],[144.858764,43.022176],[144.859773,43.023381],[144.861013,43.023557],[144.859727,43.024424],[144.859652,43.024324],[144.858277,43.025027],[144.856955,43.025852],[144.856239,43.025032],[144.8548,43.024299],[144.852988,43.023614],[144.853977,43.022988],[144.854046,43.022029],[144.852274,43.02153],[144.851181,43.021298],[144.850703,43.020707],[144.850824,43.01964],[144.850753,43.018009],[144.852187,43.017167],[144.852223,43.017231],[144.852689,43.016995],[144.856415,43.015897],[144.855473,43.013403],[144.85418,43.011877],[144.854715,43.011378],[144.855161,43.011084],[144.855621,43.010669],[144.856049,43.010436],[144.856295,43.010127],[144.856321,43.010013],[144.856438,43.009954],[144.856426,43.009907],[144.856555,43.009788],[144.856672,43.009741],[144.85668,43.009539],[144.856766,43.009516],[144.85677,43.009445],[144.857004,43.009275],[144.857,43.009181],[144.857074,43.009103],[144.857028,43.009029],[144.857188,43.008854],[144.857223,43.008596],[144.857361,43.00842],[144.857692,43.008632],[144.857799,43.008397],[144.858202,43.008944],[144.858913,43.009614],[144.860121,43.010372],[144.861175,43.010142],[144.862193,43.00915],[144.861335,43.007169],[144.862257,43.007282],[144.861844,43.006656],[144.861585,43.005686],[144.862402,43.005036],[144.862987,43.005925],[144.864571,43.006308],[144.865207,43.005721],[144.865317,43.006697],[144.866302,43.00677],[144.865903,43.007637],[144.866251,43.007866],[144.866041,43.008274],[144.866288,43.008383],[144.866934,43.008365],[144.867258,43.007918],[144.868666,43.007348],[144.867979,43.006229],[144.868477,43.004887],[144.868908,43.004324],[144.870231,43.004446],[144.871563,43.004388],[144.871228,43.003826],[144.871316,43.002775],[144.869434,43.002809],[144.87035,43.000734],[144.872919,43.000377],[144.871444,42.999098],[144.871522,42.998617],[144.873408,42.99682],[144.874493,42.996274],[144.875356,42.995511],[144.875815,42.994976],[144.876667,42.994829],[144.878076,42.993818],[144.87768,42.993133],[144.877421,42.991949],[144.876707,42.990756],[144.876718,42.989835],[144.876609,42.989662],[144.876664,42.988682],[144.876904,42.988281],[144.877356,42.988009],[144.877703,42.987532],[144.877919,42.987149],[144.878029,42.986787],[144.878246,42.986463],[144.878391,42.986548],[144.880994,42.985987],[144.882243,42.98564],[144.884144,42.985837],[144.885019,42.986521],[144.885115,42.986863],[144.885339,42.987062],[144.885794,42.987616],[144.88621,42.987803],[144.886206,42.987919],[144.886326,42.988163],[144.886287,42.988688],[144.886406,42.988925],[144.886423,42.989107],[144.886767,42.989808],[144.887044,42.989874],[144.886781,42.989181],[144.886757,42.988851],[144.88702,42.988271],[144.887677,42.988246],[144.888263,42.988425],[144.88857,42.988447],[144.888711,42.988561],[144.888679,42.987756],[144.888482,42.987228],[144.889244,42.987327],[144.88977,42.987219],[144.889943,42.986947],[144.890188,42.986903],[144.890421,42.986762],[144.89051,42.986764],[144.890458,42.986656],[144.890477,42.98659],[144.890419,42.986545],[144.890421,42.98646],[144.890484,42.986388],[144.89066,42.98635],[144.890727,42.986396],[144.890816,42.986346],[144.891086,42.986433],[144.891109,42.986499],[144.892128,42.986589],[144.892617,42.986685],[144.894411,42.987524],[144.894234,42.987815],[144.893722,42.988134],[144.892725,42.988135],[144.891878,42.988281],[144.893157,42.989699],[144.894133,42.990342],[144.894203,42.990654],[144.894136,42.990656],[144.894168,42.991035],[144.894338,42.991883],[144.895408,42.99161],[144.895707,42.992841],[144.897335,42.993003],[144.898463,42.993269],[144.900265,42.992787],[144.899984,42.995125],[144.901915,42.994539],[144.901084,42.992878],[144.90276,42.992384],[144.904428,42.993045],[144.906764,42.992881],[144.906684,42.992068],[144.906812,42.991065],[144.907045,42.989744],[144.907526,42.988463],[144.907396,42.98818],[144.908546,42.987496],[144.910088,42.988141],[144.911543,42.98882],[144.911032,42.987356],[144.91016,42.987099],[144.910512,42.987016],[144.91046,42.986897],[144.909908,42.987014],[144.908306,42.986563],[144.908351,42.986489],[144.908251,42.986415],[144.908232,42.986254],[144.908325,42.986169],[144.908314,42.986023],[144.908431,42.985913],[144.908514,42.985901],[144.9086,42.985953],[144.908611,42.985856],[144.908715,42.98583],[144.908806,42.985844],[144.908886,42.985928],[144.909,42.985869],[144.909271,42.985932],[144.909356,42.986044],[144.909449,42.985982],[144.909765,42.986046],[144.909905,42.986147],[144.909903,42.986213],[144.910309,42.986286],[144.911933,42.986401],[144.912617,42.986398],[144.912942,42.986387],[144.913249,42.986281],[144.913226,42.986172],[144.913281,42.986116],[144.913346,42.986065],[144.913519,42.986046],[144.913523,42.985996],[144.913636,42.985943],[144.913851,42.985977],[144.913932,42.986074],[144.91399,42.986037],[144.914209,42.986045],[144.914291,42.986151],[144.914356,42.986102],[144.914531,42.986091],[144.914592,42.986206],[144.914784,42.986275],[144.915017,42.986147],[144.915203,42.986209],[144.915302,42.986069],[144.915148,42.985996],[144.915172,42.985884],[144.91593,42.986596],[144.915947,42.986704],[144.915968,42.987001],[144.915897,42.987209],[144.915551,42.987607],[144.915424,42.987833],[144.915299,42.988264],[144.915303,42.988628],[144.915434,42.989409],[144.915782,42.989665],[144.916144,42.989584],[144.916514,42.989303],[144.917266,42.989284],[144.918385,42.99019],[144.918419,42.990481],[144.918606,42.990707],[144.917944,42.991501],[144.917604,42.991736],[144.917708,42.991826],[144.917719,42.991934],[144.918251,42.99191],[144.918961,42.991458],[144.919312,42.991123],[144.919344,42.990639],[144.919644,42.990622],[144.919801,42.99048],[144.919819,42.990119],[144.920468,42.989965],[144.919455,42.989848],[144.919579,42.989434],[144.920093,42.98942],[144.920534,42.989292],[144.920782,42.989112],[144.921377,42.989271],[144.921948,42.989166],[144.922456,42.98917],[144.922306,42.989616],[144.922903,42.989758],[144.922995,42.989331],[144.92339,42.989518],[144.923669,42.989224],[144.92421,42.989617],[144.924314,42.989955],[144.924416,42.990003],[144.924374,42.990564],[144.925761,42.991128],[144.925747,42.991185],[144.924335,42.991176],[144.924459,42.991414],[144.924684,42.991449],[144.924588,42.991545],[144.92574,42.991843],[144.925699,42.992198],[144.924461,42.992197],[144.924589,42.992274],[144.925105,42.992271],[144.924839,42.99267],[144.924935,42.992726],[144.924186,42.993465],[144.923028,42.993434],[144.921956,42.994054],[144.922085,42.994166],[144.92305,42.994028],[144.923351,42.99403],[144.923653,42.99377],[144.923849,42.99374],[144.9239,42.993859],[144.923923,42.994228],[144.924565,42.994011],[144.924585,42.993963],[144.92507,42.99389],[144.925022,42.993964],[144.925124,42.994116],[144.924875,42.994195],[144.924578,42.994658],[144.924854,42.994756],[144.925728,42.994055],[144.925903,42.994212],[144.926019,42.994027],[144.92658,42.994461],[144.926514,42.994761],[144.926853,42.994675],[144.926085,42.993626],[144.926753,42.993219],[144.927231,42.993428],[144.927381,42.993043],[144.927901,42.993194],[144.928032,42.992968],[144.92836,42.993031],[144.92847,42.994781],[144.928929,42.994472],[144.929356,42.994283],[144.929834,42.994169],[144.929146,42.993725],[144.929289,42.992757],[144.9295,42.992776],[144.92951,42.993062],[144.930158,42.992959],[144.930466,42.993102],[144.931034,42.992932],[144.930772,42.992759],[144.931373,42.992217],[144.931148,42.991375],[144.931298,42.990812],[144.931677,42.990782],[144.932653,42.991988],[144.933124,42.992145],[144.933514,42.992001],[144.933531,42.99194],[144.933489,42.991709],[144.933425,42.991617],[144.933309,42.99042],[144.933717,42.990244],[144.934001,42.990965],[144.933977,42.991671],[144.934029,42.99207],[144.934086,42.992142],[144.934295,42.992136],[144.934949,42.991124],[144.93554,42.991159],[144.935627,42.990992],[144.935703,42.990739],[144.935832,42.989817],[144.935989,42.989431],[144.935902,42.988975],[144.935933,42.98885],[144.937081,42.988628],[144.939903,42.98782],[144.939758,42.986939],[144.941022,42.987515],[144.942648,42.986095],[144.942863,42.986154],[144.943033,42.98601],[144.94298,42.985922],[144.943037,42.985858],[144.943384,42.985817],[144.943531,42.985693],[144.943617,42.985685],[144.943613,42.985572],[144.943719,42.985476],[144.943619,42.985384],[144.943659,42.985145],[144.943991,42.984827],[144.947337,42.98426],[144.949698,42.98427],[144.951002,42.985536],[144.954254,42.986188],[144.95521,42.986528],[144.95677,42.986056],[144.957193,42.985639],[144.957616,42.984981],[144.95763,42.984364],[144.959636,42.983404],[144.960159,42.983317],[144.960414,42.982373],[144.960929,42.981547],[144.960864,42.981453],[144.962271,42.981758],[144.963571,42.98182],[144.964222,42.981669],[144.964473,42.981805],[144.96493,42.982341],[144.966386,42.982404],[144.966587,42.981177],[144.966888,42.981515],[144.968609,42.982573],[144.96855,42.982725],[144.969409,42.983081],[144.970301,42.983043],[144.971313,42.981707],[144.971453,42.981908],[144.972423,42.982731],[144.973072,42.982383],[144.974146,42.982483],[144.974832,42.982679],[144.975771,42.983462],[144.976549,42.984345],[144.977136,42.9843],[144.977415,42.984347],[144.979045,42.984382],[144.979205,42.984877],[144.980475,42.987098],[144.980171,42.988716],[144.980576,42.990171],[144.97975,42.992866],[144.981138,42.994344],[144.9816,42.994013],[144.983105,42.993123],[144.983755,42.991616],[144.984452,42.99118],[144.984781,42.991188],[144.98508,42.991275],[144.98805,42.99268],[144.988503,42.99284],[144.990269,42.993101],[144.990728,42.99324],[144.99129,42.993619],[144.991406,42.993791],[144.992287,42.99436],[144.992684,42.994572],[144.993151,42.994748],[144.99364,42.994861],[144.994442,42.994948],[144.99574,42.994735],[144.996498,42.994757],[144.997403,42.994634],[144.998299,42.994573],[144.999067,42.994766],[145.000936,42.995917],[145.002992,42.994192],[145.003244,42.994108],[145.003733,42.994408],[145.002836,42.995819],[145.0036,42.996071],[145.003571,42.996159],[145.004148,42.996299],[145.004047,42.996522],[145.004522,42.996775],[145.005384,42.996187],[145.005781,42.996281],[145.005438,42.996783],[145.005752,42.99694],[145.006061,42.996751],[145.006269,42.996833],[145.006308,42.997096],[145.006645,42.996928],[145.006832,42.997855],[145.00739,42.998214],[145.007562,42.997987],[145.008094,42.998168],[145.008673,42.997267],[145.011118,42.996523],[145.011663,42.996284],[145.0126,42.995542],[145.014102,42.996044],[145.014386,42.996262],[145.014591,42.9967],[145.014848,42.997709],[145.015695,42.997306],[145.017183,42.997354],[145.017563,42.997599],[145.017589,42.997763],[145.017541,42.997877],[145.017972,42.997859],[145.018469,42.998124],[145.019425,42.998745],[145.022754,42.999992],[145.023959,43.000042],[145.02433,43.001586],[145.024863,43.002619],[145.025617,43.003412],[145.025293,43.004232],[145.025432,43.004572],[145.025412,43.004681],[145.025495,43.004726],[145.02555,43.004887],[145.025417,43.005536],[145.025506,43.005794],[145.025578,43.005846],[145.026049,43.00675],[145.026463,43.007273],[145.027064,43.007448],[145.027992,43.00844],[145.027759,43.009406],[145.028511,43.01006],[145.02925,43.010441],[145.029703,43.010597],[145.029583,43.011771],[145.02935,43.012173],[145.029251,43.012206],[145.029263,43.012322],[145.028374,43.012836],[145.028202,43.012857],[145.028328,43.012718],[145.028377,43.012403],[145.02816,43.012226],[145.02787,43.012306],[145.027733,43.012492],[145.027312,43.01236],[145.027215,43.012162],[145.02686,43.012338],[145.026175,43.012449],[145.025919,43.012589],[145.02575,43.01256],[145.025418,43.012632],[145.025456,43.012949],[145.025016,43.013864],[145.024977,43.014507],[145.025453,43.014728],[145.025508,43.014976],[145.025404,43.015176],[145.024981,43.0154],[145.025008,43.015567],[145.024717,43.015716],[145.024531,43.01619],[145.024466,43.016462],[145.024661,43.017196],[145.023351,43.017584],[145.023493,43.018142],[145.023819,43.01805],[145.023192,43.020213],[145.02202,43.020679],[145.021731,43.020282],[145.022314,43.019338],[145.020632,43.019179],[145.0205,43.020306],[145.019915,43.020514],[145.018585,43.020146],[145.016826,43.020074],[145.016785,43.022513],[145.019112,43.022598],[145.018986,43.023011],[145.017387,43.024056],[145.01914,43.025129],[145.01934,43.025038],[145.020105,43.024972],[145.021341,43.024977],[145.021564,43.02511],[145.021664,43.025328],[145.021616,43.025524],[145.02143,43.025856],[145.021769,43.025916],[145.021989,43.025897],[145.022154,43.025739],[145.022401,43.025824],[145.022579,43.025791],[145.022704,43.025341],[145.022774,43.025274],[145.023388,43.025297],[145.023315,43.025199],[145.023364,43.02507],[145.024004,43.025254],[145.025238,43.024927],[145.025674,43.024339],[145.025779,43.024142],[145.025695,43.02409],[145.026464,43.023498],[145.026516,43.02351],[145.02692,43.02294],[145.027417,43.023035],[145.028007,43.022899],[145.028554,43.022685],[145.028867,43.02265],[145.029081,43.022692],[145.029241,43.022666],[145.029604,43.022749],[145.029667,43.02285],[145.029796,43.022929],[145.029882,43.023101],[145.029909,43.023356],[145.0298,43.02389],[145.029667,43.024134],[145.029554,43.024188],[145.029401,43.024401],[145.02917,43.025073],[145.029244,43.025995],[145.029215,43.026274],[145.02939,43.026855],[145.029289,43.026862],[145.029308,43.026984],[145.028872,43.026938],[145.028478,43.026772],[145.027902,43.027216],[145.028121,43.027477],[145.028039,43.027805],[145.027722,43.028039],[145.026972,43.028457],[145.026879,43.028295],[145.025747,43.02872],[145.025475,43.028521],[145.025267,43.028599],[145.024606,43.028168],[145.024815,43.028497],[145.024945,43.029245],[145.024885,43.029374],[145.024672,43.029567],[145.024099,43.029777],[145.023904,43.030011],[145.023846,43.02998],[145.023655,43.030168],[145.02371,43.03024],[145.02366,43.030534],[145.021052,43.031957],[145.01938,43.031558],[145.018557,43.0316],[145.017192,43.030829],[145.013981,43.032639],[145.014053,43.032712],[145.012934,43.033343],[145.01242,43.033594],[145.011352,43.033953],[145.011459,43.034063],[145.011462,43.034226],[145.01089,43.034479],[145.010728,43.034641],[145.010707,43.034731],[145.011225,43.035365],[145.011974,43.035846],[145.0124,43.036027],[145.014168,43.036453],[145.013396,43.036533],[145.013439,43.036641],[145.013417,43.036717],[145.012922,43.037523],[145.01264,43.037455],[145.011137,43.039202],[145.008305,43.039063],[145.006266,43.038115],[145.003839,43.036082],[145.002339,43.034756],[145.00242,43.037813],[145.003522,43.038804],[145.005039,43.040277],[145.007522,43.040998],[145.007238,43.042047],[145.003509,43.042138],[145.004108,43.043133],[145.006575,43.044045],[145.006879,43.044647],[145.005499,43.047005],[145.00131,43.047502],[144.994733,43.046869],[144.996993,43.048749],[144.995489,43.050369],[144.993391,43.049914],[144.992346,43.050124],[144.992365,43.051285],[144.991252,43.052014],[144.988636,43.050339],[144.988259,43.050052],[144.988535,43.048807],[144.987431,43.046963],[144.986037,43.046855],[144.986401,43.048225],[144.986432,43.049474],[144.984787,43.051001],[144.98306,43.051654],[144.98266,43.053211],[144.983393,43.054203],[144.986018,43.053341],[144.98722,43.052895],[144.986821,43.054776],[144.984768,43.056074],[144.982504,43.057599],[144.979691,43.05867],[144.98029,43.059564],[144.982659,43.059438],[144.985223,43.057364],[144.986661,43.056948],[144.987882,43.057949],[144.987588,43.060501],[144.985816,43.061219],[144.986841,43.061603],[144.987252,43.062367],[144.987251,43.063475],[144.986077,43.063502],[144.986544,43.0657],[144.988137,43.066486],[144.988201,43.068556],[144.987758,43.069272],[144.988284,43.069706],[144.989037,43.069341],[144.989982,43.067586],[144.990191,43.067397],[144.989804,43.06557],[144.98921,43.064704],[144.990543,43.061832],[144.991774,43.059685],[144.99258,43.058042],[144.991871,43.057124],[144.99089,43.056294],[144.992133,43.055606],[144.994978,43.055976],[144.995773,43.05675],[144.995219,43.059056],[144.995281,43.060645],[144.994543,43.06216],[144.994477,43.063026],[144.994555,43.064362],[144.994833,43.065394],[144.995229,43.066592],[144.994782,43.067595],[144.994679,43.068253],[144.994141,43.069802],[144.994793,43.069473],[144.995048,43.06881],[144.995717,43.067786],[144.996232,43.066398],[144.996165,43.065713],[144.99652,43.065089],[144.996204,43.063916],[144.996603,43.062648],[144.996962,43.062278],[144.99742,43.060938],[144.999292,43.05968],[145.0001,43.059012],[144.999259,43.057832],[144.999092,43.056833],[144.998963,43.055634],[144.999183,43.053119],[145.000777,43.053323],[145.00244,43.054906],[145.002638,43.056238],[145.002774,43.057681],[145.00308,43.057426],[145.003526,43.056125],[145.00446,43.054749],[145.008123,43.055366],[145.008634,43.056124],[145.006964,43.058314],[145.007407,43.059289],[145.00744,43.06046],[145.006674,43.061],[145.004261,43.061599],[145.003628,43.062258],[145.001836,43.06386],[145.001381,43.065168],[145.000684,43.06621],[145.000647,43.068293],[144.999726,43.069616],[145.000393,43.070657],[145.000264,43.071601],[145.000433,43.072923],[145.000994,43.074285],[145.00119,43.075346],[145.001266,43.076216],[145.00095,43.076516],[144.999621,43.076778],[144.998182,43.076745],[144.998214,43.077471],[144.998971,43.07828],[145.000179,43.077827],[145.003922,43.079368],[145.004144,43.080024],[145.004314,43.081056],[145.005432,43.08174],[145.005915,43.081657],[145.006287,43.08147],[145.006716,43.080348],[145.006688,43.079074],[145.005928,43.077964],[145.004008,43.076953],[145.003862,43.075972],[145.003564,43.074724],[145.002911,43.073084],[145.002466,43.071709],[145.004069,43.068863],[145.003332,43.067696],[145.005035,43.065033],[145.005828,43.064719],[145.007859,43.066138],[145.008353,43.06797],[145.009061,43.068474],[145.008673,43.069213],[145.008237,43.070852],[145.00828,43.073334],[145.008435,43.075804],[145.008789,43.077534],[145.009016,43.079009],[145.011321,43.079179],[145.010819,43.077926],[145.009669,43.077591],[145.009405,43.076645],[145.009585,43.075436],[145.009799,43.073222],[145.010144,43.070855],[145.011168,43.070319],[145.013217,43.071862],[145.014379,43.072967],[145.016476,43.073504],[145.016623,43.072691],[145.015175,43.071987],[145.014028,43.071499],[145.013607,43.070201],[145.012225,43.069006],[145.011659,43.067818],[145.011413,43.066973],[145.010509,43.065751],[145.010871,43.064293],[145.012502,43.065502],[145.013679,43.065992],[145.012266,43.064004],[145.012303,43.063163],[145.013904,43.062458],[145.012504,43.062231],[145.011869,43.062059],[145.011359,43.060815],[145.013816,43.059398],[145.01468,43.059396],[145.014639,43.0591],[145.016483,43.058722],[145.017795,43.057288],[145.019447,43.055854],[145.019712,43.054393],[145.019452,43.051933],[145.018658,43.049828],[145.017735,43.047901],[145.017669,43.047569],[145.017862,43.046838],[145.018189,43.046586],[145.018784,43.046385],[145.01962,43.046843],[145.019964,43.047884],[145.02055,43.049419],[145.022155,43.051503],[145.023351,43.051116],[145.023099,43.048949],[145.024297,43.047972],[145.025953,43.048013],[145.026488,43.0471],[145.026164,43.04682],[145.027114,43.045524],[145.027582,43.046118],[145.030035,43.045612],[145.029292,43.045226],[145.027701,43.044603],[145.027186,43.044159],[145.026041,43.042233],[145.026674,43.042413],[145.027089,43.04134],[145.025905,43.040579],[145.024838,43.040738],[145.023053,43.040457],[145.022532,43.039836],[145.023783,43.038197],[145.024512,43.037652],[145.024199,43.036894],[145.024724,43.036888],[145.025995,43.036717],[145.024384,43.036191],[145.025533,43.035031],[145.026615,43.034846],[145.02761,43.034594],[145.028809,43.033958],[145.029681,43.033626],[145.032049,43.033344],[145.032127,43.033127],[145.029884,43.032718],[145.030611,43.031874],[145.030844,43.030508],[145.0319,43.030246],[145.032943,43.030531],[145.033092,43.030313],[145.032684,43.02998],[145.032715,43.029887],[145.033551,43.029947],[145.033999,43.029906],[145.034033,43.029825],[145.034233,43.029727],[145.034393,43.029579],[145.034405,43.029499],[145.034768,43.029366],[145.035041,43.029346],[145.035377,43.029494],[145.035475,43.029473],[145.035705,43.029544],[145.035819,43.029653],[145.035916,43.029641],[145.03619,43.029749],[145.036267,43.029887],[145.036382,43.029944],[145.036881,43.030084],[145.03782,43.030542],[145.037662,43.030993],[145.036216,43.031217],[145.036322,43.031353],[145.035097,43.032026],[145.034211,43.032447],[145.035246,43.032899],[145.037517,43.033455],[145.038067,43.033992],[145.039975,43.03457],[145.040992,43.034032],[145.041489,43.033869],[145.041037,43.032918],[145.041966,43.032757],[145.042245,43.032661],[145.04167,43.031996],[145.041398,43.031578],[145.041464,43.031389],[145.041016,43.031324],[145.040935,43.0312],[145.042641,43.03138],[145.04318,43.031536],[145.044004,43.031599],[145.045813,43.033346],[145.046283,43.033509],[145.046453,43.033523],[145.048248,43.03301],[145.048693,43.032985],[145.049061,43.033171],[145.049197,43.033349],[145.049316,43.033315],[145.049332,43.033606],[145.049254,43.033954],[145.049135,43.033944],[145.049031,43.034253],[145.048879,43.034382],[145.04818,43.034567],[145.047968,43.034892],[145.048604,43.035311],[145.048719,43.035431],[145.049274,43.036049],[145.04937,43.036224],[145.049384,43.036409],[145.04944,43.036412],[145.049433,43.036449],[145.048012,43.036802],[145.046856,43.03739],[145.047667,43.037792],[145.047914,43.037841],[145.048985,43.037569],[145.050263,43.037851],[145.051016,43.038322],[145.051174,43.038501],[145.051277,43.038828],[145.051583,43.039285],[145.051583,43.039351],[145.051801,43.039447],[145.052475,43.039952],[145.053343,43.040462],[145.053442,43.040602],[145.053367,43.04074],[145.0557,43.042268],[145.057351,43.040672],[145.057955,43.040569],[145.059208,43.039792],[145.059898,43.040122],[145.059715,43.04023],[145.060668,43.040335],[145.060947,43.04064],[145.0621,43.040795],[145.062834,43.041267],[145.064936,43.041344],[145.067742,43.042698],[145.069129,43.043148],[145.070098,43.042858],[145.070904,43.043421],[145.071021,43.04332],[145.071516,43.043114],[145.071718,43.043464],[145.072959,43.043312],[145.074395,43.043649],[145.075669,43.043338],[145.076335,43.043649],[145.07708,43.043908],[145.078113,43.043376],[145.078673,43.043457],[145.07914,43.04339],[145.079788,43.043488],[145.080102,43.043443],[145.080957,43.044235],[145.081096,43.044653],[145.08174,43.044754],[145.081878,43.045231],[145.082551,43.045388],[145.083245,43.045358],[145.084131,43.045863],[145.085386,43.045191],[145.085797,43.045653],[145.085823,43.046295],[145.086087,43.046407],[145.086137,43.04668],[145.086353,43.04677],[145.086612,43.047219],[145.087239,43.047891],[145.087512,43.049239],[145.087191,43.049272],[145.086957,43.050142],[145.086802,43.051077],[145.086405,43.051094],[145.086336,43.05119],[145.084461,43.05078],[145.084237,43.050717],[145.08406,43.0506],[145.083765,43.050553],[145.083734,43.050336],[145.083779,43.050376],[145.083771,43.050306],[145.083386,43.04968],[145.083146,43.049443],[145.083171,43.04941],[145.083034,43.04933],[145.08218,43.048247],[145.082364,43.048052],[145.082163,43.047578],[145.081852,43.047621],[145.08184,43.047043],[145.082083,43.0469],[145.082045,43.046809],[145.082078,43.046624],[145.08205,43.046277],[145.082109,43.04631],[145.082095,43.046197],[145.081984,43.046076],[145.081588,43.045834],[145.081334,43.045717],[145.081021,43.04566],[145.079133,43.045879],[145.079126,43.045926],[145.077953,43.046034],[145.074093,43.04589],[145.070282,43.045545],[145.069589,43.04562],[145.069163,43.045748],[145.068837,43.045943],[145.068758,43.045887],[145.068252,43.046034],[145.066417,43.046698],[145.06567,43.046766],[145.064003,43.046529],[145.063303,43.046291],[145.063036,43.047931],[145.058346,43.047828],[145.05869,43.046774],[145.056587,43.047449],[145.055999,43.047211],[145.054445,43.046825],[145.053282,43.046074],[145.05196,43.045662],[145.050973,43.04581],[145.049457,43.045536],[145.047738,43.046366],[145.045495,43.050701],[145.046765,43.051541],[145.047597,43.053028],[145.047659,43.053571],[145.047348,43.054675],[145.047225,43.056703],[145.047554,43.057857],[145.047829,43.058542],[145.047676,43.059516],[145.055514,43.059182],[145.053704,43.061627],[145.054602,43.062144],[145.054643,43.062251],[145.053655,43.062294],[145.052952,43.062546],[145.052713,43.062492],[145.051802,43.062518],[145.051742,43.062723],[145.051506,43.062835],[145.050892,43.062775],[145.050655,43.062826],[145.050397,43.063099],[145.049789,43.063367],[145.049031,43.063575],[145.04891,43.063528],[145.048676,43.063571],[145.048593,43.063685],[145.048221,43.063851],[145.047852,43.06381],[145.047173,43.064198],[145.047087,43.064875],[145.046824,43.065059],[145.046694,43.065277],[145.046498,43.065287],[145.046356,43.065353],[145.046383,43.065673],[145.046589,43.065808],[145.046697,43.06577],[145.046832,43.066111],[145.046837,43.066376],[145.047178,43.066537],[145.047386,43.066782],[145.047646,43.066856],[145.047813,43.067007],[145.047855,43.067258],[145.047715,43.067308],[145.04771,43.067555],[145.047471,43.067838],[145.04755,43.067879],[145.047561,43.067997],[145.047785,43.067949],[145.048062,43.068054],[145.048262,43.068036],[145.048318,43.068097],[145.048332,43.068496],[145.048448,43.068615],[145.048486,43.068827],[145.048275,43.069006],[145.048559,43.069158],[145.048582,43.069269],[145.048804,43.069278],[145.048878,43.069349],[145.048829,43.06952],[145.048881,43.069592],[145.048246,43.069733],[145.048138,43.069815],[145.047714,43.069911],[145.047519,43.070059],[145.047146,43.070222],[145.046744,43.070561],[145.046519,43.07066],[145.046481,43.070951],[145.045999,43.071155],[145.04575,43.071343],[145.04561,43.07153],[145.045297,43.071523],[145.045012,43.071616],[145.044539,43.071639],[145.044282,43.071851],[145.043825,43.071946],[145.043247,43.072487],[145.042315,43.072805],[145.039811,43.073992],[145.040008,43.074604],[145.042522,43.075165],[145.045219,43.073325],[145.051631,43.075636],[145.055313,43.076905],[145.058703,43.079518],[145.059785,43.080667],[145.068667,43.081692],[145.069026,43.08169],[145.068719,43.081847],[145.067626,43.082165],[145.067154,43.082633],[145.066949,43.082738],[145.067076,43.082987],[145.066418,43.083873],[145.066505,43.084587],[145.066385,43.085361],[145.066153,43.086342],[145.065735,43.086959],[145.065534,43.087762],[145.065801,43.087927],[145.065699,43.088186],[145.065824,43.088622],[145.065502,43.089612],[145.065501,43.089853],[145.06571,43.090154],[145.065546,43.090744],[145.065731,43.091166],[145.065424,43.091651],[145.065544,43.092048],[145.065866,43.092238],[145.065863,43.092909],[145.065793,43.093108],[145.065825,43.093453],[145.065986,43.093594],[145.066117,43.09398],[145.066781,43.094623],[145.066887,43.094909],[145.066727,43.095239],[145.066736,43.095431],[145.066639,43.095602],[145.066648,43.095675],[145.066906,43.09561],[145.067373,43.096148],[145.067394,43.096526],[145.067187,43.096651],[145.0672,43.096703],[145.067345,43.096739],[145.06759,43.097344],[145.067497,43.097478],[145.067916,43.097757],[145.0679,43.097881],[145.067351,43.098049],[145.066485,43.098416],[145.066206,43.098768],[145.065505,43.098832],[145.063391,43.101502],[145.079259,43.10654],[145.077712,43.109255],[145.075686,43.114556],[145.078308,43.114689],[145.077343,43.11601],[145.078147,43.117069],[145.079992,43.117601],[145.080682,43.118122],[145.081544,43.117754],[145.080636,43.11668],[145.08192,43.115601],[145.0831,43.114992],[145.085291,43.114838],[145.08618,43.113902],[145.088151,43.114715],[145.089672,43.116379],[145.090566,43.116447],[145.090183,43.115552],[145.090692,43.115892],[145.090863,43.11586],[145.090986,43.115921],[145.091043,43.116113],[145.091339,43.116247],[145.091392,43.116426],[145.0917,43.116588],[145.092157,43.117193],[145.092138,43.117327],[145.092729,43.117663],[145.09277,43.117832],[145.09334,43.118257],[145.093375,43.1184],[145.094127,43.119099],[145.094202,43.119252],[145.093945,43.119901],[145.092776,43.119963],[145.091473,43.120466],[145.091136,43.120778],[145.091099,43.120969],[145.092056,43.121494],[145.092697,43.121537],[145.092674,43.121404],[145.093178,43.121196],[145.09352,43.121173],[145.09356,43.121095],[145.093508,43.121006],[145.095281,43.121597],[145.098241,43.122247],[145.09907,43.122634],[145.099893,43.122663],[145.100974,43.122359],[145.101319,43.122059],[145.102155,43.121812],[145.102942,43.121657],[145.103726,43.121831],[145.104365,43.122493],[145.105269,43.123589],[145.105334,43.12469],[145.105097,43.124818],[145.105193,43.124911],[145.105302,43.124907],[145.105669,43.125087],[145.105924,43.124808],[145.1071,43.123819],[145.108179,43.12394],[145.108333,43.123792],[145.108832,43.123901],[145.109222,43.124474],[145.110997,43.125297],[145.111213,43.125236],[145.111539,43.125514],[145.111439,43.125644],[145.111885,43.125925],[145.111789,43.125976],[145.112289,43.126146],[145.113018,43.126734],[145.113367,43.126463],[145.113562,43.126682],[145.113125,43.126967],[145.112468,43.12807],[145.11203,43.12845],[145.111469,43.128729],[145.111037,43.128762],[145.110614,43.129169],[145.110426,43.129271],[145.1101,43.129247],[145.109674,43.129337],[145.109546,43.12951],[145.109589,43.129622],[145.109321,43.129724],[145.10896,43.129777],[145.108935,43.129723],[145.107027,43.130004],[145.106806,43.13044],[145.10701,43.130788],[145.10748,43.131048],[145.107601,43.131006],[145.10787,43.131333],[145.105554,43.13053],[145.104877,43.131561],[145.104401,43.131252],[145.103359,43.130983],[145.10017,43.130439],[145.100191,43.13031],[145.101273,43.12977],[145.104697,43.126248],[145.104559,43.126355],[145.104237,43.126418],[145.103424,43.126353],[145.102502,43.125992],[145.099637,43.125626],[145.09795,43.125533],[145.097813,43.125497],[145.097696,43.125364],[145.097667,43.125155],[145.097416,43.124932],[145.096875,43.124695],[145.095505,43.124327],[145.095344,43.124349],[145.094684,43.124731],[145.094379,43.124849],[145.094016,43.124836],[145.093502,43.124611],[145.092974,43.124539],[145.092033,43.124779],[145.091351,43.124885],[145.091173,43.1248],[145.090663,43.12474],[145.089458,43.124698],[145.088921,43.124479],[145.088786,43.124315],[145.088702,43.123984],[145.088745,43.123801],[145.088912,43.123643],[145.089236,43.123101],[145.089134,43.122934],[145.088674,43.122769],[145.088557,43.122656],[145.088556,43.122498],[145.088973,43.12183],[145.088988,43.121511],[145.089068,43.121409],[145.090642,43.120522],[145.090888,43.120315],[145.090943,43.120181],[145.090915,43.12004],[145.090434,43.119429],[145.090428,43.119326],[145.090304,43.119162],[145.090187,43.119103],[145.089994,43.118872],[145.089308,43.118368],[145.088789,43.118254],[145.087113,43.118392],[145.086778,43.118355],[145.086177,43.118173],[145.086151,43.118101],[145.086443,43.117803],[145.086523,43.117165],[145.08679,43.11679],[145.08678,43.116706],[145.086621,43.116527],[145.086279,43.116316],[145.086181,43.116178],[145.085483,43.115945],[145.085204,43.115969],[145.084618,43.116267],[145.084059,43.116976],[145.083986,43.117264],[145.083383,43.118079],[145.08334,43.118254],[145.083159,43.11842],[145.082684,43.119104],[145.082422,43.1192],[145.082365,43.119316],[145.082382,43.119416],[145.082499,43.119528],[145.083465,43.119933],[145.0836,43.120113],[145.083352,43.121148],[145.083416,43.121442],[145.083306,43.121768],[145.082686,43.122074],[145.08203,43.122198],[145.081627,43.122363],[145.081148,43.12271],[145.080741,43.122812],[145.079533,43.123291],[145.079332,43.123487],[145.079192,43.12371],[145.079198,43.124035],[145.079414,43.124656],[145.079416,43.124776],[145.079168,43.125089],[145.078825,43.125676],[145.078819,43.125966],[145.078645,43.126139],[145.078319,43.126794],[145.078231,43.126879],[145.076664,43.127367],[145.076438,43.127509],[145.076259,43.127713],[145.075849,43.128364],[145.075741,43.128394],[145.073054,43.127207],[145.072799,43.127153],[145.072158,43.127214],[145.071868,43.127198],[145.071643,43.127101],[145.070992,43.126677],[145.070397,43.126609],[145.069578,43.126363],[145.068616,43.125614],[145.068413,43.125356],[145.068212,43.124866],[145.068151,43.124524],[145.068221,43.123932],[145.068046,43.123616],[145.067896,43.123451],[145.067631,43.123335],[145.066466,43.123094],[145.065784,43.123099],[145.06519,43.12336],[145.064821,43.123294],[145.064627,43.123194],[145.064341,43.122853],[145.063904,43.122602],[145.062944,43.121751],[145.062174,43.121437],[145.061816,43.121151],[145.061441,43.121185],[145.061131,43.121392],[145.060995,43.121399],[145.060306,43.121154],[145.059822,43.120712],[145.059515,43.120508],[145.059198,43.120043],[145.059094,43.119795],[145.058343,43.119007],[145.059223,43.11872],[145.059379,43.118606],[145.059681,43.118236],[145.059838,43.118142],[145.06038,43.117955],[145.060901,43.117653],[145.061364,43.117512],[145.061999,43.116908],[145.062093,43.116653],[145.062072,43.116554],[145.06177,43.115892],[145.061572,43.115044],[145.061291,43.114544],[145.061328,43.11432],[145.061661,43.114023],[145.062036,43.11383],[145.063406,43.113518],[145.063619,43.113512],[145.063848,43.112851],[145.064113,43.111787],[145.064097,43.111529],[145.063914,43.111303],[145.063037,43.110716],[145.062891,43.110566],[145.06273,43.110286],[145.062692,43.110081],[145.062972,43.108542],[145.061794,43.105948],[145.061321,43.105173],[145.061299,43.105055],[145.061369,43.104361],[145.061659,43.103817],[145.061676,43.103548],[145.061525,43.103064],[145.060869,43.102531],[145.059313,43.100621],[145.058059,43.099249],[145.057258,43.09863],[145.055159,43.09744],[145.054524,43.096778],[145.054287,43.096601],[145.054104,43.096189],[145.055043,43.09573],[145.056166,43.094688],[145.056605,43.094135],[145.056876,43.093389],[145.056984,43.093256],[145.057146,43.092468],[145.057946,43.090918],[145.058768,43.089697],[145.058046,43.089383],[145.056878,43.089098],[145.05596,43.088414],[145.055552,43.08759],[145.056049,43.087346],[145.056303,43.087304],[145.056411,43.08711],[145.056343,43.086862],[145.056637,43.086516],[145.057227,43.086115],[145.057517,43.085555],[145.058079,43.08518],[145.058167,43.085236],[145.058263,43.085231],[145.058645,43.085008],[145.058906,43.085032],[145.05912,43.084904],[145.058058,43.084459],[145.057824,43.084429],[145.055005,43.083197],[145.054315,43.083398],[145.05354,43.082609],[145.053141,43.082354],[145.052468,43.082135],[145.051711,43.08226],[145.051277,43.082388],[145.050068,43.082516],[145.048627,43.082277],[145.049932,43.081059],[145.048628,43.080707],[145.048634,43.080567],[145.047665,43.08135],[145.046838,43.082358],[145.046603,43.083535],[145.046397,43.083698],[145.045645,43.08367],[145.044274,43.083479],[145.043923,43.083355],[145.04306,43.082906],[145.042549,43.082829],[145.04122,43.082994],[145.040295,43.083749],[145.039945,43.083778],[145.039425,43.084145],[145.038785,43.084141],[145.038062,43.084399],[145.037334,43.08452],[145.03723,43.084652],[145.036728,43.084948],[145.034842,43.085414],[145.034471,43.085685],[145.033789,43.086713],[145.033535,43.087022],[145.032896,43.087641],[145.032289,43.087744],[145.031923,43.087756],[145.030178,43.0875],[145.029508,43.08747],[145.029127,43.087522],[145.028482,43.088039],[145.027864,43.088299],[145.026805,43.088971],[145.025944,43.08931],[145.02507,43.089961],[145.024806,43.090105],[145.024206,43.089904],[145.023533,43.089583],[145.021737,43.088512],[145.021373,43.08835],[145.020934,43.087966],[145.020803,43.087635],[145.020763,43.086505],[145.019626,43.084624],[145.019617,43.084513],[145.019757,43.084021],[145.019088,43.083312],[145.018745,43.083078],[145.018368,43.082987],[145.017747,43.08338],[145.016648,43.083477],[145.015921,43.083472],[145.015262,43.08338],[145.014771,43.083394],[145.014453,43.083473],[145.014068,43.083674],[145.013563,43.084019],[145.013354,43.084085],[145.012824,43.084134],[145.012783,43.084808],[145.011616,43.086781],[145.011403,43.087996],[145.0114,43.08815],[145.011589,43.08845],[145.012605,43.089992],[145.013,43.090403],[145.013247,43.090799],[145.013435,43.091601],[145.013473,43.092075],[145.01328,43.092409],[145.013364,43.093362],[145.013004,43.093859],[145.01297,43.094259],[145.013106,43.094421],[145.012773,43.09448],[145.01248,43.094593],[145.011065,43.094576],[145.010169,43.094928],[145.008712,43.095334],[145.007907,43.095324],[145.006268,43.094876],[145.005484,43.094535],[145.004907,43.093785],[145.004357,43.093188],[145.003511,43.092608],[145.002866,43.092346],[145.002005,43.091564],[145.000694,43.091933],[144.999259,43.092036],[144.998278,43.091887],[144.997764,43.091684],[144.996692,43.091381],[144.996221,43.091314],[144.995672,43.090986],[144.99524,43.090907],[144.995167,43.090829],[144.995089,43.090567],[144.995086,43.090213],[144.995252,43.089479],[144.995562,43.088646],[144.995551,43.088258],[144.994638,43.087273],[144.994543,43.08724],[144.993479,43.087451],[144.993229,43.087444],[144.99247,43.087142],[144.991903,43.086991],[144.991055,43.08685],[144.990463,43.086917],[144.990633,43.086637],[144.991161,43.086056],[144.99093,43.085659],[144.990635,43.085307],[144.989719,43.084896],[144.989142,43.084894],[144.988485,43.085033],[144.988322,43.084985],[144.988083,43.084577],[144.98791,43.084363],[144.987772,43.084282],[144.987797,43.084191],[144.987333,43.084064],[144.987123,43.084067],[144.986516,43.083751],[144.985859,43.083828],[144.984943,43.084032],[144.984467,43.08406],[144.983302,43.083925],[144.982309,43.084083],[144.982089,43.084154],[144.981502,43.084563],[144.981086,43.084706],[144.980688,43.084752],[144.980191,43.084682],[144.979898,43.08457],[144.979453,43.084307],[144.979047,43.084353],[144.977514,43.084897],[144.977303,43.0849],[144.977142,43.084829],[144.97696,43.084639],[144.976557,43.083931],[144.976052,43.083582],[144.975888,43.083591],[144.975688,43.0838],[144.97523,43.084062],[144.974609,43.084293],[144.974421,43.084313],[144.974126,43.084264],[144.973345,43.084065],[144.972768,43.08408],[144.972133,43.084254],[144.972067,43.08439],[144.972059,43.084989],[144.971995,43.085085],[144.971707,43.085355],[144.97143,43.08554],[144.970461,43.085944],[144.970278,43.086107],[144.970143,43.086499],[144.970023,43.086623],[144.96923,43.086875],[144.968498,43.087184],[144.967697,43.087721],[144.96687,43.088098],[144.966353,43.088508],[144.965691,43.088813],[144.964212,43.089347],[144.963792,43.089643],[144.9634,43.090032],[144.962805,43.090441],[144.962667,43.090656],[144.962661,43.090895],[144.962787,43.091171],[144.962104,43.092566],[144.961588,43.093832],[144.96127,43.094398],[144.960752,43.095128],[144.960323,43.095156],[144.960221,43.09548],[144.960272,43.095635],[144.960094,43.095884],[144.959797,43.095908],[144.95992,43.096292],[144.959973,43.096333],[144.95995,43.096624],[144.959833,43.096651],[144.959778,43.09697],[144.95987,43.097016],[144.959912,43.097247],[144.958971,43.096671],[144.958969,43.096172],[144.959397,43.09391],[144.95971,43.093247],[144.960007,43.091926],[144.96117,43.090442],[144.961738,43.08946],[144.959458,43.089372],[144.958211,43.089396],[144.957111,43.089546],[144.956407,43.090727],[144.955261,43.091868],[144.954568,43.092944],[144.953743,43.093679],[144.953316,43.093929],[144.952082,43.094154],[144.950406,43.094121],[144.948288,43.094789],[144.947329,43.095654],[144.946567,43.096552],[144.946043,43.096875],[144.944662,43.097272],[144.943801,43.096984],[144.943092,43.096307],[144.942827,43.095701],[144.943614,43.095652],[144.945055,43.095324],[144.944399,43.094034],[144.942999,43.093534],[144.942168,43.093509],[144.94127,43.093372],[144.940605,43.092997],[144.940497,43.092416],[144.939807,43.092016],[144.938932,43.09214],[144.937425,43.094528],[144.937308,43.094938],[144.93659,43.095913],[144.936237,43.096762],[144.935386,43.097397],[144.934555,43.097638],[144.932845,43.096998],[144.932196,43.096614],[144.931014,43.097232],[144.929702,43.097645],[144.928878,43.097069],[144.928472,43.09651],[144.928353,43.09571],[144.928426,43.095053],[144.928923,43.094215],[144.929381,43.093828],[144.929814,43.093347],[144.930046,43.09269],[144.930179,43.091646],[144.930189,43.090804],[144.930627,43.090076],[144.930075,43.089564],[144.92944,43.087912],[144.929774,43.087093],[144.929571,43.086324],[144.929095,43.086134],[144.927578,43.085821],[144.926909,43.085753],[144.925703,43.085932],[144.925258,43.08661],[144.924591,43.088038],[144.923609,43.088597],[144.922957,43.089137],[144.921946,43.089573],[144.921442,43.089413],[144.920596,43.089782],[144.919852,43.089791],[144.91807,43.088783],[144.91702,43.088044],[144.915903,43.086987],[144.91509,43.086896],[144.913937,43.087269],[144.913561,43.087732],[144.913523,43.088645],[144.912838,43.089284],[144.91167,43.089753],[144.909268,43.089859],[144.907598,43.089368],[144.90702,43.089058],[144.905961,43.088711],[144.905286,43.088384],[144.904441,43.088368],[144.903542,43.088898],[144.903083,43.088623],[144.900796,43.087513],[144.899818,43.087165],[144.899188,43.087514],[144.898519,43.088202],[144.898116,43.088539],[144.897668,43.089401],[144.897814,43.090379],[144.897464,43.090888],[144.89652,43.091115],[144.895204,43.091069],[144.895197,43.091249],[144.893687,43.091364],[144.892861,43.092136],[144.892287,43.092544],[144.890485,43.093353],[144.891025,43.092963],[144.892056,43.092332],[144.892348,43.091657],[144.891347,43.09123],[144.891034,43.091038],[144.890918,43.090661],[144.890827,43.090558],[144.890151,43.090148],[144.88997,43.089632],[144.889855,43.089456],[144.88947,43.089125],[144.889442,43.088639],[144.889223,43.088188],[144.889216,43.087109],[144.889169,43.08679],[144.888689,43.086317],[144.888785,43.086012],[144.888667,43.085686],[144.888441,43.0855],[144.887845,43.085172],[144.887643,43.084863],[144.887344,43.084659],[144.886427,43.084323],[144.886155,43.084145],[144.886064,43.084042],[144.886009,43.083851],[144.885898,43.083772],[144.884407,43.083036],[144.88426,43.08292],[144.88381,43.081985],[144.883806,43.081824],[144.883974,43.081538],[144.885077,43.080248],[144.88543,43.079686],[144.885541,43.079311],[144.885375,43.078845],[144.885247,43.078182],[144.885549,43.077645],[144.885649,43.07699],[144.885624,43.076716],[144.885422,43.076345],[144.885362,43.076044],[144.885178,43.075821],[144.885175,43.075603],[144.885205,43.0754],[144.885497,43.074847],[144.885521,43.074719],[144.885414,43.074554],[144.885159,43.074318],[144.885193,43.073954],[144.88508,43.073737],[144.886763,43.073742],[144.887509,43.074027],[144.88804,43.074147],[144.888398,43.074129],[144.888799,43.073954],[144.888976,43.073931],[144.889508,43.07412],[144.889755,43.074092],[144.89032,43.073786],[144.890895,43.073559],[144.891436,43.072737],[144.891481,43.072596],[144.891487,43.072194],[144.891567,43.072085],[144.89169,43.072065],[144.892257,43.07216],[144.893944,43.072647],[144.895592,43.073716],[144.896079,43.073604],[144.896896,43.073631],[144.897167,43.073671],[144.897391,43.073771],[144.89768,43.074028],[144.89803,43.074137],[144.898354,43.074167],[144.898949,43.074105],[144.900146,43.073717],[144.900629,43.073444],[144.900903,43.073191],[144.901416,43.072463],[144.901646,43.071977],[144.901779,43.071842],[144.902027,43.071763],[144.90239,43.071727],[144.902582,43.071761],[144.903118,43.071662],[144.903216,43.07157],[144.902984,43.070885],[144.902924,43.070527],[144.902977,43.07019],[144.903417,43.069886],[144.904226,43.069529],[144.904742,43.069397],[144.905579,43.0694],[144.90627,43.069165],[144.906623,43.069171],[144.907256,43.068848],[144.907822,43.068679],[144.908859,43.068582],[144.909421,43.0687],[144.909816,43.068921],[144.910015,43.069144],[144.910187,43.069465],[144.910294,43.070147],[144.910365,43.070212],[144.911057,43.070436],[144.911753,43.0705],[144.913667,43.070282],[144.914476,43.07031],[144.91506,43.070099],[144.915397,43.069847],[144.91527,43.069379],[144.915254,43.068995],[144.915306,43.068912],[144.915483,43.068825],[144.916566,43.068594],[144.918824,43.067613],[144.919401,43.067535],[144.919803,43.067428],[144.921099,43.066832],[144.92117,43.066839],[144.921573,43.067324],[144.921834,43.067473],[144.922069,43.067538],[144.922791,43.067554],[144.924758,43.067712],[144.925004,43.067805],[144.925441,43.068115],[144.925902,43.068302],[144.926458,43.068432],[144.926954,43.068394],[144.927015,43.068306],[144.927756,43.067869],[144.928834,43.0669],[144.929268,43.066602],[144.929453,43.066724],[144.92921,43.067195],[144.929478,43.067072],[144.930127,43.06656],[144.930477,43.06658],[144.931453,43.066882],[144.933102,43.066643],[144.9333,43.066508],[144.933452,43.06631],[144.933648,43.065815],[144.934273,43.064938],[144.934684,43.064606],[144.934841,43.064544],[144.935207,43.064577],[144.936089,43.064929],[144.936326,43.065154],[144.936751,43.065786],[144.936934,43.065953],[144.937443,43.066238],[144.937694,43.066566],[144.937944,43.066979],[144.938001,43.067265],[144.938389,43.068136],[144.938791,43.068745],[144.939244,43.069081],[144.939847,43.069361],[144.940115,43.069604],[144.940326,43.069589],[144.940616,43.069506],[144.941193,43.069102],[144.941648,43.068079],[144.942295,43.067687],[144.943286,43.067184],[144.943777,43.066795],[144.94395,43.066717],[144.945488,43.066557],[144.946485,43.06659],[144.946849,43.06713],[144.94689,43.06745],[144.94703,43.067469],[144.946919,43.066726],[144.946918,43.066378],[144.947003,43.066013],[144.947297,43.065709],[144.947714,43.06549],[144.949861,43.064868],[144.95011,43.064888],[144.950603,43.065207],[144.950974,43.065376],[144.951341,43.065363],[144.951811,43.065197],[144.951946,43.065084],[144.951957,43.064919],[144.951905,43.064798],[144.951642,43.064653],[144.951068,43.06451],[144.950899,43.064371],[144.950863,43.064217],[144.951712,43.063439],[144.952321,43.06296],[144.952809,43.062703],[144.953656,43.062386],[144.95402,43.062133],[144.955065,43.060855],[144.955214,43.060754],[144.955339,43.060744],[144.955618,43.060821],[144.956368,43.061188],[144.957174,43.061795],[144.957393,43.061775],[144.957966,43.061558],[144.958406,43.061363],[144.958738,43.061099],[144.959522,43.059612],[144.959831,43.058486],[144.959989,43.058402],[144.961915,43.057903],[144.96321,43.05742],[144.964655,43.056379],[144.964773,43.05634],[144.965216,43.056379],[144.966053,43.056633],[144.966141,43.056503],[144.966175,43.056338],[144.966149,43.056075],[144.966042,43.055943],[144.965903,43.055879],[144.965469,43.055771],[144.965132,43.055454],[144.965095,43.055363],[144.965181,43.055062],[144.965073,43.054933],[144.964827,43.054856],[144.964698,43.054885],[144.964511,43.055305],[144.96414,43.055652],[144.963987,43.055675],[144.96358,43.055554],[144.963209,43.055209],[144.962841,43.055138],[144.962903,43.055037],[144.963191,43.055092],[144.963193,43.054983],[144.962618,43.05488],[144.961882,43.054511],[144.961637,43.054325],[144.962745,43.054705],[144.962928,43.053502],[144.961123,43.052789],[144.96145,43.052373],[144.961822,43.051628],[144.962239,43.050996],[144.964363,43.050418],[144.964816,43.05024],[144.965605,43.050556],[144.966699,43.050758],[144.966936,43.05169],[144.966841,43.052555],[144.966498,43.053805],[144.967197,43.054342],[144.968052,43.053887],[144.968808,43.053366],[144.968273,43.052688],[144.968081,43.052018],[144.968445,43.051597],[144.968651,43.05083],[144.969023,43.050497],[144.969173,43.050197],[144.96861,43.049191],[144.968283,43.047882],[144.967995,43.046185],[144.969428,43.045867],[144.969634,43.046762],[144.96975,43.046971],[144.970578,43.045603],[144.970984,43.043297],[144.970902,43.042418],[144.970095,43.040439],[144.969822,43.040493],[144.969223,43.039466],[144.968914,43.038696],[144.969013,43.038127],[144.968492,43.037383],[144.966622,43.036079],[144.965844,43.035389],[144.965358,43.034374],[144.968982,43.034521],[144.968032,43.033966],[144.968019,43.032876],[144.96771,43.03185],[144.967823,43.031681],[144.964715,43.032164],[144.962726,43.032416],[144.961423,43.032455],[144.957673,43.036873],[144.959217,43.036997],[144.958927,43.039086],[144.95931,43.039667],[144.959511,43.041841],[144.959825,43.042932],[144.959484,43.043999],[144.959465,43.045076],[144.958393,43.045896],[144.957259,43.045553],[144.956534,43.045548],[144.956253,43.045889],[144.955513,43.046236],[144.954493,43.045919],[144.953733,43.045189],[144.952922,43.045411],[144.952106,43.045164],[144.950208,43.045371],[144.948677,43.044992],[144.947934,43.044443],[144.946905,43.044013],[144.945828,43.042008],[144.943537,43.039411],[144.942023,43.037817],[144.941015,43.037093],[144.940995,43.03653],[144.940841,43.036791],[144.940695,43.037299],[144.940695,43.037462],[144.941061,43.037841],[144.941082,43.03806],[144.941017,43.038267],[144.941194,43.038457],[144.941258,43.038755],[144.941198,43.038798],[144.940889,43.038767],[144.940827,43.038799],[144.94078,43.03915],[144.940955,43.039367],[144.940977,43.039755],[144.940831,43.039907],[144.940802,43.040065],[144.940633,43.040386],[144.940296,43.040729],[144.940242,43.040933],[144.940649,43.041173],[144.941755,43.041629],[144.941937,43.041894],[144.942918,43.04267],[144.943523,43.043363],[144.94373,43.043902],[144.944106,43.044492],[144.944151,43.044689],[144.944136,43.045831],[144.944189,43.045944],[144.944366,43.046141],[144.944619,43.046225],[144.945223,43.046251],[144.945298,43.046411],[144.944213,43.046287],[144.943998,43.046157],[144.943891,43.045719],[144.943791,43.044678],[144.943684,43.044402],[144.943469,43.044206],[144.943186,43.044093],[144.942956,43.044093],[144.942496,43.044262],[144.942327,43.044408],[144.941887,43.045025],[144.941521,43.045215],[144.941339,43.045509],[144.941223,43.046354],[144.940984,43.046974],[144.940838,43.047087],[144.940234,43.047305],[144.940123,43.047408],[144.939981,43.047789],[144.939682,43.048205],[144.939556,43.048588],[144.939406,43.048852],[144.939243,43.049068],[144.938923,43.049297],[144.938892,43.049448],[144.938946,43.049786],[144.938805,43.050117],[144.938885,43.051249],[144.938301,43.051894],[144.938164,43.051969],[144.937996,43.051991],[144.936991,43.052036],[144.936501,43.052233],[144.936386,43.052346],[144.936069,43.052883],[144.935711,43.053156],[144.935697,43.053247],[144.935796,43.053559],[144.93575,43.053718],[144.933814,43.054871],[144.933189,43.055057],[144.929357,43.055918],[144.928744,43.056179],[144.928314,43.056491],[144.927889,43.057001],[144.926666,43.05787],[144.925553,43.058941],[144.924426,43.059716],[144.923929,43.060194],[144.922971,43.060817],[144.922295,43.061408],[144.921827,43.061717],[144.921103,43.062373],[144.920221,43.062976],[144.919301,43.063391],[144.918673,43.063832],[144.917836,43.064147],[144.917122,43.064513],[144.91491,43.065435],[144.910898,43.066893],[144.907694,43.06777],[144.902712,43.068783],[144.901156,43.069165],[144.898664,43.069564],[144.897929,43.069559],[144.897154,43.069649],[144.895866,43.069637],[144.894886,43.069727],[144.894142,43.069868],[144.892946,43.069947],[144.892402,43.069958],[144.890202,43.069789],[144.889029,43.069795],[144.886331,43.069496],[144.884737,43.069243],[144.883595,43.068996],[144.883538,43.068919],[144.883414,43.068892],[144.883353,43.068757],[144.883258,43.068722],[144.88307,43.068765],[144.883032,43.068862],[144.882776,43.069039],[144.881188,43.069564],[144.879885,43.069834],[144.879479,43.069851],[144.878019,43.070252],[144.877041,43.070452],[144.876588,43.070486],[144.87596,43.070447],[144.875584,43.070599],[144.875282,43.070823],[144.874037,43.071538],[144.873448,43.071734],[144.872733,43.071859],[144.872373,43.071988],[144.871262,43.07221],[144.87103,43.0722],[144.871028,43.07213],[144.869943,43.07205],[144.869138,43.072247],[144.868648,43.072461],[144.867574,43.072432],[144.867299,43.072522],[144.866999,43.072528],[144.865988,43.072393],[144.865773,43.072331],[144.865401,43.072117],[144.865229,43.072124],[144.865213,43.072038],[144.864979,43.071929],[144.864854,43.071976],[144.864768,43.071906],[144.864502,43.071906],[144.864369,43.071788],[144.86419,43.071773],[144.854027,43.075703],[144.854116,43.079552],[144.853789,43.079601],[144.854004,43.081657],[144.854138,43.082554],[144.854346,43.084777],[144.854594,43.085838],[144.855274,43.087336],[144.857147,43.090089],[144.858121,43.091169],[144.859166,43.092595],[144.860163,43.093767],[144.861236,43.094633],[144.861907,43.095093],[144.863303,43.095801],[144.865378,43.097029],[144.866365,43.09753],[144.86743,43.097938],[144.868556,43.098245],[144.869726,43.098446],[144.87092,43.098539],[144.87216,43.09852],[144.884606,43.097737],[144.885683,43.097698],[144.88694,43.097723],[144.888668,43.097884],[144.907276,43.100418],[144.902374,43.101668],[144.901872,43.10174],[144.900991,43.101729],[144.900734,43.101783],[144.90045,43.101957],[144.899626,43.102088],[144.898828,43.10241],[144.898298,43.102881],[144.898245,43.102813],[144.895821,43.105836],[144.895506,43.106151],[144.894731,43.106694],[144.893958,43.107009],[144.894109,43.107762],[144.893764,43.108397],[144.893486,43.109482],[144.892692,43.111307],[144.892396,43.111589],[144.892256,43.112002],[144.891783,43.112724],[144.891438,43.113768],[144.89145,43.113963],[144.891889,43.114243],[144.892353,43.114008],[144.892717,43.114191],[144.893409,43.114037],[144.893729,43.114239],[144.893724,43.114371],[144.89306,43.11477],[144.892779,43.114792],[144.892464,43.114882],[144.892017,43.115175],[144.891698,43.115508],[144.891643,43.115732],[144.891743,43.115994],[144.891973,43.116211],[144.892418,43.116351],[144.892196,43.116732],[144.892197,43.117922],[144.892335,43.118227],[144.892711,43.118502],[144.893324,43.118619],[144.893258,43.118653],[144.893018,43.119385],[144.891578,43.119884],[144.891202,43.119819],[144.89066,43.119632],[144.890586,43.119371],[144.890367,43.119117],[144.890078,43.118926],[144.890013,43.118833],[144.890141,43.118225],[144.889874,43.117899],[144.890012,43.11766],[144.890012,43.117469],[144.88986,43.117227],[144.889627,43.117101],[144.888966,43.117038],[144.888454,43.117178],[144.888298,43.116977],[144.887738,43.116645],[144.887319,43.116531],[144.886418,43.116454],[144.885723,43.116423],[144.883948,43.11664],[144.883502,43.116797],[144.883178,43.117112],[144.883115,43.117216],[144.883128,43.117348],[144.883318,43.117648],[144.884096,43.119248],[144.88427,43.119485],[144.885171,43.119752],[144.885171,43.119823],[144.885071,43.119911],[144.884748,43.120079],[144.884628,43.120272],[144.88471,43.120523],[144.885228,43.121056],[144.885193,43.121191],[144.884821,43.121659],[144.884442,43.12162],[144.884186,43.12145],[144.883732,43.121412],[144.883267,43.121527],[144.883084,43.121645],[144.88275,43.121978],[144.882493,43.122025],[144.882019,43.121906],[144.881879,43.121783],[144.881902,43.121631],[144.882108,43.121319],[144.881998,43.121146],[144.881779,43.121133],[144.881382,43.121397],[144.880627,43.122062],[144.880199,43.12273],[144.879398,43.124128],[144.879018,43.12526],[144.877615,43.126071],[144.877321,43.126117],[144.876462,43.126122],[144.875626,43.126566],[144.87483,43.127243],[144.874526,43.12759],[144.874236,43.128064],[144.874284,43.128876],[144.874248,43.128925],[144.874011,43.129049],[144.873876,43.129064],[144.873482,43.128979],[144.873342,43.129021],[144.873264,43.129107],[144.873066,43.129616],[144.872975,43.129693],[144.87231,43.129598],[144.872058,43.12925],[144.871848,43.129208],[144.870981,43.129401],[144.870209,43.129473],[144.869415,43.129917],[144.869225,43.129959],[144.868224,43.129903],[144.86739,43.130227],[144.866631,43.130051],[144.866122,43.13007],[144.865964,43.130139],[144.865283,43.130748],[144.865194,43.13087],[144.865103,43.131199],[144.864754,43.13148],[144.864754,43.131535],[144.864607,43.131563],[144.864118,43.13138],[144.863374,43.131272],[144.86284,43.131295],[144.861944,43.131588],[144.861422,43.131525],[144.860632,43.131351],[144.860042,43.131299],[144.859714,43.13119],[144.859336,43.131141],[144.858849,43.131301],[144.857974,43.131939],[144.857771,43.132154],[144.857571,43.132745],[144.857667,43.133825],[144.857739,43.134139],[144.858121,43.134652],[144.858916,43.13482],[144.859019,43.134946],[144.858968,43.135674],[144.858884,43.135793],[144.858261,43.136003],[144.858058,43.136174],[144.857498,43.136388],[144.856829,43.135678],[144.85653,43.135159],[144.855123,43.134571],[144.855043,43.134413],[144.854714,43.134472],[144.854201,43.134352],[144.85392,43.134151],[144.853929,43.134042],[144.853289,43.133943],[144.852444,43.1356],[144.851944,43.136436],[144.850654,43.136629],[144.848574,43.13706],[144.848302,43.137555],[144.848565,43.138207],[144.847648,43.138519],[144.845856,43.137678],[144.844818,43.138104],[144.843233,43.139426],[144.841913,43.140913],[144.842024,43.141275],[144.837646,43.141803],[144.836712,43.145049],[144.83559,43.145886],[144.835178,43.145721],[144.831536,43.146646],[144.831117,43.147071],[144.831183,43.147216],[144.829225,43.148751],[144.829301,43.148782],[144.823738,43.152942],[144.824056,43.153092],[144.818088,43.154459],[144.814815,43.15439],[144.812128,43.156279],[144.811947,43.156114],[144.810993,43.156169],[144.810138,43.156794],[144.809817,43.158038],[144.808809,43.158097],[144.807606,43.158283],[144.807324,43.15841],[144.805886,43.158471],[144.801182,43.163148],[144.799125,43.164211],[144.795478,43.167176],[144.795306,43.167189],[144.794947,43.167391],[144.793855,43.16743],[144.793712,43.167591],[144.793592,43.167629],[144.793204,43.167529],[144.792943,43.167657],[144.792824,43.167785],[144.792717,43.167807],[144.792462,43.167749],[144.792343,43.167534],[144.792091,43.167399],[144.790967,43.167396],[144.789978,43.167111],[144.789727,43.167129],[144.789604,43.166977],[144.789527,43.166949],[144.788914,43.166971],[144.788614,43.167146],[144.787931,43.167],[144.787516,43.167106],[144.786926,43.167099],[144.786631,43.167224],[144.786411,43.167224],[144.786019,43.167138],[144.785728,43.167173],[144.784048,43.165968],[144.783871,43.165887],[144.783257,43.165817],[144.782466,43.166138],[144.782151,43.166161],[144.781959,43.166093],[144.781499,43.165801],[144.78081,43.165701],[144.780526,43.16579],[144.780447,43.165772],[144.780197,43.165526],[144.779941,43.165491],[144.779487,43.165329],[144.779261,43.165076],[144.778782,43.165035],[144.778429,43.164805],[144.777991,43.164816],[144.77769,43.16506],[144.777252,43.165159],[144.777116,43.165135],[144.77682,43.164927],[144.776606,43.164997],[144.77639,43.164933],[144.776184,43.165034],[144.776065,43.16503],[144.775942,43.164906],[144.775913,43.164738],[144.77575,43.164613],[144.775755,43.164424],[144.775696,43.164377],[144.775543,43.164332],[144.775247,43.164373],[144.774706,43.164214],[144.774349,43.164281],[144.774031,43.164197],[144.773735,43.164192],[144.773513,43.164111],[144.773357,43.163827],[144.772979,43.163629],[144.772634,43.163212],[144.77243,43.16286],[144.772066,43.162673],[144.771901,43.162428],[144.771875,43.162121],[144.771951,43.161834],[144.771851,43.161616],[144.772081,43.161432],[144.772127,43.161243],[144.771966,43.161007],[144.771641,43.160711],[144.771621,43.160467],[144.771506,43.160182],[144.771572,43.16007],[144.771237,43.159798],[144.771162,43.159401],[144.770826,43.158938],[144.770834,43.158651],[144.7705,43.158206],[144.770576,43.15786],[144.770339,43.157491],[144.770275,43.157071],[144.770416,43.156867],[144.770372,43.156737],[144.770466,43.156558],[144.770458,43.156459],[144.770316,43.156287],[144.769469,43.155641],[144.769467,43.155456],[144.769099,43.15536],[144.769073,43.155299],[144.769162,43.155166],[144.769138,43.155127],[144.768704,43.155075],[144.768535,43.154914],[144.768528,43.154796],[144.768735,43.154554],[144.768717,43.154425],[144.768561,43.1543],[144.768589,43.154144],[144.768709,43.154021],[144.768689,43.153924],[144.76822,43.153463],[144.767783,43.153356],[144.76763,43.153187],[144.767618,43.152992],[144.767769,43.152827],[144.767661,43.152623],[144.767811,43.152452],[144.767804,43.152174],[144.768019,43.151991],[144.768212,43.151205],[144.768308,43.151117],[144.76848,43.151157],[144.768482,43.151044],[144.768413,43.150903],[144.768443,43.150807],[144.768688,43.150808],[144.768957,43.150622],[144.768889,43.150403],[144.768913,43.150194]]],[[[144.769278,43.195989],[144.768345,43.195728],[144.767891,43.195486],[144.767479,43.195195],[144.767025,43.19458],[144.766736,43.194347],[144.765981,43.193921],[144.765913,43.193773],[144.766011,43.193531],[144.765987,43.193226],[144.765655,43.192831],[144.765397,43.192692],[144.76517,43.192428],[144.764863,43.19219],[144.764556,43.191495],[144.764562,43.191266],[144.765274,43.190472],[144.765378,43.190091],[144.76571,43.189836],[144.765937,43.189782],[144.766428,43.18945],[144.76663,43.189369],[144.766919,43.189481],[144.767152,43.189714],[144.767005,43.19006],[144.767085,43.19014],[144.768479,43.19027],[144.768829,43.190118],[144.768865,43.189889],[144.768939,43.189759],[144.769307,43.189351],[144.770222,43.188799],[144.770664,43.188705],[144.771548,43.188686],[144.772481,43.188301],[144.772585,43.188305],[144.773194,43.188901],[144.77355,43.189377],[144.774201,43.189587],[144.775741,43.191154],[144.777391,43.190642],[144.777886,43.18931],[144.779116,43.189027],[144.780295,43.188232],[144.781702,43.186744],[144.782445,43.186357],[144.783007,43.185388],[144.783351,43.185371],[144.783892,43.185439],[144.785567,43.185743],[144.788234,43.185452],[144.789354,43.184074],[144.79041,43.183639],[144.791523,43.183769],[144.793085,43.182764],[144.79438,43.182731],[144.795242,43.182109],[144.795112,43.182011],[144.795165,43.181845],[144.79604,43.181313],[144.796364,43.181175],[144.796314,43.181127],[144.796473,43.180327],[144.797831,43.179624],[144.797987,43.179376],[144.799225,43.17885],[144.799989,43.178628],[144.800215,43.177787],[144.803453,43.17641],[144.803879,43.176155],[144.804267,43.175846],[144.80401,43.17514],[144.804052,43.174323],[144.804986,43.173633],[144.804447,43.173377],[144.805078,43.172335],[144.805743,43.171131],[144.805927,43.170663],[144.806235,43.170163],[144.816835,43.17183],[144.815239,43.174652],[144.814611,43.175619],[144.809505,43.176647],[144.813481,43.177881],[144.812375,43.179767],[144.810521,43.182593],[144.810525,43.18284],[144.810772,43.182946],[144.809593,43.183718],[144.809464,43.183715],[144.808099,43.184749],[144.807588,43.185391],[144.807217,43.185627],[144.806837,43.185698],[144.806713,43.185636],[144.80567,43.186266],[144.8048,43.186618],[144.80465,43.186748],[144.804192,43.187708],[144.80375,43.188102],[144.803658,43.188111],[144.803108,43.189058],[144.802412,43.189315],[144.802396,43.189432],[144.800978,43.191041],[144.80059,43.191354],[144.800171,43.191609],[144.798739,43.191822],[144.79764,43.191661],[144.793365,43.190804],[144.79178,43.190403],[144.789832,43.190425],[144.7883,43.190201],[144.786801,43.189901],[144.786211,43.189731],[144.784583,43.190537],[144.782456,43.191731],[144.780746,43.19338],[144.778669,43.193601],[144.776216,43.193485],[144.774341,43.193596],[144.773478,43.193475],[144.772081,43.193777],[144.770741,43.194288],[144.769406,43.19521],[144.769278,43.195989]]],[[[144.812839,43.115758],[144.816456,43.113509],[144.816521,43.113987],[144.813465,43.115774],[144.812839,43.115758]]],[[[144.816934,43.113211],[144.838695,43.09966],[144.839918,43.10038],[144.840795,43.101791],[144.840769,43.102404],[144.839613,43.103685],[144.839525,43.105479],[144.835608,43.104417],[144.834124,43.103626],[144.833924,43.103619],[144.833338,43.10531],[144.834708,43.107138],[144.833943,43.107805],[144.833811,43.109402],[144.830709,43.109722],[144.829322,43.111657],[144.827426,43.112898],[144.826487,43.113349],[144.824441,43.113063],[144.822426,43.113449],[144.820598,43.113941],[144.818123,43.114027],[144.816934,43.113211]]],[[[145.098074,43.090992],[145.098348,43.090658],[145.099021,43.090309],[145.100363,43.090313],[145.100827,43.089107],[145.105288,43.08985],[145.105325,43.089886],[145.105151,43.091927],[145.10664,43.092023],[145.106082,43.09857],[145.100708,43.098524],[145.100531,43.097911],[145.101644,43.097466],[145.101555,43.09606],[145.102334,43.094972],[145.101831,43.093769],[145.098074,43.090992]]],[[[145.132014,43.069613],[145.132274,43.06881],[145.132496,43.068859],[145.132645,43.06895],[145.132849,43.068943],[145.133069,43.068874],[145.133122,43.068752],[145.133216,43.068681],[145.133608,43.068599],[145.133779,43.068704],[145.133921,43.068689],[145.134001,43.068745],[145.134131,43.068692],[145.134528,43.068819],[145.134715,43.06874],[145.134786,43.068792],[145.134935,43.06874],[145.135052,43.068811],[145.135081,43.06876],[145.135169,43.068745],[145.135298,43.068799],[145.135392,43.06871],[145.135518,43.068759],[145.135607,43.068672],[145.135776,43.068736],[145.136127,43.068683],[145.136238,43.068706],[145.136399,43.068639],[145.136411,43.068526],[145.136538,43.068477],[145.136596,43.068365],[145.136721,43.068357],[145.136808,43.068261],[145.136939,43.068249],[145.137043,43.068162],[145.137191,43.068214],[145.13741,43.068117],[145.137549,43.068164],[145.137708,43.068101],[145.138056,43.068094],[145.138285,43.068216],[145.138222,43.068255],[145.138254,43.068314],[145.138138,43.068335],[145.138165,43.068438],[145.138328,43.068461],[145.138471,43.068424],[145.13861,43.068473],[145.138832,43.068428],[145.138972,43.068511],[145.139125,43.068509],[145.139277,43.06858],[145.139357,43.068709],[145.140064,43.068471],[145.140151,43.068371],[145.140289,43.068376],[145.1406,43.068624],[145.140507,43.0688],[145.140604,43.068772],[145.140726,43.068813],[145.140782,43.068967],[145.140908,43.068921],[145.140993,43.06895],[145.141126,43.06888],[145.1413,43.068945],[145.141686,43.068746],[145.141877,43.068747],[145.141942,43.068662],[145.142293,43.068738],[145.142428,43.068808],[145.142404,43.068901],[145.14246,43.068976],[145.142396,43.069022],[145.142435,43.069147],[145.142869,43.069286],[145.143003,43.069398],[145.143161,43.069451],[145.143417,43.069455],[145.143693,43.069551],[145.143817,43.069477],[145.143978,43.069546],[145.144101,43.06951],[145.144235,43.069567],[145.144329,43.069505],[145.144542,43.069542],[145.144669,43.069498],[145.144804,43.069583],[145.145053,43.069536],[145.145163,43.069584],[145.145585,43.06955],[145.145737,43.069601],[145.145833,43.069568],[145.146003,43.069628],[145.146207,43.06958],[145.146635,43.069666],[145.146971,43.069627],[145.147069,43.069683],[145.14719,43.06964],[145.147311,43.069686],[145.147621,43.069648],[145.147741,43.069747],[145.147845,43.069727],[145.148202,43.069842],[145.148355,43.069784],[145.148483,43.069821],[145.148704,43.069746],[145.149061,43.069836],[145.149237,43.069796],[145.149345,43.069861],[145.149738,43.069893],[145.149761,43.069955],[145.149881,43.069963],[145.149917,43.070015],[145.150101,43.07005],[145.150222,43.070006],[145.150522,43.070135],[145.150726,43.070154],[145.150743,43.070209],[145.150606,43.070282],[145.150569,43.070408],[145.150479,43.070463],[145.150197,43.070501],[145.150117,43.070455],[145.149894,43.070507],[145.149625,43.070493],[145.149486,43.070429],[145.149299,43.070485],[145.149238,43.070632],[145.149134,43.07067],[145.149155,43.070821],[145.149081,43.070915],[145.149111,43.071019],[145.148999,43.071036],[145.148854,43.071241],[145.148678,43.071801],[145.148833,43.072508],[145.149112,43.073038],[145.148993,43.073089],[145.148778,43.073173],[145.148658,43.073098],[145.148205,43.072981],[145.14819,43.073012],[145.147473,43.072459],[145.147005,43.07202],[145.146379,43.072079],[145.146392,43.072897],[145.14634,43.073049],[145.147351,43.074681],[145.148104,43.075374],[145.147805,43.075529],[145.148044,43.075779],[145.14767,43.075909],[145.147722,43.076024],[145.146046,43.076597],[145.144919,43.077202],[145.141751,43.077512],[145.139292,43.077918],[145.138821,43.077843],[145.13781,43.077932],[145.137281,43.078034],[145.137062,43.077972],[145.136382,43.077908],[145.136142,43.077832],[145.135912,43.077688],[145.134917,43.076826],[145.13427,43.076099],[145.134602,43.075747],[145.134639,43.075575],[145.134493,43.075372],[145.13451,43.075253],[145.136111,43.073911],[145.138076,43.072933],[145.138841,43.072063],[145.138727,43.07189],[145.138577,43.071783],[145.137098,43.071254],[145.136475,43.070802],[145.135818,43.070019],[145.135677,43.069884],[145.135389,43.069728],[145.13483,43.069629],[145.132014,43.069613]]],[[[145.142533,43.080196],[145.142189,43.080196],[145.142261,43.078678],[145.149469,43.077758],[145.14996,43.078287],[145.1511,43.079008],[145.151014,43.079336],[145.149966,43.08094],[145.149377,43.080784],[145.14869,43.080713],[145.147679,43.080853],[145.147317,43.080853],[145.145016,43.080227],[145.142533,43.080196]]],[[[145.151215,43.081228],[145.152359,43.079517],[145.152802,43.079218],[145.153376,43.079579],[145.153362,43.07962],[145.154134,43.080203],[145.154978,43.079281],[145.155055,43.078993],[145.155755,43.078909],[145.156651,43.078729],[145.156767,43.078404],[145.157864,43.078529],[145.157962,43.078206],[145.159931,43.078538],[145.158721,43.082023],[145.157877,43.082131],[145.157527,43.082108],[145.154646,43.081663],[145.152521,43.081489],[145.151215,43.081228]]],[[[144.541846,42.949458],[144.541815,42.939507],[144.54335,42.939346],[144.54484,42.938528],[144.546416,42.938085],[144.547567,42.937925],[144.549528,42.937544],[144.551534,42.937695],[144.553839,42.938065],[144.55623,42.938529],[144.559819,42.939491],[144.56089,42.940366],[144.563153,42.940673],[144.565543,42.940886],[144.569468,42.940969],[144.572646,42.940835],[144.57461,42.941049],[144.57657,42.940667],[144.578827,42.93972],[144.581042,42.939149],[144.582576,42.938894],[144.584796,42.939107],[144.586717,42.939384],[144.589366,42.93994],[144.591095,42.940186],[144.601634,42.940373],[144.604452,42.940803],[144.60851,42.941606],[144.613162,42.941999],[144.622422,42.94222],[144.626609,42.94136],[144.629164,42.940662],[144.631714,42.939023],[144.633584,42.93792],[144.635032,42.937539],[144.638484,42.936837],[144.639976,42.936707],[144.643175,42.936602],[144.648297,42.936992],[144.650942,42.937045],[144.653203,42.937006],[144.655847,42.93684],[144.659466,42.935855],[144.661221,42.935065],[144.664197,42.933581],[144.666534,42.932162],[144.668532,42.931215],[144.671255,42.930139],[144.673429,42.929849],[144.677948,42.929487],[144.681613,42.929097],[144.683746,42.929027],[144.686987,42.929014],[144.689633,42.92913],[144.690614,42.929126],[144.69436,42.928046],[144.696351,42.92763],[144.701129,42.927768],[144.701768,42.92764],[144.703471,42.927164],[144.706708,42.926555],[144.712552,42.926626],[144.716539,42.92639],[144.718624,42.925817],[144.721138,42.925368],[144.723098,42.925109],[144.725911,42.92491],[144.728046,42.925183],[144.729884,42.925645],[144.730989,42.925171],[144.732565,42.92485],[144.734268,42.924561],[144.736261,42.924396],[144.739375,42.924445],[144.741722,42.924623],[144.744366,42.924455],[144.7465,42.924665],[144.753103,42.923634],[144.755749,42.923841],[144.759176,42.92439],[144.761525,42.924693],[144.767155,42.924731],[144.769798,42.924562],[144.771585,42.924084],[144.773759,42.923917],[144.777046,42.924153],[144.780124,42.925079],[144.783708,42.925188],[144.786999,42.925987],[144.792558,42.928751],[144.796253,42.931805],[144.797945,42.9349],[144.798294,42.936999],[144.797925,42.938693],[144.796882,42.941331],[144.794989,42.944475],[144.792788,42.94646],[144.790073,42.948228],[144.786045,42.949908],[144.778724,42.952042],[144.776682,42.952773],[144.770375,42.95766],[144.769397,42.958072],[144.76778,42.958581],[144.765038,42.961101],[144.763722,42.962047],[144.762744,42.962428],[144.761424,42.962841],[144.758273,42.963733],[144.754225,42.964503],[144.753713,42.964536],[144.751578,42.969624],[144.750394,42.971008],[144.747177,42.974376],[144.744334,42.976488],[144.740559,42.97826],[144.737323,42.979277],[144.728259,42.971321],[144.729797,42.970928],[144.731517,42.970656],[144.73289,42.970332],[144.734589,42.969759],[144.736269,42.969104],[144.736906,42.968827],[144.737487,42.968501],[144.737812,42.968144],[144.739116,42.967252],[144.740307,42.966249],[144.741165,42.965394],[144.741369,42.96525],[144.741448,42.965022],[144.741701,42.964679],[144.741838,42.964218],[144.742007,42.962643],[144.742122,42.962435],[144.742382,42.962159],[144.742581,42.961316],[144.742709,42.961018],[144.743202,42.960586],[144.743406,42.96034],[144.743949,42.959409],[144.744426,42.958896],[144.744778,42.95843],[144.745292,42.958108],[144.744548,42.95773],[144.745892,42.95665],[144.745854,42.955182],[144.746578,42.954395],[144.746842,42.954346],[144.747802,42.954386],[144.749377,42.954154],[144.750883,42.954682],[144.750959,42.955046],[144.750766,42.955198],[144.75085,42.955358],[144.751053,42.955226],[144.751506,42.955127],[144.752522,42.955128],[144.752598,42.955072],[144.752809,42.955118],[144.752922,42.955067],[144.75327,42.955101],[144.753363,42.955048],[144.753451,42.955099],[144.753725,42.955111],[144.753933,42.954992],[144.754028,42.955026],[144.754157,42.95499],[144.754345,42.954854],[144.754476,42.954892],[144.75467,42.954839],[144.754752,42.954725],[144.754876,42.954756],[144.755062,42.954703],[144.755154,42.954586],[144.755334,42.954589],[144.755639,42.954431],[144.755813,42.95445],[144.756015,42.95429],[144.75615,42.954314],[144.756327,42.954263],[144.756422,42.954069],[144.756617,42.954073],[144.756715,42.954001],[144.756789,42.953901],[144.756808,42.95377],[144.756982,42.953653],[144.756989,42.953554],[144.757263,42.953381],[144.757261,42.953257],[144.757379,42.953182],[144.757455,42.953002],[144.757596,42.952978],[144.757789,42.952743],[144.757889,42.952687],[144.758239,42.95204],[144.758434,42.951355],[144.758475,42.950903],[144.758616,42.950598],[144.758781,42.950429],[144.759681,42.949858],[144.759767,42.949752],[144.760029,42.949764],[144.760509,42.949887],[144.761149,42.949819],[144.761453,42.949854],[144.761538,42.949798],[144.761718,42.94985],[144.761856,42.949831],[144.761938,42.94975],[144.762737,42.949684],[144.763728,42.94949],[144.764167,42.949182],[144.764471,42.948657],[144.764871,42.948326],[144.76514,42.948191],[144.765408,42.947973],[144.766008,42.947712],[144.766287,42.947536],[144.767279,42.947186],[144.767527,42.947056],[144.767994,42.946717],[144.768314,42.946314],[144.768484,42.946174],[144.769587,42.945423],[144.770184,42.945113],[144.770313,42.945179],[144.770444,42.945106],[144.770713,42.945085],[144.770847,42.945004],[144.770857,42.944914],[144.770981,42.944919],[144.77121,42.944759],[144.771328,42.944757],[144.771501,42.94464],[144.771522,42.944575],[144.772091,42.944225],[144.772358,42.943795],[144.772601,42.943782],[144.772812,42.943649],[144.772853,42.943555],[144.772942,42.943556],[144.773007,42.943449],[144.773135,42.943443],[144.773291,42.943363],[144.773326,42.943226],[144.773435,42.943211],[144.773693,42.943007],[144.773691,42.942949],[144.773617,42.942912],[144.774773,42.942264],[144.775282,42.942073],[144.775938,42.942012],[144.776781,42.94183],[144.777722,42.941784],[144.778113,42.941657],[144.778497,42.941418],[144.779124,42.940841],[144.779603,42.940482],[144.78078,42.939849],[144.781329,42.939407],[144.781744,42.939149],[144.783118,42.938569],[144.783417,42.938495],[144.784671,42.938344],[144.785064,42.938211],[144.785194,42.938106],[144.785211,42.938037],[144.785164,42.93798],[144.785312,42.937956],[144.785413,42.937804],[144.785391,42.937702],[144.78549,42.93764],[144.78547,42.937531],[144.785576,42.937483],[144.785629,42.937386],[144.785604,42.937284],[144.785664,42.937235],[144.785724,42.937019],[144.785606,42.936917],[144.785729,42.936776],[144.78566,42.936596],[144.785692,42.936535],[144.78566,42.936397],[144.785528,42.936329],[144.785479,42.936149],[144.784772,42.935692],[144.784643,42.935701],[144.784599,42.935642],[144.784492,42.935624],[144.784275,42.935678],[144.784081,42.935639],[144.783502,42.935421],[144.78344,42.935284],[144.783252,42.935219],[144.783065,42.935082],[144.782901,42.935069],[144.782791,42.935006],[144.782148,42.934533],[144.781888,42.934437],[144.781545,42.934126],[144.781336,42.934089],[144.781223,42.934146],[144.781141,42.934086],[144.781046,42.934086],[144.780913,42.934155],[144.780753,42.934128],[144.780616,42.934187],[144.780553,42.934288],[144.780315,42.934281],[144.779689,42.934205],[144.7795,42.934118],[144.779289,42.934109],[144.779216,42.93415],[144.779094,42.93411],[144.778945,42.934148],[144.777302,42.933984],[144.777119,42.933876],[144.776777,42.933845],[144.77666,42.933769],[144.776437,42.933806],[144.775125,42.933524],[144.774982,42.933365],[144.77487,42.933329],[144.774897,42.933208],[144.774781,42.933105],[144.774654,42.933091],[144.774523,42.932951],[144.774302,42.932949],[144.774051,42.93288],[144.773772,42.933025],[144.77375,42.933091],[144.773599,42.933111],[144.773478,42.933202],[144.773468,42.933299],[144.773337,42.933316],[144.773091,42.933529],[144.772699,42.933687],[144.772427,42.933762],[144.772149,42.933739],[144.772027,42.933798],[144.771209,42.93385],[144.770288,42.933767],[144.769972,42.93368],[144.769829,42.933556],[144.769441,42.933533],[144.769379,42.933462],[144.76924,42.933442],[144.769126,42.933461],[144.769048,42.933548],[144.768788,42.933583],[144.768533,42.933519],[144.768394,42.933578],[144.768193,42.933559],[144.768059,42.93363],[144.767921,42.933574],[144.767749,42.933628],[144.767599,42.933587],[144.767423,42.93367],[144.766463,42.933599],[144.76599,42.933611],[144.765924,42.933655],[144.765798,42.933626],[144.765599,42.933732],[144.765258,42.933777],[144.762685,42.933633],[144.761227,42.933677],[144.759389,42.933592],[144.758659,42.933398],[144.758487,42.934141],[144.758697,42.934387],[144.758743,42.934735],[144.757711,42.93576],[144.756262,42.936322],[144.754305,42.935563],[144.754835,42.934574],[144.755336,42.934077],[144.75541,42.933582],[144.755783,42.933324],[144.755771,42.933047],[144.755005,42.932925],[144.75452,42.932921],[144.753264,42.932629],[144.752768,42.932692],[144.752425,42.932791],[144.751621,42.93326],[144.751025,42.933462],[144.748896,42.933449],[144.747339,42.93355],[144.746234,42.934768],[144.74578,42.935194],[144.745929,42.935446],[144.745992,42.93576],[144.745947,42.935839],[144.745586,42.935996],[144.745491,42.936223],[144.745465,42.936522],[144.745207,42.936625],[144.744728,42.936727],[144.744791,42.936839],[144.744937,42.936895],[144.744986,42.937009],[144.744974,42.93778],[144.744844,42.937827],[144.744021,42.937829],[144.742806,42.93816],[144.742584,42.938117],[144.742431,42.938023],[144.741776,42.93817],[144.74101,42.93841],[144.74038,42.938048],[144.740075,42.938053],[144.739963,42.938095],[144.739775,42.938283],[144.739771,42.938459],[144.740022,42.938693],[144.740542,42.938812],[144.740648,42.938876],[144.740658,42.938939],[144.740627,42.939014],[144.740265,42.93921],[144.739852,42.939286],[144.739566,42.939253],[144.738947,42.939035],[144.738465,42.939058],[144.738197,42.93896],[144.737882,42.938665],[144.737766,42.938493],[144.737749,42.938368],[144.737995,42.938061],[144.737954,42.937867],[144.737974,42.937365],[144.737153,42.937384],[144.737031,42.937255],[144.736791,42.937322],[144.736141,42.937352],[144.735854,42.937443],[144.736296,42.937396],[144.73612,42.937836],[144.735815,42.937779],[144.736077,42.938254],[144.735613,42.938349],[144.735138,42.938643],[144.734982,42.939185],[144.73448,42.939092],[144.733219,42.938686],[144.732276,42.938906],[144.73211,42.938786],[144.732171,42.938673],[144.732309,42.938579],[144.732191,42.938444],[144.731216,42.938693],[144.73118,42.938784],[144.731441,42.938873],[144.731361,42.93907],[144.73123,42.93905],[144.731193,42.939275],[144.730795,42.939214],[144.730897,42.938836],[144.73098,42.938758],[144.730638,42.938855],[144.730506,42.938781],[144.730296,42.938606],[144.730045,42.938143],[144.730097,42.937435],[144.730292,42.937136],[144.73023,42.936636],[144.73172,42.936623],[144.732209,42.936055],[144.732392,42.935559],[144.732829,42.935603],[144.732859,42.935497],[144.733695,42.935631],[144.733667,42.935731],[144.734545,42.935861],[144.734534,42.93539],[144.734388,42.935149],[144.734261,42.934681],[144.734404,42.934499],[144.734382,42.934245],[144.73212,42.934268],[144.729203,42.934127],[144.729158,42.934094],[144.729018,42.934141],[144.728689,42.934089],[144.728564,42.934134],[144.728402,42.934087],[144.728086,42.934178],[144.725337,42.934251],[144.724193,42.934336],[144.722804,42.934566],[144.720861,42.93502],[144.721102,42.9355],[144.721184,42.935473],[144.72152,42.936093],[144.720617,42.936493],[144.718105,42.936817],[144.718944,42.937361],[144.719232,42.937317],[144.720492,42.9368],[144.721297,42.937003],[144.721461,42.937229],[144.721733,42.937182],[144.721613,42.937462],[144.721523,42.937517],[144.721442,42.937455],[144.72054,42.93742],[144.720317,42.937349],[144.718908,42.937995],[144.718792,42.938843],[144.719134,42.939246],[144.719696,42.94056],[144.719335,42.940615],[144.71928,42.940474],[144.719168,42.940506],[144.718692,42.939541],[144.718585,42.940304],[144.717362,42.938082],[144.715058,42.937285],[144.715888,42.935927],[144.715306,42.936055],[144.714712,42.935994],[144.714159,42.936209],[144.71397,42.936332],[144.713717,42.936376],[144.7126,42.936247],[144.712171,42.936118],[144.711893,42.935888],[144.711968,42.935685],[144.711964,42.935446],[144.711801,42.935346],[144.711711,42.935378],[144.71146,42.935699],[144.710925,42.935696],[144.710831,42.935775],[144.710546,42.935787],[144.710386,42.935877],[144.710228,42.935843],[144.709959,42.935888],[144.709878,42.935827],[144.709697,42.93582],[144.709467,42.935741],[144.70942,42.935601],[144.709533,42.935471],[144.709539,42.935389],[144.709483,42.935238],[144.70937,42.935249],[144.709082,42.935447],[144.708983,42.935648],[144.708903,42.935669],[144.708806,42.935777],[144.708774,42.93589],[144.708662,42.935933],[144.708565,42.936082],[144.708616,42.936181],[144.708553,42.936219],[144.708504,42.936391],[144.708413,42.93645],[144.708382,42.936558],[144.708252,42.936691],[144.707051,42.937035],[144.704875,42.937005],[144.704708,42.937068],[144.702421,42.937297],[144.701611,42.93722],[144.700942,42.937265],[144.699748,42.937074],[144.698808,42.937113],[144.698694,42.937036],[144.698433,42.93708],[144.698216,42.937018],[144.698065,42.937081],[144.697516,42.937092],[144.697199,42.937226],[144.696135,42.937496],[144.69465,42.938097],[144.694244,42.938187],[144.693447,42.93824],[144.692124,42.937991],[144.690333,42.938232],[144.689411,42.938274],[144.688733,42.938243],[144.685855,42.937844],[144.684278,42.937878],[144.684387,42.938388],[144.682323,42.939377],[144.682467,42.939492],[144.682843,42.940368],[144.682877,42.940899],[144.682793,42.94153],[144.682974,42.942493],[144.682933,42.942543],[144.681292,42.941944],[144.68105,42.941755],[144.680507,42.94159],[144.680479,42.941648],[144.680057,42.941544],[144.680077,42.941502],[144.679504,42.941397],[144.678661,42.941396],[144.678477,42.94114],[144.677892,42.940912],[144.677593,42.940891],[144.677283,42.941059],[144.676916,42.941075],[144.676935,42.941295],[144.676586,42.941275],[144.676474,42.941217],[144.67614,42.941173],[144.675574,42.941372],[144.675286,42.941644],[144.675022,42.942064],[144.674346,42.942489],[144.674456,42.942736],[144.673915,42.943071],[144.673707,42.943133],[144.67347,42.942905],[144.673317,42.942658],[144.673035,42.94263],[144.673319,42.942297],[144.672222,42.942351],[144.672189,42.941936],[144.672251,42.941936],[144.672298,42.94152],[144.67193,42.941209],[144.672614,42.940994],[144.672376,42.940662],[144.671497,42.940994],[144.671105,42.941247],[144.670887,42.941289],[144.670838,42.941409],[144.670644,42.941481],[144.670566,42.941619],[144.670278,42.941716],[144.670175,42.941837],[144.67001,42.941847],[144.669383,42.942062],[144.667952,42.942934],[144.666589,42.943682],[144.665203,42.944841],[144.66502,42.944942],[144.664492,42.945122],[144.663236,42.945437],[144.65784,42.946231],[144.654694,42.946619],[144.652044,42.946502],[144.651678,42.946567],[144.651111,42.946433],[144.649688,42.946444],[144.649029,42.946371],[144.64658,42.945909],[144.645034,42.945718],[144.644383,42.945758],[144.64335,42.94596],[144.642393,42.94605],[144.641214,42.946005],[144.640318,42.945771],[144.640171,42.945877],[144.640189,42.945971],[144.639976,42.946251],[144.639829,42.946725],[144.639705,42.946878],[144.638926,42.947445],[144.638242,42.947824],[144.638306,42.947935],[144.638455,42.948051],[144.638784,42.948068],[144.639079,42.948149],[144.640954,42.948255],[144.642303,42.948804],[144.641187,42.949065],[144.638151,42.951396],[144.636618,42.95171],[144.63637,42.952789],[144.636815,42.95382],[144.636704,42.954446],[144.63674,42.955634],[144.636418,42.956391],[144.636255,42.956582],[144.635039,42.956966],[144.634428,42.957228],[144.632809,42.957296],[144.632948,42.956713],[144.632689,42.956415],[144.632011,42.955903],[144.631491,42.955699],[144.631019,42.955595],[144.630092,42.954924],[144.62826,42.954492],[144.625096,42.951106],[144.62416,42.951208],[144.62269,42.951236],[144.621029,42.951135],[144.619192,42.951247],[144.618615,42.951193],[144.616705,42.95435],[144.610102,42.951979],[144.609242,42.952006],[144.609075,42.951331],[144.609055,42.950912],[144.607949,42.950915],[144.607164,42.950778],[144.606172,42.950469],[144.605139,42.950468],[144.604243,42.950304],[144.603041,42.950192],[144.602457,42.950018],[144.602275,42.949855],[144.602412,42.949711],[144.602502,42.949682],[144.602517,42.949581],[144.602296,42.949463],[144.601976,42.949421],[144.601827,42.949318],[144.601722,42.949376],[144.601562,42.949386],[144.601435,42.94933],[144.601361,42.949361],[144.601343,42.949433],[144.601428,42.949482],[144.601406,42.949599],[144.601297,42.949721],[144.600982,42.949838],[144.600205,42.949885],[144.59905,42.949794],[144.598278,42.949822],[144.59672,42.949499],[144.596545,42.949382],[144.596321,42.949361],[144.596157,42.949213],[144.595845,42.949169],[144.595631,42.9492],[144.595486,42.949114],[144.595316,42.949135],[144.595168,42.949083],[144.59491,42.949192],[144.594707,42.949028],[144.594493,42.949077],[144.594296,42.949054],[144.59409,42.949187],[144.59409,42.949301],[144.593803,42.949281],[144.593715,42.949351],[144.593629,42.949281],[144.593501,42.949275],[144.593202,42.949356],[144.593158,42.949288],[144.592978,42.949257],[144.592731,42.949296],[144.59266,42.949379],[144.592478,42.949286],[144.592165,42.949312],[144.592061,42.949424],[144.591837,42.949332],[144.591579,42.949395],[144.591478,42.949507],[144.591366,42.949426],[144.59121,42.9494],[144.591012,42.949429],[144.590921,42.949538],[144.590684,42.949457],[144.590442,42.949483],[144.590134,42.949629],[144.589975,42.949551],[144.589647,42.949645],[144.589582,42.949718],[144.589301,42.949655],[144.589069,42.949723],[144.589004,42.949806],[144.588785,42.949739],[144.588637,42.949796],[144.588556,42.949772],[144.588421,42.949859],[144.588343,42.949783],[144.588199,42.949749],[144.587947,42.949848],[144.587918,42.949778],[144.587762,42.949715],[144.587434,42.949731],[144.58733,42.949786],[144.587275,42.949718],[144.587025,42.94971],[144.586908,42.949767],[144.586742,42.949658],[144.586559,42.949728],[144.586437,42.949658],[144.586275,42.949687],[144.586184,42.949614],[144.585978,42.949593],[144.585874,42.949629],[144.585752,42.949536],[144.585457,42.949564],[144.585319,42.949473],[144.585129,42.949476],[144.584981,42.949403],[144.584965,42.949312],[144.584799,42.94927],[144.584734,42.949156],[144.584494,42.949098],[144.584494,42.948997],[144.584432,42.948944],[144.584304,42.948913],[144.584309,42.948819],[144.584143,42.948746],[144.584145,42.948512],[144.584093,42.948476],[144.584093,42.94839],[144.583966,42.948249],[144.583828,42.948202],[144.583671,42.94822],[144.583562,42.948353],[144.583515,42.948353],[144.583494,42.948504],[144.583411,42.948551],[144.583401,42.948656],[144.583252,42.948593],[144.583153,42.948674],[144.583023,42.948603],[144.582859,42.948616],[144.582744,42.948731],[144.582635,42.948757],[144.582609,42.94883],[144.582395,42.948843],[144.582216,42.948999],[144.582111,42.949007],[144.581901,42.949241],[144.581765,42.949229],[144.581539,42.949481],[144.581401,42.949416],[144.581258,42.949421],[144.580995,42.949572],[144.58086,42.949523],[144.580724,42.949561],[144.5805,42.949531],[144.580384,42.94958],[144.580108,42.949503],[144.579924,42.949542],[144.579827,42.949636],[144.57977,42.94958],[144.579651,42.949571],[144.579422,42.949603],[144.57935,42.949677],[144.579234,42.949636],[144.579004,42.949667],[144.578896,42.949734],[144.578757,42.949685],[144.578436,42.949843],[144.578316,42.949795],[144.578193,42.94987],[144.577943,42.949872],[144.577784,42.949983],[144.577661,42.949944],[144.577484,42.950025],[144.57738,42.950012],[144.577271,42.950111],[144.577076,42.950066],[144.576958,42.950152],[144.576878,42.950121],[144.576708,42.950186],[144.576367,42.950171],[144.57613,42.950215],[144.576044,42.950314],[144.575833,42.950249],[144.575636,42.950335],[144.575417,42.950342],[144.575336,42.950462],[144.574917,42.950486],[144.574156,42.950393],[144.573266,42.950379],[144.573149,42.950332],[144.573016,42.950059],[144.572904,42.949978],[144.572732,42.949957],[144.572581,42.949977],[144.572536,42.950086],[144.572638,42.950168],[144.572365,42.950341],[144.571902,42.950444],[144.571539,42.950447],[144.570032,42.950262],[144.566723,42.950049],[144.566029,42.949885],[144.565031,42.949953],[144.564479,42.949944],[144.563133,42.949698],[144.559802,42.949281],[144.558758,42.949039],[144.558628,42.949047],[144.558319,42.948884],[144.55799,42.948855],[144.557866,42.948745],[144.557533,42.948699],[144.557412,42.948551],[144.557057,42.948459],[144.556966,42.948355],[144.556807,42.948327],[144.556776,42.948233],[144.556682,42.948173],[144.556512,42.948147],[144.556518,42.948061],[144.556455,42.947988],[144.556301,42.947944],[144.555414,42.948019],[144.555104,42.947928],[144.554856,42.947979],[144.554353,42.94792],[144.553621,42.947763],[144.552144,42.947211],[144.552071,42.947153],[144.551915,42.946839],[144.551677,42.946798],[144.5516,42.946834],[144.551451,42.946765],[144.551294,42.946808],[144.551239,42.946892],[144.551115,42.946892],[144.550953,42.946984],[144.550928,42.947054],[144.550819,42.947048],[144.550677,42.947145],[144.550587,42.947096],[144.550387,42.947118],[144.550312,42.947158],[144.550294,42.947229],[144.550072,42.947273],[144.549984,42.947397],[144.549875,42.947389],[144.549703,42.947558],[144.549573,42.9476],[144.549536,42.94767],[144.548977,42.947768],[144.549256,42.948264],[144.549373,42.948403],[144.549464,42.948427],[144.549597,42.948629],[144.549533,42.948653],[144.549724,42.948828],[144.549585,42.948944],[144.549626,42.949056],[144.549608,42.949202],[144.549525,42.949304],[144.54937,42.949358],[144.549361,42.949445],[144.549004,42.94958],[144.548016,42.949657],[144.547756,42.949775],[144.54738,42.949725],[144.547293,42.949088],[144.547063,42.948329],[144.546805,42.948304],[144.544541,42.948349],[144.543911,42.948441],[144.543704,42.948321],[144.543592,42.948326],[144.54337,42.948404],[144.543336,42.948506],[144.542888,42.94886],[144.542873,42.948951],[144.542761,42.948987],[144.542752,42.949074],[144.542241,42.949333],[144.541846,42.949458]]],[[[144.752539,43.185072],[144.752027,43.184563],[144.752017,43.184465],[144.752212,43.184071],[144.752109,43.183666],[144.751932,43.183396],[144.751579,43.183204],[144.751341,43.183176],[144.750933,43.183216],[144.750641,43.18312],[144.750303,43.182782],[144.750272,43.182383],[144.750077,43.182053],[144.750118,43.18177],[144.749903,43.181528],[144.749442,43.181191],[144.749158,43.180746],[144.749111,43.180222],[144.748958,43.180178],[144.748843,43.180279],[144.748735,43.180291],[144.748228,43.179886],[144.747895,43.179841],[144.747848,43.179641],[144.747746,43.179526],[144.746781,43.178919],[144.74651,43.17887],[144.745615,43.178394],[144.745594,43.178208],[144.745448,43.178046],[144.745453,43.177808],[144.745262,43.177717],[144.745206,43.177559],[144.745059,43.177428],[144.744526,43.177118],[144.743961,43.176643],[144.743895,43.176562],[144.743875,43.17643],[144.74373,43.176295],[144.742652,43.175989],[144.742327,43.175726],[144.741564,43.175582],[144.741223,43.175173],[144.74101,43.174815],[144.741017,43.174462],[144.740842,43.174148],[144.740247,43.17403],[144.739778,43.174048],[144.739609,43.173706],[144.739573,43.173095],[144.739908,43.172286],[144.739924,43.171627],[144.740421,43.170482],[144.740505,43.168927],[144.740403,43.168104],[144.7407,43.167289],[144.74043,43.166953],[144.740812,43.166665],[144.740821,43.165493],[144.740477,43.165027],[144.741025,43.164614],[144.741117,43.16412],[144.74155,43.162981],[144.742272,43.162957],[144.742518,43.162795],[144.742709,43.162152],[144.743011,43.161616],[144.743032,43.161398],[144.744207,43.160967],[144.744275,43.160631],[144.743098,43.160255],[144.742257,43.160597],[144.742026,43.160923],[144.741493,43.160874],[144.741416,43.160805],[144.741551,43.16055],[144.741527,43.160442],[144.741851,43.160197],[144.741928,43.159998],[144.741889,43.159793],[144.741617,43.159521],[144.741321,43.15933],[144.741148,43.159289],[144.740751,43.158991],[144.740651,43.158793],[144.740686,43.158649],[144.740943,43.158396],[144.741173,43.158507],[144.741228,43.158624],[144.741443,43.158663],[144.741468,43.158937],[144.741529,43.159019],[144.741718,43.159081],[144.741918,43.15922],[144.742139,43.159257],[144.742268,43.15943],[144.742424,43.159434],[144.743174,43.159316],[144.74326,43.159056],[144.743354,43.159004],[144.743452,43.159026],[144.743579,43.159226],[144.743749,43.159096],[144.743818,43.159228],[144.743928,43.159148],[144.743991,43.159275],[144.744177,43.159139],[144.744388,43.159133],[144.744476,43.159028],[144.744704,43.158981],[144.744997,43.159048],[144.745273,43.159033],[144.745485,43.159187],[144.745612,43.159007],[144.7458,43.158993],[144.745791,43.158873],[144.745896,43.158784],[144.745909,43.15863],[144.74662,43.158636],[144.746898,43.158503],[144.747066,43.158644],[144.747412,43.158615],[144.747641,43.158714],[144.747781,43.158714],[144.747942,43.158811],[144.748239,43.158709],[144.748325,43.158816],[144.748325,43.158998],[144.748625,43.159116],[144.749016,43.159403],[144.749254,43.159414],[144.749398,43.159524],[144.749565,43.159552],[144.749699,43.159718],[144.749979,43.159742],[144.750114,43.159847],[144.750261,43.159882],[144.75046,43.159844],[144.750611,43.159722],[144.75072,43.159718],[144.75092,43.159825],[144.750955,43.160033],[144.751019,43.160101],[144.751422,43.160225],[144.751599,43.160131],[144.751773,43.160152],[144.75189,43.160027],[144.752133,43.160011],[144.752202,43.159971],[144.752233,43.159881],[144.752411,43.159877],[144.753238,43.156594],[144.757332,43.15338],[144.760736,43.152431],[144.764236,43.151533],[144.768913,43.150194],[144.768889,43.150403],[144.768957,43.150622],[144.768688,43.150808],[144.768443,43.150807],[144.768413,43.150903],[144.768482,43.151044],[144.76848,43.151157],[144.768308,43.151117],[144.768212,43.151205],[144.768019,43.151991],[144.767804,43.152174],[144.767811,43.152452],[144.767661,43.152623],[144.767769,43.152827],[144.767618,43.152992],[144.76763,43.153187],[144.767783,43.153356],[144.76822,43.153463],[144.768689,43.153924],[144.768709,43.154021],[144.768589,43.154144],[144.768561,43.1543],[144.768717,43.154425],[144.768735,43.154554],[144.768528,43.154796],[144.768535,43.154914],[144.768704,43.155075],[144.769138,43.155127],[144.769162,43.155166],[144.769073,43.155299],[144.769099,43.15536],[144.769467,43.155456],[144.769469,43.155641],[144.770316,43.156287],[144.770458,43.156459],[144.770466,43.156558],[144.770372,43.156737],[144.770416,43.156867],[144.770275,43.157071],[144.770339,43.157491],[144.770576,43.15786],[144.7705,43.158206],[144.770834,43.158651],[144.770826,43.158938],[144.771162,43.159401],[144.771237,43.159798],[144.771572,43.16007],[144.771506,43.160182],[144.771621,43.160467],[144.771641,43.160711],[144.771966,43.161007],[144.772127,43.161243],[144.772081,43.161432],[144.771851,43.161616],[144.771951,43.161834],[144.771875,43.162121],[144.77193,43.162498],[144.772066,43.162673],[144.77243,43.16286],[144.772634,43.163212],[144.772979,43.163629],[144.773323,43.163793],[144.773478,43.164079],[144.773562,43.164141],[144.774349,43.164281],[144.77453,43.164219],[144.774794,43.164222],[144.775247,43.164373],[144.775543,43.164332],[144.775755,43.164424],[144.77575,43.164613],[144.775913,43.164738],[144.775942,43.164906],[144.776065,43.16503],[144.776184,43.165034],[144.77639,43.164933],[144.776606,43.164997],[144.77682,43.164927],[144.777162,43.165154],[144.7776,43.165086],[144.77758,43.165286],[144.777502,43.165354],[144.777187,43.165416],[144.777093,43.165622],[144.776874,43.165729],[144.77683,43.165945],[144.776682,43.166059],[144.776341,43.16602],[144.775929,43.165822],[144.775716,43.166006],[144.77565,43.166166],[144.775435,43.166099],[144.775015,43.166067],[144.774668,43.166115],[144.774403,43.166221],[144.774199,43.166183],[144.7741,43.166104],[144.774031,43.165958],[144.773742,43.165924],[144.773355,43.165643],[144.77313,43.165671],[144.772864,43.165502],[144.772319,43.16548],[144.772122,43.165341],[144.771928,43.165311],[144.771483,43.165086],[144.771268,43.165091],[144.771137,43.165187],[144.770934,43.165244],[144.77093,43.165457],[144.770884,43.165489],[144.770592,43.165508],[144.770335,43.165645],[144.770016,43.165659],[144.769732,43.165759],[144.769533,43.165733],[144.769367,43.165592],[144.768547,43.165454],[144.768184,43.165257],[144.76809,43.165074],[144.767699,43.164898],[144.767606,43.164898],[144.767262,43.165063],[144.766926,43.164998],[144.766831,43.164855],[144.766826,43.164591],[144.766711,43.164322],[144.766701,43.163955],[144.766441,43.16377],[144.766308,43.163402],[144.766064,43.163223],[144.766041,43.162577],[144.766099,43.162433],[144.766087,43.162335],[144.765769,43.162139],[144.765704,43.161933],[144.765519,43.161766],[144.765526,43.161609],[144.764774,43.160793],[144.76426,43.160647],[144.763987,43.16043],[144.763725,43.160437],[144.76375,43.160832],[144.763902,43.161154],[144.764742,43.161983],[144.764982,43.162456],[144.764902,43.162834],[144.764762,43.162921],[144.763115,43.162754],[144.762542,43.162826],[144.76232,43.162785],[144.762073,43.16267],[144.761578,43.162001],[144.761586,43.161692],[144.761658,43.161579],[144.761816,43.161515],[144.760626,43.160712],[144.760094,43.160784],[144.759637,43.160613],[144.758326,43.159914],[144.758157,43.159718],[144.758167,43.159099],[144.757435,43.158589],[144.755917,43.159057],[144.756118,43.159079],[144.756198,43.159361],[144.756082,43.159622],[144.755876,43.159634],[144.755638,43.159864],[144.755384,43.159942],[144.75534,43.160045],[144.755231,43.160135],[144.755292,43.160548],[144.755073,43.161093],[144.755148,43.161204],[144.75584,43.161499],[144.756489,43.162217],[144.756596,43.16255],[144.755947,43.162912],[144.756023,43.163068],[144.756127,43.16309],[144.756433,43.162988],[144.756893,43.163025],[144.757163,43.162619],[144.757458,43.162631],[144.757516,43.162818],[144.757476,43.163021],[144.757386,43.163142],[144.756954,43.163393],[144.756611,43.163848],[144.756561,43.164199],[144.75661,43.16423],[144.757421,43.163474],[144.757939,43.163232],[144.75819,43.16319],[144.758301,43.163211],[144.758543,43.163367],[144.758738,43.163307],[144.758916,43.163314],[144.759058,43.163385],[144.759103,43.163519],[144.759063,43.163672],[144.75882,43.163898],[144.758484,43.163973],[144.758321,43.164113],[144.75831,43.164257],[144.758396,43.164624],[144.758258,43.164831],[144.758278,43.164993],[144.758823,43.165298],[144.759029,43.165534],[144.759007,43.165718],[144.758769,43.165832],[144.758108,43.165927],[144.757835,43.166113],[144.7578,43.166252],[144.757844,43.166315],[144.758003,43.166318],[144.758112,43.166178],[144.758448,43.166059],[144.758583,43.166067],[144.758688,43.166147],[144.758721,43.166276],[144.758849,43.166271],[144.758977,43.166198],[144.759128,43.165986],[144.75934,43.165823],[144.759681,43.16565],[144.759834,43.165653],[144.760003,43.165863],[144.760138,43.166283],[144.760202,43.166852],[144.760131,43.167068],[144.759554,43.167432],[144.759422,43.167608],[144.759281,43.168093],[144.759381,43.168191],[144.759491,43.168145],[144.759561,43.167938],[144.759694,43.167798],[144.760398,43.167259],[144.760847,43.167314],[144.761316,43.167507],[144.761665,43.167437],[144.761825,43.16745],[144.762059,43.16756],[144.762579,43.167159],[144.763442,43.167478],[144.763972,43.167604],[144.764309,43.167588],[144.765049,43.16739],[144.765604,43.167161],[144.765684,43.167209],[144.765729,43.167321],[144.765627,43.16752],[144.765047,43.168099],[144.764853,43.168675],[144.764901,43.16902],[144.765072,43.168996],[144.765218,43.168928],[144.76541,43.16863],[144.766136,43.167915],[144.766629,43.167606],[144.7669,43.167263],[144.7671,43.1671],[144.767368,43.166976],[144.767675,43.166951],[144.768012,43.167326],[144.768434,43.167664],[144.768163,43.168052],[144.768062,43.168264],[144.768035,43.168488],[144.768558,43.168156],[144.768742,43.167764],[144.768845,43.167683],[144.768949,43.16766],[144.769374,43.167728],[144.769702,43.16795],[144.76996,43.168352],[144.770488,43.168783],[144.770859,43.168973],[144.77108,43.169012],[144.771858,43.168934],[144.771939,43.168996],[144.772596,43.169004],[144.772661,43.168851],[144.772942,43.168768],[144.773726,43.167842],[144.773875,43.167948],[144.774108,43.168386],[144.774525,43.16872],[144.77519,43.169707],[144.776516,43.170562],[144.77715,43.170728],[144.778036,43.170869],[144.778624,43.170761],[144.780396,43.170285],[144.782305,43.169879],[144.782901,43.169959],[144.783407,43.170157],[144.783552,43.170394],[144.783562,43.170618],[144.783199,43.170994],[144.783743,43.171236],[144.783894,43.171101],[144.784421,43.17106],[144.78518,43.171328],[144.785423,43.171551],[144.785564,43.171576],[144.785748,43.171566],[144.785851,43.171439],[144.786028,43.171384],[144.786889,43.171516],[144.787884,43.171572],[144.788937,43.173227],[144.787846,43.176997],[144.785673,43.179276],[144.78443,43.180029],[144.784157,43.180623],[144.784237,43.181192],[144.783226,43.181971],[144.783286,43.18207],[144.783207,43.182042],[144.783152,43.182743],[144.782364,43.182842],[144.781942,43.183482],[144.780366,43.183737],[144.780138,43.184082],[144.77988,43.184155],[144.779304,43.184162],[144.779229,43.184094],[144.779195,43.183942],[144.779013,43.183881],[144.778022,43.184008],[144.777422,43.183899],[144.777185,43.183935],[144.776983,43.184072],[144.775979,43.184104],[144.775846,43.18424],[144.775728,43.18428],[144.775492,43.184196],[144.77513,43.184245],[144.774912,43.184164],[144.774583,43.184229],[144.774324,43.184171],[144.752539,43.185072]]],[[[144.81099,43.141203],[144.811243,43.141121],[144.811365,43.140989],[144.811419,43.141002],[144.811476,43.141108],[144.811616,43.140983],[144.811742,43.141037],[144.812003,43.140773],[144.812493,43.140538],[144.812632,43.140306],[144.812602,43.140177],[144.812694,43.140025],[144.812865,43.140053],[144.812909,43.140019],[144.812955,43.13989],[144.812894,43.139728],[144.813006,43.13954],[144.813354,43.139374],[144.814368,43.139255],[144.814578,43.13927],[144.81503,43.139189],[144.817854,43.138564],[144.818317,43.138442],[144.818686,43.138247],[144.819261,43.13825],[144.819906,43.138034],[144.820128,43.137788],[144.820587,43.137618],[144.821501,43.136994],[144.824112,43.138679],[144.816362,43.145399],[144.81099,43.141203]]],[[[144.833123,43.170141],[144.833064,43.16936],[144.833271,43.168691],[144.833365,43.168548],[144.833793,43.168171],[144.834508,43.167741],[144.835252,43.167481],[144.835799,43.167412],[144.837081,43.167391],[144.837934,43.167494],[144.839632,43.167916],[144.840734,43.168307],[144.84256,43.169126],[144.844038,43.16989],[144.845076,43.170541],[144.845532,43.170767],[144.847068,43.17139],[144.848511,43.172215],[144.848662,43.172391],[144.848972,43.17302],[144.849147,43.173272],[144.85039,43.173222],[144.850919,43.173245],[144.852316,43.173539],[144.852909,43.173727],[144.85421,43.174683],[144.854849,43.17488],[144.855363,43.175289],[144.856185,43.175572],[144.856355,43.175565],[144.856729,43.1754],[144.856934,43.175204],[144.85722,43.174707],[144.85731,43.174388],[144.857261,43.173306],[144.857149,43.172949],[144.856918,43.172693],[144.856516,43.172363],[144.855994,43.171971],[144.854917,43.171274],[144.854484,43.17083],[144.853729,43.170256],[144.853421,43.170074],[144.852835,43.169906],[144.851364,43.169865],[144.850799,43.169784],[144.850334,43.169605],[144.849869,43.169346],[144.848804,43.168543],[144.847838,43.167636],[144.847265,43.166928],[144.846857,43.166384],[144.846693,43.16597],[144.846782,43.165496],[144.846725,43.165067],[144.846432,43.164428],[144.846419,43.16381],[144.846271,43.163498],[144.846296,43.162406],[144.845763,43.162121],[144.845627,43.16198],[144.845594,43.161817],[144.845192,43.161631],[144.845196,43.16137],[144.844845,43.161115],[144.84479,43.160875],[144.844588,43.160563],[144.84453,43.160325],[144.844446,43.160216],[144.843382,43.159783],[144.842895,43.159389],[144.842847,43.159135],[144.843058,43.158716],[144.842659,43.15786],[144.842676,43.157495],[144.842408,43.157219],[144.842008,43.157018],[144.841506,43.156861],[144.841273,43.156625],[144.84116,43.156237],[144.841242,43.155914],[144.841191,43.155414],[144.840936,43.154892],[144.840536,43.154653],[144.839792,43.154388],[144.839283,43.154271],[144.838719,43.153962],[144.838134,43.153851],[144.837895,43.153657],[144.837683,43.153224],[144.837284,43.152864],[144.83722,43.152673],[144.837284,43.152327],[144.837225,43.152154],[144.836658,43.151576],[144.836487,43.151231],[144.836453,43.151044],[144.836881,43.150174],[144.837246,43.149688],[144.837571,43.149513],[144.837817,43.149461],[144.838144,43.149466],[144.838441,43.14953],[144.83867,43.149666],[144.839075,43.150192],[144.839172,43.15144],[144.838931,43.152092],[144.838916,43.152646],[144.838988,43.152855],[144.839188,43.153158],[144.841477,43.154582],[144.841906,43.154934],[144.842222,43.155428],[144.842831,43.155968],[144.843189,43.156205],[144.843506,43.156275],[144.844273,43.15799],[144.844381,43.158384],[144.844645,43.158886],[144.845104,43.159536],[144.845257,43.15892],[144.84543,43.15897],[144.84562,43.159175],[144.845721,43.159157],[144.845842,43.159366],[144.845822,43.159601],[144.845324,43.159756],[144.845528,43.160174],[144.846192,43.160715],[144.846704,43.161038],[144.84734,43.16127],[144.847601,43.161192],[144.847308,43.160823],[144.847387,43.160298],[144.847552,43.160486],[144.84751,43.16077],[144.848026,43.161242],[144.84811,43.161716],[144.848164,43.162664],[144.848299,43.162919],[144.848441,43.162991],[144.848792,43.162986],[144.849471,43.163327],[144.850169,43.163472],[144.850415,43.163678],[144.850969,43.164405],[144.851057,43.164475],[144.85138,43.164578],[144.851576,43.164893],[144.851873,43.164925],[144.852015,43.164996],[144.852332,43.165365],[144.852952,43.166411],[144.853572,43.16686],[144.853806,43.167287],[144.854343,43.167793],[144.854496,43.168098],[144.855154,43.168363],[144.85539,43.168545],[144.855397,43.169062],[144.855552,43.169204],[144.855872,43.169311],[144.856145,43.169338],[144.857113,43.16935],[144.857615,43.169824],[144.857812,43.17004],[144.857895,43.170221],[144.857973,43.17097],[144.858025,43.171108],[144.858582,43.171369],[144.858715,43.171499],[144.858883,43.171933],[144.859016,43.172807],[144.859085,43.172993],[144.85973,43.173869],[144.859788,43.174398],[144.859933,43.174796],[144.859917,43.174905],[144.858636,43.175876],[144.857168,43.176831],[144.856643,43.17634],[144.85605,43.176236],[144.856019,43.176118],[144.8558,43.176007],[144.855427,43.176227],[144.854932,43.175925],[144.854161,43.175633],[144.853951,43.175655],[144.853828,43.175563],[144.853427,43.175421],[144.853205,43.175169],[144.852634,43.175063],[144.851367,43.174514],[144.850895,43.174443],[144.849834,43.174412],[144.848102,43.174523],[144.847701,43.174365],[144.847079,43.173186],[144.847146,43.172928],[144.847031,43.172668],[144.846244,43.172436],[144.845582,43.172041],[144.84515,43.171971],[144.845114,43.171764],[144.844887,43.171659],[144.844689,43.171678],[144.844492,43.171592],[144.844153,43.171277],[144.841509,43.170054],[144.84122,43.169746],[144.838766,43.169054],[144.838846,43.168912],[144.838522,43.168733],[144.838304,43.168719],[144.838245,43.168873],[144.837483,43.169517],[144.837482,43.169899],[144.837097,43.169569],[144.837286,43.169219],[144.837597,43.168959],[144.837552,43.168849],[144.837652,43.16854],[144.836651,43.168071],[144.835686,43.167927],[144.834986,43.168035],[144.834588,43.168156],[144.833927,43.168557],[144.833781,43.16912],[144.833727,43.169817],[144.833956,43.169958],[144.83442,43.170638],[144.834905,43.170841],[144.834723,43.170984],[144.834314,43.170872],[144.833706,43.170526],[144.833217,43.17012],[144.833123,43.170141]]],[[[144.835292,43.031844],[144.822852,43.0318],[144.822948,43.030215],[144.823191,43.028804],[144.823649,43.027485],[144.824109,43.026495],[144.82533,43.02453],[144.823065,43.021532],[144.822305,43.020204],[144.820919,43.018142],[144.820635,43.017517],[144.820062,43.015607],[144.819964,43.014244],[144.820102,43.013006],[144.82064,43.011107],[144.822236,43.008763],[144.823867,43.007392],[144.825582,43.006349],[144.827284,43.005635],[144.828966,43.005141],[144.831311,43.004737],[144.833062,43.004665],[144.835326,43.004779],[144.837872,43.005252],[144.839628,43.005838],[144.84113,43.00652],[144.843542,43.006382],[144.842537,43.004601],[144.842077,43.003459],[144.841939,43.002347],[144.841917,43.000608],[144.842222,42.999102],[144.842978,42.997703],[144.844009,42.996209],[144.844643,42.995516],[144.845703,42.99468],[144.847799,42.99343],[144.8502,42.992289],[144.852582,42.991352],[144.855119,42.990916],[144.857466,42.990747],[144.858362,42.990758],[144.857955,42.999979],[144.85779,42.999959],[144.857728,42.999994],[144.857616,42.999917],[144.857419,42.999934],[144.857337,42.999992],[144.857149,42.999988],[144.856998,43.00012],[144.856857,43.000134],[144.856683,43.000226],[144.856676,43.000299],[144.856489,43.000426],[144.856355,43.000416],[144.856255,43.000466],[144.856105,43.000588],[144.856124,43.000672],[144.855971,43.000698],[144.855823,43.000828],[144.85582,43.000897],[144.855691,43.000907],[144.855544,43.001047],[144.85554,43.001134],[144.855413,43.001224],[144.855222,43.001301],[144.854981,43.001258],[144.854881,43.001324],[144.854747,43.001239],[144.854333,43.001281],[144.854154,43.001419],[144.854205,43.001472],[144.854137,43.001516],[144.854192,43.001651],[144.854326,43.001702],[144.854311,43.001826],[144.854376,43.001882],[144.854306,43.001976],[144.854374,43.002083],[144.854518,43.002129],[144.854608,43.002266],[144.854734,43.002331],[144.854887,43.002312],[144.854872,43.002429],[144.854965,43.002504],[144.855135,43.002533],[144.855206,43.002655],[144.855342,43.002694],[144.855366,43.002779],[144.855694,43.00292],[144.855854,43.003079],[144.855963,43.003071],[144.85617,43.003226],[144.856299,43.003234],[144.856432,43.003343],[144.85676,43.003406],[144.856788,43.003475],[144.856948,43.003576],[144.857116,43.003588],[144.857307,43.003724],[144.857553,43.003724],[144.857701,43.00379],[144.857842,43.003735],[144.857998,43.003832],[144.858209,43.003836],[144.858357,43.004045],[144.858475,43.004057],[144.858451,43.004147],[144.858568,43.004295],[144.858662,43.004307],[144.858736,43.004485],[144.858877,43.004493],[144.858826,43.004575],[144.85885,43.004804],[144.858951,43.004886],[144.858947,43.005057],[144.859017,43.005112],[144.859041,43.005286],[144.85917,43.005333],[144.859133,43.005383],[144.85974,43.006518],[144.859962,43.007122],[144.861335,43.007169],[144.862193,43.00915],[144.861175,43.010142],[144.860121,43.010372],[144.858913,43.009614],[144.858202,43.008944],[144.857799,43.008397],[144.857692,43.008632],[144.857361,43.00842],[144.857223,43.008596],[144.857188,43.008854],[144.857028,43.009029],[144.857074,43.009103],[144.857,43.009181],[144.857004,43.009275],[144.85677,43.009445],[144.856766,43.009516],[144.85668,43.009539],[144.856672,43.009741],[144.856555,43.009788],[144.856426,43.009907],[144.856438,43.009954],[144.856321,43.010013],[144.856295,43.010127],[144.856049,43.010436],[144.855621,43.010669],[144.855161,43.011084],[144.854715,43.011378],[144.85418,43.011877],[144.855473,43.013403],[144.856415,43.015897],[144.852689,43.016995],[144.852223,43.017231],[144.852187,43.017167],[144.850753,43.018009],[144.850824,43.01964],[144.850703,43.020707],[144.851181,43.021298],[144.852274,43.02153],[144.854046,43.022029],[144.853977,43.022988],[144.852988,43.023614],[144.852775,43.0237],[144.852297,43.023265],[144.852357,43.022914],[144.852299,43.022838],[144.851583,43.023021],[144.851002,43.023052],[144.850019,43.021612],[144.847428,43.020911],[144.847338,43.020356],[144.85007,43.020857],[144.849334,43.0196],[144.848868,43.018903],[144.849044,43.018825],[144.84901,43.018623],[144.846845,43.019179],[144.846477,43.019142],[144.845979,43.018861],[144.845827,43.018857],[144.845494,43.018537],[144.843804,43.018205],[144.844152,43.018062],[144.84541,43.017915],[144.845135,43.017298],[144.844956,43.016737],[144.842564,43.01586],[144.84213,43.015829],[144.842075,43.0157],[144.841265,43.01575],[144.841136,43.015806],[144.840356,43.01583],[144.839033,43.016016],[144.838033,43.015971],[144.837519,43.015865],[144.837276,43.015768],[144.83691,43.015338],[144.836402,43.015174],[144.836175,43.014881],[144.835597,43.014865],[144.835072,43.014618],[144.834091,43.01439],[144.833939,43.014212],[144.833668,43.014016],[144.832998,43.013744],[144.832808,43.013784],[144.832547,43.014038],[144.832364,43.014146],[144.832301,43.014222],[144.832305,43.014334],[144.83254,43.014801],[144.832666,43.014916],[144.833191,43.015192],[144.833333,43.015408],[144.833548,43.015474],[144.833772,43.01589],[144.83383,43.016213],[144.833747,43.016588],[144.83378,43.016961],[144.834234,43.0176],[144.834292,43.018053],[144.834452,43.018474],[144.834687,43.018799],[144.835162,43.019227],[144.835584,43.019705],[144.836311,43.020105],[144.83641,43.020448],[144.836691,43.0209],[144.836988,43.020998],[144.837425,43.021359],[144.837735,43.021891],[144.837822,43.022292],[144.837973,43.022273],[144.838035,43.022404],[144.838136,43.02274],[144.838251,43.022922],[144.838333,43.023264],[144.838421,43.024057],[144.838402,43.024344],[144.838007,43.02558],[144.837447,43.026678],[144.836971,43.027394],[144.83663,43.027775],[144.836552,43.028195],[144.836427,43.028443],[144.835993,43.029003],[144.835748,43.029512],[144.835198,43.030363],[144.835159,43.030629],[144.835205,43.030745],[144.835169,43.030875],[144.835202,43.030972],[144.834988,43.031474],[144.835093,43.031593],[144.835052,43.031664],[144.835247,43.031757],[144.835292,43.031844]]],[[[144.850534,43.057976],[144.850399,43.058062],[144.848612,43.056829],[144.849115,43.056357],[144.853529,43.052893],[144.855724,43.051806],[144.855699,43.051743],[144.85584,43.051709],[144.855875,43.051776],[144.856448,43.051602],[144.856613,43.051592],[144.85664,43.051652],[144.856892,43.051589],[144.856868,43.051531],[144.857069,43.051474],[144.857158,43.051249],[144.857029,43.050987],[144.857032,43.050752],[144.857155,43.050638],[144.8574,43.050539],[144.857548,43.050423],[144.857541,43.050383],[144.857341,43.050419],[144.857318,43.050365],[144.857518,43.050323],[144.857325,43.050011],[144.857409,43.049802],[144.857237,43.049811],[144.857262,43.049767],[144.857382,43.049747],[144.857362,43.049677],[144.85727,43.04966],[144.857242,43.049396],[144.857066,43.048993],[144.856852,43.048759],[144.856424,43.048679],[144.855802,43.048745],[144.855617,43.048711],[144.855568,43.048638],[144.855082,43.048698],[144.855045,43.048796],[144.854881,43.048844],[144.854897,43.048954],[144.854832,43.048969],[144.854791,43.048872],[144.854499,43.048934],[144.854466,43.048878],[144.854379,43.048929],[144.854389,43.048858],[144.854317,43.048734],[144.851857,43.045365],[144.854108,43.043868],[144.853994,43.04377],[144.854051,43.04352],[144.854129,43.04335],[144.854302,43.043175],[144.854183,43.043084],[144.85424,43.043043],[144.854366,43.043122],[144.854443,43.042989],[144.854332,43.042686],[144.854211,43.042649],[144.854276,43.042638],[144.854321,43.042555],[144.854287,43.042529],[144.854413,43.042398],[144.854382,43.04237],[144.85469,43.04212],[144.85463,43.04208],[144.85486,43.041894],[144.854736,43.041802],[144.854779,43.041759],[144.85485,43.041807],[144.855214,43.041494],[144.855104,43.041388],[144.855176,43.041353],[144.855296,43.04143],[144.855398,43.041334],[144.855444,43.041384],[144.856087,43.041128],[144.856287,43.040975],[144.856211,43.040887],[144.856254,43.040862],[144.856321,43.040912],[144.856393,43.040863],[144.856506,43.040945],[144.85665,43.040822],[144.856515,43.04075],[144.856647,43.040692],[144.856604,43.04066],[144.856697,43.040581],[144.856668,43.040562],[144.856701,43.040526],[144.856802,43.040575],[144.8569,43.040481],[144.85683,43.040427],[144.856884,43.040378],[144.856967,43.040411],[144.857095,43.040279],[144.857126,43.04022],[144.857052,43.040207],[144.857182,43.040121],[144.857128,43.04009],[144.857144,43.040039],[144.857293,43.040034],[144.857481,43.039612],[144.85742,43.039576],[144.857502,43.039574],[144.857533,43.039509],[144.857712,43.039409],[144.857848,43.039115],[144.857973,43.03912],[144.858011,43.038972],[144.857955,43.038968],[144.857957,43.03892],[144.858041,43.03892],[144.858055,43.038723],[144.857981,43.038706],[144.858062,43.038563],[144.858312,43.03858],[144.858357,43.038461],[144.858333,43.038197],[144.858394,43.038092],[144.858333,43.038027],[144.858333,43.037936],[144.85844,43.037721],[144.858505,43.037734],[144.858539,43.037619],[144.858491,43.03761],[144.858513,43.03753],[144.858357,43.037463],[144.858493,43.036704],[144.858333,43.03668],[144.858333,43.036537],[144.858371,43.036456],[144.85844,43.036463],[144.858599,43.036149],[144.858612,43.035993],[144.858538,43.035981],[144.858552,43.035936],[144.858657,43.035953],[144.858704,43.035763],[144.858815,43.035779],[144.858901,43.035594],[144.858963,43.035599],[144.859025,43.035495],[144.859029,43.035303],[144.858841,43.035273],[144.858886,43.035139],[144.859043,43.035164],[144.859135,43.034884],[144.858901,43.034842],[144.858928,43.034771],[144.85921,43.034816],[144.859238,43.034725],[144.859278,43.034727],[144.859382,43.034495],[144.859271,43.034468],[144.859266,43.034388],[144.859338,43.034366],[144.859378,43.034138],[144.859444,43.034157],[144.859483,43.034089],[144.859408,43.034062],[144.859487,43.033911],[144.859657,43.03396],[144.85974,43.033915],[144.859681,43.033895],[144.859706,43.033854],[144.859945,43.03391],[144.859979,43.03385],[144.860125,43.033855],[144.860165,43.03379],[144.859831,43.033624],[144.85995,43.033637],[144.859975,43.033598],[144.860162,43.033665],[144.860183,43.033632],[144.860066,43.033591],[144.860103,43.03353],[144.860177,43.03356],[144.860199,43.033533],[144.860116,43.033514],[144.860317,43.03328],[144.860373,43.033279],[144.86026,43.033219],[144.860422,43.033233],[144.860482,43.033183],[144.860232,43.033074],[144.860283,43.03298],[144.860483,43.033071],[144.860513,43.03304],[144.860433,43.033],[144.8605,43.032918],[144.860466,43.0329],[144.860586,43.03291],[144.860569,43.032841],[144.860719,43.032906],[144.860742,43.032887],[144.860679,43.032856],[144.860717,43.032805],[144.860906,43.032892],[144.86102,43.032775],[144.86095,43.03274],[144.861059,43.032706],[144.860779,43.03257],[144.860838,43.032441],[144.860885,43.032463],[144.861021,43.032294],[144.860643,43.032116],[144.860942,43.032224],[144.860966,43.032168],[144.860894,43.032142],[144.860955,43.032058],[144.860826,43.031999],[144.860831,43.031966],[144.860886,43.031909],[144.86106,43.031873],[144.861745,43.032179],[144.861911,43.032004],[144.861809,43.031951],[144.861917,43.031836],[144.862018,43.031891],[144.862165,43.031716],[144.862219,43.031642],[144.861848,43.031475],[144.861829,43.031425],[144.861882,43.031342],[144.86164,43.031198],[144.861866,43.031022],[144.862419,43.031307],[144.8624,43.031265],[144.862456,43.031276],[144.862433,43.031236],[144.862531,43.031154],[144.862484,43.031124],[144.862661,43.030933],[144.862725,43.030919],[144.862695,43.030901],[144.862759,43.030888],[144.862725,43.030866],[144.862783,43.030779],[144.862914,43.030825],[144.862946,43.030799],[144.862919,43.03073],[144.863025,43.030699],[144.862954,43.030653],[144.863111,43.030532],[144.863163,43.030566],[144.863287,43.030467],[144.863245,43.030436],[144.863287,43.030403],[144.863328,43.030432],[144.863446,43.030345],[144.863392,43.030299],[144.863478,43.030232],[144.863549,43.030238],[144.863506,43.030204],[144.863914,43.030012],[144.863763,43.029884],[144.864021,43.029691],[144.864093,43.029707],[144.864178,43.029652],[144.864105,43.029579],[144.864138,43.029564],[144.8647,43.029489],[144.864874,43.029376],[144.864988,43.029558],[144.865281,43.0295],[144.865293,43.029629],[144.865478,43.029591],[144.865344,43.029302],[144.865471,43.029278],[144.865511,43.02938],[144.865557,43.029369],[144.865529,43.029277],[144.86558,43.029291],[144.865718,43.029418],[144.865707,43.029301],[144.865795,43.029294],[144.865787,43.029195],[144.86585,43.029189],[144.865918,43.029551],[144.866041,43.029535],[144.866009,43.029351],[144.866068,43.029285],[144.866211,43.029248],[144.866349,43.029113],[144.86649,43.029118],[144.866496,43.029309],[144.867079,43.029347],[144.867053,43.029463],[144.867128,43.029468],[144.86717,43.029302],[144.867541,43.029393],[144.867337,43.029949],[144.867501,43.030011],[144.867536,43.029891],[144.867771,43.02991],[144.867719,43.030069],[144.86785,43.030103],[144.86794,43.030108],[144.867964,43.030042],[144.868066,43.030057],[144.868052,43.030117],[144.868169,43.03012],[144.868246,43.029893],[144.868392,43.029969],[144.868542,43.029924],[144.868588,43.029711],[144.868725,43.029721],[144.868689,43.029834],[144.868877,43.029907],[144.868848,43.029977],[144.868906,43.029989],[144.868891,43.030023],[144.868989,43.030035],[144.869058,43.02981],[144.869118,43.029825],[144.869064,43.029964],[144.86922,43.029962],[144.86919,43.030056],[144.869347,43.030069],[144.869569,43.029535],[144.869398,43.030045],[144.869531,43.030053],[144.869495,43.030548],[144.869666,43.030545],[144.869704,43.030144],[144.870232,43.03014],[144.870271,43.030447],[144.870362,43.030448],[144.870341,43.030329],[144.870643,43.030334],[144.870693,43.030594],[144.870806,43.030581],[144.870754,43.030315],[144.870712,43.030298],[144.870729,43.03016],[144.871614,43.030112],[144.871622,43.030273],[144.871671,43.030286],[144.871851,43.030284],[144.871849,43.030191],[144.872044,43.030172],[144.872057,43.030285],[144.872206,43.03027],[144.872171,43.030006],[144.872091,43.029952],[144.872098,43.029864],[144.872183,43.029835],[144.872478,43.029811],[144.872702,43.029857],[144.872783,43.030119],[144.873041,43.030011],[144.873246,43.030061],[144.873786,43.029776],[144.873673,43.029679],[144.875084,43.028773],[144.874778,43.028412],[144.874875,43.028272],[144.875574,43.028013],[144.875892,43.027776],[144.876097,43.027797],[144.876538,43.02735],[144.877128,43.02696],[144.877676,43.026476],[144.878784,43.025668],[144.878868,43.025649],[144.87915,43.02578],[144.879277,43.025687],[144.879815,43.02511],[144.879561,43.024804],[144.879495,43.024598],[144.87949,43.024413],[144.879558,43.024192],[144.879749,43.023909],[144.880785,43.023122],[144.88185,43.022477],[144.882448,43.021925],[144.883116,43.021695],[144.883368,43.021668],[144.883444,43.021747],[144.884312,43.021645],[144.884345,43.021467],[144.885529,43.021177],[144.886666,43.020681],[144.887325,43.020571],[144.88777,43.020555],[144.888666,43.020179],[144.889281,43.020004],[144.890435,43.019866],[144.891788,43.020036],[144.892158,43.019977],[144.892554,43.019811],[144.893252,43.019422],[144.894283,43.018574],[144.894832,43.018343],[144.895375,43.018011],[144.896055,43.017445],[144.896798,43.017127],[144.897289,43.017092],[144.898936,43.016789],[144.899174,43.016784],[144.901362,43.016984],[144.90191,43.016975],[144.902617,43.017151],[144.903159,43.01721],[144.903475,43.018763],[144.904496,43.019018],[144.908333,43.020209],[144.911593,43.022301],[144.912466,43.023006],[144.91334,43.02386],[144.91345,43.024532],[144.913138,43.026307],[144.913146,43.02711],[144.912876,43.028027],[144.912962,43.028867],[144.913758,43.029572],[144.914782,43.030107],[144.918605,43.030496],[144.920642,43.030559],[144.923627,43.030056],[144.925672,43.028512],[144.928638,43.027393],[144.930848,43.027062],[144.931518,43.027731],[144.932523,43.02892],[144.933706,43.029959],[144.93374,43.03078],[144.933333,43.03194],[144.932897,43.032746],[144.931894,43.03419],[144.931551,43.035349],[144.931649,43.037328],[144.931763,43.038411],[144.932206,43.039304],[144.933845,43.040191],[144.934867,43.040577],[144.936276,43.041297],[144.939216,43.0424],[144.94037,43.043196],[144.939992,43.043534],[144.937012,43.047922],[144.936223,43.050242],[144.935387,43.050658],[144.934778,43.050885],[144.934027,43.051992],[144.933982,43.052515],[144.93381,43.053132],[144.933333,43.053472],[144.928204,43.054473],[144.927699,43.05483],[144.925731,43.056541],[144.924418,43.057576],[144.922205,43.059513],[144.920815,43.060473],[144.918185,43.062169],[144.913229,43.064327],[144.909549,43.065487],[144.906957,43.0661],[144.904926,43.066667],[144.901331,43.067495],[144.897313,43.068078],[144.894564,43.068243],[144.891667,43.068333],[144.886385,43.067934],[144.883333,43.067521],[144.850534,43.057976]]],[[[144.857955,42.999979],[144.858148,42.999998],[144.858302,43.000053],[144.858354,43.000119],[144.858674,43.000185],[144.859507,43.00001],[144.860242,42.999755],[144.861065,42.999553],[144.863144,42.998929],[144.865273,42.998134],[144.865507,42.997971],[144.865985,42.997899],[144.866648,42.99767],[144.867116,42.997398],[144.868119,42.997141],[144.868945,42.996868],[144.869108,42.996781],[144.869279,42.996597],[144.868501,42.995551],[144.868575,42.995517],[144.869209,42.996379],[144.870165,42.995956],[144.870105,42.995878],[144.870249,42.995815],[144.869951,42.995429],[144.870176,42.99533],[144.870619,42.995897],[144.871508,42.995524],[144.870876,42.994707],[144.869342,42.995156],[144.86774,42.995166],[144.867739,42.995106],[144.869329,42.995081],[144.870973,42.994554],[144.872056,42.992834],[144.872091,42.992182],[144.872194,42.992185],[144.872188,42.992333],[144.872371,42.992335],[144.872369,42.992408],[144.872187,42.992407],[144.87217,42.992885],[144.871099,42.994617],[144.871637,42.995315],[144.873521,42.993901],[144.872476,42.993161],[144.872526,42.993116],[144.8733,42.993661],[144.87413,42.993038],[144.87371,42.992753],[144.872708,42.992747],[144.872708,42.992679],[144.873739,42.992686],[144.874335,42.993091],[144.874719,42.992817],[144.874673,42.992736],[144.874691,42.992587],[144.874817,42.992558],[144.874775,42.9924],[144.874667,42.992376],[144.874617,42.992314],[144.874658,42.9921],[144.874733,42.992036],[144.874722,42.991862],[144.874654,42.991784],[144.875347,42.990307],[144.875339,42.990077],[144.875252,42.989917],[144.874597,42.989248],[144.874497,42.989033],[144.874383,42.98896],[144.874313,42.98876],[144.874392,42.988671],[144.874311,42.988618],[144.874369,42.988392],[144.874329,42.98828],[144.874509,42.988131],[144.874663,42.988153],[144.874836,42.987953],[144.874881,42.987826],[144.874798,42.987749],[144.874809,42.987642],[144.874692,42.987584],[144.874768,42.98741],[144.874908,42.987396],[144.875137,42.987281],[144.875309,42.987291],[144.875497,42.987161],[144.875686,42.986948],[144.875623,42.9868],[144.87569,42.986729],[144.875634,42.986609],[144.87572,42.986472],[144.875793,42.986443],[144.875716,42.98632],[144.875944,42.986165],[144.876035,42.985036],[144.873467,42.984392],[144.871064,42.983214],[144.869646,42.982281],[144.867966,42.980785],[144.867185,42.979598],[144.866313,42.977785],[144.865828,42.976158],[144.865871,42.974865],[144.866339,42.972558],[144.865309,42.972],[144.863767,42.970989],[144.862279,42.969399],[144.86102,42.967289],[144.860241,42.965024],[144.859305,42.96329],[144.858894,42.962713],[144.858672,42.961836],[144.857897,42.961104],[144.857248,42.960214],[144.856816,42.95973],[144.856487,42.958776],[144.855518,42.957856],[144.85487,42.957092],[144.854153,42.955763],[144.853655,42.955014],[144.853278,42.953558],[144.853181,42.951882],[144.851915,42.948958],[144.851687,42.947407],[144.851755,42.94562],[144.851875,42.94482],[144.853025,42.942401],[144.85437,42.940858],[144.856041,42.939407],[144.858332,42.938157],[144.861118,42.937249],[144.862948,42.936847],[144.865764,42.936848],[144.868412,42.937209],[144.870744,42.937918],[144.873307,42.939267],[144.876835,42.940079],[144.878593,42.940915],[144.881184,42.942468],[144.883057,42.944119],[144.88506,42.946428],[144.88612,42.947911],[144.889639,42.950336],[144.891217,42.952318],[144.892003,42.9541],[144.89236,42.955555],[144.892641,42.957905],[144.892067,42.960243],[144.891019,42.96202],[144.88988,42.963343],[144.889061,42.964053],[144.887694,42.964985],[144.88685,42.965883],[144.88745,42.966205],[144.888998,42.967246],[144.890808,42.968913],[144.891523,42.969928],[144.892564,42.971615],[144.893264,42.973209],[144.893773,42.974719],[144.89369,42.975973],[144.893279,42.97748],[144.894862,42.977753],[144.897511,42.978052],[144.899141,42.978732],[144.900729,42.979538],[144.901364,42.979002],[144.902508,42.978211],[144.905658,42.97741],[144.907789,42.977053],[144.911674,42.977124],[144.91309,42.975737],[144.914402,42.974695],[144.917035,42.973457],[144.920138,42.972248],[144.923294,42.97201],[144.928509,42.972669],[144.931596,42.973936],[144.933448,42.975429],[144.934193,42.977149],[144.934497,42.977617],[144.934967,42.977646],[144.935943,42.977076],[144.938342,42.975933],[144.941149,42.975007],[144.944344,42.974423],[144.947839,42.973995],[144.951767,42.974065],[144.952899,42.973211],[144.954514,42.972543],[144.956897,42.97187],[144.960092,42.971318],[144.964445,42.971259],[144.968376,42.971611],[144.971455,42.972093],[144.975255,42.972226],[144.980976,42.974133],[144.985872,42.976609],[144.989184,42.978656],[144.99133,42.979614],[144.99463,42.98069],[144.997118,42.981645],[144.999558,42.982193],[145.003635,42.982167],[145.007571,42.982893],[145.012497,42.984208],[145.018748,42.986454],[145.021883,42.987969],[145.023436,42.989213],[145.028106,42.990497],[145.030627,42.991483],[145.03317,42.993347],[145.035804,42.995617],[145.03741,42.997706],[145.038101,43.001619],[145.038595,43.003528],[145.040939,43.006458],[145.041593,43.007519],[145.042575,43.010772],[145.042941,43.012682],[145.042573,43.013969],[145.041401,43.015827],[145.040014,43.017592],[145.042057,43.020367],[145.042157,43.021464],[145.051129,43.021527],[145.052487,43.021705],[145.056781,43.023368],[145.059624,43.025165],[145.063397,43.029433],[145.064748,43.031398],[145.067656,43.031597],[145.069874,43.032145],[145.072539,43.033286],[145.073783,43.033684],[145.080276,43.033575],[145.084492,43.034077],[145.08668,43.03475],[145.088704,43.035895],[145.090975,43.03638],[145.091966,43.036968],[145.094437,43.036417],[145.096526,43.03612],[145.100075,43.03625],[145.104461,43.037536],[145.106912,43.038646],[145.112567,43.03967],[145.116982,43.040608],[145.121364,43.042236],[145.125256,43.045497],[145.127815,43.048111],[145.128791,43.050611],[145.128864,43.052742],[145.128864,43.054971],[145.131145,43.056113],[145.132827,43.057166],[145.134427,43.058407],[145.135638,43.059432],[145.136907,43.059225],[145.139317,43.059206],[145.141349,43.059331],[145.143962,43.05975],[145.146445,43.060341],[145.149035,43.060603],[145.151621,43.060943],[145.154237,43.061534],[145.155977,43.0621],[145.157742,43.062948],[145.15929,43.06397],[145.160375,43.065011],[145.160986,43.065884],[145.162546,43.067674],[145.165187,43.06701],[145.167983,43.066706],[145.17057,43.066764],[145.173267,43.067008],[145.174762,43.067294],[145.177123,43.067902],[145.178718,43.068813],[145.180317,43.069913],[145.181611,43.071047],[145.183021,43.072367],[145.184028,43.073989],[145.184414,43.075459],[145.184561,43.076696],[145.184117,43.078392],[145.181647,43.081547],[145.180192,43.082906],[145.1793,43.083243],[145.179047,43.083496],[145.177287,43.084137],[145.175953,43.08501],[145.175576,43.08553],[145.175079,43.086615],[145.174054,43.088081],[145.172756,43.089565],[145.170724,43.091007],[145.168415,43.092468],[145.166023,43.093349],[145.162888,43.093938],[145.158851,43.094236],[145.156948,43.094252],[145.154057,43.094008],[145.151592,43.093604],[145.14919,43.093169],[145.147034,43.092653],[145.140034,43.090701],[145.139997,43.083681],[145.13993,43.081162],[145.139587,43.081117],[145.139432,43.081008],[145.138954,43.080944],[145.138392,43.080602],[145.137222,43.08003],[145.1357,43.079741],[145.135121,43.079541],[145.135196,43.079307],[145.134664,43.079185],[145.134379,43.07928],[145.13448,43.078985],[145.133846,43.078651],[145.133886,43.078523],[145.133712,43.078494],[145.133743,43.078398],[145.13347,43.078075],[145.133138,43.077992],[145.132427,43.077635],[145.132189,43.077584],[145.132937,43.076858],[145.133287,43.076417],[145.133014,43.076256],[145.132598,43.075869],[145.132554,43.075861],[145.13158,43.077136],[145.131884,43.077358],[145.131865,43.077384],[145.130356,43.076937],[145.129212,43.076716],[145.129252,43.076588],[145.128749,43.076502],[145.128517,43.076273],[145.128478,43.075733],[145.12872,43.075159],[145.12877,43.074783],[145.128715,43.074526],[145.128387,43.074422],[145.128255,43.074674],[145.127674,43.07548],[145.127032,43.075716],[145.126838,43.07588],[145.126661,43.076114],[145.12647,43.076239],[145.12534,43.076637],[145.124968,43.076865],[145.124856,43.076987],[145.124479,43.077186],[145.124077,43.07733],[145.123387,43.077486],[145.123022,43.077745],[145.122291,43.078089],[145.121493,43.078275],[145.120058,43.078511],[145.119607,43.078501],[145.116828,43.074122],[145.114896,43.0714],[145.110165,43.067862],[145.109371,43.066129],[145.108879,43.064534],[145.109259,43.062666],[145.102496,43.062058],[145.099802,43.062016],[145.096386,43.062292],[145.094042,43.062027],[145.092025,43.061415],[145.090176,43.060614],[145.088918,43.060209],[145.088639,43.060934],[145.088438,43.060861],[145.088184,43.060878],[145.087931,43.061002],[145.087809,43.061142],[145.087793,43.061412],[145.087899,43.06159],[145.088226,43.061727],[145.088314,43.061494],[145.088405,43.061517],[145.088068,43.062445],[145.087973,43.062418],[145.08806,43.062154],[145.08771,43.06209],[145.08741,43.062177],[145.087142,43.062419],[145.087104,43.062695],[145.087326,43.0631],[145.087349,43.06332],[145.087004,43.063741],[145.086866,43.063989],[145.086826,43.064396],[145.086958,43.065317],[145.087318,43.066245],[145.087617,43.06687],[145.088271,43.067944],[145.089362,43.069392],[145.089705,43.069672],[145.09043,43.069761],[145.090514,43.069807],[145.090603,43.069975],[145.09053,43.070414],[145.090622,43.070671],[145.090751,43.070792],[145.09096,43.070889],[145.091613,43.071019],[145.091633,43.071096],[145.09153,43.071487],[145.091636,43.071806],[145.091883,43.071999],[145.092591,43.072177],[145.092615,43.072704],[145.092697,43.072875],[145.093083,43.073154],[145.093742,43.073357],[145.09385,43.073756],[145.09405,43.074097],[145.094282,43.074242],[145.09503,43.074465],[145.095267,43.074988],[145.095359,43.075095],[145.096272,43.075624],[145.096939,43.076176],[145.097414,43.076316],[145.098017,43.0763],[145.098172,43.076795],[145.098561,43.07706],[145.099299,43.077279],[145.100227,43.07783],[145.101093,43.077987],[145.101699,43.078387],[145.103268,43.078899],[145.104926,43.079282],[145.105133,43.079285],[145.105542,43.079164],[145.106124,43.078547],[145.106191,43.078595],[145.105659,43.079127],[145.104377,43.080628],[145.104013,43.080701],[145.102783,43.080481],[145.102258,43.080823],[145.101789,43.081425],[145.101159,43.08129],[145.100503,43.081506],[145.100569,43.081567],[145.100456,43.082682],[145.10127,43.083373],[145.102938,43.083809],[145.103574,43.084663],[145.103073,43.086372],[145.103055,43.086324],[145.101109,43.087508],[145.094885,43.082012],[145.097186,43.080705],[145.092052,43.076795],[145.088977,43.074602],[145.087071,43.073094],[145.084774,43.070422],[145.084316,43.068971],[145.083944,43.067046],[145.083683,43.064943],[145.078536,43.064358],[145.078868,43.064987],[145.076444,43.065499],[145.076149,43.064186],[145.075592,43.063311],[145.075235,43.062436],[145.075312,43.061627],[145.07564,43.06088],[145.075517,43.060288],[145.075508,43.059484],[145.07518,43.059103],[145.074538,43.058803],[145.072131,43.057895],[145.070864,43.056664],[145.072829,43.056091],[145.073303,43.056202],[145.073412,43.055174],[145.07362,43.05512],[145.073705,43.054585],[145.073657,43.053946],[145.074532,43.053589],[145.076656,43.053352],[145.077419,43.053414],[145.078569,43.053878],[145.079423,43.053872],[145.079957,43.053492],[145.080549,43.052572],[145.081451,43.051418],[145.082439,43.050349],[145.08406,43.0506],[145.084237,43.050717],[145.084461,43.05078],[145.086336,43.05119],[145.086405,43.051094],[145.087085,43.051059],[145.087224,43.050773],[145.087197,43.050674],[145.087131,43.050627],[145.087186,43.050565],[145.087192,43.050454],[145.087383,43.050105],[145.087477,43.050031],[145.087446,43.049888],[145.08752,43.049833],[145.087532,43.049693],[145.087637,43.049557],[145.087617,43.049475],[145.08775,43.049386],[145.087911,43.049051],[145.087934,43.048821],[145.087876,43.048717],[145.087876,43.048522],[145.087923,43.04844],[145.087907,43.048363],[145.087969,43.048316],[145.087946,43.048169],[145.088036,43.047846],[145.087926,43.047639],[145.087805,43.047636],[145.087508,43.047446],[145.087367,43.047414],[145.087344,43.047305],[145.087102,43.047111],[145.087012,43.047095],[145.087067,43.046788],[145.087251,43.046815],[145.087235,43.046711],[145.087145,43.04659],[145.086759,43.046379],[145.086645,43.046232],[145.086497,43.046197],[145.086333,43.045878],[145.086251,43.045805],[145.086243,43.045723],[145.08613,43.045621],[145.086134,43.045537],[145.086048,43.04549],[145.086032,43.045373],[145.085969,43.045318],[145.085981,43.045128],[145.085864,43.044926],[145.085376,43.044799],[145.084856,43.044772],[145.084532,43.044921],[145.084528,43.045014],[145.084107,43.045129],[145.083946,43.045082],[145.083415,43.04472],[145.083114,43.04469],[145.082716,43.044739],[145.082255,43.044621],[145.082212,43.04449],[145.082236,43.044412],[145.082162,43.044318],[145.081966,43.04421],[145.081364,43.044107],[145.081228,43.0439],[145.081067,43.043841],[145.080767,43.043154],[145.080459,43.042859],[145.079951,43.042844],[145.079439,43.042767],[145.079353,43.042795],[145.079158,43.042736],[145.078724,43.042808],[145.078459,43.042769],[145.078072,43.042864],[145.077635,43.042888],[145.077529,43.04297],[145.077084,43.043065],[145.077006,43.043132],[145.076463,43.043039],[145.076369,43.042965],[145.076014,43.042884],[145.075483,43.042917],[145.075373,43.042976],[145.074994,43.042957],[145.074897,43.043012],[145.074475,43.042959],[145.074342,43.042982],[145.073503,43.042804],[145.073299,43.042836],[145.072557,43.042709],[145.072198,43.042769],[145.072124,43.042839],[145.072038,43.042847],[145.071784,43.042777],[145.071686,43.042703],[145.071323,43.042641],[145.071073,43.042517],[145.070901,43.042611],[145.070733,43.042638],[145.070659,43.042603],[145.070639,43.042455],[145.070589,43.042409],[145.070358,43.042483],[145.069995,43.04243],[145.069448,43.042174],[145.068757,43.042307],[145.067898,43.042056],[145.067425,43.041994],[145.067007,43.041819],[145.066202,43.041615],[145.066019,43.04149],[145.065984,43.04124],[145.065914,43.041179],[145.065367,43.041055],[145.0653,43.04093],[145.065187,43.040875],[145.064722,43.040818],[145.064499,43.040628],[145.064332,43.040643],[145.064265,43.040714],[145.064093,43.040723],[145.063777,43.040649],[145.063625,43.040681],[145.063453,43.04063],[145.062781,43.040589],[145.062516,43.040504],[145.062097,43.040258],[145.061457,43.040206],[145.061274,43.040237],[145.060789,43.040132],[145.060658,43.040032],[145.059976,43.03983],[145.059568,43.039561],[145.057955,43.040569],[145.057351,43.040672],[145.0557,43.042268],[145.053367,43.04074],[145.053442,43.040602],[145.053343,43.040462],[145.052475,43.039952],[145.051801,43.039447],[145.051583,43.039351],[145.051583,43.039285],[145.051277,43.038828],[145.051174,43.038501],[145.051016,43.038322],[145.050263,43.037851],[145.048985,43.037569],[145.047914,43.037841],[145.047667,43.037792],[145.046856,43.03739],[145.048012,43.036802],[145.049433,43.036449],[145.04944,43.036412],[145.049384,43.036409],[145.04937,43.036224],[145.049274,43.036049],[145.048719,43.035431],[145.048604,43.035311],[145.047968,43.034892],[145.04818,43.034567],[145.048879,43.034382],[145.049031,43.034253],[145.049135,43.033944],[145.049254,43.033954],[145.049266,43.033902],[145.049855,43.034055],[145.050236,43.034249],[145.05083,43.033544],[145.05176,43.034177],[145.051694,43.034265],[145.052569,43.034782],[145.052901,43.034582],[145.052178,43.034079],[145.052397,43.033855],[145.052103,43.033704],[145.051862,43.03367],[145.051429,43.033489],[145.050797,43.03308],[145.050261,43.03259],[145.050134,43.032172],[145.050188,43.031418],[145.050295,43.031289],[145.050321,43.031159],[145.050317,43.030902],[145.050262,43.030829],[145.050071,43.030743],[145.04968,43.030674],[145.049454,43.030779],[145.049211,43.030718],[145.049161,43.030605],[145.049067,43.030554],[145.048782,43.030507],[145.048684,43.030587],[145.048321,43.03045],[145.047802,43.030589],[145.047344,43.030801],[145.047137,43.030844],[145.047028,43.030946],[145.04663,43.03092],[145.046462,43.030991],[145.045962,43.030987],[145.045794,43.031046],[145.045286,43.030934],[145.045169,43.030844],[145.044845,43.030744],[145.044704,43.03076],[145.044587,43.030681],[145.044067,43.030609],[145.04349,43.030414],[145.043369,43.030322],[145.043029,43.030259],[145.042478,43.030265],[145.042306,43.030336],[145.042165,43.030305],[145.041822,43.030439],[145.041697,43.030431],[145.041372,43.030541],[145.041189,43.030686],[145.04067,43.030797],[145.041016,43.031324],[145.041464,43.031389],[145.041398,43.031578],[145.04167,43.031996],[145.042245,43.032661],[145.041966,43.032757],[145.041037,43.032918],[145.041489,43.033869],[145.040992,43.034032],[145.039975,43.03457],[145.038067,43.033992],[145.037517,43.033455],[145.035246,43.032899],[145.034211,43.032447],[145.035097,43.032026],[145.036322,43.031353],[145.036216,43.031217],[145.037662,43.030993],[145.03782,43.030542],[145.036881,43.030084],[145.036382,43.029944],[145.036267,43.029887],[145.03619,43.029749],[145.035916,43.029641],[145.035819,43.029653],[145.035705,43.029544],[145.035475,43.029473],[145.035377,43.029494],[145.035041,43.029346],[145.034768,43.029366],[145.034405,43.029499],[145.034393,43.029579],[145.034233,43.029727],[145.034033,43.029825],[145.033999,43.029906],[145.033551,43.029947],[145.032715,43.029887],[145.032684,43.02998],[145.033092,43.030313],[145.032943,43.030531],[145.0319,43.030246],[145.030844,43.030508],[145.030611,43.031874],[145.029884,43.032718],[145.032127,43.033127],[145.032049,43.033344],[145.029681,43.033626],[145.028809,43.033958],[145.02761,43.034594],[145.026615,43.034846],[145.025533,43.035031],[145.024384,43.036191],[145.025995,43.036717],[145.024724,43.036888],[145.024199,43.036894],[145.024512,43.037652],[145.023783,43.038197],[145.022532,43.039836],[145.012922,43.037523],[145.013417,43.036717],[145.013439,43.036641],[145.013396,43.036533],[145.014168,43.036453],[145.0124,43.036027],[145.011974,43.035846],[145.011225,43.035365],[145.010707,43.034731],[145.010728,43.034641],[145.01089,43.034479],[145.011462,43.034226],[145.011459,43.034063],[145.011352,43.033953],[145.01242,43.033594],[145.012934,43.033343],[145.014053,43.032712],[145.013981,43.032639],[145.017192,43.030829],[145.018557,43.0316],[145.01938,43.031558],[145.021052,43.031957],[145.02366,43.030534],[145.02371,43.03024],[145.023655,43.030168],[145.023846,43.02998],[145.023904,43.030011],[145.024099,43.029777],[145.024672,43.029567],[145.024885,43.029374],[145.024945,43.029245],[145.024815,43.028497],[145.024606,43.028168],[145.025267,43.028599],[145.025475,43.028521],[145.025747,43.02872],[145.026879,43.028295],[145.026972,43.028457],[145.027722,43.028039],[145.028039,43.027805],[145.028121,43.027477],[145.027902,43.027216],[145.028478,43.026772],[145.028872,43.026938],[145.029308,43.026984],[145.029289,43.026862],[145.02939,43.026855],[145.029215,43.026274],[145.029244,43.025995],[145.02917,43.025073],[145.029401,43.024401],[145.029554,43.024188],[145.029667,43.024134],[145.0298,43.02389],[145.029909,43.023356],[145.029882,43.023101],[145.029796,43.022929],[145.029667,43.02285],[145.029604,43.022749],[145.029241,43.022666],[145.029081,43.022692],[145.028867,43.02265],[145.028554,43.022685],[145.028007,43.022899],[145.027417,43.023035],[145.02692,43.02294],[145.026516,43.02351],[145.026464,43.023498],[145.025695,43.02409],[145.025779,43.024142],[145.025674,43.024339],[145.025238,43.024927],[145.024004,43.025254],[145.023364,43.02507],[145.023315,43.025199],[145.023388,43.025297],[145.022774,43.025274],[145.022704,43.025341],[145.022579,43.025791],[145.022401,43.025824],[145.022154,43.025739],[145.021989,43.025897],[145.021769,43.025916],[145.02143,43.025856],[145.021616,43.025524],[145.021664,43.025328],[145.021564,43.02511],[145.021341,43.024977],[145.020105,43.024972],[145.01934,43.025038],[145.01914,43.025129],[145.017387,43.024056],[145.018986,43.023011],[145.019112,43.022598],[145.016785,43.022513],[145.016826,43.020074],[145.018585,43.020146],[145.019915,43.020514],[145.0205,43.020306],[145.020632,43.019179],[145.022314,43.019338],[145.021731,43.020282],[145.02202,43.020679],[145.023613,43.020067],[145.023543,43.019945],[145.023578,43.019891],[145.023551,43.019717],[145.023672,43.019407],[145.023648,43.019321],[145.023789,43.019192],[145.023871,43.018961],[145.023832,43.018862],[145.023914,43.018764],[145.023949,43.018489],[145.023894,43.018337],[145.023992,43.018266],[145.024008,43.018106],[145.024101,43.017913],[145.024262,43.017784],[145.024316,43.017626],[145.024469,43.017462],[145.024601,43.017443],[145.024664,43.017372],[145.024672,43.017148],[145.024613,43.017069],[145.024641,43.016944],[145.024559,43.016599],[145.024609,43.016529],[145.024672,43.016176],[145.02482,43.016061],[145.024957,43.015724],[145.02507,43.015677],[145.02525,43.015293],[145.025383,43.015226],[145.025508,43.014976],[145.025453,43.014728],[145.025023,43.014437],[145.025222,43.013897],[145.025544,43.013295],[145.025973,43.012912],[145.026157,43.012958],[145.026552,43.012882],[145.026669,43.012788],[145.027177,43.012865],[145.027349,43.012814],[145.027669,43.012958],[145.027646,43.013067],[145.027767,43.013181],[145.027974,43.013266],[145.028326,43.013257],[145.028591,43.013097],[145.028626,43.012978],[145.028763,43.012939],[145.028935,43.012681],[145.029067,43.012685],[145.029134,43.012634],[145.029294,43.012407],[145.029251,43.012206],[145.029454,43.012105],[145.029681,43.012135],[145.029868,43.012088],[145.029954,43.012151],[145.030106,43.012139],[145.030184,43.012087],[145.030192,43.01195],[145.030333,43.011864],[145.030325,43.011734],[145.030247,43.011683],[145.030138,43.011691],[145.029966,43.011412],[145.029751,43.011404],[145.029618,43.011272],[145.029739,43.011123],[145.029837,43.011134],[145.030458,43.010864],[145.030376,43.010659],[145.030122,43.010382],[145.029872,43.010289],[145.029747,43.010187],[145.029529,43.010132],[145.029447,43.010022],[145.029033,43.009887],[145.029009,43.009797],[145.028919,43.009722],[145.028501,43.009657],[145.028392,43.00954],[145.028216,43.009524],[145.027974,43.009358],[145.028127,43.009031],[145.028029,43.008782],[145.028271,43.008716],[145.028326,43.00847],[145.028252,43.008344],[145.028103,43.008277],[145.027861,43.008017],[145.027646,43.007942],[145.027693,43.007834],[145.027591,43.007721],[145.027599,43.007534],[145.027552,43.007437],[145.02765,43.007391],[145.027818,43.007142],[145.027752,43.006968],[145.027353,43.006745],[145.02706,43.006789],[145.026763,43.006973],[145.026357,43.006759],[145.026381,43.006673],[145.026338,43.006592],[145.026135,43.006386],[145.026002,43.006348],[145.025986,43.006242],[145.025834,43.006145],[145.025771,43.006037],[145.02567,43.005982],[145.025662,43.005912],[145.025506,43.005794],[145.025431,43.00554],[145.025521,43.005478],[145.025584,43.004985],[145.025495,43.004726],[145.025412,43.004681],[145.025369,43.004121],[145.025537,43.004024],[145.025561,43.003806],[145.025623,43.003693],[145.025615,43.00355],[145.025729,43.003444],[145.025627,43.003037],[145.025646,43.002631],[145.025552,43.0025],[145.025414,43.002472],[145.025151,43.002562],[145.025052,43.002535],[145.025015,43.0024],[145.0249,43.002349],[145.024928,43.002231],[145.024813,43.002097],[145.024765,43.001914],[145.024694,43.001862],[145.024705,43.001715],[145.024608,43.001575],[145.024603,43.001267],[145.024526,43.001203],[145.02453,43.001104],[145.024436,43.000994],[145.024426,43.000824],[145.02435,43.000762],[145.024352,43.000536],[145.024501,43.000374],[145.024494,43.000257],[145.024729,43.000185],[145.024859,43.00009],[145.024879,42.999986],[145.024668,42.999923],[145.024621,42.999852],[145.024457,42.999798],[145.024312,42.99966],[145.024248,42.999663],[145.02407,42.999396],[145.023924,42.999356],[145.023904,42.999282],[145.023655,42.999064],[145.023282,42.99897],[145.023176,42.999052],[145.023234,42.99916],[145.023189,42.999279],[145.023371,42.999543],[145.023474,42.999601],[145.023407,42.999686],[145.02325,42.999751],[145.022932,42.999711],[145.022832,42.99965],[145.022511,42.999638],[145.02241,42.999692],[145.022298,42.999668],[145.02213,42.999725],[145.021667,42.999341],[145.02144,42.999223],[145.020689,42.999154],[145.02065,42.999056],[145.020508,42.998971],[145.020345,42.998755],[145.020223,42.998702],[145.019907,42.998427],[145.019789,42.998462],[145.019498,42.998427],[145.019106,42.998159],[145.018938,42.998249],[145.018797,42.998107],[145.018677,42.998109],[145.018612,42.997997],[145.018281,42.997907],[145.01811,42.997917],[145.017989,42.997858],[145.017541,42.997877],[145.017618,42.997398],[145.017544,42.997258],[145.017441,42.997197],[145.017122,42.997117],[145.017038,42.997124],[145.016973,42.997189],[145.016839,42.99715],[145.016598,42.997169],[145.016473,42.997117],[145.016434,42.996982],[145.016235,42.996862],[145.015876,42.996927],[145.015397,42.997086],[145.01532,42.997011],[145.015161,42.997022],[145.015052,42.996941],[145.014951,42.996932],[145.014959,42.996687],[145.014846,42.996548],[145.014832,42.996347],[145.014699,42.996239],[145.014651,42.996134],[145.014532,42.996082],[145.014581,42.995959],[145.014261,42.995597],[145.013994,42.995543],[145.013567,42.995591],[145.013448,42.995687],[145.013253,42.995586],[145.013077,42.995372],[145.012944,42.995339],[145.012883,42.995451],[145.012812,42.995448],[145.012628,42.99506],[145.012493,42.995022],[145.012435,42.994922],[145.011468,42.994304],[145.011413,42.99419],[145.011209,42.994138],[145.011004,42.993976],[145.010361,42.993845],[145.010154,42.993882],[145.009934,42.993784],[145.009798,42.993642],[145.009607,42.993542],[145.009592,42.993459],[145.009512,42.993399],[145.008964,42.993296],[145.008832,42.993169],[145.008593,42.993125],[145.008541,42.993186],[145.008644,42.993233],[145.008649,42.993317],[145.008729,42.993383],[145.008631,42.993598],[145.008645,42.993726],[145.008577,42.993806],[145.008628,42.993929],[145.00859,42.994125],[145.008149,42.994046],[145.008062,42.993959],[145.007705,42.993806],[145.007715,42.99369],[145.007656,42.99356],[145.007698,42.99342],[145.007657,42.993357],[145.007676,42.993237],[145.007624,42.99317],[145.007347,42.993047],[145.00762,42.992796],[145.007447,42.992591],[145.007288,42.992579],[145.007026,42.992703],[145.006728,42.992574],[145.00657,42.992627],[145.006494,42.992719],[145.006501,42.992795],[145.006718,42.992877],[145.006533,42.993071],[145.006613,42.993197],[145.006574,42.993498],[145.006477,42.993499],[145.006354,42.993138],[145.006114,42.993034],[145.006027,42.993137],[145.005996,42.993383],[145.005847,42.993378],[145.005688,42.993564],[145.005748,42.993697],[145.005551,42.993784],[145.00536,42.993763],[145.005163,42.993974],[145.005217,42.994089],[145.004626,42.99408],[145.004531,42.993989],[145.004098,42.993832],[145.003901,42.993485],[145.003729,42.993478],[145.003717,42.993371],[145.003652,42.993306],[145.003698,42.99315],[145.003639,42.992995],[145.003742,42.992926],[145.003757,42.992587],[145.003688,42.992534],[145.003703,42.992443],[145.003618,42.992367],[145.003582,42.992252],[145.003338,42.992224],[145.003251,42.992308],[145.003139,42.992289],[145.003097,42.992206],[145.003179,42.99215],[145.003157,42.992029],[145.003018,42.991934],[145.002684,42.991924],[145.002634,42.991941],[145.002621,42.992025],[145.002049,42.992018],[145.002006,42.991889],[145.002082,42.99178],[145.002008,42.991676],[145.002027,42.991563],[145.001887,42.99136],[145.001752,42.991322],[145.001703,42.991191],[145.001492,42.991016],[145.001019,42.990994],[145.000566,42.990873],[145.00046,42.991079],[145.000491,42.99117],[145.00031,42.99128],[145.0001,42.991336],[144.999835,42.991557],[144.999596,42.991638],[144.999561,42.991729],[144.999449,42.991744],[144.999331,42.991896],[144.999124,42.991972],[144.999051,42.992073],[144.998525,42.992305],[144.998519,42.99236],[144.998352,42.992503],[144.998137,42.992622],[144.998088,42.992726],[144.997961,42.992729],[144.997892,42.992807],[144.997753,42.992788],[144.99743,42.992916],[144.99736,42.992994],[144.997176,42.992999],[144.996867,42.993241],[144.996443,42.993466],[144.996404,42.993538],[144.995994,42.993743],[144.995619,42.993793],[144.995527,42.993704],[144.995371,42.993675],[144.995237,42.993733],[144.994925,42.993666],[144.994872,42.993582],[144.99468,42.993524],[144.994552,42.993402],[144.994262,42.99343],[144.994163,42.993549],[144.993966,42.993591],[144.993308,42.993288],[144.993108,42.993107],[144.9931,42.992972],[144.99285,42.99277],[144.992861,42.992686],[144.992781,42.992566],[144.992563,42.99242],[144.992465,42.992434],[144.992444,42.992327],[144.992311,42.992255],[144.992321,42.992173],[144.992146,42.992038],[144.992033,42.992034],[144.991994,42.991954],[144.991882,42.991907],[144.991715,42.991898],[144.991171,42.991431],[144.991217,42.991361],[144.991152,42.991227],[144.991052,42.991227],[144.991059,42.991166],[144.990861,42.990979],[144.990725,42.990987],[144.990527,42.990821],[144.990548,42.990746],[144.990429,42.990576],[144.990037,42.990457],[144.989903,42.990461],[144.98987,42.990502],[144.989579,42.990384],[144.989611,42.990175],[144.989538,42.9901],[144.989576,42.990026],[144.989474,42.989913],[144.989273,42.989913],[144.989163,42.990055],[144.989041,42.990017],[144.989067,42.98994],[144.989027,42.989894],[144.988854,42.98981],[144.988888,42.989685],[144.988824,42.989508],[144.988747,42.989458],[144.988778,42.989407],[144.988707,42.989245],[144.988779,42.989184],[144.988743,42.988956],[144.988663,42.988906],[144.988669,42.988773],[144.988613,42.988703],[144.988317,42.988732],[144.988097,42.988913],[144.988085,42.989071],[144.987946,42.989091],[144.987856,42.989175],[144.987852,42.989268],[144.987758,42.989272],[144.987493,42.989489],[144.987491,42.989574],[144.987384,42.989669],[144.98739,42.98976],[144.986586,42.989721],[144.985847,42.989537],[144.985349,42.989283],[144.985003,42.988929],[144.98485,42.988914],[144.98475,42.988803],[144.984651,42.988779],[144.984614,42.988564],[144.984718,42.98848],[144.984719,42.988316],[144.984606,42.988213],[144.984641,42.988146],[144.984589,42.988062],[144.984474,42.98801],[144.984336,42.987543],[144.984606,42.987441],[144.9849,42.987436],[144.984937,42.987297],[144.984778,42.987214],[144.984829,42.987129],[144.984609,42.987014],[144.984473,42.987101],[144.98428,42.987068],[144.984278,42.987006],[144.984183,42.986916],[144.984104,42.98688],[144.983971,42.986901],[144.983699,42.986777],[144.983513,42.986848],[144.983334,42.987186],[144.983343,42.987299],[144.983474,42.987416],[144.983466,42.987473],[144.98357,42.987594],[144.983532,42.987779],[144.983417,42.987903],[144.982578,42.988117],[144.981595,42.987892],[144.981549,42.987769],[144.981379,42.987676],[144.981465,42.987517],[144.981384,42.987436],[144.981473,42.987346],[144.981467,42.987194],[144.981365,42.987132],[144.981418,42.986816],[144.981341,42.986734],[144.981254,42.986727],[144.981177,42.986585],[144.981028,42.986568],[144.981052,42.986507],[144.980937,42.986356],[144.980768,42.986314],[144.980756,42.986198],[144.980692,42.986112],[144.980561,42.986097],[144.980516,42.985927],[144.980408,42.985882],[144.980373,42.985668],[144.980234,42.985594],[144.980328,42.985531],[144.980333,42.985318],[144.980176,42.98525],[144.980181,42.985157],[144.980098,42.985061],[144.980153,42.984994],[144.980138,42.984761],[144.980028,42.984668],[144.979925,42.984657],[144.979934,42.984571],[144.979822,42.98445],[144.979731,42.984436],[144.979743,42.984349],[144.979608,42.98415],[144.979465,42.984126],[144.979479,42.984025],[144.979268,42.983955],[144.979254,42.983868],[144.979136,42.983741],[144.978957,42.98372],[144.978822,42.983594],[144.978676,42.983561],[144.978618,42.983623],[144.97872,42.983686],[144.978609,42.983752],[144.978566,42.983843],[144.97833,42.983934],[144.978332,42.984016],[144.978418,42.984088],[144.978082,42.984105],[144.977921,42.98406],[144.977844,42.983987],[144.977929,42.98386],[144.977888,42.983729],[144.977794,42.983702],[144.977776,42.983594],[144.977614,42.983474],[144.977449,42.983464],[144.977354,42.983544],[144.977359,42.983622],[144.977429,42.983678],[144.977384,42.983778],[144.977416,42.983947],[144.977079,42.98397],[144.976834,42.983902],[144.976726,42.983824],[144.976764,42.98367],[144.97666,42.98355],[144.976814,42.983427],[144.976773,42.983289],[144.976693,42.983261],[144.976752,42.982997],[144.97671,42.982932],[144.976768,42.982769],[144.97669,42.982711],[144.97673,42.982662],[144.976703,42.982628],[144.976417,42.982649],[144.976314,42.982529],[144.976442,42.982412],[144.976262,42.982394],[144.976131,42.982434],[144.976053,42.982374],[144.975963,42.982376],[144.975956,42.982263],[144.975864,42.982188],[144.975514,42.982167],[144.975475,42.982084],[144.975223,42.98206],[144.97513,42.981933],[144.97473,42.981904],[144.974609,42.981958],[144.974261,42.981761],[144.974057,42.98173],[144.973874,42.981782],[144.973826,42.981676],[144.973587,42.981561],[144.973676,42.981497],[144.97363,42.981396],[144.973724,42.981284],[144.973491,42.981195],[144.973349,42.981217],[144.973366,42.981309],[144.97328,42.981365],[144.973306,42.981474],[144.973168,42.981515],[144.973154,42.981607],[144.973221,42.981678],[144.973075,42.981745],[144.97309,42.981823],[144.972874,42.981869],[144.972802,42.981764],[144.972608,42.981752],[144.972571,42.981696],[144.972457,42.981681],[144.972577,42.981569],[144.972416,42.981542],[144.972224,42.981409],[144.972116,42.981415],[144.972012,42.981221],[144.971959,42.981179],[144.971827,42.981186],[144.971717,42.980992],[144.971265,42.980982],[144.971195,42.981034],[144.971229,42.981118],[144.971139,42.981217],[144.971152,42.981301],[144.971065,42.981303],[144.971004,42.981373],[144.970876,42.981316],[144.9707,42.981329],[144.970737,42.981431],[144.970817,42.981442],[144.970792,42.981655],[144.9709,42.981707],[144.970813,42.981796],[144.97084,42.981928],[144.970962,42.982017],[144.970878,42.982108],[144.970426,42.982383],[144.970273,42.982428],[144.96986,42.982434],[144.969569,42.9824],[144.969564,42.98233],[144.969446,42.982266],[144.969172,42.982222],[144.969171,42.982085],[144.968939,42.981913],[144.968939,42.981807],[144.968848,42.98171],[144.968164,42.981544],[144.968054,42.981428],[144.96798,42.981425],[144.967983,42.981313],[144.967839,42.981225],[144.967853,42.981106],[144.967726,42.981041],[144.967666,42.980888],[144.967489,42.980908],[144.967353,42.980782],[144.967249,42.980769],[144.967183,42.980815],[144.967131,42.980705],[144.966794,42.980536],[144.966665,42.980534],[144.966571,42.980611],[144.966351,42.980581],[144.966253,42.980622],[144.966221,42.980696],[144.965984,42.980746],[144.965937,42.980879],[144.966005,42.980964],[144.965953,42.980982],[144.965939,42.981062],[144.966055,42.981309],[144.965772,42.981607],[144.965506,42.981691],[144.965303,42.981655],[144.965304,42.981559],[144.965231,42.981465],[144.965118,42.981445],[144.96514,42.98138],[144.965073,42.981264],[144.964951,42.981235],[144.964886,42.980998],[144.9647,42.980947],[144.964707,42.980854],[144.964653,42.980815],[144.964237,42.980733],[144.964222,42.980663],[144.964118,42.980634],[144.964085,42.980484],[144.963973,42.980485],[144.963882,42.980607],[144.963928,42.980766],[144.96383,42.980919],[144.963682,42.980934],[144.963614,42.981],[144.963458,42.980904],[144.963309,42.980935],[144.963171,42.980779],[144.962999,42.980776],[144.962982,42.98068],[144.96287,42.980628],[144.96278,42.980429],[144.962626,42.980379],[144.962566,42.980288],[144.962365,42.980249],[144.962261,42.98031],[144.962287,42.980406],[144.962219,42.980451],[144.962227,42.980617],[144.962114,42.980716],[144.962131,42.980795],[144.961982,42.980822],[144.961886,42.980897],[144.961736,42.980805],[144.961586,42.980849],[144.961525,42.98077],[144.961121,42.980711],[144.961165,42.980651],[144.961136,42.980612],[144.960838,42.980311],[144.960707,42.980277],[144.960651,42.980114],[144.96059,42.980091],[144.960523,42.980157],[144.960327,42.980168],[144.960311,42.980241],[144.960187,42.980201],[144.960077,42.980234],[144.960126,42.980364],[144.960256,42.980422],[144.960231,42.980513],[144.960306,42.98062],[144.960287,42.980723],[144.960391,42.98082],[144.960251,42.980936],[144.960293,42.981056],[144.96018,42.981113],[144.960217,42.981222],[144.960155,42.981249],[144.960124,42.981334],[144.96019,42.981397],[144.960076,42.981515],[144.960155,42.981643],[144.96003,42.981739],[144.959976,42.981876],[144.959766,42.981993],[144.959526,42.982028],[144.95949,42.981972],[144.959349,42.981927],[144.959394,42.981866],[144.959339,42.98169],[144.959222,42.981637],[144.959227,42.981505],[144.959024,42.981438],[144.958755,42.981551],[144.958697,42.981677],[144.958764,42.981802],[144.958639,42.981994],[144.958662,42.982072],[144.958761,42.982148],[144.958758,42.982258],[144.958499,42.982322],[144.958437,42.982468],[144.958252,42.982522],[144.958205,42.982613],[144.958053,42.982616],[144.957921,42.982749],[144.957921,42.982879],[144.957681,42.983014],[144.957704,42.98312],[144.957502,42.98327],[144.957591,42.983379],[144.957511,42.983463],[144.957525,42.983661],[144.957437,42.983679],[144.957361,42.983765],[144.957374,42.983821],[144.957156,42.983996],[144.957184,42.984149],[144.957091,42.984199],[144.957086,42.984291],[144.956922,42.984445],[144.956919,42.984525],[144.956706,42.984586],[144.956664,42.984649],[144.956279,42.984628],[144.956099,42.984888],[144.956134,42.985044],[144.95533,42.985376],[144.955085,42.985387],[144.954917,42.985301],[144.954935,42.985149],[144.954824,42.985081],[144.95464,42.985153],[144.954665,42.985242],[144.954537,42.985308],[144.954222,42.98528],[144.954202,42.985217],[144.954017,42.985111],[144.953832,42.985144],[144.953672,42.985042],[144.953583,42.985046],[144.953582,42.984866],[144.953439,42.984782],[144.953344,42.984814],[144.953345,42.984885],[144.953432,42.984914],[144.953317,42.985033],[144.953179,42.985011],[144.953124,42.984932],[144.953033,42.984905],[144.952717,42.985037],[144.952645,42.984964],[144.952459,42.984904],[144.952387,42.985007],[144.952469,42.985033],[144.952541,42.985213],[144.952466,42.985255],[144.952421,42.985251],[144.952353,42.985116],[144.952207,42.985114],[144.952105,42.985026],[144.951966,42.985049],[144.951921,42.985159],[144.951748,42.985193],[144.951687,42.98508],[144.951564,42.984994],[144.951626,42.984836],[144.951439,42.984646],[144.951312,42.984627],[144.95135,42.984542],[144.951254,42.984412],[144.951221,42.984201],[144.951111,42.984186],[144.951129,42.984098],[144.951054,42.984033],[144.950862,42.984117],[144.950847,42.98421],[144.95066,42.984185],[144.950635,42.984156],[144.950699,42.984042],[144.950558,42.98391],[144.950692,42.983832],[144.950687,42.983784],[144.950636,42.983655],[144.950526,42.983595],[144.950589,42.983521],[144.950564,42.983449],[144.950311,42.983211],[144.950178,42.983157],[144.950214,42.983069],[144.950146,42.982968],[144.950003,42.982959],[144.949826,42.982726],[144.949692,42.982725],[144.949613,42.982618],[144.949401,42.98269],[144.949383,42.982769],[144.949147,42.982768],[144.949081,42.982853],[144.948865,42.982971],[144.948865,42.983054],[144.949079,42.983071],[144.949034,42.983214],[144.949154,42.983306],[144.949015,42.983426],[144.94901,42.98355],[144.948471,42.983699],[144.948342,42.98371],[144.948262,42.983666],[144.948262,42.983543],[144.948211,42.983499],[144.948228,42.983336],[144.948131,42.983332],[144.948094,42.983417],[144.947936,42.983442],[144.947829,42.983316],[144.947613,42.983273],[144.947517,42.983187],[144.946995,42.983102],[144.946705,42.983182],[144.946694,42.983295],[144.946394,42.983327],[144.946301,42.983411],[144.946133,42.983409],[144.946021,42.983515],[144.945871,42.983522],[144.945643,42.983613],[144.945417,42.983865],[144.945159,42.983943],[144.94508,42.983817],[144.944936,42.983776],[144.94487,42.983666],[144.944724,42.983636],[144.944666,42.983667],[144.944668,42.983737],[144.94429,42.983901],[144.944207,42.983973],[144.944207,42.984044],[144.944049,42.984088],[144.944017,42.984146],[144.943859,42.984113],[144.943761,42.984175],[144.943591,42.984111],[144.943462,42.984192],[144.943301,42.984213],[144.943198,42.984318],[144.942939,42.984423],[144.942946,42.984485],[144.943323,42.984513],[144.94341,42.984613],[144.943526,42.984633],[144.943546,42.984796],[144.943652,42.984847],[144.943586,42.984959],[144.943602,42.985064],[144.943679,42.985107],[144.943619,42.985384],[144.943719,42.985476],[144.943613,42.985572],[144.943617,42.985685],[144.943531,42.985693],[144.943384,42.985817],[144.943037,42.985858],[144.94298,42.985922],[144.943033,42.98601],[144.942863,42.986154],[144.942592,42.98609],[144.942469,42.986159],[144.942167,42.986118],[144.94201,42.986228],[144.941917,42.986194],[144.941799,42.986255],[144.941746,42.98634],[144.941858,42.986508],[144.941811,42.986642],[144.941634,42.986615],[144.941494,42.986681],[144.941319,42.986648],[144.941153,42.986701],[144.940845,42.986639],[144.940749,42.986559],[144.940612,42.986564],[144.940603,42.986406],[144.940489,42.986337],[144.940506,42.986261],[144.940432,42.986186],[144.940275,42.986205],[144.940113,42.986122],[144.939854,42.986116],[144.93972,42.986048],[144.939516,42.986095],[144.939373,42.986054],[144.93898,42.986082],[144.938948,42.986117],[144.938977,42.986202],[144.939267,42.986236],[144.939252,42.986367],[144.939364,42.986445],[144.939298,42.986581],[144.939334,42.986667],[144.939203,42.986697],[144.939124,42.986786],[144.939177,42.986839],[144.939034,42.986934],[144.939038,42.987014],[144.939109,42.987059],[144.939078,42.987216],[144.93919,42.987277],[144.939112,42.98744],[144.939164,42.987544],[144.938971,42.987658],[144.93898,42.987729],[144.938741,42.987856],[144.938279,42.987923],[144.938199,42.988047],[144.938235,42.988109],[144.938189,42.988132],[144.93795,42.988186],[144.9375,42.988199],[144.937438,42.988098],[144.93731,42.98809],[144.937063,42.988187],[144.937072,42.988283],[144.937007,42.988334],[144.935879,42.988438],[144.935832,42.988368],[144.935617,42.988347],[144.93541,42.988437],[144.935247,42.988432],[144.935146,42.988529],[144.935018,42.988466],[144.934824,42.988566],[144.934661,42.988511],[144.934418,42.988641],[144.934337,42.988571],[144.934117,42.9886],[144.93403,42.988527],[144.933853,42.988531],[144.933735,42.988465],[144.933616,42.988462],[144.933518,42.988553],[144.933332,42.988532],[144.933225,42.988565],[144.933223,42.988604],[144.933116,42.988608],[144.933015,42.98871],[144.932747,42.988731],[144.932742,42.988831],[144.932493,42.988906],[144.932501,42.988981],[144.932557,42.989008],[144.932402,42.989167],[144.932004,42.989319],[144.93196,42.98924],[144.931798,42.989244],[144.931691,42.989188],[144.9311,42.989293],[144.930868,42.989191],[144.930773,42.989225],[144.930733,42.989327],[144.930551,42.989257],[144.930478,42.989291],[144.930257,42.989176],[144.930128,42.98918],[144.930103,42.9892],[144.930198,42.989285],[144.930128,42.989375],[144.93021,42.989422],[144.930107,42.989568],[144.930182,42.989651],[144.930067,42.9897],[144.930079,42.989832],[144.929858,42.989878],[144.929903,42.989959],[144.929958,42.989964],[144.929929,42.990143],[144.929989,42.990172],[144.929975,42.990264],[144.93002,42.990326],[144.928897,42.990484],[144.927992,42.990354],[144.927449,42.990214],[144.926423,42.989809],[144.926426,42.989748],[144.926356,42.989685],[144.926196,42.989641],[144.926224,42.989566],[144.926186,42.989508],[144.926032,42.989452],[144.926085,42.989342],[144.925929,42.989229],[144.925966,42.989108],[144.925831,42.988998],[144.925886,42.988958],[144.925877,42.988787],[144.92582,42.988755],[144.925873,42.988732],[144.925881,42.988657],[144.925732,42.988495],[144.925789,42.988349],[144.925717,42.988254],[144.925704,42.988034],[144.925645,42.987987],[144.925681,42.987873],[144.925582,42.987782],[144.925627,42.987708],[144.925582,42.987586],[144.925469,42.987526],[144.925498,42.987414],[144.925372,42.987297],[144.92544,42.987201],[144.92537,42.987009],[144.925462,42.986972],[144.925482,42.986916],[144.925382,42.986789],[144.925436,42.986741],[144.925394,42.986526],[144.925471,42.98646],[144.925476,42.98635],[144.92541,42.986274],[144.92546,42.986113],[144.925374,42.986016],[144.925428,42.985956],[144.925441,42.985796],[144.925362,42.985693],[144.925432,42.985571],[144.925359,42.985411],[144.925419,42.985359],[144.92544,42.985193],[144.925352,42.985126],[144.925446,42.984984],[144.92536,42.984844],[144.925426,42.984732],[144.925339,42.984617],[144.925383,42.984541],[144.925342,42.984386],[144.925249,42.984342],[144.9253,42.984228],[144.925201,42.984055],[144.925228,42.983945],[144.925203,42.983866],[144.925116,42.983827],[144.92515,42.983715],[144.925109,42.983653],[144.924878,42.983687],[144.924863,42.983598],[144.924677,42.983426],[144.924679,42.983349],[144.92457,42.983263],[144.924465,42.983247],[144.924411,42.983129],[144.924232,42.983051],[144.924211,42.982944],[144.924095,42.982815],[144.923973,42.982767],[144.924127,42.982624],[144.924105,42.98255],[144.924234,42.982484],[144.924233,42.982422],[144.924132,42.982387],[144.923889,42.98248],[144.92378,42.982428],[144.923823,42.982298],[144.923798,42.982168],[144.923923,42.982081],[144.923931,42.982012],[144.923857,42.981937],[144.923857,42.981766],[144.923717,42.981729],[144.923697,42.981624],[144.923599,42.981563],[144.923669,42.981431],[144.923591,42.981359],[144.923644,42.981219],[144.9236,42.981126],[144.923497,42.981064],[144.923505,42.98099],[144.923328,42.980936],[144.923208,42.980988],[144.923158,42.98092],[144.922901,42.98087],[144.922795,42.980902],[144.922582,42.980827],[144.922331,42.9809],[144.922249,42.980961],[144.922251,42.981034],[144.92217,42.981053],[144.922062,42.981187],[144.92209,42.981263],[144.921993,42.981438],[144.922077,42.981597],[144.921991,42.981609],[144.921869,42.981765],[144.921855,42.981853],[144.921906,42.981949],[144.921807,42.982033],[144.921827,42.982169],[144.921672,42.982279],[144.921614,42.982396],[144.921635,42.982442],[144.921428,42.982626],[144.921454,42.982772],[144.921285,42.982852],[144.921283,42.98301],[144.921197,42.983022],[144.921071,42.983162],[144.921053,42.983201],[144.921128,42.983283],[144.921104,42.983373],[144.920967,42.98339],[144.920803,42.983562],[144.920818,42.983673],[144.920654,42.983803],[144.920678,42.983896],[144.920475,42.984075],[144.920501,42.984197],[144.920286,42.984293],[144.920292,42.984404],[144.920071,42.984546],[144.920119,42.984738],[144.919896,42.984902],[144.919915,42.98502],[144.919794,42.985024],[144.919594,42.985152],[144.919608,42.985331],[144.919551,42.985391],[144.919556,42.98549],[144.919419,42.985521],[144.919279,42.985624],[144.919257,42.985731],[144.919157,42.98573],[144.919003,42.985828],[144.91899,42.985954],[144.91824,42.986174],[144.918198,42.986096],[144.918074,42.986063],[144.91798,42.986094],[144.917914,42.986017],[144.917774,42.986007],[144.917631,42.986062],[144.917539,42.985955],[144.917275,42.985938],[144.917173,42.986045],[144.917099,42.985978],[144.91695,42.985964],[144.916874,42.986004],[144.916796,42.985914],[144.916514,42.98597],[144.916326,42.98594],[144.916137,42.986007],[144.915967,42.985911],[144.915751,42.985954],[144.915716,42.985878],[144.915653,42.985862],[144.915271,42.98586],[144.915172,42.985884],[144.915134,42.98595],[144.915196,42.986035],[144.915302,42.986069],[144.915203,42.986209],[144.915017,42.986147],[144.914806,42.986276],[144.914592,42.986206],[144.914531,42.986091],[144.914356,42.986102],[144.914291,42.986151],[144.914209,42.986045],[144.91399,42.986037],[144.913932,42.986074],[144.913851,42.985977],[144.913636,42.985943],[144.913523,42.985996],[144.913519,42.986046],[144.913346,42.986065],[144.913281,42.986116],[144.913226,42.986172],[144.913249,42.986281],[144.912942,42.986387],[144.911933,42.986401],[144.910071,42.986252],[144.909903,42.986213],[144.909905,42.986147],[144.909765,42.986046],[144.909449,42.985982],[144.909356,42.986044],[144.909271,42.985932],[144.908953,42.985866],[144.908886,42.985928],[144.908784,42.985835],[144.908611,42.985856],[144.9086,42.985953],[144.908514,42.985901],[144.908431,42.985913],[144.908314,42.986023],[144.908325,42.986169],[144.908232,42.986254],[144.908251,42.986415],[144.908351,42.986489],[144.908306,42.986563],[144.909908,42.987014],[144.91046,42.986897],[144.910512,42.987016],[144.91016,42.987099],[144.911032,42.987356],[144.911543,42.98882],[144.910088,42.988141],[144.908546,42.987496],[144.907396,42.98818],[144.907526,42.988463],[144.907045,42.989744],[144.906812,42.991065],[144.906684,42.992068],[144.906764,42.992881],[144.904428,42.993045],[144.90276,42.992384],[144.901084,42.992878],[144.901915,42.994539],[144.899984,42.995125],[144.900265,42.992787],[144.898463,42.993269],[144.897335,42.993003],[144.895707,42.992841],[144.895408,42.99161],[144.894338,42.991883],[144.894168,42.991035],[144.894136,42.990656],[144.894203,42.990654],[144.894133,42.990342],[144.893157,42.989699],[144.891878,42.988281],[144.892725,42.988135],[144.893722,42.988134],[144.894234,42.987815],[144.894411,42.987524],[144.892617,42.986685],[144.892128,42.986589],[144.891109,42.986499],[144.891086,42.986433],[144.890816,42.986346],[144.890727,42.986396],[144.89066,42.98635],[144.890484,42.986388],[144.890421,42.98646],[144.890419,42.986545],[144.890477,42.98659],[144.890458,42.986656],[144.89051,42.986764],[144.890421,42.986762],[144.890188,42.986903],[144.889943,42.986947],[144.88977,42.987219],[144.889244,42.987327],[144.888482,42.987228],[144.888679,42.987756],[144.888711,42.988561],[144.88857,42.988447],[144.888263,42.988425],[144.887677,42.988246],[144.88702,42.988271],[144.886757,42.988851],[144.886781,42.989181],[144.887044,42.989874],[144.886767,42.989808],[144.886423,42.989107],[144.886406,42.988925],[144.886287,42.988688],[144.886326,42.988163],[144.886206,42.987919],[144.88621,42.987803],[144.885794,42.987616],[144.885339,42.987062],[144.885115,42.986863],[144.885019,42.986521],[144.884144,42.985837],[144.882243,42.98564],[144.880994,42.985987],[144.878391,42.986548],[144.878246,42.986463],[144.878029,42.986787],[144.877919,42.987149],[144.877703,42.987532],[144.877356,42.988009],[144.876904,42.988281],[144.876664,42.988682],[144.876609,42.989662],[144.876718,42.989835],[144.876707,42.990756],[144.877421,42.991949],[144.87768,42.993133],[144.878076,42.993818],[144.876667,42.994829],[144.875815,42.994976],[144.875356,42.995511],[144.874493,42.996274],[144.873408,42.99682],[144.871522,42.998617],[144.871444,42.999098],[144.872919,43.000377],[144.87035,43.000734],[144.869434,43.002809],[144.871316,43.002775],[144.871228,43.003826],[144.871563,43.004388],[144.870231,43.004446],[144.868908,43.004324],[144.868477,43.004887],[144.867979,43.006229],[144.868666,43.007348],[144.867258,43.007918],[144.866934,43.008365],[144.866288,43.008383],[144.866041,43.008274],[144.866251,43.007866],[144.865903,43.007637],[144.866302,43.00677],[144.866545,43.006806],[144.866864,43.006035],[144.867666,43.005531],[144.867831,43.005173],[144.867952,43.004845],[144.867568,43.004136],[144.86793,43.002991],[144.868377,43.002942],[144.868916,43.002508],[144.869037,43.002099],[144.869075,43.000962],[144.867854,43.000993],[144.867251,43.001193],[144.866536,43.000019],[144.866649,42.999975],[144.86659,42.999869],[144.866112,43.000051],[144.866215,43.00034],[144.866737,43.001326],[144.865545,43.001079],[144.865225,43.00117],[144.865045,43.000788],[144.864206,43.000988],[144.864749,43.001597],[144.865011,43.002044],[144.864643,43.002024],[144.864104,43.002227],[144.864604,43.002652],[144.863752,43.002889],[144.865229,43.003405],[144.864288,43.003485],[144.861459,43.002687],[144.860863,43.002056],[144.860087,43.002221],[144.859136,43.002762],[144.859001,43.001557],[144.859235,43.001398],[144.857955,42.999979]],[[145.142533,43.080196],[145.142439,43.081459],[145.142616,43.081378],[145.142849,43.081409],[145.14294,43.081311],[145.143095,43.081304],[145.143228,43.081239],[145.143375,43.081259],[145.14346,43.081176],[145.143629,43.081192],[145.143745,43.0811],[145.14393,43.081128],[145.144065,43.081027],[145.144235,43.081014],[145.144314,43.081105],[145.14506,43.081251],[145.145125,43.081314],[145.14534,43.081354],[145.145542,43.08146],[145.145639,43.081634],[145.145788,43.081696],[145.145854,43.081821],[145.146034,43.081883],[145.146053,43.081956],[145.146143,43.08202],[145.146265,43.082025],[145.146336,43.082163],[145.146505,43.082198],[145.146624,43.082302],[145.146756,43.082313],[145.146829,43.082411],[145.146946,43.082436],[145.147285,43.082353],[145.147497,43.082413],[145.147647,43.082397],[145.147736,43.082476],[145.147941,43.08251],[145.147969,43.082597],[145.148062,43.082666],[145.148428,43.082762],[145.148497,43.082852],[145.148656,43.082897],[145.148726,43.082973],[145.148979,43.083041],[145.149087,43.083019],[145.149184,43.083101],[145.149264,43.083081],[145.149358,43.083191],[145.1497,43.083142],[145.149845,43.083202],[145.150137,43.083144],[145.150158,43.083258],[145.150517,43.083379],[145.150592,43.083461],[145.151172,43.083554],[145.151773,43.083751],[145.151891,43.083746],[145.152038,43.083873],[145.152312,43.083895],[145.152408,43.083852],[145.152594,43.083905],[145.15265,43.083844],[145.152787,43.083817],[145.152903,43.08386],[145.152999,43.083999],[145.153268,43.083999],[145.153422,43.084062],[145.153763,43.084029],[145.153826,43.084118],[145.153921,43.084154],[145.154282,43.084072],[145.154508,43.084125],[145.154661,43.084084],[145.154742,43.084],[145.154912,43.084029],[145.15502,43.083931],[145.155219,43.083896],[145.155313,43.083948],[145.155491,43.083924],[145.155675,43.083983],[145.155871,43.084128],[145.156164,43.084086],[145.156436,43.084189],[145.156481,43.084279],[145.156699,43.084411],[145.157033,43.084384],[145.157172,43.084444],[145.157594,43.084392],[145.157707,43.084448],[145.157902,43.084396],[145.158048,43.084426],[145.158194,43.084395],[145.15832,43.084499],[145.158742,43.084521],[145.158751,43.084602],[145.158884,43.084626],[145.158952,43.084714],[145.159381,43.084663],[145.159484,43.084718],[145.159617,43.08467],[145.159667,43.08471],[145.159826,43.084649],[145.15993,43.084688],[145.160049,43.084616],[145.160145,43.084641],[145.160302,43.084577],[145.160346,43.084618],[145.160511,43.084563],[145.160604,43.084597],[145.161039,43.084393],[145.161239,43.084407],[145.161282,43.084324],[145.161605,43.084187],[145.161923,43.084287],[145.162079,43.084219],[145.162263,43.084226],[145.162323,43.084179],[145.162365,43.084029],[145.162455,43.084036],[145.162562,43.083967],[145.162631,43.084029],[145.162757,43.083954],[145.162918,43.083984],[145.163096,43.083837],[145.163209,43.083834],[145.163271,43.083784],[145.16327,43.083711],[145.163491,43.083616],[145.1635,43.083564],[145.163582,43.083582],[145.163684,43.083524],[145.163903,43.083558],[145.163958,43.083514],[145.163979,43.083422],[145.163903,43.083361],[145.163601,43.083241],[145.163239,43.083217],[145.162924,43.083046],[145.162976,43.082958],[145.16293,43.082877],[145.162987,43.082832],[145.162959,43.082774],[145.163029,43.082703],[145.16299,43.082619],[145.163164,43.082407],[145.163113,43.082315],[145.163189,43.082255],[145.16317,43.082165],[145.163312,43.082096],[145.163316,43.082009],[145.163399,43.081952],[145.163351,43.081867],[145.163413,43.081783],[145.163383,43.081694],[145.163441,43.081622],[145.163421,43.081523],[145.163527,43.081398],[145.163804,43.08136],[145.163982,43.081161],[145.164101,43.081119],[145.164085,43.080964],[145.164017,43.080871],[145.164107,43.080777],[145.164098,43.080706],[145.164232,43.080647],[145.164243,43.080561],[145.164369,43.080527],[145.164439,43.080346],[145.164396,43.080296],[145.164532,43.080148],[145.164455,43.080035],[145.164479,43.079945],[145.164426,43.079872],[145.164472,43.079733],[145.164417,43.079694],[145.164478,43.079621],[145.164434,43.079534],[145.164536,43.07942],[145.164498,43.079324],[145.164555,43.079259],[145.164544,43.079185],[145.164671,43.079092],[145.164639,43.078965],[145.164696,43.078928],[145.164671,43.07887],[145.164813,43.078796],[145.164818,43.078685],[145.164916,43.078624],[145.164891,43.078546],[145.165149,43.078455],[145.165209,43.078323],[145.165611,43.078287],[145.165706,43.078188],[145.165881,43.078158],[145.165912,43.078098],[145.166172,43.078062],[145.166222,43.078121],[145.166431,43.078128],[145.166525,43.078177],[145.166742,43.078106],[145.167136,43.078077],[145.167292,43.077973],[145.167413,43.077817],[145.167632,43.077854],[145.167799,43.077766],[145.168046,43.077743],[145.168166,43.077786],[145.168353,43.077711],[145.168672,43.077709],[145.168827,43.077567],[145.169078,43.077651],[145.169216,43.077645],[145.169281,43.077617],[145.169344,43.077499],[145.169425,43.077477],[145.169431,43.077365],[145.169567,43.077243],[145.169591,43.077161],[145.169973,43.077127],[145.170061,43.077032],[145.170264,43.076999],[145.170371,43.077047],[145.170553,43.077014],[145.170682,43.076846],[145.170935,43.076791],[145.170985,43.076862],[145.171081,43.076887],[145.171285,43.076792],[145.171397,43.076656],[145.171634,43.076677],[145.171936,43.076615],[145.172046,43.076531],[145.172202,43.076547],[145.172234,43.076502],[145.172319,43.07655],[145.172484,43.076537],[145.172554,43.076481],[145.172561,43.076361],[145.172694,43.076311],[145.172732,43.0762],[145.172648,43.076034],[145.172557,43.076019],[145.172275,43.076122],[145.172277,43.076218],[145.172106,43.076283],[145.171882,43.076283],[145.171851,43.076205],[145.171699,43.076169],[145.171654,43.076094],[145.171416,43.076068],[145.171343,43.075978],[145.171169,43.075946],[145.171146,43.075834],[145.170998,43.0758],[145.170942,43.075717],[145.17075,43.075772],[145.17067,43.075707],[145.170482,43.075666],[145.170341,43.075696],[145.170231,43.075784],[145.169809,43.075875],[145.169685,43.076066],[145.169552,43.076146],[145.169326,43.075909],[145.169122,43.075846],[145.168878,43.075853],[145.168809,43.075924],[145.168819,43.076118],[145.168769,43.076295],[145.168645,43.076373],[145.168623,43.076449],[145.168491,43.07648],[145.168415,43.076559],[145.168012,43.076641],[145.167935,43.076737],[145.167457,43.076874],[145.166995,43.076831],[145.166658,43.076986],[145.16648,43.076973],[145.166399,43.077026],[145.16629,43.076908],[145.166179,43.076894],[145.166062,43.076793],[145.165903,43.076831],[145.165822,43.076783],[145.1657,43.076806],[145.165542,43.07678],[145.165354,43.076667],[145.165168,43.076663],[145.165078,43.076728],[145.165126,43.076845],[145.165024,43.076919],[145.165006,43.077054],[145.1646,43.07734],[145.164369,43.077405],[145.163976,43.077311],[145.163781,43.077358],[145.163658,43.077302],[145.163358,43.077455],[145.162631,43.077581],[145.162285,43.077513],[145.162142,43.077405],[145.162089,43.0773],[145.162018,43.077285],[145.161974,43.077344],[145.16213,43.077672],[145.162131,43.077796],[145.162058,43.077861],[145.16192,43.077922],[145.160886,43.078112],[145.160606,43.078142],[145.159722,43.078077],[145.158908,43.077937],[145.156994,43.077767],[145.156651,43.078729],[145.155755,43.078909],[145.155055,43.078993],[145.154978,43.079281],[145.154134,43.080203],[145.153362,43.07962],[145.153376,43.079579],[145.152802,43.079218],[145.152359,43.079517],[145.151215,43.081228],[145.149966,43.08094],[145.151014,43.079336],[145.1511,43.079008],[145.14996,43.078287],[145.149469,43.077758],[145.142261,43.078678],[145.142189,43.080196],[145.142533,43.080196]],[[145.132014,43.069613],[145.13483,43.069629],[145.135389,43.069728],[145.135677,43.069884],[145.135818,43.070019],[145.136475,43.070802],[145.137098,43.071254],[145.138577,43.071783],[145.138727,43.07189],[145.138841,43.072063],[145.138076,43.072933],[145.136111,43.073911],[145.13451,43.075253],[145.134493,43.075372],[145.134639,43.075575],[145.134602,43.075747],[145.13427,43.076099],[145.134917,43.076826],[145.135912,43.077688],[145.136142,43.077832],[145.136382,43.077908],[145.137062,43.077972],[145.137281,43.078034],[145.13781,43.077932],[145.138821,43.077843],[145.139292,43.077918],[145.141751,43.077512],[145.144919,43.077202],[145.146046,43.076597],[145.147722,43.076024],[145.14767,43.075909],[145.148044,43.075779],[145.147805,43.075529],[145.148104,43.075374],[145.147351,43.074681],[145.14634,43.073049],[145.146392,43.072897],[145.146379,43.072079],[145.147005,43.07202],[145.147473,43.072459],[145.14819,43.073012],[145.148205,43.072981],[145.148658,43.073098],[145.148778,43.073173],[145.148993,43.073089],[145.149112,43.073038],[145.148833,43.072508],[145.148678,43.071801],[145.148854,43.071241],[145.148999,43.071036],[145.149111,43.071019],[145.149081,43.070915],[145.149155,43.070821],[145.149134,43.07067],[145.149238,43.070632],[145.149299,43.070485],[145.149486,43.070429],[145.149625,43.070493],[145.149894,43.070507],[145.150117,43.070455],[145.150197,43.070501],[145.150479,43.070463],[145.150569,43.070408],[145.150606,43.070282],[145.150743,43.070209],[145.150726,43.070154],[145.150522,43.070135],[145.150222,43.070006],[145.150101,43.07005],[145.149917,43.070015],[145.149881,43.069963],[145.149761,43.069955],[145.149738,43.069893],[145.149345,43.069861],[145.149237,43.069796],[145.149061,43.069836],[145.148704,43.069746],[145.148483,43.069821],[145.148355,43.069784],[145.148202,43.069842],[145.147845,43.069727],[145.147741,43.069747],[145.147621,43.069648],[145.147311,43.069686],[145.14719,43.06964],[145.147069,43.069683],[145.146971,43.069627],[145.146635,43.069666],[145.146207,43.06958],[145.146003,43.069628],[145.145833,43.069568],[145.145737,43.069601],[145.145585,43.06955],[145.145163,43.069584],[145.145053,43.069536],[145.144804,43.069583],[145.144669,43.069498],[145.144542,43.069542],[145.144329,43.069505],[145.144235,43.069567],[145.144101,43.06951],[145.143978,43.069546],[145.143817,43.069477],[145.143693,43.069551],[145.143417,43.069455],[145.143161,43.069451],[145.143003,43.069398],[145.142869,43.069286],[145.142435,43.069147],[145.142396,43.069022],[145.14246,43.068976],[145.142404,43.068901],[145.142428,43.068808],[145.142293,43.068738],[145.141942,43.068662],[145.141877,43.068747],[145.141686,43.068746],[145.1413,43.068945],[145.141126,43.06888],[145.140993,43.06895],[145.140908,43.068921],[145.140782,43.068967],[145.140726,43.068813],[145.140604,43.068772],[145.140507,43.0688],[145.1406,43.068624],[145.140289,43.068376],[145.140151,43.068371],[145.140064,43.068471],[145.139357,43.068709],[145.139277,43.06858],[145.139125,43.068509],[145.138972,43.068511],[145.138832,43.068428],[145.13861,43.068473],[145.138471,43.068424],[145.138328,43.068461],[145.138165,43.068438],[145.138138,43.068335],[145.138254,43.068314],[145.138222,43.068255],[145.138285,43.068216],[145.138056,43.068094],[145.137708,43.068101],[145.137549,43.068164],[145.13741,43.068117],[145.137191,43.068214],[145.137043,43.068162],[145.136939,43.068249],[145.136808,43.068261],[145.136721,43.068357],[145.136596,43.068365],[145.136538,43.068477],[145.136411,43.068526],[145.136399,43.068639],[145.136238,43.068706],[145.136127,43.068683],[145.135776,43.068736],[145.135607,43.068672],[145.135518,43.068759],[145.135392,43.06871],[145.135298,43.068799],[145.135169,43.068745],[145.135081,43.06876],[145.135052,43.068811],[145.134935,43.06874],[145.134786,43.068792],[145.134715,43.06874],[145.134528,43.068819],[145.134131,43.068692],[145.134001,43.068745],[145.133921,43.068689],[145.133779,43.068704],[145.133654,43.06861],[145.133564,43.068602],[145.133478,43.068657],[145.133385,43.068621],[145.133182,43.0687],[145.133051,43.068886],[145.132645,43.06895],[145.132179,43.068739],[145.131923,43.068736],[145.1318,43.068783],[145.131513,43.068691],[145.131468,43.068626],[145.131074,43.068579],[145.130926,43.068633],[145.130748,43.068625],[145.130465,43.068507],[145.130311,43.068516],[145.130214,43.068431],[145.130059,43.068461],[145.13,43.068421],[145.129866,43.068465],[145.129221,43.068309],[145.129096,43.068353],[145.129053,43.068298],[145.128909,43.068305],[145.128791,43.068202],[145.12856,43.068207],[145.12815,43.068098],[145.12803,43.068121],[145.127683,43.067964],[145.127314,43.067986],[145.126876,43.067841],[145.126809,43.067758],[145.126708,43.067724],[145.126349,43.067753],[145.125808,43.067529],[145.125651,43.067548],[145.125477,43.067503],[145.125382,43.067426],[145.125199,43.067443],[145.124997,43.067378],[145.124851,43.067414],[145.124903,43.067548],[145.125128,43.067617],[145.125156,43.067753],[145.125514,43.067837],[145.125752,43.068086],[145.126051,43.068224],[145.126252,43.068482],[145.126558,43.068736],[145.126642,43.068891],[145.126775,43.068948],[145.126849,43.069068],[145.127207,43.069232],[145.127272,43.069337],[145.127726,43.069577],[145.127849,43.069701],[145.128004,43.069721],[145.128126,43.069844],[145.128234,43.069881],[145.128287,43.069983],[145.12846,43.070035],[145.128524,43.070125],[145.12867,43.070175],[145.128786,43.070327],[145.12915,43.07053],[145.129184,43.070687],[145.12931,43.070731],[145.129391,43.070876],[145.129409,43.070997],[145.129347,43.071226],[145.129475,43.071386],[145.129519,43.071586],[145.129653,43.070997],[145.129728,43.071004],[145.129752,43.071059],[145.129861,43.070423],[145.130103,43.070639],[145.130485,43.069578],[145.131936,43.069863],[145.132014,43.069613]],[[145.121731,43.06308],[145.121601,43.063067],[145.121423,43.063121],[145.121357,43.063192],[145.121158,43.063226],[145.12114,43.063316],[145.121216,43.063363],[145.121201,43.063444],[145.121306,43.063529],[145.121343,43.063711],[145.121452,43.063835],[145.121713,43.063903],[145.121977,43.064076],[145.122363,43.064171],[145.122649,43.064097],[145.122878,43.064154],[145.123178,43.063979],[145.123578,43.063999],[145.123869,43.063868],[145.124042,43.063868],[145.124154,43.063749],[145.12412,43.063637],[145.124177,43.063507],[145.124127,43.063466],[145.123561,43.063269],[145.123384,43.063296],[145.123302,43.06324],[145.123166,43.063235],[145.123071,43.063139],[145.122912,43.063121],[145.122879,43.063048],[145.122759,43.062982],[145.122654,43.062986],[145.122608,43.063038],[145.122149,43.063025],[145.121913,43.063046],[145.121833,43.063102],[145.121731,43.06308]],[[145.096471,43.053024],[145.09654,43.053069],[145.096624,43.053052],[145.097184,43.052473],[145.097729,43.052141],[145.098633,43.052045],[145.099354,43.052045],[145.100097,43.052163],[145.100481,43.052343],[145.10081,43.052434],[145.101347,43.05245],[145.101715,43.052569],[145.102665,43.052574],[145.103715,43.052777],[145.104444,43.052833],[145.10571,43.052761],[145.107542,43.052852],[145.107628,43.052903],[145.107975,43.052949],[145.108089,43.052914],[145.108464,43.053072],[145.10862,43.053088],[145.108663,43.053155],[145.108952,43.053295],[145.109229,43.05336],[145.110116,43.053373],[145.110475,43.053313],[145.1106,43.053219],[145.11078,43.053173],[145.111292,43.053189],[145.111581,43.053076],[145.111643,43.05301],[145.11178,43.053009],[145.111913,43.052915],[145.112162,43.052816],[145.11228,43.052824],[145.112663,43.052647],[145.113237,43.052575],[145.113358,43.05261],[145.11349,43.052548],[145.11383,43.052507],[145.113975,43.052558],[145.114397,43.052529],[145.11442,43.052569],[145.114651,43.052579],[145.11476,43.052645],[145.115014,43.052626],[145.115033,43.052696],[145.115112,43.052735],[145.11535,43.052754],[145.115592,43.052656],[145.115658,43.052703],[145.116061,43.052659],[145.116401,43.052478],[145.116604,43.052482],[145.116752,43.052423],[145.116795,43.052363],[145.116791,43.052164],[145.116733,43.052053],[145.116756,43.051936],[145.116479,43.051803],[145.11642,43.051695],[145.116069,43.051566],[145.116069,43.051504],[145.115788,43.051236],[145.115795,43.051099],[145.115608,43.050936],[145.115491,43.050909],[145.115467,43.05084],[145.115299,43.050761],[145.115229,43.050664],[145.11501,43.050572],[145.114686,43.050517],[145.114561,43.050548],[145.114131,43.050362],[145.114108,43.05019],[145.114159,43.050121],[145.114147,43.050012],[145.114487,43.050008],[145.114534,43.049973],[145.114389,43.049751],[145.114045,43.04953],[145.113873,43.049542],[145.113795,43.049464],[145.113174,43.049477],[145.113112,43.04943],[145.112839,43.049416],[145.112557,43.04933],[145.112468,43.049201],[145.112052,43.049142],[145.111982,43.049189],[145.111751,43.049126],[145.111584,43.049001],[145.11138,43.048999],[145.111326,43.048897],[145.111103,43.048788],[145.110822,43.048738],[145.110669,43.048758],[145.110595,43.048676],[145.110072,43.048486],[145.10954,43.048491],[145.109411,43.048452],[145.108876,43.048547],[145.108748,43.048617],[145.108318,43.048665],[145.108162,43.048849],[145.107998,43.048919],[145.107959,43.048763],[145.10808,43.0486],[145.108021,43.048475],[145.107607,43.048371],[145.107166,43.048072],[145.106892,43.048029],[145.106818,43.047966],[145.106349,43.047862],[145.106259,43.047796],[145.105834,43.047766],[145.105431,43.04766],[145.105182,43.047704],[145.104998,43.047657],[145.104776,43.047499],[145.104264,43.047496],[145.104178,43.047453],[145.104053,43.047469],[145.103904,43.047714],[145.103924,43.04781],[145.103568,43.048057],[145.103541,43.048135],[145.103408,43.048155],[145.103025,43.048426],[145.102846,43.048441],[145.102713,43.048332],[145.102349,43.048252],[145.102104,43.048244],[145.101724,43.048321],[145.101326,43.04825],[145.101197,43.048285],[145.101076,43.048222],[145.100694,43.048206],[145.100194,43.04806],[145.100178,43.048005],[145.099967,43.047919],[145.099858,43.047814],[145.09976,43.047804],[145.099717,43.047714],[145.099455,43.047593],[145.099322,43.047597],[145.099307,43.047534],[145.099135,43.047452],[145.098975,43.047284],[145.098991,43.047189],[145.098893,43.047076],[145.09894,43.046949],[145.098873,43.046824],[145.098893,43.046691],[145.098823,43.046573],[145.098869,43.046498],[145.098893,43.046212],[145.098827,43.046099],[145.098436,43.046019],[145.098272,43.046047],[145.098163,43.04593],[145.097897,43.045832],[145.097979,43.045663],[145.097995,43.045475],[145.097874,43.045349],[145.097639,43.045224],[145.097276,43.04518],[145.097088,43.045234],[145.096815,43.045225],[145.096592,43.045174],[145.096296,43.044955],[145.096018,43.045017],[145.095846,43.045355],[145.09578,43.045387],[145.095608,43.045351],[145.09544,43.04548],[145.095432,43.045623],[145.095338,43.045662],[145.095229,43.045892],[145.095143,43.046254],[145.095174,43.046476],[145.095327,43.046706],[145.095456,43.046803],[145.09553,43.04697],[145.09551,43.047179],[145.095694,43.047391],[145.095698,43.047449],[145.096007,43.047654],[145.09603,43.047729],[145.09619,43.047856],[145.09635,43.047934],[145.096385,43.048016],[145.096799,43.048296],[145.097138,43.048439],[145.097115,43.048748],[145.097023,43.049052],[145.097084,43.049417],[145.096993,43.049476],[145.096989,43.049697],[145.097052,43.049798],[145.09706,43.050171],[145.097103,43.050241],[145.097083,43.050409],[145.097184,43.050515],[145.097207,43.050627],[145.097614,43.051364],[145.097606,43.051786],[145.097491,43.051983],[145.096939,43.052389],[145.096847,43.052568],[145.096471,43.053024]],[[144.866667,42.953888],[144.867474,42.954701],[144.867797,42.955136],[144.867955,42.955542],[144.868057,42.956081],[144.86829,42.956374],[144.867994,42.956543],[144.868035,42.956601],[144.868359,42.956417],[144.869283,42.956859],[144.869488,42.957051],[144.869588,42.957324],[144.869738,42.958144],[144.870061,42.959029],[144.87045,42.959617],[144.87088,42.959736],[144.871053,42.959954],[144.872339,42.963243],[144.872486,42.964119],[144.872974,42.96495],[144.873051,42.965001],[144.873212,42.964832],[144.873059,42.964534],[144.872974,42.964067],[144.873143,42.963082],[144.873357,42.962351],[144.873794,42.961709],[144.874284,42.961259],[144.874736,42.960984],[144.874972,42.961041],[144.875136,42.960966],[144.875183,42.960886],[144.8753,42.960897],[144.875473,42.960703],[144.875743,42.960744],[144.875896,42.960632],[144.87592,42.960551],[144.87606,42.960587],[144.876205,42.960464],[144.876389,42.960501],[144.876556,42.960459],[144.876694,42.960349],[144.876886,42.960369],[144.876993,42.960255],[144.877139,42.960261],[144.877337,42.960048],[144.877456,42.960047],[144.877593,42.959947],[144.877604,42.959765],[144.877762,42.959674],[144.877814,42.959506],[144.877918,42.95945],[144.877949,42.959394],[144.877919,42.959294],[144.878021,42.959244],[144.878102,42.959098],[144.878069,42.959002],[144.8782,42.958911],[144.878188,42.958781],[144.878354,42.958641],[144.878331,42.958476],[144.878519,42.958363],[144.878514,42.958191],[144.878752,42.958113],[144.878915,42.958169],[144.879018,42.958151],[144.879164,42.958063],[144.879304,42.958115],[144.879485,42.958042],[144.879653,42.95811],[144.879899,42.957986],[144.879975,42.957886],[144.880142,42.957851],[144.88022,42.957745],[144.880152,42.957674],[144.880226,42.957637],[144.88029,42.957508],[144.880215,42.957416],[144.880272,42.957327],[144.880109,42.957204],[144.879941,42.957255],[144.879831,42.957204],[144.879685,42.957244],[144.879618,42.957206],[144.879397,42.95721],[144.879288,42.957274],[144.879177,42.957246],[144.879244,42.957166],[144.879177,42.957009],[144.879341,42.957032],[144.879457,42.956952],[144.879601,42.957015],[144.879699,42.956999],[144.879768,42.95692],[144.879898,42.95694],[144.880114,42.956804],[144.880074,42.956714],[144.880103,42.95654],[144.879703,42.956346],[144.879804,42.956273],[144.87986,42.956139],[144.879758,42.956052],[144.87976,42.955964],[144.879706,42.955899],[144.879561,42.955832],[144.879525,42.955758],[144.87926,42.955732],[144.878913,42.955796],[144.878719,42.955684],[144.87845,42.95573],[144.878407,42.95559],[144.878573,42.955482],[144.878498,42.955326],[144.878256,42.955169],[144.878053,42.955175],[144.877932,42.955125],[144.87766,42.954954],[144.877541,42.955003],[144.87733,42.954932],[144.877137,42.954977],[144.877069,42.954898],[144.876889,42.954858],[144.876877,42.954775],[144.876661,42.954628],[144.87676,42.95461],[144.8769,42.954497],[144.87671,42.954283],[144.876263,42.954245],[144.876172,42.954297],[144.875939,42.954299],[144.875945,42.954221],[144.875867,42.954092],[144.875941,42.954061],[144.876016,42.95393],[144.875899,42.953782],[144.875813,42.953745],[144.875859,42.953689],[144.875821,42.95349],[144.875582,42.953354],[144.875596,42.953235],[144.875452,42.953052],[144.87553,42.952981],[144.875523,42.952903],[144.875393,42.952746],[144.875431,42.952688],[144.875343,42.952576],[144.875344,42.952492],[144.875201,42.952372],[144.874944,42.952298],[144.874791,42.952104],[144.874923,42.95205],[144.874973,42.951866],[144.874443,42.951635],[144.874472,42.951492],[144.874739,42.951569],[144.874869,42.951424],[144.874539,42.951121],[144.874395,42.951106],[144.874261,42.950974],[144.874016,42.95096],[144.874002,42.950882],[144.873867,42.950784],[144.873515,42.950739],[144.873509,42.950631],[144.873332,42.950535],[144.87325,42.950422],[144.873275,42.950299],[144.873426,42.950337],[144.873508,42.950217],[144.873402,42.95009],[144.873445,42.950015],[144.873232,42.949843],[144.873218,42.949713],[144.873134,42.949629],[144.872813,42.949457],[144.87266,42.949484],[144.872355,42.949419],[144.871974,42.949523],[144.871802,42.949475],[144.871649,42.949532],[144.871588,42.949469],[144.871315,42.949385],[144.871254,42.949279],[144.871455,42.949069],[144.871491,42.948886],[144.871297,42.948803],[144.871161,42.948814],[144.870868,42.948594],[144.870696,42.948635],[144.870589,42.948723],[144.870596,42.948788],[144.870511,42.948796],[144.870377,42.948903],[144.870369,42.948969],[144.869662,42.948953],[144.868874,42.948752],[144.868441,42.948525],[144.86806,42.94825],[144.868075,42.948052],[144.86792,42.947874],[144.867721,42.947901],[144.86765,42.947777],[144.867458,42.947727],[144.867317,42.947791],[144.867256,42.947661],[144.867042,42.947578],[144.866921,42.947599],[144.866916,42.947528],[144.866833,42.947465],[144.866465,42.947429],[144.866487,42.947345],[144.866224,42.947221],[144.866003,42.947246],[144.865809,42.947129],[144.865695,42.946929],[144.865549,42.946861],[144.865432,42.946871],[144.865434,42.946786],[144.865324,42.946707],[144.8651,42.94667],[144.865136,42.946539],[144.864948,42.946413],[144.864978,42.94632],[144.864917,42.94623],[144.865029,42.946182],[144.865015,42.946067],[144.86494,42.945953],[144.864611,42.945873],[144.864471,42.945945],[144.864454,42.946025],[144.864306,42.946022],[144.864153,42.946208],[144.864213,42.946264],[144.864095,42.946305],[144.864041,42.946458],[144.863924,42.946512],[144.863843,42.946675],[144.863947,42.946757],[144.863881,42.946879],[144.863937,42.94702],[144.864112,42.947061],[144.864124,42.947214],[144.864226,42.947321],[144.864181,42.947386],[144.864225,42.947573],[144.864337,42.947636],[144.864275,42.947743],[144.864342,42.947925],[144.86455,42.948215],[144.864465,42.948305],[144.864463,42.94839],[144.864558,42.948536],[144.864518,42.948616],[144.864545,42.948761],[144.864671,42.948834],[144.864614,42.948912],[144.864755,42.949082],[144.864908,42.949138],[144.865179,42.949536],[144.865812,42.949868],[144.866064,42.950247],[144.86614,42.950559],[144.866079,42.95086],[144.865923,42.951215],[144.865518,42.951592],[144.86544,42.951732],[144.86549,42.951838],[144.865422,42.951918],[144.865449,42.952013],[144.865377,42.952072],[144.865363,42.952251],[144.865477,42.9523],[144.865431,42.952404],[144.865464,42.952582],[144.865566,42.952587],[144.866005,42.953179],[144.865963,42.953307],[144.86606,42.953391],[144.866113,42.953552],[144.866177,42.953586],[144.866293,42.953549],[144.866667,42.953888]]],[[[144.952855,43.105667],[144.953868,43.104922],[144.954286,43.104482],[144.951722,43.102466],[144.954076,43.100659],[144.956627,43.09854],[144.95831,43.097232],[144.958972,43.09684],[144.958971,43.096671],[144.959912,43.097247],[144.95987,43.097016],[144.959778,43.09697],[144.959833,43.096651],[144.95995,43.096624],[144.959973,43.096333],[144.95992,43.096292],[144.959797,43.095908],[144.960094,43.095884],[144.960272,43.095635],[144.960221,43.09548],[144.960323,43.095156],[144.960752,43.095128],[144.96127,43.094398],[144.961588,43.093832],[144.962104,43.092566],[144.962787,43.091171],[144.962661,43.090895],[144.962667,43.090656],[144.962805,43.090441],[144.9634,43.090032],[144.964038,43.089453],[144.964428,43.089253],[144.965691,43.088813],[144.966353,43.088508],[144.96687,43.088098],[144.967697,43.087721],[144.968498,43.087184],[144.96923,43.086875],[144.970023,43.086623],[144.970143,43.086499],[144.970278,43.086107],[144.970461,43.085944],[144.97143,43.08554],[144.971707,43.085355],[144.971995,43.085085],[144.972059,43.084989],[144.972067,43.08439],[144.972133,43.084254],[144.972369,43.08416],[144.972768,43.08408],[144.973345,43.084065],[144.974126,43.084264],[144.974421,43.084313],[144.974609,43.084293],[144.97523,43.084062],[144.975688,43.0838],[144.975888,43.083591],[144.976052,43.083582],[144.976557,43.083931],[144.97696,43.084639],[144.977142,43.084829],[144.977303,43.0849],[144.977514,43.084897],[144.979047,43.084353],[144.979453,43.084307],[144.979898,43.08457],[144.980191,43.084682],[144.980688,43.084752],[144.981086,43.084706],[144.981502,43.084563],[144.982089,43.084154],[144.982309,43.084083],[144.983302,43.083925],[144.984467,43.08406],[144.984943,43.084032],[144.985859,43.083828],[144.986516,43.083751],[144.987123,43.084067],[144.987333,43.084064],[144.987797,43.084191],[144.987772,43.084282],[144.98791,43.084363],[144.988083,43.084577],[144.988322,43.084985],[144.988485,43.085033],[144.989142,43.084894],[144.989719,43.084896],[144.990635,43.085307],[144.99093,43.085659],[144.991161,43.086056],[144.990633,43.086637],[144.990463,43.086917],[144.991055,43.08685],[144.991903,43.086991],[144.99247,43.087142],[144.993229,43.087444],[144.993479,43.087451],[144.994543,43.08724],[144.994638,43.087273],[144.995551,43.088258],[144.995562,43.088646],[144.995252,43.089479],[144.995086,43.090213],[144.995089,43.090567],[144.995167,43.090829],[144.99524,43.090907],[144.995672,43.090986],[144.996221,43.091314],[144.996692,43.091381],[144.997764,43.091684],[144.998278,43.091887],[144.999259,43.092036],[145.000694,43.091933],[145.001867,43.091574],[145.001913,43.091617],[144.993952,43.0963],[144.998252,43.100184],[144.997313,43.100658],[144.996048,43.101382],[144.994929,43.102201],[144.992201,43.10378],[144.990757,43.104674],[144.99129,43.105138],[144.991706,43.105276],[144.99196,43.105617],[144.992119,43.105955],[144.992497,43.105935],[144.992711,43.106079],[144.993379,43.106285],[144.993696,43.106439],[144.993955,43.106635],[144.994139,43.106634],[144.994466,43.106799],[144.994763,43.107102],[144.994815,43.10751],[144.994906,43.107702],[144.994691,43.107833],[144.994788,43.108042],[144.994723,43.108463],[144.995014,43.108626],[144.995024,43.108812],[144.995406,43.109128],[144.995423,43.109429],[144.995773,43.110048],[144.995978,43.110166],[144.996435,43.110729],[144.996901,43.110863],[144.997022,43.11103],[144.996892,43.111183],[144.99731,43.112048],[144.997374,43.112418],[144.997237,43.11269],[144.997335,43.113022],[144.99725,43.113352],[144.997384,43.113512],[144.9974,43.113715],[144.997693,43.113839],[144.99805,43.114603],[144.998093,43.114926],[144.998348,43.115111],[144.998523,43.115149],[144.998755,43.115356],[144.999599,43.115742],[144.99981,43.115926],[145.001057,43.116232],[145.001353,43.116508],[145.001969,43.116452],[145.002323,43.117098],[145.002789,43.11722],[145.002729,43.117521],[145.002893,43.117753],[145.003228,43.117843],[145.00352,43.117693],[145.004,43.117735],[145.00427,43.117594],[145.004495,43.117647],[145.005067,43.117899],[145.005501,43.11779],[145.005821,43.117879],[145.005716,43.118063],[145.006083,43.118131],[145.006352,43.117994],[145.007257,43.118078],[145.007389,43.118265],[145.007767,43.11834],[145.00877,43.118254],[145.009971,43.118587],[145.00995,43.118837],[145.009073,43.118908],[145.007856,43.119242],[145.006987,43.119662],[145.005468,43.120518],[145.004694,43.120786],[144.999355,43.122211],[144.998374,43.122378],[144.997446,43.122376],[144.996542,43.122224],[144.995772,43.121953],[144.994887,43.121439],[144.994474,43.12112],[144.994636,43.121007],[144.99429,43.120739],[144.993461,43.120225],[144.99299,43.12002],[144.992873,43.120184],[144.992409,43.120006],[144.991398,43.11981],[144.988702,43.119665],[144.987574,43.119412],[144.986536,43.119],[144.985799,43.118566],[144.985026,43.117912],[144.983649,43.116237],[144.983445,43.115856],[144.982852,43.115454],[144.981704,43.114942],[144.981631,43.115062],[144.98039,43.114784],[144.980624,43.113815],[144.979183,43.113725],[144.979131,43.114711],[144.9779,43.114663],[144.976711,43.114533],[144.976758,43.114373],[144.975408,43.114082],[144.975329,43.114235],[144.971499,43.112933],[144.970286,43.112375],[144.969191,43.111685],[144.967664,43.110363],[144.966916,43.109792],[144.966518,43.109555],[144.965652,43.109154],[144.964426,43.108785],[144.960927,43.108158],[144.958255,43.107776],[144.957808,43.107594],[144.955928,43.107223],[144.954848,43.106858],[144.953958,43.106421],[144.952855,43.105667]]],[[[145.002866,43.092346],[145.003511,43.092608],[145.004357,43.093188],[145.004907,43.093785],[145.005484,43.094535],[145.006268,43.094876],[145.007907,43.095324],[145.008712,43.095334],[145.010169,43.094928],[145.011065,43.094576],[145.01248,43.094593],[145.012773,43.09448],[145.013106,43.094421],[145.01297,43.094259],[145.013004,43.093859],[145.013364,43.093362],[145.01328,43.092409],[145.013473,43.092075],[145.013435,43.091601],[145.013247,43.090799],[145.013,43.090403],[145.012605,43.089992],[145.011589,43.08845],[145.0114,43.08815],[145.011403,43.087996],[145.011616,43.086781],[145.012783,43.084808],[145.012824,43.084134],[145.013354,43.084085],[145.013563,43.084019],[145.014068,43.083674],[145.014453,43.083473],[145.014771,43.083394],[145.015262,43.08338],[145.015921,43.083472],[145.016648,43.083477],[145.017747,43.08338],[145.018368,43.082987],[145.018745,43.083078],[145.019088,43.083312],[145.019757,43.084021],[145.019617,43.084513],[145.019626,43.084624],[145.020763,43.086505],[145.020803,43.087635],[145.020934,43.087966],[145.021373,43.08835],[145.021737,43.088512],[145.023533,43.089583],[145.024206,43.089904],[145.024806,43.090105],[145.02507,43.089961],[145.025944,43.08931],[145.026805,43.088971],[145.027864,43.088299],[145.028482,43.088039],[145.029127,43.087522],[145.029508,43.08747],[145.030178,43.0875],[145.031923,43.087756],[145.032289,43.087744],[145.032896,43.087641],[145.033535,43.087022],[145.033789,43.086713],[145.034471,43.085685],[145.034842,43.085414],[145.036728,43.084948],[145.03723,43.084652],[145.037334,43.08452],[145.038062,43.084399],[145.038785,43.084141],[145.039425,43.084145],[145.039945,43.083778],[145.040295,43.083749],[145.04122,43.082994],[145.042549,43.082829],[145.04306,43.082906],[145.043923,43.083355],[145.044274,43.083479],[145.045645,43.08367],[145.046397,43.083698],[145.046603,43.083535],[145.046838,43.082358],[145.047665,43.08135],[145.048634,43.080567],[145.048628,43.080707],[145.049932,43.081059],[145.048627,43.082277],[145.050068,43.082516],[145.051277,43.082388],[145.051711,43.08226],[145.052468,43.082135],[145.053141,43.082354],[145.05354,43.082609],[145.054315,43.083398],[145.055005,43.083197],[145.057824,43.084429],[145.058058,43.084459],[145.05912,43.084904],[145.058906,43.085032],[145.058645,43.085008],[145.058263,43.085231],[145.058167,43.085236],[145.058079,43.08518],[145.057517,43.085555],[145.057227,43.086115],[145.056637,43.086516],[145.056343,43.086862],[145.056411,43.08711],[145.056303,43.087304],[145.056049,43.087346],[145.055552,43.08759],[145.05596,43.088414],[145.056878,43.089098],[145.058046,43.089383],[145.058768,43.089697],[145.057946,43.090918],[145.057146,43.092468],[145.056984,43.093256],[145.056876,43.093389],[145.056605,43.094135],[145.056166,43.094688],[145.055043,43.09573],[145.054104,43.096189],[145.054287,43.096601],[145.054524,43.096778],[145.055159,43.09744],[145.057258,43.09863],[145.058059,43.099249],[145.059313,43.100621],[145.060869,43.102531],[145.061525,43.103064],[145.061676,43.103548],[145.061659,43.103817],[145.061369,43.104361],[145.061299,43.105055],[145.061321,43.105173],[145.061794,43.105948],[145.062972,43.108542],[145.062692,43.110081],[145.06273,43.110286],[145.062891,43.110566],[145.063037,43.110716],[145.063914,43.111303],[145.064097,43.111529],[145.064113,43.111787],[145.063713,43.11332],[145.063619,43.113512],[145.063406,43.113518],[145.062036,43.11383],[145.061661,43.114023],[145.061328,43.11432],[145.061291,43.114544],[145.061572,43.115044],[145.06177,43.115892],[145.062072,43.116554],[145.062093,43.116653],[145.061999,43.116908],[145.061364,43.117512],[145.060901,43.117653],[145.06038,43.117955],[145.059838,43.118142],[145.059681,43.118236],[145.059379,43.118606],[145.059223,43.11872],[145.058343,43.119007],[145.058101,43.118834],[145.057849,43.118774],[145.057519,43.118829],[145.056985,43.119014],[145.056698,43.11925],[145.056517,43.1195],[145.056415,43.119544],[145.05617,43.119542],[145.055985,43.119474],[145.055879,43.119355],[145.05582,43.118878],[145.055754,43.118737],[145.055603,43.11864],[145.055253,43.11851],[145.055001,43.118517],[145.054759,43.11862],[145.054402,43.118488],[145.05432,43.118391],[145.054209,43.118004],[145.054176,43.117697],[145.054287,43.117378],[145.054262,43.117121],[145.054202,43.117008],[145.053759,43.116821],[145.053528,43.116559],[145.053327,43.116548],[145.053145,43.116659],[145.053015,43.116827],[145.052929,43.117263],[145.052634,43.117731],[145.052607,43.117973],[145.052037,43.118602],[145.051837,43.118992],[145.051668,43.119152],[145.05151,43.11928],[145.048875,43.12029],[145.048575,43.120716],[145.049219,43.1208],[145.049873,43.120698],[145.050463,43.120169],[145.05194,43.120485],[145.052297,43.120739],[145.052799,43.120759],[145.052948,43.121721],[145.053108,43.121992],[145.054028,43.122769],[145.054939,43.123375],[145.055405,43.123572],[145.055249,43.12468],[145.05597,43.125234],[145.056419,43.125458],[145.057288,43.126101],[145.058236,43.126419],[145.058733,43.127587],[145.059312,43.129687],[145.059233,43.130465],[145.059923,43.131166],[145.060133,43.131781],[145.05986,43.132639],[145.060118,43.133094],[145.060189,43.133979],[145.060187,43.13433],[145.060003,43.134761],[145.060019,43.135218],[145.059124,43.135018],[145.057315,43.134994],[145.056021,43.135272],[145.054513,43.134549],[145.052619,43.134628],[145.051299,43.134609],[145.049851,43.134348],[145.048705,43.133206],[145.047767,43.132551],[145.046816,43.131727],[145.044419,43.13106],[145.042281,43.130209],[145.041806,43.12885],[145.041498,43.127754],[145.041096,43.125958],[145.040389,43.124173],[145.039238,43.12305],[145.037675,43.121703],[145.036298,43.120858],[145.035013,43.120848],[145.033133,43.120223],[145.032891,43.119432],[145.032354,43.118671],[145.032325,43.117795],[145.032874,43.11663],[145.032294,43.115596],[145.03203,43.11484],[145.031593,43.114177],[145.031195,43.112707],[145.031373,43.112056],[145.031502,43.109979],[145.031399,43.109483],[145.031005,43.108737],[145.030342,43.108164],[145.029217,43.107331],[145.027638,43.106748],[145.024128,43.105787],[145.024613,43.103605],[145.024726,43.101717],[145.024536,43.100351],[145.02301,43.100267],[145.021798,43.100416],[145.020474,43.100989],[145.019982,43.101371],[145.018318,43.102382],[145.014495,43.098807],[145.013284,43.097784],[145.010619,43.099368],[145.002866,43.092346]]],[[[145.075849,43.128364],[145.076259,43.127713],[145.076438,43.127509],[145.076664,43.127367],[145.078231,43.126879],[145.078319,43.126794],[145.078645,43.126139],[145.078819,43.125966],[145.078825,43.125676],[145.079168,43.125089],[145.079416,43.124776],[145.079414,43.124656],[145.079198,43.124035],[145.079192,43.12371],[145.079332,43.123487],[145.079533,43.123291],[145.080741,43.122812],[145.081148,43.12271],[145.081627,43.122363],[145.08203,43.122198],[145.082686,43.122074],[145.083306,43.121768],[145.083416,43.121442],[145.083352,43.121148],[145.0836,43.120113],[145.083465,43.119933],[145.082499,43.119528],[145.082382,43.119416],[145.082365,43.119316],[145.082422,43.1192],[145.082684,43.119104],[145.083159,43.11842],[145.08334,43.118254],[145.083383,43.118079],[145.083986,43.117264],[145.084059,43.116976],[145.084618,43.116267],[145.085204,43.115969],[145.085483,43.115945],[145.086181,43.116178],[145.086279,43.116316],[145.086621,43.116527],[145.08678,43.116706],[145.08679,43.11679],[145.086523,43.117165],[145.086443,43.117803],[145.086151,43.118101],[145.086177,43.118173],[145.086778,43.118355],[145.087113,43.118392],[145.088789,43.118254],[145.089308,43.118368],[145.089994,43.118872],[145.090187,43.119103],[145.090304,43.119162],[145.090428,43.119326],[145.090434,43.119429],[145.090915,43.12004],[145.090943,43.120181],[145.090888,43.120315],[145.090642,43.120522],[145.089068,43.121409],[145.088988,43.121511],[145.088973,43.12183],[145.088556,43.122498],[145.088557,43.122656],[145.088674,43.122769],[145.089134,43.122934],[145.089236,43.123101],[145.088912,43.123643],[145.088745,43.123801],[145.088702,43.123984],[145.088786,43.124315],[145.088921,43.124479],[145.089458,43.124698],[145.090663,43.12474],[145.091173,43.1248],[145.091351,43.124885],[145.092033,43.124779],[145.092974,43.124539],[145.093502,43.124611],[145.094016,43.124836],[145.094379,43.124849],[145.094684,43.124731],[145.095344,43.124349],[145.095505,43.124327],[145.096875,43.124695],[145.097416,43.124932],[145.097667,43.125155],[145.097696,43.125364],[145.097813,43.125497],[145.09795,43.125533],[145.099637,43.125626],[145.102502,43.125992],[145.103424,43.126353],[145.104237,43.126418],[145.104559,43.126355],[145.104697,43.126248],[145.101273,43.12977],[145.100191,43.13031],[145.10017,43.130439],[145.098642,43.131344],[145.098117,43.131286],[145.09691,43.13133],[145.0964,43.131417],[145.094999,43.132171],[145.094629,43.132704],[145.094082,43.133153],[145.094176,43.133599],[145.0941,43.133602],[145.093905,43.133783],[145.093761,43.134107],[145.0938,43.134144],[145.08361,43.140152],[145.082265,43.138926],[145.082199,43.138816],[145.082205,43.138695],[145.083224,43.136119],[145.083456,43.134957],[145.083462,43.134788],[145.083361,43.134626],[145.082339,43.133625],[145.081769,43.133283],[145.080144,43.132483],[145.079945,43.132344],[145.079871,43.132148],[145.079562,43.130211],[145.079494,43.130031],[145.07929,43.129859],[145.077789,43.129065],[145.07601,43.128489],[145.075955,43.128396],[145.075849,43.128364]]],[[[145.106082,43.09857],[145.10664,43.092023],[145.109089,43.092202],[145.109732,43.089878],[145.112125,43.088526],[145.11239,43.088327],[145.112567,43.088081],[145.112735,43.087723],[145.113922,43.087919],[145.113218,43.089824],[145.112656,43.091564],[145.111059,43.095434],[145.110506,43.097201],[145.110061,43.09926],[145.110069,43.100447],[145.109977,43.102461],[145.110115,43.102619],[145.110428,43.102664],[145.110376,43.102709],[145.109984,43.102776],[145.109861,43.103097],[145.109854,43.103496],[145.110245,43.107193],[145.110261,43.107868],[145.110452,43.110231],[145.111128,43.114692],[145.111642,43.116499],[145.112563,43.118924],[145.113116,43.119925],[145.113453,43.120369],[145.113983,43.120915],[145.114459,43.121264],[145.115011,43.120994],[145.11515,43.121787],[145.115536,43.122684],[145.116958,43.122031],[145.116939,43.121996],[145.117815,43.121575],[145.117849,43.121635],[145.116993,43.122056],[145.117101,43.122189],[145.115827,43.122786],[145.116754,43.123905],[145.118109,43.123295],[145.118144,43.12336],[145.116629,43.124045],[145.117463,43.12501],[145.119438,43.124084],[145.11865,43.122872],[145.118219,43.120189],[145.118305,43.120179],[145.11873,43.122854],[145.119551,43.124108],[145.116825,43.125365],[145.117283,43.125973],[145.118258,43.127458],[145.118481,43.127915],[145.115798,43.127893],[145.113562,43.126682],[145.113367,43.126463],[145.113018,43.126734],[145.112289,43.126146],[145.111789,43.125976],[145.111885,43.125925],[145.111439,43.125644],[145.111539,43.125514],[145.111213,43.125236],[145.110997,43.125297],[145.109222,43.124474],[145.108832,43.123901],[145.108333,43.123792],[145.108179,43.12394],[145.1071,43.123819],[145.108684,43.12243],[145.107712,43.121271],[145.108448,43.120942],[145.108869,43.120449],[145.109288,43.119856],[145.108679,43.118893],[145.108028,43.11773],[145.10729,43.116644],[145.108451,43.116249],[145.108407,43.116129],[145.10837,43.116141],[145.108165,43.115579],[145.108205,43.11557],[145.107917,43.114834],[145.107957,43.114831],[145.107227,43.111225],[145.107187,43.111229],[145.107124,43.110912],[145.107165,43.11091],[145.106622,43.108137],[145.106542,43.107243],[145.1065,43.107245],[145.10642,43.106298],[145.106469,43.106295],[145.106395,43.105406],[145.106346,43.105409],[145.106341,43.105351],[145.10639,43.105348],[145.106307,43.104312],[145.106255,43.104315],[145.10625,43.104258],[145.106302,43.104255],[145.106238,43.103476],[145.106164,43.103229],[145.106125,43.102757],[145.105957,43.100062],[145.106082,43.09857]]]]}}]}
