{"type":"FeatureCollection","features":[{"type":"Feature","properties":{"potaRef":"JP-1867","nameJa":"磐梯朝日","nameEn":"Yamagata Nature Museum Prefectural Park","authority":"環境省 生物多様性「見える化」マップ","boundaryStatus":"全国GIS候補・公開前検証待ち","boundarySource":"環境省 生物多様性「見える化」マップの自然公園区域を、POTA代表座標で一意に空間照合して加工","boundaryScaleNote":"区域は概要データであり、正確性は保証されない。POTA運用可否は公式情報で最終確認すること。","candidateMethod":"POTA representative point inside one public natural-park area","sourceParkKind":"国立公園","sourceName":"磐梯朝日","sourceFeatureCount":100,"cautionMeters":75},"geometry":{"type":"MultiPolygon","coordinates":[[[[140.065881,37.632291],[140.065997,37.631362],[140.066184,37.63085],[140.067115,37.629487],[140.067166,37.629058],[140.067564,37.627189],[140.067615,37.626689],[140.067579,37.625961],[140.06739,37.625459],[140.067307,37.624921],[140.067327,37.623336],[140.068406,37.623368],[140.069861,37.624524],[140.07001,37.624573],[140.070626,37.625067],[140.070502,37.631813],[140.070519,37.633494],[140.067682,37.633758],[140.066692,37.633786],[140.066335,37.633239],[140.065881,37.632291]]],[[[140.292347,37.730306],[140.291619,37.729563],[140.291427,37.729156],[140.29322,37.726889],[140.293992,37.726238],[140.294445,37.726002],[140.294955,37.726005],[140.2953,37.726079],[140.296107,37.726454],[140.296437,37.726456],[140.297425,37.726819],[140.297994,37.726906],[140.297832,37.728193],[140.297598,37.729086],[140.297323,37.729597],[140.296916,37.729785],[140.294793,37.730428],[140.293068,37.730856],[140.292347,37.730306]]],[[[139.539627,37.857021],[139.557275,37.856377],[139.56153,37.856301],[139.564949,37.856189],[139.567207,37.856057],[139.568674,37.856057],[139.569254,37.855919],[139.569804,37.85569],[139.569927,37.8554],[139.569697,37.854834],[139.569147,37.854315],[139.567726,37.853642],[139.567008,37.853398],[139.56629,37.852832],[139.565175,37.852374],[139.563051,37.851793],[139.562378,37.85135],[139.56192,37.850754],[139.55988,37.847454],[139.559192,37.846812],[139.558994,37.846247],[139.558923,37.845669],[139.559116,37.844765],[139.559605,37.843756],[139.560659,37.842671],[139.561912,37.841861],[139.562424,37.841586],[139.56305,37.841495],[139.564225,37.841144],[139.56542,37.841198],[139.565892,37.841279],[139.566324,37.841225],[139.567445,37.84086],[139.568133,37.840874],[139.570219,37.841157],[139.570624,37.841373],[139.571529,37.842386],[139.571947,37.842629],[139.572231,37.842723],[139.573797,37.84244],[139.574431,37.842426],[139.575666,37.84271],[139.576517,37.843587],[139.576895,37.843857],[139.577408,37.843979],[139.578434,37.843979],[139.579251,37.844208],[139.579615,37.844235],[139.579831,37.844222],[139.580371,37.844073],[139.58079,37.843898],[139.581303,37.84379],[139.581667,37.843844],[139.58295,37.844343],[139.583463,37.844424],[139.585184,37.844127],[139.586939,37.843601],[139.587263,37.843142],[139.587506,37.842588],[139.587439,37.842021],[139.587177,37.841543],[139.587209,37.841102],[139.587374,37.840908],[139.587872,37.840673],[139.588202,37.840452],[139.588434,37.840135],[139.588767,37.839529],[139.589197,37.839308],[139.589874,37.839294],[139.590504,37.83921],[139.591017,37.839281],[139.591199,37.839239],[139.591589,37.839027],[139.591889,37.839004],[139.592177,37.839073],[139.593241,37.839777],[139.593474,37.839812],[139.594034,37.839733],[139.594179,37.839571],[139.594279,37.83921],[139.594509,37.838992],[139.594906,37.838879],[139.595384,37.838925],[139.595671,37.838892],[139.596496,37.838631],[139.596729,37.838604],[139.597191,37.838687],[139.597656,37.838935],[139.598219,37.839487],[139.598749,37.839762],[139.599544,37.840342],[139.599774,37.840702],[139.599939,37.841144],[139.599641,37.84175],[139.599709,37.841971],[139.599906,37.842191],[139.600239,37.842356],[139.600668,37.842439],[139.600866,37.84255],[139.600933,37.842743],[139.600901,37.843212],[139.600733,37.843764],[139.600901,37.84426],[139.601296,37.844866],[139.601793,37.845475],[139.602126,37.845749],[139.602521,37.845943],[139.602821,37.845997],[139.603251,37.845943],[139.603548,37.84597],[139.603846,37.846081],[139.604046,37.846302],[139.604276,37.846937],[139.604476,37.847158],[139.605006,37.847349],[139.605833,37.847847],[139.606295,37.848289],[139.606693,37.849116],[139.606925,37.849999],[139.60699,37.850633],[139.60709,37.85102],[139.607355,37.851351],[139.60795,37.851903],[139.608282,37.852593],[139.60878,37.853145],[139.609342,37.853476],[139.610102,37.853697],[139.611327,37.853918],[139.612874,37.853955],[139.613214,37.853918],[139.613957,37.853493],[139.614109,37.853447],[139.614407,37.853476],[139.615037,37.853807],[139.616029,37.853918],[139.616612,37.853913],[139.617839,37.854174],[139.618656,37.854011],[139.618934,37.854138],[139.619099,37.854151],[139.619589,37.853945],[139.619916,37.853988],[139.620851,37.854445],[139.621146,37.854503],[139.621444,37.85437],[139.621764,37.854369],[139.622059,37.854463],[139.622401,37.854388],[139.622666,37.854165],[139.623064,37.853999],[139.623364,37.854026],[139.623813,37.854159],[139.624201,37.854159],[139.624748,37.853742],[139.625416,37.853697],[139.625911,37.853742],[139.626801,37.85414],[139.627141,37.854159],[139.627848,37.853969],[139.628463,37.854103],[139.628895,37.854065],[139.629513,37.853932],[139.629968,37.853951],[139.63065,37.854351],[139.631505,37.854596],[139.631735,37.854749],[139.632077,37.855115],[139.63234,37.855194],[139.632407,37.85513],[139.632445,37.854953],[139.63244,37.854596],[139.632555,37.854482],[139.63268,37.854509],[139.63304,37.854815],[139.633215,37.854863],[139.633282,37.854813],[139.633375,37.854482],[139.633497,37.854294],[139.633662,37.854188],[139.633935,37.854124],[139.63431,37.85418],[139.634582,37.854351],[139.63472,37.854369],[139.635317,37.854205],[139.635647,37.854188],[139.636444,37.854269],[139.637554,37.853653],[139.638157,37.853622],[139.638312,37.853524],[139.638897,37.852876],[139.639112,37.852795],[139.640687,37.852859],[139.641077,37.853053],[139.641447,37.853053],[139.642302,37.85268],[139.642964,37.852178],[139.643742,37.851886],[139.646116,37.851399],[139.646661,37.851222],[139.648199,37.851172],[139.648549,37.851076],[139.648919,37.850768],[139.649501,37.850718],[139.650164,37.851059],[139.650358,37.851076],[139.650903,37.851009],[139.651778,37.851188],[139.652013,37.851157],[139.652343,37.851009],[139.652538,37.851059],[139.652831,37.851253],[139.653063,37.851236],[139.653316,37.851124],[139.653376,37.850832],[139.653531,37.850636],[139.653958,37.850572],[139.654056,37.850476],[139.654133,37.850297],[139.654271,37.850264],[139.654913,37.850507],[139.655146,37.850459],[139.655301,37.850249],[139.655516,37.850134],[139.655748,37.850182],[139.655983,37.850314],[139.656431,37.85033],[139.656663,37.850264],[139.656996,37.850297],[139.657188,37.850249],[139.657306,37.849826],[139.657443,37.849664],[139.657676,37.849632],[139.658473,37.849778],[139.660148,37.849745],[139.660438,37.849633],[139.661238,37.849016],[139.661898,37.848822],[139.662113,37.84866],[139.662288,37.848368],[139.66254,37.848172],[139.662775,37.848091],[139.663105,37.848091],[139.663378,37.848189],[139.663728,37.848433],[139.66398,37.848528],[139.664438,37.848562],[139.66469,37.848643],[139.664925,37.849128],[139.665373,37.849226],[139.666577,37.848935],[139.668272,37.848674],[139.668915,37.848497],[139.67123,37.84741],[139.672105,37.847168],[139.672727,37.847118],[139.675414,37.847281],[139.675921,37.847133],[139.67633,37.846871],[139.677859,37.84618],[139.678906,37.84596],[139.678896,37.846127],[139.677647,37.847923],[139.676414,37.849039],[139.676225,37.849594],[139.676288,37.850306],[139.676488,37.850814],[139.676435,37.850945],[139.675869,37.851322],[139.674631,37.851891],[139.674429,37.852212],[139.67385,37.852672],[139.672808,37.853086],[139.671248,37.853601],[139.670188,37.853806],[139.669744,37.853944],[139.669422,37.85425],[139.669243,37.854526],[139.668884,37.854736],[139.667936,37.854986],[139.66619,37.856257],[139.663991,37.857192],[139.66108,37.858862],[139.659916,37.859383],[139.657955,37.860516],[139.656997,37.861245],[139.656367,37.861824],[139.655082,37.862845],[139.65447,37.863535],[139.654056,37.864484],[139.653887,37.865266],[139.653903,37.866047],[139.654087,37.866522],[139.654416,37.86713],[139.654837,37.867763],[139.655144,37.868422],[139.655174,37.869157],[139.655041,37.869717],[139.654945,37.870076],[139.654684,37.870352],[139.654179,37.870643],[139.651421,37.871838],[139.649966,37.872972],[139.649307,37.873876],[139.648878,37.874657],[139.648372,37.875081],[139.647809,37.875412],[139.6457,37.875873],[139.643608,37.875791],[139.642596,37.875975],[139.64183,37.876327],[139.641049,37.876879],[139.639962,37.877316],[139.639002,37.877811],[139.637817,37.878165],[139.636974,37.878594],[139.636499,37.879161],[139.6363,37.879651],[139.636232,37.880096],[139.636193,37.882378],[139.635947,37.882792],[139.635427,37.883236],[139.634599,37.883589],[139.63414,37.883941],[139.633731,37.884386],[139.633129,37.885611],[139.632516,37.886438],[139.63224,37.886591],[139.631106,37.887051],[139.63057,37.887388],[139.630202,37.887832],[139.629997,37.888254],[139.629314,37.890621],[139.629023,37.891234],[139.627966,37.892367],[139.627659,37.892934],[139.627361,37.895079],[139.627437,37.895983],[139.627667,37.896764],[139.628081,37.897484],[139.628801,37.898174],[139.629582,37.898832],[139.629735,37.899185],[139.629643,37.900073],[139.629505,37.900272],[139.629061,37.900594],[139.628563,37.900778],[139.627904,37.901483],[139.625001,37.906692],[139.624419,37.907825],[139.624251,37.908622],[139.624266,37.909311],[139.624388,37.909725],[139.624863,37.910353],[139.625568,37.910706],[139.626089,37.910721],[139.626824,37.910583],[139.627846,37.910165],[139.628591,37.911304],[139.628878,37.911989],[139.628806,37.912562],[139.627868,37.913391],[139.627361,37.916224],[139.627073,37.916712],[139.626243,37.917283],[139.625266,37.917799],[139.625158,37.918199],[139.625266,37.918455],[139.625663,37.918799],[139.625808,37.919143],[139.625808,37.919543],[139.625376,37.92026],[139.625411,37.92063],[139.625591,37.921032],[139.626748,37.922005],[139.626928,37.922405],[139.627145,37.923949],[139.627398,37.924722],[139.62765,37.925009],[139.628048,37.925151],[139.62924,37.925438],[139.629817,37.925668],[139.629857,37.926076],[139.630217,37.926222],[139.63051,37.926532],[139.63103,37.928122],[139.631432,37.928855],[139.632114,37.930403],[139.632284,37.930671],[139.632549,37.930875],[139.632834,37.931003],[139.633964,37.931188],[139.634472,37.931321],[139.635271,37.9319],[139.635724,37.93199],[139.636179,37.932167],[139.638024,37.933592],[139.639111,37.934634],[139.639297,37.934951],[139.637669,37.936272],[139.634747,37.938764],[139.634146,37.9394],[139.63394,37.940482],[139.63394,37.94117],[139.634414,37.943322],[139.634304,37.94394],[139.634483,37.944105],[139.634758,37.944146],[139.634868,37.944284],[139.634964,37.944559],[139.635321,37.944834],[139.635767,37.946385],[139.635837,37.946833],[139.635837,37.947458],[139.635899,37.947643],[139.636594,37.947827],[139.637109,37.94807],[139.636891,37.948597],[139.636871,37.948747],[139.637009,37.94892],[139.637464,37.948962],[139.637604,37.949093],[139.637704,37.949291],[139.637634,37.949526],[139.636801,37.949845],[139.636524,37.950191],[139.636211,37.950366],[139.635656,37.95048],[139.635006,37.950547],[139.634689,37.950786],[139.634431,37.950836],[139.634116,37.95082],[139.634016,37.950968],[139.633956,37.951413],[139.633599,37.951959],[139.633886,37.953457],[139.634036,37.953826],[139.634471,37.954057],[139.634729,37.954321],[139.634894,37.954642],[139.634996,37.955192],[139.634929,37.955907],[139.634806,37.956236],[139.634556,37.956655],[139.634574,37.956894],[139.634929,37.95785],[139.634961,37.958198],[139.634809,37.958565],[139.634471,37.958813],[139.633561,37.958913],[139.633461,37.959061],[139.633494,37.959269],[139.634289,37.959683],[139.634653,37.960125],[139.635051,37.960373],[139.635546,37.960456],[139.635746,37.960731],[139.635746,37.961062],[139.635481,37.96131],[139.634388,37.962056],[139.634256,37.96225],[139.634356,37.962581],[139.634321,37.962802],[139.634113,37.962937],[139.634026,37.963414],[139.633383,37.9633],[139.633211,37.963327],[139.632963,37.963629],[139.632601,37.96396],[139.632212,37.963868],[139.631904,37.963921],[139.631297,37.964194],[139.630963,37.964493],[139.630795,37.96481],[139.63069,37.964907],[139.629212,37.965144],[139.627988,37.965426],[139.627407,37.965725],[139.6268,37.966121],[139.626562,37.966508],[139.62654,37.967905],[139.626805,37.968318],[139.626905,37.969064],[139.627401,37.969449],[139.627569,37.970001],[139.627766,37.970111],[139.627866,37.970415],[139.627799,37.970751],[139.627549,37.970915],[139.627204,37.970968],[139.626906,37.971078],[139.626774,37.971299],[139.626741,37.97152],[139.626939,37.971711],[139.627071,37.971932],[139.626971,37.972319],[139.626706,37.97254],[139.626344,37.972621],[139.625745,37.972511],[139.625548,37.972594],[139.624818,37.973451],[139.624853,37.973782],[139.625083,37.974003],[139.625183,37.974305],[139.62515,37.974692],[139.624653,37.974692],[139.624058,37.974802],[139.623925,37.975023],[139.62376,37.975767],[139.623693,37.976402],[139.623528,37.976596],[139.623317,37.976673],[139.622717,37.975714],[139.621188,37.973806],[139.620878,37.973187],[139.620139,37.970833],[139.619692,37.970335],[139.619297,37.97018],[139.61889,37.970115],[139.617527,37.97018],[139.617063,37.969853],[139.616152,37.969441],[139.614932,37.969166],[139.614107,37.969166],[139.612526,37.969475],[139.612034,37.969734],[139.611942,37.969462],[139.611289,37.968918],[139.611149,37.96847],[139.610962,37.968276],[139.610027,37.96773],[139.609702,37.967478],[139.609584,37.967168],[139.609747,37.965941],[139.609747,37.965397],[139.609467,37.964854],[139.608837,37.964308],[139.608372,37.963804],[139.608067,37.963239],[139.607975,37.962637],[139.6081,37.961835],[139.606873,37.957683],[139.606598,37.956487],[139.606584,37.955744],[139.607196,37.953586],[139.60732,37.952417],[139.607251,37.951634],[139.605745,37.951744],[139.604907,37.951579],[139.603656,37.951812],[139.602721,37.952458],[139.600001,37.954487],[139.599194,37.954878],[139.598534,37.955071],[139.597503,37.951854],[139.596802,37.951386],[139.596204,37.951111],[139.595626,37.950671],[139.595365,37.950382],[139.595283,37.95008],[139.595365,37.949819],[139.595709,37.949626],[139.596401,37.949342],[139.597537,37.948705],[139.597867,37.948293],[139.597936,37.947633],[139.597675,37.946835],[139.596004,37.944979],[139.595578,37.944127],[139.595441,37.943439],[139.595317,37.94315],[139.595028,37.94304],[139.594355,37.942958],[139.592993,37.942931],[139.591756,37.942353],[139.590587,37.941941],[139.590037,37.941872],[139.589762,37.941721],[139.589611,37.941446],[139.588828,37.941253],[139.588786,37.941143],[139.589886,37.940181],[139.59045,37.939865],[139.591192,37.93959],[139.591454,37.939205],[139.591639,37.937513],[139.592189,37.936235],[139.593646,37.934008],[139.592354,37.933939],[139.591694,37.933856],[139.591103,37.933911],[139.590017,37.934145],[139.589495,37.934343],[139.58837,37.935089],[139.587775,37.935306],[139.587298,37.935395],[139.586318,37.935364],[139.585158,37.935116],[139.584463,37.934758],[139.583371,37.933848],[139.580888,37.932496],[139.580523,37.932442],[139.578536,37.932359],[139.578173,37.932275],[139.577081,37.931807],[139.576616,37.931723],[139.574763,37.93175],[139.574033,37.93189],[139.573206,37.931971],[139.572576,37.931917],[139.571584,37.93164],[139.570989,37.931586],[139.568704,37.931861],[139.568041,37.932001],[139.567579,37.932303],[139.567459,37.932452],[139.567441,37.932743],[139.567331,37.933141],[139.567152,37.933361],[139.566509,37.933541],[139.565269,37.933664],[139.56399,37.933636],[139.562808,37.933416],[139.560457,37.932866],[139.558814,37.932715],[139.55416,37.932894],[139.552482,37.932605],[139.551658,37.932303],[139.551039,37.932165],[139.55029,37.93222],[139.549575,37.932138],[139.548736,37.93178],[139.54824,37.931447],[139.547897,37.931134],[139.547279,37.930969],[139.546894,37.930942],[139.545608,37.931106],[139.544742,37.930777],[139.543394,37.929539],[139.542333,37.928152],[139.541676,37.927724],[139.540645,37.926542],[139.540342,37.925951],[139.540397,37.923476],[139.540218,37.923283],[139.539751,37.923242],[139.539119,37.923558],[139.538184,37.924177],[139.538074,37.924012],[139.538005,37.92371],[139.538005,37.92316],[139.538362,37.922046],[139.538321,37.921675],[139.538362,37.921317],[139.538555,37.921001],[139.538362,37.92052],[139.537964,37.92041],[139.536176,37.921661],[139.534898,37.922087],[139.532169,37.9225],[139.530532,37.922926],[139.529824,37.923311],[139.529044,37.924171],[139.526923,37.925923],[139.526524,37.925862],[139.525729,37.926138],[139.525332,37.926415],[139.524902,37.926498],[139.524439,37.926387],[139.524074,37.926],[139.523842,37.925863],[139.523347,37.925835],[139.522949,37.92589],[139.522452,37.925806],[139.52179,37.925531],[139.520432,37.924842],[139.519902,37.924704],[139.519175,37.924731],[139.518878,37.924675],[139.517453,37.924125],[139.516228,37.923517],[139.513681,37.922],[139.513051,37.921448],[139.512226,37.921461],[139.511907,37.921313],[139.511652,37.921127],[139.511489,37.92088],[139.511032,37.919517],[139.509655,37.91638],[139.509102,37.915441],[139.5081,37.913416],[139.507688,37.912814],[139.507258,37.912372],[139.506318,37.911814],[139.506066,37.911379],[139.505043,37.90915],[139.505021,37.908256],[139.504878,37.908158],[139.504576,37.908123],[139.504346,37.907902],[139.504279,37.907517],[139.504114,37.907102],[139.502954,37.90575],[139.502804,37.905238],[139.502624,37.90415],[139.502062,37.903655],[139.501962,37.903323],[139.501632,37.902798],[139.501069,37.902246],[139.500505,37.901832],[139.500142,37.901171],[139.499313,37.898786],[139.499348,37.898541],[139.499513,37.898374],[139.50054,37.898295],[139.500852,37.898149],[139.501117,37.897791],[139.501317,37.897378],[139.501582,37.896991],[139.501815,37.896743],[139.502012,37.896137],[139.50208,37.895639],[139.50231,37.895224],[139.502698,37.894687],[139.502982,37.894431],[139.504,37.894012],[139.50461,37.893472],[139.50486,37.892329],[139.505057,37.891941],[139.50529,37.891666],[139.505523,37.891252],[139.505787,37.890977],[139.506283,37.890646],[139.506957,37.889831],[139.507013,37.889129],[139.507113,37.888769],[139.507475,37.888631],[139.507872,37.888658],[139.50847,37.888825],[139.509462,37.888879],[139.510957,37.888594],[139.511917,37.888483],[139.51231,37.888494],[139.513474,37.888717],[139.513689,37.888717],[139.514989,37.888279],[139.516109,37.887613],[139.516314,37.887584],[139.519461,37.887969],[139.520089,37.887969],[139.521466,37.887782],[139.522551,37.887438],[139.522964,37.887449],[139.523566,37.88733],[139.524096,37.887124],[139.525038,37.886661],[139.525511,37.886545],[139.526313,37.886563],[139.526908,37.88648],[139.527771,37.886176],[139.528566,37.885984],[139.529393,37.885901],[139.529753,37.885918],[139.530033,37.886043],[139.53059,37.886545],[139.5313,37.887511],[139.531545,37.887695],[139.531963,37.887861],[139.532575,37.888009],[139.533295,37.888078],[139.535202,37.888136],[139.535665,37.888247],[139.536592,37.888605],[139.537122,37.888743],[139.538062,37.888686],[139.538497,37.888461],[139.539429,37.888324],[139.539772,37.888136],[139.539904,37.887557],[139.540254,37.887084],[139.540632,37.886711],[139.540832,37.886286],[139.54093,37.885459],[139.540987,37.885291],[139.541365,37.884893],[139.542685,37.884578],[139.543769,37.88388],[139.544324,37.883645],[139.544737,37.883528],[139.545167,37.883528],[139.545432,37.883363],[139.546262,37.883197],[139.547119,37.883138],[139.548082,37.883611],[139.548279,37.883584],[139.548712,37.883305],[139.549457,37.883295],[139.549837,37.883086],[139.550624,37.882892],[139.550929,37.882922],[139.551922,37.882811],[139.552419,37.882811],[139.552717,37.882644],[139.552684,37.882092],[139.552122,37.881322],[139.552022,37.881018],[139.552087,37.880797],[139.552724,37.880243],[139.553019,37.879743],[139.553114,37.87903],[139.553114,37.878588],[139.553232,37.878257],[139.553644,37.878093],[139.554104,37.877718],[139.554572,37.877209],[139.555377,37.87667],[139.555797,37.87652],[139.556227,37.876547],[139.556592,37.876686],[139.556782,37.876522],[139.556899,37.876109],[139.556947,37.875678],[139.557122,37.875305],[139.558677,37.874313],[139.558942,37.874063],[139.558974,37.873678],[139.558874,37.873182],[139.558387,37.871853],[139.558147,37.87103],[139.558147,37.870478],[139.558512,37.869595],[139.558545,37.868987],[139.55838,37.868658],[139.557352,37.867416],[139.556955,37.865953],[139.556593,37.865429],[139.556128,37.863883],[139.555798,37.863635],[139.555268,37.863414],[139.554505,37.863304],[139.553745,37.863331],[139.552851,37.863441],[139.551658,37.863718],[139.550797,37.863782],[139.549926,37.864076],[139.548773,37.864832],[139.547927,37.865626],[139.547223,37.866039],[139.544871,37.865881],[139.542586,37.865908],[139.541959,37.865804],[139.541462,37.865618],[139.540104,37.864675],[139.539509,37.863914],[139.539442,37.863312],[139.539542,37.862866],[139.539675,37.860504],[139.539542,37.857935],[139.539575,37.857148],[139.539627,37.857021]]],[[[139.539627,37.857021],[139.539907,37.856335],[139.540577,37.855173],[139.541351,37.854357],[139.541811,37.853383],[139.54227,37.852985],[139.543217,37.852664],[139.544134,37.852068],[139.54473,37.851274],[139.545593,37.849272],[139.546342,37.848432],[139.548328,37.847271],[139.549474,37.845544],[139.549681,37.844902],[139.549803,37.843114],[139.5502,37.841464],[139.550536,37.840715],[139.551545,37.839692],[139.552859,37.838714],[139.551907,37.838411],[139.551297,37.83833],[139.550422,37.838309],[139.55013,37.838228],[139.549743,37.837701],[139.549523,37.837499],[139.549133,37.837459],[139.54782,37.837478],[139.547528,37.837357],[139.545996,37.836309],[139.545508,37.835891],[139.544938,37.835566],[139.543946,37.835264],[139.543676,37.835114],[139.543196,37.834714],[139.542233,37.834364],[139.540913,37.833639],[139.539561,37.832562],[139.539081,37.832362],[139.538331,37.832262],[139.537759,37.831962],[139.537189,37.831762],[139.535409,37.831237],[139.532805,37.829785],[139.532475,37.829708],[139.531425,37.829735],[139.530492,37.829508],[139.529263,37.829408],[139.528633,37.829283],[139.52812,37.829058],[139.52773,37.828758],[139.528056,37.828685],[139.529846,37.828797],[139.530152,37.828705],[139.530656,37.828415],[139.531485,37.828233],[139.531995,37.828308],[139.532505,37.828508],[139.534577,37.828758],[139.535674,37.828833],[139.537054,37.828858],[139.538754,37.828291],[139.539569,37.828066],[139.540595,37.828122],[139.541139,37.828283],[139.542236,37.828382],[139.542644,37.828375],[139.54329,37.827995],[139.54367,37.82744],[139.543803,37.827026],[139.543944,37.826787],[139.544253,37.82652],[139.545237,37.826056],[139.545578,37.825845],[139.54581,37.825452],[139.546084,37.825114],[139.546351,37.824995],[139.546695,37.824974],[139.547405,37.825079],[139.550207,37.825654],[139.550897,37.825931],[139.551347,37.826306],[139.55198,37.825729],[139.553659,37.825204],[139.554653,37.825029],[139.555146,37.825016],[139.556531,37.82451],[139.558226,37.823678],[139.559865,37.823076],[139.561464,37.82307],[139.563822,37.822795],[139.564855,37.822725],[139.56581,37.822795],[139.567571,37.823126],[139.567771,37.823893],[139.568603,37.824049],[139.572043,37.824856],[139.575586,37.825831],[139.582673,37.827859],[139.589981,37.830057],[139.593706,37.831006],[139.595501,37.831578],[139.596535,37.832138],[139.60405,37.836754],[139.611202,37.841006],[139.617008,37.844426],[139.618283,37.845116],[139.618634,37.845648],[139.618842,37.846129],[139.618942,37.846579],[139.618985,37.84808],[139.618777,37.849612],[139.618479,37.850551],[139.618095,37.85121],[139.61701,37.851861],[139.616674,37.85227],[139.616469,37.852607],[139.616498,37.853295],[139.616612,37.853913],[139.616029,37.853918],[139.615037,37.853807],[139.614407,37.853476],[139.614109,37.853447],[139.613957,37.853493],[139.613214,37.853918],[139.612874,37.853955],[139.611327,37.853918],[139.610102,37.853697],[139.609342,37.853476],[139.60878,37.853145],[139.608282,37.852593],[139.60795,37.851903],[139.607355,37.851351],[139.60709,37.85102],[139.60699,37.850633],[139.606925,37.849999],[139.606693,37.849116],[139.606295,37.848289],[139.605833,37.847847],[139.605006,37.847349],[139.604476,37.847158],[139.604276,37.846937],[139.604046,37.846302],[139.603846,37.846081],[139.603548,37.84597],[139.603251,37.845943],[139.602821,37.845997],[139.602521,37.845943],[139.602126,37.845749],[139.601793,37.845475],[139.601296,37.844866],[139.600901,37.84426],[139.600733,37.843764],[139.600901,37.843212],[139.600933,37.842743],[139.600866,37.84255],[139.600668,37.842439],[139.600239,37.842356],[139.599906,37.842191],[139.599709,37.841971],[139.599641,37.84175],[139.599939,37.841144],[139.599774,37.840702],[139.599544,37.840342],[139.598749,37.839762],[139.598219,37.839487],[139.597656,37.838935],[139.597191,37.838687],[139.596729,37.838604],[139.596496,37.838631],[139.595671,37.838892],[139.595384,37.838925],[139.594906,37.838879],[139.594509,37.838992],[139.594279,37.83921],[139.594179,37.839571],[139.594034,37.839733],[139.593474,37.839812],[139.593241,37.839777],[139.592177,37.839073],[139.591889,37.839004],[139.591589,37.839027],[139.591199,37.839239],[139.591017,37.839281],[139.590504,37.83921],[139.589874,37.839294],[139.589197,37.839308],[139.588767,37.839529],[139.588434,37.840135],[139.588202,37.840452],[139.587872,37.840673],[139.587374,37.840908],[139.587209,37.841102],[139.587177,37.841543],[139.587439,37.842021],[139.587506,37.842588],[139.587263,37.843142],[139.586939,37.843601],[139.585184,37.844127],[139.583463,37.844424],[139.58295,37.844343],[139.581667,37.843844],[139.581303,37.84379],[139.58079,37.843898],[139.580371,37.844073],[139.579831,37.844222],[139.579615,37.844235],[139.579251,37.844208],[139.578434,37.843979],[139.577408,37.843979],[139.576895,37.843857],[139.576517,37.843587],[139.575666,37.84271],[139.574431,37.842426],[139.573797,37.84244],[139.572231,37.842723],[139.571947,37.842629],[139.571529,37.842386],[139.570624,37.841373],[139.570219,37.841157],[139.568133,37.840874],[139.567445,37.84086],[139.566324,37.841225],[139.565892,37.841279],[139.56542,37.841198],[139.564225,37.841144],[139.56305,37.841495],[139.562424,37.841586],[139.561912,37.841861],[139.560659,37.842671],[139.559605,37.843756],[139.559116,37.844765],[139.558923,37.845669],[139.558994,37.846247],[139.559192,37.846812],[139.55988,37.847454],[139.56192,37.850754],[139.562378,37.85135],[139.563051,37.851793],[139.565175,37.852374],[139.56629,37.852832],[139.567008,37.853398],[139.567726,37.853642],[139.569147,37.854315],[139.569697,37.854834],[139.569927,37.8554],[139.569804,37.85569],[139.569254,37.855919],[139.568674,37.856057],[139.567207,37.856057],[139.564949,37.856189],[139.56153,37.856301],[139.557275,37.856377],[139.539627,37.857021]]],[[[139.567571,37.823126],[139.568029,37.822889],[139.568818,37.822317],[139.56905,37.821973],[139.569099,37.821053],[139.569275,37.820652],[139.569886,37.819823],[139.570441,37.819268],[139.570849,37.818762],[139.572044,37.817862],[139.573242,37.817089],[139.574609,37.816576],[139.575178,37.81607],[139.575606,37.815486],[139.577332,37.814523],[139.577754,37.812673],[139.578189,37.812673],[139.578621,37.812556],[139.579561,37.811777],[139.580834,37.811273],[139.582401,37.811133],[139.583796,37.810877],[139.584583,37.810864],[139.589443,37.813029],[139.591771,37.813816],[139.592533,37.814218],[139.59288,37.814768],[139.59342,37.815193],[139.593753,37.815318],[139.594113,37.815343],[139.594743,37.815318],[139.595343,37.815218],[139.596003,37.815293],[139.596485,37.815443],[139.597085,37.816043],[139.597385,37.816195],[139.597985,37.816245],[139.597535,37.815393],[139.597175,37.814518],[139.597008,37.813877],[139.597316,37.81327],[139.597376,37.812174],[139.597295,37.811764],[139.596775,37.810506],[139.59655,37.809725],[139.59661,37.809454],[139.596895,37.809124],[139.598037,37.808508],[139.598819,37.807982],[139.599209,37.807411],[139.59945,37.806239],[139.599645,37.804977],[139.599164,37.804496],[139.599149,37.804196],[139.599624,37.803329],[139.599788,37.802267],[139.599818,37.801017],[139.599878,37.80044],[139.600298,37.799665],[139.601081,37.798765],[139.602011,37.798113],[139.602881,37.797763],[139.604653,37.797338],[139.605073,37.797038],[139.605343,37.796386],[139.605459,37.795542],[139.605264,37.794445],[139.604979,37.793784],[139.604557,37.793153],[139.604055,37.79274],[139.604682,37.792707],[139.605645,37.792482],[139.606635,37.792357],[139.609798,37.792399],[139.610931,37.792095],[139.611306,37.791643],[139.61141,37.79121],[139.611672,37.790778],[139.611999,37.79047],[139.612374,37.790316],[139.612835,37.790249],[139.613297,37.790018],[139.613489,37.789797],[139.613325,37.788295],[139.613286,37.787095],[139.613392,37.786826],[139.613932,37.786527],[139.614563,37.786292],[139.614913,37.786267],[139.616402,37.786574],[139.618928,37.786835],[139.620049,37.786743],[139.630472,37.784578],[139.634731,37.784563],[139.635806,37.784225],[139.637095,37.783627],[139.640941,37.780296],[139.641493,37.779482],[139.642967,37.777932],[139.643994,37.778745],[139.645316,37.780722],[139.646336,37.781974],[139.646636,37.782524],[139.646846,37.783099],[139.648468,37.785302],[139.648978,37.785752],[139.649458,37.786077],[139.650031,37.786352],[139.653123,37.790581],[139.655345,37.791733],[139.6606,37.793085],[139.66099,37.79326],[139.6612,37.793535],[139.661952,37.794962],[139.661892,37.795412],[139.661892,37.796037],[139.662042,37.796562],[139.662462,37.797189],[139.663182,37.798089],[139.663091,37.798618],[139.662487,37.799599],[139.662373,37.800266],[139.662462,37.800958],[139.662726,37.801839],[139.662902,37.802191],[139.663063,37.802338],[139.668968,37.805363],[139.67217,37.807099],[139.681401,37.811957],[139.682319,37.812334],[139.684591,37.812863],[139.686543,37.8132],[139.688718,37.81379],[139.691916,37.814944],[139.694101,37.815229],[139.695656,37.815318],[139.695932,37.815266],[139.695726,37.815497],[139.695292,37.815707],[139.695195,37.816012],[139.695228,37.816543],[139.695067,37.816978],[139.694568,37.817348],[139.693924,37.817654],[139.693618,37.817927],[139.693441,37.818297],[139.693264,37.818732],[139.693055,37.819633],[139.693023,37.820518],[139.693216,37.821789],[139.694254,37.82203],[139.695767,37.82224],[139.696684,37.822256],[139.697617,37.822143],[139.698486,37.821902],[139.699202,37.821564],[139.700071,37.820985],[139.700972,37.821902],[139.703144,37.82158],[139.717628,37.818861],[139.728336,37.812167],[139.728706,37.812698],[139.72927,37.813277],[139.730058,37.813695],[139.731265,37.813904],[139.733912,37.813904],[139.734555,37.814114],[139.735359,37.814966],[139.735742,37.815199],[139.737549,37.815574],[139.738509,37.815602],[139.740871,37.817275],[139.741101,37.817612],[139.741826,37.818083],[139.742923,37.818552],[139.744001,37.818884],[139.746012,37.819038],[139.748346,37.818989],[139.749392,37.819327],[139.751828,37.819999],[139.752952,37.820168],[139.75718,37.820631],[139.757952,37.821033],[139.758467,37.821451],[139.75932,37.822497],[139.759915,37.82335],[139.760671,37.823559],[139.761589,37.823607],[139.762699,37.823945],[139.763954,37.824605],[139.762812,37.825731],[139.762763,37.826504],[139.758057,37.824267],[139.757751,37.823897],[139.757349,37.823817],[139.756576,37.823945],[139.755386,37.823817],[139.752175,37.822964],[139.751483,37.822867],[139.750631,37.822932],[139.750083,37.823044],[139.749697,37.822948],[139.748925,37.822626],[139.747718,37.822288],[139.747219,37.822288],[139.746724,37.822395],[139.746205,37.822417],[139.744677,37.82232],[139.742879,37.821854],[139.742038,37.822224],[139.741475,37.822755],[139.741008,37.823624],[139.74059,37.825796],[139.7403,37.826439],[139.739866,37.826874],[139.739447,37.827695],[139.739029,37.828258],[139.738128,37.829046],[139.736398,37.830285],[139.734113,37.831701],[139.733019,37.832071],[139.732077,37.832313],[139.730967,37.832763],[139.730179,37.833568],[139.729648,37.834533],[139.729261,37.836126],[139.728811,37.836738],[139.728376,37.837108],[139.72709,37.837541],[139.726013,37.838087],[139.724815,37.839311],[139.723113,37.840907],[139.722115,37.842024],[139.721836,37.843141],[139.72165,37.844538],[139.721357,37.84523],[139.720732,37.84628],[139.718909,37.847495],[139.718744,37.847799],[139.718251,37.848342],[139.718052,37.848941],[139.717999,37.849965],[139.718065,37.851175],[139.718012,37.85184],[139.717693,37.852705],[139.717347,37.853277],[139.716801,37.853902],[139.715544,37.854594],[139.713443,37.855418],[139.710616,37.856323],[139.70944,37.856571],[139.707983,37.856642],[139.705602,37.856203],[139.704524,37.855857],[139.702702,37.854993],[139.700075,37.853623],[139.698219,37.852452],[139.695426,37.850457],[139.694934,37.850284],[139.694422,37.850231],[139.691296,37.85055],[139.690584,37.850497],[139.689813,37.850244],[139.689401,37.850045],[139.688962,37.849566],[139.688548,37.848981],[139.688083,37.848515],[139.687775,37.848294],[139.687165,37.848209],[139.686447,37.848342],[139.686213,37.848466],[139.68493,37.848848],[139.684425,37.848914],[139.683361,37.848821],[139.682778,37.848589],[139.682429,37.848572],[139.682056,37.849046],[139.681304,37.850403],[139.681341,37.850733],[139.681653,37.851796],[139.681671,37.852272],[139.681524,37.852602],[139.680498,37.853299],[139.678839,37.854032],[139.678161,37.85438],[139.677739,37.85504],[139.674202,37.856287],[139.67301,37.8568],[139.671901,37.857551],[139.671168,37.857863],[139.670747,37.857973],[139.670032,37.858614],[139.669079,37.859568],[139.668419,37.859897],[139.666613,37.860411],[139.665514,37.860869],[139.664652,37.861345],[139.663846,37.86195],[139.663039,37.862372],[139.660766,37.863362],[139.659877,37.863967],[139.659382,37.864406],[139.658851,37.865085],[139.658649,37.865653],[139.658741,37.866074],[139.659749,37.868036],[139.659877,37.868696],[139.659841,37.869282],[139.659327,37.870492],[139.659227,37.871097],[139.659208,37.872361],[139.65908,37.872655],[139.658677,37.872985],[139.655148,37.874249],[139.653975,37.874854],[139.653114,37.875642],[139.652454,37.876724],[139.651977,37.877402],[139.649732,37.878483],[139.648742,37.878832],[139.646726,37.879198],[139.645883,37.879547],[139.645296,37.879657],[139.64427,37.879492],[139.643647,37.879583],[139.642648,37.88039],[139.641273,37.880866],[139.640943,37.881178],[139.640741,37.881636],[139.640503,37.882626],[139.640375,37.883836],[139.639852,37.88477],[139.639449,37.885247],[139.638404,37.885834],[139.634409,37.889499],[139.634207,37.890233],[139.633465,37.892414],[139.632035,37.894192],[139.631943,37.894907],[139.632319,37.895915],[139.633107,37.897051],[139.634262,37.898371],[139.6345,37.899031],[139.634372,37.899764],[139.633571,37.901911],[139.632278,37.902892],[139.631436,37.903612],[139.630899,37.905052],[139.630425,37.905726],[139.630026,37.906523],[139.629827,37.907243],[139.629383,37.90827],[139.628586,37.90948],[139.627846,37.910165],[139.626824,37.910583],[139.626089,37.910721],[139.625568,37.910706],[139.624863,37.910353],[139.624388,37.909725],[139.624266,37.909311],[139.624251,37.908622],[139.624419,37.907825],[139.625001,37.906692],[139.627904,37.901483],[139.628563,37.900778],[139.629061,37.900594],[139.629505,37.900272],[139.629643,37.900073],[139.629705,37.899721],[139.629735,37.899185],[139.629582,37.898832],[139.628801,37.898174],[139.628081,37.897484],[139.627667,37.896764],[139.627437,37.895983],[139.627361,37.895079],[139.627659,37.892934],[139.627966,37.892367],[139.629023,37.891234],[139.629314,37.890621],[139.629997,37.888254],[139.630202,37.887832],[139.63057,37.887388],[139.631106,37.887051],[139.63224,37.886591],[139.632516,37.886438],[139.633129,37.885611],[139.633731,37.884386],[139.63414,37.883941],[139.634599,37.883589],[139.635427,37.883236],[139.635947,37.882792],[139.636193,37.882378],[139.636232,37.880096],[139.6363,37.879651],[139.636499,37.879161],[139.636974,37.878594],[139.637817,37.878165],[139.639002,37.877811],[139.639962,37.877316],[139.641049,37.876879],[139.64183,37.876327],[139.642596,37.875975],[139.643608,37.875791],[139.6457,37.875873],[139.647809,37.875412],[139.648372,37.875081],[139.648878,37.874657],[139.649307,37.873876],[139.649966,37.872972],[139.651421,37.871838],[139.654179,37.870643],[139.654684,37.870352],[139.654945,37.870076],[139.655041,37.869717],[139.655174,37.869157],[139.655144,37.868422],[139.654837,37.867763],[139.654416,37.86713],[139.654087,37.866522],[139.653903,37.866047],[139.653887,37.865266],[139.654056,37.864484],[139.65447,37.863535],[139.655082,37.862845],[139.656367,37.861824],[139.656997,37.861245],[139.657955,37.860516],[139.659916,37.859383],[139.66108,37.858862],[139.663991,37.857192],[139.66619,37.856257],[139.667936,37.854986],[139.668884,37.854736],[139.669243,37.854526],[139.669422,37.85425],[139.669744,37.853944],[139.670188,37.853806],[139.671248,37.853601],[139.672808,37.853086],[139.67385,37.852672],[139.674429,37.852212],[139.674631,37.851891],[139.675869,37.851322],[139.676435,37.850945],[139.676488,37.850814],[139.676288,37.850306],[139.676225,37.849594],[139.676414,37.849039],[139.677647,37.847923],[139.678896,37.846127],[139.678906,37.84596],[139.677859,37.84618],[139.67633,37.846871],[139.675921,37.847133],[139.675414,37.847281],[139.672727,37.847118],[139.672105,37.847168],[139.67123,37.84741],[139.668915,37.848497],[139.668272,37.848674],[139.666577,37.848935],[139.665373,37.849226],[139.664925,37.849128],[139.66469,37.848643],[139.664438,37.848562],[139.66398,37.848528],[139.663728,37.848433],[139.663378,37.848189],[139.663105,37.848091],[139.662775,37.848091],[139.66254,37.848172],[139.662288,37.848368],[139.662113,37.84866],[139.661898,37.848822],[139.661238,37.849016],[139.660438,37.849633],[139.660148,37.849745],[139.658473,37.849778],[139.657676,37.849632],[139.657443,37.849664],[139.657306,37.849826],[139.657188,37.850249],[139.656996,37.850297],[139.656663,37.850264],[139.656431,37.85033],[139.655983,37.850314],[139.655748,37.850182],[139.655516,37.850134],[139.655301,37.850249],[139.655146,37.850459],[139.654913,37.850507],[139.654271,37.850264],[139.654133,37.850297],[139.654056,37.850476],[139.653958,37.850572],[139.653531,37.850636],[139.653376,37.850832],[139.653316,37.851124],[139.653063,37.851236],[139.652831,37.851253],[139.652538,37.851059],[139.652343,37.851009],[139.652013,37.851157],[139.651778,37.851188],[139.650903,37.851009],[139.650358,37.851076],[139.650164,37.851059],[139.649501,37.850718],[139.648919,37.850768],[139.648549,37.851076],[139.648199,37.851172],[139.646661,37.851222],[139.646116,37.851399],[139.643742,37.851886],[139.642964,37.852178],[139.642302,37.85268],[139.641447,37.853053],[139.641077,37.853053],[139.640687,37.852859],[139.639112,37.852795],[139.638897,37.852876],[139.638312,37.853524],[139.638157,37.853622],[139.637554,37.853653],[139.636444,37.854269],[139.635647,37.854188],[139.635317,37.854205],[139.63472,37.854369],[139.634582,37.854351],[139.63431,37.85418],[139.633935,37.854124],[139.633662,37.854188],[139.633497,37.854294],[139.633375,37.854482],[139.633282,37.854813],[139.633215,37.854863],[139.63304,37.854815],[139.63268,37.854509],[139.632555,37.854482],[139.63244,37.854596],[139.632445,37.854953],[139.632407,37.85513],[139.63234,37.855194],[139.632077,37.855115],[139.631735,37.854749],[139.631505,37.854596],[139.63065,37.854351],[139.629968,37.853951],[139.629513,37.853932],[139.628895,37.854065],[139.628463,37.854103],[139.627848,37.853969],[139.627141,37.854159],[139.626801,37.85414],[139.625911,37.853742],[139.625416,37.853697],[139.624748,37.853742],[139.624201,37.854159],[139.623813,37.854159],[139.623364,37.854026],[139.623064,37.853999],[139.622666,37.854165],[139.622401,37.854388],[139.622059,37.854463],[139.621764,37.854369],[139.621444,37.85437],[139.621146,37.854503],[139.620851,37.854445],[139.619916,37.853988],[139.619589,37.853945],[139.619099,37.854151],[139.618934,37.854138],[139.618656,37.854011],[139.617839,37.854174],[139.617502,37.854122],[139.616612,37.853913],[139.616498,37.853295],[139.616469,37.852607],[139.616674,37.85227],[139.61701,37.851861],[139.618095,37.85121],[139.618479,37.850551],[139.618777,37.849612],[139.618985,37.84808],[139.618942,37.846579],[139.618842,37.846129],[139.618634,37.845648],[139.618283,37.845116],[139.617008,37.844426],[139.611202,37.841006],[139.60405,37.836754],[139.596535,37.832138],[139.595501,37.831578],[139.593706,37.831006],[139.589981,37.830057],[139.582673,37.827859],[139.575586,37.825831],[139.572043,37.824856],[139.568603,37.824049],[139.567771,37.823893],[139.567571,37.823126]]],[[[139.596361,38.055902],[139.596964,38.055035],[139.59709,38.054684],[139.596864,38.053076],[139.596839,38.052699],[139.596901,38.052498],[139.598133,38.051618],[139.598246,38.051392],[139.598208,38.051103],[139.59758,38.0505],[139.596788,38.049985],[139.596104,38.049646],[139.595765,38.04937],[139.595476,38.048139],[139.595224,38.047774],[139.594923,38.047586],[139.594483,38.047473],[139.594295,38.047347],[139.594295,38.047222],[139.594452,38.04697],[139.594163,38.046392],[139.593535,38.045852],[139.593258,38.045513],[139.593133,38.045312],[139.593045,38.044923],[139.593133,38.044621],[139.593516,38.043981],[139.59476,38.042674],[139.596368,38.041531],[139.597449,38.040686],[139.597704,38.040294],[139.598024,38.040035],[139.598432,38.039281],[139.598558,38.038606],[139.598384,38.037549],[139.598384,38.037323],[139.599208,38.036016],[139.599602,38.033541],[139.600057,38.031143],[139.599101,38.030459],[139.597014,38.029911],[139.597316,38.028554],[139.597831,38.027662],[139.600337,38.023969],[139.60089,38.023253],[139.601432,38.0231],[139.601997,38.022502],[139.602902,38.022715],[139.60359,38.022804],[139.604785,38.022865],[139.606427,38.022196],[139.607581,38.021875],[139.60778,38.020301],[139.608295,38.019861],[139.6093,38.01917],[139.610005,38.01858],[139.610558,38.017625],[139.611138,38.017294],[139.611577,38.017188],[139.611828,38.016811],[139.611913,38.016158],[139.612018,38.016005],[139.613312,38.014797],[139.613522,38.01402],[139.614062,38.012487],[139.614791,38.011545],[139.615281,38.011356],[139.616035,38.011294],[139.61687,38.011331],[139.617737,38.010879],[139.61868,38.010214],[139.620142,38.009485],[139.6213,38.009333],[139.622494,38.008971],[139.624579,38.008206],[139.62607,38.00742],[139.627309,38.006559],[139.628471,38.006055],[139.629062,38.005967],[139.629916,38.006068],[139.63053,38.006321],[139.631378,38.006337],[139.631928,38.006117],[139.632414,38.005709],[139.632667,38.005409],[139.632944,38.004296],[139.633371,38.003693],[139.633974,38.00348],[139.63447,38.00353],[139.635048,38.003505],[139.635337,38.003442],[139.636053,38.003065],[139.636706,38.002412],[139.637472,38.001784],[139.638502,38.00142],[139.640462,38.000276],[139.640729,37.999975],[139.641494,37.997818],[139.641494,37.99725],[139.641569,37.996587],[139.641768,37.995654],[139.642083,37.995252],[139.642535,37.995076],[139.643213,37.994963],[139.643626,37.994988],[139.645788,37.995415],[139.647905,37.995503],[139.649099,37.995779],[139.649483,37.996022],[139.650281,37.996271],[139.650885,37.996367],[139.651948,37.996492],[139.652478,37.996492],[139.65316,37.996333],[139.653653,37.996113],[139.654068,37.996081],[139.654333,37.996302],[139.654638,37.997185],[139.654825,37.999837],[139.65494,38.000216],[139.65542,38.000906],[139.655055,38.001245],[139.654362,38.001381],[139.653507,38.001956],[139.652932,38.00252],[139.652717,38.002958],[139.652647,38.002958],[139.653227,38.004961],[139.653372,38.006136],[139.653047,38.006928],[139.65301,38.008984],[139.653262,38.00983],[139.653807,38.010644],[139.653807,38.011459],[139.653662,38.012604],[139.654349,38.013781],[139.654277,38.014896],[139.653697,38.016887],[139.653551,38.01927],[139.652756,38.019753],[139.652394,38.020537],[139.652466,38.02143],[139.652829,38.022095],[139.652864,38.023088],[139.653081,38.024115],[139.653479,38.025232],[139.654166,38.025865],[139.654818,38.02689],[139.655651,38.027946],[139.656231,38.028128],[139.656701,38.028669],[139.656556,38.029817],[139.656231,38.030419],[139.656238,38.031765],[139.656311,38.033152],[139.656021,38.033544],[139.654971,38.034269],[139.654681,38.034968],[139.654718,38.035452],[139.655223,38.035573],[139.656093,38.035331],[139.656708,38.035512],[139.657288,38.036718],[139.657793,38.037562],[139.658735,38.038408],[139.659712,38.03901],[139.660812,38.039283],[139.662187,38.039885],[139.662985,38.040006],[139.664558,38.039705],[139.665437,38.039643],[139.664809,38.040475],[139.664069,38.041239],[139.66345,38.04173],[139.663365,38.042862],[139.66316,38.044024],[139.662815,38.044558],[139.662218,38.044872],[139.661282,38.045522],[139.66056,38.046155],[139.66033,38.046682],[139.660191,38.048227],[139.659864,38.049106],[139.658826,38.05087],[139.658104,38.052974],[139.657994,38.054011],[139.658136,38.054733],[139.658779,38.055911],[139.659602,38.057012],[139.658387,38.057943],[139.657119,38.059084],[139.65629,38.060324],[139.656177,38.061028],[139.65619,38.061744],[139.656429,38.062912],[139.656479,38.063465],[139.656214,38.064663],[139.655744,38.066006],[139.655779,38.067208],[139.656141,38.068353],[139.656165,38.069368],[139.656089,38.07026],[139.654759,38.070749],[139.654304,38.071204],[139.653409,38.072476],[139.652812,38.072885],[139.651996,38.073277],[139.649562,38.074141],[139.648074,38.074244],[139.647811,38.074024],[139.647509,38.074054],[139.646869,38.074192],[139.645558,38.074737],[139.645244,38.074769],[139.644129,38.074408],[139.643171,38.074204],[139.64237,38.074204],[139.641755,38.074281],[139.640248,38.074292],[139.640487,38.073714],[139.641103,38.072521],[139.640927,38.072031],[139.640635,38.071823],[139.640336,38.071503],[139.639708,38.070662],[139.639583,38.070223],[139.639669,38.069588],[139.639583,38.069516],[139.638895,38.069243],[139.637881,38.069002],[139.637121,38.068762],[139.636036,38.068097],[139.634948,38.067312],[139.634478,38.067223],[139.633137,38.066746],[139.632478,38.066644],[139.630111,38.065826],[139.628327,38.065449],[139.627264,38.065411],[139.624751,38.06706],[139.622957,38.067824],[139.622215,38.067933],[139.620639,38.068025],[139.619885,38.067974],[139.618905,38.067485],[139.616311,38.067057],[139.614575,38.067012],[139.611594,38.067057],[139.611355,38.066743],[139.610752,38.065487],[139.610123,38.063481],[139.609833,38.062698],[139.609206,38.061992],[139.608046,38.061358],[139.605665,38.059595],[139.604534,38.058628],[139.603868,38.057598],[139.603486,38.057317],[139.600851,38.057355],[139.599734,38.056694],[139.597938,38.056668],[139.597712,38.056518],[139.597385,38.056191],[139.597033,38.055976],[139.59665,38.055902],[139.596361,38.055902]]],[[[139.596361,38.055902],[139.59665,38.055902],[139.597033,38.055976],[139.597385,38.056191],[139.597712,38.056518],[139.597938,38.056668],[139.599734,38.056694],[139.600851,38.057355],[139.603486,38.057317],[139.603868,38.057598],[139.604534,38.058628],[139.605665,38.059595],[139.608046,38.061358],[139.609206,38.061992],[139.609833,38.062698],[139.610123,38.063481],[139.610752,38.065487],[139.611355,38.066743],[139.611594,38.067057],[139.614575,38.067012],[139.616311,38.067057],[139.618905,38.067485],[139.620695,38.068364],[139.621386,38.068766],[139.622077,38.069369],[139.624288,38.070575],[139.626672,38.071325],[139.627251,38.071743],[139.627883,38.07242],[139.629339,38.073825],[139.630149,38.074484],[139.63055,38.074671],[139.631396,38.074956],[139.631992,38.075704],[139.632411,38.076034],[139.633079,38.076203],[139.634886,38.076292],[139.635465,38.076114],[139.636257,38.075784],[139.637076,38.075303],[139.637587,38.075097],[139.63903,38.074619],[139.640248,38.074292],[139.641755,38.074281],[139.64237,38.074204],[139.643171,38.074204],[139.644129,38.074408],[139.645244,38.074769],[139.645558,38.074737],[139.646869,38.074192],[139.647509,38.074054],[139.647811,38.074024],[139.648074,38.074244],[139.649562,38.074141],[139.651996,38.073277],[139.652812,38.072885],[139.653409,38.072476],[139.654304,38.071204],[139.654759,38.070749],[139.656089,38.07026],[139.656328,38.070222],[139.657019,38.070197],[139.657986,38.070398],[139.659079,38.070775],[139.661052,38.071579],[139.662137,38.07191],[139.662731,38.072271],[139.663221,38.072796],[139.66371,38.073122],[139.663716,38.071397],[139.662994,38.06973],[139.662656,38.068646],[139.662743,38.067142],[139.663034,38.065336],[139.663635,38.063646],[139.665511,38.061338],[139.666153,38.06072],[139.66733,38.060149],[139.668222,38.059995],[139.668682,38.059962],[139.669825,38.060079],[139.67264,38.060615],[139.67528,38.061641],[139.679331,38.062852],[139.680578,38.063085],[139.682303,38.063109],[139.685229,38.062988],[139.686277,38.062842],[139.688365,38.063132],[139.689729,38.062048],[139.690586,38.061057],[139.691273,38.060213],[139.691926,38.058761],[139.692509,38.059833],[139.693809,38.061335],[139.694881,38.062164],[139.693949,38.0634],[139.695091,38.063668],[139.696755,38.064206],[139.69813,38.064779],[139.698708,38.065142],[139.699975,38.065504],[139.70193,38.066379],[139.702472,38.0665],[139.703235,38.066348],[139.704212,38.066319],[139.705189,38.066558],[139.705767,38.067133],[139.706165,38.067713],[139.706503,38.068005],[139.70697,38.068273],[139.707576,38.069042],[139.708275,38.070196],[139.708835,38.070534],[139.710387,38.071005],[139.711248,38.070942],[139.712971,38.07045],[139.714274,38.07045],[139.715614,38.069696],[139.716049,38.069577],[139.716809,38.069215],[139.718557,38.068645],[139.719571,38.068714],[139.719967,38.068898],[139.720127,38.06915],[139.720058,38.070033],[139.720064,38.070928],[139.720431,38.072121],[139.720741,38.074587],[139.720729,38.075126],[139.720523,38.075183],[139.7198,38.075149],[139.719468,38.075229],[139.719304,38.075364],[139.719009,38.075734],[139.718745,38.07625],[139.718722,38.076582],[139.719198,38.077743],[139.718765,38.078437],[139.718223,38.079038],[139.717908,38.079175],[139.717713,38.079129],[139.717288,38.078922],[139.716921,38.078899],[139.716623,38.079106],[139.716405,38.079358],[139.716302,38.079324],[139.716141,38.078991],[139.715958,38.07883],[139.715797,38.078808],[139.715488,38.079129],[139.714903,38.080092],[139.714857,38.081778],[139.714696,38.081916],[139.714157,38.081985],[139.712964,38.082856],[139.711961,38.083235],[139.711422,38.083281],[139.710293,38.083131],[139.709621,38.083258],[139.708956,38.083671],[139.708313,38.083969],[139.707075,38.084038],[139.704637,38.083648],[139.703892,38.083625],[139.702814,38.083854],[139.702343,38.083831],[139.701248,38.083487],[139.699975,38.083441],[139.696792,38.083453],[139.694959,38.083412],[139.694532,38.083281],[139.693821,38.082856],[139.692537,38.081939],[139.692319,38.08156],[139.692027,38.080354],[139.691558,38.079207],[139.691562,38.078395],[139.691676,38.077856],[139.691963,38.077454],[139.692089,38.077156],[139.692089,38.0768],[139.691952,38.076273],[139.691871,38.07563],[139.691952,38.075045],[139.691929,38.074724],[139.691263,38.07399],[139.691103,38.073566],[139.691137,38.073164],[139.69163,38.071805],[139.69181,38.070597],[139.691268,38.070206],[139.690001,38.069904],[139.689531,38.069452],[139.688843,38.068335],[139.688191,38.067552],[139.68643,38.065766],[139.684903,38.066011],[139.683364,38.06614],[139.681061,38.066225],[139.678164,38.065741],[139.674318,38.064999],[139.672649,38.064591],[139.670612,38.063949],[139.669742,38.063901],[139.669087,38.064008],[139.668438,38.06433],[139.667056,38.065353],[139.66602,38.066437],[139.665698,38.066938],[139.665603,38.067772],[139.66574,38.069201],[139.66661,38.071941],[139.666681,38.072786],[139.666675,38.07393],[139.666127,38.075014],[139.665687,38.075443],[139.664722,38.075693],[139.664055,38.076586],[139.6639,38.076729],[139.665103,38.07686],[139.665663,38.077015],[139.666568,38.077098],[139.666967,38.077182],[139.666812,38.077742],[139.666824,38.078278],[139.666991,38.078742],[139.667253,38.079147],[139.66736,38.079659],[139.667348,38.080029],[139.667717,38.081196],[139.667667,38.081622],[139.667098,38.081839],[139.663811,38.082053],[139.661857,38.082482],[139.660648,38.082947],[139.659767,38.083423],[139.659421,38.083781],[139.659385,38.084221],[139.659064,38.085055],[139.658468,38.085317],[139.657718,38.085377],[139.657201,38.085319],[139.656515,38.085353],[139.656193,38.085446],[139.655236,38.085422],[139.654085,38.085091],[139.653549,38.085162],[139.651774,38.086294],[139.651262,38.086401],[139.650678,38.086175],[139.650154,38.085758],[139.649249,38.08437],[139.648596,38.083949],[139.647801,38.083284],[139.646033,38.082399],[139.645282,38.081768],[139.644897,38.081353],[139.644448,38.080839],[139.644079,38.080064],[139.643841,38.079064],[139.643734,38.078027],[139.640797,38.078075],[139.639451,38.078301],[139.637254,38.078468],[139.637325,38.078635],[139.638825,38.079393],[139.639457,38.079969],[139.639837,38.080418],[139.640055,38.081293],[139.640244,38.081827],[139.640303,38.083054],[139.640065,38.084102],[139.639803,38.08496],[139.639553,38.085436],[139.63904,38.085103],[139.63854,38.084638],[139.63835,38.084305],[139.638195,38.083864],[139.637968,38.083602],[139.637784,38.083541],[139.637677,38.082828],[139.637462,38.082327],[139.637105,38.081827],[139.636485,38.081303],[139.63409,38.080087],[139.633618,38.079937],[139.631294,38.078867],[139.629994,38.079481],[139.629065,38.079624],[139.626378,38.079364],[139.62483,38.079409],[139.624449,38.079576],[139.624056,38.079969],[139.623722,38.081339],[139.623514,38.081958],[139.622906,38.082601],[139.622168,38.083054],[139.621858,38.083166],[139.62094,38.081602],[139.620376,38.080472],[139.619609,38.079791],[139.618768,38.07839],[139.617924,38.077135],[139.617413,38.077491],[139.616164,38.076825],[139.615393,38.076802],[139.614657,38.076977],[139.61454,38.077199],[139.61454,38.077608],[139.614692,38.078063],[139.614961,38.078472],[139.614797,38.078577],[139.614272,38.078413],[139.613956,38.078554],[139.613302,38.077059],[139.612835,38.076218],[139.61266,38.076008],[139.612193,38.076311],[139.611282,38.07644],[139.610534,38.076323],[139.609483,38.075937],[139.608829,38.075751],[139.608304,38.075529],[139.60779,38.075202],[139.607321,38.074806],[139.607101,38.074117],[139.606856,38.072972],[139.606529,38.072388],[139.60632,38.072217],[139.60605,38.072213],[139.605816,38.07233],[139.605769,38.072557],[139.605758,38.073369],[139.605653,38.074],[139.605407,38.074444],[139.605115,38.074771],[139.604526,38.075027],[139.60431,38.074747],[139.602668,38.073514],[139.600467,38.073276],[139.59632,38.073077],[139.59552,38.073743],[139.594831,38.073825],[139.593908,38.073766],[139.592728,38.073523],[139.591895,38.07304],[139.590846,38.072317],[139.590738,38.072003],[139.590434,38.071687],[139.590014,38.071489],[139.589253,38.071019],[139.588624,38.070519],[139.588098,38.069714],[139.587654,38.068674],[139.587514,38.068125],[139.587742,38.066981],[139.587672,38.06656],[139.58717,38.065147],[139.587009,38.064443],[139.587116,38.06381],[139.588421,38.061983],[139.588819,38.06135],[139.589295,38.060927],[139.589797,38.060676],[139.590677,38.060412],[139.591632,38.060211],[139.59226,38.059909],[139.593089,38.059394],[139.593667,38.058842],[139.594106,38.058025],[139.594785,38.057447],[139.596361,38.055902]]],[[[139.601997,38.022502],[139.601975,38.02123],[139.601792,38.019793],[139.601791,38.019304],[139.601422,38.018738],[139.600597,38.018305],[139.600545,38.017698],[139.600381,38.017235],[139.599003,38.015785],[139.598684,38.015158],[139.598586,38.013985],[139.59765,38.012576],[139.597774,38.011805],[139.597553,38.010365],[139.596874,38.010571],[139.596534,38.011424],[139.595814,38.012165],[139.595568,38.012504],[139.595516,38.012679],[139.595506,38.013152],[139.595547,38.013564],[139.595485,38.013666],[139.595125,38.013615],[139.594071,38.012885],[139.593927,38.012689],[139.593485,38.011568],[139.592909,38.010314],[139.591865,38.00873],[139.591783,38.00839],[139.592698,38.007208],[139.593495,38.006272],[139.594637,38.003927],[139.595424,38.002957],[139.596355,38.001618],[139.597401,38.000564],[139.598089,38.00002],[139.599171,37.999478],[139.600184,37.99665],[139.600906,37.994996],[139.601542,37.994073],[139.602338,37.993178],[139.603482,37.992245],[139.604353,37.991623],[139.604614,37.991151],[139.604698,37.990317],[139.604554,37.989861],[139.603942,37.988663],[139.603781,37.988166],[139.603706,37.987706],[139.603743,37.987121],[139.604253,37.986077],[139.605136,37.985007],[139.605932,37.98293],[139.605994,37.982445],[139.605708,37.981849],[139.605448,37.981537],[139.605239,37.980418],[139.605277,37.978273],[139.605709,37.9775],[139.606179,37.9769],[139.606867,37.976298],[139.608096,37.975606],[139.60878,37.975282],[139.608879,37.975034],[139.609539,37.974067],[139.610334,37.973553],[139.610514,37.973267],[139.610587,37.972838],[139.610802,37.97258],[139.611381,37.97198],[139.612211,37.971436],[139.612409,37.971134],[139.612339,37.970784],[139.612034,37.970278],[139.612034,37.969734],[139.612526,37.969475],[139.614107,37.969166],[139.614932,37.969166],[139.616152,37.969441],[139.617063,37.969853],[139.617527,37.97018],[139.61889,37.970115],[139.619297,37.97018],[139.619692,37.970335],[139.620139,37.970833],[139.620878,37.973187],[139.621188,37.973806],[139.622717,37.975714],[139.623317,37.976673],[139.623528,37.976596],[139.623693,37.976402],[139.62376,37.975767],[139.623925,37.975023],[139.624058,37.974802],[139.624653,37.974692],[139.62515,37.974692],[139.625183,37.974305],[139.625083,37.974003],[139.624853,37.973782],[139.624818,37.973451],[139.625548,37.972594],[139.625745,37.972511],[139.626344,37.972621],[139.626706,37.97254],[139.626971,37.972319],[139.627071,37.971932],[139.626939,37.971711],[139.626741,37.97152],[139.626774,37.971299],[139.626906,37.971078],[139.627204,37.970968],[139.627549,37.970915],[139.627799,37.970751],[139.627866,37.970415],[139.627766,37.970111],[139.627569,37.970001],[139.627401,37.969449],[139.626905,37.969064],[139.626805,37.968318],[139.62654,37.967905],[139.626562,37.966508],[139.6268,37.966121],[139.627407,37.965725],[139.627988,37.965426],[139.629212,37.965144],[139.63069,37.964907],[139.630795,37.96481],[139.630963,37.964493],[139.631297,37.964194],[139.631904,37.963921],[139.632212,37.963868],[139.632601,37.96396],[139.632963,37.963629],[139.633211,37.963327],[139.633383,37.9633],[139.634026,37.963414],[139.634113,37.962937],[139.634321,37.962802],[139.634356,37.962581],[139.634256,37.96225],[139.634388,37.962056],[139.635481,37.96131],[139.635746,37.961062],[139.635746,37.960731],[139.635546,37.960456],[139.635051,37.960373],[139.634653,37.960125],[139.634289,37.959683],[139.633494,37.959269],[139.633461,37.959061],[139.633561,37.958913],[139.634471,37.958813],[139.634809,37.958565],[139.634961,37.958198],[139.634929,37.95785],[139.634574,37.956894],[139.634556,37.956655],[139.634806,37.956236],[139.634929,37.955907],[139.634996,37.955192],[139.634894,37.954642],[139.634729,37.954321],[139.634471,37.954057],[139.634036,37.953826],[139.633886,37.953457],[139.633599,37.951959],[139.633956,37.951413],[139.634016,37.950968],[139.634116,37.95082],[139.634431,37.950836],[139.634689,37.950786],[139.635006,37.950547],[139.635656,37.95048],[139.636211,37.950366],[139.636524,37.950191],[139.636801,37.949845],[139.637634,37.949526],[139.637704,37.949291],[139.637604,37.949093],[139.637464,37.948962],[139.637009,37.94892],[139.636871,37.948747],[139.636891,37.948597],[139.637109,37.94807],[139.636594,37.947827],[139.635899,37.947643],[139.635837,37.947458],[139.635837,37.946833],[139.635767,37.946385],[139.635321,37.944834],[139.634964,37.944559],[139.634868,37.944284],[139.634758,37.944146],[139.634483,37.944105],[139.634304,37.94394],[139.634414,37.943322],[139.63394,37.94117],[139.63394,37.940482],[139.634146,37.9394],[139.634747,37.938764],[139.637669,37.936272],[139.639297,37.934951],[139.639378,37.93509],[139.639566,37.935956],[139.639834,37.936423],[139.640047,37.936956],[139.639764,37.938617],[139.639824,37.938856],[139.640456,37.939785],[139.640487,37.940096],[139.640366,37.940285],[139.639944,37.940548],[139.639644,37.94105],[139.639614,37.941239],[139.639704,37.941502],[139.641329,37.943099],[139.640879,37.943766],[139.640816,37.944268],[139.640909,37.944672],[139.643136,37.946628],[139.642573,37.948845],[139.642308,37.949349],[139.642043,37.949697],[139.642043,37.95017],[139.641931,37.950645],[139.641551,37.951149],[139.640718,37.951559],[139.640453,37.952001],[139.640378,37.952728],[139.640528,37.953484],[139.640983,37.954117],[139.641361,37.954526],[139.642043,37.955],[139.642233,37.955473],[139.642271,37.956105],[139.642233,37.956673],[139.642308,37.957052],[139.64265,37.957715],[139.642725,37.958219],[139.642535,37.959388],[139.642763,37.959956],[139.643408,37.960556],[139.644808,37.961691],[139.64515,37.96226],[139.645187,37.962733],[139.64462,37.963616],[139.644657,37.964185],[139.644505,37.965006],[139.64333,37.966868],[139.643065,37.967105],[139.641628,37.967389],[139.640755,37.96742],[139.640378,37.967485],[139.63852,37.968936],[139.638368,37.969378],[139.63818,37.970199],[139.638368,37.970703],[139.638823,37.971113],[139.639393,37.97143],[139.640035,37.97203],[139.640377,37.972819],[139.640565,37.974113],[139.640907,37.974682],[139.64155,37.975327],[139.64193,37.975896],[139.642837,37.977569],[139.64318,37.977979],[139.643899,37.978517],[139.644164,37.979148],[139.644202,37.979621],[139.644164,37.980158],[139.643937,37.980441],[139.643064,37.981231],[139.641284,37.982462],[139.640602,37.983566],[139.639769,37.984072],[139.639467,37.984639],[139.639504,37.985366],[139.639807,37.986345],[139.640299,37.987101],[139.641134,37.98767],[139.641967,37.988049],[139.642687,37.988617],[139.643064,37.98928],[139.643329,37.98988],[139.643671,37.990384],[139.644846,37.991646],[139.644996,37.992184],[139.644921,37.992815],[139.644656,37.993573],[139.644086,37.994108],[139.643671,37.994771],[139.643626,37.994988],[139.643213,37.994963],[139.642535,37.995076],[139.642083,37.995252],[139.641768,37.995654],[139.641569,37.996587],[139.641494,37.99725],[139.641494,37.997818],[139.640729,37.999975],[139.640462,38.000276],[139.638502,38.00142],[139.637472,38.001784],[139.636706,38.002412],[139.636053,38.003065],[139.635337,38.003442],[139.635048,38.003505],[139.63447,38.00353],[139.633974,38.00348],[139.633371,38.003693],[139.632944,38.004296],[139.632667,38.005409],[139.632414,38.005709],[139.631928,38.006117],[139.631378,38.006337],[139.63053,38.006321],[139.629916,38.006068],[139.629062,38.005967],[139.628471,38.006055],[139.627309,38.006559],[139.62607,38.00742],[139.624579,38.008206],[139.622494,38.008971],[139.6213,38.009333],[139.620142,38.009485],[139.61868,38.010214],[139.617737,38.010879],[139.61687,38.011331],[139.616035,38.011294],[139.615281,38.011356],[139.614791,38.011545],[139.614062,38.012487],[139.613522,38.01402],[139.613312,38.014797],[139.612018,38.016005],[139.611913,38.016158],[139.611828,38.016811],[139.611577,38.017188],[139.611138,38.017294],[139.610558,38.017625],[139.610005,38.01858],[139.6093,38.01917],[139.608295,38.019861],[139.60778,38.020301],[139.607581,38.021875],[139.606427,38.022196],[139.604785,38.022865],[139.60359,38.022804],[139.602902,38.022715],[139.601997,38.022502]]],[[[139.604526,38.075027],[139.605115,38.074771],[139.605407,38.074444],[139.605653,38.074],[139.605758,38.073369],[139.605769,38.072557],[139.605816,38.07233],[139.60605,38.072213],[139.60632,38.072217],[139.606529,38.072388],[139.606856,38.072972],[139.607101,38.074117],[139.607321,38.074806],[139.60779,38.075202],[139.608304,38.075529],[139.608829,38.075751],[139.609483,38.075937],[139.610534,38.076323],[139.611282,38.07644],[139.612193,38.076311],[139.61266,38.076008],[139.612835,38.076218],[139.613302,38.077059],[139.613956,38.078554],[139.614272,38.078413],[139.614797,38.078577],[139.614961,38.078472],[139.614692,38.078063],[139.61454,38.077608],[139.61454,38.077199],[139.614657,38.076977],[139.615393,38.076802],[139.616164,38.076825],[139.617413,38.077491],[139.617924,38.077135],[139.618768,38.07839],[139.619609,38.079791],[139.620376,38.080472],[139.62094,38.081602],[139.621858,38.083166],[139.621455,38.083259],[139.620835,38.083296],[139.62,38.083167],[139.618564,38.082419],[139.616783,38.081321],[139.616047,38.081018],[139.614879,38.080843],[139.61374,38.080457],[139.612853,38.079862],[139.612537,38.07971],[139.612304,38.079733],[139.610067,38.081251],[139.608958,38.081742],[139.608596,38.081952],[139.608526,38.082034],[139.608514,38.082151],[139.608596,38.082267],[139.609215,38.082665],[139.609028,38.083155],[139.608245,38.082898],[139.607837,38.082606],[139.607486,38.082209],[139.607124,38.08138],[139.606873,38.080667],[139.606207,38.079908],[139.604946,38.078191],[139.604385,38.076965],[139.604257,38.076218],[139.604362,38.075483],[139.604526,38.075027]]],[[[139.614913,37.786267],[139.614637,37.785254],[139.614437,37.784041],[139.614192,37.781585],[139.613102,37.777778],[139.612534,37.776504],[139.612158,37.775875],[139.611544,37.775307],[139.609832,37.774539],[139.609891,37.774141],[139.610004,37.774081],[139.610345,37.774217],[139.61201,37.774247],[139.612245,37.774308],[139.612578,37.774588],[139.612767,37.775004],[139.612798,37.7753],[139.613017,37.775595],[139.613472,37.775769],[139.614494,37.775852],[139.615103,37.776027],[139.6158,37.776458],[139.616375,37.777026],[139.616962,37.777344],[139.617342,37.777482],[139.618029,37.777844],[139.61904,37.778109],[139.619464,37.778358],[139.619865,37.778805],[139.619894,37.779409],[139.619804,37.780159],[139.620039,37.780508],[139.620463,37.780819],[139.620895,37.78091],[139.622651,37.780895],[139.623121,37.781001],[139.623537,37.78122],[139.624003,37.781341],[139.624563,37.781341],[139.625063,37.781281],[139.625653,37.781107],[139.626051,37.780895],[139.626308,37.780834],[139.626603,37.780887],[139.626906,37.781114],[139.627089,37.781606],[139.627233,37.78228],[139.627507,37.782673],[139.627801,37.782828],[139.62863,37.783089],[139.628998,37.783673],[139.629198,37.78378],[139.629766,37.783872],[139.630257,37.784056],[139.630472,37.784578],[139.620049,37.786743],[139.618928,37.786835],[139.616402,37.786574],[139.614913,37.786267]]],[[[139.619885,38.067974],[139.620639,38.068025],[139.622215,38.067933],[139.622957,38.067824],[139.624751,38.06706],[139.627264,38.065411],[139.628327,38.065449],[139.630111,38.065826],[139.632478,38.066644],[139.633137,38.066746],[139.634478,38.067223],[139.634948,38.067312],[139.636036,38.068097],[139.637121,38.068762],[139.637881,38.069002],[139.638895,38.069243],[139.639583,38.069516],[139.639669,38.069588],[139.639583,38.070223],[139.639708,38.070662],[139.640336,38.071503],[139.640635,38.071823],[139.640927,38.072031],[139.641103,38.072521],[139.640487,38.073714],[139.640248,38.074292],[139.63903,38.074619],[139.637587,38.075097],[139.637076,38.075303],[139.636257,38.075784],[139.635465,38.076114],[139.634886,38.076292],[139.633079,38.076203],[139.632411,38.076034],[139.631992,38.075704],[139.631396,38.074956],[139.63055,38.074671],[139.630149,38.074484],[139.629339,38.073825],[139.627883,38.07242],[139.627251,38.071743],[139.626672,38.071325],[139.624288,38.070575],[139.622077,38.069369],[139.621386,38.068766],[139.620695,38.068364],[139.619885,38.067974]]],[[[139.623514,38.081958],[139.623722,38.081339],[139.624056,38.079969],[139.624449,38.079576],[139.62483,38.079409],[139.626378,38.079364],[139.629065,38.079624],[139.629994,38.079481],[139.631294,38.078867],[139.633618,38.079937],[139.63409,38.080087],[139.636485,38.081303],[139.637105,38.081827],[139.637462,38.082327],[139.637677,38.082828],[139.637784,38.083541],[139.637647,38.083495],[139.636313,38.08359],[139.635765,38.083519],[139.634615,38.083209],[139.633877,38.082923],[139.633264,38.08289],[139.632662,38.082935],[139.632197,38.083042],[139.631185,38.083483],[139.629422,38.084734],[139.629196,38.084245],[139.628457,38.083078],[139.627885,38.082661],[139.626789,38.082268],[139.625205,38.081922],[139.623514,38.081958]]],[[[139.627846,37.910165],[139.628586,37.90948],[139.629383,37.90827],[139.629827,37.907243],[139.630026,37.906523],[139.630425,37.905726],[139.630899,37.905052],[139.631436,37.903612],[139.632278,37.902892],[139.633571,37.901911],[139.636848,37.902765],[139.638106,37.902986],[139.638571,37.903153],[139.639198,37.903484],[139.640325,37.903759],[139.642213,37.904753],[139.642675,37.904586],[139.64347,37.904505],[139.644495,37.904669],[139.64529,37.904917],[139.647377,37.906049],[139.650554,37.906959],[139.651019,37.906959],[139.652771,37.907209],[139.653169,37.90718],[139.654645,37.906849],[139.654942,37.906878],[139.65524,37.906988],[139.655605,37.906988],[139.6561,37.906905],[139.6563,37.906795],[139.656565,37.906436],[139.65693,37.906243],[139.657855,37.905884],[139.658219,37.905857],[139.658649,37.906022],[139.659279,37.906409],[139.659512,37.906409],[139.660239,37.906189],[139.661397,37.906132],[139.661662,37.906216],[139.662227,37.906601],[139.663384,37.906878],[139.663882,37.90707],[139.664774,37.907926],[139.665074,37.908147],[139.665569,37.908341],[139.666264,37.908532],[139.666729,37.908947],[139.666894,37.909416],[139.666884,37.909609],[139.666209,37.910411],[139.666154,37.910595],[139.666166,37.910795],[139.666833,37.911892],[139.667421,37.912523],[139.667595,37.913111],[139.66753,37.913721],[139.667552,37.914243],[139.667835,37.914505],[139.668161,37.914614],[139.668815,37.91457],[139.671885,37.913743],[139.672407,37.913699],[139.673039,37.913786],[139.673735,37.914418],[139.674193,37.915463],[139.674628,37.915789],[139.675107,37.91592],[139.676348,37.91555],[139.67809,37.91531],[139.679799,37.915201],[139.680409,37.916312],[139.681084,37.917967],[139.683479,37.918968],[139.683697,37.918838],[139.683588,37.918293],[139.683087,37.917488],[139.682804,37.916922],[139.682804,37.916225],[139.683131,37.915593],[139.683762,37.914788],[139.684297,37.913755],[139.684925,37.913422],[139.685015,37.913135],[139.684937,37.91212],[139.685037,37.911678],[139.68517,37.911458],[139.685832,37.910824],[139.686013,37.910518],[139.686027,37.910141],[139.685957,37.90925],[139.686138,37.90918],[139.686877,37.909473],[139.687908,37.910225],[139.688563,37.910977],[139.68873,37.912078],[139.689385,37.912246],[139.690528,37.912691],[139.692465,37.914224],[139.693802,37.914782],[139.696276,37.915604],[139.696845,37.915956],[139.695697,37.915969],[139.694671,37.916397],[139.694471,37.916618],[139.694141,37.917197],[139.693214,37.918492],[139.692318,37.922136],[139.692121,37.922548],[139.691591,37.922907],[139.691161,37.923983],[139.689704,37.924208],[139.688641,37.924581],[139.684629,37.92641],[139.679276,37.929239],[139.678661,37.929324],[139.677939,37.929553],[139.677049,37.930012],[139.675712,37.930897],[139.675334,37.931239],[139.675059,37.931641],[139.674784,37.932697],[139.674579,37.933955],[139.674499,37.934822],[139.674616,37.935131],[139.67489,37.935564],[139.67502,37.935953],[139.674789,37.936343],[139.674284,37.936747],[139.673604,37.937091],[139.673276,37.937442],[139.675164,37.939287],[139.675453,37.939864],[139.675436,37.940442],[139.675612,37.943184],[139.67414,37.944584],[139.673101,37.945407],[139.671917,37.945926],[139.670674,37.946285],[139.667335,37.946662],[139.664607,37.94685],[139.661807,37.946835],[139.661576,37.947528],[139.661434,37.948391],[139.662516,37.950799],[139.663084,37.95154],[139.664225,37.952435],[139.664369,37.952709],[139.664181,37.953489],[139.663871,37.953734],[139.663059,37.953607],[139.662156,37.953282],[139.661071,37.95268],[139.659318,37.951858],[139.657369,37.951151],[139.656557,37.951024],[139.654945,37.950645],[139.65392,37.950054],[139.653328,37.94939],[139.653155,37.949],[139.652977,37.948366],[139.652375,37.948141],[139.651743,37.948091],[139.65084,37.948116],[139.649938,37.948041],[139.648583,37.947814],[139.64768,37.947991],[139.647318,37.947964],[139.646898,37.947839],[139.645423,37.946585],[139.645031,37.946484],[139.644671,37.94651],[139.643978,37.946762],[139.643556,37.946737],[139.643136,37.946628],[139.640909,37.944672],[139.640816,37.944268],[139.640879,37.943766],[139.641329,37.943099],[139.639704,37.941502],[139.639614,37.941239],[139.639644,37.94105],[139.639944,37.940548],[139.640366,37.940285],[139.640487,37.940096],[139.640456,37.939785],[139.639824,37.938856],[139.639764,37.938617],[139.640047,37.936956],[139.639834,37.936423],[139.639566,37.935956],[139.639378,37.93509],[139.639111,37.934634],[139.638024,37.933592],[139.636179,37.932167],[139.635724,37.93199],[139.635271,37.9319],[139.634472,37.931321],[139.633964,37.931188],[139.632834,37.931003],[139.632549,37.930875],[139.632284,37.930671],[139.632114,37.930403],[139.631432,37.928855],[139.63103,37.928122],[139.63051,37.926532],[139.630217,37.926222],[139.629857,37.926076],[139.629817,37.925668],[139.62924,37.925438],[139.628048,37.925151],[139.62765,37.925009],[139.627398,37.924722],[139.627145,37.923949],[139.626928,37.922405],[139.626748,37.922005],[139.625591,37.921032],[139.625411,37.92063],[139.625376,37.92026],[139.625808,37.919543],[139.625808,37.919143],[139.625663,37.918799],[139.625266,37.918455],[139.625158,37.918199],[139.625266,37.917799],[139.626243,37.917283],[139.627073,37.916712],[139.627361,37.916224],[139.627868,37.913391],[139.628806,37.912562],[139.628878,37.911989],[139.628591,37.911304],[139.627846,37.910165]]],[[[139.633571,37.901911],[139.634372,37.899764],[139.6345,37.899031],[139.634262,37.898371],[139.633107,37.897051],[139.632319,37.895915],[139.631943,37.894907],[139.632035,37.894192],[139.633465,37.892414],[139.634207,37.890233],[139.634409,37.889499],[139.638404,37.885834],[139.639449,37.885247],[139.639852,37.88477],[139.640375,37.883836],[139.640503,37.882626],[139.640741,37.881636],[139.640943,37.881178],[139.641273,37.880866],[139.642648,37.88039],[139.643647,37.879583],[139.64427,37.879492],[139.645296,37.879657],[139.645883,37.879547],[139.646726,37.879198],[139.648742,37.878832],[139.649732,37.878483],[139.651977,37.877402],[139.652454,37.876724],[139.653114,37.875642],[139.653975,37.874854],[139.655148,37.874249],[139.658677,37.872985],[139.65908,37.872655],[139.659208,37.872361],[139.659227,37.871097],[139.659327,37.870492],[139.659841,37.869282],[139.659877,37.868696],[139.659749,37.868036],[139.658741,37.866074],[139.658649,37.865653],[139.658851,37.865085],[139.659382,37.864406],[139.659877,37.863967],[139.660766,37.863362],[139.663039,37.862372],[139.663846,37.86195],[139.664652,37.861345],[139.665514,37.860869],[139.666613,37.860411],[139.668419,37.859897],[139.669079,37.859568],[139.670032,37.858614],[139.670747,37.857973],[139.671168,37.857863],[139.671901,37.857551],[139.67301,37.8568],[139.674202,37.856287],[139.677739,37.85504],[139.678161,37.85438],[139.678839,37.854032],[139.680498,37.853299],[139.681524,37.852602],[139.681671,37.852272],[139.681653,37.851796],[139.681341,37.850733],[139.681304,37.850403],[139.682056,37.849046],[139.682429,37.848572],[139.682778,37.848589],[139.683361,37.848821],[139.684425,37.848914],[139.68493,37.848848],[139.686213,37.848466],[139.686447,37.848342],[139.687165,37.848209],[139.687775,37.848294],[139.688083,37.848515],[139.688548,37.848981],[139.688962,37.849566],[139.689401,37.850045],[139.689813,37.850244],[139.690584,37.850497],[139.691296,37.85055],[139.694422,37.850231],[139.694934,37.850284],[139.695426,37.850457],[139.698219,37.852452],[139.700075,37.853623],[139.702702,37.854993],[139.704524,37.855857],[139.705602,37.856203],[139.707983,37.856642],[139.70944,37.856571],[139.710616,37.856323],[139.713443,37.855418],[139.715544,37.854594],[139.716801,37.853902],[139.717347,37.853277],[139.717693,37.852705],[139.718012,37.85184],[139.718065,37.851175],[139.717999,37.849965],[139.718052,37.848941],[139.718251,37.848342],[139.718744,37.847799],[139.718909,37.847495],[139.720732,37.84628],[139.721357,37.84523],[139.72165,37.844538],[139.721836,37.843141],[139.722115,37.842024],[139.723113,37.840907],[139.724815,37.839311],[139.726013,37.838087],[139.72709,37.837541],[139.728376,37.837108],[139.728811,37.836738],[139.729261,37.836126],[139.729648,37.834533],[139.730179,37.833568],[139.730967,37.832763],[139.732077,37.832313],[139.732547,37.832198],[139.732641,37.832389],[139.732986,37.832726],[139.733249,37.833145],[139.733464,37.833664],[139.733679,37.833922],[139.735231,37.834539],[139.735588,37.834897],[139.735851,37.835555],[139.735971,37.836311],[139.735923,37.836938],[139.735923,37.838403],[139.736043,37.838901],[139.7364,37.839174],[139.736608,37.839522],[139.736608,37.840067],[139.736818,37.84039],[139.740629,37.84173],[139.741524,37.842228],[139.741972,37.842601],[139.742449,37.843544],[139.742747,37.84394],[139.743164,37.84419],[139.744176,37.845009],[139.744624,37.845704],[139.745011,37.846673],[139.745204,37.847479],[139.745771,37.8481],[139.746068,37.848646],[139.746216,37.849441],[139.746516,37.850062],[139.746722,37.850348],[139.747396,37.850825],[139.748253,37.851849],[139.748898,37.85252],[139.749598,37.85297],[139.749673,37.853312],[139.74956,37.853778],[139.749635,37.854245],[139.750232,37.855443],[139.75109,37.857947],[139.751462,37.858817],[139.751724,37.860402],[139.749522,37.861242],[139.748737,37.861708],[139.74829,37.862237],[139.748177,37.862892],[139.748067,37.864881],[139.747917,37.865939],[139.747617,37.866374],[139.747095,37.866685],[139.74581,37.867239],[139.744937,37.867529],[139.744537,37.867999],[139.744188,37.868609],[139.743962,37.869585],[139.743927,37.870455],[139.744092,37.87279],[139.744249,37.873991],[139.745016,37.876151],[139.745338,37.877754],[139.745198,37.878782],[139.744902,37.879426],[139.744153,37.880227],[139.742969,37.881185],[139.739877,37.882945],[139.73932,37.883537],[139.738902,37.884286],[139.738937,37.885401],[139.73878,37.885958],[139.737926,37.886986],[139.736637,37.88878],[139.736541,37.889198],[139.736541,37.889929],[139.736681,37.891253],[139.736942,37.892176],[139.736663,37.893709],[139.736263,37.894249],[139.734634,37.896009],[139.734355,37.89667],[139.734321,37.897663],[139.734042,37.898674],[139.734112,37.899841],[139.733903,37.900206],[139.733293,37.900485],[139.731891,37.901356],[139.729731,37.901426],[139.727101,37.902244],[139.726665,37.90261],[139.726578,37.903098],[139.726299,37.903934],[139.725307,37.905606],[139.724122,37.906878],[139.72301,37.908533],[139.722337,37.909787],[139.722354,37.910361],[139.722702,37.910936],[139.722807,37.911319],[139.722877,37.911894],[139.722528,37.912539],[139.720316,37.912817],[139.718609,37.912887],[139.715909,37.91219],[139.715369,37.912121],[139.713393,37.912479],[139.71187,37.91281],[139.710613,37.913224],[139.708658,37.914051],[139.706541,37.915707],[139.705911,37.915541],[139.705216,37.915514],[139.703251,37.915596],[139.7018,37.915239],[139.700424,37.915204],[139.698961,37.91543],[139.698056,37.915805],[139.697446,37.915966],[139.696845,37.915956],[139.696276,37.915604],[139.693802,37.914782],[139.692465,37.914224],[139.690528,37.912691],[139.689385,37.912246],[139.68873,37.912078],[139.688563,37.910977],[139.687908,37.910225],[139.686877,37.909473],[139.686138,37.90918],[139.685957,37.90925],[139.686027,37.910141],[139.686013,37.910518],[139.685832,37.910824],[139.68517,37.911458],[139.685037,37.911678],[139.684937,37.91212],[139.685015,37.913135],[139.684925,37.913422],[139.684297,37.913755],[139.683762,37.914788],[139.683131,37.915593],[139.682804,37.916225],[139.682804,37.916922],[139.683087,37.917488],[139.683588,37.918293],[139.683697,37.918838],[139.683479,37.918968],[139.681084,37.917967],[139.680409,37.916312],[139.679799,37.915201],[139.67809,37.91531],[139.676348,37.91555],[139.675107,37.91592],[139.674628,37.915789],[139.674193,37.915463],[139.673735,37.914418],[139.673039,37.913786],[139.672407,37.913699],[139.671885,37.913743],[139.668815,37.91457],[139.668161,37.914614],[139.667835,37.914505],[139.667552,37.914243],[139.66753,37.913721],[139.667595,37.913111],[139.667421,37.912523],[139.666833,37.911892],[139.666166,37.910795],[139.666154,37.910595],[139.666209,37.910411],[139.666884,37.909609],[139.666894,37.909416],[139.666729,37.908947],[139.666264,37.908532],[139.665569,37.908341],[139.665074,37.908147],[139.664774,37.907926],[139.663882,37.90707],[139.663384,37.906878],[139.662227,37.906601],[139.661662,37.906216],[139.661397,37.906132],[139.660239,37.906189],[139.659512,37.906409],[139.659279,37.906409],[139.658649,37.906022],[139.658219,37.905857],[139.657855,37.905884],[139.65693,37.906243],[139.656565,37.906436],[139.6563,37.906795],[139.6561,37.906905],[139.655605,37.906988],[139.65524,37.906988],[139.654942,37.906878],[139.654645,37.906849],[139.653169,37.90718],[139.652771,37.907209],[139.651019,37.906959],[139.650554,37.906959],[139.647377,37.906049],[139.64529,37.904917],[139.644495,37.904669],[139.64347,37.904505],[139.642675,37.904586],[139.642213,37.904753],[139.640325,37.903759],[139.639198,37.903484],[139.638571,37.903153],[139.638106,37.902986],[139.636848,37.902765],[139.633571,37.901911]]],[[[139.642967,37.777932],[139.642114,37.777327],[139.642031,37.777025],[139.642052,37.7765],[139.642226,37.776058],[139.64235,37.775534],[139.642247,37.774484],[139.642278,37.774052],[139.642453,37.773754],[139.642484,37.773363],[139.642442,37.772818],[139.642212,37.772558],[139.641372,37.771337],[139.641038,37.770535],[139.640873,37.769722],[139.64078,37.768961],[139.640909,37.766966],[139.641043,37.766092],[139.641043,37.765773],[139.640806,37.765464],[139.640179,37.764857],[139.639829,37.764199],[139.639757,37.763716],[139.639742,37.762924],[139.639608,37.762697],[139.639124,37.762204],[139.637417,37.760805],[139.637396,37.760517],[139.63752,37.760178],[139.63788,37.759869],[139.638322,37.759776],[139.63879,37.759951],[139.63913,37.759982],[139.639994,37.759653],[139.640611,37.759581],[139.641685,37.759735],[139.643043,37.76026],[139.643856,37.759848],[139.644869,37.759416],[139.646237,37.759118],[139.647348,37.758933],[139.64834,37.758923],[139.649327,37.759067],[139.649759,37.759036],[139.650356,37.758707],[139.651482,37.75846],[139.654573,37.757987],[139.655735,37.757699],[139.656301,37.757483],[139.65663,37.757143],[139.657011,37.756043],[139.657617,37.755323],[139.658123,37.755109],[139.65951,37.755479],[139.660715,37.755588],[139.661847,37.755859],[139.666143,37.756611],[139.666533,37.756761],[139.66711,37.757115],[139.667755,37.757911],[139.667945,37.758815],[139.668033,37.760765],[139.668243,37.76154],[139.668785,37.762967],[139.669265,37.763769],[139.669985,37.764468],[139.671547,37.765746],[139.673169,37.766795],[139.673379,37.76722],[139.673439,37.76757],[139.673589,37.767797],[139.674219,37.768147],[139.675811,37.768722],[139.676861,37.769297],[139.677644,37.769874],[139.678033,37.770324],[139.678093,37.770974],[139.678423,37.772251],[139.678813,37.772476],[139.679913,37.772737],[139.68045,37.773145],[139.680795,37.773978],[139.680795,37.774328],[139.680645,37.774578],[139.680525,37.775028],[139.680615,37.775455],[139.68096,37.775916],[139.681365,37.776093],[139.681815,37.776143],[139.684507,37.777907],[139.686225,37.778932],[139.686575,37.779038],[139.687087,37.779111],[139.687597,37.779349],[139.688617,37.78054],[139.689157,37.781042],[139.689879,37.781399],[139.696306,37.784928],[139.696846,37.785382],[139.697488,37.786052],[139.698918,37.788696],[139.699668,37.789506],[139.700508,37.790221],[139.702977,37.791844],[139.70373,37.792511],[139.704262,37.794038],[139.704502,37.795069],[139.704802,37.795619],[139.705192,37.796046],[139.705734,37.796321],[139.707804,37.796946],[139.708766,37.797121],[139.709696,37.797371],[139.710359,37.797723],[139.710839,37.798073],[139.711439,37.798423],[139.713451,37.798998],[139.713661,37.799273],[139.713871,37.799725],[139.714171,37.8001],[139.715313,37.800579],[139.71563,37.800843],[139.715888,37.801679],[139.712791,37.802055],[139.709974,37.802784],[139.708256,37.802926],[139.707474,37.802926],[139.700567,37.804553],[139.698857,37.804828],[139.698255,37.804853],[139.697355,37.804678],[139.696815,37.804628],[139.696002,37.804678],[139.695672,37.804653],[139.695163,37.804528],[139.694683,37.804303],[139.694113,37.803853],[139.69354,37.803603],[139.69351,37.804053],[139.69357,37.804453],[139.69372,37.804728],[139.694083,37.804853],[139.694203,37.805053],[139.694293,37.805455],[139.694772,37.80583],[139.694862,37.80608],[139.694952,37.80663],[139.695132,37.806997],[139.695372,37.80713],[139.695742,37.807163],[139.695852,37.80728],[139.697025,37.809584],[139.696815,37.810209],[139.696784,37.810434],[139.696844,37.810709],[139.696994,37.811034],[139.696994,37.811209],[139.696784,37.811411],[139.696152,37.811661],[139.696152,37.811836],[139.696394,37.812148],[139.697009,37.81258],[139.697102,37.812707],[139.697174,37.813251],[139.697444,37.813575],[139.697594,37.81395],[139.697504,37.8143],[139.697114,37.814675],[139.696724,37.81485],[139.696126,37.814967],[139.695932,37.815266],[139.695656,37.815318],[139.694101,37.815229],[139.691916,37.814944],[139.688718,37.81379],[139.686543,37.8132],[139.684591,37.812863],[139.682319,37.812334],[139.681401,37.811957],[139.67217,37.807099],[139.668968,37.805363],[139.663063,37.802338],[139.662902,37.802191],[139.662726,37.801839],[139.662462,37.800958],[139.662373,37.800266],[139.662487,37.799599],[139.663091,37.798618],[139.663182,37.798089],[139.662462,37.797189],[139.662042,37.796562],[139.661892,37.796037],[139.661892,37.795412],[139.661952,37.794962],[139.6612,37.793535],[139.66099,37.79326],[139.6606,37.793085],[139.655345,37.791733],[139.653123,37.790581],[139.650031,37.786352],[139.649458,37.786077],[139.648978,37.785752],[139.648468,37.785302],[139.646846,37.783099],[139.646636,37.782524],[139.646336,37.781974],[139.645316,37.780722],[139.643994,37.778745],[139.642967,37.777932]]],[[[139.656089,38.07026],[139.656165,38.069368],[139.656141,38.068353],[139.655779,38.067208],[139.655744,38.066006],[139.656214,38.064663],[139.656479,38.063465],[139.656429,38.062912],[139.65619,38.061744],[139.656177,38.061028],[139.65629,38.060324],[139.657119,38.059084],[139.658387,38.057943],[139.659602,38.057012],[139.658779,38.055911],[139.658136,38.054733],[139.657994,38.054011],[139.658104,38.052974],[139.658826,38.05087],[139.659864,38.049106],[139.660191,38.048227],[139.66033,38.046682],[139.66056,38.046155],[139.661282,38.045522],[139.662218,38.044872],[139.662815,38.044558],[139.66316,38.044024],[139.663365,38.042862],[139.66345,38.04173],[139.664069,38.041239],[139.664809,38.040475],[139.665437,38.039643],[139.667149,38.040051],[139.669112,38.04002],[139.670698,38.039878],[139.671577,38.03991],[139.672857,38.040208],[139.67416,38.040334],[139.675008,38.040475],[139.675825,38.040915],[139.677843,38.042296],[139.679994,38.04283],[139.680214,38.043144],[139.680434,38.044306],[139.680591,38.044683],[139.681062,38.04506],[139.681407,38.045547],[139.681651,38.047588],[139.682043,38.049111],[139.68231,38.04941],[139.683692,38.049708],[139.685215,38.050682],[139.687861,38.051592],[139.688835,38.052173],[139.689949,38.052425],[139.690371,38.052567],[139.690571,38.052697],[139.690787,38.053594],[139.690887,38.055272],[139.691153,38.055703],[139.691418,38.056019],[139.692764,38.056999],[139.69391,38.055238],[139.694292,38.054508],[139.694574,38.054125],[139.695073,38.053777],[139.700662,38.053677],[139.702174,38.053561],[139.701792,38.052697],[139.701577,38.051929],[139.70165,38.051877],[139.701863,38.051936],[139.702895,38.052662],[139.703536,38.052564],[139.703984,38.052282],[139.703868,38.052996],[139.703852,38.053793],[139.703984,38.054574],[139.704177,38.05522],[139.704435,38.055312],[139.70508,38.055183],[139.705711,38.054408],[139.70594,38.053908],[139.705998,38.052947],[139.70574,38.05213],[139.705811,38.051843],[139.708066,38.051293],[139.708885,38.051663],[139.710875,38.052687],[139.712142,38.053019],[139.712794,38.053476],[139.71348,38.053778],[139.714132,38.053791],[139.714892,38.054123],[139.716087,38.054877],[139.717081,38.055613],[139.717797,38.05643],[139.718012,38.057276],[139.718141,38.058308],[139.718271,38.058738],[139.718514,38.059211],[139.718656,38.059643],[139.7186,38.060805],[139.718758,38.061075],[139.718901,38.061778],[139.718858,38.062523],[139.718715,38.062968],[139.718634,38.063064],[139.718674,38.063588],[139.718844,38.063828],[139.719159,38.06453],[139.719188,38.065061],[139.719045,38.065864],[139.718862,38.066419],[139.718615,38.067728],[139.718557,38.068645],[139.716809,38.069215],[139.716049,38.069577],[139.715614,38.069696],[139.714274,38.07045],[139.712971,38.07045],[139.711248,38.070942],[139.710782,38.071],[139.710387,38.071005],[139.708835,38.070534],[139.708275,38.070196],[139.707576,38.069042],[139.70697,38.068273],[139.706503,38.068005],[139.706165,38.067713],[139.705767,38.067133],[139.705189,38.066558],[139.704212,38.066319],[139.703235,38.066348],[139.702472,38.0665],[139.70193,38.066379],[139.699975,38.065504],[139.698708,38.065142],[139.69813,38.064779],[139.696755,38.064206],[139.695091,38.063668],[139.693949,38.0634],[139.694881,38.062164],[139.693809,38.061335],[139.692509,38.059833],[139.691926,38.058761],[139.691273,38.060213],[139.690586,38.061057],[139.689729,38.062048],[139.688365,38.063132],[139.686277,38.062842],[139.685229,38.062988],[139.682303,38.063109],[139.680578,38.063085],[139.679331,38.062852],[139.67528,38.061641],[139.67264,38.060615],[139.669825,38.060079],[139.668682,38.059962],[139.668222,38.059995],[139.66733,38.060149],[139.666153,38.06072],[139.665511,38.061338],[139.663635,38.063646],[139.663034,38.065336],[139.662743,38.067142],[139.662656,38.068646],[139.662994,38.06973],[139.663716,38.071397],[139.66371,38.073122],[139.663221,38.072796],[139.662731,38.072271],[139.662137,38.07191],[139.661052,38.071579],[139.659079,38.070775],[139.657986,38.070398],[139.657019,38.070197],[139.656089,38.07026]],[[139.700304,38.057041],[139.699717,38.057401],[139.69939,38.05777],[139.698738,38.058686],[139.698249,38.059148],[139.69788,38.059732],[139.698775,38.059545],[139.699708,38.05954],[139.700208,38.059694],[139.700658,38.059974],[139.702792,38.060717],[139.703206,38.060693],[139.704379,38.060885],[139.706493,38.061827],[139.706839,38.061001],[139.706839,38.059617],[139.707282,38.058857],[139.706885,38.058514],[139.705472,38.057626],[139.704712,38.057285],[139.704132,38.056568],[139.703743,38.055312],[139.702591,38.055734],[139.700996,38.05658],[139.700304,38.057041]]],[[[139.69351,37.804053],[139.69354,37.803603],[139.694113,37.803853],[139.694683,37.804303],[139.695163,37.804528],[139.695672,37.804653],[139.696002,37.804678],[139.696815,37.804628],[139.697355,37.804678],[139.698255,37.804853],[139.698857,37.804828],[139.700567,37.804553],[139.707474,37.802926],[139.708256,37.802926],[139.709974,37.802784],[139.712791,37.802055],[139.715888,37.801679],[139.71563,37.800843],[139.715508,37.80071],[139.715313,37.800579],[139.714171,37.8001],[139.713871,37.799725],[139.713661,37.799273],[139.713451,37.798998],[139.712248,37.798648],[139.712948,37.797801],[139.714648,37.7949],[139.715407,37.794106],[139.716153,37.793554],[139.717615,37.792067],[139.718045,37.791727],[139.720878,37.791743],[139.722529,37.791047],[139.723549,37.790836],[139.724455,37.790869],[139.726366,37.790367],[139.726803,37.790027],[139.727094,37.788602],[139.727466,37.788068],[139.728164,37.789126],[139.72864,37.78959],[139.730809,37.793135],[139.732381,37.795256],[139.732559,37.79558],[139.732575,37.796211],[139.732656,37.796551],[139.733206,37.796859],[139.733773,37.797312],[139.734607,37.79864],[139.735627,37.7994],[139.737408,37.800356],[139.738351,37.7998],[139.738614,37.799732],[139.739344,37.799007],[139.739479,37.798774],[139.739496,37.798384],[139.739841,37.798161],[139.740416,37.798013],[139.740816,37.797845],[139.742563,37.796534],[139.743138,37.796212],[139.743233,37.79518],[139.743376,37.794583],[139.743796,37.794183],[139.744356,37.792929],[139.744888,37.792043],[139.745541,37.791508],[139.745853,37.790993],[139.746726,37.790982],[139.751055,37.790432],[139.751573,37.790496],[139.752059,37.790432],[139.752998,37.790108],[139.754098,37.789978],[139.756192,37.790007],[139.757735,37.788809],[139.758156,37.788425],[139.758324,37.78802],[139.758583,37.78768],[139.758826,37.787534],[139.759427,37.787266],[139.761124,37.787145],[139.761529,37.787275],[139.760671,37.788262],[139.7603,37.78972],[139.760191,37.79088],[139.760191,37.791918],[139.760253,37.792645],[139.760455,37.793527],[139.76073,37.794124],[139.760284,37.794394],[139.760114,37.794673],[139.760269,37.794781],[139.761334,37.795015],[139.762204,37.795124],[139.76415,37.795551],[139.767687,37.795757],[139.767895,37.795931],[139.768258,37.796396],[139.768596,37.796695],[139.768696,37.796961],[139.768771,37.797301],[139.768679,37.797559],[139.768364,37.797891],[139.767998,37.797983],[139.76765,37.797958],[139.767126,37.797659],[139.766919,37.797642],[139.766288,37.798082],[139.765478,37.799378],[139.765386,37.799652],[139.765466,37.800144],[139.765669,37.800457],[139.76571,37.800748],[139.765594,37.801138],[139.76532,37.801487],[139.764971,37.801662],[139.764307,37.80167],[139.763775,37.802376],[139.763493,37.802891],[139.763327,37.803671],[139.763343,37.804145],[139.763468,37.804892],[139.763976,37.806373],[139.764053,37.807508],[139.764041,37.809717],[139.763879,37.81059],[139.763755,37.810963],[139.763779,37.811719],[139.763904,37.81255],[139.764004,37.812682],[139.764121,37.812736],[139.765798,37.812079],[139.767101,37.811686],[139.768663,37.811511],[139.76863,37.814385],[139.768675,37.817416],[139.768654,37.820398],[139.769477,37.820016],[139.770872,37.81916],[139.770868,37.820182],[139.770909,37.820572],[139.77115,37.821029],[139.77169,37.821619],[139.772263,37.82205],[139.772803,37.822283],[139.773285,37.821909],[139.773584,37.82176],[139.773999,37.821743],[139.774331,37.821826],[139.775311,37.821286],[139.775801,37.821203],[139.77747,37.821444],[139.779015,37.82107],[139.782511,37.820838],[139.783865,37.820813],[139.786477,37.820913],[139.790065,37.821403],[139.791337,37.821508],[139.790735,37.821885],[139.790075,37.822485],[139.788877,37.823097],[139.788877,37.823389],[139.788995,37.823674],[139.789045,37.824186],[139.788935,37.824874],[139.788482,37.826451],[139.787822,37.827428],[139.786892,37.828477],[139.78641,37.828877],[139.78557,37.829304],[139.785,37.829679],[139.782988,37.832147],[139.783485,37.832797],[139.782871,37.832748],[139.780771,37.832431],[139.776912,37.832065],[139.774721,37.83197],[139.77312,37.831956],[139.76789,37.832092],[139.76422,37.832295],[139.760889,37.832051],[139.758603,37.832173],[139.757043,37.832336],[139.755435,37.832797],[139.754743,37.833177],[139.754119,37.833991],[139.753387,37.835321],[139.753017,37.83631],[139.752776,37.837207],[139.752613,37.83878],[139.752668,37.840422],[139.75296,37.842115],[139.753244,37.84342],[139.753665,37.84475],[139.75433,37.845374],[139.75492,37.845726],[139.755083,37.846418],[139.755639,37.849946],[139.75608,37.852144],[139.757151,37.854653],[139.758081,37.857123],[139.758298,37.857747],[139.75838,37.858349],[139.756926,37.858919],[139.756459,37.85898],[139.753589,37.860123],[139.751724,37.860402],[139.751462,37.858817],[139.75109,37.857947],[139.750232,37.855443],[139.749635,37.854245],[139.74956,37.853778],[139.749673,37.853312],[139.749598,37.85297],[139.748898,37.85252],[139.748253,37.851849],[139.747396,37.850825],[139.746722,37.850348],[139.746516,37.850062],[139.746216,37.849441],[139.746068,37.848646],[139.745771,37.8481],[139.745204,37.847479],[139.745011,37.846673],[139.744624,37.845704],[139.744176,37.845009],[139.743164,37.84419],[139.742747,37.84394],[139.742449,37.843544],[139.741972,37.842601],[139.741524,37.842228],[139.740629,37.84173],[139.736818,37.84039],[139.736608,37.840067],[139.736608,37.839522],[139.7364,37.839174],[139.736043,37.838901],[139.735923,37.838403],[139.735923,37.836938],[139.735971,37.836311],[139.735851,37.835555],[139.735588,37.834897],[139.735231,37.834539],[139.733679,37.833922],[139.733464,37.833664],[139.733249,37.833145],[139.732986,37.832726],[139.732641,37.832389],[139.732547,37.832198],[139.734113,37.831701],[139.736398,37.830285],[139.738128,37.829046],[139.739029,37.828258],[139.739447,37.827695],[139.739866,37.826874],[139.7403,37.826439],[139.74059,37.825796],[139.741008,37.823624],[139.741475,37.822755],[139.742038,37.822224],[139.742879,37.821854],[139.744677,37.82232],[139.746205,37.822417],[139.746724,37.822395],[139.747219,37.822288],[139.747718,37.822288],[139.748925,37.822626],[139.749697,37.822948],[139.750083,37.823044],[139.750631,37.822932],[139.751483,37.822867],[139.752175,37.822964],[139.755386,37.823817],[139.756576,37.823945],[139.757349,37.823817],[139.757751,37.823897],[139.758057,37.824267],[139.762763,37.826504],[139.762812,37.825731],[139.763954,37.824605],[139.762699,37.823945],[139.761589,37.823607],[139.760671,37.823559],[139.759915,37.82335],[139.75932,37.822497],[139.758467,37.821451],[139.757952,37.821033],[139.75718,37.820631],[139.752952,37.820168],[139.751828,37.819999],[139.749392,37.819327],[139.748346,37.818989],[139.746012,37.819038],[139.744001,37.818884],[139.742923,37.818552],[139.741826,37.818083],[139.741101,37.817612],[139.740871,37.817275],[139.738509,37.815602],[139.737549,37.815574],[139.735742,37.815199],[139.735359,37.814966],[139.734555,37.814114],[139.733912,37.813904],[139.731265,37.813904],[139.730058,37.813695],[139.72927,37.813277],[139.728706,37.812698],[139.728336,37.812167],[139.717628,37.818861],[139.703144,37.82158],[139.700972,37.821902],[139.700071,37.820985],[139.699202,37.821564],[139.698486,37.821902],[139.697617,37.822143],[139.696684,37.822256],[139.695767,37.82224],[139.694254,37.82203],[139.693216,37.821789],[139.693023,37.820518],[139.693055,37.819633],[139.693264,37.818732],[139.693618,37.817927],[139.693924,37.817654],[139.694568,37.817348],[139.695067,37.816978],[139.695228,37.816543],[139.695195,37.816012],[139.695292,37.815707],[139.695726,37.815497],[139.696126,37.814967],[139.696724,37.81485],[139.697114,37.814675],[139.697504,37.8143],[139.697594,37.81395],[139.697444,37.813575],[139.697174,37.813251],[139.697102,37.812707],[139.697009,37.81258],[139.696394,37.812148],[139.696152,37.811836],[139.696152,37.811661],[139.696784,37.811411],[139.696994,37.811209],[139.696994,37.811034],[139.696844,37.810709],[139.696784,37.810434],[139.696815,37.810209],[139.697025,37.809584],[139.695852,37.80728],[139.695742,37.807163],[139.695372,37.80713],[139.695132,37.806997],[139.694952,37.80663],[139.694862,37.80608],[139.694772,37.80583],[139.694293,37.805455],[139.694203,37.805053],[139.694083,37.804853],[139.69372,37.804728],[139.69357,37.804453],[139.69351,37.804053]],[[139.755361,37.812266],[139.755421,37.812801],[139.755361,37.814265],[139.755587,37.817931],[139.755778,37.818419],[139.756488,37.817714],[139.757081,37.817267],[139.758111,37.816685],[139.75954,37.816312],[139.761383,37.815689],[139.761873,37.815215],[139.76199,37.814925],[139.762098,37.814219],[139.762766,37.813197],[139.762941,37.812633],[139.762953,37.810523],[139.763161,37.80951],[139.763148,37.807932],[139.76299,37.806304],[139.762741,37.80564],[139.762464,37.805137],[139.762408,37.804254],[139.762571,37.803447],[139.762874,37.802517],[139.763779,37.801329],[139.764909,37.799037],[139.765357,37.797891],[139.765739,37.797634],[139.76625,37.797517],[139.766458,37.79731],[139.766425,37.797127],[139.766283,37.797061],[139.765187,37.796928],[139.762819,37.797234],[139.761946,37.797603],[139.760671,37.797671],[139.760431,37.797811],[139.760019,37.798303],[139.759196,37.798667],[139.759177,37.798944],[139.759287,37.799243],[139.759652,37.799447],[139.759795,37.799673],[139.759843,37.799911],[139.759747,37.800494],[139.759819,37.801899],[139.759556,37.802971],[139.759279,37.803396],[139.759021,37.803534],[139.758484,37.803967],[139.758271,37.804233],[139.758271,37.804919],[139.758807,37.805779],[139.758878,37.806136],[139.758748,37.806576],[139.758486,37.806862],[139.757604,37.807242],[139.756313,37.807648],[139.755677,37.808267],[139.75526,37.808505],[139.754486,37.808596],[139.753865,37.809268],[139.753689,37.80998],[139.753159,37.810457],[139.752862,37.811016],[139.752921,37.811195],[139.753897,37.811456],[139.755242,37.812004],[139.755361,37.812266]]],[[[139.700304,38.057041],[139.700996,38.05658],[139.702591,38.055734],[139.703743,38.055312],[139.704132,38.056568],[139.704712,38.057285],[139.705472,38.057626],[139.706885,38.058514],[139.707282,38.058857],[139.706839,38.059617],[139.706839,38.061001],[139.706493,38.061827],[139.704379,38.060885],[139.703206,38.060693],[139.702792,38.060717],[139.700658,38.059974],[139.700208,38.059694],[139.699708,38.05954],[139.698775,38.059545],[139.69788,38.059732],[139.698249,38.059148],[139.698738,38.058686],[139.69939,38.05777],[139.699717,38.057401],[139.700304,38.057041]]],[[[139.718045,37.791727],[139.71805,37.791149],[139.717902,37.790303],[139.717447,37.78969],[139.717003,37.789351],[139.715973,37.788712],[139.715373,37.788176],[139.715133,37.787849],[139.714996,37.787482],[139.714953,37.787024],[139.715481,37.785012],[139.715197,37.784675],[139.714941,37.784257],[139.714631,37.782814],[139.714604,37.781937],[139.71482,37.781384],[139.716202,37.779766],[139.716715,37.778835],[139.716917,37.778322],[139.716958,37.777243],[139.71685,37.77607],[139.716364,37.775422],[139.718846,37.775139],[139.720043,37.775787],[139.720883,37.776315],[139.721604,37.776615],[139.722195,37.776697],[139.724168,37.776786],[139.725148,37.776973],[139.726185,37.777877],[139.72684,37.778171],[139.727405,37.778231],[139.728253,37.778171],[139.729145,37.778186],[139.729636,37.778394],[139.729832,37.778592],[139.729654,37.7789],[139.729582,37.779267],[139.729802,37.780244],[139.731182,37.781968],[139.731544,37.782546],[139.732144,37.783995],[139.732414,37.784372],[139.733556,37.785222],[139.734276,37.786049],[139.734966,37.786999],[139.735626,37.787649],[139.736198,37.788551],[139.736859,37.789001],[139.738872,37.789929],[139.740794,37.790454],[139.743106,37.790629],[139.744696,37.790933],[139.745853,37.790993],[139.745541,37.791508],[139.744888,37.792043],[139.744356,37.792929],[139.743796,37.794183],[139.743376,37.794583],[139.743233,37.79518],[139.743138,37.796212],[139.742563,37.796534],[139.740816,37.797845],[139.740416,37.798013],[139.739841,37.798161],[139.739496,37.798384],[139.739479,37.798774],[139.739344,37.799007],[139.738614,37.799732],[139.738351,37.7998],[139.737408,37.800356],[139.735627,37.7994],[139.734607,37.79864],[139.733773,37.797312],[139.733206,37.796859],[139.732656,37.796551],[139.732575,37.796211],[139.732559,37.79558],[139.732381,37.795256],[139.730809,37.793135],[139.72864,37.78959],[139.728164,37.789126],[139.727466,37.788068],[139.727094,37.788602],[139.726803,37.790027],[139.726366,37.790367],[139.724455,37.790869],[139.723549,37.790836],[139.722529,37.791047],[139.720878,37.791743],[139.718045,37.791727]]],[[[139.755361,37.812266],[139.755242,37.812004],[139.753897,37.811456],[139.752921,37.811195],[139.752862,37.811016],[139.753159,37.810457],[139.753689,37.80998],[139.753865,37.809268],[139.754486,37.808596],[139.75526,37.808505],[139.755677,37.808267],[139.756313,37.807648],[139.757604,37.807242],[139.758486,37.806862],[139.758748,37.806576],[139.758878,37.806136],[139.758807,37.805779],[139.758271,37.804919],[139.758271,37.804233],[139.758484,37.803967],[139.759021,37.803534],[139.759279,37.803396],[139.759556,37.802971],[139.759819,37.801899],[139.759747,37.800494],[139.759843,37.799911],[139.759795,37.799673],[139.759652,37.799447],[139.759287,37.799243],[139.759177,37.798944],[139.759196,37.798667],[139.760019,37.798303],[139.760431,37.797811],[139.760671,37.797671],[139.761946,37.797603],[139.762819,37.797234],[139.765187,37.796928],[139.766283,37.797061],[139.766425,37.797127],[139.766458,37.79731],[139.76625,37.797517],[139.765739,37.797634],[139.765357,37.797891],[139.764909,37.799037],[139.763779,37.801329],[139.762874,37.802517],[139.762571,37.803447],[139.762408,37.804254],[139.762464,37.805137],[139.762741,37.80564],[139.76299,37.806304],[139.763148,37.807932],[139.763161,37.80951],[139.762953,37.810523],[139.762941,37.812633],[139.762766,37.813197],[139.762098,37.814219],[139.76199,37.814925],[139.761873,37.815215],[139.761383,37.815689],[139.75954,37.816312],[139.758111,37.816685],[139.757081,37.817267],[139.756488,37.817714],[139.755778,37.818419],[139.755587,37.817931],[139.755361,37.814265],[139.755421,37.812801],[139.755361,37.812266]]],[[[139.75838,37.858349],[139.758298,37.857747],[139.758081,37.857123],[139.757151,37.854653],[139.75608,37.852144],[139.755639,37.849946],[139.755083,37.846418],[139.75492,37.845726],[139.75433,37.845374],[139.753665,37.84475],[139.753244,37.84342],[139.75296,37.842115],[139.752668,37.840422],[139.752613,37.83878],[139.752776,37.837207],[139.753017,37.83631],[139.753387,37.835321],[139.754119,37.833991],[139.754743,37.833177],[139.755435,37.832797],[139.757043,37.832336],[139.758603,37.832173],[139.760889,37.832051],[139.76422,37.832295],[139.76789,37.832092],[139.77312,37.831956],[139.774721,37.83197],[139.776912,37.832065],[139.780771,37.832431],[139.782871,37.832748],[139.783485,37.832797],[139.784434,37.833869],[139.784787,37.834018],[139.785764,37.834235],[139.788464,37.834398],[139.790173,37.834575],[139.790512,37.834778],[139.790648,37.83509],[139.791204,37.837044],[139.79167,37.838055],[139.792011,37.83841],[139.792228,37.839075],[139.792313,37.839702],[139.792433,37.840076],[139.792662,37.840402],[139.793181,37.840583],[139.7937,37.84109],[139.794508,37.843732],[139.794786,37.844468],[139.794947,37.844727],[139.796499,37.846157],[139.796559,37.846627],[139.79665,37.850765],[139.795226,37.850548],[139.794394,37.850584],[139.793416,37.850813],[139.792705,37.851175],[139.791794,37.851115],[139.791034,37.851163],[139.790081,37.851103],[139.788699,37.850862],[139.787396,37.850813],[139.786636,37.850874],[139.786166,37.850813],[139.785671,37.850826],[139.785321,37.850994],[139.784911,37.851284],[139.784706,37.851356],[139.78429,37.851284],[139.783361,37.850717],[139.782456,37.850693],[139.781346,37.850572],[139.780532,37.850548],[139.77918,37.850838],[139.778716,37.851196],[139.778058,37.851175],[139.777286,37.851043],[139.776309,37.850729],[139.775802,37.850669],[139.775187,37.850741],[139.773744,37.851352],[139.772847,37.851665],[139.772215,37.851819],[139.771242,37.851912],[139.77005,37.851819],[139.76934,37.851819],[139.76863,37.852006],[139.76601,37.853883],[139.76473,37.854581],[139.762623,37.856547],[139.762286,37.856732],[139.761776,37.856847],[139.761383,37.856991],[139.760596,37.857401],[139.760078,37.857443],[139.759711,37.857543],[139.759338,37.857728],[139.759018,37.858057],[139.75838,37.858349]]],[[[139.760218,37.78721],[139.760704,37.786724],[139.761076,37.786012],[139.761485,37.784368],[139.761895,37.783854],[139.763899,37.782333],[139.764054,37.782098],[139.764157,37.781264],[139.764362,37.781071],[139.765054,37.780771],[139.765492,37.780471],[139.765672,37.780194],[139.765852,37.779702],[139.766519,37.778461],[139.766982,37.777861],[139.767469,37.777496],[139.767829,37.777346],[139.768317,37.777367],[139.768754,37.77724],[139.769294,37.77679],[139.77003,37.776295],[139.770813,37.776139],[139.771289,37.775958],[139.771955,37.775559],[139.772269,37.775102],[139.772302,37.774905],[139.773329,37.775124],[139.773574,37.775224],[139.774071,37.775645],[139.774354,37.775815],[139.775511,37.776115],[139.776024,37.77648],[139.777308,37.777528],[139.777873,37.777913],[139.778336,37.778086],[139.778696,37.778128],[139.780133,37.778063],[139.780521,37.778086],[139.783935,37.77892],[139.78504,37.778943],[139.785872,37.778891],[139.786105,37.778565],[139.786261,37.778036],[139.786323,37.777414],[139.786152,37.776449],[139.786183,37.776232],[139.786541,37.776123],[139.78769,37.77602],[139.788499,37.776132],[139.789146,37.776343],[139.790228,37.776567],[139.791124,37.776505],[139.792207,37.776207],[139.793395,37.775784],[139.793868,37.775796],[139.794229,37.77612],[139.794503,37.776219],[139.794963,37.776194],[139.795623,37.775871],[139.795598,37.775099],[139.795772,37.774514],[139.796095,37.773954],[139.796133,37.773755],[139.795983,37.773419],[139.795772,37.773158],[139.795784,37.772897],[139.795971,37.772436],[139.795884,37.772175],[139.795461,37.771761],[139.794764,37.771329],[139.793793,37.77103],[139.793097,37.770881],[139.792151,37.770769],[139.79174,37.770645],[139.791379,37.770408],[139.79128,37.770035],[139.791417,37.76945],[139.792437,37.767696],[139.791412,37.767081],[139.790558,37.764563],[139.789973,37.764062],[139.789538,37.763788],[139.789214,37.763415],[139.788576,37.762209],[139.788306,37.761586],[139.788119,37.760852],[139.788101,37.760391],[139.7883,37.759346],[139.788574,37.757318],[139.788505,37.756186],[139.788381,37.755439],[139.788169,37.754879],[139.787335,37.753722],[139.786999,37.752565],[139.786838,37.752204],[139.786626,37.752005],[139.784623,37.75132],[139.784474,37.751121],[139.784507,37.750982],[139.785265,37.750717],[139.785665,37.7505],[139.786071,37.749884],[139.786677,37.749191],[139.787196,37.748769],[139.788202,37.748444],[139.789831,37.748131],[139.790707,37.747871],[139.7918,37.747438],[139.793028,37.747146],[139.793764,37.747038],[139.794089,37.746843],[139.794446,37.746529],[139.795668,37.746789],[139.796891,37.74667],[139.79846,37.746605],[139.798774,37.747016],[139.799055,37.747655],[139.799178,37.748246],[139.798998,37.74972],[139.799088,37.750397],[139.799328,37.750897],[139.799448,37.752024],[139.799718,37.752399],[139.79987,37.753776],[139.8002,37.754076],[139.80086,37.754951],[139.80158,37.756228],[139.80188,37.757078],[139.801942,37.758005],[139.802032,37.75828],[139.802842,37.759282],[139.803052,37.759832],[139.803269,37.76024],[139.802992,37.760582],[139.802512,37.761634],[139.802417,37.762455],[139.802327,37.762751],[139.801759,37.763611],[139.801729,37.764098],[139.801789,37.76605],[139.802032,37.767202],[139.802002,37.767802],[139.802122,37.768127],[139.802482,37.768379],[139.803261,37.768654],[139.804011,37.769154],[139.804254,37.769429],[139.804224,37.769729],[139.803411,37.771406],[139.803321,37.771856],[139.803321,37.772233],[139.804224,37.773158],[139.804374,37.77396],[139.804374,37.77451],[139.804284,37.775085],[139.804314,37.775587],[139.804494,37.776412],[139.804343,37.776987],[139.804041,37.777464],[139.803531,37.777839],[139.802301,37.778489],[139.801549,37.779089],[139.801099,37.780191],[139.800679,37.780616],[139.800619,37.780866],[139.802211,37.782945],[139.802571,37.78322],[139.804193,37.78422],[139.804553,37.784707],[139.805003,37.785022],[139.805693,37.785197],[139.806053,37.785397],[139.806233,37.785572],[139.806475,37.786122],[139.806535,37.786497],[139.806083,37.787199],[139.805873,37.787824],[139.805693,37.788186],[139.805153,37.788638],[139.804913,37.789038],[139.804793,37.789438],[139.804848,37.79124],[139.80502,37.791369],[139.805723,37.791715],[139.806595,37.792292],[139.807495,37.793192],[139.807615,37.793517],[139.807615,37.793942],[139.807795,37.794469],[139.808305,37.795594],[139.808335,37.796121],[139.808065,37.798373],[139.808065,37.798873],[139.808185,37.799298],[139.808637,37.799875],[139.810107,37.801527],[139.810257,37.802127],[139.810257,37.803416],[139.809597,37.803366],[139.809177,37.803391],[139.808005,37.803841],[139.806444,37.804841],[139.805302,37.805193],[139.804582,37.805568],[139.804312,37.805768],[139.804252,37.806118],[139.804252,37.80717],[139.804432,37.808045],[139.804372,37.808595],[139.804162,37.809072],[139.804069,37.809472],[139.804069,37.809947],[139.803979,37.810347],[139.803469,37.811474],[139.803049,37.8127],[139.802869,37.813675],[139.802869,37.814602],[139.803087,37.814881],[139.803384,37.81514],[139.803409,37.815304],[139.802707,37.815221],[139.802609,37.815325],[139.802354,37.815361],[139.801697,37.815727],[139.800857,37.816027],[139.799897,37.816254],[139.799654,37.816429],[139.799234,37.817079],[139.797432,37.817154],[139.796952,37.817254],[139.796592,37.817404],[139.795482,37.817529],[139.79503,37.817779],[139.7947,37.818231],[139.79452,37.818681],[139.79419,37.819281],[139.7938,37.819706],[139.79365,37.820008],[139.79359,37.820508],[139.79341,37.820883],[139.793169,37.821183],[139.792867,37.821258],[139.791907,37.821308],[139.791337,37.821508],[139.790065,37.821403],[139.786477,37.820913],[139.783865,37.820813],[139.782511,37.820838],[139.779015,37.82107],[139.77747,37.821444],[139.775801,37.821203],[139.775311,37.821286],[139.774331,37.821826],[139.773999,37.821743],[139.773584,37.82176],[139.773285,37.821909],[139.772803,37.822283],[139.772263,37.82205],[139.77169,37.821619],[139.77115,37.821029],[139.770909,37.820572],[139.770868,37.820182],[139.770872,37.81916],[139.769477,37.820016],[139.768654,37.820398],[139.768675,37.817416],[139.76863,37.814385],[139.768663,37.811511],[139.767101,37.811686],[139.765798,37.812079],[139.764121,37.812736],[139.764004,37.812682],[139.763904,37.81255],[139.763779,37.811719],[139.763755,37.810963],[139.763879,37.81059],[139.764041,37.809717],[139.764053,37.807508],[139.763976,37.806373],[139.763468,37.804892],[139.763343,37.804145],[139.763327,37.803671],[139.763493,37.802891],[139.763775,37.802376],[139.764307,37.80167],[139.764971,37.801662],[139.76532,37.801487],[139.765594,37.801138],[139.76571,37.800748],[139.765669,37.800457],[139.765466,37.800144],[139.765386,37.799652],[139.765478,37.799378],[139.766288,37.798082],[139.766919,37.797642],[139.767126,37.797659],[139.76765,37.797958],[139.767998,37.797983],[139.768364,37.797891],[139.768679,37.797559],[139.768771,37.797301],[139.768696,37.796961],[139.768596,37.796695],[139.768258,37.796396],[139.767895,37.795931],[139.767687,37.795757],[139.76415,37.795551],[139.762204,37.795124],[139.761334,37.795015],[139.760269,37.794781],[139.760114,37.794673],[139.760284,37.794394],[139.76073,37.794124],[139.760455,37.793527],[139.760253,37.792645],[139.760191,37.791918],[139.760191,37.79088],[139.7603,37.78972],[139.760671,37.788262],[139.761529,37.787275],[139.761124,37.787145],[139.760218,37.78721]]],[[[139.761199,38.361109],[139.760692,38.361109],[139.758713,38.36067],[139.758085,38.360586],[139.756453,38.359918],[139.755953,38.359832],[139.754998,38.359832],[139.753625,38.359963],[139.753371,38.359907],[139.751941,38.358789],[139.750258,38.35768],[139.748818,38.356363],[139.74839,38.355365],[139.747527,38.354558],[139.746225,38.354176],[139.745617,38.354077],[139.743975,38.354402],[139.737672,38.354714],[139.73579,38.354629],[139.734927,38.354445],[139.734077,38.354118],[139.733441,38.353752],[139.732691,38.353583],[139.7317,38.353525],[139.729422,38.351587],[139.728687,38.351134],[139.727611,38.349917],[139.725773,38.348853],[139.725689,38.34854],[139.725617,38.347939],[139.725653,38.347658],[139.725864,38.347253],[139.725864,38.346651],[139.725695,38.346098],[139.72525,38.345328],[139.724624,38.343355],[139.724534,38.342368],[139.72469,38.341779],[139.72534,38.340239],[139.72528,38.339914],[139.724606,38.339192],[139.723271,38.337255],[139.723126,38.336641],[139.72317,38.336255],[139.723113,38.336033],[139.722791,38.335448],[139.722484,38.334585],[139.722469,38.334],[139.722586,38.333371],[139.723069,38.332478],[139.723815,38.331484],[139.724458,38.331059],[139.724839,38.330606],[139.725,38.330196],[139.724978,38.329699],[139.724466,38.326905],[139.724276,38.326452],[139.723736,38.325858],[139.723584,38.325109],[139.723794,38.324395],[139.724284,38.323452],[139.724757,38.32288],[139.724937,38.322107],[139.724792,38.321449],[139.724575,38.321078],[139.724502,38.320419],[139.724032,38.320109],[139.723885,38.319928],[139.724067,38.319263],[139.724067,38.318478],[139.72454,38.318234],[139.72737,38.317661],[139.728674,38.317147],[139.729037,38.316632],[139.728929,38.316058],[139.72835,38.315968],[139.727695,38.315787],[139.72657,38.315393],[139.726317,38.315091],[139.72599,38.314455],[139.7261,38.31382],[139.725592,38.313368],[139.723705,38.312641],[139.72316,38.312339],[139.72287,38.311341],[139.722435,38.310918],[139.721855,38.310737],[139.72131,38.310495],[139.721021,38.310314],[139.721021,38.310072],[139.721348,38.310041],[139.722363,38.310222],[139.723233,38.310464],[139.72374,38.310495],[139.724323,38.310435],[139.72512,38.308893],[139.724975,38.308439],[139.724395,38.308227],[139.724178,38.307985],[139.724358,38.307502],[139.724685,38.30726],[139.725483,38.3072],[139.725628,38.306837],[139.725303,38.306142],[139.724648,38.305748],[139.723705,38.305271],[139.722981,38.304817],[139.722836,38.304425],[139.723233,38.303819],[139.723958,38.303367],[139.72483,38.303002],[139.725303,38.302942],[139.725555,38.302973],[139.726245,38.303396],[139.727768,38.303638],[139.728458,38.303609],[139.728857,38.303336],[139.72882,38.302792],[139.728965,38.302519],[139.730055,38.30243],[139.730417,38.302188],[139.730417,38.301613],[139.72962,38.300342],[139.729548,38.299799],[139.729655,38.29868],[139.729873,38.298076],[139.729945,38.297107],[139.729945,38.296261],[139.730055,38.295686],[139.730563,38.29472],[139.730963,38.294114],[139.730998,38.29363],[139.730525,38.29336],[139.730229,38.293408],[139.729464,38.293193],[139.728742,38.292793],[139.728372,38.29252],[139.727826,38.291916],[139.727651,38.291438],[139.727573,38.290571],[139.727758,38.290259],[139.72847,38.29021],[139.728655,38.290083],[139.728489,38.289781],[139.728226,38.289479],[139.728596,38.288309],[139.728625,38.28749],[139.728528,38.286768],[139.728278,38.286489],[139.727768,38.286169],[139.727008,38.285806],[139.726136,38.285202],[139.726029,38.28496],[139.725666,38.284808],[139.725411,38.283962],[139.725121,38.283629],[139.725121,38.282723],[139.724721,38.282298],[139.724614,38.281996],[139.724866,38.281634],[139.724794,38.281271],[139.724504,38.281211],[139.724469,38.280998],[139.725156,38.280848],[139.725739,38.280394],[139.725956,38.279971],[139.725774,38.278792],[139.725556,38.27858],[139.725521,38.278065],[139.724977,38.277613],[139.723707,38.277038],[139.723054,38.27719],[139.722327,38.277251],[139.721602,38.277521],[139.721422,38.277734],[139.720804,38.277855],[139.720515,38.277642],[139.720549,38.277038],[139.721057,38.276584],[139.721964,38.276011],[139.723959,38.275224],[139.723924,38.274861],[139.725122,38.274511],[139.725884,38.274086],[139.726319,38.273724],[139.726354,38.273482],[139.726791,38.273393],[139.727989,38.272545],[139.728957,38.272398],[139.729366,38.272076],[139.729766,38.271852],[139.730517,38.271823],[139.731838,38.272339],[139.732374,38.272437],[139.734977,38.272154],[139.736167,38.272369],[139.73644,38.272651],[139.736508,38.273714],[139.736635,38.273695],[139.737064,38.273383],[139.737229,38.273041],[139.7372,38.272495],[139.736913,38.272183],[139.736245,38.271589],[139.735767,38.271374],[139.735367,38.271247],[139.735045,38.271228],[139.734694,38.271091],[139.734641,38.27074],[139.734992,38.270321],[139.735128,38.270087],[139.734943,38.269863],[139.734397,38.269678],[139.733013,38.269512],[139.732935,38.269385],[139.732974,38.269103],[139.733256,38.268791],[139.734191,38.268131],[139.734348,38.267816],[139.734607,38.266967],[139.735036,38.266168],[139.735123,38.265798],[139.735065,38.265261],[139.734892,38.264758],[139.73506,38.264362],[139.735471,38.263905],[139.735608,38.263555],[139.735243,38.263387],[139.73506,38.263616],[139.73474,38.264103],[139.734176,38.265596],[139.733811,38.26616],[139.733431,38.266529],[139.733031,38.266681],[139.732669,38.266892],[139.732524,38.267254],[139.732486,38.26774],[139.732016,38.268042],[139.731399,38.268283],[139.730964,38.268766],[139.730674,38.269189],[139.730454,38.269673],[139.730129,38.270006],[139.729331,38.270218],[139.729256,38.270429],[139.728531,38.270641],[139.728206,38.270943],[139.727879,38.271397],[139.727589,38.271487],[139.727551,38.27182],[139.727262,38.272062],[139.726754,38.272243],[139.726392,38.272303],[139.725957,38.272605],[139.725484,38.272847],[139.723597,38.27312],[139.72193,38.273603],[139.721312,38.273876],[139.720695,38.27448],[139.720405,38.274632],[139.720115,38.274451],[139.719825,38.274178],[139.719715,38.27442],[139.71968,38.274782],[139.719462,38.275055],[139.718662,38.275569],[139.71772,38.275871],[139.717175,38.276142],[139.71677,38.276142],[139.716588,38.275932],[139.71648,38.275417],[139.716225,38.275205],[139.71568,38.274994],[139.7151,38.275144],[139.714593,38.275509],[139.714375,38.27575],[139.71394,38.275811],[139.712995,38.27575],[139.711946,38.275388],[139.711473,38.275296],[139.711291,38.274752],[139.710456,38.273482],[139.709151,38.272757],[139.708499,38.272817],[139.707846,38.272998],[139.707046,38.272877],[139.706539,38.272423],[139.705669,38.271094],[139.704362,38.270211],[139.703477,38.269403],[139.703092,38.26841],[139.702648,38.267914],[139.701043,38.26689],[139.700615,38.266702],[139.699539,38.266599],[139.699983,38.266087],[139.700495,38.264806],[139.700734,38.264516],[139.701333,38.264294],[139.701794,38.263918],[139.701914,38.263645],[139.701931,38.263099],[139.700102,38.261562],[139.699539,38.261237],[139.698753,38.261118],[139.698548,38.259973],[139.69848,38.258983],[139.698343,38.258044],[139.69807,38.25777],[139.696004,38.25707],[139.696132,38.256302],[139.696354,38.255789],[139.69702,38.254833],[139.697225,38.254338],[139.697174,38.25374],[139.696388,38.251896],[139.696371,38.251264],[139.696567,38.250154],[139.696977,38.249334],[139.697609,38.248634],[139.698531,38.24807],[139.699214,38.247763],[139.699727,38.247404],[139.7,38.246892],[139.700119,38.246106],[139.699853,38.244358],[139.699471,38.2425],[139.699266,38.241065],[139.699081,38.238784],[139.699033,38.237117],[139.698883,38.236643],[139.697899,38.235843],[139.69778,38.23545],[139.698019,38.234955],[139.69835,38.23467],[139.69848,38.234442],[139.698207,38.234015],[139.697864,38.233075],[139.697841,38.23234],[139.697658,38.230888],[139.697404,38.229976],[139.696499,38.228645],[139.695954,38.227224],[139.695844,38.224599],[139.696027,38.22315],[139.695989,38.220639],[139.695882,38.219552],[139.695737,38.219187],[139.695383,38.218907],[139.694948,38.218464],[139.693865,38.217868],[139.69333,38.217187],[139.693366,38.216992],[139.694157,38.216408],[139.695362,38.215848],[139.696172,38.215046],[139.697042,38.214684],[139.69726,38.214109],[139.697152,38.211751],[139.697333,38.209768],[139.69697,38.209193],[139.696645,38.208497],[139.69639,38.207591],[139.696428,38.206895],[139.696608,38.206049],[139.697153,38.20496],[139.69871,38.202952],[139.70009,38.203268],[139.701433,38.203148],[139.703465,38.203631],[139.70517,38.204144],[139.706043,38.204267],[139.708655,38.204417],[139.710033,38.205112],[139.710287,38.205506],[139.712282,38.205989],[139.713007,38.206594],[139.715917,38.205989],[139.716172,38.205627],[139.717697,38.205021],[139.718132,38.20469],[139.719039,38.204508],[139.720382,38.204569],[139.720996,38.205294],[139.721431,38.205717],[139.723464,38.205234],[139.724189,38.203209],[139.725024,38.202875],[139.726076,38.202663],[139.726801,38.202392],[139.727853,38.202211],[139.728616,38.201817],[139.730828,38.200849],[139.732245,38.200909],[139.733078,38.201455],[139.73458,38.202059],[139.735233,38.20218],[139.736647,38.202151],[139.737917,38.202301],[139.738607,38.202272],[139.740075,38.201322],[139.741052,38.200232],[139.742214,38.200112],[139.743084,38.200172],[139.744029,38.199174],[139.744899,38.198933],[139.746024,38.197725],[139.746702,38.19678],[139.747394,38.196294],[139.748056,38.196148],[139.749451,38.196131],[139.749696,38.196087],[139.751486,38.194633],[139.751691,38.194512],[139.752781,38.193983],[139.755273,38.193069],[139.756736,38.193011],[139.757528,38.193034],[139.758293,38.193159],[139.758683,38.193296],[139.759218,38.193594],[139.759743,38.194032],[139.76102,38.195846],[139.76156,38.197102],[139.762065,38.197683],[139.762342,38.198398],[139.762547,38.198535],[139.76405,38.198942],[139.76424,38.198942],[139.76522,38.198446],[139.765627,38.198358],[139.76654,38.198208],[139.767572,38.198267],[139.767962,38.19826],[139.768259,38.1982],[139.769172,38.197673],[139.769567,38.197479],[139.769892,38.197386],[139.770274,38.197369],[139.770724,38.197425],[139.771067,38.197523],[139.771407,38.197775],[139.771559,38.197836],[139.772267,38.197896],[139.773092,38.198044],[139.773362,38.198131],[139.773739,38.198336],[139.774202,38.198425],[139.774902,38.198381],[139.775869,38.198184],[139.776186,38.198086],[139.776351,38.197969],[139.776574,38.197661],[139.777196,38.197188],[139.779069,38.19598],[139.779319,38.195761],[139.780019,38.195386],[139.780381,38.195138],[139.780606,38.194924],[139.780944,38.194484],[139.781029,38.194072],[139.781161,38.19384],[139.781479,38.193586],[139.781781,38.193511],[139.782066,38.193536],[139.782371,38.193734],[139.782669,38.193759],[139.783814,38.19333],[139.785684,38.192405],[139.786074,38.192318],[139.786304,38.192341],[139.786409,38.192532],[139.786404,38.193474],[139.786521,38.194074],[139.788441,38.19542],[139.788916,38.195815],[139.789038,38.196038],[139.789123,38.196661],[139.789191,38.196859],[139.790518,38.198063],[139.79134,38.198403],[139.79361,38.198534],[139.793843,38.198607],[139.795917,38.200917],[139.796177,38.201096],[139.796612,38.201305],[139.797147,38.201455],[139.798287,38.20168],[139.800194,38.202415],[139.800777,38.202784],[139.801207,38.203125],[139.801284,38.20325],[139.801337,38.20374],[139.801294,38.204546],[139.801407,38.204961],[139.802469,38.206479],[139.804811,38.206783],[139.805704,38.206763],[139.806594,38.20685],[139.806859,38.20706],[139.807236,38.207527],[139.807971,38.208267],[139.808578,38.208587],[139.809176,38.208792],[139.809501,38.209275],[139.809998,38.210464],[139.810353,38.210962],[139.810756,38.211314],[139.811033,38.211462],[139.811363,38.211566],[139.812555,38.211677],[139.812063,38.212713],[139.81189,38.213245],[139.812353,38.214901],[139.812191,38.216661],[139.811982,38.216892],[139.81281,38.219463],[139.813366,38.220435],[139.813645,38.220759],[139.814177,38.221141],[139.81438,38.221651],[139.814391,38.223434],[139.814438,38.223978],[139.814669,38.22465],[139.815214,38.225518],[139.81541,38.22605],[139.816146,38.229072],[139.81625,38.229999],[139.816157,38.230439],[139.815862,38.23089],[139.815341,38.231376],[139.814947,38.231886],[139.814889,38.232372],[139.814982,38.23302],[139.814774,38.23412],[139.814351,38.235834],[139.814455,38.236401],[139.81442,38.2372],[139.814154,38.238057],[139.813662,38.239307],[139.813373,38.239805],[139.811079,38.239979],[139.810442,38.239793],[139.810101,38.239759],[139.809476,38.239932],[139.80892,38.240187],[139.808364,38.240291],[139.807588,38.240326],[139.806147,38.240176],[139.805255,38.240396],[139.804873,38.240546],[139.8036,38.240592],[139.801811,38.241553],[139.801197,38.241681],[139.800642,38.241669],[139.798181,38.240882],[139.797591,38.240836],[139.794054,38.241438],[139.792931,38.241843],[139.792295,38.242338],[139.791918,38.245215],[139.791993,38.246137],[139.792125,38.246637],[139.792357,38.247144],[139.792707,38.247573],[139.793652,38.248555],[139.795643,38.25026],[139.796333,38.250742],[139.798234,38.251523],[139.799171,38.252369],[139.798489,38.252627],[139.797619,38.253154],[139.796702,38.253351],[139.795962,38.253435],[139.794739,38.253504],[139.792161,38.25302],[139.791751,38.254608],[139.791803,38.255038],[139.792617,38.257238],[139.792435,38.257511],[139.792044,38.25781],[139.791562,38.258578],[139.791185,38.259529],[139.790781,38.261026],[139.790202,38.261937],[139.790176,38.26264],[139.790397,38.263629],[139.790801,38.264788],[139.791283,38.265465],[139.790918,38.265608],[139.79002,38.265842],[139.789525,38.266194],[139.789258,38.266584],[139.788868,38.267495],[139.788575,38.268342],[139.788263,38.268745],[139.786011,38.270333],[139.785151,38.271609],[139.784657,38.271986],[139.782937,38.272691],[139.782319,38.273068],[139.781914,38.273386],[139.780715,38.27375],[139.779834,38.271337],[139.778693,38.267219],[139.777281,38.267417],[139.776795,38.267295],[139.776506,38.267128],[139.775785,38.266126],[139.77498,38.265639],[139.773734,38.265184],[139.772823,38.264941],[139.771813,38.265123],[139.770719,38.265017],[139.76958,38.265017],[139.768137,38.265199],[139.765161,38.26526],[139.765221,38.266293],[139.765434,38.2669],[139.765798,38.267249],[139.76696,38.267903],[139.767629,38.268343],[139.768236,38.269315],[139.768935,38.269816],[139.769178,38.27015],[139.769284,38.270606],[139.769299,38.271441],[139.76936,38.271882],[139.769633,38.272246],[139.769937,38.272808],[139.77018,38.273583],[139.77015,38.274039],[139.769884,38.274357],[139.769413,38.275132],[139.769094,38.2758],[139.768775,38.27618],[139.767925,38.276818],[139.76753,38.277425],[139.766474,38.278185],[139.767219,38.278519],[139.767826,38.279111],[139.768327,38.280448],[139.768798,38.280797],[139.76898,38.281177],[139.76917,38.28385],[139.76914,38.284746],[139.768958,38.285323],[139.768289,38.286159],[139.766953,38.287647],[139.766004,38.289014],[139.765624,38.289956],[139.765426,38.290685],[139.7657,38.291687],[139.766125,38.292705],[139.767287,38.294011],[139.768259,38.295256],[139.76832,38.297823],[139.769436,38.300405],[139.769922,38.301316],[139.769968,38.302076],[139.76977,38.302395],[139.769239,38.302987],[139.769178,38.303427],[139.769504,38.30667],[139.769315,38.307486],[139.769011,38.30817],[139.768878,38.308664],[139.769011,38.308891],[139.769713,38.309727],[139.770188,38.310714],[139.770226,38.31172],[139.769979,38.31284],[139.769713,38.3136],[139.769334,38.314454],[139.769239,38.314948],[139.769296,38.315251],[139.769732,38.315764],[139.76996,38.316447],[139.770264,38.316827],[139.772979,38.318536],[139.77389,38.319276],[139.774118,38.319732],[139.77427,38.320491],[139.774336,38.321156],[139.775874,38.322466],[139.77732,38.32335],[139.778928,38.325333],[139.778928,38.32603],[139.77926,38.326576],[139.78066,38.328237],[139.782207,38.330215],[139.782274,38.331892],[139.782464,38.332366],[139.783318,38.333458],[139.784144,38.334298],[139.78464,38.335337],[139.784576,38.336733],[139.784861,38.337825],[139.785241,38.338418],[139.785953,38.33913],[139.787571,38.340604],[139.787898,38.341606],[139.788023,38.342589],[139.788039,38.342992],[139.787827,38.343876],[139.78778,38.344683],[139.787899,38.345229],[139.788302,38.345917],[139.788326,38.346439],[139.788065,38.347911],[139.78816,38.348338],[139.788349,38.348456],[139.789466,38.34882],[139.789328,38.350051],[139.788926,38.350719],[139.788551,38.351055],[139.787973,38.351346],[139.787371,38.351536],[139.786543,38.35164],[139.786041,38.351828],[139.785816,38.35208],[139.785616,38.352644],[139.785363,38.352832],[139.784611,38.352936],[139.783784,38.352977],[139.782354,38.352748],[139.781376,38.35279],[139.780599,38.352915],[139.779821,38.353102],[139.778941,38.3535],[139.778516,38.353604],[139.778039,38.353625],[139.777486,38.353583],[139.776812,38.353165],[139.776259,38.353396],[139.775354,38.35396],[139.775004,38.354044],[139.774754,38.354044],[139.772747,38.353542],[139.771642,38.353102],[139.771192,38.353019],[139.770815,38.35306],[139.7702,38.353625],[139.769725,38.354189],[139.769247,38.354587],[139.768757,38.3549],[139.767905,38.355214],[139.767467,38.355464],[139.76714,38.355779],[139.76674,38.356322],[139.765975,38.357951],[139.76556,38.358349],[139.763165,38.359897],[139.761947,38.360982],[139.761572,38.361109],[139.761199,38.361109]]],[[[139.761199,38.361109],[139.761572,38.361109],[139.761947,38.360982],[139.763165,38.359897],[139.76556,38.358349],[139.765975,38.357951],[139.76674,38.356322],[139.76714,38.355779],[139.767467,38.355464],[139.767905,38.355214],[139.768757,38.3549],[139.769247,38.354587],[139.769725,38.354189],[139.7702,38.353625],[139.770815,38.35306],[139.771192,38.353019],[139.771642,38.353102],[139.772747,38.353542],[139.774754,38.354044],[139.775004,38.354044],[139.775354,38.35396],[139.776259,38.353396],[139.776812,38.353165],[139.777486,38.353583],[139.778039,38.353625],[139.778516,38.353604],[139.778941,38.3535],[139.779821,38.353102],[139.780599,38.352915],[139.781376,38.35279],[139.782354,38.352748],[139.783784,38.352977],[139.784611,38.352936],[139.785363,38.352832],[139.785616,38.352644],[139.785816,38.35208],[139.786041,38.351828],[139.786543,38.35164],[139.787371,38.351536],[139.787973,38.351346],[139.788551,38.351055],[139.788926,38.350719],[139.789328,38.350051],[139.789466,38.34882],[139.790952,38.349068],[139.792395,38.349691],[139.794023,38.350653],[139.795423,38.351138],[139.798332,38.351745],[139.799412,38.352247],[139.80074,38.353313],[139.801092,38.353542],[139.803374,38.354837],[139.803902,38.355004],[139.804429,38.355027],[139.806048,38.354837],[139.8068,38.354816],[139.807627,38.354858],[139.80986,38.355548],[139.810662,38.355654],[139.813547,38.355633],[139.814499,38.355675],[139.815404,38.355779],[139.816482,38.355987],[139.816657,38.357075],[139.816859,38.357848],[139.817084,38.358516],[139.817409,38.359143],[139.817511,38.359645],[139.817184,38.360941],[139.817234,38.361443],[139.817511,38.362385],[139.818489,38.363764],[139.818991,38.364307],[139.820118,38.366314],[139.820118,38.366878],[139.819968,38.367401],[139.819491,38.368215],[139.819316,38.368884],[139.819191,38.369826],[139.819016,38.370546],[139.818238,38.371759],[139.818136,38.372219],[139.818086,38.372929],[139.818235,38.373703],[139.818498,38.374428],[139.81863,38.374999],[139.81852,38.375482],[139.817686,38.376295],[139.817308,38.376733],[139.817283,38.376944],[139.817383,38.377256],[139.817711,38.377633],[139.818288,38.377779],[139.819596,38.37792],[139.820563,38.377854],[139.821793,38.377569],[139.824099,38.376866],[139.825329,38.376602],[139.826075,38.376558],[139.828052,38.37669],[139.829218,38.376532],[139.830226,38.376655],[139.830995,38.377085],[139.831719,38.377305],[139.832708,38.377503],[139.835349,38.377378],[139.835804,38.377173],[139.836793,38.376954],[139.837781,38.37691],[139.839384,38.377107],[139.840024,38.377319],[139.840424,38.377215],[139.844839,38.375627],[139.846546,38.375105],[139.846921,38.374936],[139.847196,38.374727],[139.847598,38.373484],[139.847949,38.372803],[139.848411,38.372517],[139.848836,38.3724],[139.849376,38.372155],[139.84991,38.371677],[139.850135,38.371284],[139.850258,38.370651],[139.850767,38.369232],[139.851161,38.368515],[139.851105,38.368051],[139.850691,38.367454],[139.850031,38.365185],[139.849881,38.363931],[139.849881,38.363304],[139.850031,38.362887],[139.850408,38.362406],[139.850886,38.361946],[139.851863,38.361277],[139.853193,38.359992],[139.853493,38.359552],[139.853543,38.359282],[139.853468,38.357232],[139.853568,38.356878],[139.853846,38.356501],[139.854221,38.35623],[139.854973,38.355832],[139.855301,38.35558],[139.855751,38.355101],[139.856353,38.354724],[139.85708,38.354453],[139.859313,38.356542],[139.85979,38.356961],[139.860617,38.357526],[139.861145,38.358026],[139.862549,38.3602],[139.862824,38.36043],[139.865132,38.361413],[139.866136,38.362227],[139.866914,38.3625],[139.867591,38.362584],[139.868619,38.362625],[139.869321,38.36275],[139.87341,38.364361],[139.874138,38.36459],[139.875518,38.3648],[139.876193,38.365029],[139.877147,38.365594],[139.878134,38.366702],[139.87897,38.368009],[139.879926,38.370497],[139.880861,38.374011],[139.882407,38.377356],[139.882421,38.377764],[139.881859,38.378326],[139.882582,38.378227],[139.883032,38.378002],[139.883243,38.377581],[139.883327,38.376864],[139.883777,38.376766],[139.884986,38.376344],[139.887031,38.375472],[139.888549,38.374896],[139.890939,38.374278],[139.893216,38.373997],[139.894756,38.374258],[139.89739,38.375074],[139.898755,38.37558],[139.903009,38.377817],[139.905965,38.378192],[139.906847,38.378486],[139.906651,38.379156],[139.906691,38.379678],[139.906936,38.380021],[139.907296,38.380282],[139.907377,38.380641],[139.907279,38.381082],[139.906887,38.38198],[139.906887,38.382682],[139.907181,38.383695],[139.907638,38.384348],[139.908643,38.385295],[139.909165,38.386536],[139.909818,38.387646],[139.91083,38.388544],[139.912528,38.389279],[139.913361,38.389344],[139.913998,38.389523],[139.914333,38.39016],[139.914708,38.39065],[139.915231,38.391205],[139.916831,38.39225],[139.917761,38.393295],[139.917084,38.394193],[139.916349,38.395042],[139.915973,38.395907],[139.915729,38.397475],[139.915484,38.39834],[139.913418,38.401638],[139.913124,38.402471],[139.912912,38.404038],[139.913206,38.406389],[139.913173,38.406683],[139.912651,38.406389],[139.912145,38.405851],[139.91079,38.405034],[139.910365,38.404953],[139.909777,38.405002],[139.909059,38.404838],[139.908879,38.405002],[139.908765,38.405377],[139.909051,38.405785],[139.909769,38.406536],[139.91039,38.408185],[139.91083,38.408545],[139.911157,38.409051],[139.911043,38.409475],[139.910585,38.410128],[139.910014,38.410765],[139.909965,38.411337],[139.909622,38.411973],[139.908022,38.412545],[139.907336,38.413133],[139.907124,38.413704],[139.907055,38.414288],[139.906814,38.415099],[139.906497,38.414775],[139.904983,38.41409],[139.903541,38.413804],[139.90257,38.413676],[139.901485,38.413205],[139.900072,38.412448],[139.899108,38.412077],[139.898366,38.411848],[139.897595,38.411791],[139.896353,38.41212],[139.895397,38.412448],[139.89489,38.412534],[139.892834,38.412205],[139.891292,38.412476],[139.888758,38.412662],[139.88696,38.412648],[139.885196,38.412391],[139.884654,38.412505],[139.883598,38.413461],[139.882998,38.413704],[139.882099,38.413833],[139.881428,38.413776],[139.879565,38.413776],[139.878565,38.413975],[139.876881,38.414447],[139.871609,38.416365],[139.869509,38.417342],[139.869154,38.417365],[139.868989,38.417206],[139.868662,38.416365],[139.868799,38.416092],[139.869044,38.415957],[139.869809,38.415707],[139.869917,38.415615],[139.869889,38.414934],[139.869589,38.413842],[139.869944,38.413319],[139.870572,38.412797],[139.871144,38.412501],[139.872181,38.412228],[139.872454,38.412115],[139.872481,38.411888],[139.872289,38.411228],[139.872182,38.410093],[139.871964,38.40982],[139.871664,38.409616],[139.871582,38.409387],[139.871582,38.408978],[139.871717,38.408797],[139.872644,38.40841],[139.873164,38.407501],[139.873382,38.407387],[139.873872,38.407364],[139.874964,38.407433],[139.875399,38.40741],[139.875781,38.407297],[139.878836,38.405387],[139.879409,38.405183],[139.880008,38.405068],[139.881318,38.404956],[139.881756,38.404729],[139.882001,38.40441],[139.881973,38.404002],[139.881456,38.403206],[139.881373,38.402933],[139.881508,38.402615],[139.882573,38.401773],[139.882873,38.401388],[139.882983,38.400888],[139.882846,38.400477],[139.882273,38.399704],[139.882163,38.399205],[139.882163,38.398661],[139.882295,38.397731],[139.882476,38.397445],[139.882717,38.397219],[139.882928,38.396797],[139.882852,38.396406],[139.882506,38.396165],[139.881908,38.39592],[139.881178,38.395497],[139.880731,38.39472],[139.880402,38.394414],[139.879814,38.394132],[139.878967,38.393873],[139.878496,38.393614],[139.877937,38.392972],[139.877664,38.392157],[139.874964,38.393938],[139.874223,38.395219],[139.87377,38.397254],[139.872914,38.396867],[139.871864,38.396737],[139.870616,38.396766],[139.868662,38.397167],[139.868074,38.397637],[139.86758,38.39792],[139.866616,38.398061],[139.865792,38.398461],[139.864616,38.399496],[139.863769,38.39999],[139.861346,38.400461],[139.860475,38.400696],[139.859475,38.40119],[139.857875,38.402131],[139.855876,38.402766],[139.85477,38.402931],[139.853476,38.403213],[139.851841,38.403472],[139.850876,38.403425],[139.849982,38.403519],[139.849018,38.40406],[139.848547,38.404225],[139.846571,38.403119],[139.844513,38.402202],[139.844348,38.401943],[139.844207,38.400955],[139.844183,38.399684],[139.844066,38.39919],[139.843548,38.398531],[139.843266,38.397732],[139.843148,38.397214],[139.84303,38.395897],[139.842866,38.395308],[139.841995,38.394414],[139.841266,38.393379],[139.840419,38.39265],[139.839337,38.392744],[139.838563,38.393074],[139.837199,38.393827],[139.836366,38.39413],[139.836134,38.394732],[139.835841,38.395278],[139.835747,38.396082],[139.83497,38.397197],[139.834114,38.39826],[139.833543,38.399531],[139.833129,38.399712],[139.831443,38.399997],[139.830642,38.400205],[139.829747,38.401048],[139.828764,38.401656],[139.82793,38.402538],[139.826945,38.402953],[139.825804,38.403264],[139.823756,38.403083],[139.822045,38.402772],[139.820593,38.402927],[139.819659,38.402901],[139.8187,38.402564],[139.817067,38.402616],[139.815783,38.402901],[139.814534,38.40268],[139.813502,38.40259],[139.812413,38.402668],[139.811842,38.402875],[139.812285,38.403914],[139.814125,38.40569],[139.814658,38.406345],[139.814797,38.406813],[139.814798,38.407282],[139.814293,38.408567],[139.81418,38.409317],[139.814855,38.414135],[139.815387,38.415527],[139.81508,38.415737],[139.814685,38.415831],[139.81404,38.415902],[139.814175,38.416694],[139.814669,38.4178],[139.814693,38.418505],[139.814175,38.419705],[139.813611,38.420364],[139.812223,38.421093],[139.811893,38.422128],[139.811372,38.423011],[139.811242,38.423532],[139.811784,38.426033],[139.811422,38.426082],[139.810551,38.425425],[139.809383,38.424241],[139.804672,38.418503],[139.804294,38.417895],[139.804179,38.417549],[139.804245,38.416826],[139.802855,38.414228],[139.802855,38.413932],[139.80302,38.413488],[139.803381,38.413143],[139.803414,38.412814],[139.803201,38.412337],[139.802411,38.41163],[139.802025,38.410973],[139.801778,38.410151],[139.801219,38.40974],[139.800627,38.40951],[139.799953,38.409345],[139.799592,38.409197],[139.799131,38.408572],[139.798408,38.40775],[139.797816,38.407471],[139.797504,38.406895],[139.797273,38.406731],[139.796665,38.406632],[139.795818,38.406287],[139.794371,38.40512],[139.793993,38.405021],[139.792629,38.405087],[139.791856,38.405235],[139.7905,38.405613],[139.790039,38.405662],[139.789595,38.405547],[139.788412,38.405087],[139.787178,38.404528],[139.786488,38.403903],[139.785641,38.402374],[139.785082,38.400565],[139.784688,38.400237],[139.784227,38.400039],[139.784063,38.399743],[139.784079,38.399332],[139.784326,38.398773],[139.784359,38.398444],[139.783627,38.395337],[139.783446,38.392443],[139.783117,38.39195],[139.781449,38.390964],[139.780758,38.390355],[139.77941,38.388711],[139.778982,38.387988],[139.778851,38.387379],[139.778818,38.386903],[139.7789,38.38636],[139.778538,38.386113],[139.777338,38.385571],[139.776755,38.385061],[139.775752,38.384058],[139.775012,38.383565],[139.772611,38.382645],[139.77137,38.382053],[139.770515,38.381462],[139.76994,38.380968],[139.768542,38.378042],[139.768008,38.37745],[139.766758,38.376759],[139.76564,38.37625],[139.76564,38.376003],[139.765805,38.375608],[139.766068,38.374047],[139.766249,38.373372],[139.766101,38.372994],[139.765517,38.372353],[139.765254,38.371876],[139.765303,38.37158],[139.765583,38.371268],[139.766125,38.37084],[139.766323,38.370594],[139.766273,38.370413],[139.765632,38.369936],[139.764958,38.368851],[139.764251,38.367306],[139.763774,38.366895],[139.762681,38.366089],[139.761513,38.365448],[139.760774,38.364922],[139.760412,38.364478],[139.75982,38.36359],[139.759705,38.363113],[139.759787,38.362768],[139.760182,38.362176],[139.761199,38.361109]]],[[[139.772302,37.774905],[139.772374,37.774472],[139.772737,37.773953],[139.773354,37.773385],[139.774064,37.772579],[139.7742,37.772088],[139.774146,37.771296],[139.773968,37.770558],[139.773886,37.769712],[139.7739,37.768742],[139.773994,37.768229],[139.774252,37.768099],[139.774817,37.76797],[139.775152,37.767629],[139.775409,37.767114],[139.775409,37.766558],[139.775229,37.765893],[139.775049,37.765508],[139.774767,37.765466],[139.774534,37.765508],[139.774354,37.765445],[139.773994,37.76491],[139.773919,37.76446],[139.773636,37.763875],[139.773586,37.762905],[139.773922,37.761835],[139.774183,37.761325],[139.774768,37.760752],[139.775577,37.760292],[139.775767,37.759129],[139.775484,37.758979],[139.774767,37.758444],[139.774485,37.758058],[139.774227,37.757352],[139.774125,37.756046],[139.774252,37.755319],[139.774633,37.75525],[139.776018,37.755651],[139.776367,37.7557],[139.778694,37.754892],[139.780243,37.754456],[139.780815,37.754232],[139.782221,37.752963],[139.782669,37.752254],[139.782868,37.751619],[139.783005,37.749379],[139.783242,37.749056],[139.783565,37.749018],[139.7841,37.74918],[139.784523,37.749404],[139.784648,37.749777],[139.784598,37.750412],[139.784474,37.751121],[139.784623,37.75132],[139.786626,37.752005],[139.786838,37.752204],[139.786999,37.752565],[139.787335,37.753722],[139.788169,37.754879],[139.788381,37.755439],[139.788505,37.756186],[139.788574,37.757318],[139.7883,37.759346],[139.788101,37.760391],[139.788119,37.760852],[139.788306,37.761586],[139.788576,37.762209],[139.789214,37.763415],[139.789538,37.763788],[139.789973,37.764062],[139.790558,37.764563],[139.791412,37.767081],[139.792437,37.767696],[139.791417,37.76945],[139.79128,37.770035],[139.791379,37.770408],[139.79174,37.770645],[139.792151,37.770769],[139.793097,37.770881],[139.793793,37.77103],[139.794764,37.771329],[139.795461,37.771761],[139.795884,37.772175],[139.795971,37.772436],[139.795784,37.772897],[139.795772,37.773158],[139.795983,37.773419],[139.796133,37.773755],[139.796095,37.773954],[139.795772,37.774514],[139.795598,37.775099],[139.795623,37.775871],[139.794963,37.776194],[139.794503,37.776219],[139.794229,37.77612],[139.793868,37.775796],[139.793395,37.775784],[139.792207,37.776207],[139.791124,37.776505],[139.790228,37.776567],[139.789146,37.776343],[139.788499,37.776132],[139.78769,37.77602],[139.786541,37.776123],[139.786183,37.776232],[139.786152,37.776449],[139.786323,37.777414],[139.786261,37.778036],[139.786105,37.778565],[139.785872,37.778891],[139.78504,37.778943],[139.783935,37.77892],[139.780521,37.778086],[139.780133,37.778063],[139.778696,37.778128],[139.778336,37.778086],[139.777873,37.777913],[139.777308,37.777528],[139.776024,37.77648],[139.775511,37.776115],[139.774354,37.775815],[139.774071,37.775645],[139.773574,37.775224],[139.773329,37.775124],[139.772302,37.774905]]],[[[139.775874,38.322466],[139.77576,38.32089],[139.775798,38.320188],[139.776102,38.319618],[139.777503,38.318646],[139.778473,38.317775],[139.77892,38.317513],[139.779423,38.317311],[139.78067,38.31714],[139.780962,38.317],[139.782197,38.315805],[139.782535,38.315555],[139.783055,38.315278],[139.784732,38.314745],[139.785517,38.314417],[139.785727,38.314303],[139.786952,38.313224],[139.78723,38.313089],[139.787275,38.313511],[139.787067,38.315536],[139.787459,38.316846],[139.787644,38.317155],[139.787877,38.317405],[139.788409,38.317578],[139.788824,38.31804],[139.789339,38.318405],[139.789657,38.31853],[139.790719,38.319165],[139.791017,38.319444],[139.791204,38.319863],[139.791091,38.320081],[139.790289,38.320563],[139.790049,38.320779],[139.789889,38.321027],[139.789704,38.321623],[139.794324,38.321936],[139.794994,38.321936],[139.795551,38.321813],[139.796018,38.321579],[139.797098,38.320819],[139.797731,38.32054],[139.798308,38.320369],[139.80427,38.319101],[139.804745,38.319088],[139.805323,38.319165],[139.807296,38.319803],[139.807706,38.319817],[139.808208,38.319663],[139.809081,38.319119],[139.810053,38.318809],[139.809923,38.318422],[139.809291,38.317178],[139.809151,38.316788],[139.808966,38.316114],[139.808896,38.315632],[139.808874,38.314591],[139.809288,38.314649],[139.811323,38.315439],[139.812123,38.31532],[139.813864,38.31532],[139.814582,38.31548],[139.815185,38.315805],[139.815555,38.315882],[139.816088,38.315901],[139.815791,38.315068],[139.81545,38.314612],[139.814429,38.314078],[139.81345,38.31346],[139.812971,38.31292],[139.812448,38.312158],[139.811871,38.311691],[139.810631,38.310835],[139.809821,38.31045],[139.808386,38.309598],[139.807122,38.308967],[139.806603,38.308488],[139.806393,38.307206],[139.805956,38.306685],[139.805563,38.306423],[139.804186,38.305911],[139.803458,38.305475],[139.80187,38.304895],[139.800991,38.304336],[139.80151,38.304056],[139.80191,38.303597],[139.802096,38.301994],[139.801056,38.301517],[139.800051,38.300896],[139.798924,38.300051],[139.798384,38.299615],[139.797919,38.299074],[139.797564,38.298405],[139.79596,38.29332],[139.795822,38.292593],[139.79586,38.292205],[139.796385,38.290999],[139.79642,38.290637],[139.796085,38.28986],[139.79562,38.28941],[139.793533,38.28837],[139.792508,38.287937],[139.7918,38.287704],[139.791038,38.287673],[139.790663,38.28751],[139.790548,38.287337],[139.790503,38.287143],[139.790693,38.286608],[139.790693,38.286067],[139.790505,38.28546],[139.790021,38.284483],[139.789556,38.284063],[139.789501,38.283752],[139.789648,38.283413],[139.789648,38.282931],[139.789481,38.282465],[139.789203,38.281984],[139.788773,38.281425],[139.787106,38.279569],[139.786883,38.279228],[139.786661,38.278763],[139.785711,38.278265],[139.785253,38.277927],[139.784683,38.27711],[139.783639,38.276142],[139.780772,38.274319],[139.780715,38.27375],[139.781914,38.273386],[139.782319,38.273068],[139.782937,38.272691],[139.784657,38.271986],[139.785151,38.271609],[139.786011,38.270333],[139.788263,38.268745],[139.788575,38.268342],[139.788868,38.267495],[139.789258,38.266584],[139.789525,38.266194],[139.79002,38.265842],[139.790918,38.265608],[139.791283,38.265465],[139.790801,38.264788],[139.790397,38.263629],[139.790176,38.26264],[139.790202,38.261937],[139.790781,38.261026],[139.791185,38.259529],[139.791562,38.258578],[139.792044,38.25781],[139.792435,38.257511],[139.792617,38.257238],[139.791803,38.255038],[139.791751,38.254608],[139.792161,38.25302],[139.794739,38.253504],[139.795962,38.253435],[139.79719,38.253246],[139.798292,38.253944],[139.798878,38.254426],[139.799412,38.255298],[139.800017,38.255702],[139.80059,38.255897],[139.801072,38.256587],[139.801866,38.257446],[139.802035,38.257784],[139.801801,38.25811],[139.801814,38.258305],[139.804027,38.258774],[139.804241,38.259151],[139.804372,38.260544],[139.80471,38.261091],[139.805048,38.26152],[139.805114,38.262236],[139.805686,38.262236],[139.80704,38.261742],[139.807847,38.261703],[139.808596,38.261807],[139.810107,38.261664],[139.809963,38.263161],[139.80999,38.263499],[139.810237,38.263785],[139.81146,38.26415],[139.81146,38.264384],[139.811187,38.264801],[139.811838,38.265178],[139.812411,38.264449],[139.81273,38.263473],[139.812782,38.262523],[139.812886,38.261703],[139.813355,38.261039],[139.813563,38.26001],[139.813908,38.259242],[139.814572,38.258201],[139.814428,38.257576],[139.814012,38.257082],[139.813348,38.256639],[139.811968,38.256313],[139.812351,38.255595],[139.813631,38.255272],[139.814191,38.25522],[139.814984,38.255239],[139.815161,38.255185],[139.815791,38.254764],[139.816149,38.254625],[139.819631,38.254258],[139.819923,38.254154],[139.821058,38.253366],[139.821268,38.253123],[139.821436,38.252806],[139.821476,38.252073],[139.821581,38.251827],[139.823806,38.250098],[139.823973,38.249888],[139.824078,38.249625],[139.824171,38.248769],[139.824308,38.248507],[139.824816,38.247836],[139.825526,38.247042],[139.827206,38.24553],[139.825654,38.244905],[139.824561,38.244363],[139.824289,38.244188],[139.823911,38.24377],[139.823791,38.243584],[139.823749,38.243357],[139.823806,38.243122],[139.823974,38.242911],[139.825891,38.241532],[139.826876,38.240618],[139.827281,38.240135],[139.827579,38.239664],[139.828076,38.238681],[139.828339,38.237406],[139.828349,38.2368],[139.828149,38.235708],[139.827811,38.234879],[139.827751,38.234171],[139.828024,38.232973],[139.828134,38.232858],[139.828526,38.233542],[139.828736,38.233681],[139.829961,38.233775],[139.831266,38.233694],[139.832106,38.2335],[139.832633,38.233311],[139.834778,38.232057],[139.835068,38.23178],[139.835221,38.231505],[139.835323,38.231223],[139.835384,38.230857],[139.835361,38.230446],[139.835273,38.230019],[139.834772,38.228904],[139.835085,38.228585],[139.835547,38.228226],[139.835717,38.227782],[139.835615,38.227236],[139.835391,38.226876],[139.835209,38.226588],[139.834834,38.226365],[139.836611,38.224678],[139.837032,38.224503],[139.838416,38.223513],[139.838656,38.223253],[139.839201,38.223535],[139.839939,38.22382],[139.840886,38.224001],[139.842091,38.223968],[139.843241,38.223776],[139.844073,38.223787],[139.846393,38.224412],[139.84695,38.224645],[139.847735,38.225231],[139.84903,38.225726],[139.850203,38.226395],[139.850815,38.226616],[139.851722,38.226749],[139.854072,38.227751],[139.856875,38.229076],[139.857597,38.229497],[139.858164,38.229934],[139.858487,38.230305],[139.858769,38.230499],[139.859917,38.23084],[139.860694,38.231442],[139.861232,38.232449],[139.862476,38.233518],[139.861569,38.234133],[139.860934,38.237002],[139.861107,38.237348],[139.861107,38.237618],[139.860665,38.237887],[139.860299,38.23833],[139.86028,38.238696],[139.861646,38.23935],[139.861358,38.239812],[139.861165,38.240467],[139.861165,38.241025],[139.861319,38.241237],[139.8613,38.242276],[139.861435,38.242623],[139.861338,38.242892],[139.860934,38.243104],[139.860876,38.243277],[139.861146,38.243605],[139.861415,38.243836],[139.861213,38.244721],[139.860867,38.244914],[139.860809,38.245106],[139.861309,38.245626],[139.861194,38.245973],[139.860847,38.246127],[139.860462,38.246069],[139.859962,38.246858],[139.858826,38.246954],[139.858441,38.247205],[139.858614,38.247647],[139.858711,38.248206],[139.858614,38.248918],[139.858422,38.249072],[139.858268,38.249476],[139.858268,38.249938],[139.857941,38.250265],[139.857498,38.250554],[139.856872,38.251959],[139.8582,38.252364],[139.858643,38.252441],[139.858932,38.252325],[139.859144,38.253268],[139.859278,38.253615],[139.859509,38.253846],[139.859298,38.254019],[139.857989,38.254269],[139.857873,38.254366],[139.858143,38.254789],[139.8582,38.255232],[139.858008,38.255598],[139.858027,38.256387],[139.858143,38.257157],[139.858393,38.257869],[139.860174,38.260526],[139.860212,38.261007],[139.85925,38.261026],[139.858249,38.26016],[139.856131,38.259024],[139.853417,38.258197],[139.851915,38.25785],[139.851001,38.257504],[139.849461,38.257465],[139.848363,38.257504],[139.847632,38.257427],[139.847266,38.257658],[139.846535,38.258832],[139.84538,38.260853],[139.844898,38.263028],[139.8446,38.264087],[139.843965,38.264472],[139.842906,38.264915],[139.842155,38.265762],[139.841789,38.266397],[139.841732,38.266725],[139.842097,38.268611],[139.84204,38.268881],[139.841462,38.268881],[139.840038,38.268457],[139.838979,38.267899],[139.83791,38.267649],[139.837314,38.267668],[139.837699,38.268457],[139.838064,38.269978],[139.837987,38.271075],[139.837025,38.273173],[139.836967,38.273751],[139.837352,38.274868],[139.837651,38.276292],[139.836438,38.279757],[139.835123,38.282849],[139.834496,38.283432],[139.834261,38.283863],[139.833138,38.28504],[139.832598,38.285278],[139.832361,38.285461],[139.832191,38.285653],[139.831998,38.286167],[139.831706,38.286559],[139.830171,38.286996],[139.829389,38.287467],[139.829126,38.287523],[139.828209,38.287546],[139.827951,38.287611],[139.827481,38.287819],[139.826899,38.288173],[139.826546,38.288275],[139.825884,38.288275],[139.825639,38.288348],[139.825324,38.288554],[139.824784,38.288802],[139.824394,38.288842],[139.823749,38.288659],[139.822759,38.28865],[139.822501,38.288534],[139.821794,38.288392],[139.821326,38.288363],[139.820809,38.288419],[139.820687,38.288544],[139.820624,38.288692],[139.820587,38.289063],[139.820542,38.289131],[139.820227,38.289317],[139.819854,38.289804],[139.819597,38.289956],[139.819157,38.290048],[139.819044,38.29015],[139.818944,38.290363],[139.818717,38.290525],[139.818394,38.290544],[139.818259,38.290475],[139.81754,38.290407],[139.817181,38.290432],[139.816848,38.290817],[139.816181,38.291906],[139.815335,38.29247],[139.81513,38.292791],[139.815002,38.293329],[139.814694,38.294188],[139.814771,38.294906],[139.814938,38.295572],[139.815214,38.298495],[139.815521,38.300046],[139.815995,38.301328],[139.817027,38.302866],[139.817848,38.302174],[139.818732,38.301763],[139.819347,38.301648],[139.820065,38.301251],[139.821469,38.300956],[139.822058,38.300905],[139.822622,38.301033],[139.821789,38.302545],[139.821161,38.303802],[139.82102,38.304327],[139.82102,38.304827],[139.821392,38.305647],[139.822616,38.307416],[139.822731,38.309429],[139.822885,38.309967],[139.824084,38.311813],[139.824237,38.312479],[139.824173,38.313133],[139.824032,38.313607],[139.823366,38.31412],[139.822981,38.314684],[139.822622,38.315633],[139.822424,38.316427],[139.822154,38.316953],[139.821565,38.317517],[139.821462,38.317824],[139.821437,38.318453],[139.821578,38.318991],[139.821783,38.31944],[139.822577,38.320093],[139.823808,38.320593],[139.824443,38.321003],[139.825032,38.32158],[139.82666,38.322426],[139.830076,38.323798],[139.830781,38.324233],[139.832108,38.325502],[139.832902,38.326002],[139.833825,38.326836],[139.834723,38.32777],[139.835536,38.328321],[139.835972,38.328527],[139.836536,38.328629],[139.837267,38.328539],[139.83728,38.329078],[139.837508,38.329939],[139.837699,38.330294],[139.838247,38.330753],[139.837315,38.331474],[139.836855,38.332235],[139.836494,38.333116],[139.835333,38.333597],[139.835072,38.333837],[139.834852,38.334238],[139.834552,38.334498],[139.834031,38.334758],[139.83351,38.33586],[139.833397,38.336257],[139.833634,38.33663],[139.833593,38.336877],[139.83239,38.338788],[139.83188,38.340237],[139.830166,38.3406],[139.830101,38.341291],[139.82987,38.342165],[139.829672,38.342593],[139.829359,38.343071],[139.82898,38.343202],[139.828223,38.343071],[139.827347,38.342712],[139.827606,38.344931],[139.828561,38.344512],[139.829238,38.344345],[139.829891,38.344262],[139.831571,38.344241],[139.836638,38.343968],[139.837038,38.343906],[139.83739,38.343781],[139.837615,38.343614],[139.838268,38.342945],[139.838495,38.342925],[139.839373,38.342925],[139.841455,38.343216],[139.845067,38.343446],[139.845392,38.343573],[139.845882,38.34416],[139.847008,38.345106],[139.848053,38.345449],[139.849015,38.345628],[139.849897,38.345547],[139.850647,38.345286],[139.851724,38.344829],[139.852377,38.343915],[139.852417,38.343321],[139.85223,38.342463],[139.852034,38.341924],[139.851757,38.341418],[139.851382,38.340994],[139.851186,38.340635],[139.851284,38.340048],[139.851169,38.339428],[139.850843,38.33871],[139.850859,38.338416],[139.851217,38.338188],[139.853168,38.336637],[139.854278,38.336148],[139.855795,38.335984],[139.859377,38.333782],[139.86114,38.33215],[139.862396,38.331628],[139.864305,38.3306],[139.865464,38.329767],[139.866598,38.328511],[139.867805,38.327075],[139.868279,38.326292],[139.868817,38.324595],[139.869258,38.323681],[139.869633,38.323224],[139.871591,38.322033],[139.875361,38.319911],[139.877426,38.318922],[139.877913,38.318516],[139.878196,38.318187],[139.878603,38.317549],[139.878742,38.317245],[139.881037,38.319215],[139.882902,38.320613],[139.88524,38.322586],[139.885555,38.323345],[139.885879,38.324447],[139.88612,38.324826],[139.887189,38.325345],[139.888337,38.325715],[139.889662,38.326021],[139.890212,38.326234],[139.890675,38.326669],[139.891296,38.327724],[139.891703,38.32816],[139.892268,38.328521],[139.89274,38.328706],[139.893134,38.328697],[139.894578,38.328336],[139.895523,38.328169],[139.896175,38.32816],[139.897574,38.328391],[139.898379,38.32865],[139.899041,38.329095],[139.899809,38.329698],[139.900254,38.330187],[139.901069,38.3314],[139.901467,38.333808],[139.901615,38.33416],[139.902078,38.334567],[139.903421,38.335215],[139.90395,38.335401],[139.904674,38.336062],[139.906107,38.339049],[139.906773,38.339881],[139.906859,38.340328],[139.906412,38.341604],[139.906422,38.342011],[139.906514,38.342271],[139.906792,38.34266],[139.9072,38.342956],[139.90794,38.344549],[139.908371,38.345363],[139.908426,38.345836],[139.908084,38.346521],[139.9075,38.347206],[139.906968,38.348011],[139.906959,38.34828],[139.90719,38.348873],[139.908709,38.350511],[139.910167,38.351752],[139.910871,38.352215],[139.911778,38.35265],[139.91244,38.353104],[139.912903,38.35365],[139.913338,38.354558],[139.913783,38.355882],[139.914306,38.3569],[139.91488,38.357604],[139.916121,38.358632],[139.91719,38.359623],[139.91769,38.360419],[139.917959,38.361271],[139.917977,38.362002],[139.917723,38.362567],[139.918676,38.363734],[139.920195,38.365345],[139.920625,38.366113],[139.92082,38.366789],[139.920783,38.367419],[139.920653,38.367826],[139.920079,38.368456],[139.918195,38.370298],[139.916014,38.372919],[139.915533,38.373354],[139.915737,38.374613],[139.915491,38.375687],[139.915167,38.376622],[139.91475,38.377576],[139.913875,38.378697],[139.913644,38.379085],[139.913681,38.379502],[139.914431,38.380798],[139.914352,38.381132],[139.914158,38.3814],[139.914093,38.381761],[139.914343,38.382261],[139.915287,38.383039],[139.915278,38.383521],[139.915417,38.384021],[139.91563,38.38428],[139.916223,38.384465],[139.917292,38.38453],[139.917977,38.384743],[139.918542,38.385067],[139.919227,38.385835],[139.919996,38.386845],[139.92076,38.387632],[139.922037,38.388345],[139.922362,38.388585],[139.922704,38.389141],[139.92369,38.391502],[139.924477,38.392576],[139.924764,38.393215],[139.924834,38.394002],[139.924695,38.394428],[139.923074,38.394039],[139.922426,38.395659],[139.922334,38.396169],[139.922598,38.397382],[139.922653,38.398021],[139.922487,38.398687],[139.921649,38.400613],[139.920649,38.402289],[139.920098,38.403372],[139.919912,38.4039],[139.919903,38.404289],[139.920107,38.405067],[139.920315,38.406178],[139.920278,38.407067],[139.920139,38.407659],[139.919713,38.408298],[139.919223,38.408845],[139.918042,38.409965],[139.917987,38.410224],[139.918857,38.411354],[139.919338,38.412215],[139.919491,38.413391],[139.919426,38.414493],[139.919306,38.415335],[139.919338,38.415715],[139.919533,38.415956],[139.921199,38.416076],[139.923463,38.416085],[139.924287,38.416132],[139.925237,38.416882],[139.925625,38.417122],[139.92657,38.417326],[139.926524,38.418502],[139.926672,38.41878],[139.927181,38.419382],[139.927649,38.41953],[139.928528,38.418808],[139.928769,38.418761],[139.929922,38.419095],[139.930561,38.419576],[139.931024,38.420548],[139.931449,38.421243],[139.932283,38.422178],[139.932815,38.42315],[139.932973,38.423659],[139.933,38.424511],[139.932899,38.425233],[139.932959,38.425826],[139.933209,38.426261],[139.933857,38.426872],[139.934653,38.427789],[139.935084,38.428909],[139.935269,38.430345],[139.935556,38.43103],[139.936,38.4314],[139.937042,38.431872],[139.938385,38.432882],[139.938625,38.43328],[139.938713,38.433724],[139.938556,38.434289],[139.938065,38.435002],[139.937926,38.435613],[139.937723,38.437002],[139.937186,38.437993],[139.936866,38.43952],[139.936848,38.440039],[139.937255,38.441039],[139.937565,38.441983],[139.937584,38.442622],[139.937463,38.443372],[139.937037,38.44427],[139.936727,38.445141],[139.936727,38.446132],[139.937014,38.447557],[139.93819,38.448335],[139.940093,38.449419],[139.942468,38.451317],[139.942776,38.45161],[139.943283,38.452234],[139.942531,38.452205],[139.941653,38.452416],[139.940212,38.453252],[139.940023,38.453414],[139.937102,38.450926],[139.936453,38.450538],[139.935848,38.45042],[139.934815,38.450744],[139.932964,38.451172],[139.932019,38.451201],[139.930721,38.451083],[139.930087,38.450965],[139.928545,38.451319],[139.927852,38.451673],[139.927675,38.452116],[139.927985,38.452559],[139.928398,38.453282],[139.928545,38.454108],[139.928767,38.45489],[139.92915,38.455391],[139.929607,38.455848],[139.930681,38.456582],[139.931326,38.457102],[139.932182,38.458297],[139.932241,38.458592],[139.932226,38.4593],[139.932078,38.459728],[139.929194,38.45926],[139.928317,38.459182],[139.926015,38.459197],[139.924378,38.459286],[139.921833,38.45635],[139.919266,38.45638],[139.917746,38.456188],[139.916928,38.455893],[139.915815,38.456181],[139.915039,38.456202],[139.913844,38.45576],[139.913284,38.455288],[139.912871,38.454845],[139.912517,38.454432],[139.912251,38.453945],[139.912059,38.453355],[139.912369,38.452293],[139.913063,38.451555],[139.913697,38.451098],[139.915585,38.450685],[139.917252,38.45067],[139.919288,38.450818],[139.920468,38.450833],[139.920881,38.4507],[139.921988,38.448974],[139.922689,38.447985],[139.923792,38.447366],[139.925787,38.446584],[139.929932,38.445374],[139.930184,38.442973],[139.929917,38.441465],[139.929534,38.44024],[139.929371,38.439149],[139.929401,38.438411],[139.929777,38.437712],[139.930281,38.436353],[139.930434,38.43517],[139.930281,38.433987],[139.929448,38.433351],[139.928462,38.432146],[139.928298,38.430722],[139.9274,38.429583],[139.926348,38.428005],[139.926151,38.427435],[139.926063,38.426515],[139.926151,38.425376],[139.925975,38.424828],[139.925055,38.42393],[139.924047,38.422856],[139.922722,38.422659],[139.92167,38.422133],[139.920574,38.421388],[139.920048,38.421322],[139.918646,38.421366],[139.917507,38.421125],[139.916564,38.422461],[139.91434,38.425178],[139.913092,38.426121],[139.91147,38.426647],[139.90952,38.427567],[139.908578,38.428531],[139.906562,38.428312],[139.906233,38.427874],[139.905684,38.425551],[139.905093,38.424587],[139.904523,38.423382],[139.904742,38.423097],[139.905619,38.423053],[139.906474,38.422856],[139.908271,38.422133],[139.909794,38.420906],[139.910583,38.419788],[139.908611,38.419021],[139.906704,38.418408],[139.903964,38.417115],[139.904249,38.416808],[139.905038,38.416414],[139.906091,38.415713],[139.906814,38.415099],[139.907055,38.414288],[139.907124,38.413704],[139.907336,38.413133],[139.908022,38.412545],[139.909622,38.411973],[139.909965,38.411337],[139.910014,38.410765],[139.910585,38.410128],[139.911043,38.409475],[139.911157,38.409051],[139.91083,38.408545],[139.91039,38.408185],[139.909769,38.406536],[139.909051,38.405785],[139.908765,38.405377],[139.908879,38.405002],[139.909059,38.404838],[139.909777,38.405002],[139.910365,38.404953],[139.91079,38.405034],[139.912145,38.405851],[139.912651,38.406389],[139.913173,38.406683],[139.913206,38.406389],[139.912912,38.404038],[139.913124,38.402471],[139.913418,38.401638],[139.915484,38.39834],[139.915729,38.397475],[139.915973,38.395907],[139.916349,38.395042],[139.917084,38.394193],[139.917761,38.393295],[139.916831,38.39225],[139.915231,38.391205],[139.914708,38.39065],[139.914333,38.39016],[139.913998,38.389523],[139.913361,38.389344],[139.912528,38.389279],[139.91083,38.388544],[139.909818,38.387646],[139.909165,38.386536],[139.908643,38.385295],[139.907638,38.384348],[139.907181,38.383695],[139.906887,38.382682],[139.906887,38.38198],[139.907279,38.381082],[139.907377,38.380641],[139.907296,38.380282],[139.906936,38.380021],[139.906691,38.379678],[139.906651,38.379156],[139.906847,38.378486],[139.905965,38.378192],[139.903009,38.377817],[139.898755,38.37558],[139.89739,38.375074],[139.894756,38.374258],[139.893216,38.373997],[139.890939,38.374278],[139.888549,38.374896],[139.887031,38.375472],[139.884986,38.376344],[139.883777,38.376766],[139.883327,38.376864],[139.883243,38.377581],[139.883032,38.378002],[139.882582,38.378227],[139.881859,38.378326],[139.882421,38.377764],[139.882407,38.377356],[139.880861,38.374011],[139.879926,38.370497],[139.87897,38.368009],[139.878134,38.366702],[139.877147,38.365594],[139.876193,38.365029],[139.875518,38.3648],[139.874138,38.36459],[139.87341,38.364361],[139.869321,38.36275],[139.868619,38.362625],[139.867591,38.362584],[139.866914,38.3625],[139.866136,38.362227],[139.865132,38.361413],[139.862824,38.36043],[139.862549,38.3602],[139.861145,38.358026],[139.860617,38.357526],[139.85979,38.356961],[139.859313,38.356542],[139.85708,38.354453],[139.856353,38.354724],[139.855751,38.355101],[139.855301,38.35558],[139.854973,38.355832],[139.854221,38.35623],[139.853846,38.356501],[139.853568,38.356878],[139.853468,38.357232],[139.853543,38.359282],[139.853493,38.359552],[139.853193,38.359992],[139.851863,38.361277],[139.850886,38.361946],[139.850408,38.362406],[139.850031,38.362887],[139.849881,38.363304],[139.849881,38.363931],[139.850031,38.365185],[139.850691,38.367454],[139.851105,38.368051],[139.851161,38.368515],[139.850767,38.369232],[139.850258,38.370651],[139.850135,38.371284],[139.84991,38.371677],[139.849376,38.372155],[139.848836,38.3724],[139.848411,38.372517],[139.847949,38.372803],[139.847598,38.373484],[139.847196,38.374727],[139.846921,38.374936],[139.846546,38.375105],[139.844839,38.375627],[139.840424,38.377215],[139.840024,38.377319],[139.839384,38.377107],[139.837781,38.37691],[139.836793,38.376954],[139.835804,38.377173],[139.835349,38.377378],[139.832708,38.377503],[139.831719,38.377305],[139.830995,38.377085],[139.830226,38.376655],[139.829218,38.376532],[139.828052,38.37669],[139.826075,38.376558],[139.825329,38.376602],[139.824099,38.376866],[139.821793,38.377569],[139.820563,38.377854],[139.819596,38.37792],[139.818288,38.377779],[139.817711,38.377633],[139.817383,38.377256],[139.817283,38.376944],[139.817308,38.376733],[139.817686,38.376295],[139.81852,38.375482],[139.81863,38.374999],[139.818498,38.374428],[139.818235,38.373703],[139.818086,38.372929],[139.818136,38.372219],[139.818238,38.371759],[139.819016,38.370546],[139.819191,38.369826],[139.819316,38.368884],[139.819491,38.368215],[139.819968,38.367401],[139.820118,38.366878],[139.820118,38.366314],[139.818991,38.364307],[139.818489,38.363764],[139.817511,38.362385],[139.817234,38.361443],[139.817184,38.360941],[139.817511,38.359645],[139.817409,38.359143],[139.817084,38.358516],[139.816859,38.357848],[139.816657,38.357075],[139.816482,38.355987],[139.815404,38.355779],[139.814499,38.355675],[139.813547,38.355633],[139.810662,38.355654],[139.80986,38.355548],[139.807627,38.354858],[139.8068,38.354816],[139.806048,38.354837],[139.804429,38.355027],[139.803902,38.355004],[139.803374,38.354837],[139.801092,38.353542],[139.80074,38.353313],[139.799412,38.352247],[139.798332,38.351745],[139.795423,38.351138],[139.794023,38.350653],[139.792395,38.349691],[139.790952,38.349068],[139.789466,38.34882],[139.788349,38.348456],[139.78816,38.348338],[139.788065,38.347911],[139.788326,38.346439],[139.788302,38.345917],[139.787899,38.345229],[139.78778,38.344683],[139.787827,38.343876],[139.788039,38.342992],[139.788023,38.342589],[139.787898,38.341606],[139.787571,38.340604],[139.785953,38.33913],[139.785241,38.338418],[139.784861,38.337825],[139.784576,38.336733],[139.78464,38.335337],[139.784144,38.334298],[139.783318,38.333458],[139.782464,38.332366],[139.782274,38.331892],[139.782207,38.330215],[139.78066,38.328237],[139.77926,38.326576],[139.778928,38.32603],[139.778928,38.325333],[139.77732,38.32335],[139.775874,38.322466]]],[[[139.775874,38.322466],[139.774336,38.321156],[139.77427,38.320491],[139.774118,38.319732],[139.77389,38.319276],[139.772979,38.318536],[139.770264,38.316827],[139.76996,38.316447],[139.769732,38.315764],[139.769296,38.315251],[139.769239,38.314948],[139.769334,38.314454],[139.769713,38.3136],[139.769979,38.31284],[139.770226,38.31172],[139.770188,38.310714],[139.769713,38.309727],[139.769011,38.308891],[139.768878,38.308664],[139.769011,38.30817],[139.769315,38.307486],[139.769504,38.30667],[139.769178,38.303427],[139.769239,38.302987],[139.76977,38.302395],[139.769968,38.302076],[139.769922,38.301316],[139.769436,38.300405],[139.76832,38.297823],[139.768259,38.295256],[139.767287,38.294011],[139.766125,38.292705],[139.7657,38.291687],[139.765426,38.290685],[139.765624,38.289956],[139.766004,38.289014],[139.766953,38.287647],[139.768289,38.286159],[139.768958,38.285323],[139.76914,38.284746],[139.76917,38.28385],[139.76898,38.281177],[139.768798,38.280797],[139.768327,38.280448],[139.767826,38.279111],[139.767219,38.278519],[139.766474,38.278185],[139.76753,38.277425],[139.767925,38.276818],[139.768775,38.27618],[139.769094,38.2758],[139.769413,38.275132],[139.769884,38.274357],[139.77015,38.274039],[139.77018,38.273583],[139.769937,38.272808],[139.769633,38.272246],[139.76936,38.271882],[139.769299,38.271441],[139.769284,38.270606],[139.769178,38.27015],[139.768935,38.269816],[139.768236,38.269315],[139.767629,38.268343],[139.76696,38.267903],[139.765798,38.267249],[139.765434,38.2669],[139.765221,38.266293],[139.765161,38.26526],[139.768137,38.265199],[139.76958,38.265017],[139.770719,38.265017],[139.771813,38.265123],[139.772823,38.264941],[139.773734,38.265184],[139.77498,38.265639],[139.775785,38.266126],[139.776506,38.267128],[139.776795,38.267295],[139.777281,38.267417],[139.778693,38.267219],[139.779834,38.271337],[139.780715,38.27375],[139.780772,38.274319],[139.783639,38.276142],[139.784683,38.27711],[139.785253,38.277927],[139.785711,38.278265],[139.786661,38.278763],[139.786883,38.279228],[139.787106,38.279569],[139.788773,38.281425],[139.789203,38.281984],[139.789481,38.282465],[139.789648,38.282931],[139.789648,38.283413],[139.789501,38.283752],[139.789556,38.284063],[139.790021,38.284483],[139.790505,38.28546],[139.790693,38.286067],[139.790693,38.286608],[139.790503,38.287143],[139.790548,38.287337],[139.790663,38.28751],[139.791038,38.287673],[139.7918,38.287704],[139.792508,38.287937],[139.793533,38.28837],[139.79562,38.28941],[139.796085,38.28986],[139.79642,38.290637],[139.796385,38.290999],[139.79586,38.292205],[139.795822,38.292593],[139.79596,38.29332],[139.797564,38.298405],[139.797919,38.299074],[139.798384,38.299615],[139.798924,38.300051],[139.800051,38.300896],[139.801056,38.301517],[139.802096,38.301994],[139.80191,38.303597],[139.80151,38.304056],[139.800991,38.304336],[139.80187,38.304895],[139.803458,38.305475],[139.804186,38.305911],[139.805563,38.306423],[139.805956,38.306685],[139.806393,38.307206],[139.806603,38.308488],[139.807122,38.308967],[139.808386,38.309598],[139.809821,38.31045],[139.810631,38.310835],[139.811871,38.311691],[139.812448,38.312158],[139.812971,38.31292],[139.81345,38.31346],[139.814429,38.314078],[139.81545,38.314612],[139.815791,38.315068],[139.816088,38.315901],[139.815555,38.315882],[139.815185,38.315805],[139.814582,38.31548],[139.813864,38.31532],[139.812123,38.31532],[139.811323,38.315439],[139.809288,38.314649],[139.808874,38.314591],[139.808896,38.315632],[139.808966,38.316114],[139.809151,38.316788],[139.809291,38.317178],[139.809923,38.318422],[139.810053,38.318809],[139.809081,38.319119],[139.808208,38.319663],[139.807706,38.319817],[139.807296,38.319803],[139.805323,38.319165],[139.804745,38.319088],[139.80427,38.319101],[139.798308,38.320369],[139.797731,38.32054],[139.797098,38.320819],[139.796018,38.321579],[139.795551,38.321813],[139.794994,38.321936],[139.794324,38.321936],[139.789704,38.321623],[139.789889,38.321027],[139.790049,38.320779],[139.790289,38.320563],[139.791091,38.320081],[139.791204,38.319863],[139.791017,38.319444],[139.790719,38.319165],[139.789657,38.31853],[139.789339,38.318405],[139.788824,38.31804],[139.788409,38.317578],[139.787877,38.317405],[139.787644,38.317155],[139.787459,38.316846],[139.787067,38.315536],[139.787275,38.313511],[139.78723,38.313089],[139.786952,38.313224],[139.785727,38.314303],[139.785517,38.314417],[139.784732,38.314745],[139.783055,38.315278],[139.782535,38.315555],[139.782197,38.315805],[139.780962,38.317],[139.78067,38.31714],[139.779423,38.317311],[139.77892,38.317513],[139.778473,38.317775],[139.777503,38.318646],[139.776102,38.319618],[139.775798,38.320188],[139.77576,38.32089],[139.775874,38.322466]]],[[[139.79719,38.253246],[139.797619,38.253154],[139.798489,38.252627],[139.799171,38.252369],[139.798234,38.251523],[139.796333,38.250742],[139.795643,38.25026],[139.793652,38.248555],[139.792707,38.247573],[139.792357,38.247144],[139.792125,38.246637],[139.791993,38.246137],[139.791918,38.245215],[139.792295,38.242338],[139.792931,38.241843],[139.794054,38.241438],[139.797591,38.240836],[139.798181,38.240882],[139.800642,38.241669],[139.801197,38.241681],[139.801811,38.241553],[139.8036,38.240592],[139.804873,38.240546],[139.805255,38.240396],[139.806147,38.240176],[139.807588,38.240326],[139.808364,38.240291],[139.80892,38.240187],[139.809476,38.239932],[139.810101,38.239759],[139.810442,38.239793],[139.811079,38.239979],[139.813373,38.239805],[139.813662,38.239307],[139.814154,38.238057],[139.81442,38.2372],[139.814455,38.236401],[139.814351,38.235834],[139.814774,38.23412],[139.814982,38.23302],[139.814889,38.232372],[139.814947,38.231886],[139.815341,38.231376],[139.815862,38.23089],[139.816157,38.230439],[139.81625,38.229999],[139.816146,38.229072],[139.81541,38.22605],[139.815214,38.225518],[139.814669,38.22465],[139.814438,38.223978],[139.814391,38.223434],[139.81438,38.221651],[139.814177,38.221141],[139.813645,38.220759],[139.813366,38.220435],[139.81281,38.219463],[139.811982,38.216892],[139.812191,38.216661],[139.812353,38.214901],[139.81189,38.213245],[139.812063,38.212713],[139.812555,38.211677],[139.811363,38.211566],[139.811033,38.211462],[139.810756,38.211314],[139.810523,38.211121],[139.810353,38.210962],[139.809998,38.210464],[139.809501,38.209275],[139.809176,38.208792],[139.809563,38.208564],[139.80996,38.207855],[139.810333,38.207383],[139.8116,38.206476],[139.812023,38.206091],[139.81237,38.205333],[139.812569,38.204687],[139.812557,38.204079],[139.813793,38.203544],[139.814203,38.203954],[139.814576,38.204451],[139.814663,38.205147],[139.815099,38.20588],[139.815533,38.205917],[139.816502,38.205855],[139.817037,38.205942],[139.817558,38.206215],[139.817944,38.206514],[139.818291,38.206563],[139.819627,38.206476],[139.820795,38.20665],[139.82118,38.206874],[139.821863,38.207011],[139.822236,38.207321],[139.82241,38.207756],[139.822572,38.207955],[139.822801,38.208042],[139.823149,38.207917],[139.823435,38.207458],[139.823572,38.206924],[139.823957,38.206576],[139.824677,38.206365],[139.825628,38.206427],[139.826448,38.20706],[139.828088,38.207868],[139.828373,38.207955],[139.828982,38.207806],[139.829784,38.207371],[139.830628,38.207271],[139.831262,38.207334],[139.831672,38.207843],[139.83207,38.208017],[139.83279,38.208116],[139.83338,38.208303],[139.83466,38.208327],[139.835182,38.208551],[139.835443,38.208775],[139.835741,38.2088],[139.841108,38.208414],[139.841667,38.208626],[139.84327,38.209818],[139.844233,38.210241],[139.845189,38.21044],[139.846245,38.210427],[139.847413,38.210092],[139.848252,38.20952],[139.848935,38.209222],[139.849743,38.208737],[139.851519,38.206787],[139.852296,38.206153],[139.853103,38.205582],[139.854693,38.204613],[139.855979,38.203631],[139.856514,38.203569],[139.857719,38.203321],[139.858576,38.20301],[139.860135,38.202339],[139.860408,38.202091],[139.860682,38.201606],[139.860818,38.201258],[139.861142,38.201035],[139.861601,38.200873],[139.863546,38.200637],[139.864813,38.199941],[139.866552,38.199109],[139.867751,38.198463],[139.868472,38.198289],[139.868919,38.198351],[139.870099,38.198637],[139.87049,38.198649],[139.871745,38.198301],[139.872366,38.198264],[139.872901,38.198388],[139.873572,38.198662],[139.876802,38.199357],[139.877597,38.199444],[139.878004,38.200048],[139.879794,38.20154],[139.880312,38.201852],[139.881601,38.202275],[139.881706,38.202463],[139.881831,38.203313],[139.882011,38.203656],[139.882619,38.204177],[139.882956,38.205154],[139.883361,38.20575],[139.884083,38.206414],[139.884424,38.206564],[139.885096,38.20675],[139.886298,38.207562],[139.886681,38.207939],[139.886841,38.20871],[139.887021,38.209087],[139.888103,38.209687],[139.888623,38.210047],[139.889068,38.210491],[139.8898,38.210789],[139.890445,38.211162],[139.890748,38.211439],[139.891063,38.211856],[139.89122,38.212381],[139.891265,38.212758],[139.891425,38.21302],[139.892915,38.213641],[139.893477,38.21418],[139.89389,38.214403],[139.894872,38.214687],[139.89523,38.214866],[139.896107,38.215762],[139.896447,38.216014],[139.896947,38.216239],[139.897752,38.216387],[139.898604,38.216445],[139.898944,38.216597],[139.899129,38.216878],[139.899219,38.217162],[139.899184,38.217774],[139.899247,38.218228],[139.899659,38.218734],[139.900017,38.219584],[139.899944,38.221001],[139.899999,38.222178],[139.900119,38.222609],[139.900676,38.223282],[139.901429,38.224071],[139.902286,38.224867],[139.902439,38.225109],[139.902494,38.225644],[139.902511,38.226838],[139.902456,38.227269],[139.902206,38.227971],[139.902224,38.228908],[139.902296,38.229223],[139.902529,38.229402],[139.902743,38.229744],[139.902716,38.230146],[139.902448,38.230542],[139.902466,38.230839],[139.902823,38.231496],[139.902841,38.231808],[139.902806,38.232166],[139.902538,38.232614],[139.902511,38.233252],[139.902323,38.233537],[139.902108,38.234104],[139.902108,38.234574],[139.902233,38.234924],[139.902581,38.23537],[139.904961,38.237093],[139.905266,38.237422],[139.905533,38.238032],[139.90557,38.238555],[139.905678,38.239032],[139.90589,38.239582],[139.906338,38.240164],[139.906948,38.240716],[139.907618,38.241155],[139.908023,38.241316],[139.909175,38.241543],[139.909333,38.241636],[139.910453,38.242863],[139.910651,38.243101],[139.910911,38.244376],[139.911446,38.245226],[139.911818,38.245655],[139.912124,38.245786],[139.911524,38.245983],[139.909409,38.246364],[139.908366,38.246166],[139.907858,38.246194],[139.907562,38.246434],[139.906984,38.247336],[139.906435,38.247759],[139.905356,38.24845],[139.90444,38.248732],[139.903157,38.249014],[139.902537,38.249197],[139.901769,38.249831],[139.901501,38.250127],[139.901388,38.250762],[139.900726,38.252242],[139.900218,38.252975],[139.90012,38.253186],[139.90012,38.253919],[139.899718,38.254821],[139.899379,38.255357],[139.898717,38.258726],[139.898731,38.259388],[139.897434,38.259177],[139.896694,38.258641],[139.895651,38.258204],[139.895214,38.257894],[139.894791,38.257344],[139.894086,38.256795],[139.893875,38.256203],[139.893804,38.255131],[139.892367,38.254398],[139.891887,38.254102],[139.891817,38.253905],[139.89188,38.253327],[139.891725,38.252876],[139.891274,38.252524],[139.889357,38.252326],[139.888582,38.251932],[139.888173,38.251495],[139.887891,38.250931],[139.887694,38.250043],[139.887694,38.249592],[139.888525,38.249084],[139.890006,38.248422],[139.890196,38.247985],[139.889928,38.246744],[139.889463,38.245856],[139.889125,38.245349],[139.88897,38.244954],[139.889012,38.243798],[139.888603,38.242938],[139.888272,38.242755],[139.886186,38.242374],[139.884762,38.241895],[139.883641,38.241402],[139.88319,38.241303],[139.881456,38.241782],[139.88109,38.241698],[139.88035,38.240866],[139.879166,38.240796],[139.878757,38.24057],[139.878602,38.240246],[139.877925,38.23823],[139.877897,38.238033],[139.878235,38.237441],[139.878362,38.237102],[139.878264,38.236694],[139.87777,38.236045],[139.877756,38.235693],[139.878412,38.234861],[139.879215,38.234142],[139.879229,38.233889],[139.878778,38.233748],[139.878658,38.23355],[139.878715,38.233198],[139.878912,38.232775],[139.878954,38.232352],[139.878461,38.231098],[139.878433,38.230802],[139.878771,38.229984],[139.878841,38.229533],[139.878757,38.229223],[139.878405,38.229025],[139.877911,38.228842],[139.877559,38.228617],[139.877249,38.228081],[139.876868,38.227841],[139.87591,38.227672],[139.875606,38.227517],[139.875409,38.227193],[139.875296,38.226615],[139.875141,38.226206],[139.874845,38.225952],[139.873323,38.225473],[139.872717,38.225022],[139.872111,38.22474],[139.871053,38.224684],[139.870567,38.224501],[139.870158,38.22412],[139.869834,38.223923],[139.868735,38.223923],[139.868918,38.224275],[139.870468,38.226361],[139.871554,38.22849],[139.871652,38.228969],[139.87161,38.22966],[139.871356,38.230238],[139.871208,38.230914],[139.871321,38.231408],[139.8718,38.232282],[139.872097,38.232704],[139.869912,38.234438],[139.868939,38.235651],[139.867621,38.237145],[139.866634,38.23816],[139.866014,38.238498],[139.863998,38.239104],[139.864386,38.23737],[139.864527,38.236426],[139.8644,38.235961],[139.863769,38.23473],[139.862809,38.233815],[139.861232,38.232449],[139.860694,38.231442],[139.859917,38.23084],[139.858769,38.230499],[139.858487,38.230305],[139.858164,38.229934],[139.857597,38.229497],[139.856875,38.229076],[139.855872,38.228599],[139.854072,38.227751],[139.851722,38.226749],[139.850815,38.226616],[139.850203,38.226395],[139.84903,38.225726],[139.847735,38.225231],[139.84695,38.224645],[139.846393,38.224412],[139.844073,38.223787],[139.843241,38.223776],[139.842091,38.223968],[139.840886,38.224001],[139.839939,38.22382],[139.839201,38.223535],[139.838656,38.223253],[139.838416,38.223513],[139.837032,38.224503],[139.836611,38.224678],[139.834834,38.226365],[139.835209,38.226588],[139.835391,38.226876],[139.835615,38.227236],[139.835717,38.227782],[139.835547,38.228226],[139.835085,38.228585],[139.834772,38.228904],[139.835273,38.230019],[139.835361,38.230446],[139.835384,38.230857],[139.835323,38.231223],[139.835221,38.231505],[139.835068,38.23178],[139.834778,38.232057],[139.832633,38.233311],[139.832106,38.2335],[139.831266,38.233694],[139.829961,38.233775],[139.828736,38.233681],[139.828526,38.233542],[139.828134,38.232858],[139.828024,38.232973],[139.827751,38.234171],[139.827811,38.234879],[139.828149,38.235708],[139.828349,38.2368],[139.828339,38.237406],[139.828076,38.238681],[139.827579,38.239664],[139.827281,38.240135],[139.826876,38.240618],[139.825891,38.241532],[139.823974,38.242911],[139.823806,38.243122],[139.823749,38.243357],[139.823791,38.243584],[139.823911,38.24377],[139.824289,38.244188],[139.824561,38.244363],[139.825654,38.244905],[139.827206,38.24553],[139.825526,38.247042],[139.824816,38.247836],[139.824308,38.248507],[139.824171,38.248769],[139.824078,38.249625],[139.823973,38.249888],[139.823806,38.250098],[139.821581,38.251827],[139.821476,38.252073],[139.821436,38.252806],[139.821268,38.253123],[139.821058,38.253366],[139.819923,38.254154],[139.819631,38.254258],[139.816149,38.254625],[139.815791,38.254764],[139.815161,38.255185],[139.814984,38.255239],[139.814191,38.25522],[139.813631,38.255272],[139.812351,38.255595],[139.811968,38.256313],[139.813348,38.256639],[139.814012,38.257082],[139.814428,38.257576],[139.814572,38.258201],[139.813908,38.259242],[139.813563,38.26001],[139.813355,38.261039],[139.812886,38.261703],[139.812782,38.262523],[139.81273,38.263473],[139.812411,38.264449],[139.811838,38.265178],[139.811187,38.264801],[139.81146,38.264384],[139.81146,38.26415],[139.810237,38.263785],[139.80999,38.263499],[139.809963,38.263161],[139.810107,38.261664],[139.808596,38.261807],[139.807847,38.261703],[139.80704,38.261742],[139.805686,38.262236],[139.805114,38.262236],[139.805048,38.26152],[139.80471,38.261091],[139.804372,38.260544],[139.804241,38.259151],[139.804027,38.258774],[139.801814,38.258305],[139.801801,38.25811],[139.802035,38.257784],[139.801866,38.257446],[139.801072,38.256587],[139.80059,38.255897],[139.800017,38.255702],[139.799412,38.255298],[139.798878,38.254426],[139.798292,38.253944],[139.79719,38.253246]]],[[[139.811784,38.426033],[139.811242,38.423532],[139.811372,38.423011],[139.811893,38.422128],[139.812223,38.421093],[139.813611,38.420364],[139.814175,38.419705],[139.814693,38.418505],[139.814669,38.4178],[139.814175,38.416694],[139.81404,38.415902],[139.814685,38.415831],[139.81508,38.415737],[139.815387,38.415527],[139.814855,38.414135],[139.81418,38.409317],[139.814293,38.408567],[139.814798,38.407282],[139.814797,38.406813],[139.814658,38.406345],[139.814125,38.40569],[139.812285,38.403914],[139.811842,38.402875],[139.812413,38.402668],[139.813502,38.40259],[139.814534,38.40268],[139.815783,38.402901],[139.817067,38.402616],[139.8187,38.402564],[139.819659,38.402901],[139.820593,38.402927],[139.822045,38.402772],[139.823756,38.403083],[139.825804,38.403264],[139.826945,38.402953],[139.82793,38.402538],[139.828764,38.401656],[139.829747,38.401048],[139.830642,38.400205],[139.831443,38.399997],[139.833129,38.399712],[139.833543,38.399531],[139.834114,38.39826],[139.83497,38.397197],[139.835747,38.396082],[139.835841,38.395278],[139.836134,38.394732],[139.836366,38.39413],[139.837199,38.393827],[139.838563,38.393074],[139.839337,38.392744],[139.840419,38.39265],[139.841266,38.393379],[139.841995,38.394414],[139.842866,38.395308],[139.84303,38.395897],[139.843148,38.397214],[139.843266,38.397732],[139.843548,38.398531],[139.844066,38.39919],[139.844183,38.399684],[139.844207,38.400955],[139.844348,38.401943],[139.844513,38.402202],[139.846571,38.403119],[139.848547,38.404225],[139.849018,38.40406],[139.849982,38.403519],[139.850876,38.403425],[139.851841,38.403472],[139.853476,38.403213],[139.85477,38.402931],[139.855876,38.402766],[139.857875,38.402131],[139.859475,38.40119],[139.860475,38.400696],[139.861346,38.400461],[139.863769,38.39999],[139.864616,38.399496],[139.865792,38.398461],[139.866616,38.398061],[139.86758,38.39792],[139.868074,38.397637],[139.868662,38.397167],[139.870616,38.396766],[139.871864,38.396737],[139.872914,38.396867],[139.87377,38.397254],[139.874223,38.395219],[139.874964,38.393938],[139.877664,38.392157],[139.877937,38.392972],[139.878496,38.393614],[139.878967,38.393873],[139.879814,38.394132],[139.880402,38.394414],[139.880731,38.39472],[139.881178,38.395497],[139.881908,38.39592],[139.882506,38.396165],[139.882852,38.396406],[139.882928,38.396797],[139.882717,38.397219],[139.882476,38.397445],[139.882295,38.397731],[139.882163,38.398661],[139.882163,38.399205],[139.882273,38.399704],[139.882846,38.400477],[139.882983,38.400888],[139.882873,38.401388],[139.882573,38.401773],[139.881508,38.402615],[139.881373,38.402933],[139.881456,38.403206],[139.881973,38.404002],[139.882001,38.40441],[139.881756,38.404729],[139.881318,38.404956],[139.880008,38.405068],[139.879409,38.405183],[139.878836,38.405387],[139.875781,38.407297],[139.875399,38.40741],[139.874964,38.407433],[139.873872,38.407364],[139.873382,38.407387],[139.873164,38.407501],[139.872644,38.40841],[139.871717,38.408797],[139.871582,38.408978],[139.871582,38.409387],[139.871664,38.409616],[139.871964,38.40982],[139.872182,38.410093],[139.872289,38.411228],[139.872481,38.411888],[139.872454,38.412115],[139.872181,38.412228],[139.871144,38.412501],[139.870572,38.412797],[139.869944,38.413319],[139.869589,38.413842],[139.869889,38.414934],[139.869917,38.415615],[139.869809,38.415707],[139.869044,38.415957],[139.868799,38.416092],[139.868662,38.416365],[139.868989,38.417206],[139.869154,38.417365],[139.869509,38.417342],[139.871609,38.416365],[139.876881,38.414447],[139.878565,38.413975],[139.879565,38.413776],[139.881428,38.413776],[139.882099,38.413833],[139.882998,38.413704],[139.883598,38.413461],[139.884654,38.412505],[139.885196,38.412391],[139.88696,38.412648],[139.888758,38.412662],[139.891292,38.412476],[139.892834,38.412205],[139.89489,38.412534],[139.895397,38.412448],[139.896353,38.41212],[139.897595,38.411791],[139.898366,38.411848],[139.899108,38.412077],[139.900072,38.412448],[139.901485,38.413205],[139.90257,38.413676],[139.903541,38.413804],[139.904983,38.41409],[139.906497,38.414775],[139.906814,38.415099],[139.906091,38.415713],[139.905038,38.416414],[139.904249,38.416808],[139.903964,38.417115],[139.906704,38.418408],[139.908611,38.419021],[139.910583,38.419788],[139.909794,38.420906],[139.908271,38.422133],[139.906474,38.422856],[139.905619,38.423053],[139.904742,38.423097],[139.904523,38.423382],[139.905093,38.424587],[139.905684,38.425551],[139.906233,38.427874],[139.906562,38.428312],[139.908578,38.428531],[139.90952,38.427567],[139.91147,38.426647],[139.913092,38.426121],[139.91434,38.425178],[139.916564,38.422461],[139.917507,38.421125],[139.918646,38.421366],[139.920048,38.421322],[139.920574,38.421388],[139.92167,38.422133],[139.922722,38.422659],[139.924047,38.422856],[139.925055,38.42393],[139.925975,38.424828],[139.926151,38.425376],[139.926063,38.426515],[139.926151,38.427435],[139.926348,38.428005],[139.9274,38.429583],[139.928298,38.430722],[139.928462,38.432146],[139.929448,38.433351],[139.930281,38.433987],[139.930434,38.43517],[139.930281,38.436353],[139.929777,38.437712],[139.929401,38.438411],[139.929371,38.439149],[139.929534,38.44024],[139.929917,38.441465],[139.930184,38.442973],[139.929932,38.445374],[139.925787,38.446584],[139.923792,38.447366],[139.922689,38.447985],[139.921988,38.448974],[139.920881,38.4507],[139.920468,38.450833],[139.919288,38.450818],[139.917252,38.45067],[139.915585,38.450685],[139.913697,38.451098],[139.913063,38.451555],[139.912369,38.452293],[139.912059,38.453355],[139.912251,38.453945],[139.912517,38.454432],[139.913284,38.455288],[139.913844,38.45576],[139.915039,38.456202],[139.915815,38.456181],[139.916928,38.455893],[139.917746,38.456188],[139.919266,38.45638],[139.921833,38.45635],[139.924378,38.459286],[139.926015,38.459197],[139.928317,38.459182],[139.929194,38.45926],[139.929339,38.459555],[139.929314,38.459944],[139.928481,38.461007],[139.928326,38.461396],[139.928274,38.46185],[139.928899,38.463148],[139.928924,38.463713],[139.928846,38.464211],[139.928014,38.464817],[139.927911,38.465119],[139.928041,38.465573],[139.928274,38.465942],[139.930404,38.467608],[139.931679,38.468952],[139.932248,38.469298],[139.932586,38.4696],[139.932691,38.469839],[139.932638,38.470164],[139.931886,38.471029],[139.930586,38.471377],[139.930273,38.471526],[139.929546,38.472372],[139.929469,38.472783],[139.929546,38.473433],[139.929521,38.473649],[139.929261,38.473908],[139.929106,38.473951],[139.927989,38.473951],[139.927911,38.474039],[139.928301,38.474558],[139.928379,38.474839],[139.928404,38.475078],[139.928274,38.475705],[139.928428,38.476549],[139.928586,38.476789],[139.928741,38.477436],[139.928663,38.477568],[139.927781,38.47813],[139.926299,38.479667],[139.926871,38.480186],[139.927546,38.480555],[139.928066,38.480751],[139.929443,38.480988],[139.930066,38.481594],[139.930353,38.481811],[139.930871,38.482069],[139.931208,38.482461],[139.931728,38.483478],[139.932041,38.483911],[139.932456,38.484321],[139.932951,38.484517],[139.933885,38.484669],[139.934535,38.485144],[139.934873,38.485209],[139.935418,38.485188],[139.936768,38.485015],[139.937003,38.48508],[139.93734,38.485598],[139.937678,38.485707],[139.93921,38.485838],[139.939931,38.486061],[139.940476,38.486571],[139.941021,38.487325],[139.941372,38.488345],[139.941742,38.488661],[139.942058,38.488854],[139.942304,38.489751],[139.942603,38.489979],[139.943622,38.49012],[139.945063,38.490542],[139.946346,38.491122],[139.947102,38.491174],[139.94777,38.491315],[139.949114,38.49193],[139.951206,38.491877],[139.952752,38.49128],[139.954325,38.49128],[139.954747,38.491368],[139.954853,38.492194],[139.954993,38.492844],[139.955327,38.493582],[139.955767,38.494127],[139.955977,38.494268],[139.957383,38.493705],[139.95893,38.493336],[139.960955,38.492744],[139.961908,38.492706],[139.963099,38.49303],[139.964518,38.493314],[139.96588,38.493172],[139.967894,38.492775],[139.968992,38.492119],[139.971422,38.49139],[139.972149,38.491088],[139.972562,38.490844],[139.973312,38.490238],[139.973992,38.489773],[139.975374,38.489309],[139.976101,38.48929],[139.978961,38.48949],[139.979471,38.489411],[139.980003,38.489167],[139.980488,38.488745],[139.981386,38.488642],[139.982501,38.488603],[139.982888,38.48842],[139.983011,38.488238],[139.983033,38.487955],[139.982986,38.487613],[139.983131,38.487472],[139.983761,38.487451],[139.983981,38.487349],[139.984731,38.487168],[139.984951,38.487047],[139.985435,38.486299],[139.985773,38.485976],[139.986185,38.485795],[139.986645,38.485714],[139.98701,38.485593],[139.987423,38.48537],[139.98764,38.485128],[139.988635,38.483633],[139.9889,38.48347],[139.989313,38.48337],[139.99038,38.483512],[139.990575,38.48347],[139.990987,38.483268],[139.991205,38.48325],[139.992682,38.483452],[139.993217,38.483431],[139.99341,38.48337],[139.993946,38.483956],[139.993605,38.484299],[139.993337,38.484704],[139.993192,38.485129],[139.993167,38.485533],[139.993315,38.485835],[139.993482,38.485976],[139.993557,38.486603],[139.993776,38.486905],[139.994018,38.487412],[139.994091,38.487816],[139.994018,38.488057],[139.993435,38.488643],[139.99329,38.488886],[139.993362,38.489249],[139.993557,38.489532],[139.9946,38.49032],[139.99472,38.490603],[139.994843,38.491128],[139.994843,38.491634],[139.994478,38.492117],[139.994337,38.492682],[139.994333,38.49297],[139.994477,38.493342],[139.995054,38.494187],[139.995405,38.495342],[139.996024,38.495755],[139.997529,38.496064],[139.998107,38.495858],[139.998643,38.495486],[139.999612,38.496126],[140.003077,38.498044],[140.003613,38.49825],[140.004211,38.498023],[140.004603,38.498064],[140.005015,38.499281],[140.005325,38.499941],[140.00584,38.500684],[140.008617,38.504148],[140.009208,38.504663],[140.00914,38.505056],[140.009016,38.505406],[140.009181,38.506355],[140.009264,38.507283],[140.009243,38.507922],[140.009555,38.509185],[140.008864,38.509537],[140.008669,38.50988],[140.008299,38.511312],[140.008849,38.511071],[140.009596,38.511015],[140.010362,38.511202],[140.010698,38.511389],[140.010144,38.511853],[140.009081,38.512965],[140.008668,38.513764],[140.008643,38.514486],[140.008694,38.51562],[140.008333,38.516522],[140.006632,38.518533],[140.006245,38.518868],[140.00292,38.518662],[140.001424,38.518765],[139.997581,38.519446],[139.995749,38.520188],[139.99431,38.521065],[139.993456,38.521312],[139.988667,38.520862],[139.988063,38.520452],[139.9876,38.520567],[139.984895,38.522002],[139.98432,38.522206],[139.98208,38.522413],[139.980461,38.522458],[139.97927,38.522369],[139.978483,38.522121],[139.976471,38.521245],[139.974628,38.519783],[139.971054,38.517288],[139.970008,38.517176],[139.966434,38.515152],[139.966232,38.514793],[139.965737,38.514141],[139.963332,38.512837],[139.960803,38.511196],[139.960218,38.511848],[139.959656,38.512118],[139.95869,38.512342],[139.95815,38.512522],[139.95779,38.513039],[139.957453,38.513354],[139.956891,38.513669],[139.956486,38.514186],[139.955722,38.514635],[139.954868,38.51495],[139.954385,38.515408],[139.955425,38.515429],[139.95597,38.5156],[139.95638,38.515858],[139.956845,38.516243],[139.957173,38.516416],[139.959387,38.51691],[139.960045,38.517189],[139.960755,38.517404],[139.964089,38.518068],[139.964882,38.518389],[139.965429,38.518798],[139.966059,38.519441],[139.966519,38.520431],[139.966867,38.52081],[139.967644,38.521093],[139.969087,38.521267],[139.969783,38.521469],[139.971537,38.525965],[139.972353,38.52824],[139.971798,38.531051],[139.97135,38.532767],[139.970089,38.536159],[139.967806,38.537426],[139.96578,38.538746],[139.964354,38.54],[139.964473,38.54029],[139.964869,38.540501],[139.966057,38.54062],[139.966677,38.540739],[139.967799,38.541214],[139.969898,38.542415],[139.970254,38.542521],[139.971521,38.542455],[139.971864,38.542508],[139.976438,38.545543],[139.978134,38.546613],[139.979771,38.546745],[139.983461,38.546883],[139.984486,38.54687],[139.986419,38.546429],[139.987003,38.54639],[139.988871,38.546779],[139.990785,38.546805],[139.994782,38.547026],[139.996671,38.547215],[140.000834,38.547947],[140.002586,38.548427],[140.003533,38.548829],[140.002099,38.549],[140.001727,38.549218],[140.001082,38.550058],[140.000877,38.550897],[140.000849,38.552834],[140.000904,38.553518],[140.000687,38.554428],[140.000687,38.554953],[140.000794,38.555522],[140.001069,38.555794],[140.002792,38.556432],[140.003257,38.556547],[140.003829,38.556855],[140.0035,38.558325],[140.003671,38.558951],[140.004012,38.559577],[140.004069,38.560203],[140.003974,38.560526],[140.003443,38.561038],[140.002627,38.561531],[140.000768,38.562385],[140.000711,38.562765],[140.00092,38.562954],[140.003699,38.563922],[140.005065,38.564301],[140.005312,38.564282],[140.006488,38.563637],[140.007171,38.562859],[140.007627,38.562101],[140.00886,38.561474],[140.008936,38.562537],[140.009524,38.563163],[140.009552,38.565402],[140.009514,38.566104],[140.01014,38.566654],[140.01088,38.56783],[140.011487,38.56893],[140.01144,38.569898],[140.011781,38.57096],[140.012123,38.571093],[140.01383,38.571055],[140.014523,38.571302],[140.014845,38.571681],[140.014921,38.57225],[140.01494,38.57447],[140.015073,38.5754],[140.014694,38.57743],[140.015633,38.579555],[140.01586,38.581072],[140.015955,38.582059],[140.016202,38.582362],[140.017226,38.582875],[140.017568,38.583444],[140.018384,38.583918],[140.01937,38.584241],[140.019806,38.584449],[140.019541,38.585],[140.019674,38.585645],[140.019674,38.58629],[140.01956,38.586783],[140.018801,38.588908],[140.018765,38.589584],[140.016114,38.590313],[140.012735,38.59086],[140.011037,38.591456],[140.010225,38.591821],[140.0089,38.592069],[140.006473,38.592235],[140.005098,38.592632],[140.004535,38.592947],[140.003443,38.594075],[140.000028,38.595565],[139.998604,38.596492],[139.997842,38.597354],[139.99703,38.59848],[139.995986,38.599176],[139.995092,38.599938],[139.994264,38.601379],[139.993054,38.60277],[139.992508,38.60388],[139.992127,38.60478],[139.990513,38.605292],[139.989575,38.605255],[139.98772,38.60509],[139.986726,38.605421],[139.98618,38.605802],[139.985268,38.605951],[139.984738,38.605901],[139.983256,38.606332],[139.982543,38.606216],[139.982108,38.60528],[139.982036,38.604864],[139.982255,38.604645],[139.983231,38.604494],[139.983332,38.604107],[139.982895,38.603736],[139.982895,38.603433],[139.983349,38.603063],[139.983517,38.602827],[139.983416,38.601296],[139.984426,38.600067],[139.98478,38.599714],[139.985217,38.599545],[139.985369,38.599243],[139.985015,38.598266],[139.984914,38.597458],[139.983332,38.59623],[139.982945,38.595775],[139.982726,38.59527],[139.982221,38.594951],[139.98138,38.595085],[139.980892,38.595254],[139.980395,38.595304],[139.979857,38.595708],[139.979335,38.595725],[139.978763,38.595405],[139.978022,38.594631],[139.975885,38.593419],[139.974656,38.593251],[139.973739,38.592224],[139.973352,38.592089],[139.972577,38.59219],[139.972072,38.592157],[139.971601,38.592056],[139.971466,38.59177],[139.971601,38.591534],[139.974782,38.590322],[139.975674,38.590238],[139.976432,38.590019],[139.977054,38.589363],[139.978788,38.587882],[139.980589,38.586838],[139.979537,38.586636],[139.978628,38.586771],[139.978957,38.585467],[139.979017,38.584836],[139.978957,38.584126],[139.978777,38.58387],[139.978594,38.583774],[139.977895,38.583797],[139.9775,38.583697],[139.977227,38.583495],[139.976192,38.583495],[139.975525,38.583141],[139.97507,38.583114],[139.974857,38.583291],[139.974615,38.583722],[139.97431,38.583899],[139.973975,38.583976],[139.973612,38.584405],[139.973277,38.584607],[139.973005,38.584607],[139.972503,38.584501],[139.972318,38.58454],[139.972033,38.584836],[139.971723,38.585055],[139.971285,38.58519],[139.97092,38.585209],[139.970368,38.585094],[139.96951,38.584507],[139.968113,38.58433],[139.967293,38.583949],[139.967111,38.583949],[139.966513,38.584194],[139.966148,38.584194],[139.965781,38.583965],[139.965653,38.583772],[139.965411,38.58357],[139.965106,38.58357],[139.964701,38.58368],[139.964311,38.583699],[139.964058,38.58364],[139.963771,38.583417],[139.963496,38.583113],[139.963223,38.582988],[139.962464,38.582936],[139.962221,38.582811],[139.961401,38.582001],[139.960641,38.581113],[139.960459,38.580659],[139.960246,38.580482],[139.959974,38.580457],[139.959304,38.580607],[139.959001,38.580532],[139.958461,38.580218],[139.958151,38.580203],[139.958059,38.580253],[139.957427,38.580273],[139.957316,38.580525],[139.957336,38.581709],[139.957057,38.581924],[139.956329,38.582203],[139.955539,38.582305],[139.955067,38.582284],[139.954779,38.582153],[139.954567,38.581899],[139.954262,38.581747],[139.953929,38.581722],[139.952421,38.582025],[139.951711,38.581757],[139.951016,38.581062],[139.951032,38.580573],[139.951237,38.580178],[139.951158,38.57991],[139.95089,38.579815],[139.950526,38.579878],[139.950295,38.580022],[139.949886,38.580148],[139.949183,38.580085],[139.949015,38.580012],[139.948522,38.579949],[139.948039,38.579938],[139.947709,38.579686],[139.947173,38.579644],[139.946837,38.579686],[139.946134,38.579424],[139.944917,38.578532],[139.944483,38.578405],[139.944025,38.578607],[139.943723,38.578607],[139.943353,38.578448],[139.942965,38.578375],[139.941901,38.578405],[139.941688,38.57828],[139.941536,38.577874],[139.941231,38.577697],[139.940836,38.577647],[139.939288,38.577697],[139.939043,38.577595],[139.938831,38.577368],[139.938468,38.576759],[139.938286,38.576557],[139.938045,38.57643],[139.937581,38.576527],[139.936763,38.576601],[139.936511,38.576559],[139.935923,38.576286],[139.933456,38.574634],[139.932271,38.574532],[139.932134,38.57446],[139.932218,38.574114],[139.932439,38.573967],[139.932586,38.573725],[139.932617,38.573484],[139.93226,38.572917],[139.931168,38.572378],[139.928997,38.570988],[139.928271,38.570657],[139.928113,38.57072],[139.927986,38.571162],[139.927986,38.571588],[139.927876,38.571873],[139.927607,38.572046],[139.927149,38.571904],[139.926486,38.571383],[139.926249,38.570862],[139.926313,38.570546],[139.926834,38.570088],[139.92726,38.569804],[139.927481,38.569378],[139.928034,38.569125],[139.928713,38.568904],[139.929044,38.568588],[139.929171,38.568209],[139.929044,38.568036],[139.92846,38.568351],[139.927892,38.568383],[139.927023,38.568525],[139.926597,38.568794],[139.926234,38.569141],[139.925697,38.56982],[139.925649,38.569346],[139.925776,38.568983],[139.927513,38.567309],[139.927544,38.566757],[139.92666,38.565051],[139.926518,38.564372],[139.926518,38.563567],[139.925982,38.563725],[139.925375,38.5638],[139.923705,38.564154],[139.923317,38.564175],[139.92277,38.564499],[139.921975,38.564739],[139.920514,38.565021],[139.919638,38.565303],[139.919168,38.56585],[139.918561,38.566166],[139.917997,38.565696],[139.917473,38.565051],[139.916864,38.564424],[139.915826,38.564818],[139.915558,38.565158],[139.915522,38.567091],[139.915289,38.567467],[139.914377,38.567521],[139.913625,38.567968],[139.913124,38.568057],[139.911674,38.567789],[139.910994,38.567878],[139.910477,38.568491],[139.910305,38.568552],[139.910116,38.568457],[139.909874,38.568247],[139.90935,38.568195],[139.909045,38.568352],[139.908668,38.5688],[139.906875,38.568557],[139.90554,38.568203],[139.904933,38.568178],[139.904506,38.56804],[139.903879,38.568308],[139.903521,38.569167],[139.903253,38.569543],[139.902161,38.56974],[139.901768,38.569937],[139.901266,38.569954],[139.900837,38.57042],[139.900011,38.570609],[139.899463,38.570584],[139.898948,38.57005],[139.898978,38.569823],[139.900073,38.568861],[139.900349,38.56852],[139.900743,38.567851],[139.901097,38.567064],[139.901561,38.566482],[139.901893,38.565964],[139.902358,38.565087],[139.902465,38.564353],[139.902138,38.56356],[139.902046,38.563103],[139.901803,38.562774],[139.901408,38.562597],[139.900923,38.56252],[139.900406,38.562368],[139.900032,38.561758],[139.900014,38.561525],[139.900121,38.561293],[139.900621,38.560933],[139.902411,38.560877],[139.903066,38.560652],[139.903443,38.56037],[139.903748,38.559914],[139.904173,38.559433],[139.905873,38.558648],[139.90797,38.555915],[139.908455,38.5548],[139.908608,38.553688],[139.90882,38.552676],[139.90885,38.551334],[139.908973,38.551157],[139.911919,38.549739],[139.912466,38.549337],[139.912676,38.548945],[139.912801,38.548483],[139.912924,38.547197],[139.912921,38.545625],[139.912741,38.544891],[139.912346,38.54441],[139.911221,38.543727],[139.911009,38.5435],[139.910341,38.54241],[139.909611,38.54145],[139.908882,38.540842],[139.908031,38.540538],[139.907151,38.54041],[139.906361,38.540183],[139.905996,38.539854],[139.905813,38.539323],[139.905723,38.537904],[139.905479,38.537273],[139.904547,38.536328],[139.904285,38.535711],[139.904022,38.534675],[139.903825,38.534137],[139.903707,38.53356],[139.903773,38.533022],[139.903983,38.532458],[139.904429,38.53192],[139.904954,38.531553],[139.905311,38.531405],[139.905633,38.531047],[139.905544,38.529812],[139.905358,38.529045],[139.903141,38.528135],[139.900074,38.526414],[139.899483,38.525925],[139.899247,38.525518],[139.898867,38.525098],[139.898249,38.524843],[139.897217,38.524312],[139.896184,38.523883],[139.895457,38.523706],[139.894332,38.523555],[139.892504,38.523145],[139.892176,38.523014],[139.891744,38.522659],[139.891271,38.522109],[139.89076,38.521702],[139.88929,38.521098],[139.88847,38.520642],[139.887588,38.52044],[139.887286,38.520238],[139.887073,38.519934],[139.886768,38.519707],[139.885646,38.51953],[139.882548,38.519327],[139.882495,38.519918],[139.882325,38.520115],[139.882088,38.520272],[139.881669,38.520285],[139.881406,38.520219],[139.881262,38.520049],[139.881183,38.51959],[139.881511,38.518107],[139.881275,38.51774],[139.879692,38.517149],[139.877809,38.516871],[139.876644,38.516848],[139.876684,38.516258],[139.876828,38.515694],[139.877012,38.515274],[139.877248,38.514893],[139.877602,38.514579],[139.877891,38.514211],[139.878074,38.513883],[139.878063,38.513503],[139.877786,38.513136],[139.876605,38.512217],[139.876592,38.511994],[139.876999,38.511483],[139.877222,38.511115],[139.876802,38.510919],[139.8757,38.510735],[139.874887,38.51042],[139.874309,38.510381],[139.873798,38.510236],[139.873116,38.509922],[139.872788,38.509607],[139.872407,38.508531],[139.872355,38.508138],[139.872965,38.507495],[139.873424,38.506734],[139.873686,38.506458],[139.874316,38.506235],[139.874723,38.506144],[139.874946,38.506025],[139.874611,38.505501],[139.874782,38.505186],[139.87556,38.504695],[139.875593,38.504391],[139.87629,38.50381],[139.876413,38.503531],[139.876583,38.502906],[139.877707,38.502569],[139.87815,38.502225],[139.878477,38.501846],[139.87859,38.501573],[139.879055,38.50124],[139.879617,38.500931],[139.881384,38.500494],[139.881515,38.500161],[139.881631,38.49949],[139.882148,38.498999],[139.882496,38.497825],[139.882664,38.497593],[139.883206,38.497128],[139.884554,38.496574],[139.884928,38.496264],[139.885367,38.495761],[139.885535,38.495283],[139.885431,38.494935],[139.885431,38.494625],[139.885625,38.494316],[139.886476,38.494083],[139.886825,38.493864],[139.887005,38.49349],[139.887212,38.493258],[139.887444,38.493141],[139.88747,38.492858],[139.887096,38.4922],[139.886838,38.491632],[139.88676,38.491967],[139.886773,38.492303],[139.88698,38.492522],[139.887134,38.492909],[139.887115,38.49309],[139.886612,38.493477],[139.886444,38.493683],[139.885644,38.494019],[139.885347,38.494174],[139.885089,38.49438],[139.885064,38.494677],[139.885193,38.494948],[139.885193,38.495232],[139.885012,38.495567],[139.88418,38.496329],[139.883225,38.496819],[139.881948,38.497193],[139.881573,38.497451],[139.881444,38.497903],[139.881186,38.498341],[139.880657,38.498599],[139.880193,38.498587],[139.879909,38.498767],[139.879773,38.499567],[139.879244,38.499812],[139.878728,38.499812],[139.878406,38.499619],[139.878109,38.49918],[139.877902,38.499167],[139.877477,38.499632],[139.877373,38.499864],[139.877335,38.500251],[139.87709,38.500535],[139.876432,38.500883],[139.876161,38.500767],[139.875412,38.501361],[139.875141,38.501812],[139.874896,38.502393],[139.874522,38.502638],[139.8739,38.502906],[139.873408,38.503388],[139.873133,38.503484],[139.872614,38.503431],[139.872234,38.503589],[139.871895,38.503991],[139.871589,38.504805],[139.87107,38.505588],[139.870764,38.505905],[139.870082,38.506117],[139.869828,38.505958],[139.869923,38.50415],[139.869749,38.503748],[139.869474,38.503885],[139.869294,38.504414],[139.86904,38.504531],[139.868903,38.504689],[139.868807,38.505313],[139.868268,38.505757],[139.868046,38.505842],[139.867517,38.505905],[139.867105,38.506022],[139.866872,38.50599],[139.865825,38.504996],[139.863695,38.503494],[139.86278,38.502906],[139.862916,38.502677],[139.862838,38.502483],[139.86249,38.502315],[139.862154,38.501993],[139.861819,38.501386],[139.861432,38.500535],[139.861264,38.500057],[139.861238,38.499374],[139.861071,38.499309],[139.860774,38.499451],[139.860296,38.499322],[139.859948,38.499077],[139.859742,38.498716],[139.859613,38.498135],[139.859638,38.497632],[139.859832,38.497425],[139.860335,38.497206],[139.860703,38.496961],[139.860729,38.496767],[139.8606,38.496677],[139.860019,38.496716],[139.859645,38.496793],[139.859271,38.496677],[139.858935,38.496341],[139.858729,38.49598],[139.858638,38.495683],[139.858509,38.495529],[139.85789,38.4954],[139.857593,38.495193],[139.857258,38.494677],[139.857028,38.494538],[139.856538,38.494538],[139.85629,38.494088],[139.8561,38.49385],[139.854463,38.4931],[139.854355,38.49295],[139.854328,38.492671],[139.854028,38.49265],[139.853536,38.492327],[139.852008,38.491855],[139.851983,38.491298],[139.851328,38.491663],[139.850891,38.491575],[139.849281,38.491019],[139.848436,38.491019],[139.848163,38.49089],[139.847863,38.490869],[139.847236,38.491105],[139.847019,38.490911],[139.846199,38.490717],[139.845846,38.490503],[139.845654,38.490225],[139.845571,38.489709],[139.845409,38.489259],[139.844864,38.488809],[139.844781,38.488142],[139.844699,38.487928],[139.842764,38.487242],[139.842081,38.487242],[139.841509,38.486705],[139.840062,38.486319],[139.839572,38.485372],[139.839599,38.485076],[139.840309,38.483895],[139.840582,38.483691],[139.841999,38.482872],[139.844454,38.48128],[139.844781,38.481008],[139.845464,38.480133],[139.845981,38.479701],[139.847074,38.479133],[139.847891,38.478837],[139.848464,38.478543],[139.850046,38.47727],[139.850401,38.47711],[139.851109,38.476906],[139.853073,38.476429],[139.853618,38.476156],[139.854328,38.475633],[139.855628,38.474121],[139.855993,38.473442],[139.856728,38.471723],[139.857028,38.471246],[139.857383,38.47095],[139.857983,38.470657],[139.858693,38.470384],[139.859985,38.470073],[139.860085,38.46999],[139.860165,38.469815],[139.859838,38.469769],[139.859045,38.469861],[139.858038,38.470088],[139.857218,38.470407],[139.856566,38.470884],[139.856318,38.471223],[139.855391,38.473542],[139.854846,38.474496],[139.854218,38.47511],[139.853456,38.475656],[139.852718,38.475975],[139.851818,38.476179],[139.849636,38.476883],[139.848109,38.477883],[139.847674,38.478064],[139.845709,38.478679],[139.845246,38.478929],[139.844809,38.47927],[139.844454,38.479747],[139.843826,38.480793],[139.843526,38.480974],[139.843226,38.480882],[139.842872,38.480543],[139.842192,38.479201],[139.841344,38.478202],[139.841072,38.47802],[139.840089,38.477724],[139.839789,38.477564],[139.839544,38.477133],[139.839409,38.476679],[139.839189,38.476474],[139.838534,38.476225],[139.838182,38.47602],[139.838154,38.475747],[139.838427,38.475314],[139.838534,38.475018],[139.838427,38.474679],[139.837934,38.47386],[139.838017,38.472746],[139.837962,38.472473],[139.837527,38.472042],[139.837362,38.471792],[139.837362,38.47136],[139.837745,38.470519],[139.838345,38.469904],[139.838562,38.469565],[139.839,38.467792],[139.839137,38.467427],[139.839462,38.467246],[139.839762,38.467155],[139.839845,38.466609],[139.839789,38.466382],[139.8381,38.464836],[139.837255,38.464359],[139.837035,38.464076],[139.835917,38.462303],[139.835835,38.461984],[139.83578,38.461211],[139.835862,38.460869],[139.836055,38.46053],[139.836107,38.460234],[139.83578,38.458757],[139.835835,38.458439],[139.83608,38.458051],[139.836272,38.457597],[139.8363,38.456939],[139.836217,38.456528],[139.836,38.456074],[139.835945,38.455643],[139.836027,38.455347],[139.836245,38.454939],[139.836355,38.454483],[139.836327,38.453939],[139.836162,38.453416],[139.835835,38.452801],[139.835808,38.451539],[139.835728,38.4512],[139.834445,38.450085],[139.833953,38.449358],[139.83379,38.448904],[139.833708,38.448427],[139.833708,38.447198],[139.833545,38.446836],[139.83379,38.445881],[139.833818,38.445563],[139.833735,38.44529],[139.832125,38.443119],[139.831773,38.442323],[139.830818,38.441188],[139.830108,38.44062],[139.829836,38.440301],[139.829646,38.43987],[139.829563,38.439551],[139.829891,38.438324],[139.830326,38.437141],[139.830408,38.436597],[139.830408,38.435756],[139.830511,38.435412],[139.831798,38.433233],[139.831331,38.433],[139.830826,38.432883],[139.830321,38.432929],[139.829816,38.432883],[139.829198,38.432531],[139.828833,38.432462],[139.825463,38.432414],[139.823164,38.432229],[139.821619,38.431971],[139.820271,38.431854],[139.817856,38.431877],[139.815394,38.431535],[139.812917,38.426777],[139.812196,38.427006],[139.812236,38.42651],[139.811784,38.426033]]],[[[139.852417,38.343321],[139.852377,38.343915],[139.851724,38.344829],[139.850647,38.345286],[139.849897,38.345547],[139.849015,38.345628],[139.848053,38.345449],[139.847008,38.345106],[139.845882,38.34416],[139.845392,38.343573],[139.845067,38.343446],[139.841455,38.343216],[139.839373,38.342925],[139.838268,38.342945],[139.837615,38.343614],[139.83739,38.343781],[139.837038,38.343906],[139.836638,38.343968],[139.831571,38.344241],[139.829891,38.344262],[139.829238,38.344345],[139.828561,38.344512],[139.827606,38.344931],[139.827347,38.342712],[139.828223,38.343071],[139.82898,38.343202],[139.829359,38.343071],[139.829672,38.342593],[139.82987,38.342165],[139.830101,38.341291],[139.830166,38.3406],[139.83188,38.340237],[139.83239,38.338788],[139.833593,38.336877],[139.833634,38.33663],[139.833397,38.336257],[139.83351,38.33586],[139.834031,38.334758],[139.834552,38.334498],[139.834852,38.334238],[139.835072,38.333837],[139.835333,38.333597],[139.836494,38.333116],[139.836855,38.332235],[139.837315,38.331474],[139.838247,38.330753],[139.837699,38.330294],[139.837508,38.329939],[139.83728,38.329078],[139.837267,38.328539],[139.836536,38.328629],[139.835972,38.328527],[139.835536,38.328321],[139.834723,38.32777],[139.833825,38.326836],[139.832902,38.326002],[139.832108,38.325502],[139.830781,38.324233],[139.830076,38.323798],[139.82666,38.322426],[139.825032,38.32158],[139.824443,38.321003],[139.823808,38.320593],[139.822577,38.320093],[139.821783,38.31944],[139.821578,38.318991],[139.821437,38.318453],[139.821462,38.317824],[139.821565,38.317517],[139.822154,38.316953],[139.822424,38.316427],[139.822622,38.315633],[139.822981,38.314684],[139.823366,38.31412],[139.824032,38.313607],[139.824173,38.313133],[139.824237,38.312479],[139.824084,38.311813],[139.822885,38.309967],[139.822731,38.309429],[139.822616,38.307416],[139.821392,38.305647],[139.82102,38.304827],[139.82102,38.304327],[139.821161,38.303802],[139.821789,38.302545],[139.822622,38.301033],[139.822058,38.300905],[139.821469,38.300956],[139.820065,38.301251],[139.819347,38.301648],[139.818732,38.301763],[139.817848,38.302174],[139.817027,38.302866],[139.815995,38.301328],[139.815521,38.300046],[139.815214,38.298495],[139.814938,38.295572],[139.814771,38.294906],[139.814694,38.294188],[139.815002,38.293329],[139.81513,38.292791],[139.815335,38.29247],[139.816181,38.291906],[139.816848,38.290817],[139.817181,38.290432],[139.81754,38.290407],[139.818259,38.290475],[139.818394,38.290544],[139.818717,38.290525],[139.818944,38.290363],[139.819044,38.29015],[139.819157,38.290048],[139.819597,38.289956],[139.819854,38.289804],[139.820227,38.289317],[139.820542,38.289131],[139.820587,38.289063],[139.820624,38.288692],[139.820687,38.288544],[139.820809,38.288419],[139.821326,38.288363],[139.821794,38.288392],[139.822501,38.288534],[139.822759,38.28865],[139.823749,38.288659],[139.824394,38.288842],[139.824784,38.288802],[139.825324,38.288554],[139.825639,38.288348],[139.825884,38.288275],[139.826546,38.288275],[139.826899,38.288173],[139.827481,38.287819],[139.827951,38.287611],[139.828209,38.287546],[139.829126,38.287523],[139.829389,38.287467],[139.830171,38.286996],[139.831706,38.286559],[139.831998,38.286167],[139.832191,38.285653],[139.832361,38.285461],[139.832598,38.285278],[139.833138,38.28504],[139.834261,38.283863],[139.834496,38.283432],[139.835123,38.282849],[139.836438,38.279757],[139.837651,38.276292],[139.837352,38.274868],[139.836967,38.273751],[139.837025,38.273173],[139.837987,38.271075],[139.838064,38.269978],[139.837699,38.268457],[139.837314,38.267668],[139.83791,38.267649],[139.838979,38.267899],[139.840038,38.268457],[139.841462,38.268881],[139.84204,38.268881],[139.842097,38.268611],[139.841732,38.266725],[139.841789,38.266397],[139.842155,38.265762],[139.842906,38.264915],[139.843965,38.264472],[139.8446,38.264087],[139.844898,38.263028],[139.84538,38.260853],[139.846535,38.258832],[139.847266,38.257658],[139.847632,38.257427],[139.848363,38.257504],[139.849461,38.257465],[139.851001,38.257504],[139.851915,38.25785],[139.853417,38.258197],[139.856131,38.259024],[139.858249,38.26016],[139.85925,38.261026],[139.860212,38.261007],[139.860174,38.260526],[139.858393,38.257869],[139.858143,38.257157],[139.858027,38.256387],[139.858008,38.255598],[139.8582,38.255232],[139.858143,38.254789],[139.857873,38.254366],[139.857989,38.254269],[139.859298,38.254019],[139.859509,38.253846],[139.859278,38.253615],[139.859144,38.253268],[139.858932,38.252325],[139.858643,38.252441],[139.8582,38.252364],[139.856872,38.251959],[139.857498,38.250554],[139.857941,38.250265],[139.858268,38.249938],[139.858268,38.249476],[139.858422,38.249072],[139.858614,38.248918],[139.858711,38.248206],[139.858614,38.247647],[139.858441,38.247205],[139.858826,38.246954],[139.859962,38.246858],[139.860462,38.246069],[139.860847,38.246127],[139.861194,38.245973],[139.861309,38.245626],[139.860809,38.245106],[139.860867,38.244914],[139.861213,38.244721],[139.861415,38.243836],[139.861146,38.243605],[139.860876,38.243277],[139.860934,38.243104],[139.861338,38.242892],[139.861435,38.242623],[139.8613,38.242276],[139.861319,38.241237],[139.861165,38.241025],[139.861165,38.240467],[139.861358,38.239812],[139.861646,38.23935],[139.86028,38.238696],[139.860299,38.23833],[139.860665,38.237887],[139.861107,38.237618],[139.861107,38.237348],[139.860934,38.237002],[139.861569,38.234133],[139.862476,38.233518],[139.863769,38.23473],[139.8644,38.235961],[139.864527,38.236426],[139.864386,38.23737],[139.863998,38.239104],[139.866014,38.238498],[139.866634,38.23816],[139.867621,38.237145],[139.868939,38.235651],[139.869912,38.234438],[139.872097,38.232704],[139.8718,38.232282],[139.871321,38.231408],[139.871208,38.230914],[139.871356,38.230238],[139.87161,38.22966],[139.871652,38.228969],[139.871554,38.22849],[139.870468,38.226361],[139.868918,38.224275],[139.868735,38.223923],[139.869834,38.223923],[139.870158,38.22412],[139.870567,38.224501],[139.871053,38.224684],[139.872111,38.22474],[139.872717,38.225022],[139.873323,38.225473],[139.874845,38.225952],[139.875141,38.226206],[139.875296,38.226615],[139.875409,38.227193],[139.875606,38.227517],[139.87591,38.227672],[139.876868,38.227841],[139.877249,38.228081],[139.877559,38.228617],[139.877911,38.228842],[139.878405,38.229025],[139.878757,38.229223],[139.878841,38.229533],[139.878771,38.229984],[139.878433,38.230802],[139.878461,38.231098],[139.878954,38.232352],[139.878912,38.232775],[139.878715,38.233198],[139.878658,38.23355],[139.878778,38.233748],[139.879229,38.233889],[139.879215,38.234142],[139.878412,38.234861],[139.877756,38.235693],[139.87777,38.236045],[139.878264,38.236694],[139.878362,38.237102],[139.878235,38.237441],[139.877897,38.238033],[139.877925,38.23823],[139.878602,38.240246],[139.878757,38.24057],[139.879166,38.240796],[139.88035,38.240866],[139.88109,38.241698],[139.881456,38.241782],[139.88319,38.241303],[139.883641,38.241402],[139.884762,38.241895],[139.886186,38.242374],[139.888272,38.242755],[139.888603,38.242938],[139.889012,38.243798],[139.88897,38.244954],[139.889125,38.245349],[139.889463,38.245856],[139.889928,38.246744],[139.890196,38.247985],[139.890006,38.248422],[139.888525,38.249084],[139.887694,38.249592],[139.887694,38.250043],[139.887891,38.250931],[139.888173,38.251495],[139.888582,38.251932],[139.889357,38.252326],[139.891274,38.252524],[139.891725,38.252876],[139.89188,38.253327],[139.891817,38.253905],[139.891887,38.254102],[139.892367,38.254398],[139.893804,38.255131],[139.893875,38.256203],[139.894086,38.256795],[139.894791,38.257344],[139.895214,38.257894],[139.895651,38.258204],[139.896694,38.258641],[139.897434,38.259177],[139.898731,38.259388],[139.898717,38.258726],[139.899379,38.255357],[139.899718,38.254821],[139.90012,38.253919],[139.90012,38.253186],[139.900218,38.252975],[139.900726,38.252242],[139.901388,38.250762],[139.901501,38.250127],[139.901769,38.249831],[139.902537,38.249197],[139.903157,38.249014],[139.90444,38.248732],[139.905356,38.24845],[139.906435,38.247759],[139.906984,38.247336],[139.907562,38.246434],[139.907858,38.246194],[139.908366,38.246166],[139.909409,38.246364],[139.911524,38.245983],[139.912124,38.245786],[139.913036,38.246088],[139.914346,38.246313],[139.915461,38.246644],[139.916015,38.246732],[139.916935,38.246703],[139.91662,38.247747],[139.916539,38.24918],[139.916803,38.250653],[139.916816,38.25118],[139.916478,38.251653],[139.916302,38.252478],[139.916167,38.253735],[139.916289,38.254046],[139.917776,38.253221],[139.919019,38.252383],[139.919884,38.253829],[139.920499,38.254424],[139.921743,38.255019],[139.92304,38.256925],[139.925345,38.259641],[139.925629,38.260628],[139.925602,38.261115],[139.924926,38.262412],[139.924939,38.262858],[139.925291,38.263196],[139.925615,38.26371],[139.926223,38.264034],[139.92723,38.264237],[139.928514,38.26425],[139.929447,38.264372],[139.931535,38.265129],[139.932509,38.265359],[139.933847,38.265535],[139.935556,38.26617],[139.936408,38.26671],[139.937057,38.266913],[139.938125,38.267048],[139.939145,38.267048],[139.940051,38.267184],[139.940875,38.26763],[139.941686,38.268441],[139.94243,38.269373],[139.943193,38.2699],[139.943734,38.269981],[139.944356,38.269914],[139.944991,38.270049],[139.94618,38.270482],[139.947681,38.271522],[139.948661,38.272833],[139.94889,38.273401],[139.948999,38.274347],[139.948661,38.275023],[139.947904,38.27551],[139.946606,38.275875],[139.945511,38.275983],[139.944335,38.275915],[139.943605,38.27578],[139.942112,38.274915],[139.939578,38.274347],[139.938915,38.274036],[139.938442,38.273617],[139.93805,38.273036],[139.937483,38.272455],[139.936476,38.272117],[139.934556,38.271684],[139.932576,38.27086],[139.930441,38.270292],[139.927366,38.269833],[139.924629,38.269292],[139.923236,38.2689],[139.922101,38.268414],[139.921331,38.267981],[139.920817,38.2674],[139.920479,38.266589],[139.919796,38.267305],[139.919404,38.269184],[139.918843,38.270387],[139.918384,38.270955],[139.916424,38.272076],[139.915478,38.272685],[139.914593,38.273631],[139.913741,38.274401],[139.913214,38.274712],[139.911349,38.275604],[139.908043,38.276591],[139.904981,38.277618],[139.902211,38.278645],[139.901589,38.278699],[139.901751,38.280538],[139.902657,38.283863],[139.902995,38.286377],[139.903076,38.287634],[139.903049,38.288593],[139.902792,38.289634],[139.902413,38.29058],[139.901711,38.293743],[139.901102,38.294838],[139.900629,38.295365],[139.89944,38.296176],[139.894358,38.30015],[139.891938,38.301393],[139.890553,38.302867],[139.88958,38.303624],[139.888525,38.304016],[139.886221,38.304691],[139.884653,38.305097],[139.882639,38.305354],[139.882315,38.305705],[139.881821,38.308652],[139.881429,38.309409],[139.880429,38.310801],[139.880213,38.311328],[139.879915,38.313153],[139.880023,38.313856],[139.880023,38.314423],[139.879794,38.314775],[139.879429,38.315167],[139.878983,38.31541],[139.878537,38.315748],[139.878388,38.316086],[139.878469,38.316735],[139.87862,38.317086],[139.878742,38.317245],[139.878603,38.317549],[139.878196,38.318187],[139.877913,38.318516],[139.877426,38.318922],[139.875361,38.319911],[139.871591,38.322033],[139.869633,38.323224],[139.869258,38.323681],[139.868817,38.324595],[139.868279,38.326292],[139.867805,38.327075],[139.866598,38.328511],[139.865464,38.329767],[139.864305,38.3306],[139.862396,38.331628],[139.86114,38.33215],[139.859377,38.333782],[139.855795,38.335984],[139.854278,38.336148],[139.853168,38.336637],[139.851217,38.338188],[139.850859,38.338416],[139.850843,38.33871],[139.851169,38.339428],[139.851284,38.340048],[139.851186,38.340635],[139.851382,38.340994],[139.851757,38.341418],[139.852034,38.341924],[139.85223,38.342463],[139.852417,38.343321]]],[[[139.878742,38.317245],[139.87862,38.317086],[139.878469,38.316735],[139.878388,38.316086],[139.878537,38.315748],[139.878983,38.31541],[139.879429,38.315167],[139.879794,38.314775],[139.880023,38.314423],[139.880023,38.313856],[139.879915,38.313153],[139.880213,38.311328],[139.880429,38.310801],[139.881429,38.309409],[139.881821,38.308652],[139.882315,38.305705],[139.882639,38.305354],[139.884653,38.305097],[139.886221,38.304691],[139.888525,38.304016],[139.88958,38.303624],[139.890553,38.302867],[139.891938,38.301393],[139.894358,38.30015],[139.89944,38.296176],[139.900629,38.295365],[139.901102,38.294838],[139.901711,38.293743],[139.902413,38.29058],[139.902792,38.289634],[139.903049,38.288593],[139.903076,38.287634],[139.902995,38.286377],[139.902657,38.283863],[139.901751,38.280538],[139.901589,38.278699],[139.902211,38.278645],[139.904981,38.277618],[139.908043,38.276591],[139.911349,38.275604],[139.913214,38.274712],[139.913741,38.274401],[139.914593,38.273631],[139.915478,38.272685],[139.916424,38.272076],[139.918384,38.270955],[139.918843,38.270387],[139.919404,38.269184],[139.919796,38.267305],[139.920479,38.266589],[139.920817,38.2674],[139.921331,38.267981],[139.922101,38.268414],[139.923236,38.2689],[139.924629,38.269292],[139.927366,38.269833],[139.930441,38.270292],[139.932576,38.27086],[139.934556,38.271684],[139.936476,38.272117],[139.937483,38.272455],[139.93805,38.273036],[139.938442,38.273617],[139.938915,38.274036],[139.939578,38.274347],[139.942112,38.274915],[139.943605,38.27578],[139.944335,38.275915],[139.945511,38.275983],[139.946606,38.275875],[139.947904,38.27551],[139.948661,38.275023],[139.948999,38.274347],[139.94889,38.273401],[139.948661,38.272833],[139.947681,38.271522],[139.94618,38.270482],[139.944991,38.270049],[139.944356,38.269914],[139.943734,38.269981],[139.943193,38.2699],[139.94243,38.269373],[139.941686,38.268441],[139.940875,38.26763],[139.940051,38.267184],[139.939145,38.267048],[139.938125,38.267048],[139.937057,38.266913],[139.936408,38.26671],[139.935556,38.26617],[139.933847,38.265535],[139.932509,38.265359],[139.931535,38.265129],[139.929447,38.264372],[139.928514,38.26425],[139.92723,38.264237],[139.926223,38.264034],[139.925615,38.26371],[139.925291,38.263196],[139.924939,38.262858],[139.924926,38.262412],[139.925602,38.261115],[139.925629,38.260628],[139.925345,38.259641],[139.92304,38.256925],[139.921743,38.255019],[139.920499,38.254424],[139.919884,38.253829],[139.919019,38.252383],[139.917776,38.253221],[139.916289,38.254046],[139.916167,38.253735],[139.916302,38.252478],[139.916478,38.251653],[139.916816,38.25118],[139.916803,38.250653],[139.916539,38.24918],[139.91662,38.247747],[139.916935,38.246703],[139.917,38.246317],[139.917193,38.246032],[139.91741,38.245851],[139.91845,38.245599],[139.918725,38.245463],[139.918863,38.245257],[139.91891,38.244678],[139.919008,38.244397],[139.919978,38.243051],[139.920605,38.242332],[139.921385,38.24166],[139.92233,38.240714],[139.923583,38.239637],[139.924307,38.239123],[139.925292,38.238804],[139.926157,38.238244],[139.92654,38.238083],[139.927207,38.23795],[139.92855,38.23788],[139.929507,38.237595],[139.93,38.237309],[139.93045,38.236797],[139.93071,38.236364],[139.931575,38.234592],[139.931767,38.23438],[139.932305,38.234034],[139.933652,38.233364],[139.934907,38.232852],[139.936879,38.23236],[139.938057,38.232189],[139.939604,38.231654],[139.941054,38.230931],[139.941464,38.230846],[139.942591,38.230909],[139.943379,38.230577],[139.943956,38.230446],[139.944804,38.231096],[139.945281,38.231394],[139.947096,38.232334],[139.948641,38.23295],[139.949598,38.23319],[139.9505,38.233338],[139.951855,38.233394],[139.95269,38.233302],[139.95381,38.233067],[139.954772,38.233129],[139.95571,38.233319],[139.956295,38.233354],[139.956476,38.233871],[139.956908,38.234443],[139.957608,38.235073],[139.959049,38.236684],[139.959177,38.237057],[139.959306,38.237921],[139.959539,38.238294],[139.959971,38.238539],[139.960543,38.238679],[139.961266,38.238773],[139.961605,38.238971],[139.962568,38.240115],[139.963524,38.240733],[139.963945,38.241737],[139.964341,38.242367],[139.965975,38.243803],[139.96643,38.244304],[139.966845,38.24497],[139.967335,38.245506],[139.967638,38.246475],[139.968099,38.247269],[139.968554,38.247794],[139.969231,38.248237],[139.96978,38.248354],[139.970001,38.248155],[139.970211,38.247665],[139.970468,38.247269],[139.970783,38.24707],[139.97146,38.246778],[139.972808,38.245623],[139.973473,38.245425],[139.974477,38.245623],[139.974885,38.24553],[139.975615,38.244865],[139.976688,38.244141],[139.978754,38.242904],[139.979425,38.242134],[139.979775,38.241877],[139.980067,38.241889],[139.98044,38.241994],[139.980872,38.242215],[139.981479,38.242391],[139.981957,38.242426],[139.982564,38.242332],[139.983101,38.242029],[139.98355,38.241679],[139.98418,38.24148],[139.985196,38.241259],[139.986306,38.241136],[139.987358,38.240853],[139.987783,38.240807],[139.98937,38.240863],[139.990135,38.240784],[139.990588,38.240659],[139.991073,38.240308],[139.991615,38.239676],[139.991778,38.23964],[139.992585,38.239622],[139.99441,38.239734],[139.994931,38.240001],[139.994191,38.240467],[139.994155,38.240623],[139.99433,38.240737],[139.994636,38.240761],[139.995603,38.240563],[139.99641,38.241224],[139.996681,38.241356],[139.997012,38.241723],[139.99777,38.242913],[139.998039,38.243207],[139.998669,38.244105],[139.999155,38.244469],[139.9995,38.244873],[139.999825,38.245498],[139.999918,38.246096],[139.999618,38.247692],[139.99976,38.248006],[139.998891,38.248167],[139.998155,38.248062],[139.997362,38.247782],[139.996662,38.247369],[139.99329,38.246017],[139.992752,38.24623],[139.991737,38.24651],[139.991118,38.24658],[139.990185,38.246592],[139.988901,38.247023],[139.987874,38.247444],[139.987125,38.248108],[139.986975,38.248496],[139.98694,38.248881],[139.987003,38.249591],[139.987384,38.250338],[139.987781,38.25091],[139.987897,38.25126],[139.987897,38.251598],[139.987711,38.251972],[139.987349,38.252427],[139.987215,38.252835],[139.987168,38.254049],[139.987016,38.254597],[139.986643,38.255111],[139.986561,38.255659],[139.986234,38.256289],[139.986899,38.25699],[139.984093,38.25734],[139.980516,38.25769],[139.979874,38.258017],[139.979454,38.258495],[139.978976,38.259207],[139.97873,38.260386],[139.978334,38.261144],[139.977914,38.261389],[139.978398,38.262253],[139.978818,38.263186],[139.97939,38.2651],[139.979886,38.267551],[139.980073,38.267831],[139.981228,38.268029],[139.981566,38.268216],[139.98152,38.268426],[139.981263,38.268741],[139.980773,38.269115],[139.980294,38.270784],[139.978526,38.271262],[139.976157,38.271449],[139.974751,38.271472],[139.972604,38.272324],[139.971845,38.272417],[139.970632,38.272347],[139.970421,38.272989],[139.970305,38.273631],[139.970235,38.27453],[139.970299,38.275066],[139.970649,38.275393],[139.970707,38.276047],[139.970532,38.276175],[139.969832,38.276338],[139.969109,38.27663],[139.968274,38.27705],[139.967737,38.277879],[139.967271,38.278334],[139.966325,38.279128],[139.96615,38.279489],[139.965806,38.282337],[139.965573,38.282769],[139.965246,38.283189],[139.965222,38.28348],[139.965409,38.283877],[139.965818,38.284332],[139.965993,38.284928],[139.965899,38.285453],[139.965683,38.285838],[139.965403,38.286643],[139.965415,38.287098],[139.965648,38.287612],[139.966372,38.288289],[139.966617,38.288779],[139.96692,38.290728],[139.967008,38.292175],[139.967148,38.292431],[139.968292,38.292968],[139.968583,38.293283],[139.9687,38.293925],[139.968595,38.295092],[139.968928,38.296924],[139.967912,38.297076],[139.967796,38.296691],[139.967119,38.296738],[139.966827,38.296703],[139.966629,38.296352],[139.966407,38.295594],[139.966407,38.295162],[139.966582,38.294474],[139.966535,38.294205],[139.965794,38.293517],[139.965479,38.293295],[139.964941,38.293068],[139.964595,38.29184],[139.96444,38.291617],[139.964423,38.29136],[139.964509,38.290555],[139.964458,38.290212],[139.964098,38.289801],[139.963326,38.289235],[139.962264,38.288669],[139.961235,38.288224],[139.959118,38.287692],[139.958587,38.28747],[139.95761,38.28663],[139.956582,38.28615],[139.955708,38.285927],[139.954722,38.285498],[139.953111,38.284333],[139.952082,38.283853],[139.950797,38.283407],[139.94904,38.28315],[139.947278,38.282292],[139.945766,38.283733],[139.944498,38.28483],[139.94359,38.286064],[139.943641,38.288824],[139.943358,38.289681],[139.942553,38.290229],[139.941558,38.290538],[139.940547,38.290778],[139.940222,38.291257],[139.939639,38.29256],[139.938542,38.293623],[139.937008,38.294994],[139.936956,38.295834],[139.936511,38.296691],[139.935637,38.297685],[139.935757,38.299056],[139.935422,38.300702],[139.935782,38.301216],[139.936399,38.301901],[139.936622,38.30257],[139.9328,38.303684],[139.931857,38.304627],[139.930255,38.306855],[139.928815,38.307609],[139.926689,38.309237],[139.925987,38.309837],[139.923013,38.30898],[139.922533,38.308055],[139.922036,38.307369],[139.921487,38.307026],[139.920836,38.306872],[139.917245,38.306512],[139.915343,38.306204],[139.913826,38.305672],[139.913243,38.306289],[139.912677,38.307301],[139.91242,38.308363],[139.911838,38.309443],[139.911786,38.310112],[139.911803,38.312425],[139.912018,38.314448],[139.912275,38.315219],[139.91236,38.317156],[139.912892,38.318527],[139.913226,38.319042],[139.913209,38.319624],[139.91434,38.32067],[139.914306,38.321321],[139.9147,38.321733],[139.914991,38.322521],[139.91506,38.323155],[139.914957,38.323687],[139.915077,38.324115],[139.915334,38.324389],[139.915574,38.324561],[139.91614,38.324389],[139.9165,38.324115],[139.917585,38.323999],[139.918965,38.324056],[139.91954,38.324239],[139.920281,38.325108],[139.922835,38.327165],[139.923041,38.327473],[139.923366,38.32773],[139.923881,38.327748],[139.924035,38.328039],[139.924326,38.328913],[139.92448,38.329633],[139.924412,38.330079],[139.92472,38.330798],[139.925063,38.331364],[139.925217,38.332444],[139.925337,38.332804],[139.925697,38.333112],[139.926074,38.333318],[139.926811,38.333438],[139.92718,38.333712],[139.927296,38.334268],[139.927263,38.335174],[139.927294,38.335499],[139.927928,38.336396],[139.928268,38.337014],[139.929243,38.339087],[139.93128,38.340489],[139.931447,38.340769],[139.931253,38.341774],[139.931157,38.342992],[139.930519,38.344461],[139.929842,38.345428],[139.929185,38.345892],[139.928711,38.346162],[139.928769,38.346607],[139.930664,38.348675],[139.930702,38.349081],[139.930528,38.349681],[139.93047,38.350183],[139.930548,38.350531],[139.93134,38.351092],[139.932056,38.351479],[139.932423,38.351498],[139.93279,38.351633],[139.93308,38.352213],[139.93308,38.352735],[139.932142,38.353412],[139.931988,38.354591],[139.931466,38.355461],[139.930731,38.35608],[139.92961,38.356776],[139.931118,38.358051],[139.931795,38.358148],[139.932703,38.358419],[139.935274,38.360661],[139.935622,38.361067],[139.93569,38.361841],[139.936724,38.364278],[139.936949,38.364664],[139.937226,38.364812],[139.937676,38.364895],[139.939883,38.364895],[139.941184,38.365443],[139.941806,38.365559],[139.941097,38.366667],[139.941,38.367444],[139.941136,38.368785],[139.941388,38.369737],[139.941835,38.370554],[139.942807,38.371273],[139.943565,38.372089],[139.944031,38.372847],[139.944041,38.373177],[139.943944,38.374149],[139.943769,38.37477],[139.943468,38.376986],[139.943157,38.377472],[139.942535,38.378191],[139.94236,38.378618],[139.942418,38.379182],[139.943118,38.38025],[139.94372,38.381747],[139.944128,38.382271],[139.944789,38.382602],[139.945634,38.382757],[139.946625,38.383049],[139.94748,38.383612],[139.949074,38.384972],[139.949579,38.385575],[139.949579,38.386002],[139.949171,38.386508],[139.948122,38.387168],[139.946742,38.387751],[139.945207,38.388315],[139.94304,38.389597],[139.941388,38.390083],[139.940553,38.390258],[139.939406,38.390666],[139.938979,38.390647],[139.93859,38.390511],[139.938163,38.390569],[139.93758,38.390802],[139.936802,38.391307],[139.936161,38.392124],[139.935704,38.392376],[139.935005,38.392318],[139.9338,38.392124],[139.933586,38.39224],[139.933256,38.392687],[139.93242,38.394183],[139.933314,38.394883],[139.93415,38.396107],[139.935063,38.396826],[139.935763,38.397215],[139.935802,38.398186],[139.936414,38.398886],[139.937346,38.39943],[139.93789,38.399663],[139.939892,38.399994],[139.941252,38.400907],[139.941971,38.401218],[139.943089,38.401354],[139.944041,38.401257],[139.945498,38.400868],[139.946528,38.401451],[139.949326,38.402734],[139.948841,38.403375],[139.948433,38.404016],[139.94817,38.405007],[139.94782,38.405532],[139.947315,38.406095],[139.94749,38.406581],[139.94819,38.407456],[139.949161,38.41039],[139.949278,38.411828],[139.949482,38.41346],[139.949929,38.414451],[139.950259,38.414626],[139.95059,38.414626],[139.950687,38.414704],[139.950842,38.415034],[139.951386,38.415112],[139.951503,38.415267],[139.951678,38.415714],[139.951891,38.415773],[139.953485,38.415831],[139.953893,38.415928],[139.954301,38.416297],[139.954904,38.41655],[139.955807,38.41655],[139.955418,38.417502],[139.95503,38.419057],[139.95501,38.421097],[139.955302,38.42341],[139.957925,38.42512],[139.957974,38.425469],[139.957682,38.426363],[139.957741,38.426616],[139.95843,38.427704],[139.958586,38.430017],[139.958741,38.431357],[139.957886,38.431319],[139.955671,38.431435],[139.955088,38.431591],[139.953398,38.433126],[139.953495,38.433242],[139.954699,38.434059],[139.955156,38.434816],[139.955389,38.43503],[139.95741,38.435438],[139.957857,38.43571],[139.957916,38.437518],[139.957906,38.441054],[139.958022,38.441812],[139.958353,38.442376],[139.959713,38.443697],[139.961812,38.445912],[139.962589,38.446631],[139.961899,38.447545],[139.961608,38.448341],[139.961472,38.44906],[139.961297,38.449449],[139.960966,38.449585],[139.959762,38.449857],[139.95912,38.45009],[139.958537,38.450421],[139.958576,38.450751],[139.958868,38.451081],[139.961268,38.453122],[139.961773,38.45454],[139.962336,38.455395],[139.963425,38.456192],[139.965115,38.456989],[139.965951,38.457533],[139.965999,38.457785],[139.965261,38.458543],[139.965164,38.458815],[139.965533,38.459806],[139.96565,38.460817],[139.965533,38.461789],[139.96528,38.462702],[139.965232,38.46311],[139.96529,38.463693],[139.965737,38.464392],[139.96667,38.465578],[139.967058,38.466588],[139.967175,38.467346],[139.96838,38.468143],[139.969021,38.468804],[139.969449,38.469736],[139.970702,38.470786],[139.97146,38.471893],[139.972004,38.472825],[139.972295,38.473913],[139.972645,38.474302],[139.973034,38.474613],[139.973597,38.474885],[139.974452,38.475526],[139.974695,38.475993],[139.976133,38.478188],[139.97693,38.478985],[139.977338,38.47949],[139.977299,38.479898],[139.976988,38.480987],[139.976707,38.482444],[139.976357,38.483746],[139.976473,38.484251],[139.976979,38.484795],[139.978844,38.48567],[139.980243,38.486408],[139.980515,38.486816],[139.980535,38.487477],[139.98071,38.488177],[139.98097,38.48869],[139.980488,38.488745],[139.980003,38.489167],[139.979471,38.489411],[139.978961,38.48949],[139.976101,38.48929],[139.975374,38.489309],[139.974719,38.489511],[139.973992,38.489773],[139.973312,38.490238],[139.972562,38.490844],[139.972149,38.491088],[139.971422,38.49139],[139.968992,38.492119],[139.967894,38.492775],[139.96588,38.493172],[139.964518,38.493314],[139.963099,38.49303],[139.961908,38.492706],[139.960955,38.492744],[139.95893,38.493336],[139.957383,38.493705],[139.955977,38.494268],[139.955767,38.494127],[139.955327,38.493582],[139.954993,38.492844],[139.954853,38.492194],[139.954747,38.491368],[139.954325,38.49128],[139.952752,38.49128],[139.951206,38.491877],[139.949114,38.49193],[139.94777,38.491315],[139.947102,38.491174],[139.946346,38.491122],[139.945063,38.490542],[139.943622,38.49012],[139.942603,38.489979],[139.942304,38.489751],[139.942058,38.488854],[139.941742,38.488661],[139.941372,38.488345],[139.941021,38.487325],[139.940476,38.486571],[139.939931,38.486061],[139.93921,38.485838],[139.937678,38.485707],[139.93734,38.485598],[139.937003,38.48508],[139.936768,38.485015],[139.935418,38.485188],[139.934873,38.485209],[139.934535,38.485144],[139.933885,38.484669],[139.932951,38.484517],[139.932456,38.484321],[139.932041,38.483911],[139.931728,38.483478],[139.931208,38.482461],[139.930871,38.482069],[139.930353,38.481811],[139.930066,38.481594],[139.929443,38.480988],[139.928066,38.480751],[139.927546,38.480555],[139.926871,38.480186],[139.926299,38.479667],[139.927781,38.47813],[139.928663,38.477568],[139.928741,38.477436],[139.928586,38.476789],[139.928428,38.476549],[139.928274,38.475705],[139.928404,38.475078],[139.928379,38.474839],[139.928301,38.474558],[139.927911,38.474039],[139.927989,38.473951],[139.929106,38.473951],[139.929261,38.473908],[139.929521,38.473649],[139.929546,38.473433],[139.929469,38.472783],[139.929546,38.472372],[139.930273,38.471526],[139.930586,38.471377],[139.931886,38.471029],[139.932638,38.470164],[139.932691,38.469839],[139.932586,38.4696],[139.932248,38.469298],[139.931679,38.468952],[139.930404,38.467608],[139.928274,38.465942],[139.928041,38.465573],[139.927911,38.465119],[139.928014,38.464817],[139.928846,38.464211],[139.928924,38.463713],[139.928899,38.463148],[139.928274,38.46185],[139.928326,38.461396],[139.928481,38.461007],[139.929314,38.459944],[139.929339,38.459555],[139.929194,38.45926],[139.932078,38.459728],[139.932226,38.4593],[139.932241,38.458592],[139.932182,38.458297],[139.931326,38.457102],[139.930681,38.456582],[139.929607,38.455848],[139.92915,38.455391],[139.928767,38.45489],[139.928545,38.454108],[139.928398,38.453282],[139.927985,38.452559],[139.927675,38.452116],[139.927852,38.451673],[139.928545,38.451319],[139.930087,38.450965],[139.930721,38.451083],[139.932019,38.451201],[139.932964,38.451172],[139.934815,38.450744],[139.935848,38.45042],[139.936453,38.450538],[139.937102,38.450926],[139.940023,38.453414],[139.940212,38.453252],[139.941653,38.452416],[139.942531,38.452205],[139.943283,38.452234],[139.942776,38.45161],[139.942468,38.451317],[139.940093,38.449419],[139.93819,38.448335],[139.937014,38.447557],[139.936727,38.446132],[139.936727,38.445141],[139.937037,38.44427],[139.937463,38.443372],[139.937584,38.442622],[139.937565,38.441983],[139.937255,38.441039],[139.936848,38.440039],[139.936866,38.43952],[139.937186,38.437993],[139.937723,38.437002],[139.937926,38.435613],[139.938065,38.435002],[139.938556,38.434289],[139.938713,38.433724],[139.938625,38.43328],[139.938385,38.432882],[139.937042,38.431872],[139.936,38.4314],[139.935556,38.43103],[139.935269,38.430345],[139.935084,38.428909],[139.934653,38.427789],[139.933857,38.426872],[139.933209,38.426261],[139.932959,38.425826],[139.932899,38.425233],[139.933,38.424511],[139.932973,38.423659],[139.932815,38.42315],[139.932283,38.422178],[139.931449,38.421243],[139.931024,38.420548],[139.930561,38.419576],[139.929922,38.419095],[139.928769,38.418761],[139.928528,38.418808],[139.927649,38.41953],[139.927181,38.419382],[139.926672,38.41878],[139.926524,38.418502],[139.92657,38.417326],[139.925625,38.417122],[139.925237,38.416882],[139.924287,38.416132],[139.923463,38.416085],[139.921199,38.416076],[139.919533,38.415956],[139.919338,38.415715],[139.919306,38.415335],[139.919426,38.414493],[139.919491,38.413391],[139.919338,38.412215],[139.918857,38.411354],[139.917987,38.410224],[139.918042,38.409965],[139.919223,38.408845],[139.919713,38.408298],[139.920139,38.407659],[139.920278,38.407067],[139.920315,38.406178],[139.920107,38.405067],[139.919903,38.404289],[139.919912,38.4039],[139.920098,38.403372],[139.920649,38.402289],[139.921649,38.400613],[139.922487,38.398687],[139.922653,38.398021],[139.922598,38.397382],[139.922334,38.396169],[139.922426,38.395659],[139.923074,38.394039],[139.924695,38.394428],[139.924834,38.394002],[139.924764,38.393215],[139.924477,38.392576],[139.92369,38.391502],[139.922704,38.389141],[139.922362,38.388585],[139.922037,38.388345],[139.92076,38.387632],[139.919996,38.386845],[139.919227,38.385835],[139.918542,38.385067],[139.917977,38.384743],[139.917292,38.38453],[139.916223,38.384465],[139.91563,38.38428],[139.915417,38.384021],[139.915278,38.383521],[139.915287,38.383039],[139.914343,38.382261],[139.914093,38.381761],[139.914158,38.3814],[139.914352,38.381132],[139.914431,38.380798],[139.913681,38.379502],[139.913644,38.379085],[139.913875,38.378697],[139.91475,38.377576],[139.915167,38.376622],[139.915491,38.375687],[139.915737,38.374613],[139.915533,38.373354],[139.916014,38.372919],[139.918195,38.370298],[139.920079,38.368456],[139.920653,38.367826],[139.920783,38.367419],[139.92082,38.366789],[139.920625,38.366113],[139.920195,38.365345],[139.918676,38.363734],[139.917723,38.362567],[139.917977,38.362002],[139.917959,38.361271],[139.91769,38.360419],[139.91719,38.359623],[139.916121,38.358632],[139.91488,38.357604],[139.914306,38.3569],[139.913783,38.355882],[139.913338,38.354558],[139.912903,38.35365],[139.91244,38.353104],[139.911778,38.35265],[139.910871,38.352215],[139.910167,38.351752],[139.908709,38.350511],[139.90719,38.348873],[139.906959,38.34828],[139.906968,38.348011],[139.9075,38.347206],[139.908084,38.346521],[139.908426,38.345836],[139.908371,38.345363],[139.90794,38.344549],[139.9072,38.342956],[139.906792,38.34266],[139.906514,38.342271],[139.906422,38.342011],[139.906412,38.341604],[139.906859,38.340328],[139.906773,38.339881],[139.906107,38.339049],[139.904674,38.336062],[139.90395,38.335401],[139.903421,38.335215],[139.902078,38.334567],[139.901615,38.33416],[139.901467,38.333808],[139.901069,38.3314],[139.900254,38.330187],[139.899809,38.329698],[139.899041,38.329095],[139.898379,38.32865],[139.897574,38.328391],[139.896175,38.32816],[139.895523,38.328169],[139.894578,38.328336],[139.893134,38.328697],[139.89274,38.328706],[139.892268,38.328521],[139.891703,38.32816],[139.891296,38.327724],[139.890675,38.326669],[139.890212,38.326234],[139.889662,38.326021],[139.888337,38.325715],[139.887189,38.325345],[139.88612,38.324826],[139.885879,38.324447],[139.885555,38.323345],[139.88524,38.322586],[139.882902,38.320613],[139.881037,38.319215],[139.878742,38.317245]],[[139.97314,38.252891],[139.973195,38.254117],[139.9732,38.255921],[139.97297,38.256381],[139.972599,38.25753],[139.972588,38.257967],[139.97273,38.258394],[139.973203,38.259352],[139.973424,38.259313],[139.973731,38.259138],[139.97442,38.258339],[139.975104,38.258066],[139.976241,38.257836],[139.976766,38.257464],[139.977937,38.256808],[139.979939,38.256556],[139.981319,38.256278],[139.981796,38.255913],[139.982778,38.255282],[139.98341,38.255086],[139.984224,38.255128],[139.984589,38.254819],[139.984841,38.254342],[139.984953,38.252532],[139.985388,38.251984],[139.985473,38.25169],[139.985178,38.251297],[139.984939,38.250722],[139.984758,38.249999],[139.984921,38.247969],[139.985038,38.247514],[139.986503,38.245962],[139.987203,38.245611],[139.988743,38.245215],[139.988778,38.244631],[139.988708,38.243838],[139.988335,38.243347],[139.987763,38.243009],[139.987448,38.242892],[139.986841,38.242951],[139.98579,38.243254],[139.984658,38.243834],[139.983843,38.243919],[139.983122,38.244271],[139.981875,38.244742],[139.981547,38.244807],[139.981098,38.244709],[139.980338,38.244348],[139.979802,38.244391],[139.979463,38.244588],[139.978916,38.244938],[139.978444,38.245477],[139.976815,38.246926],[139.976559,38.247028],[139.975749,38.247214],[139.975224,38.247225],[139.975049,38.247279],[139.974994,38.247794],[139.974961,38.249117],[139.974677,38.249544],[139.97401,38.250014],[139.973485,38.250288],[139.973091,38.250693],[139.972861,38.251064],[139.972899,38.25183],[139.97314,38.252891]]],[[[139.923881,38.327748],[139.923366,38.32773],[139.923041,38.327473],[139.922835,38.327165],[139.920281,38.325108],[139.91954,38.324239],[139.918965,38.324056],[139.917585,38.323999],[139.9165,38.324115],[139.91614,38.324389],[139.915574,38.324561],[139.915334,38.324389],[139.915077,38.324115],[139.914957,38.323687],[139.91506,38.323155],[139.914991,38.322521],[139.9147,38.321733],[139.914306,38.321321],[139.91434,38.32067],[139.913209,38.319624],[139.913226,38.319042],[139.912892,38.318527],[139.91236,38.317156],[139.912275,38.315219],[139.912018,38.314448],[139.911803,38.312425],[139.911786,38.310112],[139.911838,38.309443],[139.91242,38.308363],[139.912677,38.307301],[139.913243,38.306289],[139.913826,38.305672],[139.915343,38.306204],[139.917245,38.306512],[139.920836,38.306872],[139.921487,38.307026],[139.922036,38.307369],[139.922533,38.308055],[139.923013,38.30898],[139.925987,38.309837],[139.926689,38.309237],[139.928815,38.307609],[139.930255,38.306855],[139.931857,38.304627],[139.9328,38.303684],[139.936622,38.30257],[139.936399,38.301901],[139.935782,38.301216],[139.935422,38.300702],[139.935757,38.299056],[139.935637,38.297685],[139.936511,38.296691],[139.936956,38.295834],[139.937008,38.294994],[139.938542,38.293623],[139.939639,38.29256],[139.940222,38.291257],[139.940547,38.290778],[139.941558,38.290538],[139.942553,38.290229],[139.943358,38.289681],[139.943641,38.288824],[139.94359,38.286064],[139.944498,38.28483],[139.945766,38.283733],[139.947278,38.282292],[139.94904,38.28315],[139.950797,38.283407],[139.952082,38.283853],[139.953111,38.284333],[139.954722,38.285498],[139.955708,38.285927],[139.956582,38.28615],[139.95761,38.28663],[139.958587,38.28747],[139.959118,38.287692],[139.961235,38.288224],[139.962264,38.288669],[139.963326,38.289235],[139.964098,38.289801],[139.964458,38.290212],[139.964509,38.290555],[139.964423,38.29136],[139.96444,38.291617],[139.964595,38.29184],[139.964941,38.293068],[139.965479,38.293295],[139.965794,38.293517],[139.966535,38.294205],[139.966582,38.294474],[139.966407,38.295162],[139.966407,38.295594],[139.966629,38.296352],[139.966827,38.296703],[139.967119,38.296738],[139.967796,38.296691],[139.967973,38.297345],[139.96807,38.297959],[139.968604,38.298897],[139.969027,38.299338],[139.969266,38.300019],[139.969726,38.300663],[139.970149,38.301049],[139.970682,38.30265],[139.970995,38.303441],[139.971345,38.303901],[139.971529,38.304692],[139.971363,38.30506],[139.971367,38.305336],[139.971621,38.305955],[139.971842,38.306939],[139.971168,38.306375],[139.97035,38.305005],[139.969941,38.30411],[139.969355,38.303579],[139.968769,38.303292],[139.967531,38.3018],[139.966498,38.299998],[139.966343,38.299457],[139.965879,38.298893],[139.963,38.296384],[139.962497,38.296163],[139.961867,38.296063],[139.959839,38.296119],[139.959132,38.295975],[139.958468,38.295721],[139.955733,38.29382],[139.954318,38.293002],[139.954035,38.292891],[139.953523,38.29277],[139.952042,38.292936],[139.951599,38.293068],[139.951872,38.295274],[139.951929,38.296161],[139.952216,38.297507],[139.952184,38.297961],[139.951316,38.299769],[139.951311,38.300115],[139.951356,38.300294],[139.951574,38.300552],[139.952216,38.300984],[139.952331,38.301144],[139.952449,38.301461],[139.952404,38.302471],[139.952449,38.302765],[139.952541,38.302944],[139.953821,38.304304],[139.954343,38.304948],[139.954581,38.305333],[139.954688,38.305758],[139.954633,38.306081],[139.954518,38.306387],[139.954506,38.307077],[139.954653,38.30755],[139.954813,38.307822],[139.954848,38.308116],[139.954768,38.308391],[139.954376,38.309204],[139.953951,38.309854],[139.953868,38.31017],[139.95391,38.310691],[139.954239,38.311678],[139.954294,38.31209],[139.954033,38.312556],[139.953142,38.313145],[139.951764,38.314311],[139.951503,38.314599],[139.951435,38.315079],[139.951297,38.315518],[139.949542,38.316861],[139.948096,38.318466],[139.947753,38.319275],[139.947767,38.319713],[139.947959,38.320221],[139.947972,38.320673],[139.94789,38.321277],[139.947657,38.321715],[139.944887,38.321839],[139.943482,38.322003],[139.943358,38.321811],[139.943399,38.321592],[139.943605,38.321441],[139.943509,38.321222],[139.942494,38.320673],[139.942014,38.320522],[139.940876,38.320468],[139.939197,38.320495],[139.937908,38.320756],[139.937387,38.320961],[139.937057,38.3214],[139.933705,38.322278],[139.933376,38.322442],[139.93269,38.323141],[139.931922,38.323635],[139.930363,38.324207],[139.929288,38.324492],[139.927456,38.324821],[139.926787,38.324865],[139.926183,38.324701],[139.9258,38.324745],[139.924856,38.325085],[139.923891,38.32571],[139.923847,38.32594],[139.923925,38.327076],[139.923881,38.327748]]],[[[139.956295,38.233354],[139.958647,38.233161],[139.959264,38.23323],[139.959877,38.233367],[139.960444,38.233192],[139.960742,38.233194],[139.961651,38.233444],[139.961974,38.233457],[139.962356,38.233332],[139.962654,38.23313],[139.962844,38.232926],[139.963051,38.232532],[139.964319,38.231444],[139.964716,38.231159],[139.965126,38.230965],[139.966736,38.230753],[139.967208,38.230611],[139.967548,38.230436],[139.967851,38.230153],[139.968153,38.229586],[139.968323,38.229476],[139.969098,38.229397],[139.969655,38.229445],[139.97094,38.229791],[139.972378,38.230453],[139.972933,38.230801],[139.974852,38.232438],[139.97576,38.233036],[139.976365,38.233626],[139.977161,38.234136],[139.977874,38.234258],[139.981714,38.234643],[139.983489,38.234595],[139.984076,38.234626],[139.984756,38.234768],[139.985746,38.235141],[139.986346,38.235528],[139.988823,38.236694],[139.989347,38.237074],[139.992076,38.238266],[139.99441,38.239734],[139.992585,38.239622],[139.991778,38.23964],[139.991615,38.239676],[139.991073,38.240308],[139.990588,38.240659],[139.990135,38.240784],[139.98937,38.240863],[139.987783,38.240807],[139.987358,38.240853],[139.986306,38.241136],[139.985196,38.241259],[139.98418,38.24148],[139.98355,38.241679],[139.983101,38.242029],[139.982564,38.242332],[139.981957,38.242426],[139.981479,38.242391],[139.980872,38.242215],[139.98044,38.241994],[139.980067,38.241889],[139.979775,38.241877],[139.979425,38.242134],[139.978754,38.242904],[139.976688,38.244141],[139.975615,38.244865],[139.974885,38.24553],[139.974477,38.245623],[139.973473,38.245425],[139.972808,38.245623],[139.97146,38.246778],[139.970783,38.24707],[139.970468,38.247269],[139.970211,38.247665],[139.970001,38.248155],[139.96978,38.248354],[139.969231,38.248237],[139.968554,38.247794],[139.968099,38.247269],[139.967638,38.246475],[139.967335,38.245506],[139.966845,38.24497],[139.96643,38.244304],[139.965975,38.243803],[139.964341,38.242367],[139.963945,38.241737],[139.963524,38.240733],[139.962568,38.240115],[139.961605,38.238971],[139.961266,38.238773],[139.960543,38.238679],[139.959971,38.238539],[139.959539,38.238294],[139.959306,38.237921],[139.959177,38.237057],[139.959049,38.236684],[139.957608,38.235073],[139.956908,38.234443],[139.956476,38.233871],[139.956295,38.233354]]],[[[139.965935,38.705474],[139.966891,38.705422],[139.967489,38.705469],[139.968246,38.705927],[139.969291,38.706713],[139.969702,38.706819],[139.970312,38.706725],[139.970887,38.706455],[139.971556,38.706291],[139.971955,38.705716],[139.973686,38.705563],[139.973945,38.705575],[139.97405,38.705774],[139.973804,38.706537],[139.973933,38.706807],[139.974332,38.706983],[139.975805,38.707253],[139.976873,38.707382],[139.977906,38.707394],[139.979156,38.707018],[139.980071,38.706608],[139.98101,38.706291],[139.98182,38.706338],[139.982301,38.706525],[139.982372,38.706901],[139.982325,38.707823],[139.981486,38.708063],[139.97797,38.710434],[139.977665,38.711079],[139.977243,38.711326],[139.976926,38.711384],[139.97675,38.711337],[139.976233,38.711032],[139.974901,38.710704],[139.973845,38.710622],[139.972319,38.710762],[139.971773,38.710727],[139.971057,38.710328],[139.970506,38.710199],[139.968593,38.709988],[139.966292,38.709495],[139.965529,38.709225],[139.965788,38.708826],[139.966374,38.708227],[139.966597,38.707828],[139.966656,38.707547],[139.966468,38.707265],[139.966104,38.707112],[139.965612,38.706995],[139.965752,38.70669],[139.966081,38.706314],[139.966093,38.706021],[139.965881,38.705774],[139.965717,38.705716],[139.965935,38.705474]]],[[[139.965935,38.705474],[139.966055,38.704951],[139.96624,38.704641],[139.966452,38.703616],[139.966788,38.703235],[139.967517,38.702733],[139.967975,38.702041],[139.96828,38.701422],[139.9684,38.70066],[139.968615,38.700277],[139.96901,38.699873],[139.969617,38.699562],[139.96977,38.699277],[139.969802,38.698943],[139.96971,38.698752],[139.969405,38.69856],[139.969025,38.698475],[139.968887,38.698394],[139.968827,38.698179],[139.96895,38.697679],[139.968888,38.697487],[139.968705,38.697346],[139.969136,38.697057],[139.969974,38.696676],[139.970253,38.696486],[139.970431,38.696232],[139.970557,38.695281],[139.970684,38.695217],[139.97194,38.695141],[139.973247,38.695407],[139.974326,38.695687],[139.975487,38.69575],[139.976159,38.695572],[139.976832,38.695293],[139.977745,38.695065],[139.978234,38.695065],[139.979426,38.695242],[139.979249,38.694735],[139.978703,38.694215],[139.977916,38.693657],[139.977624,38.693174],[139.977548,38.692667],[139.977599,38.69202],[139.977853,38.691411],[139.977942,38.691005],[139.977669,38.690167],[139.977682,38.689787],[139.977847,38.689495],[139.978443,38.689178],[139.978836,38.688772],[139.978988,38.688404],[139.979128,38.687833],[139.979268,38.687528],[139.97961,38.687249],[139.979978,38.687262],[139.980295,38.687148],[139.980448,38.687021],[139.980803,38.686983],[139.981621,38.687249],[139.981761,38.687122],[139.982484,38.687072],[139.983397,38.687198],[139.984412,38.687059],[139.984971,38.686691],[139.985326,38.687211],[139.985529,38.687122],[139.986474,38.686374],[139.987045,38.685625],[139.987451,38.685486],[139.989037,38.685384],[139.989633,38.685359],[139.989926,38.68546],[139.989866,38.685664],[139.989256,38.685639],[139.989166,38.686198],[139.988464,38.687439],[139.988404,38.68782],[139.988526,38.68815],[139.988921,38.688633],[139.989103,38.688937],[139.989134,38.689418],[139.989074,38.689824],[139.988496,38.69056],[139.988404,38.690916],[139.988374,38.691322],[139.988738,38.693276],[139.988526,38.693528],[139.988363,38.694061],[139.98814,38.694554],[139.987941,38.694871],[139.987826,38.695507],[139.987886,38.695913],[139.988068,38.696392],[139.988373,38.696763],[139.990261,38.698388],[139.990596,38.698084],[139.990956,38.698848],[139.990765,38.698982],[139.990237,38.699158],[139.989767,38.699158],[139.989019,38.698923],[139.986877,38.698688],[139.987039,38.699495],[139.986862,38.700067],[139.986129,38.700478],[139.985131,38.701182],[139.984046,38.702195],[139.983899,38.702679],[139.984163,38.703427],[139.98552,38.705804],[139.985887,38.70686],[139.986223,38.707552],[139.985511,38.707716],[139.982325,38.707823],[139.982372,38.706901],[139.982301,38.706525],[139.98182,38.706338],[139.98101,38.706291],[139.980071,38.706608],[139.979156,38.707018],[139.977906,38.707394],[139.976873,38.707382],[139.975805,38.707253],[139.974332,38.706983],[139.973933,38.706807],[139.973804,38.706537],[139.97405,38.705774],[139.973945,38.705575],[139.973686,38.705563],[139.971955,38.705716],[139.971556,38.706291],[139.970887,38.706455],[139.970312,38.706725],[139.969702,38.706819],[139.969291,38.706713],[139.968246,38.705927],[139.967489,38.705469],[139.966891,38.705422],[139.965935,38.705474]]],[[[139.968705,38.697346],[139.968583,38.697012],[139.968582,38.696821],[139.968675,38.696535],[139.968705,38.696248],[139.968583,38.695652],[139.968248,38.695296],[139.968128,38.694913],[139.968188,38.694698],[139.96837,38.694556],[139.968798,38.694413],[139.969163,38.694102],[139.969283,38.69365],[139.969223,38.693077],[139.968928,38.69254],[139.969005,38.69243],[139.96932,38.692211],[139.969425,38.692038],[139.96945,38.69158],[139.96932,38.691253],[139.969005,38.690946],[139.968928,38.690619],[139.969033,38.690292],[139.968953,38.689944],[139.968613,38.689507],[139.968535,38.689267],[139.96869,38.688832],[139.968875,38.688482],[139.96911,38.688263],[139.970025,38.687893],[139.970158,38.687741],[139.970393,38.686868],[139.970523,38.686584],[139.970785,38.686368],[139.9711,38.68628],[139.971308,38.686149],[139.971388,38.68593],[139.97123,38.685451],[139.971308,38.684983],[139.971205,38.684699],[139.971308,38.684414],[139.97191,38.683958],[139.972435,38.683672],[139.972933,38.683564],[139.973298,38.683412],[139.97343,38.683216],[139.973533,38.682866],[139.973873,38.682475],[139.973978,38.681666],[139.974503,38.681252],[139.974528,38.681056],[139.974345,38.680752],[139.97411,38.680577],[139.974058,38.680381],[139.974188,38.680183],[139.974843,38.679704],[139.97492,38.679552],[139.974895,38.679398],[139.974633,38.678788],[139.974633,38.67846],[139.97458,38.678265],[139.974398,38.678002],[139.973953,38.677523],[139.973925,38.677284],[139.974178,38.676476],[139.973951,38.675094],[139.97377,38.674405],[139.973873,38.674186],[139.97403,38.674078],[139.974345,38.674011],[139.974397,38.673745],[139.974385,38.67331],[139.974475,38.672942],[139.975077,38.672289],[139.975603,38.67183],[139.975995,38.671001],[139.97602,38.670849],[139.975915,38.670653],[139.97568,38.670478],[139.975575,38.670195],[139.975603,38.669891],[139.97584,38.669555],[139.976038,38.669401],[139.976365,38.669234],[139.976728,38.669189],[139.976928,38.669053],[139.976928,38.668932],[139.976455,38.668253],[139.976203,38.668041],[139.976183,38.667845],[139.976255,38.66756],[139.97651,38.667422],[139.976855,38.667347],[139.977107,38.667352],[139.977337,38.667006],[139.977453,38.66629],[139.97773,38.665275],[139.977487,38.664675],[139.977464,38.662759],[139.977741,38.661559],[139.978041,38.660659],[139.978549,38.660267],[139.979218,38.660152],[139.97991,38.660152],[139.98028,38.659967],[139.980464,38.659713],[139.98051,38.659067],[139.980626,38.658605],[139.981157,38.658075],[139.982264,38.657382],[139.982864,38.657105],[139.983291,38.656436],[139.983661,38.656228],[139.984122,38.656067],[139.984284,38.655813],[139.984191,38.655398],[139.983614,38.655282],[139.983845,38.654244],[139.983522,38.653205],[139.983661,38.652698],[139.983937,38.652259],[139.983453,38.652282],[139.983245,38.652167],[139.983291,38.651451],[139.983476,38.650967],[139.984053,38.650528],[139.98463,38.649997],[139.98493,38.649259],[139.98493,38.648613],[139.984561,38.648382],[139.984503,38.647413],[139.984295,38.647228],[139.984295,38.646697],[139.98388,38.645359],[139.98358,38.645197],[139.983764,38.645013],[139.984064,38.644943],[139.984411,38.644713],[139.984618,38.643882],[139.984572,38.642843],[139.984341,38.641759],[139.984064,38.641551],[139.983834,38.641297],[139.983741,38.64102],[139.984087,38.64079],[139.984134,38.64049],[139.983834,38.640213],[139.983349,38.639613],[139.983187,38.63892],[139.983407,38.637905],[139.98373,38.637443],[139.983822,38.637143],[139.98343,38.636797],[139.983176,38.636474],[139.983037,38.636197],[139.982599,38.636082],[139.98156,38.63592],[139.98096,38.635528],[139.980614,38.63502],[139.980545,38.634443],[139.980753,38.634074],[139.981214,38.633589],[139.98138,38.633201],[139.98239,38.632997],[139.982688,38.632851],[139.983075,38.632518],[139.983238,38.632062],[139.983375,38.631401],[139.983403,38.631037],[139.983568,38.630741],[139.985288,38.628941],[139.985398,38.628554],[139.985452,38.627962],[139.985562,38.627598],[139.986137,38.626754],[139.986295,38.626225],[139.986333,38.624119],[139.986148,38.623585],[139.986133,38.623206],[139.986591,38.622132],[139.986559,38.621011],[139.986354,38.618374],[139.986354,38.617537],[139.986843,38.616779],[139.987404,38.616195],[139.987514,38.618011],[139.988114,38.620632],[139.989109,38.623016],[139.989946,38.624248],[139.990554,38.626837],[139.990683,38.627768],[139.991446,38.630027],[139.993214,38.633043],[139.994304,38.635174],[139.994912,38.637022],[139.99488,38.637574],[139.994643,38.638174],[139.994138,38.638774],[139.995641,38.639184],[139.996672,38.638678],[139.997466,38.638035],[139.997359,38.638727],[139.996933,38.639485],[139.994849,38.641506],[139.994343,38.642264],[139.993357,38.644285],[139.993174,38.644551],[139.992806,38.645469],[139.991431,38.647187],[139.990296,38.649529],[139.989806,38.650145],[139.989109,38.650866],[139.988591,38.651927],[139.988258,38.652924],[139.988109,38.65371],[139.987914,38.653799],[139.986958,38.653694],[139.986437,38.65432],[139.986162,38.654843],[139.986082,38.655345],[139.986162,38.65653],[139.986027,38.657259],[139.985779,38.657851],[139.98436,38.65949],[139.984277,38.659811],[139.984332,38.660175],[139.984277,38.660652],[139.983647,38.662179],[139.98354,38.662679],[139.983647,38.662977],[139.98395,38.663296],[139.985287,38.664094],[139.985617,38.664344],[139.985807,38.664616],[139.985807,38.665004],[139.985497,38.666064],[139.985407,38.668087],[139.985927,38.670305],[139.986259,38.670883],[139.986987,38.671701],[139.988112,38.672312],[139.988322,38.672507],[139.988294,38.672682],[139.988059,38.672726],[139.986777,38.672245],[139.986489,38.672245],[139.986254,38.672312],[139.986202,38.672528],[139.986279,38.672878],[139.986909,38.673532],[139.987039,38.674122],[139.986987,38.674732],[139.986829,38.674993],[139.986777,38.67602],[139.986934,38.676542],[139.986829,38.677153],[139.986619,38.677459],[139.986412,38.677655],[139.985939,38.677871],[139.985599,38.678157],[139.985494,38.67844],[139.985547,38.678613],[139.986541,38.678855],[139.986857,38.679071],[139.987012,38.679421],[139.987064,38.679813],[139.987011,38.680359],[139.987039,38.681842],[139.987196,38.682735],[139.987456,38.683456],[139.988006,38.684154],[139.988686,38.684829],[139.989196,38.685208],[139.989633,38.685359],[139.987451,38.685486],[139.987045,38.685625],[139.986474,38.686374],[139.985529,38.687122],[139.985326,38.687211],[139.984971,38.686691],[139.984412,38.687059],[139.983397,38.687198],[139.982484,38.687072],[139.981761,38.687122],[139.981621,38.687249],[139.980803,38.686983],[139.980448,38.687021],[139.980295,38.687148],[139.979978,38.687262],[139.97961,38.687249],[139.979268,38.687528],[139.979128,38.687833],[139.978988,38.688404],[139.978836,38.688772],[139.978443,38.689178],[139.977847,38.689495],[139.977682,38.689787],[139.977669,38.690167],[139.977942,38.691005],[139.977853,38.691411],[139.977599,38.69202],[139.977548,38.692667],[139.977624,38.693174],[139.977916,38.693657],[139.978703,38.694215],[139.979249,38.694735],[139.979426,38.695242],[139.978234,38.695065],[139.977745,38.695065],[139.976832,38.695293],[139.976159,38.695572],[139.975487,38.69575],[139.974326,38.695687],[139.973247,38.695407],[139.97194,38.695141],[139.970684,38.695217],[139.970557,38.695281],[139.970431,38.696232],[139.970253,38.696486],[139.969974,38.696676],[139.969136,38.697057],[139.968705,38.697346]]],[[[139.968928,38.296924],[139.968595,38.295092],[139.9687,38.293925],[139.968583,38.293283],[139.968292,38.292968],[139.967148,38.292431],[139.967008,38.292175],[139.96692,38.290728],[139.966617,38.288779],[139.966372,38.288289],[139.965648,38.287612],[139.965415,38.287098],[139.965403,38.286643],[139.965683,38.285838],[139.965899,38.285453],[139.965993,38.284928],[139.965818,38.284332],[139.965409,38.283877],[139.965222,38.28348],[139.965246,38.283189],[139.965573,38.282769],[139.965806,38.282337],[139.96615,38.279489],[139.966325,38.279128],[139.967271,38.278334],[139.967737,38.277879],[139.968274,38.27705],[139.969109,38.27663],[139.969832,38.276338],[139.970532,38.276175],[139.970707,38.276047],[139.970649,38.275393],[139.970299,38.275066],[139.970235,38.27453],[139.970305,38.273631],[139.970421,38.272989],[139.970632,38.272347],[139.971845,38.272417],[139.972604,38.272324],[139.974751,38.271472],[139.976157,38.271449],[139.978526,38.271262],[139.980294,38.270784],[139.980773,38.269115],[139.981263,38.268741],[139.98152,38.268426],[139.981566,38.268216],[139.981228,38.268029],[139.980073,38.267831],[139.979886,38.267551],[139.97939,38.2651],[139.978818,38.263186],[139.978398,38.262253],[139.977914,38.261389],[139.978334,38.261144],[139.97873,38.260386],[139.978976,38.259207],[139.979454,38.258495],[139.979874,38.258017],[139.980516,38.25769],[139.984093,38.25734],[139.986899,38.25699],[139.986234,38.256289],[139.986561,38.255659],[139.986643,38.255111],[139.987016,38.254597],[139.987168,38.254049],[139.987215,38.252835],[139.987349,38.252427],[139.987711,38.251972],[139.987897,38.251598],[139.987897,38.25126],[139.987781,38.25091],[139.987384,38.250338],[139.987003,38.249591],[139.986948,38.249191],[139.986975,38.248496],[139.987125,38.248108],[139.987495,38.247744],[139.987874,38.247444],[139.988901,38.247023],[139.990185,38.246592],[139.991118,38.24658],[139.991737,38.24651],[139.992752,38.24623],[139.99329,38.246017],[139.996662,38.247369],[139.997362,38.247782],[139.998155,38.248062],[139.998891,38.248167],[139.99976,38.248006],[139.999908,38.248331],[139.999963,38.248865],[139.999918,38.24921],[139.999755,38.249596],[139.999733,38.250923],[139.999755,38.251231],[139.999963,38.251769],[139.99994,38.252191],[139.999702,38.252489],[139.998732,38.253325],[139.998577,38.253606],[139.998501,38.253938],[139.99859,38.254348],[139.998923,38.254736],[140.000319,38.255633],[140.000474,38.256032],[140.000618,38.256752],[140.000773,38.257028],[140.001537,38.25756],[140.00177,38.257837],[140.002008,38.258812],[140.002584,38.259765],[140.002617,38.260041],[140.002994,38.261094],[140.003049,38.261913],[140.003177,38.262423],[140.004473,38.264605],[140.004799,38.264971],[140.005043,38.265048],[140.005962,38.264982],[140.006262,38.265059],[140.007971,38.266463],[140.008109,38.266713],[140.008056,38.266898],[140.007646,38.267175],[140.007137,38.26733],[140.006727,38.267386],[140.006838,38.267873],[140.007469,38.267873],[140.007967,38.268039],[140.009193,38.268944],[140.009471,38.269462],[140.009596,38.269978],[140.009784,38.270399],[140.010537,38.270941],[140.009119,38.271506],[140.007857,38.271739],[140.00707,38.271639],[140.006317,38.271407],[140.00532,38.271008],[140.004666,38.270875],[140.003424,38.270866],[140.002938,38.271152],[140.002517,38.271506],[140.002263,38.272049],[140.001809,38.272603],[140.000601,38.273013],[139.999886,38.273123],[139.999547,38.273233],[139.998967,38.273146],[139.998468,38.273135],[139.998025,38.273256],[139.997626,38.273489],[139.996191,38.274708],[139.996034,38.275082],[139.996034,38.275384],[139.995976,38.275574],[139.99558,38.276114],[139.995138,38.276467],[139.994709,38.276707],[139.993347,38.276959],[139.992893,38.277199],[139.992274,38.278196],[139.991707,38.278864],[139.990817,38.279621],[139.989795,38.280114],[139.989101,38.280366],[139.988546,38.280429],[139.988041,38.280353],[139.987448,38.280139],[139.985814,38.279218],[139.985373,38.279092],[139.984729,38.279054],[139.982944,38.279205],[139.981581,38.278965],[139.980509,38.27918],[139.97955,38.279218],[139.977449,38.279079],[139.976692,38.279218],[139.974945,38.279685],[139.974945,38.280164],[139.975248,38.280505],[139.975368,38.280741],[139.975548,38.282016],[139.975985,38.283636],[139.976213,38.284184],[139.976555,38.28478],[139.976895,38.28523],[139.977197,38.285534],[139.977777,38.285884],[139.97941,38.287009],[139.979942,38.287509],[139.979997,38.287638],[139.980012,38.288038],[139.979625,38.288876],[139.979582,38.289494],[139.980049,38.29124],[139.980079,38.291679],[139.979997,38.292506],[139.979884,38.292742],[139.979442,38.293167],[139.977177,38.294787],[139.976289,38.294972],[139.975712,38.29551],[139.975249,38.29556],[139.975022,38.29567],[139.974517,38.29627],[139.973744,38.296856],[139.973212,38.297035],[139.97265,38.297123],[139.971378,38.297181],[139.970573,38.297041],[139.968928,38.296924]]],[[[139.97314,38.252891],[139.972899,38.25183],[139.972861,38.251064],[139.973091,38.250693],[139.973485,38.250288],[139.97401,38.250014],[139.974677,38.249544],[139.974961,38.249117],[139.974994,38.247794],[139.975049,38.247279],[139.975224,38.247225],[139.975749,38.247214],[139.976559,38.247028],[139.976815,38.246926],[139.978444,38.245477],[139.978916,38.244938],[139.979463,38.244588],[139.979802,38.244391],[139.980338,38.244348],[139.981098,38.244709],[139.981547,38.244807],[139.981875,38.244742],[139.983122,38.244271],[139.983843,38.243919],[139.984658,38.243834],[139.98579,38.243254],[139.986841,38.242951],[139.987448,38.242892],[139.987763,38.243009],[139.988335,38.243347],[139.988708,38.243838],[139.988778,38.244631],[139.988743,38.245215],[139.987203,38.245611],[139.986503,38.245962],[139.985038,38.247514],[139.984921,38.247969],[139.984758,38.249999],[139.984939,38.250722],[139.985178,38.251297],[139.985473,38.25169],[139.985388,38.251984],[139.984953,38.252532],[139.984841,38.254342],[139.984589,38.254819],[139.984224,38.255128],[139.98341,38.255086],[139.982778,38.255282],[139.981796,38.255913],[139.981319,38.256278],[139.979939,38.256556],[139.977937,38.256808],[139.976766,38.257464],[139.976241,38.257836],[139.975104,38.258066],[139.97442,38.258339],[139.973731,38.259138],[139.973424,38.259313],[139.973203,38.259352],[139.97273,38.258394],[139.972588,38.257967],[139.972599,38.25753],[139.97297,38.256381],[139.9732,38.255921],[139.973195,38.254117],[139.97314,38.252891]]],[[[139.986223,38.707552],[139.985887,38.70686],[139.98552,38.705804],[139.984163,38.703427],[139.983899,38.702679],[139.984046,38.702195],[139.985131,38.701182],[139.986129,38.700478],[139.986862,38.700067],[139.987039,38.699495],[139.986877,38.698688],[139.989019,38.698923],[139.989767,38.699158],[139.990237,38.699158],[139.990765,38.698982],[139.990956,38.698848],[139.991206,38.699377],[139.991053,38.699659],[139.991023,38.699944],[139.991083,38.700207],[139.991296,38.700613],[139.991753,38.701279],[139.991773,38.701492],[139.991673,38.701692],[139.991143,38.701875],[139.990808,38.70209],[139.990688,38.702352],[139.990718,38.703281],[139.990443,38.703902],[139.989866,38.704569],[139.989073,38.70526],[139.988831,38.705641],[139.988738,38.705929],[139.988798,38.706285],[139.988678,38.706429],[139.988131,38.70662],[139.986546,38.707478],[139.986223,38.707552]]],[[[139.987404,38.616195],[139.987704,38.615595],[139.987783,38.615042],[139.987641,38.6143],[139.987153,38.61381],[139.986605,38.612564],[139.986605,38.611969],[139.987546,38.611219],[139.988292,38.61054],[139.988772,38.609794],[139.988805,38.609098],[139.988623,38.60827],[139.988656,38.607591],[139.989302,38.607127],[139.990677,38.606498],[139.991919,38.605272],[139.992508,38.60388],[139.993054,38.60277],[139.994264,38.601379],[139.995092,38.599938],[139.995986,38.599176],[139.99703,38.59848],[139.997842,38.597354],[139.998604,38.596492],[140.000028,38.595565],[140.003443,38.594075],[140.004535,38.592947],[140.005098,38.592632],[140.006473,38.592235],[140.0089,38.592069],[140.010225,38.591821],[140.011037,38.591456],[140.012735,38.59086],[140.016114,38.590313],[140.018765,38.589584],[140.019096,38.589435],[140.019295,38.589419],[140.019692,38.589601],[140.022184,38.589966],[140.022709,38.589914],[140.023869,38.590089],[140.025024,38.590117],[140.025826,38.590785],[140.026588,38.591522],[140.02724,38.591984],[140.027408,38.593182],[140.027723,38.594148],[140.028332,38.594988],[140.028941,38.595681],[140.029067,38.597131],[140.029193,38.597677],[140.029697,38.598181],[140.030265,38.598391],[140.030687,38.598818],[140.031567,38.599104],[140.032139,38.59939],[140.032491,38.599808],[140.032798,38.600578],[140.033876,38.601479],[140.034734,38.602073],[140.035966,38.602623],[140.036649,38.603011],[140.036937,38.603347],[140.03697,38.603797],[140.036887,38.604047],[140.036503,38.60428],[140.035137,38.605697],[140.034503,38.60608],[140.033887,38.606279],[140.033639,38.606793],[140.033122,38.607287],[140.032775,38.60776],[140.032602,38.608149],[140.03248,38.608808],[140.031837,38.609568],[140.03164,38.609939],[140.031592,38.610268],[140.031054,38.610577],[140.030949,38.610806],[140.030878,38.611773],[140.030737,38.612213],[140.030368,38.612477],[140.029765,38.612632],[140.029297,38.612572],[140.028605,38.612345],[140.027792,38.611872],[140.027394,38.611034],[140.026796,38.610753],[140.026158,38.610558],[140.025177,38.60982],[140.024825,38.609697],[140.024051,38.609785],[140.023312,38.610155],[140.022238,38.611105],[140.021771,38.611584],[140.021345,38.61178],[140.01917,38.61193],[140.018087,38.612063],[140.01707,38.61228],[140.014804,38.61048],[140.013741,38.609405],[140.013371,38.609507],[140.013049,38.609753],[140.009895,38.612563],[140.009712,38.613113],[140.008579,38.61283],[140.008145,38.61233],[140.007345,38.611897],[140.006845,38.611813],[140.005628,38.611997],[140.002911,38.612113],[140.001453,38.61168],[139.999786,38.61183],[139.999186,38.61173],[139.998803,38.611597],[139.997514,38.609738],[139.997732,38.609357],[139.997864,38.608882],[139.997819,38.60839],[139.997624,38.607769],[139.997339,38.607278],[139.997274,38.606695],[139.997164,38.606295],[139.996669,38.605669],[139.996001,38.603705],[139.995796,38.603721],[139.995112,38.605455],[139.994897,38.606228],[139.99417,38.6068],[139.992275,38.608047],[139.992038,38.608347],[139.991857,38.608782],[139.991405,38.609396],[139.991072,38.610088],[139.990856,38.611108],[139.99008,38.611979],[139.990033,38.612453],[139.990522,38.61269],[139.99074,38.61294],[139.990617,38.614123],[139.990333,38.614884],[139.99008,38.615895],[139.989954,38.616937],[139.990064,38.618374],[139.990262,38.619653],[139.99072,38.620663],[139.991452,38.621316],[139.992782,38.624938],[139.992764,38.625811],[139.992812,38.626506],[139.993175,38.627074],[139.994043,38.627722],[139.994651,38.628953],[139.995054,38.630464],[139.995859,38.632127],[139.997217,38.634543],[139.997991,38.636532],[139.998261,38.637389],[139.996672,38.638678],[139.995641,38.639184],[139.994138,38.638774],[139.994643,38.638174],[139.99488,38.637574],[139.994912,38.637022],[139.994304,38.635174],[139.993214,38.633043],[139.991446,38.630027],[139.990683,38.627768],[139.990554,38.626837],[139.989946,38.624248],[139.989109,38.623016],[139.988114,38.620632],[139.987514,38.618011],[139.987404,38.616195]]],[[[139.992524,37.605565],[139.992885,37.605261],[139.99313,37.605176],[139.993685,37.605091],[139.994117,37.604964],[139.99509,37.604962],[139.995864,37.60506],[139.996881,37.605354],[139.997774,37.605378],[139.998493,37.605329],[139.998887,37.605677],[139.999114,37.605988],[139.999209,37.606236],[139.999242,37.606514],[139.999161,37.606739],[139.998067,37.607961],[139.997982,37.608188],[139.997632,37.60845],[139.997415,37.608751],[139.997387,37.608939],[139.997538,37.61016],[139.99643,37.611394],[139.996146,37.61184],[139.995954,37.612678],[139.995753,37.613079],[139.995595,37.613576],[139.99558,37.614177],[139.995309,37.615243],[139.995475,37.615801],[139.995567,37.616792],[139.995471,37.617094],[139.995414,37.617638],[139.995306,37.617921],[139.995267,37.618507],[139.995764,37.618861],[139.995901,37.619016],[139.995972,37.619167],[139.995977,37.619409],[139.995848,37.619932],[139.995787,37.62084],[139.995684,37.621301],[139.995367,37.622097],[139.995385,37.622342],[139.996254,37.622749],[139.996691,37.62283],[139.99702,37.622962],[139.99746,37.623219],[139.997757,37.623534],[139.998036,37.62411],[139.99862,37.62511],[139.9988,37.625282],[139.999753,37.62584],[139.999941,37.626026],[140.000661,37.627638],[140.000733,37.628039],[140.000741,37.628575],[140.000606,37.629104],[140.000464,37.629312],[140.000561,37.629349],[140.001544,37.629366],[140.002202,37.629525],[140.002666,37.629805],[140.003448,37.630518],[140.003707,37.630835],[140.003836,37.631084],[140.004009,37.631606],[140.004505,37.632182],[140.004985,37.632616],[140.005392,37.633106],[140.006587,37.633903],[140.008468,37.634505],[140.009202,37.634797],[140.010193,37.636001],[140.012078,37.637705],[140.012461,37.637965],[140.015197,37.639276],[140.016876,37.64017],[140.017925,37.640501],[140.019847,37.640739],[140.020963,37.641349],[140.022309,37.642319],[140.02368,37.643446],[140.02534,37.645184],[140.026111,37.64607],[140.026827,37.647056],[140.027388,37.648155],[140.027667,37.648887],[140.027751,37.649332],[140.028029,37.650071],[140.028284,37.65121],[140.029119,37.654122],[140.029399,37.654819],[140.029693,37.655262],[140.029945,37.655491],[140.030361,37.655745],[140.031042,37.656466],[140.031176,37.65884],[140.031383,37.659056],[140.032097,37.659527],[140.032853,37.660213],[140.033948,37.661378],[140.03465,37.662731],[140.035032,37.664156],[140.035216,37.664494],[140.035418,37.665583],[140.035658,37.666529],[140.035827,37.667559],[140.036029,37.668241],[140.036169,37.668957],[140.036405,37.669281],[140.037279,37.670171],[140.038094,37.670917],[140.038715,37.671601],[140.039112,37.672272],[140.039403,37.672918],[140.039489,37.673289],[140.039437,37.673777],[140.039281,37.674277],[140.038896,37.675025],[140.037439,37.677481],[140.037238,37.677933],[140.036012,37.679926],[140.035703,37.680639],[140.035423,37.681447],[140.034935,37.683184],[140.034725,37.68317],[140.033415,37.683553],[140.032009,37.684364],[140.031112,37.685189],[140.031002,37.68534],[140.031071,37.685915],[140.031024,37.686404],[140.030925,37.686637],[140.030157,37.687223],[140.030053,37.687451],[140.029884,37.688311],[140.029678,37.688953],[140.029439,37.689295],[140.029212,37.689498],[140.027359,37.690036],[140.026599,37.69033],[140.025498,37.690512],[140.024992,37.690674],[140.024611,37.690857],[140.024434,37.691085],[140.02422,37.691551],[140.023644,37.691843],[140.023238,37.691947],[140.022757,37.691967],[140.022097,37.691776],[140.021336,37.691641],[140.020502,37.691601],[140.019777,37.691499],[140.018306,37.691578],[140.017333,37.691421],[140.015512,37.691563],[140.012551,37.691628],[140.011087,37.691729],[140.009881,37.691875],[140.010009,37.691604],[140.010363,37.691334],[140.010369,37.691198],[140.010291,37.690955],[140.010172,37.690768],[140.009515,37.69005],[140.009349,37.689688],[140.009433,37.688765],[140.009845,37.688279],[140.00986,37.688172],[140.009591,37.687779],[140.009552,37.687325],[140.009622,37.687089],[140.009819,37.686876],[140.010707,37.686401],[140.011368,37.685805],[140.011575,37.685485],[140.011738,37.685376],[140.011991,37.68531],[140.012909,37.685307],[140.013455,37.685088],[140.013381,37.684735],[140.013241,37.684409],[140.01303,37.684026],[140.012813,37.683763],[140.01219,37.683488],[140.011603,37.683012],[140.011216,37.682322],[140.010967,37.682063],[140.010792,37.681689],[140.009969,37.680537],[140.009517,37.680047],[140.008601,37.679496],[140.008136,37.679282],[140.007434,37.678819],[140.006354,37.677913],[140.005997,37.677671],[140.005291,37.676942],[140.004846,37.676588],[140.003665,37.676063],[140.003372,37.675598],[140.00219,37.675197],[140.001751,37.674831],[140.001468,37.674438],[140.001077,37.673483],[140.001078,37.673115],[140.001199,37.672315],[140.001537,37.671456],[140.001833,37.670863],[140.001642,37.670766],[140.001593,37.670691],[140.00162,37.669741],[140.001769,37.66933],[140.002092,37.667811],[140.002039,37.66749],[140.001438,37.667289],[140.001396,37.667155],[140.001485,37.666899],[140.001723,37.666606],[140.002111,37.666304],[140.002309,37.665829],[140.002312,37.665657],[140.002397,37.665563],[140.002299,37.665391],[140.00258,37.664979],[140.002758,37.664508],[140.003376,37.663998],[140.004409,37.663506],[140.005024,37.663261],[140.005693,37.663066],[140.007407,37.662716],[140.007696,37.662618],[140.008353,37.661966],[140.008507,37.661895],[140.009416,37.66186],[140.010424,37.661218],[140.01094,37.660964],[140.011483,37.660769],[140.01199,37.660522],[140.013888,37.659873],[140.01425,37.659711],[140.014188,37.659632],[140.012492,37.659318],[140.011352,37.65905],[140.009346,37.658375],[140.009034,37.658144],[140.008574,37.657539],[140.008381,37.65718],[140.008401,37.656357],[140.008313,37.65617],[140.008082,37.655982],[140.007741,37.655865],[140.007588,37.655878],[140.007522,37.656135],[140.007339,37.656377],[140.005335,37.658835],[140.004045,37.659769],[140.002395,37.660678],[140.001372,37.661148],[140.000585,37.661406],[139.99869,37.661827],[139.997977,37.661928],[139.996978,37.661948],[139.994886,37.661601],[139.990823,37.660586],[139.990998,37.660273],[139.991491,37.659784],[139.991991,37.659387],[139.992279,37.658746],[139.992582,37.658284],[139.993325,37.657911],[139.994098,37.657288],[139.994468,37.657219],[139.994839,37.657087],[139.995129,37.656939],[139.99533,37.656719],[139.996305,37.655132],[139.996336,37.654853],[139.996253,37.653643],[139.996097,37.653603],[139.995864,37.654342],[139.995754,37.654477],[139.995083,37.654908],[139.994621,37.655083],[139.99416,37.655243],[139.993673,37.655339],[139.992594,37.655316],[139.992106,37.655412],[139.991125,37.655439],[139.990339,37.655711],[139.990159,37.65571],[139.989749,37.655391],[139.989661,37.655226],[139.989622,37.654782],[139.989659,37.65469],[139.989786,37.654619],[139.990554,37.65444],[139.990736,37.654298],[139.99072,37.654148],[139.990558,37.654118],[139.99025,37.654211],[139.989799,37.654258],[139.988927,37.654214],[139.987907,37.654456],[139.9877,37.654454],[139.987164,37.654185],[139.986508,37.654122],[139.986302,37.65402],[139.985973,37.653724],[139.985812,37.653644],[139.985596,37.653635],[139.984757,37.65385],[139.984388,37.653861],[139.983616,37.653725],[139.982776,37.653918],[139.980877,37.653959],[139.980525,37.654006],[139.979893,37.654201],[139.978822,37.654228],[139.978201,37.654179],[139.977578,37.654378],[139.97793,37.653844],[139.978781,37.652],[139.978474,37.651383],[139.977877,37.650627],[139.977505,37.65024],[139.976916,37.64924],[139.977288,37.649342],[139.978234,37.649827],[139.978642,37.650117],[139.97924,37.650247],[139.980252,37.650262],[139.980484,37.650306],[139.980901,37.650494],[139.98125,37.650741],[139.981775,37.650788],[139.982015,37.650772],[139.982101,37.650504],[139.982268,37.650363],[139.982923,37.650178],[139.983381,37.650104],[139.983894,37.649912],[139.984819,37.649687],[139.984917,37.649628],[139.984986,37.64951],[139.98499,37.649206],[139.985105,37.649052],[139.986045,37.648267],[139.986566,37.648015],[139.986715,37.647862],[139.986767,37.647694],[139.987064,37.647321],[139.988253,37.646594],[139.988669,37.646118],[139.989661,37.645547],[139.989763,37.64538],[139.990022,37.645153],[139.99047,37.644957],[139.991302,37.643959],[139.991696,37.643762],[139.992542,37.643136],[139.992825,37.642831],[139.993106,37.642683],[139.993298,37.642449],[139.993479,37.642371],[139.993756,37.642116],[139.993831,37.642104],[139.993813,37.641511],[139.993489,37.639555],[139.993348,37.639032],[139.993173,37.638619],[139.992948,37.638288],[139.992456,37.637751],[139.9921,37.637487],[139.991344,37.637133],[139.991053,37.637045],[139.990193,37.636981],[139.988385,37.637086],[139.987846,37.637041],[139.987276,37.636613],[139.987107,37.636365],[139.985907,37.635159],[139.985364,37.634834],[139.985088,37.634591],[139.984591,37.634404],[139.98395,37.634268],[139.983423,37.634218],[139.982811,37.634053],[139.981891,37.633961],[139.976739,37.633886],[139.975167,37.633803],[139.974303,37.633819],[139.974263,37.633596],[139.974507,37.631938],[139.974498,37.631337],[139.973862,37.630982],[139.973424,37.630377],[139.972982,37.63033],[139.972767,37.630254],[139.972321,37.62999],[139.971115,37.630069],[139.970761,37.629854],[139.969979,37.629527],[139.96928,37.62941],[139.966604,37.629352],[139.966082,37.62926],[139.964746,37.629319],[139.96305,37.629052],[139.963171,37.628256],[139.962921,37.628082],[139.962337,37.627376],[139.9615,37.626782],[139.961324,37.62648],[139.960978,37.625039],[139.960905,37.624858],[139.96072,37.624751],[139.960698,37.624612],[139.961123,37.62465],[139.961613,37.624787],[139.962374,37.625233],[139.963912,37.625753],[139.964996,37.624527],[139.966347,37.624051],[139.967712,37.623405],[139.968135,37.623151],[139.968438,37.622877],[139.968841,37.622365],[139.969038,37.622004],[139.969454,37.62175],[139.968111,37.621403],[139.968009,37.621329],[139.967764,37.621032],[139.967312,37.620745],[139.967156,37.620565],[139.966969,37.620146],[139.966357,37.619621],[139.96618,37.619371],[139.965987,37.618925],[139.965827,37.618722],[139.965592,37.618629],[139.964743,37.618524],[139.96404,37.618134],[139.963284,37.617849],[139.96288,37.617787],[139.962406,37.617815],[139.960732,37.618025],[139.960247,37.618168],[139.960012,37.61829],[139.959497,37.618658],[139.959106,37.618872],[139.959548,37.61786],[139.960073,37.617216],[139.9604,37.616966],[139.960902,37.616675],[139.962102,37.616146],[139.964427,37.61538],[139.964501,37.615295],[139.964702,37.613322],[139.964966,37.612447],[139.965456,37.611645],[139.965809,37.611271],[139.966362,37.610785],[139.967155,37.610191],[139.968256,37.60948],[139.969101,37.609111],[139.97298,37.607761],[139.973338,37.607511],[139.974209,37.607701],[139.974657,37.607752],[139.975127,37.607629],[139.97558,37.607684],[139.976305,37.60785],[139.977273,37.607962],[139.977919,37.608157],[139.980177,37.608049],[139.980657,37.60818],[139.981444,37.608221],[139.982783,37.608526],[139.983028,37.608509],[139.983636,37.608208],[139.983871,37.608195],[139.984092,37.608223],[139.984785,37.608443],[139.984983,37.608549],[139.98525,37.608782],[139.98557,37.60891],[139.985741,37.608914],[139.986815,37.608628],[139.988368,37.608589],[139.988818,37.608452],[139.989266,37.608235],[139.99021,37.607672],[139.990949,37.607165],[139.991927,37.60634],[139.992192,37.605935],[139.992524,37.605565]]],[[[139.992524,37.605565],[139.990888,37.604846],[139.988928,37.603484],[139.988036,37.602625],[139.987749,37.60225],[139.987338,37.601353],[139.987104,37.601097],[139.986801,37.600894],[139.986573,37.600781],[139.986277,37.600714],[139.985481,37.600746],[139.985229,37.600737],[139.985163,37.600679],[139.985563,37.596319],[139.986613,37.594804],[139.986656,37.59464],[139.986636,37.594461],[139.986341,37.594011],[139.985975,37.593507],[139.98543,37.592891],[139.985725,37.592732],[139.986442,37.592542],[139.987382,37.592496],[139.988051,37.592591],[139.989819,37.593104],[139.989971,37.592887],[139.990111,37.592484],[139.990197,37.592424],[139.990332,37.592414],[139.991493,37.592681],[139.991935,37.592592],[139.992293,37.592363],[139.992903,37.591778],[139.993466,37.591364],[139.995502,37.591414],[139.9957,37.591383],[139.996153,37.590475],[139.996572,37.589387],[139.99695,37.588722],[139.99709,37.588626],[139.997203,37.58862],[139.997627,37.588803],[139.998388,37.589027],[139.998674,37.589194],[139.999357,37.590241],[139.999645,37.590494],[139.999947,37.590425],[140.002818,37.589226],[140.003896,37.588924],[140.004642,37.588966],[140.006139,37.589325],[140.006328,37.58932],[140.007112,37.588808],[140.008389,37.588432],[140.009155,37.587598],[140.010019,37.587591],[140.011679,37.587776],[140.012055,37.587955],[140.012241,37.588153],[140.01232,37.588308],[140.012341,37.589388],[140.012561,37.589748],[140.012893,37.590137],[140.014023,37.592432],[140.015028,37.59424],[140.015643,37.595078],[140.015916,37.59536],[140.016251,37.595603],[140.01767,37.594415],[140.019035,37.593117],[140.019862,37.592452],[140.020223,37.59234],[140.020493,37.592371],[140.023603,37.59312],[140.023846,37.592428],[140.024627,37.591132],[140.025891,37.589998],[140.027779,37.588597],[140.028549,37.587523],[140.029022,37.586382],[140.030396,37.586458],[140.031105,37.586621],[140.032522,37.586819],[140.034154,37.587161],[140.037938,37.587604],[140.037629,37.587382],[140.037464,37.587151],[140.037035,37.586976],[140.036832,37.58603],[140.036774,37.585858],[140.036585,37.585608],[140.036734,37.585199],[140.036813,37.584704],[140.036754,37.584618],[140.036602,37.584545],[140.036588,37.584244],[140.036518,37.584094],[140.036586,37.583693],[140.036664,37.583562],[140.036606,37.583175],[140.036493,37.582916],[140.036236,37.582621],[140.035843,37.582367],[140.035479,37.582035],[140.035347,37.581834],[140.035252,37.581533],[140.034588,37.580733],[140.034581,37.580547],[140.034627,37.580476],[140.035071,37.58025],[140.035343,37.580052],[140.035445,37.579788],[140.035432,37.579431],[140.035328,37.579122],[140.035307,37.578628],[140.035355,37.578378],[140.035833,37.57761],[140.035944,37.577324],[140.035913,37.576995],[140.035669,37.576392],[140.035655,37.576048],[140.036059,37.575365],[140.036135,37.575051],[140.03604,37.574785],[140.035784,37.574418],[140.035386,37.573235],[140.035483,37.572854],[140.041039,37.572591],[140.040917,37.572969],[140.041049,37.573234],[140.041146,37.573328],[140.044322,37.574195],[140.044753,37.574209],[140.047673,37.572957],[140.047559,37.573213],[140.04775,37.573499],[140.047713,37.573785],[140.047758,37.573934],[140.047915,37.574053],[140.048043,37.573951],[140.048788,37.572831],[140.04897,37.572652],[140.04961,37.57229],[140.049745,37.572024],[140.049944,37.571911],[140.05037,37.571437],[140.050499,37.571181],[140.051297,37.570104],[140.051955,37.569079],[140.055691,37.567426],[140.055845,37.567575],[140.055926,37.567809],[140.05784,37.56966],[140.059203,37.569475],[140.064195,37.568952],[140.064225,37.567858],[140.064115,37.566598],[140.06548,37.566455],[140.073149,37.566237],[140.073004,37.563417],[140.073052,37.56316],[140.073506,37.562834],[140.073606,37.562713],[140.073832,37.561967],[140.074248,37.562158],[140.074633,37.562224],[140.074925,37.562235],[140.075597,37.562106],[140.075937,37.562118],[140.076315,37.562198],[140.077087,37.56216],[140.078007,37.56256],[140.079013,37.562637],[140.079313,37.562896],[140.0796,37.562999],[140.080421,37.562943],[140.080795,37.563008],[140.082148,37.562915],[140.082649,37.562921],[140.08327,37.563037],[140.083998,37.563516],[140.084616,37.564096],[140.085206,37.564274],[140.086336,37.564959],[140.086769,37.565523],[140.08725,37.566557],[140.08727,37.567201],[140.087181,37.567802],[140.086899,37.568815],[140.086921,37.568923],[140.09221,37.570879],[140.093529,37.571614],[140.093608,37.571593],[140.094409,37.570952],[140.095011,37.570737],[140.095744,37.570392],[140.096717,37.569856],[140.096196,37.569101],[140.096204,37.569002],[140.09611,37.56879],[140.095906,37.5686],[140.09593,37.5685],[140.096076,37.568351],[140.096059,37.56805],[140.095962,37.567868],[140.096203,37.567365],[140.097157,37.567783],[140.097202,37.568041],[140.0972,37.568212],[140.097124,37.568372],[140.097156,37.568432],[140.097387,37.568479],[140.09753,37.568441],[140.098061,37.568189],[140.098192,37.568223],[140.0984,37.568373],[140.098537,37.568503],[140.098547,37.56858],[140.098365,37.568799],[140.098274,37.569141],[140.098637,37.569514],[140.098715,37.569517],[140.099252,37.569155],[140.099515,37.568769],[140.100039,37.568755],[140.100132,37.56884],[140.100263,37.569109],[140.100278,37.569381],[140.100099,37.569265],[140.099896,37.569244],[140.099347,37.569445],[140.099281,37.569573],[140.099231,37.569898],[140.098969,37.570559],[140.098262,37.571775],[140.097347,37.573733],[140.104025,37.57751],[140.104591,37.577536],[140.106419,37.577413],[140.106564,37.577701],[140.107011,37.577907],[140.107105,37.578194],[140.107073,37.578349],[140.106688,37.578608],[140.106679,37.578709],[140.107055,37.579237],[140.107285,37.579388],[140.110705,37.579747],[140.11129,37.579631],[140.111455,37.579777],[140.111584,37.580264],[140.111581,37.580465],[140.11175,37.58063],[140.111642,37.580687],[140.112373,37.581129],[140.113152,37.581414],[140.11335,37.581422],[140.11352,37.581495],[140.113804,37.58179],[140.114376,37.582067],[140.114465,37.582139],[140.114482,37.582246],[140.114836,37.58234],[140.114999,37.582472],[140.115042,37.582639],[140.115025,37.582818],[140.115171,37.583165],[140.115774,37.584111],[140.115809,37.584946],[140.115868,37.585042],[140.115971,37.585174],[140.116358,37.585368],[140.116536,37.585512],[140.116624,37.585715],[140.116951,37.585909],[140.117347,37.586627],[140.117585,37.586808],[140.117715,37.587178],[140.117848,37.587346],[140.118116,37.587551],[140.118823,37.58857],[140.119387,37.588967],[140.119697,37.589435],[140.119845,37.589531],[140.119963,37.589687],[140.120095,37.589951],[140.119643,37.590174],[140.119463,37.590172],[140.119596,37.590316],[140.119591,37.590781],[140.119483,37.591019],[140.119042,37.591552],[140.119056,37.591696],[140.119876,37.592012],[140.119868,37.592715],[140.119999,37.593002],[140.120012,37.593217],[140.119932,37.593658],[140.11981,37.593776],[140.11957,37.593846],[140.119493,37.593976],[140.119492,37.594131],[140.119741,37.594562],[140.119724,37.594765],[140.120013,37.595661],[140.120397,37.596363],[140.120849,37.596939],[140.121427,37.597501],[140.121863,37.597855],[140.122213,37.597882],[140.120409,37.598336],[140.119847,37.598396],[140.122644,37.605372],[140.12218,37.607411],[140.121554,37.607861],[140.120788,37.609107],[140.120487,37.609481],[140.118136,37.611338],[140.117881,37.61164],[140.117706,37.611953],[140.11768,37.612286],[140.117799,37.612805],[140.117905,37.613024],[140.117937,37.613289],[140.117797,37.613742],[140.11753,37.614252],[140.117442,37.61453],[140.117419,37.614865],[140.117575,37.615308],[140.117624,37.615766],[140.117537,37.616252],[140.116721,37.617906],[140.116569,37.618099],[140.115877,37.618823],[140.115159,37.619152],[140.11499,37.619274],[140.114814,37.619473],[140.114696,37.619825],[140.114476,37.620148],[140.113794,37.620529],[140.113558,37.620742],[140.113399,37.621003],[140.113343,37.622109],[140.113233,37.622357],[140.11211,37.623011],[140.111213,37.623758],[140.110214,37.624103],[140.107946,37.624678],[140.106982,37.625018],[140.106082,37.625579],[140.105036,37.626344],[140.104707,37.626723],[140.104452,37.628519],[140.104001,37.629866],[140.103856,37.629878],[140.103552,37.630052],[140.102933,37.63067],[140.102171,37.631143],[140.101077,37.631586],[140.100055,37.632064],[140.099882,37.632256],[140.099355,37.632653],[140.098958,37.632814],[140.097233,37.632629],[140.096207,37.632636],[140.09498,37.632176],[140.093677,37.631372],[140.0927,37.630291],[140.092249,37.629694],[140.090681,37.62624],[140.090639,37.625933],[140.090663,37.625475],[140.090778,37.624889],[140.09075,37.624266],[140.090376,37.623226],[140.090033,37.622537],[140.088958,37.621462],[140.086233,37.619224],[140.083967,37.617718],[140.084143,37.617312],[140.085053,37.614264],[140.086151,37.613442],[140.088373,37.611957],[140.08905,37.611698],[140.089923,37.611683],[140.091664,37.612705],[140.09212,37.612923],[140.092281,37.612967],[140.092372,37.612939],[140.092465,37.61264],[140.092422,37.611774],[140.09322,37.610435],[140.094091,37.609862],[140.094661,37.609573],[140.094743,37.609445],[140.094567,37.609157],[140.09398,37.608581],[140.093588,37.608313],[140.092765,37.607906],[140.092668,37.607798],[140.092697,37.607626],[140.093653,37.606625],[140.09574,37.606584],[140.096705,37.606362],[140.096644,37.60546],[140.096539,37.60518],[140.096549,37.604372],[140.097206,37.604334],[140.097793,37.604153],[140.099805,37.602859],[140.100826,37.602437],[140.102224,37.602083],[140.102927,37.601981],[140.103582,37.601278],[140.10513,37.60041],[140.106054,37.599107],[140.107123,37.596926],[140.107677,37.595729],[140.108596,37.593289],[140.107944,37.592962],[140.107379,37.592807],[140.106875,37.592839],[140.106181,37.593034],[140.10461,37.593595],[140.103877,37.593918],[140.101624,37.595103],[140.099171,37.594984],[140.094807,37.594557],[140.093533,37.594347],[140.092556,37.594061],[140.09195,37.593605],[140.091694,37.593239],[140.091538,37.592744],[140.091588,37.592293],[140.091801,37.591844],[140.092238,37.590653],[140.092426,37.58996],[140.092413,37.589524],[140.092231,37.589022],[140.092036,37.588727],[140.091672,37.588402],[140.091136,37.588133],[140.090284,37.587941],[140.087576,37.588041],[140.086012,37.588015],[140.085359,37.58781],[140.082775,37.586616],[140.078917,37.584547],[140.077927,37.583931],[140.077129,37.584426],[140.076692,37.584859],[140.075467,37.585822],[140.074284,37.587001],[140.073403,37.587681],[140.072815,37.587955],[140.072274,37.588094],[140.070079,37.588248],[140.068964,37.588211],[140.067393,37.588063],[140.066954,37.587952],[140.06663,37.587956],[140.066563,37.587527],[140.06607,37.585985],[140.065306,37.583861],[140.06516,37.582543],[140.065015,37.581905],[140.064651,37.580887],[140.064361,37.580326],[140.064192,37.580196],[140.063887,37.580129],[140.063436,37.580113],[140.063285,37.580053],[140.062261,37.580492],[140.061998,37.580697],[140.062006,37.581077],[140.062062,37.581268],[140.062086,37.583404],[140.062184,37.584311],[140.062569,37.586134],[140.062769,37.586851],[140.062883,37.587082],[140.062909,37.587438],[140.062507,37.58874],[140.062444,37.589416],[140.062457,37.589834],[140.062569,37.590201],[140.062771,37.590492],[140.062871,37.590936],[140.063108,37.591289],[140.063839,37.593269],[140.064097,37.593583],[140.064378,37.593771],[140.064522,37.594023],[140.064909,37.594387],[140.065043,37.594626],[140.064851,37.594888],[140.064753,37.595135],[140.064752,37.59558],[140.064575,37.595642],[140.064506,37.595802],[140.064325,37.59592],[140.064077,37.595984],[140.063296,37.596079],[140.062314,37.596095],[140.061751,37.59618],[140.060369,37.596461],[140.059392,37.596727],[140.058429,37.597024],[140.056825,37.597685],[140.056354,37.598122],[140.056072,37.598501],[140.055618,37.599475],[140.055408,37.601876],[140.055313,37.602299],[140.05479,37.603332],[140.054523,37.603664],[140.054122,37.604042],[140.053509,37.604484],[140.052988,37.604784],[140.051469,37.6054],[140.051352,37.605763],[140.051383,37.606844],[140.051183,37.607772],[140.050617,37.608134],[140.050418,37.608448],[140.050359,37.608797],[140.04962,37.609409],[140.049222,37.609828],[140.048495,37.611235],[140.047449,37.61276],[140.047336,37.613038],[140.047313,37.613272],[140.047397,37.613599],[140.04752,37.613814],[140.047222,37.614135],[140.047029,37.614421],[140.046929,37.614884],[140.046514,37.615332],[140.046494,37.615678],[140.046577,37.616215],[140.046805,37.617183],[140.04711,37.617966],[140.04758,37.618703],[140.048141,37.619358],[140.049438,37.620555],[140.050302,37.620973],[140.051055,37.621241],[140.051452,37.621322],[140.05183,37.621593],[140.051961,37.621916],[140.051964,37.622328],[140.051823,37.62278],[140.050637,37.624648],[140.05059,37.624803],[140.050567,37.626013],[140.05052,37.626173],[140.050343,37.626571],[140.049776,37.627533],[140.049697,37.627878],[140.049368,37.628382],[140.048821,37.629516],[140.048788,37.630339],[140.048994,37.63096],[140.049224,37.633687],[140.04938,37.63432],[140.049526,37.634679],[140.049575,37.635502],[140.049304,37.636823],[140.049732,37.638024],[140.049847,37.638914],[140.04981,37.639451],[140.049639,37.639938],[140.04912,37.640661],[140.048273,37.641191],[140.047477,37.641423],[140.04654,37.64141],[140.046093,37.641233],[140.045603,37.640883],[140.044512,37.63942],[140.043859,37.63883],[140.043659,37.638686],[140.043367,37.63863],[140.043022,37.638639],[140.04266,37.638838],[140.042493,37.638998],[140.041885,37.640174],[140.041505,37.640641],[140.041164,37.640865],[140.041103,37.641008],[140.040588,37.641409],[140.039614,37.642492],[140.03775,37.64228],[140.036836,37.642237],[140.035798,37.642497],[140.034932,37.642168],[140.034199,37.642037],[140.033998,37.64194],[140.029546,37.641271],[140.029081,37.641261],[140.028892,37.641361],[140.028748,37.641539],[140.028631,37.641824],[140.028661,37.642468],[140.029296,37.643201],[140.030571,37.644344],[140.031425,37.644917],[140.031835,37.645117],[140.032963,37.64546],[140.032946,37.64558],[140.032731,37.645995],[140.032757,37.646317],[140.032913,37.646444],[140.033598,37.646747],[140.033664,37.646909],[140.033617,37.647058],[140.033464,37.647247],[140.033222,37.647448],[140.033168,37.64759],[140.033186,37.647913],[140.033327,37.647985],[140.033904,37.64802],[140.03473,37.647919],[140.034827,37.648009],[140.034873,37.649095],[140.035289,37.649343],[140.035399,37.649558],[140.035337,37.650309],[140.035854,37.650972],[140.036326,37.653109],[140.036502,37.653464],[140.036615,37.654008],[140.036767,37.654324],[140.036916,37.654831],[140.036948,37.655127],[140.036554,37.655],[140.036206,37.655016],[140.035591,37.655211],[140.035155,37.655542],[140.034838,37.655959],[140.034782,37.656588],[140.034838,37.656903],[140.035131,37.657392],[140.03545,37.657805],[140.036255,37.658603],[140.03705,37.659287],[140.037987,37.660181],[140.038415,37.660509],[140.038424,37.660719],[140.038109,37.660946],[140.037807,37.661077],[140.036472,37.660379],[140.035602,37.660176],[140.035167,37.660344],[140.03431,37.661196],[140.033882,37.661307],[140.032853,37.660213],[140.032097,37.659527],[140.031383,37.659056],[140.031176,37.65884],[140.031042,37.656466],[140.030361,37.655745],[140.029945,37.655491],[140.029693,37.655262],[140.029399,37.654819],[140.029119,37.654122],[140.028284,37.65121],[140.028029,37.650071],[140.027751,37.649332],[140.027667,37.648887],[140.027388,37.648155],[140.026827,37.647056],[140.026111,37.64607],[140.02534,37.645184],[140.02368,37.643446],[140.022309,37.642319],[140.020963,37.641349],[140.019847,37.640739],[140.017925,37.640501],[140.016876,37.64017],[140.015197,37.639276],[140.012256,37.637842],[140.010193,37.636001],[140.009202,37.634797],[140.008468,37.634505],[140.006587,37.633903],[140.006248,37.633699],[140.005392,37.633106],[140.004985,37.632616],[140.004505,37.632182],[140.004009,37.631606],[140.004879,37.631112],[140.005792,37.630119],[140.006341,37.629351],[140.006816,37.628854],[140.007414,37.62853],[140.007847,37.628419],[140.008567,37.628425],[140.009195,37.62853],[140.009951,37.628494],[140.010584,37.628227],[140.011201,37.627817],[140.01247,37.627127],[140.014198,37.627056],[140.015729,37.626897],[140.016667,37.626733],[140.017769,37.626327],[140.020338,37.625218],[140.020825,37.625136],[140.023378,37.6253],[140.024153,37.625164],[140.024914,37.624755],[140.025622,37.62426],[140.026389,37.623351],[140.026687,37.622595],[140.026731,37.62198],[140.026659,37.620577],[140.02649,37.619746],[140.025973,37.618053],[140.025621,37.617406],[140.025379,37.616675],[140.025695,37.61589],[140.027507,37.613516],[140.028042,37.612504],[140.028153,37.611596],[140.027618,37.611795],[140.024803,37.611755],[140.024201,37.611642],[140.022693,37.61163],[140.022746,37.611456],[140.023086,37.611137],[140.023133,37.61096],[140.023175,37.61045],[140.023369,37.609797],[140.023275,37.609393],[140.023034,37.608931],[140.022671,37.60844],[140.022293,37.608032],[140.021368,37.607349],[140.020618,37.606908],[140.020514,37.60666],[140.020471,37.606307],[140.020396,37.606116],[140.019881,37.605891],[140.019664,37.605627],[140.019461,37.605247],[140.019282,37.604417],[140.019008,37.604295],[140.018456,37.604352],[140.017861,37.604513],[140.01746,37.605177],[140.017026,37.605613],[140.016563,37.605795],[140.01621,37.606024],[140.015723,37.606215],[140.015308,37.606501],[140.014949,37.606542],[140.013694,37.606413],[140.012561,37.606058],[140.01208,37.606002],[140.011551,37.605825],[140.01141,37.605709],[140.01141,37.605213],[140.011367,37.605157],[140.010381,37.605084],[140.010126,37.604922],[140.009701,37.604539],[140.00871,37.604337],[140.007776,37.604004],[140.007502,37.603948],[140.006997,37.603948],[140.006808,37.603888],[140.00398,37.602505],[140.003716,37.602477],[140.003169,37.602597],[140.002758,37.602796],[140.002616,37.602935],[140.001781,37.603224],[140.000148,37.603669],[139.999562,37.604149],[139.999029,37.60501],[139.9986,37.605303],[139.998149,37.605367],[139.996881,37.605354],[139.995864,37.60506],[139.99509,37.604962],[139.994245,37.604951],[139.992986,37.605219],[139.992778,37.605337],[139.992524,37.605565]]],[[[139.992999,37.73394],[139.992494,37.732742],[139.992479,37.732479],[139.99236,37.732248],[139.992365,37.73189],[139.992593,37.731411],[139.992724,37.731266],[139.993178,37.730514],[139.993929,37.729669],[139.994258,37.728875],[139.994423,37.728762],[139.994595,37.72872],[139.996255,37.728727],[139.99645,37.728648],[139.996628,37.728405],[139.996915,37.728213],[139.997256,37.727525],[139.997456,37.727271],[139.997739,37.727008],[139.997931,37.726906],[139.998141,37.726672],[139.998587,37.725972],[139.99876,37.725617],[139.998857,37.725374],[139.998868,37.725119],[139.99881,37.724936],[139.998684,37.724782],[139.997611,37.723891],[139.997406,37.723654],[139.997359,37.723562],[139.997333,37.723128],[139.997427,37.722645],[139.997372,37.722384],[139.997293,37.722292],[139.996686,37.72203],[139.996597,37.722034],[139.996062,37.721675],[139.995517,37.721482],[139.995178,37.72143],[139.994078,37.721438],[139.993473,37.721389],[139.993196,37.720998],[139.992615,37.72],[139.992275,37.7197],[139.991556,37.719209],[139.991165,37.718533],[139.99096,37.718292],[139.991533,37.717769],[139.992204,37.717417],[139.992969,37.716808],[139.993641,37.716414],[139.994241,37.715975],[139.994478,37.71572],[139.994883,37.715136],[139.995373,37.714826],[139.996043,37.714574],[139.997344,37.714256],[139.997634,37.714144],[139.997763,37.713916],[139.998129,37.71349],[139.998246,37.712833],[139.99845,37.712405],[139.998508,37.712048],[139.998532,37.711619],[139.9984,37.710745],[139.998494,37.710445],[139.998623,37.710189],[139.999079,37.709807],[139.999569,37.70951],[139.999734,37.70934],[139.999736,37.70914],[139.999633,37.708767],[139.999299,37.708163],[139.999249,37.707891],[139.999326,37.707491],[139.99962,37.707064],[139.999894,37.706794],[140.000749,37.706172],[140.001508,37.705847],[140.001982,37.705422],[140.002031,37.705086],[140.001989,37.704227],[140.002013,37.703762],[140.002455,37.703065],[140.002486,37.702736],[140.002393,37.702256],[140.00216,37.70151],[140.001861,37.700985],[140.001586,37.700683],[140.001573,37.700421],[140.001917,37.700267],[140.00219,37.700026],[140.002176,37.699754],[140.001697,37.699192],[140.001612,37.698848],[140.001614,37.697345],[140.002021,37.696533],[140.001779,37.695744],[140.001513,37.69547],[140.001103,37.695181],[140.000882,37.694821],[140.000612,37.694186],[140.001411,37.694364],[140.001679,37.694477],[140.002341,37.694475],[140.003924,37.694084],[140.004225,37.693841],[140.005202,37.692591],[140.005856,37.691369],[140.00639,37.691897],[140.007339,37.692032],[140.007859,37.692215],[140.008182,37.692246],[140.008689,37.692029],[140.009195,37.691897],[140.009881,37.691875],[140.011087,37.691729],[140.012551,37.691628],[140.015512,37.691563],[140.017333,37.691421],[140.018306,37.691578],[140.019777,37.691499],[140.020502,37.691601],[140.021336,37.691641],[140.022097,37.691776],[140.022757,37.691967],[140.023238,37.691947],[140.023644,37.691843],[140.02422,37.691551],[140.024434,37.691085],[140.024611,37.690857],[140.024992,37.690674],[140.025498,37.690512],[140.026599,37.69033],[140.027359,37.690036],[140.029212,37.689498],[140.029439,37.689295],[140.029678,37.688953],[140.029884,37.688311],[140.030053,37.687451],[140.030157,37.687223],[140.030925,37.686637],[140.031024,37.686404],[140.031071,37.685915],[140.031002,37.68534],[140.03138,37.684905],[140.032009,37.684364],[140.033415,37.683553],[140.034725,37.68317],[140.034935,37.683184],[140.035311,37.683041],[140.035762,37.682974],[140.037151,37.682317],[140.038255,37.681599],[140.039302,37.680665],[140.04018,37.680088],[140.040424,37.67978],[140.04118,37.679298],[140.041675,37.679314],[140.041972,37.679519],[140.042118,37.679842],[140.0421,37.68008],[140.042005,37.680497],[140.041804,37.680948],[140.041784,37.681318],[140.041286,37.682268],[140.041021,37.683],[140.040435,37.683739],[140.040408,37.684025],[140.04021,37.684462],[140.039529,37.685163],[140.038942,37.685997],[140.038239,37.686564],[140.037911,37.687763],[140.037116,37.687966],[140.036563,37.688038],[140.03637,37.688132],[140.035733,37.6891],[140.036588,37.689782],[140.037749,37.689326],[140.038307,37.689056],[140.039934,37.688569],[140.041355,37.690062],[140.044214,37.693472],[140.045369,37.694674],[140.045637,37.694861],[140.045906,37.694934],[140.047405,37.695036],[140.047659,37.695139],[140.048366,37.696206],[140.048622,37.696733],[140.048701,37.697008],[140.048722,37.697664],[140.048717,37.698039],[140.048631,37.698343],[140.048256,37.698948],[140.047762,37.699415],[140.047095,37.699904],[140.046514,37.700198],[140.045126,37.700735],[140.045091,37.701201],[140.04479,37.702209],[140.044605,37.702542],[140.044202,37.703073],[140.044153,37.703215],[140.044384,37.703866],[140.044404,37.70419],[140.044334,37.704953],[140.044232,37.705467],[140.044037,37.705675],[140.043454,37.706019],[140.042918,37.706654],[140.042781,37.707029],[140.04264,37.707748],[140.042516,37.70799],[140.041681,37.708971],[140.041516,37.709261],[140.04144,37.709565],[140.041424,37.710276],[140.041314,37.710466],[140.04001,37.711499],[140.039651,37.711859],[140.038302,37.713789],[140.037624,37.714559],[140.037206,37.714967],[140.036805,37.71525],[140.03614,37.71559],[140.03544,37.715757],[140.03239,37.715982],[140.031961,37.716098],[140.031719,37.716233],[140.031468,37.716523],[140.030824,37.717508],[140.030681,37.717602],[140.029793,37.717779],[140.029459,37.718033],[140.029343,37.718277],[140.029233,37.718705],[140.02914,37.719461],[140.029233,37.719832],[140.029395,37.72006],[140.029723,37.720277],[140.031031,37.720651],[140.031434,37.720822],[140.032605,37.72197],[140.033093,37.722522],[140.03324,37.722774],[140.033574,37.723087],[140.034141,37.723878],[140.03442,37.724417],[140.034687,37.725224],[140.03469,37.725528],[140.034508,37.726278],[140.034362,37.726575],[140.034181,37.7272],[140.034192,37.728056],[140.034285,37.728537],[140.034594,37.729004],[140.034663,37.729226],[140.035096,37.729928],[140.035582,37.730287],[140.03708,37.731078],[140.037358,37.731187],[140.039138,37.731562],[140.039334,37.731492],[140.039521,37.730432],[140.039733,37.730267],[140.040027,37.730156],[140.04053,37.730154],[140.040829,37.73027],[140.041559,37.730699],[140.04234,37.731296],[140.04275,37.73149],[140.043423,37.731686],[140.044765,37.731799],[140.045809,37.73235],[140.047559,37.732829],[140.052369,37.733565],[140.056358,37.733961],[140.057866,37.734038],[140.058969,37.734029],[140.062005,37.733165],[140.062396,37.733097],[140.062734,37.733099],[140.063123,37.733192],[140.064688,37.734128],[140.064838,37.734171],[140.064986,37.734304],[140.065182,37.734204],[140.066087,37.733289],[140.06655,37.732292],[140.066432,37.731711],[140.066445,37.731325],[140.066618,37.730525],[140.066795,37.728813],[140.066922,37.728256],[140.06706,37.72792],[140.066812,37.727701],[140.065976,37.727672],[140.064892,37.727126],[140.064467,37.727104],[140.06368,37.727211],[140.062556,37.727091],[140.062944,37.726632],[140.063398,37.725786],[140.061466,37.722768],[140.061013,37.72213],[140.061178,37.721359],[140.061157,37.721187],[140.060981,37.720852],[140.061021,37.720345],[140.061284,37.719703],[140.061544,37.719335],[140.061999,37.719017],[140.062406,37.718853],[140.062938,37.718351],[140.06321,37.718198],[140.063931,37.71815],[140.064814,37.718372],[140.065391,37.718382],[140.066122,37.718191],[140.06637,37.71817],[140.067029,37.718267],[140.067301,37.718245],[140.067581,37.717937],[140.068262,37.716538],[140.069247,37.715523],[140.069831,37.715155],[140.069953,37.714994],[140.070318,37.714191],[140.070407,37.713748],[140.070727,37.713168],[140.070711,37.712751],[140.070923,37.712269],[140.071353,37.711429],[140.071947,37.710603],[140.072226,37.710414],[140.072373,37.710186],[140.072323,37.709814],[140.072032,37.709396],[140.071975,37.709098],[140.072195,37.708348],[140.072501,37.707862],[140.072935,37.70678],[140.073697,37.706362],[140.073937,37.706175],[140.074014,37.706036],[140.074004,37.705912],[140.072914,37.705273],[140.071405,37.704938],[140.069667,37.704189],[140.068755,37.704052],[140.068163,37.703904],[140.06786,37.703651],[140.066804,37.702384],[140.066625,37.702332],[140.066278,37.702343],[140.065645,37.702188],[140.065109,37.701877],[140.064922,37.701718],[140.064658,37.701208],[140.064527,37.700878],[140.064469,37.699754],[140.064707,37.699151],[140.064747,37.698294],[140.06488,37.69716],[140.064741,37.696737],[140.064581,37.696578],[140.064341,37.696369],[140.06356,37.695849],[140.063075,37.695379],[140.062991,37.694827],[140.063169,37.693922],[140.063302,37.692893],[140.063751,37.691317],[140.063779,37.690881],[140.063684,37.690496],[140.063484,37.690345],[140.063344,37.690043],[140.06326,37.689614],[140.063355,37.689171],[140.063485,37.688871],[140.063924,37.688288],[140.064542,37.68785],[140.064853,37.687466],[140.06506,37.686795],[140.065333,37.686554],[140.06564,37.686413],[140.06611,37.686305],[140.066186,37.686453],[140.066471,37.686713],[140.06657,37.686952],[140.066601,37.687324],[140.066719,37.687473],[140.066718,37.687559],[140.066603,37.687673],[140.066083,37.687969],[140.065923,37.688316],[140.065601,37.68858],[140.065611,37.688752],[140.066758,37.688709],[140.066984,37.688863],[140.067092,37.688859],[140.067533,37.688658],[140.068037,37.688671],[140.068276,37.688764],[140.068314,37.689093],[140.068361,37.689136],[140.068499,37.689128],[140.068834,37.688773],[140.068972,37.688745],[140.069118,37.688642],[140.069217,37.688394],[140.06935,37.688248],[140.069809,37.688037],[140.06979,37.687688],[140.070136,37.687352],[140.070205,37.687129],[140.070302,37.687039],[140.070441,37.686973],[140.070639,37.686961],[140.070923,37.686815],[140.071081,37.68663],[140.07131,37.686599],[140.071543,37.686639],[140.071919,37.686823],[140.071985,37.686809],[140.07204,37.686714],[140.07246,37.686746],[140.072843,37.686868],[140.073085,37.687132],[140.073114,37.687233],[140.073222,37.687262],[140.073624,37.687251],[140.073754,37.687192],[140.073742,37.686965],[140.073807,37.686906],[140.074047,37.686875],[140.074153,37.686778],[140.074101,37.686422],[140.074204,37.686292],[140.074423,37.686181],[140.074504,37.686008],[140.074488,37.685779],[140.074262,37.685246],[140.074258,37.68499],[140.074022,37.684678],[140.074027,37.684583],[140.073913,37.684352],[140.073515,37.684114],[140.073212,37.684081],[140.073138,37.683991],[140.07317,37.683777],[140.073631,37.683542],[140.073704,37.683385],[140.073605,37.683223],[140.073359,37.68306],[140.073282,37.682946],[140.073262,37.682746],[140.073203,37.682656],[140.072705,37.682298],[140.072643,37.68213],[140.07268,37.681856],[140.07257,37.681653],[140.072069,37.681536],[140.071527,37.681153],[140.071451,37.681033],[140.071474,37.680655],[140.073402,37.680647],[140.073963,37.680758],[140.077128,37.681975],[140.07788,37.681886],[140.080177,37.681147],[140.081347,37.68112],[140.081672,37.680956],[140.082131,37.680858],[140.082588,37.680873],[140.082863,37.680813],[140.082958,37.679963],[140.082986,37.679165],[140.082991,37.677978],[140.082853,37.674564],[140.082907,37.674225],[140.085743,37.677055],[140.085962,37.677217],[140.086271,37.677309],[140.088664,37.677548],[140.089767,37.678856],[140.090236,37.678773],[140.090694,37.678586],[140.091179,37.67818],[140.09207,37.676946],[140.092145,37.676737],[140.092484,37.676463],[140.092716,37.67616],[140.09254,37.675882],[140.092348,37.675703],[140.0927,37.675321],[140.093892,37.674571],[140.093884,37.675187],[140.093767,37.67593],[140.093761,37.676416],[140.094455,37.677123],[140.095973,37.678093],[140.096903,37.678615],[140.097442,37.678719],[140.097875,37.67868],[140.098091,37.678624],[140.098382,37.678383],[140.098726,37.6782],[140.099229,37.678347],[140.100871,37.679547],[140.10185,37.680427],[140.102355,37.680768],[140.10358,37.681136],[140.10501,37.68181],[140.10514,37.683457],[140.105316,37.683792],[140.105528,37.684855],[140.105907,37.685811],[140.106319,37.686518],[140.106865,37.687237],[140.10734,37.687694],[140.107828,37.68827],[140.107914,37.688617],[140.107771,37.689259],[140.10772,37.689784],[140.107202,37.691723],[140.106882,37.693331],[140.106665,37.693949],[140.106145,37.694744],[140.105463,37.695323],[140.104995,37.69551],[140.104304,37.695636],[140.102443,37.695646],[140.101812,37.695701],[140.101255,37.695816],[140.099806,37.696568],[140.098487,37.697607],[140.097836,37.69815],[140.097243,37.69879],[140.096754,37.699501],[140.096171,37.700865],[140.095777,37.702929],[140.095772,37.703265],[140.095811,37.703781],[140.095921,37.704347],[140.096229,37.704932],[140.096262,37.705146],[140.096793,37.705915],[140.097027,37.706385],[140.097061,37.706614],[140.096959,37.70709],[140.096785,37.707528],[140.096643,37.708385],[140.096572,37.709291],[140.096248,37.710299],[140.095966,37.710764],[140.095866,37.711078],[140.095535,37.711648],[140.095411,37.711981],[140.095367,37.71262],[140.095471,37.712974],[140.096252,37.713857],[140.097989,37.715196],[140.098393,37.715581],[140.098617,37.715936],[140.098767,37.716404],[140.09877,37.717139],[140.09862,37.717624],[140.098424,37.717966],[140.098033,37.718478],[140.097861,37.718868],[140.097715,37.719029],[140.097701,37.719153],[140.098958,37.719515],[140.09922,37.719689],[140.099471,37.71972],[140.100285,37.720002],[140.100906,37.720293],[140.101848,37.720844],[140.102051,37.720903],[140.102324,37.721153],[140.102575,37.721269],[140.104255,37.722341],[140.104578,37.722439],[140.104888,37.72268],[140.106475,37.723493],[140.106941,37.723678],[140.108043,37.723925],[140.110559,37.724402],[140.111515,37.724838],[140.113412,37.725882],[140.113017,37.727875],[140.112966,37.728352],[140.112265,37.730505],[140.111926,37.731242],[140.111175,37.732488],[140.110247,37.733506],[140.109262,37.73431],[140.108234,37.734862],[140.105718,37.73563],[140.104569,37.736242],[140.103807,37.737182],[140.103384,37.737186],[140.10289,37.737355],[140.102283,37.737613],[140.101758,37.737995],[140.10143,37.738449],[140.101337,37.738997],[140.101348,37.739257],[140.101258,37.73945],[140.100961,37.739757],[140.100444,37.74011],[140.099952,37.74027],[140.099476,37.740333],[140.099124,37.740465],[140.098637,37.740995],[140.098537,37.741226],[140.098561,37.741946],[140.098519,37.742391],[140.098101,37.742681],[140.097619,37.742934],[140.09649,37.743763],[140.096215,37.744314],[140.096212,37.745837],[140.096146,37.746402],[140.096217,37.746741],[140.09225,37.74918],[140.090535,37.750621],[140.089047,37.752017],[140.087647,37.75352],[140.087088,37.753742],[140.086562,37.75381],[140.085362,37.753729],[140.083774,37.753407],[140.08338,37.753642],[140.083029,37.754116],[140.08259,37.754387],[140.081882,37.75456],[140.081036,37.753767],[140.080283,37.752747],[140.079974,37.752244],[140.079525,37.750881],[140.079409,37.749366],[140.079475,37.74889],[140.079971,37.747606],[140.080036,37.747249],[140.080253,37.746702],[140.080185,37.746058],[140.080071,37.74558],[140.079702,37.745076],[140.079243,37.744572],[140.078306,37.743801],[140.077531,37.743342],[140.076829,37.743039],[140.076275,37.742963],[140.075715,37.743268],[140.075351,37.743587],[140.074651,37.744345],[140.074576,37.744332],[140.074236,37.743912],[140.07427,37.743591],[140.074377,37.743437],[140.074334,37.743246],[140.074551,37.742746],[140.07457,37.742413],[140.074377,37.74104],[140.074504,37.737827],[140.074498,37.73611],[140.074348,37.734399],[140.073646,37.73151],[140.073274,37.730971],[140.072498,37.72962],[140.072482,37.729477],[140.072305,37.729189],[140.071799,37.728656],[140.070547,37.727497],[140.070291,37.727791],[140.069717,37.727949],[140.069226,37.728239],[140.068491,37.728427],[140.06825,37.728433],[140.068378,37.728743],[140.068591,37.728979],[140.069179,37.729137],[140.069321,37.729267],[140.070015,37.730382],[140.070837,37.731312],[140.07134,37.732078],[140.071297,37.732275],[140.070808,37.732855],[140.070808,37.733075],[140.070922,37.733401],[140.071418,37.734179],[140.071375,37.734359],[140.071106,37.734815],[140.071127,37.734945],[140.071326,37.735266],[140.071262,37.735621],[140.071382,37.735807],[140.071673,37.735993],[140.071822,37.736291],[140.071793,37.737142],[140.071892,37.737733],[140.072048,37.73806],[140.071956,37.73846],[140.07224,37.739068],[140.072162,37.739401],[140.072339,37.739609],[140.072296,37.739964],[140.072204,37.74011],[140.072261,37.740364],[140.07207,37.740651],[140.072063,37.741119],[140.071914,37.741265],[140.071914,37.741383],[140.072375,37.741834],[140.072424,37.742155],[140.072134,37.742505],[140.072134,37.7426],[140.072304,37.74295],[140.072239,37.74371],[140.071892,37.744065],[140.071297,37.744538],[140.07095,37.745073],[140.070915,37.745861],[140.070808,37.746138],[140.070744,37.746566],[140.0709,37.747428],[140.071004,37.747617],[140.071504,37.747898],[140.072124,37.74806],[140.07298,37.74806],[140.074477,37.747914],[140.07527,37.747892],[140.075602,37.748045],[140.075751,37.748339],[140.075932,37.749056],[140.075847,37.751516],[140.075921,37.753577],[140.076008,37.754486],[140.076307,37.75509],[140.077079,37.756083],[140.077967,37.757049],[140.07733,37.75732],[140.076549,37.757473],[140.073897,37.757523],[140.073049,37.757757],[140.072402,37.757841],[140.070552,37.757764],[140.069697,37.757892],[140.069257,37.757817],[140.069123,37.757844],[140.06889,37.758133],[140.068349,37.759277],[140.068135,37.759479],[140.067681,37.759717],[140.067447,37.760106],[140.067407,37.760763],[140.067427,37.760981],[140.067574,37.761439],[140.067566,37.761573],[140.067482,37.761921],[140.067186,37.762599],[140.066926,37.763431],[140.066933,37.763625],[140.067173,37.764134],[140.06716,37.764514],[140.067086,37.764631],[140.066716,37.764684],[140.066539,37.764775],[140.066118,37.765204],[140.066058,37.765768],[140.066011,37.765864],[140.065464,37.766361],[140.065129,37.766769],[140.065076,37.766992],[140.065138,37.767393],[140.065,37.767618],[140.064839,37.767727],[140.064604,37.767797],[140.064235,37.767716],[140.063814,37.767699],[140.063541,37.767779],[140.063434,37.767848],[140.0632,37.768341],[140.062852,37.768807],[140.062396,37.769253],[140.062204,37.76938],[140.061962,37.769462],[140.061677,37.769488],[140.061043,37.769742],[140.060796,37.769922],[140.060502,37.770251],[140.060015,37.770494],[140.059487,37.770669],[140.058926,37.771151],[140.058285,37.771276],[140.057744,37.771308],[140.057531,37.771289],[140.056469,37.770971],[140.055741,37.77086],[140.053778,37.770802],[140.053517,37.770839],[140.053311,37.771294],[140.053304,37.771663],[140.054025,37.773131],[140.054078,37.773488],[140.054038,37.774066],[140.054152,37.774267],[140.054359,37.774484],[140.054446,37.774701],[140.054486,37.775035],[140.054339,37.775372],[140.053717,37.776161],[140.053737,37.776511],[140.05333,37.777155],[140.053117,37.777611],[140.052916,37.778225],[140.052689,37.778569],[140.052522,37.778792],[140.052333,37.778919],[140.051427,37.779333],[140.05126,37.779359],[140.050788,37.779118],[140.050512,37.779033],[140.049284,37.778916],[140.048623,37.779059],[140.048482,37.779049],[140.048209,37.778863],[140.047547,37.778249],[140.047367,37.777531],[140.046713,37.776715],[140.046132,37.775816],[140.045865,37.775493],[140.045391,37.775107],[140.044924,37.774362],[140.04473,37.774139],[140.044743,37.773366],[140.044697,37.773138],[140.044583,37.772905],[140.044229,37.772635],[140.043048,37.772404],[140.041051,37.770941],[140.040811,37.770446],[140.04063,37.77025],[140.039488,37.769413],[140.038674,37.768684],[140.037498,37.767979],[140.037297,37.7679],[140.035314,37.767277],[140.034233,37.767389],[140.033838,37.767314],[140.033631,37.76733],[140.033017,37.767465],[140.032508,37.767677],[140.031862,37.768382],[140.031527,37.768875],[140.031451,37.768881],[140.031168,37.768038],[140.031027,37.76782],[140.030874,37.767688],[140.030613,37.767576],[140.030126,37.767404],[140.029031,37.767336],[140.027896,37.766674],[140.026914,37.76621],[140.026447,37.766125],[140.024757,37.76629],[140.02401,37.76602],[140.023709,37.765863],[140.021859,37.765296],[140.021592,37.765036],[140.021445,37.764713],[140.021158,37.7643],[140.020383,37.763836],[140.020143,37.763592],[140.02007,37.763412],[140.020117,37.763153],[140.020063,37.762692],[140.019656,37.76213],[140.019502,37.762024],[140.019282,37.76196],[140.01798,37.76227],[140.017773,37.762366],[140.017658,37.762545],[140.017379,37.762821],[140.017078,37.762901],[140.015295,37.762779],[140.014701,37.76267],[140.012919,37.761785],[140.012585,37.76186],[140.012231,37.762013],[140.01163,37.762366],[140.011002,37.762964],[140.010235,37.763991],[140.0101,37.763995],[140.009953,37.763894],[140.009159,37.762787],[140.009012,37.762644],[140.008892,37.762623],[140.008117,37.762718],[140.007426,37.762359],[140.006969,37.762016],[140.006822,37.761825],[140.006094,37.761534],[140.00588,37.761263],[140.005667,37.761099],[140.00526,37.760919],[140.004465,37.760712],[140.003163,37.760153],[140.001994,37.7594],[140.001707,37.759432],[140.001306,37.759695],[140.000906,37.759827],[140.000512,37.759827],[140.000318,37.759891],[139.999971,37.76014],[139.999404,37.761099],[139.999136,37.761279],[139.998546,37.761359],[139.998001,37.761221],[139.997193,37.760734],[139.996603,37.760542],[139.99595,37.760257],[139.99561,37.760169],[139.995106,37.760149],[139.992569,37.7587],[139.992579,37.757891],[139.992513,37.757183],[139.992542,37.757055],[139.992707,37.756755],[139.993298,37.756144],[139.993434,37.75586],[139.993386,37.755749],[139.993288,37.755682],[139.992909,37.755546],[139.992572,37.755354],[139.992417,37.755138],[139.992433,37.754912],[139.992578,37.754692],[139.992956,37.754358],[139.993347,37.75391],[139.993653,37.753427],[139.993631,37.753285],[139.992618,37.752772],[139.992493,37.752587],[139.992503,37.7524],[139.992561,37.752266],[139.992993,37.751859],[139.993434,37.751641],[139.993743,37.751171],[139.993771,37.750906],[139.993641,37.750272],[139.99352,37.750023],[139.993458,37.749386],[139.99383,37.74841],[139.994295,37.747779],[139.994389,37.747561],[139.994164,37.746831],[139.993958,37.746394],[139.99364,37.746037],[139.992246,37.744846],[139.992136,37.744589],[139.992146,37.744424],[139.992245,37.744105],[139.992535,37.743764],[139.99343,37.743241],[139.993871,37.743066],[139.994167,37.742842],[139.994197,37.742669],[139.994806,37.741995],[139.995376,37.741553],[139.99548,37.741296],[139.995457,37.740918],[139.995349,37.740463],[139.995158,37.739901],[139.995014,37.739632],[139.994988,37.739313],[139.995035,37.738734],[139.994815,37.737901],[139.995026,37.737294],[139.995038,37.737126],[139.994534,37.736601],[139.994428,37.73642],[139.994433,37.736126],[139.994563,37.735924],[139.99491,37.735584],[139.994982,37.735474],[139.994982,37.735292],[139.994548,37.734577],[139.994124,37.734184],[139.993946,37.734108],[139.99339,37.734013],[139.993121,37.734015],[139.992999,37.73394]]],[[[139.992999,37.73394],[139.993121,37.734015],[139.99339,37.734013],[139.993946,37.734108],[139.994124,37.734184],[139.994548,37.734577],[139.994982,37.735292],[139.994982,37.735474],[139.99491,37.735584],[139.994563,37.735924],[139.994433,37.736126],[139.994428,37.73642],[139.994534,37.736601],[139.995038,37.737126],[139.995026,37.737294],[139.994815,37.737901],[139.995035,37.738734],[139.994988,37.739313],[139.995014,37.739632],[139.995158,37.739901],[139.995349,37.740463],[139.995457,37.740918],[139.99548,37.741296],[139.995376,37.741553],[139.994806,37.741995],[139.994197,37.742669],[139.994167,37.742842],[139.993871,37.743066],[139.99343,37.743241],[139.992535,37.743764],[139.992245,37.744105],[139.992146,37.744424],[139.992136,37.744589],[139.992246,37.744846],[139.99364,37.746037],[139.993958,37.746394],[139.994164,37.746831],[139.994389,37.747561],[139.994295,37.747779],[139.99383,37.74841],[139.993458,37.749386],[139.99352,37.750023],[139.993641,37.750272],[139.993771,37.750906],[139.993743,37.751171],[139.993434,37.751641],[139.992993,37.751859],[139.992561,37.752266],[139.992503,37.7524],[139.992493,37.752587],[139.992618,37.752772],[139.993631,37.753285],[139.993653,37.753427],[139.993347,37.75391],[139.992956,37.754358],[139.992578,37.754692],[139.992433,37.754912],[139.992417,37.755138],[139.992572,37.755354],[139.992909,37.755546],[139.993288,37.755682],[139.993386,37.755749],[139.993434,37.75586],[139.993298,37.756144],[139.992707,37.756755],[139.992542,37.757055],[139.992513,37.757183],[139.992579,37.757891],[139.992569,37.7587],[139.995106,37.760149],[139.99561,37.760169],[139.99595,37.760257],[139.996603,37.760542],[139.997193,37.760734],[139.998001,37.761221],[139.998546,37.761359],[139.999136,37.761279],[139.999404,37.761099],[139.999971,37.76014],[140.000318,37.759891],[140.000512,37.759827],[140.000906,37.759827],[140.001306,37.759695],[140.001707,37.759432],[140.001994,37.7594],[140.003163,37.760153],[140.004465,37.760712],[140.00526,37.760919],[140.005667,37.761099],[140.00588,37.761263],[140.006094,37.761534],[140.006822,37.761825],[140.006969,37.762016],[140.007426,37.762359],[140.008117,37.762718],[140.008892,37.762623],[140.009012,37.762644],[140.009159,37.762787],[140.009953,37.763894],[140.0101,37.763995],[140.010235,37.763991],[140.011002,37.762964],[140.01163,37.762366],[140.012231,37.762013],[140.012585,37.76186],[140.012919,37.761785],[140.014701,37.76267],[140.015295,37.762779],[140.017078,37.762901],[140.017379,37.762821],[140.017658,37.762545],[140.017773,37.762366],[140.01798,37.76227],[140.019282,37.76196],[140.019502,37.762024],[140.019656,37.76213],[140.020063,37.762692],[140.020117,37.763153],[140.02007,37.763412],[140.020143,37.763592],[140.020383,37.763836],[140.021158,37.7643],[140.021445,37.764713],[140.021592,37.765036],[140.021859,37.765296],[140.023709,37.765863],[140.02401,37.76602],[140.024757,37.76629],[140.026447,37.766125],[140.026914,37.76621],[140.027896,37.766674],[140.029031,37.767336],[140.030126,37.767404],[140.030613,37.767576],[140.030874,37.767688],[140.031027,37.76782],[140.031168,37.768038],[140.031451,37.768881],[140.029768,37.769691],[140.029459,37.76996],[140.029018,37.770872],[140.028903,37.771429],[140.028794,37.772537],[140.02821,37.773241],[140.027492,37.773757],[140.026691,37.774125],[140.025409,37.774508],[140.024367,37.774982],[140.023929,37.775133],[140.023787,37.775246],[140.023441,37.775875],[140.022194,37.777003],[140.021551,37.777928],[140.021338,37.778159],[140.019328,37.779603],[140.01907,37.779839],[140.018954,37.780041],[140.018773,37.780511],[140.018608,37.78175],[140.018596,37.782276],[140.01849,37.782804],[140.018076,37.783961],[140.018114,37.784307],[140.018672,37.785005],[140.018871,37.785651],[140.019128,37.785982],[140.019467,37.78625],[140.01987,37.786446],[140.020436,37.787309],[140.020643,37.788041],[140.020942,37.788608],[140.020909,37.789052],[140.020572,37.789306],[140.019098,37.789889],[140.018578,37.79046],[140.018323,37.790645],[140.017672,37.790941],[140.017328,37.791361],[140.017062,37.791602],[140.016404,37.791865],[140.015377,37.792021],[140.014915,37.792205],[140.014666,37.79236],[140.014576,37.79255],[140.014357,37.792756],[140.013994,37.792954],[140.013896,37.793096],[140.01397,37.793812],[140.014133,37.794223],[140.014321,37.79454],[140.014715,37.794926],[140.015837,37.79578],[140.015948,37.795924],[140.01603,37.796211],[140.016189,37.796518],[140.016454,37.796888],[140.016982,37.797304],[140.017303,37.797414],[140.017332,37.797504],[140.016796,37.798304],[140.016338,37.79948],[140.016219,37.799646],[140.016126,37.79991],[140.016124,37.80069],[140.015871,37.801439],[140.01585,37.801646],[140.015702,37.801909],[140.015327,37.802357],[140.015126,37.802885],[140.015141,37.803179],[140.015266,37.803515],[140.01554,37.803947],[140.015571,37.804341],[140.015526,37.80502],[140.015305,37.805333],[140.015114,37.805446],[140.013697,37.806007],[140.013308,37.806108],[140.013002,37.806102],[140.011788,37.805852],[140.010531,37.805766],[140.009522,37.80604],[140.009041,37.806251],[140.008401,37.80661],[140.007132,37.807737],[140.006059,37.808439],[140.004805,37.809168],[140.004177,37.809411],[140.003262,37.809947],[140.003209,37.810266],[140.003175,37.811453],[140.003043,37.811929],[140.003149,37.812516],[140.003056,37.813622],[140.002997,37.813826],[140.002855,37.814036],[140.002376,37.814564],[140.001931,37.815204],[140.001506,37.816095],[140.001273,37.81722],[140.000874,37.816698],[140.000428,37.816324],[139.999989,37.81604],[139.998799,37.815673],[139.998084,37.815166],[139.997699,37.814787],[139.99733,37.814223],[139.997209,37.813775],[139.996954,37.813165],[139.995717,37.811849],[139.99515,37.810997],[139.994704,37.810606],[139.992879,37.808325],[139.992128,37.806637],[139.991776,37.80605],[139.991421,37.80563],[139.990714,37.805117],[139.989745,37.80456],[139.985768,37.801933],[139.98339,37.800034],[139.983069,37.799853],[139.982269,37.799566],[139.980248,37.799024],[139.979658,37.798768],[139.97919,37.798371],[139.978738,37.797902],[139.977951,37.796738],[139.977477,37.796209],[139.975688,37.794644],[139.975446,37.79423],[139.97514,37.793494],[139.974795,37.792919],[139.973832,37.791945],[139.973045,37.791306],[139.972022,37.790832],[139.967861,37.789535],[139.968115,37.789008],[139.968782,37.788466],[139.968928,37.787879],[139.968903,37.787655],[139.968816,37.787468],[139.968504,37.78716],[139.9675,37.785904],[139.967253,37.784962],[139.967221,37.784584],[139.96726,37.783808],[139.967361,37.783543],[139.967754,37.783079],[139.9684,37.782535],[139.969779,37.781192],[139.96995,37.780848],[139.970008,37.780513],[139.970157,37.780082],[139.970485,37.779754],[139.970656,37.77946],[139.970916,37.779243],[139.971072,37.779196],[139.971691,37.77922],[139.971902,37.779093],[139.971993,37.77887],[139.971913,37.778094],[139.971936,37.77773],[139.97197,37.777656],[139.972139,37.777592],[139.972534,37.7776],[139.972956,37.777476],[139.973106,37.777275],[139.973273,37.776915],[139.973372,37.776347],[139.973387,37.775779],[139.973448,37.775719],[139.973693,37.775612],[139.973972,37.775575],[139.974646,37.775643],[139.975603,37.775825],[139.975776,37.775818],[139.97688,37.774748],[139.978456,37.773933],[139.978758,37.773752],[139.978946,37.773552],[139.978973,37.773201],[139.978733,37.772496],[139.978578,37.771436],[139.978378,37.771052],[139.977892,37.770584],[139.977841,37.770386],[139.978376,37.769014],[139.978374,37.768817],[139.978209,37.768245],[139.977805,37.767671],[139.977822,37.76723],[139.97804,37.766241],[139.977951,37.765934],[139.977755,37.765491],[139.977683,37.765102],[139.977518,37.764771],[139.977295,37.764505],[139.9768,37.764183],[139.97638,37.763759],[139.975962,37.763048],[139.975803,37.762453],[139.97529,37.761951],[139.97498,37.761782],[139.974258,37.761597],[139.97407,37.761577],[139.97362,37.76169],[139.972967,37.761547],[139.972632,37.761425],[139.972082,37.760972],[139.971681,37.760764],[139.970029,37.760608],[139.969047,37.760388],[139.967695,37.759927],[139.967288,37.759516],[139.967015,37.758892],[139.966675,37.757926],[139.966545,37.75773],[139.966044,37.757224],[139.965403,37.756878],[139.963804,37.756155],[139.962781,37.755848],[139.962835,37.755669],[139.963219,37.755076],[139.963282,37.754874],[139.963212,37.754515],[139.96322,37.753967],[139.963268,37.753705],[139.963485,37.753242],[139.963493,37.752694],[139.96359,37.752194],[139.963837,37.751719],[139.964188,37.751305],[139.964312,37.750984],[139.964316,37.750745],[139.964215,37.750446],[139.964203,37.750184],[139.964213,37.749504],[139.964342,37.748874],[139.96433,37.748635],[139.964084,37.748072],[139.964205,37.747816],[139.964002,37.747492],[139.964004,37.746691],[139.963939,37.746204],[139.964004,37.746097],[139.964121,37.746098],[139.9642,37.746263],[139.964298,37.746987],[139.964513,37.74701],[139.964614,37.746932],[139.964643,37.746789],[139.964438,37.745958],[139.964566,37.745186],[139.964532,37.745036],[139.964132,37.744646],[139.963231,37.743994],[139.962787,37.743568],[139.960992,37.742408],[139.960966,37.742307],[139.96104,37.742201],[139.961327,37.742253],[139.963034,37.743256],[139.963178,37.743257],[139.963216,37.743164],[139.963074,37.74302],[139.961671,37.742142],[139.961424,37.741789],[139.961144,37.741171],[139.960965,37.741127],[139.960478,37.741137],[139.96001,37.74051],[139.959885,37.740409],[139.958794,37.739784],[139.957357,37.738856],[139.956625,37.738606],[139.955936,37.738582],[139.955739,37.73848],[139.955661,37.738279],[139.955747,37.738244],[139.956159,37.738391],[139.95691,37.738469],[139.957176,37.738457],[139.957235,37.738418],[139.95725,37.738322],[139.95624,37.738077],[139.956075,37.737982],[139.956054,37.737896],[139.956171,37.737862],[139.956419,37.737857],[139.956917,37.738011],[139.957115,37.73801],[139.957138,37.737956],[139.957072,37.73787],[139.956381,37.737703],[139.955848,37.737433],[139.9556,37.737156],[139.955655,37.737084],[139.955844,37.737108],[139.956182,37.737408],[139.956317,37.737444],[139.956412,37.737417],[139.956427,37.737313],[139.956414,37.737238],[139.956123,37.737099],[139.955816,37.736861],[139.954755,37.736726],[139.954486,37.736641],[139.954415,37.736569],[139.95442,37.736508],[139.954529,37.736456],[139.955199,37.73653],[139.955236,37.736462],[139.955179,37.736347],[139.952885,37.735497],[139.952805,37.735417],[139.952837,37.73535],[139.953233,37.735375],[139.95327,37.7353],[139.953217,37.735231],[139.952345,37.734845],[139.951693,37.734392],[139.951645,37.73433],[139.951708,37.734274],[139.951848,37.734261],[139.952333,37.734351],[139.952437,37.734352],[139.95246,37.734298],[139.952412,37.734237],[139.951758,37.733959],[139.9517,37.733887],[139.951692,37.733555],[139.951596,37.733339],[139.951119,37.732931],[139.951009,37.73279],[139.950915,37.732392],[139.950683,37.732254],[139.951416,37.731633],[139.952438,37.731288],[139.952811,37.731384],[139.953039,37.731515],[139.953515,37.731605],[139.953825,37.731618],[139.954494,37.731488],[139.955055,37.731604],[139.955308,37.731538],[139.955708,37.731295],[139.956435,37.731176],[139.956786,37.731169],[139.956953,37.731124],[139.957358,37.730895],[139.957941,37.730685],[139.958257,37.730692],[139.958359,37.730743],[139.95858,37.731095],[139.958821,37.731208],[139.959208,37.73128],[139.960603,37.731371],[139.960934,37.731513],[139.961335,37.731817],[139.961546,37.73188],[139.962036,37.731916],[139.962688,37.7317],[139.962864,37.731687],[139.964078,37.731809],[139.964502,37.732085],[139.964633,37.732086],[139.964978,37.731892],[139.965225,37.731887],[139.965477,37.731954],[139.965727,37.732092],[139.966065,37.732409],[139.966139,37.732575],[139.96618,37.732886],[139.966282,37.733019],[139.966859,37.733286],[139.966943,37.733379],[139.966903,37.733966],[139.967145,37.734089],[139.967312,37.734091],[139.967638,37.733951],[139.968441,37.733868],[139.968634,37.733881],[139.969221,37.734075],[139.969469,37.734103],[139.969897,37.734106],[139.970313,37.733985],[139.970947,37.734058],[139.971264,37.7339],[139.971698,37.733807],[139.972103,37.733514],[139.972667,37.733397],[139.973237,37.733194],[139.973616,37.733293],[139.974623,37.733387],[139.97585,37.733885],[139.976147,37.733937],[139.976876,37.733944],[139.978576,37.73413],[139.97907,37.734285],[139.979932,37.734449],[139.981777,37.734558],[139.982705,37.734552],[139.983964,37.734763],[139.984511,37.734882],[139.984861,37.735014],[139.985492,37.734984],[139.986612,37.73475],[139.987532,37.734644],[139.987964,37.73469],[139.988368,37.73483],[139.988845,37.734848],[139.989197,37.734808],[139.992999,37.73394]]],[[[139.997538,37.61016],[139.998694,37.610175],[139.99913,37.610131],[140.000163,37.610163],[140.002003,37.610429],[140.003154,37.61069],[140.004361,37.611189],[140.006043,37.612109],[140.006607,37.612555],[140.007299,37.613455],[140.007994,37.614141],[140.008465,37.614848],[140.009895,37.616637],[140.010417,37.617941],[140.010588,37.618669],[140.011278,37.620581],[140.011963,37.622024],[140.012406,37.622718],[140.012679,37.622939],[140.01337,37.623289],[140.01486,37.623921],[140.017392,37.624762],[140.018002,37.624882],[140.018551,37.625096],[140.018886,37.625147],[140.019208,37.625293],[140.01985,37.625414],[140.017769,37.626327],[140.016667,37.626733],[140.015729,37.626897],[140.014198,37.627056],[140.01247,37.627127],[140.011201,37.627817],[140.010584,37.628227],[140.009951,37.628494],[140.009195,37.62853],[140.008567,37.628425],[140.007847,37.628419],[140.007414,37.62853],[140.006816,37.628854],[140.006341,37.629351],[140.005792,37.630119],[140.004879,37.631112],[140.004009,37.631606],[140.003707,37.630835],[140.003448,37.630518],[140.002666,37.629805],[140.002202,37.629525],[140.001544,37.629366],[140.000561,37.629349],[140.000464,37.629312],[140.000606,37.629104],[140.000741,37.628575],[140.000733,37.628039],[140.000661,37.627638],[139.999941,37.626026],[139.999753,37.62584],[139.9988,37.625282],[139.99862,37.62511],[139.998036,37.62411],[139.997757,37.623534],[139.99746,37.623219],[139.99702,37.622962],[139.996691,37.62283],[139.996254,37.622749],[139.995385,37.622342],[139.995367,37.622097],[139.995684,37.621301],[139.995787,37.62084],[139.995848,37.619932],[139.995906,37.619801],[139.995977,37.61928],[139.995901,37.619016],[139.995764,37.618861],[139.995267,37.618507],[139.995306,37.617921],[139.995414,37.617638],[139.995471,37.617094],[139.995567,37.616792],[139.995475,37.615801],[139.995332,37.615388],[139.995311,37.615179],[139.99558,37.614177],[139.995595,37.613576],[139.995753,37.613079],[139.995954,37.612678],[139.996146,37.61184],[139.99643,37.611394],[139.997538,37.61016]]],[[[139.997538,37.61016],[139.997387,37.608939],[139.997415,37.608751],[139.997632,37.60845],[139.997982,37.608188],[139.998067,37.607961],[139.99892,37.607045],[139.999161,37.606739],[139.999242,37.606514],[139.999209,37.606236],[139.999114,37.605988],[139.998887,37.605677],[139.998493,37.605329],[139.9986,37.605303],[139.999029,37.60501],[139.999562,37.604149],[140.000148,37.603669],[140.000304,37.603597],[140.001285,37.603379],[140.002616,37.602935],[140.002758,37.602796],[140.003169,37.602597],[140.003716,37.602477],[140.00398,37.602505],[140.006808,37.603888],[140.006997,37.603948],[140.007502,37.603948],[140.007776,37.604004],[140.00871,37.604337],[140.009701,37.604539],[140.010126,37.604922],[140.010381,37.605084],[140.011367,37.605157],[140.01141,37.605213],[140.01141,37.605709],[140.011551,37.605825],[140.01208,37.606002],[140.012561,37.606058],[140.013694,37.606413],[140.014949,37.606542],[140.015308,37.606501],[140.015723,37.606215],[140.01621,37.606024],[140.016563,37.605795],[140.017026,37.605613],[140.01746,37.605177],[140.017861,37.604513],[140.01872,37.604307],[140.019008,37.604295],[140.019155,37.60434],[140.019282,37.604417],[140.019348,37.604598],[140.019461,37.605247],[140.019575,37.60551],[140.019881,37.605891],[140.020396,37.606116],[140.020471,37.606307],[140.020514,37.60666],[140.020618,37.606908],[140.021368,37.607349],[140.022293,37.608032],[140.022671,37.60844],[140.023034,37.608931],[140.023275,37.609393],[140.023369,37.609797],[140.023175,37.61045],[140.023133,37.61096],[140.023086,37.611137],[140.022746,37.611456],[140.022693,37.61163],[140.024201,37.611642],[140.024803,37.611755],[140.027618,37.611795],[140.028153,37.611596],[140.028042,37.612504],[140.027507,37.613516],[140.025695,37.61589],[140.025379,37.616675],[140.025621,37.617406],[140.025973,37.618053],[140.026336,37.619144],[140.026659,37.620577],[140.026731,37.62198],[140.026687,37.622595],[140.026389,37.623351],[140.025622,37.62426],[140.024914,37.624755],[140.024153,37.625164],[140.023378,37.6253],[140.020825,37.625136],[140.020338,37.625218],[140.01985,37.625414],[140.019208,37.625293],[140.018886,37.625147],[140.018551,37.625096],[140.018002,37.624882],[140.017392,37.624762],[140.01486,37.623921],[140.01337,37.623289],[140.012679,37.622939],[140.012406,37.622718],[140.011963,37.622024],[140.011278,37.620581],[140.011031,37.619953],[140.010588,37.618669],[140.010417,37.617941],[140.009895,37.616637],[140.008465,37.614848],[140.007994,37.614141],[140.007299,37.613455],[140.006607,37.612555],[140.006043,37.612109],[140.004942,37.61148],[140.004361,37.611189],[140.003154,37.61069],[140.002003,37.610429],[140.000163,37.610163],[139.99913,37.610131],[139.998694,37.610175],[139.997538,37.61016]]],[[[139.998261,38.637389],[139.997991,38.636532],[139.997217,38.634543],[139.995859,38.632127],[139.995054,38.630464],[139.994651,38.628953],[139.994043,38.627722],[139.993175,38.627074],[139.992812,38.626506],[139.992764,38.625811],[139.992782,38.624938],[139.991452,38.621316],[139.99072,38.620663],[139.990262,38.619653],[139.990064,38.618374],[139.989954,38.616937],[139.99008,38.615895],[139.990333,38.614884],[139.990617,38.614123],[139.99074,38.61294],[139.990522,38.61269],[139.990033,38.612453],[139.99008,38.611979],[139.990856,38.611108],[139.991072,38.610088],[139.991405,38.609396],[139.991857,38.608782],[139.992038,38.608347],[139.992275,38.608047],[139.99417,38.6068],[139.994897,38.606228],[139.995112,38.605455],[139.995796,38.603721],[139.996001,38.603705],[139.996669,38.605669],[139.997164,38.606295],[139.997274,38.606695],[139.997339,38.607278],[139.997624,38.607769],[139.997819,38.60839],[139.997864,38.608882],[139.997732,38.609357],[139.997514,38.609738],[139.998803,38.611597],[139.999186,38.61173],[139.999786,38.61183],[140.001453,38.61168],[140.002911,38.612113],[140.005628,38.611997],[140.006845,38.611813],[140.007345,38.611897],[140.008145,38.61233],[140.008579,38.61283],[140.009712,38.613113],[140.009895,38.612563],[140.013049,38.609753],[140.013371,38.609507],[140.013741,38.609405],[140.014804,38.61048],[140.01707,38.61228],[140.018087,38.612063],[140.01917,38.61193],[140.021345,38.61178],[140.021771,38.611584],[140.022238,38.611105],[140.023312,38.610155],[140.024051,38.609785],[140.024825,38.609697],[140.025177,38.60982],[140.026158,38.610558],[140.026796,38.610753],[140.027394,38.611034],[140.027792,38.611872],[140.028605,38.612345],[140.029297,38.612572],[140.029765,38.612632],[140.030368,38.612477],[140.030737,38.612213],[140.030878,38.611773],[140.030949,38.610806],[140.031054,38.610577],[140.031592,38.610268],[140.03164,38.609939],[140.031837,38.609568],[140.03248,38.608808],[140.032602,38.608149],[140.032775,38.60776],[140.033122,38.607287],[140.033639,38.606793],[140.033887,38.606279],[140.034503,38.60608],[140.035137,38.605697],[140.036503,38.60428],[140.036887,38.604047],[140.03697,38.603797],[140.036937,38.603347],[140.036649,38.603011],[140.035966,38.602623],[140.034734,38.602073],[140.033876,38.601479],[140.032798,38.600578],[140.032491,38.599808],[140.032139,38.59939],[140.031567,38.599104],[140.030687,38.598818],[140.030265,38.598391],[140.031924,38.59795],[140.032932,38.597341],[140.033731,38.596774],[140.034256,38.596648],[140.034865,38.596606],[140.035099,38.596719],[140.036147,38.595496],[140.036132,38.595178],[140.03583,38.594321],[140.035785,38.593877],[140.035852,38.593518],[140.035789,38.593161],[140.034781,38.592446],[140.034476,38.591765],[140.034507,38.591369],[140.035289,38.591186],[140.035716,38.590962],[140.036203,38.590898],[140.036608,38.590934],[140.037029,38.590892],[140.037386,38.590472],[140.038121,38.589968],[140.03726,38.588308],[140.036688,38.588323],[140.036142,38.588203],[140.033643,38.586853],[140.032091,38.585684],[140.030841,38.584434],[140.029813,38.583588],[140.030252,38.583441],[140.030842,38.583351],[140.031829,38.58333],[140.032838,38.583435],[140.032922,38.583119],[140.032985,38.582468],[140.032817,38.58188],[140.032838,38.581523],[140.032922,38.581187],[140.0329,38.580044],[140.033047,38.579642],[140.033563,38.579023],[140.033731,38.57812],[140.034308,38.576839],[140.035569,38.575032],[140.036934,38.573709],[140.038468,38.57249],[140.040148,38.571587],[140.042501,38.570789],[140.043905,38.570404],[140.045109,38.57054],[140.046119,38.570587],[140.046603,38.570527],[140.046885,38.570305],[140.048799,38.569127],[140.049646,38.568286],[140.050631,38.567511],[140.050851,38.567392],[140.052307,38.567733],[140.054052,38.567942],[140.055732,38.567954],[140.056512,38.567861],[140.058628,38.567419],[140.059629,38.567419],[140.060821,38.568094],[140.063339,38.569396],[140.06399,38.569989],[140.064386,38.570641],[140.064583,38.571909],[140.064932,38.572758],[140.065479,38.57349],[140.065967,38.573711],[140.067404,38.573735],[140.068043,38.573921],[140.069416,38.574467],[140.069817,38.574584],[140.070131,38.574618],[140.071434,38.574328],[140.071876,38.574363],[140.072073,38.574549],[140.072422,38.57506],[140.074446,38.579399],[140.075097,38.580283],[140.075539,38.580527],[140.075906,38.580585],[140.076883,38.580399],[140.077255,38.580259],[140.077848,38.579701],[140.078197,38.578933],[140.078383,38.578096],[140.078453,38.577212],[140.078581,38.576817],[140.079203,38.576189],[140.079587,38.575491],[140.079808,38.575328],[140.080924,38.574781],[140.082465,38.573828],[140.083583,38.573432],[140.084316,38.573432],[140.085072,38.573572],[140.086217,38.573618],[140.087125,38.57356],[140.088834,38.573304],[140.090689,38.572711],[140.092085,38.572153],[140.093341,38.572002],[140.094115,38.571711],[140.09551,38.570629],[140.096499,38.570036],[140.097593,38.569513],[140.098494,38.569151],[140.098364,38.569653],[140.097765,38.570526],[140.097292,38.571343],[140.097129,38.572888],[140.096874,38.573579],[140.096474,38.574215],[140.095666,38.57516],[140.095357,38.575669],[140.095248,38.576704],[140.09423,38.577631],[140.092903,38.578703],[140.092285,38.57914],[140.093376,38.579303],[140.094684,38.580121],[140.097219,38.582229],[140.097765,38.582738],[140.097874,38.583228],[140.097147,38.584682],[140.09682,38.585736],[140.09682,38.586645],[140.096638,38.587063],[140.096374,38.587445],[140.096429,38.587953],[140.096683,38.588535],[140.096592,38.58888],[140.095411,38.590243],[140.09503,38.59097],[140.094884,38.591461],[140.094902,38.591897],[140.095357,38.593333],[140.095448,38.593805],[140.094266,38.59366],[140.092358,38.59366],[140.09095,38.593841],[140.089841,38.594205],[140.088186,38.595023],[140.087569,38.595459],[140.086433,38.595731],[140.08616,38.595895],[140.085869,38.597294],[140.085506,38.598112],[140.084506,38.599257],[140.083234,38.600038],[140.083507,38.601638],[140.083889,38.602764],[140.084397,38.603564],[140.085006,38.603837],[140.086024,38.603946],[140.086406,38.604164],[140.086733,38.604636],[140.086714,38.605145],[140.086533,38.605799],[140.086914,38.607071],[140.087678,38.60838],[140.085515,38.609161],[140.084297,38.609034],[140.083316,38.608834],[140.082135,38.608961],[140.081662,38.608943],[140.081063,38.60878],[140.079936,38.608616],[140.079009,38.608561],[140.078037,38.608652],[140.077255,38.608634],[140.076329,38.608725],[140.075871,38.6089],[140.07542,38.609147],[140.074853,38.609772],[140.073719,38.611676],[140.072323,38.613843],[140.071807,38.614482],[140.071618,38.614889],[140.071444,38.615485],[140.07092,38.615863],[140.069917,38.616183],[140.069045,38.616372],[140.06746,38.61659],[140.065767,38.616997],[140.064734,38.61755],[140.063833,38.617884],[140.061936,38.618364],[140.06054,38.62005],[140.05958,38.621475],[140.05929,38.621824],[140.058883,38.621969],[140.058417,38.621984],[140.057741,38.62226],[140.057058,38.622682],[140.056491,38.6229],[140.055066,38.623263],[140.054165,38.623583],[140.052864,38.624267],[140.052326,38.624485],[140.051923,38.624561],[140.050853,38.62454],[140.04857,38.624323],[140.047625,38.624163],[140.046998,38.623938],[140.044488,38.62349],[140.044243,38.623504],[140.043921,38.623625],[140.043278,38.624094],[140.042958,38.624181],[140.042663,38.624115],[140.042368,38.623915],[140.041083,38.623246],[140.040816,38.6232],[140.040014,38.623781],[140.038916,38.623958],[140.038274,38.623871],[140.037419,38.623871],[140.036732,38.624126],[140.036151,38.624531],[140.035718,38.624748],[140.03463,38.62495],[140.033184,38.625031],[140.031765,38.624937],[140.031265,38.624977],[140.03092,38.625166],[140.030326,38.625369],[140.029947,38.625396],[140.029177,38.625275],[140.02769,38.624707],[140.027055,38.624653],[140.02644,38.624693],[140.025271,38.625045],[140.024865,38.625112],[140.024243,38.625004],[140.023676,38.625031],[140.023189,38.625288],[140.022405,38.625869],[140.021729,38.626221],[140.021216,38.626207],[140.020277,38.62545],[140.019357,38.625734],[140.017992,38.626275],[140.017303,38.626653],[140.0166,38.62718],[140.014972,38.629046],[140.013944,38.630546],[140.012816,38.632073],[140.012342,38.632546],[140.011815,38.632871],[140.010706,38.631911],[140.010625,38.631208],[140.010287,38.630667],[140.007307,38.62837],[140.005124,38.626599],[140.004503,38.626356],[140.003867,38.62618],[140.003381,38.626126],[140.002678,38.626248],[140.001752,38.626329],[140.001455,38.626302],[140.000982,38.62614],[140.000603,38.626613],[139.998954,38.627667],[140.000901,38.630046],[140.001103,38.630924],[140.001502,38.632114],[140.002435,38.633857],[140.000778,38.635016],[140.000699,38.635948],[139.999503,38.636379],[139.998261,38.637389]]],[[[139.998643,38.495486],[140.002593,38.494833],[140.002863,38.495189],[140.003682,38.495704],[140.006282,38.496721],[140.0071,38.497209],[140.007552,38.497617],[140.008083,38.498706],[140.008568,38.499995],[140.00911,38.500723],[140.010081,38.501041],[140.010436,38.501209],[140.010492,38.501377],[140.010455,38.501526],[140.010137,38.501601],[140.009988,38.501806],[140.010007,38.502143],[140.010165,38.502778],[140.010595,38.503077],[140.011043,38.503207],[140.011249,38.5036],[140.011249,38.503992],[140.010969,38.505019],[140.010894,38.506121],[140.010969,38.50698],[140.011193,38.50784],[140.011585,38.508475],[140.011872,38.50863],[140.012248,38.508717],[140.011829,38.509891],[140.011936,38.510143],[140.012783,38.511466],[140.01265,38.512024],[140.012295,38.512715],[140.011772,38.513424],[140.011454,38.514172],[140.011492,38.514452],[140.011734,38.514975],[140.011921,38.515535],[140.011604,38.516824],[140.013458,38.515628],[140.014163,38.515442],[140.015825,38.515218],[140.017861,38.514751],[140.021074,38.513593],[140.023187,38.512931],[140.024427,38.513312],[140.025142,38.513348],[140.025405,38.513258],[140.025707,38.513221],[140.02597,38.513331],[140.026795,38.514254],[140.02751,38.514815],[140.027792,38.515104],[140.028272,38.515954],[140.028532,38.516625],[140.028574,38.516969],[140.028662,38.517239],[140.029509,38.51764],[140.029747,38.518073],[140.030029,38.518219],[140.030522,38.518616],[140.030922,38.518846],[140.031812,38.518986],[140.033032,38.519435],[140.034542,38.519165],[140.035141,38.518836],[140.035311,38.518516],[140.035381,38.517163],[140.035546,38.517006],[140.036387,38.517459],[140.037416,38.517459],[140.037764,38.517548],[140.038784,38.518092],[140.038829,38.518327],[140.038784,38.518761],[140.038459,38.519648],[140.038176,38.520227],[140.037894,38.520481],[140.036981,38.520898],[140.036721,38.521296],[140.036656,38.521712],[140.036741,38.523068],[140.036829,38.523323],[140.037004,38.523593],[140.037089,38.523956],[140.039261,38.523929],[140.039818,38.52365],[140.041667,38.521935],[140.044173,38.521266],[140.045363,38.520389],[140.046583,38.518645],[140.047083,38.518192],[140.047646,38.517857],[140.047993,38.517568],[140.04821,38.517278],[140.048408,38.517097],[140.04884,38.516826],[140.049103,38.516536],[140.049239,38.515719],[140.048941,38.515428],[140.048771,38.515038],[140.048722,38.514394],[140.048904,38.51381],[140.049415,38.512958],[140.049683,38.512095],[140.049963,38.511681],[140.050169,38.511511],[140.050364,38.511474],[140.050887,38.511633],[140.051179,38.511669],[140.051325,38.511547],[140.051325,38.511012],[140.051556,38.51083],[140.052286,38.510732],[140.053533,38.510762],[140.053902,38.510798],[140.055205,38.511196],[140.055575,38.51125],[140.056575,38.51116],[140.05716,38.511469],[140.057552,38.511594],[140.058812,38.51174],[140.060397,38.512156],[140.061049,38.512283],[140.061504,38.5125],[140.062978,38.512983],[140.065192,38.513603],[140.064219,38.51516],[140.063807,38.515666],[140.063075,38.516109],[140.060397,38.516481],[140.059832,38.516681],[140.058617,38.517006],[140.05638,38.517387],[140.05588,38.517549],[140.054967,38.517957],[140.054337,38.518445],[140.053945,38.519007],[140.05338,38.520003],[140.053315,38.520255],[140.053338,38.521359],[140.053273,38.521776],[140.05312,38.522101],[140.050993,38.524671],[140.050753,38.525304],[140.050625,38.526046],[140.050388,38.526714],[140.050082,38.527243],[140.049975,38.527552],[140.049431,38.527552],[140.048773,38.527643],[140.04419,38.527394],[140.043059,38.527689],[140.042649,38.527962],[140.042184,38.528372],[140.041774,38.52901],[140.040626,38.529193],[140.040051,38.529443],[140.039614,38.529807],[140.039474,38.530156],[140.033722,38.531001],[140.020268,38.535891],[140.018655,38.536548],[140.017014,38.537006],[140.013285,38.538372],[140.012382,38.538627],[140.01127,38.538256],[140.01039,38.537562],[140.00863,38.534134],[140.007843,38.533763],[140.006013,38.533439],[140.005295,38.533555],[140.004392,38.533787],[140.003523,38.534296],[140.002551,38.535199],[140.002388,38.535871],[140.002412,38.536589],[140.002713,38.5374],[140.00357,38.538604],[140.004473,38.539623],[140.004658,38.54041],[140.004843,38.54085],[140.005168,38.541175],[140.006071,38.541453],[140.007715,38.542309],[140.008667,38.543301],[140.009371,38.544542],[140.010205,38.545042],[140.010077,38.545667],[140.011059,38.547781],[140.011181,38.548268],[140.010966,38.549006],[140.010691,38.549189],[140.009787,38.550076],[140.009113,38.550194],[140.008566,38.550599],[140.008383,38.551998],[140.007937,38.552505],[140.007084,38.55313],[140.006919,38.553358],[140.006781,38.553791],[140.006478,38.55441],[140.005728,38.554958],[140.00514,38.555221],[140.004897,38.555606],[140.004973,38.556439],[140.004676,38.556592],[140.003829,38.556855],[140.003257,38.556547],[140.002792,38.556432],[140.001069,38.555794],[140.000794,38.555522],[140.000687,38.554953],[140.000687,38.554428],[140.000904,38.553518],[140.000849,38.552834],[140.000877,38.550897],[140.001082,38.550058],[140.001727,38.549218],[140.002099,38.549],[140.003533,38.548829],[140.002586,38.548427],[140.000834,38.547947],[139.996671,38.547215],[139.994782,38.547026],[139.990785,38.546805],[139.988871,38.546779],[139.987003,38.54639],[139.986419,38.546429],[139.984486,38.54687],[139.983461,38.546883],[139.979771,38.546745],[139.978134,38.546613],[139.976438,38.545543],[139.971864,38.542508],[139.971521,38.542455],[139.970254,38.542521],[139.969898,38.542415],[139.967799,38.541214],[139.966677,38.540739],[139.966057,38.54062],[139.964869,38.540501],[139.964473,38.54029],[139.964354,38.54],[139.96578,38.538746],[139.967806,38.537426],[139.970089,38.536159],[139.97135,38.532767],[139.971798,38.531051],[139.972353,38.52824],[139.971537,38.525965],[139.969783,38.521469],[139.969087,38.521267],[139.967644,38.521093],[139.966867,38.52081],[139.966519,38.520431],[139.966059,38.519441],[139.965429,38.518798],[139.964882,38.518389],[139.964089,38.518068],[139.960755,38.517404],[139.960045,38.517189],[139.959387,38.51691],[139.957173,38.516416],[139.956845,38.516243],[139.95638,38.515858],[139.95597,38.5156],[139.955425,38.515429],[139.954385,38.515408],[139.954868,38.51495],[139.955722,38.514635],[139.956486,38.514186],[139.956891,38.513669],[139.957453,38.513354],[139.95779,38.513039],[139.95815,38.512522],[139.95869,38.512342],[139.959656,38.512118],[139.960218,38.511848],[139.960803,38.511196],[139.963332,38.512837],[139.965737,38.514141],[139.966232,38.514793],[139.966434,38.515152],[139.970008,38.517176],[139.971054,38.517288],[139.974628,38.519783],[139.976471,38.521245],[139.978483,38.522121],[139.97927,38.522369],[139.980461,38.522458],[139.98208,38.522413],[139.98432,38.522206],[139.984895,38.522002],[139.9876,38.520567],[139.988063,38.520452],[139.988667,38.520862],[139.993456,38.521312],[139.99431,38.521065],[139.995749,38.520188],[139.997581,38.519446],[140.001424,38.518765],[140.00292,38.518662],[140.006245,38.518868],[140.006632,38.518533],[140.008333,38.516522],[140.008694,38.51562],[140.008643,38.514486],[140.008668,38.513764],[140.009081,38.512965],[140.010144,38.511853],[140.010698,38.511389],[140.010362,38.511202],[140.009596,38.511015],[140.008849,38.511071],[140.008299,38.511312],[140.008669,38.50988],[140.008864,38.509537],[140.009555,38.509185],[140.009243,38.507922],[140.009264,38.507283],[140.009181,38.506355],[140.009016,38.505406],[140.00914,38.505056],[140.009208,38.504663],[140.008617,38.504148],[140.00584,38.500684],[140.005325,38.499941],[140.005015,38.499281],[140.004603,38.498064],[140.004211,38.498023],[140.003613,38.49825],[140.003077,38.498044],[139.999612,38.496126],[139.998643,38.495486]]],[[[140.002593,38.494833],[140.003312,38.494675],[140.004553,38.494609],[140.005688,38.49482],[140.005793,38.494041],[140.007083,38.494103],[140.007532,38.494294],[140.008334,38.494419],[140.009314,38.49444],[140.010444,38.494211],[140.011446,38.493917],[140.012111,38.493608],[140.012538,38.494754],[140.012723,38.495005],[140.013172,38.495255],[140.014742,38.495797],[140.015165,38.496193],[140.015472,38.497024],[140.015719,38.498001],[140.01597,38.499796],[140.015917,38.501301],[140.015587,38.50233],[140.014287,38.504495],[140.013901,38.505395],[140.012248,38.508717],[140.011872,38.50863],[140.011585,38.508475],[140.011193,38.50784],[140.010969,38.50698],[140.010894,38.506121],[140.010969,38.505019],[140.011249,38.503992],[140.011249,38.5036],[140.011043,38.503207],[140.010595,38.503077],[140.010165,38.502778],[140.010007,38.502143],[140.009988,38.501806],[140.010137,38.501601],[140.010455,38.501526],[140.010492,38.501377],[140.010436,38.501209],[140.010081,38.501041],[140.00911,38.500723],[140.008568,38.499995],[140.008083,38.498706],[140.007552,38.497617],[140.0071,38.497209],[140.006282,38.496721],[140.003682,38.495704],[140.002863,38.495189],[140.002593,38.494833]]],[[[140.003829,38.556855],[140.004676,38.556592],[140.004973,38.556439],[140.004897,38.555606],[140.00514,38.555221],[140.005728,38.554958],[140.006478,38.55441],[140.006781,38.553791],[140.006919,38.553358],[140.007084,38.55313],[140.007937,38.552505],[140.008383,38.551998],[140.008566,38.550599],[140.009113,38.550194],[140.009787,38.550076],[140.010691,38.549189],[140.010966,38.549006],[140.011181,38.548268],[140.011059,38.547781],[140.010077,38.545667],[140.010205,38.545042],[140.009371,38.544542],[140.008667,38.543301],[140.007715,38.542309],[140.006071,38.541453],[140.005168,38.541175],[140.004843,38.54085],[140.004658,38.54041],[140.004473,38.539623],[140.00357,38.538604],[140.002713,38.5374],[140.002412,38.536589],[140.002388,38.535871],[140.002551,38.535199],[140.003523,38.534296],[140.004392,38.533787],[140.005295,38.533555],[140.006013,38.533439],[140.007843,38.533763],[140.00863,38.534134],[140.01039,38.537562],[140.01127,38.538256],[140.012382,38.538627],[140.013285,38.538372],[140.017014,38.537006],[140.018655,38.536548],[140.020268,38.535891],[140.033722,38.531001],[140.039474,38.530156],[140.039614,38.529807],[140.040051,38.529443],[140.040626,38.529193],[140.041774,38.52901],[140.042184,38.528372],[140.042649,38.527962],[140.043059,38.527689],[140.04419,38.527394],[140.044363,38.527402],[140.044215,38.529716],[140.044279,38.530586],[140.044521,38.531312],[140.044763,38.531844],[140.04486,38.532554],[140.044747,38.533521],[140.044972,38.533908],[140.04594,38.534682],[140.046545,38.538213],[140.046432,38.538665],[140.045948,38.539261],[140.045803,38.539939],[140.045771,38.541003],[140.045376,38.541615],[140.045343,38.542115],[140.045408,38.542502],[140.04573,38.542825],[140.046504,38.542954],[140.046972,38.543244],[140.047036,38.543905],[140.047617,38.54426],[140.048778,38.544373],[140.050616,38.545647],[140.051487,38.547114],[140.051253,38.547711],[140.04956,38.547969],[140.048689,38.548323],[140.047286,38.550274],[140.046657,38.550758],[140.045964,38.551726],[140.045819,38.55258],[140.044698,38.553612],[140.044198,38.554354],[140.044021,38.555241],[140.044118,38.55595],[140.045738,38.557982],[140.04756,38.560014],[140.048496,38.5619],[140.050664,38.563335],[140.053438,38.564496],[140.055598,38.566109],[140.056512,38.567861],[140.055732,38.567954],[140.054052,38.567942],[140.052307,38.567733],[140.050851,38.567392],[140.050631,38.567511],[140.049646,38.568286],[140.048799,38.569127],[140.046885,38.570305],[140.046603,38.570527],[140.046119,38.570587],[140.045109,38.57054],[140.043905,38.570404],[140.042501,38.570789],[140.040148,38.571587],[140.038468,38.57249],[140.036934,38.573709],[140.035569,38.575032],[140.034308,38.576839],[140.033731,38.57812],[140.033563,38.579023],[140.033047,38.579642],[140.0329,38.580044],[140.032922,38.581187],[140.032838,38.581523],[140.032817,38.58188],[140.032985,38.582468],[140.032922,38.583119],[140.032838,38.583435],[140.031829,38.58333],[140.030842,38.583351],[140.030252,38.583441],[140.029813,38.583588],[140.030841,38.584434],[140.032091,38.585684],[140.033643,38.586853],[140.036142,38.588203],[140.036688,38.588323],[140.03726,38.588308],[140.038121,38.589968],[140.037386,38.590472],[140.037029,38.590892],[140.036608,38.590934],[140.036203,38.590898],[140.035716,38.590962],[140.035289,38.591186],[140.034507,38.591369],[140.034476,38.591765],[140.034781,38.592446],[140.035789,38.593161],[140.035852,38.593518],[140.035785,38.593877],[140.03583,38.594321],[140.036132,38.595178],[140.036147,38.595496],[140.035099,38.596719],[140.034865,38.596606],[140.034256,38.596648],[140.033731,38.596774],[140.032932,38.597341],[140.031924,38.59795],[140.030265,38.598391],[140.029697,38.598181],[140.029193,38.597677],[140.029067,38.597131],[140.028941,38.595681],[140.028332,38.594988],[140.027723,38.594148],[140.027408,38.593182],[140.02724,38.591984],[140.026588,38.591522],[140.025826,38.590785],[140.025024,38.590117],[140.023869,38.590089],[140.022709,38.589914],[140.022184,38.589966],[140.019692,38.589601],[140.019295,38.589419],[140.019096,38.589435],[140.018765,38.589584],[140.018801,38.588908],[140.01956,38.586783],[140.019674,38.58629],[140.019674,38.585645],[140.019541,38.585],[140.019806,38.584449],[140.01937,38.584241],[140.018384,38.583918],[140.017568,38.583444],[140.017226,38.582875],[140.016202,38.582362],[140.015955,38.582059],[140.01586,38.581072],[140.015633,38.579555],[140.014694,38.57743],[140.015073,38.5754],[140.01494,38.57447],[140.014921,38.57225],[140.014845,38.571681],[140.014523,38.571302],[140.01383,38.571055],[140.012123,38.571093],[140.011781,38.57096],[140.01144,38.569898],[140.011487,38.56893],[140.01088,38.56783],[140.01014,38.566654],[140.009514,38.566104],[140.009552,38.565402],[140.009524,38.563163],[140.008936,38.562537],[140.00886,38.561474],[140.007627,38.562101],[140.007171,38.562859],[140.006488,38.563637],[140.005312,38.564282],[140.005065,38.564301],[140.003699,38.563922],[140.00092,38.562954],[140.000711,38.562765],[140.000768,38.562385],[140.002627,38.561531],[140.003443,38.561038],[140.003974,38.560526],[140.004069,38.560203],[140.004012,38.559577],[140.003671,38.558951],[140.0035,38.558325],[140.003829,38.556855]]],[[[140.011829,38.509891],[140.012584,38.50967],[140.013182,38.50967],[140.01406,38.509857],[140.014586,38.510127],[140.014718,38.509962],[140.014803,38.509656],[140.015173,38.509275],[140.015391,38.509202],[140.015956,38.509166],[140.016086,38.509058],[140.016193,38.508769],[140.016303,38.508731],[140.016823,38.50875],[140.017041,38.50866],[140.017171,38.508479],[140.017216,38.50819],[140.017323,38.507935],[140.01804,38.507102],[140.01919,38.506342],[140.021668,38.505221],[140.022015,38.505148],[140.02221,38.505221],[140.022103,38.505619],[140.021908,38.50589],[140.021885,38.506144],[140.022015,38.506415],[140.022255,38.506669],[140.022603,38.508063],[140.02258,38.508479],[140.022385,38.508804],[140.02182,38.50924],[140.02169,38.509546],[140.021798,38.509819],[140.02219,38.510325],[140.022275,38.510561],[140.022145,38.5117],[140.02219,38.511919],[140.022385,38.512008],[140.022885,38.512117],[140.023102,38.512244],[140.02321,38.512533],[140.023187,38.512931],[140.021074,38.513593],[140.017861,38.514751],[140.015825,38.515218],[140.014163,38.515442],[140.013458,38.515628],[140.011604,38.516824],[140.011921,38.515535],[140.011734,38.514975],[140.011492,38.514452],[140.011454,38.514172],[140.011772,38.513424],[140.012295,38.512715],[140.01265,38.512024],[140.012783,38.511466],[140.011936,38.510143],[140.011829,38.509891]]],[[[140.033882,37.661307],[140.03431,37.661196],[140.035167,37.660344],[140.035602,37.660176],[140.036472,37.660379],[140.037807,37.661077],[140.038109,37.660946],[140.038424,37.660719],[140.038415,37.660509],[140.037987,37.660181],[140.03705,37.659287],[140.036255,37.658603],[140.03545,37.657805],[140.035131,37.657392],[140.034838,37.656903],[140.034782,37.656588],[140.034838,37.655959],[140.035155,37.655542],[140.035591,37.655211],[140.036206,37.655016],[140.036554,37.655],[140.036948,37.655127],[140.036916,37.654831],[140.036767,37.654324],[140.036615,37.654008],[140.036502,37.653464],[140.036326,37.653109],[140.035854,37.650972],[140.035337,37.650309],[140.035399,37.649558],[140.035289,37.649343],[140.034873,37.649095],[140.034827,37.648009],[140.03473,37.647919],[140.033904,37.64802],[140.033327,37.647985],[140.033186,37.647913],[140.033168,37.64759],[140.033222,37.647448],[140.033464,37.647247],[140.033617,37.647058],[140.033664,37.646909],[140.033598,37.646747],[140.032913,37.646444],[140.032757,37.646317],[140.032731,37.645995],[140.032946,37.64558],[140.032963,37.64546],[140.031835,37.645117],[140.031425,37.644917],[140.030571,37.644344],[140.029725,37.643616],[140.029296,37.643201],[140.028661,37.642468],[140.028631,37.641824],[140.028748,37.641539],[140.028892,37.641361],[140.029081,37.641261],[140.029546,37.641271],[140.033998,37.64194],[140.034199,37.642037],[140.034932,37.642168],[140.035798,37.642497],[140.036836,37.642237],[140.03775,37.64228],[140.039614,37.642492],[140.040588,37.641409],[140.041103,37.641008],[140.041164,37.640865],[140.041505,37.640641],[140.041885,37.640174],[140.042493,37.638998],[140.04266,37.638838],[140.043022,37.638639],[140.043367,37.63863],[140.043659,37.638686],[140.043859,37.63883],[140.044512,37.63942],[140.045603,37.640883],[140.046093,37.641233],[140.04654,37.64141],[140.047477,37.641423],[140.048273,37.641191],[140.04912,37.640661],[140.049639,37.639938],[140.04981,37.639451],[140.049847,37.638914],[140.049732,37.638024],[140.049304,37.636823],[140.049575,37.635502],[140.049526,37.634679],[140.04938,37.63432],[140.049224,37.633687],[140.048994,37.63096],[140.048788,37.630339],[140.048821,37.629516],[140.049368,37.628382],[140.049697,37.627878],[140.049776,37.627533],[140.050343,37.626571],[140.05052,37.626173],[140.050567,37.626013],[140.05059,37.624803],[140.050637,37.624648],[140.051823,37.62278],[140.051964,37.622328],[140.051961,37.621916],[140.05183,37.621593],[140.051452,37.621322],[140.051055,37.621241],[140.050302,37.620973],[140.049438,37.620555],[140.048141,37.619358],[140.04758,37.618703],[140.04711,37.617966],[140.046805,37.617183],[140.046577,37.616215],[140.046494,37.615678],[140.046514,37.615332],[140.046929,37.614884],[140.047221,37.614812],[140.047538,37.614574],[140.048167,37.614583],[140.050844,37.615011],[140.051548,37.614816],[140.052106,37.614518],[140.052958,37.6143],[140.053591,37.614009],[140.053832,37.613966],[140.054715,37.614057],[140.05559,37.613968],[140.056495,37.613782],[140.057017,37.613597],[140.057819,37.613443],[140.057925,37.613573],[140.058434,37.614578],[140.058571,37.615109],[140.058599,37.615724],[140.058754,37.616255],[140.059051,37.616973],[140.058966,37.618017],[140.0586,37.619633],[140.058279,37.620384],[140.057594,37.621456],[140.056987,37.622004],[140.056168,37.622332],[140.054485,37.622633],[140.054365,37.623586],[140.053846,37.626663],[140.053428,37.630294],[140.052943,37.633552],[140.052621,37.636221],[140.052532,37.637622],[140.052124,37.641368],[140.052132,37.64173],[140.051771,37.643692],[140.051689,37.644464],[140.052732,37.644511],[140.053701,37.643784],[140.054145,37.643769],[140.056069,37.644347],[140.056572,37.644427],[140.060373,37.644553],[140.06095,37.644462],[140.063268,37.64428],[140.064408,37.644261],[140.065702,37.644357],[140.065953,37.644445],[140.06619,37.645648],[140.066243,37.647118],[140.066247,37.648711],[140.06614,37.650561],[140.066076,37.650856],[140.065368,37.651861],[140.065306,37.652023],[140.066775,37.653475],[140.067342,37.654214],[140.067375,37.654472],[140.066421,37.655895],[140.066438,37.655969],[140.065962,37.655674],[140.065824,37.655163],[140.065636,37.654904],[140.065611,37.654728],[140.065525,37.654555],[140.065297,37.654313],[140.065075,37.654157],[140.065135,37.653689],[140.065107,37.653254],[140.065,37.653048],[140.064817,37.652882],[140.064654,37.652637],[140.064411,37.652507],[140.064188,37.652459],[140.063943,37.65212],[140.063701,37.651988],[140.063356,37.651948],[140.063017,37.652022],[140.062607,37.652027],[140.062281,37.65189],[140.061612,37.651843],[140.061576,37.651791],[140.061677,37.651334],[140.061905,37.650925],[140.062141,37.650161],[140.062046,37.649481],[140.061921,37.649216],[140.061759,37.64907],[140.061562,37.64899],[140.06124,37.648955],[140.060756,37.648976],[140.060581,37.648699],[140.0604,37.648548],[140.060209,37.648459],[140.059954,37.648418],[140.059773,37.648163],[140.059614,37.648027],[140.059206,37.647812],[140.058993,37.647764],[140.05871,37.64778],[140.058376,37.647891],[140.058179,37.64804],[140.057787,37.648533],[140.057692,37.648582],[140.057401,37.648584],[140.057077,37.648312],[140.056833,37.648204],[140.056632,37.648179],[140.056209,37.648215],[140.055101,37.648624],[140.054923,37.648772],[140.054711,37.649171],[140.054612,37.650154],[140.054356,37.650183],[140.054217,37.65026],[140.053831,37.650272],[140.053254,37.650226],[140.052854,37.650133],[140.049342,37.65503],[140.048766,37.655733],[140.047741,37.655653],[140.046341,37.655377],[140.045552,37.655149],[140.04481,37.654785],[140.044248,37.654395],[140.042541,37.652828],[140.042346,37.652562],[140.041187,37.651701],[140.040762,37.650598],[140.040577,37.649834],[140.040461,37.649535],[140.040255,37.649211],[140.040077,37.649055],[140.040396,37.648747],[140.040731,37.648309],[140.041202,37.647871],[140.044555,37.648328],[140.044765,37.648306],[140.045295,37.647952],[140.045977,37.64735],[140.046069,37.647184],[140.046094,37.646456],[140.046041,37.644679],[140.045974,37.644616],[140.045836,37.644164],[140.045526,37.643716],[140.044749,37.642314],[140.044403,37.64128],[140.042972,37.642312],[140.042404,37.642808],[140.041435,37.643539],[140.040807,37.643987],[140.040286,37.644252],[140.039406,37.644471],[140.03885,37.644544],[140.035918,37.644597],[140.033712,37.644717],[140.033784,37.644926],[140.03483,37.645769],[140.035198,37.646303],[140.035925,37.647543],[140.037391,37.649607],[140.037613,37.650029],[140.037626,37.650333],[140.037802,37.650833],[140.038087,37.6513],[140.038291,37.651527],[140.038377,37.651767],[140.038624,37.651952],[140.038754,37.652389],[140.038704,37.652579],[140.038728,37.652784],[140.038821,37.652987],[140.038888,37.653378],[140.039346,37.653921],[140.039658,37.654423],[140.039837,37.655982],[140.040129,37.656415],[140.040423,37.656682],[140.040703,37.657066],[140.04051,37.657308],[140.040484,37.6576],[140.04028,37.657702],[140.040142,37.657874],[140.040089,37.658043],[140.040107,37.658317],[140.040323,37.658726],[140.040502,37.658897],[140.040758,37.659043],[140.041109,37.659114],[140.041518,37.65933],[140.041402,37.659481],[140.04132,37.659705],[140.041309,37.65999],[140.041364,37.660357],[140.041475,37.660703],[140.041828,37.661471],[140.041881,37.661819],[140.041984,37.662014],[140.042139,37.662139],[140.042466,37.66226],[140.042737,37.662291],[140.043213,37.662253],[140.043786,37.662339],[140.044127,37.662338],[140.045393,37.662173],[140.045748,37.662202],[140.046374,37.662081],[140.047493,37.662103],[140.048638,37.662469],[140.048982,37.662788],[140.049379,37.662893],[140.04873,37.663369],[140.048628,37.663616],[140.048673,37.663829],[140.048436,37.664096],[140.048272,37.664615],[140.048049,37.664683],[140.04787,37.664811],[140.047727,37.665078],[140.047783,37.665339],[140.047997,37.665635],[140.04808,37.665906],[140.048274,37.666093],[140.04838,37.666288],[140.048517,37.666392],[140.048521,37.666661],[140.048637,37.666862],[140.048421,37.667128],[140.048388,37.667302],[140.048431,37.667479],[140.048202,37.667669],[140.047988,37.668147],[140.048043,37.668376],[140.048573,37.669124],[140.048265,37.669751],[140.04825,37.670011],[140.048356,37.670419],[140.047886,37.670714],[140.047688,37.670954],[140.04759,37.671147],[140.047466,37.671601],[140.047152,37.672094],[140.047031,37.672373],[140.046782,37.673139],[140.046723,37.673471],[140.046583,37.673712],[140.046164,37.673927],[140.04588,37.673967],[140.045619,37.674086],[140.0454,37.674291],[140.045262,37.674511],[140.045197,37.674801],[140.045228,37.675142],[140.045081,37.675537],[140.045137,37.675935],[140.045026,37.676193],[140.04473,37.676173],[140.043744,37.67633],[140.043544,37.676406],[140.043255,37.676741],[140.043089,37.67681],[140.042941,37.676941],[140.042791,37.677213],[140.042733,37.677552],[140.042805,37.677808],[140.043055,37.678067],[140.043108,37.678265],[140.043244,37.678452],[140.04341,37.678988],[140.043544,37.679163],[140.043804,37.67932],[140.044426,37.679486],[140.044699,37.679958],[140.044918,37.680114],[140.045314,37.680169],[140.045638,37.680047],[140.045773,37.680128],[140.045708,37.680374],[140.045528,37.680635],[140.045269,37.680818],[140.045181,37.681132],[140.044934,37.681486],[140.044894,37.681669],[140.04492,37.681862],[140.045092,37.682176],[140.045432,37.682396],[140.045746,37.682451],[140.045977,37.682727],[140.046262,37.682869],[140.046493,37.683208],[140.046574,37.68342],[140.046718,37.683554],[140.046951,37.68364],[140.047566,37.683687],[140.047827,37.683896],[140.047888,37.68419],[140.047962,37.684325],[140.048288,37.684543],[140.048663,37.68463],[140.04914,37.684601],[140.049463,37.684434],[140.049604,37.684256],[140.050117,37.684068],[140.050281,37.684405],[140.050738,37.684685],[140.050997,37.685297],[140.051081,37.68557],[140.050973,37.686332],[140.051239,37.687141],[140.051258,37.687456],[140.051444,37.688048],[140.051496,37.688607],[140.051676,37.688952],[140.052049,37.689212],[140.051527,37.689863],[140.051388,37.690153],[140.051465,37.69066],[140.051367,37.691186],[140.051599,37.69198],[140.051651,37.692466],[140.051797,37.693046],[140.051803,37.693323],[140.05156,37.694118],[140.051609,37.694576],[140.051196,37.694703],[140.050488,37.694786],[140.050036,37.694939],[140.049802,37.695086],[140.049453,37.695449],[140.049337,37.695625],[140.049306,37.6958],[140.049719,37.696632],[140.05032,37.696808],[140.050528,37.696767],[140.0508,37.69659],[140.05117,37.696579],[140.051608,37.696797],[140.052058,37.697523],[140.052326,37.697711],[140.052438,37.69807],[140.052326,37.69837],[140.051955,37.698553],[140.051541,37.698564],[140.051341,37.698705],[140.051254,37.699134],[140.050851,37.699717],[140.051106,37.700177],[140.051067,37.700434],[140.050746,37.700839],[140.050736,37.700968],[140.051045,37.7014],[140.05115,37.701672],[140.050913,37.701899],[140.050324,37.702152],[140.050322,37.702353],[140.050963,37.702901],[140.051081,37.703525],[140.05175,37.704038],[140.051746,37.704331],[140.051572,37.704545],[140.051118,37.704834],[140.05073,37.70491],[140.053238,37.7088],[140.053237,37.708908],[140.053107,37.709193],[140.053047,37.709679],[140.05295,37.712339],[140.053013,37.713055],[140.052794,37.713984],[140.052296,37.71486],[140.051621,37.715577],[140.05103,37.715973],[140.050252,37.716274],[140.050198,37.716266],[140.05018,37.715601],[140.049303,37.715873],[140.049014,37.715885],[140.049492,37.715116],[140.050278,37.714242],[140.050556,37.713651],[140.050631,37.712686],[140.050467,37.710688],[140.050273,37.709685],[140.050268,37.709406],[140.05008,37.70929],[140.048649,37.7092],[140.048119,37.709117],[140.04534,37.710962],[140.044801,37.710864],[140.044353,37.710675],[140.044322,37.710968],[140.044219,37.71131],[140.043947,37.711458],[140.043549,37.711555],[140.043458,37.711655],[140.043465,37.711798],[140.043581,37.711899],[140.04365,37.712107],[140.043467,37.712342],[140.043213,37.71249],[140.042509,37.712591],[140.04241,37.712641],[140.042521,37.713092],[140.042455,37.713292],[140.042246,37.713462],[140.041252,37.713769],[140.041231,37.713933],[140.041306,37.714434],[140.041024,37.714359],[140.040371,37.715095],[140.040249,37.715388],[140.040163,37.71626],[140.039816,37.716813],[140.039721,37.717181],[140.038983,37.717326],[140.038665,37.71723],[140.038384,37.717242],[140.038196,37.717322],[140.038028,37.717502],[140.037986,37.717668],[140.038056,37.717928],[140.038023,37.717962],[140.037446,37.717833],[140.036942,37.717892],[140.035216,37.718526],[140.034891,37.718735],[140.034776,37.718876],[140.034683,37.719235],[140.034738,37.719429],[140.034858,37.719578],[140.034532,37.719799],[140.034417,37.719941],[140.034377,37.720145],[140.034247,37.720333],[140.034236,37.720611],[140.034324,37.720764],[140.03456,37.720916],[140.03477,37.721169],[140.03511,37.72131],[140.035253,37.721501],[140.035565,37.721686],[140.036007,37.721743],[140.036395,37.721949],[140.036739,37.722047],[140.03772,37.722105],[140.038481,37.722476],[140.039205,37.722581],[140.039656,37.722557],[140.039942,37.722396],[140.040098,37.722054],[140.040411,37.722052],[140.040558,37.722197],[140.040955,37.722384],[140.04129,37.722652],[140.041567,37.723053],[140.042694,37.724205],[140.042891,37.724566],[140.043196,37.724848],[140.043528,37.725289],[140.043905,37.725548],[140.044313,37.725719],[140.04485,37.726354],[140.045537,37.726682],[140.045875,37.727034],[140.046312,37.72732],[140.046653,37.727794],[140.046834,37.728226],[140.047183,37.72858],[140.047533,37.728756],[140.047854,37.728797],[140.048162,37.72891],[140.049435,37.728971],[140.049855,37.729178],[140.050016,37.729469],[140.0502,37.729609],[140.050397,37.729673],[140.051099,37.729635],[140.051536,37.729391],[140.051666,37.729468],[140.051681,37.729597],[140.051769,37.729751],[140.052074,37.729985],[140.052414,37.73007],[140.052634,37.730204],[140.052881,37.730265],[140.053461,37.730189],[140.054192,37.729784],[140.054806,37.729614],[140.055305,37.729322],[140.055749,37.728724],[140.055829,37.728338],[140.056017,37.728231],[140.056155,37.728035],[140.056186,37.727807],[140.056085,37.727579],[140.056052,37.727339],[140.055903,37.727132],[140.055685,37.72696],[140.055887,37.726746],[140.056017,37.726375],[140.056044,37.726083],[140.055961,37.7256],[140.055813,37.725348],[140.055416,37.725018],[140.055287,37.724734],[140.055708,37.724398],[140.056279,37.724469],[140.056607,37.724369],[140.056775,37.724189],[140.056813,37.723967],[140.056712,37.723758],[140.056485,37.723596],[140.056835,37.723171],[140.057902,37.722817],[140.05807,37.722637],[140.058113,37.722447],[140.058256,37.722162],[140.058498,37.722278],[140.058779,37.722294],[140.059036,37.722201],[140.059173,37.722072],[140.059246,37.721855],[140.059206,37.721236],[140.059072,37.721038],[140.058802,37.720874],[140.058791,37.720442],[140.060233,37.718958],[140.062649,37.715894],[140.064202,37.713388],[140.064253,37.712981],[140.064513,37.712303],[140.064554,37.711194],[140.064444,37.709219],[140.06443,37.706779],[140.064145,37.705747],[140.063409,37.704153],[140.062359,37.70247],[140.062157,37.702011],[140.062099,37.701674],[140.062196,37.70106],[140.062392,37.700525],[140.06265,37.698652],[140.06266,37.69788],[140.062469,37.696598],[140.062312,37.696174],[140.061888,37.694089],[140.061841,37.693531],[140.062185,37.69128],[140.062141,37.690817],[140.061988,37.690385],[140.06184,37.690133],[140.061842,37.68971],[140.06194,37.689555],[140.06223,37.688673],[140.062197,37.688337],[140.062062,37.68801],[140.06216,37.687502],[140.062152,37.687317],[140.062081,37.687135],[140.06254,37.68732],[140.0628,37.68737],[140.063097,37.687358],[140.063352,37.687243],[140.063527,37.687041],[140.063572,37.686839],[140.063473,37.686579],[140.063323,37.686427],[140.063824,37.686193],[140.064291,37.686194],[140.064614,37.686054],[140.064896,37.685817],[140.06503,37.685622],[140.065099,37.685402],[140.065283,37.685327],[140.065578,37.685111],[140.065838,37.684745],[140.065918,37.684252],[140.065891,37.684078],[140.065667,37.683763],[140.065402,37.683597],[140.065924,37.683377],[140.066282,37.6833],[140.066867,37.68329],[140.067355,37.683165],[140.067592,37.682917],[140.067732,37.682539],[140.067923,37.682376],[140.068511,37.682151],[140.068657,37.681995],[140.068733,37.681688],[140.068655,37.681394],[140.068388,37.68117],[140.0675,37.680913],[140.067402,37.680833],[140.067344,37.680418],[140.067176,37.680202],[140.066819,37.679927],[140.066461,37.67976],[140.06646,37.679173],[140.066309,37.678986],[140.065567,37.678587],[140.06521,37.678326],[140.065973,37.677577],[140.066065,37.677399],[140.066125,37.676906],[140.06642,37.675678],[140.066672,37.67495],[140.067154,37.673859],[140.067125,37.673294],[140.067428,37.672803],[140.067654,37.672712],[140.0677,37.672612],[140.068026,37.672457],[140.068136,37.672329],[140.068624,37.672147],[140.068904,37.67212],[140.068993,37.672178],[140.068982,37.672293],[140.068892,37.672349],[140.068641,37.672276],[140.068559,37.672311],[140.068477,37.67241],[140.068467,37.672518],[140.068203,37.672723],[140.068219,37.672895],[140.068327,37.672903],[140.068474,37.672661],[140.0686,37.672605],[140.069025,37.672493],[140.069592,37.672448],[140.069674,37.67237],[140.06974,37.67217],[140.07029,37.672089],[140.07039,37.672011],[140.070701,37.671584],[140.071071,37.671529],[140.071476,37.671554],[140.072103,37.671802],[140.072903,37.671873],[140.073363,37.671784],[140.073634,37.671664],[140.07388,37.671451],[140.073973,37.67123],[140.073938,37.671173],[140.073632,37.671156],[140.073617,37.670891],[140.073746,37.670678],[140.074047,37.670358],[140.074344,37.670353],[140.074553,37.670205],[140.074673,37.669898],[140.074713,37.669641],[140.074665,37.669434],[140.074284,37.669215],[140.074075,37.669031],[140.073943,37.668787],[140.073936,37.668601],[140.074047,37.668409],[140.074129,37.668316],[140.074991,37.668438],[140.075532,37.668399],[140.075668,37.668271],[140.0757,37.667907],[140.075584,37.667798],[140.075154,37.667681],[140.073125,37.666563],[140.073099,37.665697],[140.072943,37.665238],[140.072366,37.66459],[140.072297,37.664389],[140.072216,37.66363],[140.072079,37.663049],[140.071254,37.662141],[140.071038,37.661381],[140.070862,37.661087],[140.070675,37.660906],[140.06989,37.660399],[140.06965,37.66009],[140.069625,37.659968],[140.069726,37.65984],[140.070168,37.659715],[140.070368,37.659523],[140.071163,37.659286],[140.072592,37.658725],[140.073245,37.658675],[140.074735,37.65821],[140.075104,37.65772],[140.075358,37.657617],[140.078502,37.656612],[140.078862,37.656577],[140.079197,37.656627],[140.08099,37.657204],[140.08117,37.657186],[140.08326,37.657946],[140.08395,37.657503],[140.085954,37.6575],[140.08659,37.656513],[140.086429,37.655939],[140.086467,37.655768],[140.087077,37.654885],[140.087307,37.654734],[140.088571,37.654401],[140.090137,37.653907],[140.090201,37.653555],[140.090421,37.653232],[140.091485,37.652535],[140.09168,37.652307],[140.091686,37.651859],[140.09157,37.651467],[140.091251,37.651102],[140.090976,37.650976],[140.090389,37.650943],[140.090113,37.649958],[140.090132,37.649395],[140.090243,37.649129],[140.090503,37.647471],[140.091192,37.647086],[140.0917,37.646727],[140.091943,37.646481],[140.093197,37.643963],[140.093665,37.642974],[140.093774,37.642636],[140.093168,37.642067],[140.092882,37.641729],[140.092798,37.641545],[140.092717,37.640873],[140.092664,37.640798],[140.091013,37.639736],[140.087205,37.635817],[140.086361,37.634854],[140.081915,37.62889],[140.079866,37.625723],[140.080459,37.625339],[140.080976,37.625239],[140.081215,37.625317],[140.081655,37.625644],[140.081772,37.625874],[140.082116,37.626163],[140.082744,37.625758],[140.082818,37.624623],[140.082729,37.623125],[140.082498,37.622379],[140.082433,37.621864],[140.082329,37.621519],[140.082245,37.620555],[140.082385,37.619889],[140.082232,37.619139],[140.08213,37.618858],[140.082111,37.61856],[140.08219,37.618256],[140.083015,37.616379],[140.083131,37.615485],[140.083144,37.61443],[140.083222,37.614169],[140.084062,37.612303],[140.084537,37.611418],[140.084849,37.611045],[140.085289,37.610625],[140.086379,37.609734],[140.087521,37.608896],[140.087382,37.608626],[140.086909,37.608056],[140.08565,37.606264],[140.084959,37.60515],[140.083714,37.603423],[140.083501,37.603052],[140.083543,37.602706],[140.084248,37.60143],[140.084442,37.600895],[140.084451,37.600156],[140.084352,37.599618],[140.084066,37.599103],[140.083607,37.598718],[140.083056,37.598398],[140.082183,37.598099],[140.081503,37.597921],[140.080636,37.597771],[140.079707,37.597752],[140.078079,37.597894],[140.077554,37.596734],[140.077217,37.596105],[140.076995,37.595906],[140.075982,37.595416],[140.074819,37.59493],[140.07449,37.594891],[140.074096,37.594632],[140.073193,37.594362],[140.072878,37.594348],[140.07246,37.594208],[140.071511,37.594063],[140.06877,37.593368],[140.067788,37.593396],[140.067352,37.593523],[140.067004,37.593723],[140.066656,37.594019],[140.065616,37.595113],[140.064914,37.595555],[140.064752,37.59558],[140.064753,37.595135],[140.064851,37.594888],[140.065043,37.594626],[140.064909,37.594387],[140.064522,37.594023],[140.064378,37.593771],[140.064097,37.593583],[140.063839,37.593269],[140.063504,37.592278],[140.063365,37.59204],[140.063108,37.591289],[140.062871,37.590936],[140.062771,37.590492],[140.062544,37.590146],[140.062451,37.589775],[140.062507,37.58874],[140.062909,37.587438],[140.062883,37.587082],[140.062769,37.586851],[140.062569,37.586134],[140.062175,37.58426],[140.062071,37.583194],[140.062062,37.581268],[140.062006,37.581077],[140.061998,37.580697],[140.062261,37.580492],[140.063285,37.580053],[140.063436,37.580113],[140.063887,37.580129],[140.064192,37.580196],[140.064361,37.580326],[140.064651,37.580887],[140.065015,37.581905],[140.06516,37.582543],[140.065306,37.583861],[140.06607,37.585985],[140.066563,37.587527],[140.06663,37.587956],[140.066954,37.587952],[140.067393,37.588063],[140.068964,37.588211],[140.070079,37.588248],[140.072274,37.588094],[140.072815,37.587955],[140.073403,37.587681],[140.074284,37.587001],[140.075467,37.585822],[140.076692,37.584859],[140.077129,37.584426],[140.077927,37.583931],[140.078917,37.584547],[140.082775,37.586616],[140.085359,37.58781],[140.086012,37.588015],[140.087576,37.588041],[140.090284,37.587941],[140.091136,37.588133],[140.091672,37.588402],[140.092036,37.588727],[140.092231,37.589022],[140.092413,37.589524],[140.092426,37.58996],[140.092238,37.590653],[140.091801,37.591844],[140.091588,37.592293],[140.091538,37.592744],[140.091694,37.593239],[140.09195,37.593605],[140.092556,37.594061],[140.093533,37.594347],[140.094807,37.594557],[140.099171,37.594984],[140.101624,37.595103],[140.103877,37.593918],[140.10461,37.593595],[140.106181,37.593034],[140.106875,37.592839],[140.107379,37.592807],[140.107944,37.592962],[140.108596,37.593289],[140.107677,37.595729],[140.107123,37.596926],[140.106054,37.599107],[140.10513,37.60041],[140.103582,37.601278],[140.102927,37.601981],[140.102224,37.602083],[140.100826,37.602437],[140.099805,37.602859],[140.097793,37.604153],[140.097206,37.604334],[140.096549,37.604372],[140.096539,37.60518],[140.096644,37.60546],[140.096705,37.606362],[140.09574,37.606584],[140.093653,37.606625],[140.092697,37.607626],[140.092668,37.607798],[140.092765,37.607906],[140.093588,37.608313],[140.09398,37.608581],[140.094567,37.609157],[140.094743,37.609445],[140.094661,37.609573],[140.094091,37.609862],[140.09322,37.610435],[140.092422,37.611774],[140.092465,37.61264],[140.092372,37.612939],[140.092281,37.612967],[140.09212,37.612923],[140.091664,37.612705],[140.089923,37.611683],[140.08905,37.611698],[140.088373,37.611957],[140.086151,37.613442],[140.085053,37.614264],[140.084143,37.617312],[140.083967,37.617718],[140.086233,37.619224],[140.088958,37.621462],[140.090033,37.622537],[140.090376,37.623226],[140.09075,37.624266],[140.090778,37.624889],[140.090663,37.625475],[140.090639,37.625933],[140.090681,37.62624],[140.092249,37.629694],[140.0927,37.630291],[140.093677,37.631372],[140.09498,37.632176],[140.096207,37.632636],[140.097233,37.632629],[140.098958,37.632814],[140.099355,37.632653],[140.099882,37.632256],[140.100055,37.632064],[140.101077,37.631586],[140.102171,37.631143],[140.102933,37.63067],[140.10327,37.630293],[140.103552,37.630052],[140.103856,37.629878],[140.104514,37.62981],[140.105465,37.629833],[140.106906,37.630042],[140.107566,37.629371],[140.107677,37.629385],[140.108525,37.630044],[140.109378,37.630929],[140.109782,37.631256],[140.110114,37.631602],[140.110657,37.63235],[140.111083,37.632763],[140.111764,37.633064],[140.112158,37.633358],[140.112867,37.633397],[140.113588,37.633309],[140.11395,37.633318],[140.115137,37.633636],[140.116103,37.633752],[140.116898,37.633762],[140.117205,37.633834],[140.117357,37.633926],[140.117819,37.634356],[140.118212,37.634864],[140.118371,37.635161],[140.118376,37.635583],[140.120527,37.63698],[140.120781,37.637236],[140.121459,37.637703],[140.121632,37.637897],[140.122094,37.638729],[140.12336,37.640097],[140.123739,37.640345],[140.124425,37.640672],[140.125258,37.64125],[140.125541,37.641378],[140.126124,37.641567],[140.128174,37.641969],[140.128584,37.642175],[140.130011,37.643259],[140.13076,37.643902],[140.131196,37.64443],[140.131397,37.644581],[140.13162,37.644731],[140.131942,37.644829],[140.132767,37.644799],[140.132893,37.64486],[140.133477,37.645621],[140.133893,37.64594],[140.134184,37.646074],[140.134483,37.646141],[140.134975,37.645763],[140.135204,37.645419],[140.13546,37.64464],[140.135697,37.644278],[140.136434,37.643473],[140.136604,37.643009],[140.137138,37.642858],[140.137633,37.642826],[140.139447,37.642893],[140.141536,37.642631],[140.141542,37.642708],[140.143139,37.643922],[140.143815,37.644528],[140.144391,37.645362],[140.144538,37.6459],[140.144697,37.646158],[140.144899,37.647354],[140.144921,37.647791],[140.14516,37.64815],[140.145463,37.648389],[140.145893,37.648492],[140.14717,37.64858],[140.148059,37.648708],[140.149181,37.648959],[140.149638,37.649149],[140.150385,37.649118],[140.15081,37.648942],[140.152678,37.647704],[140.154366,37.647172],[140.155613,37.646723],[140.156976,37.646333],[140.158131,37.646062],[140.15904,37.645982],[140.160289,37.646127],[140.160578,37.646108],[140.160966,37.645939],[140.16181,37.645301],[140.161882,37.645309],[140.162286,37.647036],[140.162641,37.648269],[140.162996,37.649295],[140.161363,37.650423],[140.160926,37.650635],[140.160864,37.650789],[140.160982,37.650957],[140.161013,37.651567],[140.161128,37.651703],[140.161368,37.651711],[140.161522,37.651643],[140.161988,37.6512],[140.162128,37.651161],[140.161948,37.651432],[140.161977,37.651569],[140.162202,37.651857],[140.162526,37.65211],[140.162688,37.65234],[140.16283,37.652675],[140.162779,37.653259],[140.162642,37.65347],[140.16169,37.654396],[140.161603,37.654443],[140.161146,37.654452],[140.160894,37.654513],[140.160423,37.654745],[140.160369,37.654825],[140.160432,37.654947],[140.160876,37.6551],[140.161039,37.655277],[140.161134,37.655498],[140.161013,37.655592],[140.160852,37.655597],[140.160611,37.6557],[140.16049,37.656054],[140.160346,37.656196],[140.160184,37.656266],[140.159398,37.656514],[140.159252,37.656507],[140.159021,37.65638],[140.158852,37.656358],[140.158461,37.656481],[140.158135,37.656481],[140.157548,37.656656],[140.157143,37.656641],[140.156831,37.656707],[140.156348,37.656999],[140.156024,37.657426],[140.155732,37.657355],[140.15544,37.657365],[140.155312,37.657415],[140.155206,37.657524],[140.15489,37.657579],[140.154464,37.657808],[140.154137,37.657812],[140.153711,37.65805],[140.153673,37.658098],[140.153662,37.658369],[140.153609,37.658413],[140.153441,37.658367],[140.153386,37.658289],[140.15334,37.658009],[140.153247,37.657949],[140.152754,37.657835],[140.152217,37.657882],[140.151757,37.657792],[140.151618,37.6578],[140.151347,37.657926],[140.151006,37.657864],[140.150548,37.657914],[140.150317,37.658121],[140.14985,37.657966],[140.149482,37.658026],[140.149271,37.658194],[140.149074,37.658116],[140.148918,37.65812],[140.148112,37.658319],[140.147261,37.658236],[140.14702,37.658325],[140.146953,37.658425],[140.146957,37.65853],[140.147522,37.659035],[140.147656,37.659317],[140.148113,37.659745],[140.148224,37.660065],[140.148217,37.660142],[140.148157,37.660146],[140.147466,37.65965],[140.147206,37.659314],[140.146957,37.659102],[140.146312,37.658816],[140.145983,37.658766],[140.145752,37.658507],[140.145134,37.658234],[140.144665,37.658276],[140.144427,37.658379],[140.144323,37.658566],[140.144308,37.658786],[140.14418,37.658744],[140.144087,37.65846],[140.143998,37.658373],[140.143446,37.658345],[140.142938,37.658444],[140.142763,37.658798],[140.142712,37.658805],[140.142559,37.65853],[140.14214,37.658458],[140.141438,37.658774],[140.141182,37.659087],[140.141092,37.65908],[140.140971,37.658926],[140.14073,37.658788],[140.140235,37.658766],[140.139862,37.658873],[140.139768,37.658944],[140.139627,37.659176],[140.139561,37.659176],[140.13947,37.658991],[140.139122,37.658748],[140.138794,37.65874],[140.13873,37.658554],[140.138242,37.658245],[140.138044,37.658262],[140.137513,37.658502],[140.137464,37.658578],[140.137486,37.658802],[140.137389,37.658816],[140.137086,37.658637],[140.136932,37.658407],[140.136729,37.658334],[140.136489,37.658366],[140.135844,37.658604],[140.135688,37.658617],[140.135449,37.65853],[140.135278,37.658276],[140.134552,37.658237],[140.134059,37.658333],[140.133535,37.658305],[140.133125,37.658375],[140.132829,37.658237],[140.131939,37.658159],[140.130846,37.657793],[140.130585,37.657795],[140.130427,37.657833],[140.130327,37.657911],[140.130339,37.658022],[140.130677,37.658389],[140.131357,37.658702],[140.131904,37.658892],[140.132283,37.659123],[140.132561,37.659233],[140.132741,37.659288],[140.133461,37.659279],[140.134187,37.659456],[140.134484,37.659451],[140.134946,37.659612],[140.135486,37.659641],[140.135803,37.659786],[140.136176,37.659832],[140.136373,37.659962],[140.136637,37.660035],[140.136846,37.660294],[140.137168,37.660443],[140.137484,37.660732],[140.1375,37.660929],[140.137612,37.661167],[140.137365,37.6613],[140.13729,37.661206],[140.137354,37.661074],[140.137321,37.660834],[140.136864,37.660638],[140.135724,37.660451],[140.135126,37.660425],[140.134454,37.660105],[140.133826,37.65995],[140.13343,37.65993],[140.132944,37.660012],[140.132737,37.66],[140.132406,37.659836],[140.131444,37.659733],[140.130939,37.659407],[140.130324,37.65927],[140.130093,37.659072],[140.129447,37.658888],[140.129091,37.658939],[140.128872,37.659181],[140.128959,37.659482],[140.129185,37.659773],[140.129381,37.659932],[140.12956,37.660373],[140.129689,37.660535],[140.130041,37.660824],[140.130337,37.661259],[140.131064,37.661815],[140.131494,37.662419],[140.131636,37.662546],[140.13248,37.663078],[140.132655,37.66314],[140.133324,37.663653],[140.133705,37.664174],[140.133812,37.664243],[140.135138,37.664764],[140.135466,37.664802],[140.135811,37.664948],[140.136571,37.665032],[140.136994,37.664956],[140.137498,37.665017],[140.137587,37.665061],[140.137693,37.665298],[140.137881,37.665364],[140.138349,37.665303],[140.138714,37.66493],[140.138922,37.664831],[140.139152,37.664793],[140.139354,37.664816],[140.139737,37.665059],[140.140034,37.665011],[140.141092,37.665078],[140.141459,37.665416],[140.141794,37.665568],[140.142199,37.66584],[140.143194,37.666789],[140.144132,37.667299],[140.144398,37.667529],[140.144724,37.667964],[140.145022,37.668234],[140.145466,37.668541],[140.145822,37.668647],[140.146123,37.668803],[140.146621,37.669159],[140.146848,37.669371],[140.147075,37.669702],[140.147196,37.670083],[140.147356,37.671139],[140.148205,37.67228],[140.148486,37.672814],[140.148588,37.673372],[140.148481,37.67403],[140.148311,37.674708],[140.148045,37.6752],[140.147571,37.675654],[140.1471,37.67598],[140.146392,37.676433],[140.144762,37.677344],[140.144462,37.677585],[140.144371,37.67767],[140.144326,37.678464],[140.143325,37.679351],[140.143305,37.680338],[140.14342,37.680561],[140.143443,37.680847],[140.143237,37.68159],[140.143238,37.682269],[140.143286,37.683565],[140.143501,37.684446],[140.144,37.68563],[140.144302,37.686047],[140.144459,37.686499],[140.14467,37.687703],[140.144783,37.688004],[140.145234,37.688751],[140.145311,37.689109],[140.145521,37.689619],[140.145606,37.690085],[140.145771,37.690544],[140.145969,37.691361],[140.146046,37.692542],[140.146132,37.692857],[140.147752,37.696563],[140.149271,37.699188],[140.150683,37.700648],[140.152247,37.702424],[140.152507,37.702817],[140.152807,37.703481],[140.153273,37.704044],[140.154416,37.704547],[140.155385,37.705115],[140.156462,37.705421],[140.156886,37.705704],[140.15722,37.706052],[140.157478,37.706483],[140.157663,37.706675],[140.157872,37.706748],[140.159935,37.706817],[140.160407,37.706915],[140.161026,37.707254],[140.16141,37.707793],[140.161474,37.708133],[140.1614,37.708651],[140.161258,37.709258],[140.160909,37.710335],[140.16095,37.711993],[140.161054,37.712745],[140.161258,37.713318],[140.161592,37.713613],[140.162047,37.713896],[140.1625,37.714263],[140.162607,37.714818],[140.162578,37.715349],[140.162416,37.715765],[140.162195,37.71602],[140.161817,37.716983],[140.161711,37.717721],[140.161864,37.71814],[140.161982,37.718326],[140.162375,37.71871],[140.162611,37.719057],[140.162945,37.719417],[140.163253,37.720052],[140.163218,37.721184],[140.162956,37.723126],[140.162886,37.724025],[140.1657,37.724057],[140.168675,37.72381],[140.169307,37.72366],[140.171049,37.723588],[140.172167,37.723674],[140.17335,37.72392],[140.175278,37.724006],[140.17615,37.723904],[140.176798,37.72367],[140.177282,37.723358],[140.178056,37.722588],[140.179396,37.720857],[140.179755,37.720287],[140.179779,37.720126],[140.181266,37.717972],[140.181406,37.717568],[140.181851,37.716718],[140.182188,37.714688],[140.182199,37.7103],[140.182573,37.706807],[140.18293,37.706859],[140.183405,37.707098],[140.184714,37.707594],[140.187066,37.70829],[140.187965,37.708403],[140.188478,37.7084],[140.189645,37.707928],[140.190226,37.707553],[140.190882,37.706849],[140.191799,37.705289],[140.192206,37.704261],[140.192255,37.703926],[140.192626,37.702891],[140.19353,37.700958],[140.193757,37.700774],[140.197767,37.699635],[140.1981,37.699594],[140.198312,37.700018],[140.198508,37.700248],[140.199038,37.701139],[140.198972,37.701396],[140.198599,37.701787],[140.198525,37.702001],[140.19853,37.702323],[140.198627,37.702552],[140.199266,37.703437],[140.199312,37.704124],[140.199408,37.704396],[140.19956,37.704505],[140.199652,37.704809],[140.199677,37.705239],[140.199778,37.705573],[140.200029,37.705957],[140.200816,37.706785],[140.201099,37.707001],[140.201656,37.707553],[140.203069,37.708416],[140.203456,37.708734],[140.20392,37.709667],[140.204158,37.709912],[140.204808,37.710312],[140.204835,37.710613],[140.20455,37.711398],[140.204949,37.712817],[140.20495,37.713342],[140.204802,37.713698],[140.204517,37.713964],[140.203883,37.714284],[140.203748,37.714545],[140.203732,37.715499],[140.203646,37.715727],[140.203601,37.716476],[140.20346,37.716804],[140.203597,37.717468],[140.203522,37.717701],[140.203192,37.718247],[140.202391,37.719067],[140.198901,37.719229],[140.198106,37.719181],[140.197195,37.719061],[140.19613,37.718672],[140.19558,37.71841],[140.192233,37.71709],[140.190737,37.716593],[140.188748,37.716179],[140.187812,37.716116],[140.185819,37.716149],[140.185718,37.71654],[140.185672,37.717484],[140.1861,37.72115],[140.186246,37.722047],[140.186387,37.722354],[140.186656,37.724111],[140.186668,37.725236],[140.186603,37.725637],[140.186442,37.726084],[140.186404,37.726331],[140.186148,37.726673],[140.185494,37.727107],[140.184975,37.72738],[140.183989,37.727536],[140.182956,37.727519],[140.181674,37.727234],[140.17983,37.726696],[140.179255,37.726597],[140.177282,37.725839],[140.176192,37.725583],[140.175651,37.72558],[140.173877,37.725348],[140.170177,37.725455],[140.168024,37.725679],[140.164566,37.725645],[140.161008,37.726993],[140.161162,37.727175],[140.162553,37.727404],[140.163127,37.727552],[140.163709,37.728214],[140.163788,37.728663],[140.163318,37.728774],[140.162991,37.728991],[140.162759,37.729352],[140.162658,37.729761],[140.162719,37.731071],[140.162609,37.731271],[140.158687,37.73399],[140.155822,37.73561],[140.153949,37.736599],[140.151564,37.737726],[140.14885,37.738708],[140.146228,37.739571],[140.143675,37.74018],[140.143944,37.739819],[140.14425,37.739273],[140.144397,37.73801],[140.144374,37.737443],[140.144223,37.73695],[140.143839,37.736366],[140.143412,37.735938],[140.142912,37.735534],[140.142447,37.735273],[140.141824,37.735106],[140.141037,37.735143],[140.140645,37.73525],[140.139239,37.735893],[140.138732,37.73608],[140.138154,37.736253],[140.137582,37.73632],[140.136213,37.736315],[140.134805,37.736052],[140.133777,37.735648],[140.132988,37.735247],[140.132363,37.734779],[140.131935,37.734395],[140.13102,37.733038],[140.130118,37.731882],[140.129499,37.73141],[140.128707,37.731386],[140.128118,37.731448],[140.127468,37.731586],[140.126575,37.731875],[140.125336,37.732114],[140.124598,37.732576],[140.124367,37.732813],[140.12406,37.733383],[140.123983,37.733802],[140.124024,37.734346],[140.124318,37.734873],[140.125373,37.736044],[140.126503,37.737007],[140.128242,37.738288],[140.129839,37.739311],[140.130843,37.739776],[140.133195,37.741024],[140.133829,37.741248],[140.13596,37.741827],[140.136749,37.742185],[140.137125,37.742894],[140.137581,37.743975],[140.137906,37.744903],[140.138118,37.745315],[140.138604,37.745814],[140.139735,37.746767],[140.140271,37.747143],[140.140423,37.747506],[140.140501,37.747984],[140.141368,37.751603],[140.141858,37.752852],[140.142246,37.75357],[140.143226,37.75455],[140.143814,37.754901],[140.143634,37.754878],[140.143273,37.754947],[140.142865,37.755173],[140.142238,37.75559],[140.142036,37.755903],[140.14202,37.756526],[140.141898,37.756954],[140.141313,37.758424],[140.141472,37.758747],[140.141514,37.75904],[140.141645,37.759392],[140.141857,37.75973],[140.141846,37.759894],[140.141698,37.760251],[140.140956,37.762828],[140.140547,37.763905],[140.1406,37.763984],[140.141645,37.764021],[140.144337,37.764283],[140.144986,37.764281],[140.145223,37.763231],[140.145382,37.76271],[140.145558,37.762339],[140.145766,37.762219],[140.146001,37.762163],[140.147216,37.762323],[140.147103,37.762787],[140.147039,37.763623],[140.147072,37.763874],[140.148853,37.76413],[140.14854,37.764764],[140.148509,37.765065],[140.148704,37.766146],[140.14871,37.766383],[140.14856,37.766954],[140.148663,37.767398],[140.148786,37.767635],[140.148885,37.767621],[140.149195,37.767366],[140.14947,37.766925],[140.149583,37.766525],[140.149978,37.763523],[140.150196,37.762559],[140.15074,37.761454],[140.151188,37.760885],[140.151523,37.760801],[140.153787,37.761347],[140.154758,37.761619],[140.154793,37.761683],[140.154064,37.763974],[140.153966,37.764625],[140.15392,37.765519],[140.153941,37.766077],[140.15413,37.766844],[140.154315,37.767267],[140.154545,37.767669],[140.155543,37.768628],[140.157078,37.769955],[140.157264,37.770257],[140.157279,37.771295],[140.157358,37.771481],[140.157698,37.771705],[140.157894,37.771907],[140.157971,37.772315],[140.158522,37.77292],[140.158586,37.774466],[140.160365,37.774929],[140.160859,37.775112],[140.161047,37.775228],[140.161335,37.776081],[140.161476,37.776311],[140.16178,37.776635],[140.161598,37.776913],[140.161373,37.777496],[140.161297,37.777561],[140.16117,37.77753],[140.160894,37.777349],[140.160602,37.777264],[140.160211,37.777285],[140.159496,37.777429],[140.159119,37.777593],[140.156911,37.778895],[140.156809,37.779228],[140.156744,37.779728],[140.156748,37.780676],[140.156918,37.780952],[140.157422,37.781468],[140.15754,37.781707],[140.156984,37.782377],[140.156486,37.783256],[140.156479,37.78455],[140.156384,37.785592],[140.155833,37.787114],[140.155352,37.787868],[140.154944,37.78867],[140.154828,37.789015],[140.154725,37.791417],[140.154849,37.792413],[140.154801,37.792681],[140.15467,37.792978],[140.153899,37.793998],[140.153486,37.792864],[140.153423,37.792038],[140.1533,37.791718],[140.152761,37.791609],[140.152288,37.791434],[140.149641,37.788644],[140.149607,37.788322],[140.149686,37.787327],[140.149563,37.786926],[140.149177,37.786542],[140.148933,37.786165],[140.14884,37.785782],[140.148889,37.785401],[140.149203,37.784879],[140.149192,37.784563],[140.149028,37.784478],[140.148586,37.784385],[140.147872,37.784345],[140.145791,37.784365],[140.14574,37.784281],[140.146122,37.7837],[140.146401,37.783595],[140.146837,37.783562],[140.147171,37.783314],[140.147293,37.783124],[140.147505,37.782941],[140.148153,37.78282],[140.1485,37.782686],[140.148683,37.782425],[140.148666,37.781936],[140.148305,37.781313],[140.148256,37.780985],[140.149264,37.778935],[140.149485,37.778645],[140.149541,37.778395],[140.149522,37.777381],[140.148784,37.775617],[140.148413,37.774518],[140.14849,37.77047],[140.147991,37.770121],[140.14737,37.769836],[140.1457,37.769496],[140.145249,37.769457],[140.144768,37.769495],[140.144301,37.769647],[140.143855,37.769906],[140.143377,37.77032],[140.143079,37.770735],[140.142826,37.77121],[140.14267,37.771722],[140.142621,37.772037],[140.142768,37.772324],[140.143349,37.772698],[140.14337,37.772865],[140.142704,37.773963],[140.142058,37.774591],[140.141248,37.775855],[140.140257,37.777081],[140.139897,37.776399],[140.139519,37.775961],[140.139087,37.775636],[140.138684,37.775401],[140.138213,37.775254],[140.137762,37.775209],[140.136985,37.77525],[140.135846,37.774473],[140.135727,37.774329],[140.136021,37.774046],[140.136214,37.773726],[140.136438,37.773087],[140.136349,37.771806],[140.136698,37.77086],[140.136433,37.770039],[140.136189,37.769705],[140.135476,37.76819],[140.135505,37.767643],[140.135725,37.766976],[140.135742,37.766636],[140.135453,37.766355],[140.135148,37.766213],[140.134238,37.766189],[140.134113,37.766062],[140.134074,37.765923],[140.134297,37.765348],[140.134641,37.764832],[140.134763,37.76445],[140.134074,37.763218],[140.134019,37.762986],[140.134144,37.762693],[140.134728,37.762071],[140.134737,37.761642],[140.134653,37.761119],[140.134379,37.760309],[140.134448,37.759358],[140.134408,37.758192],[140.134135,37.757667],[140.133707,37.75721],[140.132647,37.756623],[140.130364,37.755733],[140.130048,37.755759],[140.128692,37.756518],[140.127236,37.757005],[140.126342,37.757166],[140.125561,37.757257],[140.123929,37.757316],[140.12275,37.757247],[140.121856,37.757004],[140.12153,37.757903],[140.121179,37.758488],[140.119952,37.760011],[140.119852,37.760237],[140.119349,37.760818],[140.119036,37.761322],[140.118826,37.761869],[140.118771,37.762143],[140.118673,37.763436],[140.118528,37.763982],[140.11829,37.764459],[140.117582,37.765587],[140.117578,37.766574],[140.117659,37.767391],[140.117795,37.768549],[140.117971,37.76948],[140.118146,37.770107],[140.11816,37.770264],[140.118119,37.770323],[140.117313,37.770363],[140.117278,37.77033],[140.117348,37.769491],[140.11725,37.769099],[140.116885,37.768447],[140.116816,37.768199],[140.116799,37.767092],[140.116743,37.766772],[140.116649,37.7666],[140.116163,37.766501],[140.115248,37.766198],[140.113282,37.765764],[140.112856,37.765722],[140.112516,37.766044],[140.112387,37.766315],[140.11223,37.766896],[140.111938,37.768845],[140.11164,37.770262],[140.111334,37.770987],[140.111345,37.771643],[140.110155,37.771947],[140.109391,37.772066],[140.108722,37.772106],[140.107637,37.770365],[140.107614,37.77025],[140.107642,37.770212],[140.10803,37.770177],[140.10851,37.769958],[140.108506,37.769696],[140.108404,37.769427],[140.108425,37.768938],[140.108562,37.768766],[140.108873,37.768512],[140.109784,37.768058],[140.110193,37.767739],[140.110347,37.76743],[140.11058,37.766171],[140.111166,37.765153],[140.111192,37.764861],[140.111152,37.764515],[140.11095,37.764111],[140.11045,37.763565],[140.10995,37.763239],[140.109318,37.76307],[140.108631,37.763053],[140.107796,37.763121],[140.107344,37.763246],[140.106599,37.763366],[140.106327,37.763516],[140.10627,37.763599],[140.106087,37.764149],[140.105969,37.764279],[140.105478,37.764469],[140.105181,37.764503],[140.10469,37.764448],[140.104368,37.764359],[140.103258,37.76396],[140.102851,37.76376],[140.102762,37.763664],[140.102657,37.763029],[140.102655,37.762251],[140.102708,37.761905],[140.102858,37.761352],[140.103449,37.759929],[140.103555,37.759548],[140.103538,37.759414],[140.103169,37.758889],[140.103056,37.758638],[140.103035,37.758486],[140.103126,37.758114],[140.103153,37.757759],[140.103064,37.75761],[140.102745,37.75733],[140.101883,37.756894],[140.101646,37.756624],[140.101624,37.756523],[140.101722,37.756234],[140.102026,37.755935],[140.102881,37.75542],[140.102811,37.755244],[140.102674,37.755124],[140.102431,37.755035],[140.10173,37.754923],[140.100556,37.754878],[140.10026,37.75481],[140.099988,37.754647],[140.099855,37.754479],[140.099403,37.753644],[140.099292,37.753527],[140.098616,37.753486],[140.096889,37.753529],[140.096068,37.75368],[140.094538,37.754257],[140.092714,37.754782],[140.092076,37.754942],[140.091011,37.755089],[140.090281,37.755288],[140.089932,37.755564],[140.089042,37.756132],[140.088646,37.756462],[140.088591,37.756554],[140.088533,37.757018],[140.088689,37.758128],[140.088539,37.758362],[140.087647,37.759067],[140.087595,37.75889],[140.087217,37.758325],[140.08673,37.758043],[140.086208,37.757961],[140.084021,37.757956],[140.08342,37.757844],[140.081583,37.756933],[140.081316,37.756769],[140.080482,37.756098],[140.080321,37.756088],[140.079927,37.756299],[140.078999,37.756517],[140.077967,37.757049],[140.077799,37.75689],[140.077079,37.756083],[140.076307,37.75509],[140.076008,37.754486],[140.075921,37.753577],[140.075847,37.751516],[140.075932,37.749056],[140.075751,37.748339],[140.075602,37.748045],[140.07527,37.747892],[140.074477,37.747914],[140.07298,37.74806],[140.072124,37.74806],[140.071504,37.747898],[140.071004,37.747617],[140.0709,37.747428],[140.070744,37.746566],[140.070808,37.746138],[140.070915,37.745861],[140.07095,37.745073],[140.071297,37.744538],[140.071892,37.744065],[140.072239,37.74371],[140.072304,37.74295],[140.072134,37.7426],[140.072134,37.742505],[140.072424,37.742155],[140.072375,37.741834],[140.071914,37.741383],[140.071914,37.741265],[140.072063,37.741119],[140.07207,37.740651],[140.072261,37.740364],[140.072204,37.74011],[140.072296,37.739964],[140.072339,37.739609],[140.072162,37.739401],[140.07224,37.739068],[140.071956,37.73846],[140.072048,37.73806],[140.071892,37.737733],[140.071793,37.737142],[140.071822,37.736291],[140.071673,37.735993],[140.071382,37.735807],[140.071262,37.735621],[140.071326,37.735266],[140.071127,37.734945],[140.071106,37.734815],[140.071375,37.734359],[140.071418,37.734179],[140.070922,37.733401],[140.070808,37.733075],[140.070808,37.732855],[140.071297,37.732275],[140.07134,37.732078],[140.070837,37.731312],[140.070015,37.730382],[140.069321,37.729267],[140.069179,37.729137],[140.068591,37.728979],[140.068378,37.728743],[140.06825,37.728433],[140.068491,37.728427],[140.069226,37.728239],[140.069717,37.727949],[140.070291,37.727791],[140.070547,37.727497],[140.071799,37.728656],[140.072305,37.729189],[140.072482,37.729477],[140.072498,37.72962],[140.073274,37.730971],[140.073646,37.73151],[140.074348,37.734399],[140.074498,37.73611],[140.074504,37.737827],[140.074377,37.74104],[140.07457,37.742413],[140.074551,37.742746],[140.074334,37.743246],[140.074377,37.743437],[140.07427,37.743591],[140.074236,37.743912],[140.074576,37.744332],[140.074651,37.744345],[140.075351,37.743587],[140.075715,37.743268],[140.076275,37.742963],[140.076829,37.743039],[140.077531,37.743342],[140.078306,37.743801],[140.079243,37.744572],[140.079702,37.745076],[140.080071,37.74558],[140.080185,37.746058],[140.080253,37.746702],[140.080036,37.747249],[140.079971,37.747606],[140.079475,37.74889],[140.079409,37.749366],[140.079525,37.750881],[140.079974,37.752244],[140.080283,37.752747],[140.081036,37.753767],[140.081882,37.75456],[140.08259,37.754387],[140.083029,37.754116],[140.08338,37.753642],[140.083774,37.753407],[140.085362,37.753729],[140.086562,37.75381],[140.087088,37.753742],[140.087647,37.75352],[140.089047,37.752017],[140.090535,37.750621],[140.09225,37.74918],[140.096217,37.746741],[140.096146,37.746402],[140.096212,37.745837],[140.096215,37.744314],[140.09649,37.743763],[140.097619,37.742934],[140.098101,37.742681],[140.098519,37.742391],[140.098561,37.741946],[140.098537,37.741226],[140.098637,37.740995],[140.099124,37.740465],[140.099476,37.740333],[140.099952,37.74027],[140.100444,37.74011],[140.100961,37.739757],[140.101258,37.73945],[140.101348,37.739257],[140.101337,37.738997],[140.10143,37.738449],[140.101758,37.737995],[140.102283,37.737613],[140.10289,37.737355],[140.103384,37.737186],[140.103807,37.737182],[140.104569,37.736242],[140.105718,37.73563],[140.108234,37.734862],[140.109262,37.73431],[140.110247,37.733506],[140.111175,37.732488],[140.111926,37.731242],[140.112265,37.730505],[140.112966,37.728352],[140.113017,37.727875],[140.113412,37.725882],[140.114487,37.726339],[140.11493,37.726438],[140.115422,37.726479],[140.115915,37.726445],[140.116265,37.726304],[140.116641,37.726031],[140.116873,37.725689],[140.117218,37.7249],[140.117444,37.724062],[140.117716,37.723416],[140.117755,37.723177],[140.117903,37.722864],[140.117979,37.72254],[140.118101,37.72236],[140.118385,37.721713],[140.118498,37.721266],[140.119691,37.71888],[140.119816,37.718528],[140.120528,37.71716],[140.121068,37.716201],[140.121201,37.716116],[140.122922,37.715833],[140.12523,37.715583],[140.125758,37.715635],[140.126691,37.715889],[140.12827,37.716464],[140.128952,37.716603],[140.129563,37.716798],[140.130246,37.716879],[140.130776,37.716759],[140.131126,37.716552],[140.131648,37.716126],[140.132284,37.71511],[140.132771,37.714523],[140.13331,37.71362],[140.134478,37.712332],[140.13627,37.713051],[140.137061,37.713238],[140.138219,37.713828],[140.139194,37.714608],[140.143544,37.718512],[140.144258,37.719052],[140.145481,37.719896],[140.146,37.720158],[140.14652,37.720326],[140.147178,37.720295],[140.147829,37.720135],[140.148717,37.719648],[140.149334,37.719266],[140.150305,37.718565],[140.15215,37.717104],[140.153636,37.716307],[140.154424,37.715962],[140.156088,37.715358],[140.15701,37.714971],[140.1588,37.714342],[140.158642,37.713978],[140.158646,37.713548],[140.158581,37.713125],[140.158822,37.712162],[140.158189,37.711487],[140.157973,37.711001],[140.157975,37.710667],[140.158035,37.710437],[140.158218,37.710158],[140.158414,37.709965],[140.158237,37.709493],[140.158069,37.709487],[140.157496,37.709665],[140.157052,37.709678],[140.156625,37.709584],[140.156178,37.709343],[140.155902,37.709024],[140.155691,37.708403],[140.155411,37.70805],[140.155301,37.7078],[140.155293,37.707352],[140.155397,37.707087],[140.155588,37.706828],[140.155202,37.706653],[140.154721,37.706518],[140.154114,37.70616],[140.153385,37.705883],[140.152891,37.705526],[140.152327,37.705424],[140.151888,37.705199],[140.151414,37.704801],[140.151103,37.704429],[140.150698,37.703728],[140.150307,37.702807],[140.150004,37.702458],[140.149309,37.702269],[140.148827,37.702052],[140.148373,37.701806],[140.148038,37.701531],[140.147813,37.70124],[140.147689,37.700931],[140.147662,37.700576],[140.147766,37.700224],[140.1475,37.700005],[140.147185,37.699649],[140.147073,37.699458],[140.147014,37.699214],[140.145854,37.698519],[140.145622,37.698305],[140.145329,37.697905],[140.144911,37.696932],[140.144899,37.696585],[140.14495,37.696372],[140.144204,37.695049],[140.144022,37.693927],[140.143923,37.692728],[140.143653,37.690711],[140.142468,37.688788],[140.141882,37.687538],[140.141404,37.682819],[140.141245,37.682293],[140.141285,37.679432],[140.141603,37.678587],[140.141855,37.67813],[140.142252,37.677549],[140.143012,37.676696],[140.14349,37.676181],[140.144165,37.675601],[140.144596,37.6753],[140.145698,37.674676],[140.145681,37.674217],[140.145843,37.673777],[140.145907,37.673438],[140.145761,37.673097],[140.144252,37.671297],[140.144001,37.67089],[140.143225,37.669925],[140.142734,37.669558],[140.141593,37.669019],[140.139995,37.667743],[140.138804,37.666941],[140.138327,37.66667],[140.137969,37.666542],[140.137501,37.666489],[140.136675,37.666715],[140.135863,37.666732],[140.13534,37.666969],[140.134314,37.667672],[140.133692,37.667867],[140.133009,37.667927],[140.132335,37.667815],[140.131892,37.667976],[140.131382,37.668008],[140.13094,37.667951],[140.130269,37.667582],[140.128058,37.666201],[140.1275,37.665785],[140.127145,37.665407],[140.127134,37.66437],[140.126403,37.663464],[140.126075,37.663223],[140.125528,37.663201],[140.125061,37.663382],[140.12484,37.663661],[140.124879,37.664883],[140.1244,37.665195],[140.124003,37.665081],[140.123663,37.664872],[140.123324,37.664546],[140.123136,37.664158],[140.122664,37.663947],[140.121879,37.663299],[140.120905,37.662697],[140.121001,37.663389],[140.120948,37.663917],[140.120823,37.664181],[140.120759,37.664459],[140.120481,37.664864],[140.120413,37.665169],[140.120297,37.665385],[140.120114,37.66557],[140.119869,37.665716],[140.119624,37.665982],[140.119321,37.666151],[140.11878,37.666245],[140.118273,37.666174],[140.118018,37.666055],[140.117751,37.665839],[140.117477,37.665415],[140.11742,37.664719],[140.117437,37.664445],[140.117529,37.664093],[140.117529,37.663695],[140.11729,37.663381],[140.116783,37.663311],[140.116137,37.663061],[140.115929,37.662893],[140.11574,37.662616],[140.115659,37.66233],[140.115696,37.662002],[140.115809,37.661712],[140.116005,37.661413],[140.115466,37.661274],[140.114272,37.661267],[140.113797,37.661152],[140.113294,37.661123],[140.112795,37.661007],[140.111878,37.66067],[140.111434,37.661087],[140.110797,37.661343],[140.110146,37.661439],[140.109646,37.661342],[140.109114,37.661048],[140.108907,37.66088],[140.108761,37.660675],[140.108681,37.660388],[140.108687,37.660133],[140.108797,37.659853],[140.109464,37.659057],[140.109087,37.658368],[140.108268,37.657217],[140.107846,37.656929],[140.106784,37.657064],[140.106257,37.657055],[140.105806,37.656973],[140.104405,37.656521],[140.104033,37.656328],[140.103615,37.655937],[140.102094,37.655437],[140.101141,37.654884],[140.100883,37.654915],[140.100272,37.655109],[140.099897,37.655153],[140.099328,37.655151],[140.098446,37.655019],[140.097974,37.654822],[140.09766,37.654553],[140.097088,37.653656],[140.096152,37.654109],[140.09526,37.654258],[140.094989,37.654622],[140.09473,37.655136],[140.094446,37.655551],[140.09324,37.656795],[140.092569,37.657215],[140.091716,37.657525],[140.091098,37.65785],[140.090348,37.658589],[140.089563,37.659456],[140.089099,37.659843],[140.088845,37.660203],[140.08798,37.660574],[140.086336,37.66072],[140.084531,37.661091],[140.083893,37.660993],[140.083577,37.661097],[140.083394,37.661389],[140.083307,37.661861],[140.083323,37.66204],[140.083455,37.662227],[140.082602,37.662814],[140.081262,37.662906],[140.080605,37.664036],[140.080882,37.664293],[140.081005,37.664523],[140.080964,37.664891],[140.080763,37.665472],[140.080795,37.665805],[140.080892,37.665981],[140.081492,37.66659],[140.08216,37.66715],[140.08296,37.667593],[140.083397,37.667947],[140.083788,37.668393],[140.084079,37.668814],[140.084371,37.669589],[140.084426,37.669995],[140.084758,37.670436],[140.085018,37.671253],[140.085625,37.67173],[140.086215,37.671992],[140.086554,37.672231],[140.087463,37.672989],[140.087906,37.673594],[140.088028,37.673909],[140.088428,37.674313],[140.088794,37.674573],[140.089197,37.674763],[140.090528,37.67483],[140.091157,37.674956],[140.091488,37.675081],[140.091836,37.675291],[140.092309,37.675666],[140.09254,37.675882],[140.092716,37.67616],[140.092484,37.676463],[140.092145,37.676737],[140.09207,37.676946],[140.091179,37.67818],[140.090694,37.678586],[140.090236,37.678773],[140.089767,37.678856],[140.088664,37.677548],[140.086271,37.677309],[140.085962,37.677217],[140.085743,37.677055],[140.082907,37.674225],[140.082853,37.674564],[140.082991,37.677978],[140.082986,37.679165],[140.082958,37.679963],[140.082863,37.680813],[140.082588,37.680873],[140.082131,37.680858],[140.081672,37.680956],[140.081347,37.68112],[140.080177,37.681147],[140.07788,37.681886],[140.077128,37.681975],[140.073963,37.680758],[140.073402,37.680647],[140.071474,37.680655],[140.071451,37.681033],[140.071527,37.681153],[140.072069,37.681536],[140.07257,37.681653],[140.07268,37.681856],[140.072643,37.68213],[140.072705,37.682298],[140.073203,37.682656],[140.073262,37.682746],[140.073282,37.682946],[140.073359,37.68306],[140.073605,37.683223],[140.073704,37.683385],[140.073631,37.683542],[140.07317,37.683777],[140.073138,37.683991],[140.073212,37.684081],[140.073515,37.684114],[140.073913,37.684352],[140.074027,37.684583],[140.074022,37.684678],[140.074258,37.68499],[140.074262,37.685246],[140.074488,37.685779],[140.074504,37.686008],[140.074423,37.686181],[140.074204,37.686292],[140.074101,37.686422],[140.074153,37.686778],[140.074047,37.686875],[140.073807,37.686906],[140.073742,37.686965],[140.073754,37.687192],[140.073624,37.687251],[140.073222,37.687262],[140.073114,37.687233],[140.073085,37.687132],[140.072843,37.686868],[140.07246,37.686746],[140.07204,37.686714],[140.071985,37.686809],[140.071919,37.686823],[140.071543,37.686639],[140.07131,37.686599],[140.071081,37.68663],[140.070923,37.686815],[140.070639,37.686961],[140.070441,37.686973],[140.070302,37.687039],[140.070205,37.687129],[140.070136,37.687352],[140.06979,37.687688],[140.069809,37.688037],[140.06935,37.688248],[140.069217,37.688394],[140.069118,37.688642],[140.068972,37.688745],[140.068834,37.688773],[140.068499,37.689128],[140.068361,37.689136],[140.068314,37.689093],[140.068276,37.688764],[140.068037,37.688671],[140.067533,37.688658],[140.067092,37.688859],[140.066984,37.688863],[140.066758,37.688709],[140.065611,37.688752],[140.065601,37.68858],[140.065923,37.688316],[140.066083,37.687969],[140.066409,37.687805],[140.066718,37.687559],[140.066719,37.687473],[140.066601,37.687324],[140.066541,37.686857],[140.066471,37.686713],[140.066186,37.686453],[140.06611,37.686305],[140.06564,37.686413],[140.065333,37.686554],[140.06506,37.686795],[140.064853,37.687466],[140.064725,37.687636],[140.064542,37.68785],[140.063924,37.688288],[140.063485,37.688871],[140.063355,37.689171],[140.06326,37.689614],[140.063344,37.690043],[140.063484,37.690345],[140.063684,37.690496],[140.063744,37.690696],[140.063779,37.690881],[140.063751,37.691317],[140.063302,37.692893],[140.063169,37.693922],[140.062991,37.694827],[140.063023,37.695178],[140.063075,37.695379],[140.063305,37.695638],[140.06384,37.696057],[140.064341,37.696369],[140.064741,37.696737],[140.06488,37.69716],[140.064747,37.698294],[140.064707,37.699151],[140.064469,37.699754],[140.064527,37.700878],[140.064922,37.701718],[140.065109,37.701877],[140.065645,37.702188],[140.066278,37.702343],[140.066625,37.702332],[140.066804,37.702384],[140.06786,37.703651],[140.068163,37.703904],[140.068755,37.704052],[140.069667,37.704189],[140.071405,37.704938],[140.072914,37.705273],[140.074004,37.705912],[140.074014,37.706036],[140.073937,37.706175],[140.073697,37.706362],[140.072935,37.70678],[140.072501,37.707862],[140.072195,37.708348],[140.071975,37.709098],[140.072032,37.709396],[140.072323,37.709814],[140.072373,37.710186],[140.072226,37.710414],[140.071947,37.710603],[140.071353,37.711429],[140.070923,37.712269],[140.070711,37.712751],[140.070727,37.713168],[140.070407,37.713748],[140.070318,37.714191],[140.069953,37.714994],[140.069831,37.715155],[140.069247,37.715523],[140.068262,37.716538],[140.067581,37.717937],[140.067301,37.718245],[140.067029,37.718267],[140.06637,37.71817],[140.066122,37.718191],[140.065391,37.718382],[140.064814,37.718372],[140.063931,37.71815],[140.06321,37.718198],[140.062938,37.718351],[140.062406,37.718853],[140.061999,37.719017],[140.061544,37.719335],[140.061284,37.719703],[140.061021,37.720345],[140.060981,37.720852],[140.061157,37.721187],[140.061178,37.721359],[140.061013,37.72213],[140.061466,37.722768],[140.063398,37.725786],[140.062944,37.726632],[140.062556,37.727091],[140.06368,37.727211],[140.064467,37.727104],[140.064892,37.727126],[140.065976,37.727672],[140.066812,37.727701],[140.06706,37.72792],[140.066922,37.728256],[140.066795,37.728813],[140.066618,37.730525],[140.066445,37.731325],[140.066432,37.731711],[140.06655,37.732292],[140.066087,37.733289],[140.065182,37.734204],[140.064986,37.734304],[140.064838,37.734171],[140.064688,37.734128],[140.063123,37.733192],[140.062734,37.733099],[140.062396,37.733097],[140.062005,37.733165],[140.058969,37.734029],[140.057866,37.734038],[140.056358,37.733961],[140.052369,37.733565],[140.047559,37.732829],[140.045809,37.73235],[140.044765,37.731799],[140.043423,37.731686],[140.04275,37.73149],[140.04234,37.731296],[140.041559,37.730699],[140.040829,37.73027],[140.04053,37.730154],[140.040027,37.730156],[140.039733,37.730267],[140.039521,37.730432],[140.039334,37.731492],[140.039138,37.731562],[140.037358,37.731187],[140.036767,37.730932],[140.036387,37.730687],[140.035582,37.730287],[140.035096,37.729928],[140.034663,37.729226],[140.034594,37.729004],[140.034285,37.728537],[140.034192,37.728056],[140.034181,37.7272],[140.034362,37.726575],[140.034508,37.726278],[140.03469,37.725528],[140.034687,37.725224],[140.03442,37.724417],[140.034141,37.723878],[140.033574,37.723087],[140.03324,37.722774],[140.033093,37.722522],[140.032605,37.72197],[140.031434,37.720822],[140.031031,37.720651],[140.029723,37.720277],[140.029395,37.72006],[140.029233,37.719832],[140.02914,37.719461],[140.029233,37.718705],[140.029343,37.718277],[140.029459,37.718033],[140.029793,37.717779],[140.030681,37.717602],[140.030824,37.717508],[140.031468,37.716523],[140.031719,37.716233],[140.031961,37.716098],[140.03239,37.715982],[140.03544,37.715757],[140.03614,37.71559],[140.036805,37.71525],[140.037206,37.714967],[140.038302,37.713789],[140.039651,37.711859],[140.04001,37.711499],[140.041314,37.710466],[140.041424,37.710276],[140.04144,37.709565],[140.041516,37.709261],[140.041681,37.708971],[140.042516,37.70799],[140.04264,37.707748],[140.042781,37.707029],[140.042918,37.706654],[140.043454,37.706019],[140.044037,37.705675],[140.044232,37.705467],[140.044334,37.704953],[140.044404,37.70419],[140.044384,37.703866],[140.044153,37.703215],[140.044202,37.703073],[140.044605,37.702542],[140.04479,37.702209],[140.045091,37.701201],[140.045126,37.700735],[140.046514,37.700198],[140.047095,37.699904],[140.047762,37.699415],[140.048256,37.698948],[140.048631,37.698343],[140.048717,37.698039],[140.048701,37.697008],[140.048622,37.696733],[140.048366,37.696206],[140.047659,37.695139],[140.047405,37.695036],[140.045906,37.694934],[140.045637,37.694861],[140.045369,37.694674],[140.044214,37.693472],[140.041355,37.690062],[140.039934,37.688569],[140.038307,37.689056],[140.037749,37.689326],[140.036588,37.689782],[140.035733,37.6891],[140.03637,37.688132],[140.036563,37.688038],[140.037116,37.687966],[140.037911,37.687763],[140.038239,37.686564],[140.038942,37.685997],[140.039529,37.685163],[140.04021,37.684462],[140.040408,37.684025],[140.040435,37.683739],[140.041021,37.683],[140.041286,37.682268],[140.041784,37.681318],[140.041804,37.680948],[140.042005,37.680497],[140.042118,37.679842],[140.041972,37.679519],[140.041675,37.679314],[140.04118,37.679298],[140.040424,37.67978],[140.04018,37.680088],[140.039302,37.680665],[140.038255,37.681599],[140.037771,37.681941],[140.037151,37.682317],[140.035762,37.682974],[140.035311,37.683041],[140.034935,37.683184],[140.035423,37.681447],[140.035703,37.680639],[140.036012,37.679926],[140.037238,37.677933],[140.037439,37.677481],[140.038896,37.675025],[140.039281,37.674277],[140.039437,37.673777],[140.039489,37.673289],[140.039403,37.672918],[140.039112,37.672272],[140.038715,37.671601],[140.038094,37.670917],[140.037279,37.670171],[140.036405,37.669281],[140.036169,37.668957],[140.036029,37.668241],[140.035827,37.667559],[140.035658,37.666529],[140.035418,37.665583],[140.035216,37.664494],[140.035032,37.664156],[140.03465,37.662731],[140.033882,37.661307]]],[[[140.035546,38.517006],[140.035656,38.516227],[140.035679,38.515503],[140.035656,38.51478],[140.035416,38.513549],[140.035397,38.513167],[140.035481,38.512842],[140.037046,38.51134],[140.037264,38.510924],[140.037264,38.510543],[140.036741,38.509947],[140.036569,38.509566],[140.036504,38.509203],[140.036611,38.508662],[140.036786,38.508172],[140.036764,38.507901],[140.036111,38.507393],[140.035829,38.507068],[140.034947,38.505728],[140.035014,38.50542],[140.035484,38.505278],[140.036497,38.505251],[140.037576,38.504829],[140.038489,38.50421],[140.038691,38.503929],[140.038691,38.503535],[140.038414,38.502766],[140.038514,38.502558],[140.039016,38.502202],[140.039141,38.501994],[140.039344,38.501387],[140.039594,38.501114],[140.039896,38.501073],[140.041024,38.501135],[140.041376,38.500927],[140.041601,38.500571],[140.041601,38.499754],[140.041526,38.499254],[140.042706,38.499211],[140.044186,38.498836],[140.045618,38.498752],[140.046121,38.498646],[140.047851,38.49779],[140.048931,38.497184],[140.049758,38.49662],[140.05016,38.49643],[140.050888,38.496492],[140.052193,38.497143],[140.05267,38.497247],[140.054,38.497268],[140.054878,38.497351],[140.05538,38.497518],[140.055808,38.497853],[140.056033,38.498293],[140.056158,38.498982],[140.05631,38.49938],[140.056565,38.499609],[140.056895,38.49967],[140.057505,38.49963],[140.058592,38.499255],[140.05917,38.499128],[140.059935,38.499107],[140.060487,38.499339],[140.06099,38.499651],[140.061367,38.49982],[140.06192,38.499903],[140.062722,38.500174],[140.063249,38.500614],[140.064504,38.502141],[140.064829,38.502684],[140.065064,38.50348],[140.065402,38.503847],[140.065974,38.504268],[140.066379,38.504436],[140.066852,38.504493],[140.068912,38.504268],[140.069949,38.504205],[140.071591,38.504372],[140.074021,38.504968],[140.074506,38.505185],[140.074748,38.505707],[140.075053,38.506662],[140.075326,38.506901],[140.076176,38.507472],[140.076998,38.508307],[140.077543,38.509261],[140.077726,38.509809],[140.077969,38.510095],[140.080219,38.51112],[140.080644,38.511382],[140.081221,38.511503],[140.082649,38.511526],[140.083439,38.511622],[140.084016,38.511788],[140.084379,38.512099],[140.085351,38.512384],[140.086476,38.512576],[140.087508,38.51248],[140.088511,38.512313],[140.089301,38.512099],[140.089878,38.511884],[140.090638,38.511288],[140.091428,38.511097],[140.092126,38.510834],[140.093676,38.510047],[140.094373,38.509476],[140.09577,38.508926],[140.09653,38.50876],[140.096773,38.508545],[140.098305,38.506604],[140.099588,38.505873],[140.100025,38.505562],[140.100903,38.50455],[140.101478,38.504523],[140.102455,38.503875],[140.10276,38.503454],[140.102982,38.502913],[140.103005,38.502596],[140.103485,38.502027],[140.103812,38.501225],[140.104015,38.501098],[140.104217,38.501078],[140.104872,38.501132],[140.105357,38.501099],[140.10589,38.500826],[140.106242,38.500361],[140.107255,38.499624],[140.107781,38.498982],[140.108038,38.499287],[140.108828,38.499725],[140.109552,38.499842],[140.110544,38.499741],[140.111991,38.499287],[140.112798,38.499102],[140.11337,38.499186],[140.113825,38.499355],[140.114279,38.499641],[140.114581,38.500027],[140.114494,38.500424],[140.114114,38.500826],[140.112949,38.501459],[140.112217,38.50209],[140.111862,38.502513],[140.111567,38.503623],[140.111532,38.505029],[140.111769,38.505563],[140.112612,38.505844],[140.112882,38.506211],[140.113119,38.506661],[140.113489,38.506856],[140.113827,38.506856],[140.114604,38.506744],[140.115514,38.5068],[140.116257,38.507138],[140.117956,38.508269],[140.118339,38.508611],[140.119379,38.508817],[140.119899,38.509021],[140.120391,38.509385],[140.120636,38.509842],[140.120829,38.510387],[140.121156,38.510775],[140.121539,38.511004],[140.122031,38.511139],[140.122639,38.51114],[140.122794,38.511536],[140.123087,38.512034],[140.1236,38.512532],[140.124024,38.512737],[140.12398,38.513513],[140.123744,38.514397],[140.123381,38.514852],[140.1228,38.515061],[140.121872,38.5152],[140.121524,38.515363],[140.12099,38.516012],[140.120434,38.516964],[140.118554,38.518356],[140.116976,38.5194],[140.1157,38.520769],[140.114899,38.520955],[140.113948,38.520955],[140.112671,38.521164],[140.11172,38.521744],[140.110931,38.522765],[140.110281,38.523322],[140.110258,38.523972],[140.108959,38.524714],[140.107984,38.525387],[140.107265,38.526756],[140.106139,38.528404],[140.105443,38.529286],[140.10542,38.530655],[140.105466,38.53214],[140.105049,38.53279],[140.103099,38.534205],[140.102798,38.534855],[140.102925,38.536178],[140.101812,38.53815],[140.101301,38.539171],[140.100582,38.539774],[140.100184,38.53997],[140.09882,38.540853],[140.098453,38.540814],[140.096695,38.540262],[140.095001,38.540679],[140.094444,38.540656],[140.093701,38.540192],[140.093063,38.539357],[140.092437,38.538823],[140.091572,38.538283],[140.091655,38.53735],[140.091627,38.53687],[140.091416,38.536317],[140.091184,38.535992],[140.090116,38.535481],[140.08935,38.535412],[140.089188,38.53576],[140.089798,38.53621],[140.089597,38.536511],[140.089304,38.536595],[140.08891,38.537175],[140.08754,38.538823],[140.087169,38.539681],[140.087123,38.540911],[140.086287,38.541375],[140.084037,38.542466],[140.082412,38.542211],[140.079628,38.542652],[140.078466,38.542768],[140.076819,38.543162],[140.076222,38.543192],[140.07573,38.543055],[140.074525,38.542919],[140.07417,38.542692],[140.07376,38.542099],[140.07335,38.541324],[140.073188,38.540595],[140.073295,38.540299],[140.073268,38.540141],[140.072093,38.53973],[140.071628,38.539638],[140.070221,38.539491],[140.069591,38.539263],[140.068798,38.538601],[140.067978,38.537076],[140.067541,38.536597],[140.066531,38.536301],[140.065409,38.536301],[140.064451,38.536118],[140.063386,38.536049],[140.063004,38.535868],[140.062539,38.53548],[140.062019,38.535139],[140.061444,38.534912],[140.059969,38.534614],[140.059694,38.534501],[140.059339,38.533908],[140.058984,38.533589],[140.058437,38.533339],[140.057755,38.533158],[140.057152,38.53286],[140.05666,38.532406],[140.056305,38.531949],[140.055267,38.531358],[140.054802,38.530902],[140.054747,38.5304],[140.054775,38.5299],[140.05513,38.529306],[140.05513,38.528918],[140.054937,38.528623],[140.05431,38.52835],[140.053763,38.528258],[140.052655,38.52835],[140.052135,38.528281],[140.05126,38.527893],[140.049975,38.527552],[140.050082,38.527243],[140.050388,38.526714],[140.050625,38.526046],[140.050753,38.525304],[140.050993,38.524671],[140.05312,38.522101],[140.053273,38.521776],[140.053338,38.521359],[140.053315,38.520255],[140.05338,38.520003],[140.053945,38.519007],[140.054337,38.518445],[140.054967,38.517957],[140.05588,38.517549],[140.05638,38.517387],[140.058617,38.517006],[140.059832,38.516681],[140.060397,38.516481],[140.063075,38.516109],[140.063807,38.515666],[140.064219,38.51516],[140.065192,38.513603],[140.062978,38.512983],[140.061504,38.5125],[140.061049,38.512283],[140.060397,38.512156],[140.058812,38.51174],[140.057552,38.511594],[140.05716,38.511469],[140.056575,38.51116],[140.055575,38.51125],[140.055205,38.511196],[140.053902,38.510798],[140.053533,38.510762],[140.052286,38.510732],[140.051556,38.51083],[140.051325,38.511012],[140.051325,38.511547],[140.051179,38.511669],[140.050887,38.511633],[140.050364,38.511474],[140.050169,38.511511],[140.049963,38.511681],[140.049683,38.512095],[140.049415,38.512958],[140.048904,38.51381],[140.048722,38.514394],[140.048771,38.515038],[140.048941,38.515428],[140.049239,38.515719],[140.049103,38.516536],[140.04884,38.516826],[140.048408,38.517097],[140.047993,38.517568],[140.047646,38.517857],[140.047083,38.518192],[140.046583,38.518645],[140.045363,38.520389],[140.044173,38.521266],[140.041667,38.521935],[140.039818,38.52365],[140.039261,38.523929],[140.037089,38.523956],[140.037004,38.523593],[140.036829,38.523323],[140.036741,38.523068],[140.036656,38.521712],[140.036721,38.521296],[140.036981,38.520898],[140.037894,38.520481],[140.038176,38.520227],[140.038459,38.519648],[140.038784,38.518761],[140.038829,38.518327],[140.038784,38.518092],[140.037764,38.517548],[140.037416,38.517459],[140.036387,38.517459],[140.035546,38.517006]]],[[[140.035925,37.647543],[140.035198,37.646303],[140.03483,37.645769],[140.033784,37.644926],[140.033712,37.644717],[140.035918,37.644597],[140.03885,37.644544],[140.039406,37.644471],[140.040286,37.644252],[140.040807,37.643987],[140.041435,37.643539],[140.042404,37.642808],[140.042972,37.642312],[140.044403,37.64128],[140.044749,37.642314],[140.045526,37.643716],[140.045836,37.644164],[140.045974,37.644616],[140.046041,37.644679],[140.046094,37.646456],[140.046069,37.647184],[140.045977,37.64735],[140.045295,37.647952],[140.044765,37.648306],[140.044555,37.648328],[140.041202,37.647871],[140.040731,37.648309],[140.040396,37.648747],[140.040077,37.649055],[140.039809,37.648805],[140.039259,37.648467],[140.03881,37.648362],[140.038408,37.648126],[140.037057,37.647692],[140.036353,37.647567],[140.035925,37.647543]]],[[[140.035925,37.647543],[140.036353,37.647567],[140.037057,37.647692],[140.038408,37.648126],[140.03881,37.648362],[140.039259,37.648467],[140.039809,37.648805],[140.040255,37.649211],[140.040461,37.649535],[140.040577,37.649834],[140.040762,37.650598],[140.041187,37.651701],[140.042346,37.652562],[140.042541,37.652828],[140.044248,37.654395],[140.04481,37.654785],[140.045552,37.655149],[140.046341,37.655377],[140.047741,37.655653],[140.048766,37.655733],[140.049342,37.65503],[140.052854,37.650133],[140.053254,37.650226],[140.053831,37.650272],[140.054217,37.65026],[140.054356,37.650183],[140.054612,37.650154],[140.054711,37.649171],[140.054923,37.648772],[140.055101,37.648624],[140.056209,37.648215],[140.056632,37.648179],[140.056833,37.648204],[140.057077,37.648312],[140.057401,37.648584],[140.057692,37.648582],[140.057787,37.648533],[140.058179,37.64804],[140.058376,37.647891],[140.05871,37.64778],[140.058993,37.647764],[140.059206,37.647812],[140.059614,37.648027],[140.059773,37.648163],[140.059954,37.648418],[140.060209,37.648459],[140.0604,37.648548],[140.060581,37.648699],[140.060756,37.648976],[140.061277,37.648956],[140.061729,37.649052],[140.062006,37.649345],[140.062141,37.650161],[140.061905,37.650925],[140.061677,37.651334],[140.061576,37.651791],[140.061612,37.651843],[140.062281,37.65189],[140.062607,37.652027],[140.063017,37.652022],[140.063356,37.651948],[140.063701,37.651988],[140.063943,37.65212],[140.064188,37.652459],[140.064411,37.652507],[140.064679,37.652659],[140.064817,37.652882],[140.065,37.653048],[140.065107,37.653254],[140.065135,37.653689],[140.065075,37.654157],[140.065297,37.654313],[140.065525,37.654555],[140.065611,37.654728],[140.065636,37.654904],[140.065824,37.655163],[140.065962,37.655674],[140.066438,37.655969],[140.066482,37.656168],[140.066736,37.65621],[140.067409,37.65591],[140.068318,37.655643],[140.069704,37.65543],[140.069898,37.655439],[140.070213,37.655508],[140.071218,37.656408],[140.071344,37.656669],[140.071701,37.657833],[140.072042,37.658444],[140.072345,37.658656],[140.07263,37.658713],[140.071163,37.659286],[140.070368,37.659523],[140.070168,37.659715],[140.069726,37.65984],[140.069625,37.659968],[140.06965,37.66009],[140.06989,37.660399],[140.070675,37.660906],[140.070862,37.661087],[140.071038,37.661381],[140.071254,37.662141],[140.072079,37.663049],[140.072216,37.66363],[140.072297,37.664389],[140.072366,37.66459],[140.072943,37.665238],[140.073099,37.665697],[140.073125,37.666563],[140.075154,37.667681],[140.075584,37.667798],[140.0757,37.667907],[140.075668,37.668271],[140.075532,37.668399],[140.074991,37.668438],[140.074129,37.668316],[140.073936,37.668601],[140.073943,37.668787],[140.074075,37.669031],[140.074284,37.669215],[140.074665,37.669434],[140.074713,37.669641],[140.074673,37.669898],[140.074553,37.670205],[140.074344,37.670353],[140.074047,37.670358],[140.073746,37.670678],[140.073617,37.670891],[140.073632,37.671156],[140.073938,37.671173],[140.073973,37.67123],[140.07388,37.671451],[140.073634,37.671664],[140.073363,37.671784],[140.072903,37.671873],[140.072103,37.671802],[140.071476,37.671554],[140.071071,37.671529],[140.070701,37.671584],[140.07039,37.672011],[140.07029,37.672089],[140.06974,37.67217],[140.069674,37.67237],[140.069592,37.672448],[140.069025,37.672493],[140.0686,37.672605],[140.068474,37.672661],[140.068327,37.672903],[140.068219,37.672895],[140.068203,37.672723],[140.068467,37.672518],[140.068477,37.67241],[140.068559,37.672311],[140.068641,37.672276],[140.068892,37.672349],[140.068982,37.672293],[140.068993,37.672178],[140.068904,37.67212],[140.068624,37.672147],[140.068136,37.672329],[140.068026,37.672457],[140.0677,37.672612],[140.067654,37.672712],[140.067428,37.672803],[140.067125,37.673294],[140.067154,37.673859],[140.066672,37.67495],[140.06642,37.675678],[140.066125,37.676906],[140.066065,37.677399],[140.065973,37.677577],[140.06521,37.678326],[140.065567,37.678587],[140.066309,37.678986],[140.06646,37.679173],[140.066461,37.67976],[140.066819,37.679927],[140.067176,37.680202],[140.067344,37.680418],[140.067402,37.680833],[140.0675,37.680913],[140.068388,37.68117],[140.068655,37.681394],[140.068733,37.681688],[140.068657,37.681995],[140.068511,37.682151],[140.067923,37.682376],[140.067732,37.682539],[140.067592,37.682917],[140.067355,37.683165],[140.066867,37.68329],[140.066282,37.6833],[140.065924,37.683377],[140.065402,37.683597],[140.065667,37.683763],[140.065891,37.684078],[140.065918,37.684252],[140.065838,37.684745],[140.065578,37.685111],[140.065283,37.685327],[140.065099,37.685402],[140.06503,37.685622],[140.064896,37.685817],[140.064614,37.686054],[140.064291,37.686194],[140.063824,37.686193],[140.063323,37.686427],[140.063473,37.686579],[140.063572,37.686839],[140.063527,37.687041],[140.063352,37.687243],[140.063097,37.687358],[140.0628,37.68737],[140.06254,37.68732],[140.062081,37.687135],[140.062152,37.687317],[140.06216,37.687502],[140.062062,37.68801],[140.062197,37.688337],[140.06223,37.688673],[140.06194,37.689555],[140.061842,37.68971],[140.06184,37.690133],[140.061988,37.690385],[140.062141,37.690817],[140.062185,37.69128],[140.061841,37.693531],[140.061888,37.694089],[140.062312,37.696174],[140.062469,37.696598],[140.06266,37.69788],[140.06265,37.698652],[140.062392,37.700525],[140.062196,37.70106],[140.062099,37.701674],[140.062157,37.702011],[140.062359,37.70247],[140.063409,37.704153],[140.064145,37.705747],[140.06443,37.706779],[140.064444,37.709219],[140.064554,37.711194],[140.064513,37.712303],[140.064253,37.712981],[140.064202,37.713388],[140.062649,37.715894],[140.060233,37.718958],[140.058791,37.720442],[140.058802,37.720874],[140.059072,37.721038],[140.059206,37.721236],[140.059246,37.721855],[140.059173,37.722072],[140.059036,37.722201],[140.058779,37.722294],[140.058498,37.722278],[140.058256,37.722162],[140.058113,37.722447],[140.05807,37.722637],[140.057902,37.722817],[140.056835,37.723171],[140.056485,37.723596],[140.056712,37.723758],[140.056813,37.723967],[140.056775,37.724189],[140.056607,37.724369],[140.056279,37.724469],[140.055708,37.724398],[140.055287,37.724734],[140.055416,37.725018],[140.055768,37.725304],[140.055932,37.72552],[140.056044,37.726083],[140.056017,37.726375],[140.055907,37.726698],[140.055685,37.72696],[140.055903,37.727132],[140.056052,37.727339],[140.056185,37.72792],[140.056062,37.728187],[140.055829,37.728338],[140.055722,37.728769],[140.055383,37.729239],[140.055236,37.72937],[140.054869,37.729587],[140.054192,37.729784],[140.053586,37.730143],[140.053277,37.730234],[140.052841,37.730258],[140.052634,37.730204],[140.052414,37.73007],[140.052012,37.729958],[140.051769,37.729751],[140.051681,37.729597],[140.051666,37.729468],[140.051536,37.729391],[140.051099,37.729635],[140.050397,37.729673],[140.0502,37.729609],[140.050016,37.729469],[140.049855,37.729178],[140.049435,37.728971],[140.048162,37.72891],[140.047854,37.728797],[140.047533,37.728756],[140.047183,37.72858],[140.046834,37.728226],[140.046653,37.727794],[140.046312,37.72732],[140.045875,37.727034],[140.045537,37.726682],[140.04485,37.726354],[140.044313,37.725719],[140.043905,37.725548],[140.043528,37.725289],[140.043196,37.724848],[140.042891,37.724566],[140.042694,37.724205],[140.041567,37.723053],[140.04129,37.722652],[140.040955,37.722384],[140.040558,37.722197],[140.040411,37.722052],[140.040098,37.722054],[140.039942,37.722396],[140.039656,37.722557],[140.039205,37.722581],[140.038481,37.722476],[140.03772,37.722105],[140.036739,37.722047],[140.036395,37.721949],[140.036007,37.721743],[140.0357,37.721722],[140.035503,37.721658],[140.035253,37.721501],[140.03511,37.72131],[140.03477,37.721169],[140.03456,37.720916],[140.034324,37.720764],[140.034223,37.720555],[140.034247,37.720333],[140.034377,37.720145],[140.034448,37.71989],[140.034858,37.719578],[140.034738,37.719429],[140.034683,37.719235],[140.034776,37.718876],[140.034891,37.718735],[140.035216,37.718526],[140.036942,37.717892],[140.037446,37.717833],[140.038023,37.717962],[140.038056,37.717928],[140.037986,37.717668],[140.038028,37.717502],[140.038196,37.717322],[140.038384,37.717242],[140.038665,37.71723],[140.038983,37.717326],[140.039721,37.717181],[140.039816,37.716813],[140.040163,37.71626],[140.040249,37.715388],[140.040371,37.715095],[140.041024,37.714359],[140.041306,37.714434],[140.041231,37.713933],[140.041252,37.713769],[140.042246,37.713462],[140.042455,37.713292],[140.042521,37.713092],[140.04241,37.712641],[140.042509,37.712591],[140.043213,37.71249],[140.043467,37.712342],[140.04365,37.712107],[140.043581,37.711899],[140.043465,37.711798],[140.043458,37.711655],[140.043549,37.711555],[140.043947,37.711458],[140.044219,37.71131],[140.044322,37.710968],[140.044353,37.710675],[140.044801,37.710864],[140.04534,37.710962],[140.048119,37.709117],[140.048649,37.7092],[140.05008,37.70929],[140.050268,37.709406],[140.050273,37.709685],[140.050467,37.710688],[140.050631,37.712686],[140.050556,37.713651],[140.050278,37.714242],[140.049492,37.715116],[140.049014,37.715885],[140.049303,37.715873],[140.05018,37.715601],[140.050198,37.716266],[140.050252,37.716274],[140.05103,37.715973],[140.051621,37.715577],[140.052296,37.71486],[140.052794,37.713984],[140.053013,37.713055],[140.05295,37.712339],[140.053047,37.709679],[140.053107,37.709193],[140.053237,37.708908],[140.053238,37.7088],[140.05073,37.70491],[140.051118,37.704834],[140.051572,37.704545],[140.051746,37.704331],[140.05175,37.704038],[140.051081,37.703525],[140.050963,37.702901],[140.050322,37.702353],[140.050324,37.702152],[140.050913,37.701899],[140.05115,37.701672],[140.051045,37.7014],[140.050736,37.700968],[140.050746,37.700839],[140.051067,37.700434],[140.051106,37.700177],[140.050851,37.699717],[140.051254,37.699134],[140.051341,37.698705],[140.051541,37.698564],[140.051955,37.698553],[140.052326,37.69837],[140.052438,37.69807],[140.052326,37.697711],[140.052058,37.697523],[140.051608,37.696797],[140.05117,37.696579],[140.0508,37.69659],[140.050528,37.696767],[140.05032,37.696808],[140.049719,37.696632],[140.049306,37.6958],[140.049337,37.695625],[140.049453,37.695449],[140.049802,37.695086],[140.050036,37.694939],[140.050488,37.694786],[140.051196,37.694703],[140.051609,37.694576],[140.05156,37.694118],[140.051803,37.693323],[140.051797,37.693046],[140.051651,37.692466],[140.051599,37.69198],[140.051367,37.691186],[140.051465,37.69066],[140.051388,37.690153],[140.051527,37.689863],[140.052049,37.689212],[140.051676,37.688952],[140.051496,37.688607],[140.051444,37.688048],[140.051258,37.687456],[140.051239,37.687141],[140.050973,37.686332],[140.051081,37.68557],[140.050997,37.685297],[140.050738,37.684685],[140.050281,37.684405],[140.050117,37.684068],[140.049604,37.684256],[140.049463,37.684434],[140.04914,37.684601],[140.048663,37.68463],[140.048288,37.684543],[140.047962,37.684325],[140.047888,37.68419],[140.047827,37.683896],[140.047566,37.683687],[140.046951,37.68364],[140.046718,37.683554],[140.046574,37.68342],[140.046493,37.683208],[140.046262,37.682869],[140.045977,37.682727],[140.045746,37.682451],[140.045432,37.682396],[140.045092,37.682176],[140.04492,37.681862],[140.044894,37.681669],[140.044934,37.681486],[140.045181,37.681132],[140.045269,37.680818],[140.045528,37.680635],[140.045708,37.680374],[140.045773,37.680128],[140.045638,37.680047],[140.045314,37.680169],[140.044918,37.680114],[140.044699,37.679958],[140.044426,37.679486],[140.043804,37.67932],[140.043544,37.679163],[140.04341,37.678988],[140.043244,37.678452],[140.043108,37.678265],[140.043055,37.678067],[140.042805,37.677808],[140.042733,37.677552],[140.042791,37.677213],[140.042941,37.676941],[140.043089,37.67681],[140.043255,37.676741],[140.043544,37.676406],[140.043744,37.67633],[140.04473,37.676173],[140.045026,37.676193],[140.045137,37.675935],[140.045081,37.675537],[140.045228,37.675142],[140.045197,37.674801],[140.045262,37.674511],[140.0454,37.674291],[140.045619,37.674086],[140.04588,37.673967],[140.046164,37.673927],[140.046583,37.673712],[140.046723,37.673471],[140.046782,37.673139],[140.047031,37.672373],[140.047152,37.672094],[140.047466,37.671601],[140.04759,37.671147],[140.047688,37.670954],[140.047886,37.670714],[140.048356,37.670419],[140.04825,37.670011],[140.048265,37.669751],[140.048573,37.669124],[140.048043,37.668376],[140.047988,37.668147],[140.048202,37.667669],[140.048431,37.667479],[140.048388,37.667302],[140.048421,37.667128],[140.048637,37.666862],[140.048521,37.666661],[140.048517,37.666392],[140.04838,37.666288],[140.048274,37.666093],[140.04808,37.665906],[140.047997,37.665635],[140.047783,37.665339],[140.047727,37.665078],[140.04787,37.664811],[140.048049,37.664683],[140.048272,37.664615],[140.048436,37.664096],[140.048673,37.663829],[140.048628,37.663616],[140.04873,37.663369],[140.049379,37.662893],[140.048982,37.662788],[140.048638,37.662469],[140.047493,37.662103],[140.046374,37.662081],[140.045748,37.662202],[140.045393,37.662173],[140.044127,37.662338],[140.043786,37.662339],[140.043213,37.662253],[140.042737,37.662291],[140.042466,37.66226],[140.042139,37.662139],[140.041984,37.662014],[140.041881,37.661819],[140.041828,37.661471],[140.041475,37.660703],[140.041364,37.660357],[140.041309,37.65999],[140.04132,37.659705],[140.041402,37.659481],[140.041518,37.65933],[140.041109,37.659114],[140.040758,37.659043],[140.040502,37.658897],[140.040323,37.658726],[140.040107,37.658317],[140.040089,37.658043],[140.040142,37.657874],[140.04028,37.657702],[140.040484,37.6576],[140.04051,37.657308],[140.040703,37.657066],[140.040423,37.656682],[140.040129,37.656415],[140.039837,37.655982],[140.039771,37.655601],[140.039728,37.654793],[140.039644,37.654384],[140.039346,37.653921],[140.038901,37.653406],[140.038821,37.652987],[140.038728,37.652784],[140.038704,37.652579],[140.038754,37.652389],[140.038624,37.651952],[140.038377,37.651767],[140.038291,37.651527],[140.038087,37.6513],[140.037802,37.650833],[140.037626,37.650333],[140.037613,37.650029],[140.037391,37.649607],[140.035925,37.647543]]],[[[140.044363,38.527402],[140.048773,38.527643],[140.049431,38.527552],[140.049975,38.527552],[140.05126,38.527893],[140.052135,38.528281],[140.052655,38.52835],[140.053763,38.528258],[140.05431,38.52835],[140.054937,38.528623],[140.05513,38.528918],[140.05513,38.529306],[140.054775,38.5299],[140.054747,38.5304],[140.054802,38.530902],[140.055267,38.531358],[140.056305,38.531949],[140.05666,38.532406],[140.057152,38.53286],[140.057755,38.533158],[140.058437,38.533339],[140.058984,38.533589],[140.059339,38.533908],[140.059694,38.534501],[140.059969,38.534614],[140.061444,38.534912],[140.062019,38.535139],[140.062539,38.53548],[140.063004,38.535868],[140.063386,38.536049],[140.064451,38.536118],[140.065409,38.536301],[140.066531,38.536301],[140.067541,38.536597],[140.067978,38.537076],[140.068798,38.538601],[140.069591,38.539263],[140.070221,38.539491],[140.071628,38.539638],[140.072093,38.53973],[140.073268,38.540141],[140.073295,38.540299],[140.073188,38.540595],[140.07335,38.541324],[140.07376,38.542099],[140.07417,38.542692],[140.074525,38.542919],[140.07573,38.543055],[140.076222,38.543192],[140.076819,38.543162],[140.078466,38.542768],[140.079628,38.542652],[140.082412,38.542211],[140.084037,38.542466],[140.084179,38.543632],[140.084003,38.543881],[140.083388,38.544467],[140.083256,38.545126],[140.083139,38.546283],[140.08297,38.546752],[140.081813,38.54807],[140.081388,38.548656],[140.081388,38.549213],[140.081608,38.549696],[140.081974,38.549975],[140.082809,38.550312],[140.083263,38.550927],[140.083966,38.551542],[140.085138,38.552099],[140.086244,38.55226],[140.087153,38.552509],[140.088087,38.5525],[140.090463,38.551205],[140.091635,38.550839],[140.094375,38.550341],[140.096777,38.54829],[140.097891,38.548627],[140.098741,38.548759],[140.096837,38.55054],[140.095769,38.551154],[140.095126,38.551373],[140.094291,38.551984],[140.093933,38.552491],[140.093903,38.553088],[140.094097,38.554251],[140.094038,38.554773],[140.093486,38.555488],[140.091259,38.55676],[140.091422,38.556874],[140.092107,38.55676],[140.092407,38.556783],[140.093692,38.557147],[140.094019,38.55717],[140.095659,38.557033],[140.096617,38.557079],[140.097219,38.557329],[140.097492,38.557624],[140.097984,38.558628],[140.098284,38.559699],[140.098886,38.560724],[140.099104,38.56143],[140.099159,38.562091],[140.098996,38.562889],[140.098394,38.564186],[140.098311,38.564574],[140.098311,38.564984],[140.098094,38.565621],[140.097766,38.566259],[140.097739,38.566761],[140.098449,38.568721],[140.098494,38.569151],[140.097593,38.569513],[140.096499,38.570036],[140.09551,38.570629],[140.094115,38.571711],[140.093341,38.572002],[140.092085,38.572153],[140.090689,38.572711],[140.088834,38.573304],[140.087125,38.57356],[140.086217,38.573618],[140.085072,38.573572],[140.084316,38.573432],[140.083583,38.573432],[140.082465,38.573828],[140.080924,38.574781],[140.079808,38.575328],[140.079587,38.575491],[140.079203,38.576189],[140.078581,38.576817],[140.078453,38.577212],[140.078383,38.578096],[140.078197,38.578933],[140.077848,38.579701],[140.077255,38.580259],[140.076883,38.580399],[140.075906,38.580585],[140.075539,38.580527],[140.075097,38.580283],[140.074446,38.579399],[140.072422,38.57506],[140.072073,38.574549],[140.071876,38.574363],[140.071434,38.574328],[140.070131,38.574618],[140.069817,38.574584],[140.069416,38.574467],[140.068043,38.573921],[140.067404,38.573735],[140.065967,38.573711],[140.065479,38.57349],[140.064932,38.572758],[140.064583,38.571909],[140.064386,38.570641],[140.06399,38.569989],[140.063339,38.569396],[140.060821,38.568094],[140.059629,38.567419],[140.058628,38.567419],[140.056512,38.567861],[140.055598,38.566109],[140.053438,38.564496],[140.050664,38.563335],[140.048496,38.5619],[140.04756,38.560014],[140.045738,38.557982],[140.044118,38.55595],[140.044021,38.555241],[140.044198,38.554354],[140.044698,38.553612],[140.045819,38.55258],[140.045964,38.551726],[140.046657,38.550758],[140.047286,38.550274],[140.048689,38.548323],[140.04956,38.547969],[140.051253,38.547711],[140.051487,38.547114],[140.050616,38.545647],[140.048778,38.544373],[140.047617,38.54426],[140.047036,38.543905],[140.046972,38.543244],[140.046504,38.542954],[140.04573,38.542825],[140.045408,38.542502],[140.045343,38.542115],[140.045376,38.541615],[140.045771,38.541003],[140.045803,38.539939],[140.045948,38.539261],[140.046432,38.538665],[140.046545,38.538213],[140.04594,38.534682],[140.044972,38.533908],[140.044747,38.533521],[140.04486,38.532554],[140.044763,38.531844],[140.044521,38.531312],[140.044279,38.530586],[140.044215,38.529716],[140.044363,38.527402]]],[[[140.046929,37.614884],[140.047029,37.614421],[140.047222,37.614135],[140.04752,37.613814],[140.047397,37.613599],[140.047313,37.613272],[140.047336,37.613038],[140.04748,37.612706],[140.048495,37.611235],[140.049258,37.609776],[140.04962,37.609409],[140.050359,37.608797],[140.050418,37.608448],[140.050617,37.608134],[140.051183,37.607772],[140.051383,37.606844],[140.051352,37.605763],[140.051469,37.6054],[140.052988,37.604784],[140.053509,37.604484],[140.054122,37.604042],[140.054523,37.603664],[140.05479,37.603332],[140.055313,37.602299],[140.055408,37.601876],[140.055618,37.599475],[140.056072,37.598501],[140.056354,37.598122],[140.056825,37.597685],[140.058429,37.597024],[140.060369,37.596461],[140.062314,37.596095],[140.063296,37.596079],[140.064325,37.59592],[140.064506,37.595802],[140.064575,37.595642],[140.064914,37.595555],[140.065616,37.595113],[140.066656,37.594019],[140.067004,37.593723],[140.067352,37.593523],[140.067788,37.593396],[140.06877,37.593368],[140.071511,37.594063],[140.071937,37.594102],[140.07246,37.594208],[140.072878,37.594348],[140.073193,37.594362],[140.073596,37.594461],[140.074096,37.594632],[140.07449,37.594891],[140.074819,37.59493],[140.075982,37.595416],[140.076995,37.595906],[140.077217,37.596105],[140.077554,37.596734],[140.078079,37.597894],[140.079707,37.597752],[140.080636,37.597771],[140.081503,37.597921],[140.082183,37.598099],[140.083056,37.598398],[140.083607,37.598718],[140.084066,37.599103],[140.084352,37.599618],[140.084451,37.600156],[140.084442,37.600895],[140.084248,37.60143],[140.083543,37.602706],[140.083501,37.603052],[140.083714,37.603423],[140.084959,37.60515],[140.08565,37.606264],[140.086909,37.608056],[140.087382,37.608626],[140.087521,37.608896],[140.086379,37.609734],[140.085289,37.610625],[140.084849,37.611045],[140.084537,37.611418],[140.084062,37.612303],[140.083222,37.614169],[140.083144,37.61443],[140.083131,37.615485],[140.083015,37.616379],[140.08219,37.618256],[140.082111,37.61856],[140.08213,37.618858],[140.082232,37.619139],[140.082385,37.619889],[140.082245,37.620555],[140.082329,37.621519],[140.082433,37.621864],[140.082498,37.622379],[140.082729,37.623125],[140.082818,37.624623],[140.082744,37.625758],[140.082116,37.626163],[140.081772,37.625874],[140.081655,37.625644],[140.081215,37.625317],[140.080976,37.625239],[140.080459,37.625339],[140.080012,37.625603],[140.079866,37.625723],[140.081269,37.627923],[140.081142,37.628052],[140.079805,37.628787],[140.078116,37.629547],[140.077117,37.629873],[140.076022,37.630131],[140.075469,37.630242],[140.075025,37.630267],[140.074582,37.630197],[140.073734,37.629932],[140.073206,37.6299],[140.072966,37.629945],[140.072689,37.630983],[140.072571,37.631821],[140.073901,37.631899],[140.075996,37.632239],[140.078188,37.632495],[140.08003,37.6329],[140.081528,37.633036],[140.08399,37.631668],[140.086361,37.634854],[140.087205,37.635817],[140.091013,37.639736],[140.092664,37.640798],[140.092717,37.640873],[140.092798,37.641545],[140.092882,37.641729],[140.093168,37.642067],[140.093774,37.642636],[140.093665,37.642974],[140.093197,37.643963],[140.091943,37.646481],[140.0917,37.646727],[140.091192,37.647086],[140.090503,37.647471],[140.090243,37.649129],[140.090132,37.649395],[140.090105,37.649634],[140.090113,37.649958],[140.090389,37.650943],[140.090976,37.650976],[140.091251,37.651102],[140.09157,37.651467],[140.091686,37.651859],[140.09168,37.652307],[140.091485,37.652535],[140.090421,37.653232],[140.090201,37.653555],[140.090137,37.653907],[140.088571,37.654401],[140.087307,37.654734],[140.087077,37.654885],[140.086467,37.655768],[140.086429,37.655939],[140.08659,37.656513],[140.085954,37.6575],[140.08395,37.657503],[140.08326,37.657946],[140.08117,37.657186],[140.08099,37.657204],[140.079197,37.656627],[140.078862,37.656577],[140.078502,37.656612],[140.075358,37.657617],[140.075104,37.65772],[140.074735,37.65821],[140.073245,37.658675],[140.072575,37.658706],[140.072345,37.658656],[140.072042,37.658444],[140.071701,37.657833],[140.071344,37.656669],[140.071218,37.656408],[140.070213,37.655508],[140.069704,37.65543],[140.068577,37.655595],[140.067915,37.65574],[140.066736,37.65621],[140.066482,37.656168],[140.066421,37.655895],[140.067375,37.654472],[140.067342,37.654214],[140.066775,37.653475],[140.065306,37.652023],[140.065368,37.651861],[140.066076,37.650856],[140.06614,37.650561],[140.066247,37.648711],[140.066243,37.647118],[140.06619,37.645648],[140.065953,37.644445],[140.065702,37.644357],[140.064408,37.644261],[140.063268,37.64428],[140.06095,37.644462],[140.060373,37.644553],[140.056572,37.644427],[140.056069,37.644347],[140.054145,37.643769],[140.053701,37.643784],[140.052732,37.644511],[140.051689,37.644464],[140.051771,37.643692],[140.052132,37.64173],[140.052124,37.641368],[140.052532,37.637622],[140.052621,37.636221],[140.052943,37.633552],[140.053428,37.630294],[140.053846,37.626663],[140.054365,37.623586],[140.054485,37.622633],[140.056168,37.622332],[140.056987,37.622004],[140.057594,37.621456],[140.058279,37.620384],[140.0586,37.619633],[140.058966,37.618017],[140.059051,37.616973],[140.059003,37.616847],[140.059372,37.617012],[140.059719,37.617384],[140.059913,37.617439],[140.061113,37.617389],[140.061424,37.617141],[140.061614,37.616869],[140.062691,37.615917],[140.064542,37.614704],[140.06592,37.613612],[140.066686,37.612855],[140.066939,37.612416],[140.067112,37.611779],[140.067031,37.611635],[140.066756,37.611466],[140.066554,37.611465],[140.066151,37.61133],[140.064718,37.612005],[140.063777,37.612349],[140.062713,37.612352],[140.062052,37.612437],[140.061727,37.612636],[140.061196,37.61318],[140.060772,37.613522],[140.06044,37.613711],[140.05987,37.613766],[140.059017,37.613616],[140.058777,37.613614],[140.05821,37.613419],[140.057819,37.613443],[140.057017,37.613597],[140.056495,37.613782],[140.05559,37.613968],[140.054715,37.614057],[140.053832,37.613966],[140.053591,37.614009],[140.052958,37.6143],[140.052106,37.614518],[140.051548,37.614816],[140.050844,37.615011],[140.048167,37.614583],[140.047538,37.614574],[140.047221,37.614812],[140.046929,37.614884]],[[140.065881,37.632291],[140.066335,37.633239],[140.066692,37.633786],[140.067682,37.633758],[140.070519,37.633494],[140.070502,37.631813],[140.070626,37.625067],[140.07001,37.624573],[140.069861,37.624524],[140.068406,37.623368],[140.067327,37.623336],[140.067307,37.624921],[140.06739,37.625459],[140.067579,37.625961],[140.067615,37.626689],[140.067564,37.627189],[140.067166,37.629058],[140.067115,37.629487],[140.066184,37.63085],[140.065997,37.631362],[140.065881,37.632291]]],[[[140.051865,37.454293],[140.052047,37.453548],[140.052128,37.451865],[140.052321,37.451294],[140.052216,37.450626],[140.051863,37.450084],[140.052186,37.449676],[140.052967,37.4484],[140.053458,37.447426],[140.05351,37.447145],[140.053576,37.447069],[140.054915,37.447213],[140.055676,37.447129],[140.056723,37.447113],[140.05751,37.446843],[140.058773,37.446304],[140.059238,37.445936],[140.059444,37.445694],[140.060567,37.443412],[140.060595,37.443069],[140.060481,37.441608],[140.061134,37.441434],[140.06136,37.441257],[140.061548,37.441027],[140.06156,37.440558],[140.061422,37.440118],[140.061456,37.439317],[140.061738,37.438565],[140.061875,37.438394],[140.062401,37.438054],[140.062773,37.437682],[140.062884,37.437447],[140.063489,37.435691],[140.063634,37.434144],[140.06383,37.433397],[140.063995,37.433037],[140.064294,37.432757],[140.064517,37.432208],[140.064538,37.431911],[140.064276,37.431365],[140.063935,37.43098],[140.063636,37.430523],[140.063374,37.430289],[140.063189,37.430001],[140.063111,37.428612],[140.063255,37.428679],[140.064839,37.429041],[140.066167,37.429041],[140.067375,37.429251],[140.06894,37.42994],[140.069209,37.430165],[140.069455,37.430518],[140.069682,37.431433],[140.069861,37.431572],[140.070567,37.431822],[140.070184,37.432306],[140.06973,37.43275],[140.069433,37.433201],[140.06929,37.433259],[140.06907,37.433544],[140.068669,37.434494],[140.068417,37.434892],[140.068262,37.435391],[140.068295,37.435708],[140.068222,37.436166],[140.068228,37.436894],[140.067876,37.437594],[140.067633,37.437885],[140.067499,37.438426],[140.067563,37.438689],[140.067834,37.439096],[140.068274,37.439255],[140.068681,37.439592],[140.069007,37.439791],[140.069124,37.439995],[140.069224,37.440407],[140.069634,37.441114],[140.069574,37.441716],[140.069404,37.442132],[140.068741,37.443188],[140.068446,37.443436],[140.068148,37.443946],[140.067628,37.444306],[140.066962,37.444938],[140.066676,37.445037],[140.066377,37.445059],[140.066086,37.445003],[140.064844,37.445065],[140.063839,37.445295],[140.063399,37.445787],[140.063144,37.446488],[140.063017,37.447101],[140.063021,37.447364],[140.063108,37.447579],[140.061859,37.448321],[140.061281,37.448027],[140.06098,37.44795],[140.06069,37.447946],[140.060509,37.44803],[140.060153,37.44832],[140.059738,37.44851],[140.058635,37.448633],[140.058308,37.44874],[140.057547,37.449337],[140.057039,37.449998],[140.056788,37.45044],[140.056667,37.450825],[140.056566,37.451428],[140.056568,37.45179],[140.056271,37.452275],[140.054235,37.453145],[140.053187,37.453492],[140.052757,37.45388],[140.052176,37.454185],[140.052033,37.454355],[140.051947,37.454358],[140.051865,37.454293]]],[[[140.051865,37.454293],[140.051947,37.454358],[140.052033,37.454355],[140.052176,37.454185],[140.052757,37.45388],[140.053187,37.453492],[140.054235,37.453145],[140.056271,37.452275],[140.056568,37.45179],[140.056566,37.451428],[140.056667,37.450825],[140.056788,37.45044],[140.057039,37.449998],[140.057547,37.449337],[140.058308,37.44874],[140.058635,37.448633],[140.059738,37.44851],[140.060153,37.44832],[140.060509,37.44803],[140.06069,37.447946],[140.06098,37.44795],[140.061281,37.448027],[140.061859,37.448321],[140.063108,37.447579],[140.063021,37.447364],[140.063017,37.447101],[140.063144,37.446488],[140.063399,37.445787],[140.063839,37.445295],[140.064844,37.445065],[140.066086,37.445003],[140.066377,37.445059],[140.066676,37.445037],[140.066962,37.444938],[140.067628,37.444306],[140.068148,37.443946],[140.068317,37.443602],[140.068741,37.443188],[140.069404,37.442132],[140.069574,37.441716],[140.069634,37.441114],[140.069224,37.440407],[140.069124,37.439995],[140.069007,37.439791],[140.068681,37.439592],[140.068274,37.439255],[140.067834,37.439096],[140.067563,37.438689],[140.067499,37.438426],[140.067633,37.437885],[140.067876,37.437594],[140.068228,37.436894],[140.068222,37.436166],[140.068295,37.435708],[140.068262,37.435391],[140.068417,37.434892],[140.068669,37.434494],[140.06907,37.433544],[140.06929,37.433259],[140.069433,37.433201],[140.06973,37.43275],[140.070184,37.432306],[140.070567,37.431822],[140.069861,37.431572],[140.069682,37.431433],[140.069455,37.430518],[140.069209,37.430165],[140.06894,37.42994],[140.067375,37.429251],[140.066167,37.429041],[140.064839,37.429041],[140.063255,37.428679],[140.063111,37.428612],[140.062948,37.42803],[140.063176,37.427998],[140.064131,37.42814],[140.0654,37.428073],[140.067408,37.427803],[140.069655,37.427955],[140.070735,37.428114],[140.07102,37.427494],[140.071193,37.427352],[140.071876,37.427193],[140.07209,37.42683],[140.072916,37.425806],[140.072968,37.425444],[140.072008,37.423815],[140.071988,37.423452],[140.072158,37.423282],[140.072806,37.423096],[140.073907,37.423067],[140.075081,37.422923],[140.077538,37.42233],[140.077403,37.421797],[140.077318,37.421651],[140.077175,37.420619],[140.077237,37.420405],[140.077579,37.419893],[140.077958,37.419691],[140.078504,37.419547],[140.078402,37.419204],[140.078921,37.419049],[140.079634,37.418975],[140.08147,37.419058],[140.082567,37.418977],[140.083294,37.418998],[140.083683,37.419272],[140.083933,37.419593],[140.083953,37.419663],[140.083881,37.419715],[140.083895,37.419779],[140.08419,37.419822],[140.084398,37.419704],[140.08523,37.419437],[140.085739,37.419381],[140.086348,37.418814],[140.086618,37.41861],[140.086945,37.418467],[140.087298,37.418524],[140.087708,37.418702],[140.088259,37.419027],[140.088785,37.419493],[140.089139,37.419449],[140.089375,37.419235],[140.089423,37.418526],[140.089514,37.418387],[140.089644,37.418273],[140.090271,37.418101],[140.090455,37.417988],[140.090624,37.417711],[140.090549,37.417087],[140.090435,37.416694],[140.090418,37.41631],[140.090139,37.415945],[140.090055,37.415747],[140.090048,37.415164],[140.089897,37.414885],[140.090298,37.414289],[140.090954,37.413482],[140.09144,37.413033],[140.092665,37.412613],[140.093166,37.412648],[140.094251,37.412914],[140.094746,37.41348],[140.094981,37.413854],[140.095189,37.414438],[140.095309,37.415066],[140.095665,37.414651],[140.095955,37.414396],[140.096249,37.413797],[140.096443,37.413608],[140.097295,37.413338],[140.09824,37.413297],[140.098622,37.413376],[140.098919,37.41356],[140.099134,37.4136],[140.099989,37.414127],[140.100358,37.413479],[140.101132,37.412547],[140.101598,37.412121],[140.102122,37.411811],[140.103107,37.41146],[140.103196,37.411852],[140.103693,37.41281],[140.104082,37.413428],[140.104831,37.413903],[140.105641,37.414103],[140.106149,37.414059],[140.106774,37.413801],[140.107377,37.4134],[140.108668,37.413013],[140.108793,37.413071],[140.109252,37.413063],[140.109679,37.413203],[140.110709,37.412932],[140.112066,37.412844],[140.112297,37.412944],[140.112436,37.413216],[140.112625,37.413349],[140.112976,37.413381],[140.114148,37.413122],[140.114981,37.413152],[140.115337,37.412739],[140.115547,37.412705],[140.116456,37.412921],[140.117767,37.413378],[140.118562,37.413705],[140.119676,37.41434],[140.11987,37.414395],[140.120818,37.414527],[140.12254,37.414566],[140.122795,37.414524],[140.123412,37.414132],[140.124311,37.41449],[140.123689,37.415573],[140.123425,37.41611],[140.123406,37.416295],[140.123407,37.41633],[140.123703,37.416467],[140.124235,37.416927],[140.124182,37.417033],[140.124385,37.417135],[140.124597,37.416933],[140.125775,37.41762],[140.12651,37.418128],[140.127807,37.418582],[140.128137,37.41875],[140.129707,37.419988],[140.13039,37.420344],[140.130806,37.420622],[140.136086,37.424935],[140.136365,37.425361],[140.141754,37.430718],[140.143106,37.432159],[140.145444,37.434966],[140.147506,37.437735],[140.147843,37.438393],[140.148008,37.439623],[140.149296,37.440765],[140.149718,37.441823],[140.150812,37.443584],[140.152014,37.445065],[140.152635,37.445076],[140.153144,37.447053],[140.153253,37.44793],[140.153698,37.448929],[140.153841,37.449544],[140.1538,37.449842],[140.153677,37.450139],[140.152586,37.452116],[140.152567,37.452408],[140.152617,37.452677],[140.152798,37.453131],[140.152824,37.453501],[140.152762,37.453692],[140.151717,37.455497],[140.151631,37.45583],[140.151644,37.455997],[140.151724,37.456188],[140.152982,37.458069],[140.153323,37.459038],[140.153842,37.459435],[140.154378,37.460285],[140.155165,37.462163],[140.155203,37.46273],[140.155357,37.463011],[140.155371,37.463124],[140.155318,37.463851],[140.154931,37.465011],[140.154016,37.466537],[140.153516,37.467135],[140.15321,37.467718],[140.152627,37.470349],[140.152496,37.470693],[140.152351,37.470937],[140.151116,37.472317],[140.150711,37.473089],[140.150533,37.473577],[140.150183,37.474063],[140.1494,37.474941],[140.149127,37.475458],[140.148324,37.477746],[140.148222,37.478121],[140.148227,37.478348],[140.148318,37.478699],[140.148716,37.479466],[140.149452,37.480485],[140.150693,37.481287],[140.151853,37.481874],[140.152432,37.482313],[140.152985,37.48305],[140.154682,37.485793],[140.155097,37.487459],[140.15538,37.490264],[140.154168,37.490893],[140.153732,37.491045],[140.152817,37.491277],[140.151064,37.491473],[140.150674,37.491553],[140.149998,37.491769],[140.149321,37.49205],[140.148274,37.49274],[140.147255,37.49361],[140.147064,37.49383],[140.146822,37.494277],[140.146747,37.494584],[140.14668,37.494917],[140.1466,37.496095],[140.14666,37.496709],[140.146753,37.497127],[140.147323,37.498381],[140.147462,37.49883],[140.147505,37.49926],[140.147453,37.499612],[140.147254,37.50025],[140.146448,37.501637],[140.146243,37.501788],[140.145161,37.503259],[140.143094,37.506411],[140.142467,37.506113],[140.14202,37.505177],[140.141951,37.504919],[140.141285,37.505014],[140.135731,37.505374],[140.13571,37.505646],[140.135833,37.505847],[140.135919,37.506191],[140.135893,37.506878],[140.135375,37.506703],[140.1353,37.506945],[140.134869,37.506928],[140.134777,37.507113],[140.132737,37.50644],[140.132741,37.506111],[140.131594,37.505859],[140.1315,37.506288],[140.131071,37.506113],[140.130317,37.50605],[140.130225,37.506221],[140.129061,37.505941],[140.124976,37.506612],[140.124945,37.506139],[140.123203,37.506198],[140.123209,37.505683],[140.122528,37.505549],[140.122339,37.506306],[140.120798,37.506037],[140.120319,37.507035],[140.120139,37.507062],[140.119658,37.50673],[140.119552,37.506557],[140.119266,37.506483],[140.119067,37.506329],[140.119015,37.506164],[140.118425,37.505995],[140.118164,37.505986],[140.11762,37.506461],[140.117059,37.506567],[140.116598,37.507059],[140.116041,37.507532],[140.115235,37.50793],[140.115226,37.508379],[140.115142,37.508393],[140.115227,37.508784],[140.11563,37.509448],[140.116287,37.510108],[140.116031,37.511206],[140.114845,37.511437],[140.114492,37.51156],[140.114637,37.511907],[140.115885,37.513406],[140.116092,37.513599],[140.116704,37.513741],[140.117226,37.513923],[140.117389,37.515343],[140.11742,37.516518],[140.117304,37.519319],[140.117204,37.520207],[140.117134,37.520427],[140.11724,37.520994],[140.117257,37.5214],[140.117119,37.521703],[140.116891,37.522011],[140.116771,37.522696],[140.11648,37.523815],[140.115943,37.525605],[140.115292,37.526775],[140.114909,37.527611],[140.114861,37.527825],[140.114898,37.527903],[140.11538,37.528246],[140.114126,37.529209],[140.112967,37.530375],[140.112254,37.53118],[140.111577,37.532083],[140.108494,37.532154],[140.107212,37.532617],[140.106728,37.532556],[140.105883,37.532607],[140.104879,37.532821],[140.103265,37.532558],[140.101916,37.532655],[140.099798,37.533212],[140.098315,37.533308],[140.09674,37.53351],[140.093506,37.533485],[140.090403,37.533819],[140.088605,37.533877],[140.08708,37.533722],[140.085562,37.533857],[140.083463,37.533944],[140.074769,37.533948],[140.074265,37.533526],[140.071696,37.533029],[140.068703,37.53291],[140.067054,37.533064],[140.065674,37.533292],[140.064568,37.533116],[140.061171,37.53173],[140.058319,37.529943],[140.055856,37.528158],[140.054458,37.527384],[140.054185,37.527715],[140.051448,37.526287],[140.050344,37.525968],[140.048019,37.525162],[140.047633,37.52492],[140.047031,37.52513],[140.046372,37.525172],[140.045657,37.524904],[140.045098,37.524089],[140.044743,37.523728],[140.044387,37.523511],[140.043671,37.523314],[140.043077,37.522904],[140.042487,37.522208],[140.041836,37.52163],[140.041839,37.521344],[140.041993,37.521011],[140.042716,37.520023],[140.042698,37.519916],[140.042476,37.519687],[140.041896,37.519349],[140.041417,37.519357],[140.041161,37.519498],[140.040932,37.519854],[140.04078,37.520796],[140.040617,37.521435],[140.040453,37.521615],[140.040308,37.521635],[140.03944,37.521646],[140.039054,37.521508],[140.037694,37.521318],[140.037063,37.521168],[140.035609,37.520675],[140.034955,37.520519],[140.034486,37.520668],[140.03398,37.521091],[140.033098,37.521343],[140.033117,37.521234],[140.033281,37.521006],[140.033282,37.520906],[140.033152,37.52054],[140.033131,37.520118],[140.032904,37.519601],[140.032815,37.519543],[140.032778,37.519607],[140.032846,37.519965],[140.032829,37.520566],[140.032818,37.52073],[140.032737,37.52073],[140.032547,37.520156],[140.031711,37.51879],[140.031613,37.518732],[140.031577,37.518767],[140.031638,37.519286],[140.031235,37.51944],[140.031128,37.519542],[140.031131,37.520061],[140.03079,37.520115],[140.030768,37.52031],[140.030647,37.5204],[140.029902,37.520627],[140.02998,37.520899],[140.029474,37.521093],[140.028422,37.521313],[140.028324,37.521476],[140.027428,37.521477],[140.026455,37.521564],[140.026374,37.521544],[140.026204,37.521325],[140.026014,37.521221],[140.025865,37.521219],[140.025764,37.521284],[140.025736,37.521648],[140.025424,37.521535],[140.023825,37.521551],[140.023394,37.52081],[140.022355,37.519943],[140.022033,37.519833],[140.021405,37.519764],[140.021217,37.519705],[140.021128,37.519611],[140.021132,37.519304],[140.02137,37.517624],[140.020961,37.516605],[140.020533,37.516394],[140.019707,37.51633],[140.019474,37.516271],[140.019234,37.516126],[140.019634,37.513653],[140.019694,37.512531],[140.019459,37.511241],[140.01899,37.51005],[140.018404,37.509494],[140.016497,37.508419],[140.016186,37.508145],[140.015195,37.507035],[140.014805,37.506696],[140.015417,37.505878],[140.016723,37.503814],[140.016126,37.503961],[140.013672,37.504773],[140.012266,37.505102],[140.011072,37.505302],[140.010373,37.505243],[140.009885,37.505129],[140.009513,37.505012],[140.010497,37.503882],[140.010376,37.502281],[140.010482,37.502181],[140.011651,37.502119],[140.012221,37.502016],[140.012696,37.501764],[140.01355,37.501634],[140.014048,37.501316],[140.014782,37.50016],[140.015275,37.499208],[140.015369,37.498761],[140.015792,37.498139],[140.015959,37.497566],[140.016209,37.497312],[140.016257,37.497103],[140.01622,37.496513],[140.016267,37.496281],[140.016512,37.495877],[140.016922,37.495463],[140.017257,37.494989],[140.017696,37.494582],[140.018209,37.494282],[140.018547,37.494183],[140.019244,37.494147],[140.019589,37.494073],[140.020303,37.49378],[140.02086,37.493651],[140.020425,37.492251],[140.020561,37.491031],[140.020675,37.490409],[140.021231,37.489748],[140.02148,37.489256],[140.021694,37.48865],[140.022169,37.488096],[140.022395,37.487904],[140.02292,37.487594],[140.024004,37.487081],[140.02453,37.486735],[140.025038,37.486281],[140.025312,37.485961],[140.02584,37.485065],[140.025997,37.484238],[140.026458,37.483428],[140.026464,37.482989],[140.026323,37.482564],[140.02631,37.482304],[140.02641,37.482126],[140.027338,37.481562],[140.027795,37.481476],[140.029108,37.481548],[140.029351,37.481388],[140.029535,37.481153],[140.02977,37.480575],[140.029743,37.480341],[140.029644,37.480123],[140.029613,37.479532],[140.029886,37.47859],[140.030093,37.478257],[140.030448,37.477895],[140.03119,37.47747],[140.032481,37.476925],[140.032766,37.476851],[140.033692,37.476749],[140.034449,37.476764],[140.035275,37.476926],[140.035956,37.477316],[140.036337,37.477468],[140.037022,37.47704],[140.037925,37.476243],[140.039831,37.475167],[140.040586,37.474945],[140.041063,37.474574],[140.041268,37.474343],[140.041392,37.474034],[140.041504,37.473457],[140.042386,37.472187],[140.043225,37.471166],[140.043461,37.470682],[140.043674,37.4697],[140.043887,37.469425],[140.044206,37.469168],[140.044786,37.46887],[140.045366,37.468436],[140.045854,37.467677],[140.045983,37.466972],[140.045948,37.465425],[140.045997,37.464528],[140.045964,37.463011],[140.046006,37.462052],[140.046435,37.46202],[140.046722,37.460172],[140.047143,37.459069],[140.048996,37.457724],[140.049313,37.457269],[140.04939,37.456907],[140.049965,37.456816],[140.050343,37.455336],[140.0508,37.455129],[140.050798,37.454769],[140.051348,37.454325],[140.051865,37.454293]]],[[[140.057819,37.613443],[140.05821,37.613419],[140.058777,37.613614],[140.059017,37.613616],[140.05987,37.613766],[140.06044,37.613711],[140.060772,37.613522],[140.061196,37.61318],[140.061727,37.612636],[140.062052,37.612437],[140.062713,37.612352],[140.063777,37.612349],[140.064718,37.612005],[140.066151,37.61133],[140.066554,37.611465],[140.066756,37.611466],[140.067031,37.611635],[140.067112,37.611779],[140.066939,37.612416],[140.066686,37.612855],[140.06592,37.613612],[140.064542,37.614704],[140.062691,37.615917],[140.061614,37.616869],[140.061424,37.617141],[140.061113,37.617389],[140.059913,37.617439],[140.059719,37.617384],[140.059372,37.617012],[140.059003,37.616847],[140.058754,37.616255],[140.058599,37.615724],[140.058571,37.615109],[140.058434,37.614578],[140.057925,37.613573],[140.057819,37.613443]]],[[[140.081269,37.627923],[140.082905,37.630254],[140.08399,37.631668],[140.081528,37.633036],[140.08003,37.6329],[140.078188,37.632495],[140.075996,37.632239],[140.073901,37.631899],[140.072571,37.631821],[140.072689,37.630983],[140.072966,37.629945],[140.073206,37.6299],[140.073734,37.629932],[140.074582,37.630197],[140.075025,37.630267],[140.075469,37.630242],[140.077117,37.629873],[140.078116,37.629547],[140.079805,37.628787],[140.080915,37.628195],[140.081269,37.627923]]],[[[140.084037,38.542466],[140.086287,38.541375],[140.087123,38.540911],[140.087169,38.539681],[140.08754,38.538823],[140.08891,38.537175],[140.089304,38.536595],[140.089597,38.536511],[140.089798,38.53621],[140.089188,38.53576],[140.08935,38.535412],[140.090116,38.535481],[140.091184,38.535992],[140.091416,38.536317],[140.091627,38.53687],[140.091655,38.53735],[140.091572,38.538283],[140.092437,38.538823],[140.093063,38.539357],[140.093701,38.540192],[140.094444,38.540656],[140.095001,38.540679],[140.096695,38.540262],[140.098453,38.540814],[140.09882,38.540853],[140.098878,38.542147],[140.098764,38.542726],[140.098611,38.544137],[140.098437,38.544549],[140.098528,38.545227],[140.098899,38.545576],[140.09941,38.545808],[140.099462,38.545771],[140.099735,38.5459],[140.10006,38.546457],[140.100077,38.546986],[140.099735,38.547548],[140.098741,38.548759],[140.097891,38.548627],[140.096777,38.54829],[140.094375,38.550341],[140.091635,38.550839],[140.090463,38.551205],[140.088087,38.5525],[140.087153,38.552509],[140.086244,38.55226],[140.085138,38.552099],[140.083966,38.551542],[140.083263,38.550927],[140.082809,38.550312],[140.081974,38.549975],[140.081608,38.549696],[140.081388,38.549213],[140.081388,38.548656],[140.081813,38.54807],[140.08297,38.546752],[140.083139,38.546283],[140.083256,38.545126],[140.083388,38.544467],[140.084003,38.543881],[140.084179,38.543632],[140.084037,38.542466]]],[[[140.086336,37.66072],[140.08798,37.660574],[140.088845,37.660203],[140.089099,37.659843],[140.089563,37.659456],[140.090348,37.658589],[140.091098,37.65785],[140.091716,37.657525],[140.092569,37.657215],[140.09324,37.656795],[140.094446,37.655551],[140.09473,37.655136],[140.094989,37.654622],[140.09526,37.654258],[140.096152,37.654109],[140.097088,37.653656],[140.09766,37.654553],[140.097974,37.654822],[140.098446,37.655019],[140.099328,37.655151],[140.099897,37.655153],[140.100272,37.655109],[140.100883,37.654915],[140.101141,37.654884],[140.102094,37.655437],[140.103615,37.655937],[140.104033,37.656328],[140.104405,37.656521],[140.105806,37.656973],[140.106257,37.657055],[140.106784,37.657064],[140.107846,37.656929],[140.108268,37.657217],[140.109087,37.658368],[140.109464,37.659057],[140.108797,37.659853],[140.108687,37.660133],[140.108681,37.660388],[140.108761,37.660675],[140.108907,37.66088],[140.109114,37.661048],[140.109646,37.661342],[140.110146,37.661439],[140.110797,37.661343],[140.111434,37.661087],[140.111878,37.66067],[140.112795,37.661007],[140.113294,37.661123],[140.113797,37.661152],[140.114272,37.661267],[140.115466,37.661274],[140.116005,37.661413],[140.115809,37.661712],[140.115696,37.662002],[140.115659,37.66233],[140.11574,37.662616],[140.115929,37.662893],[140.116137,37.663061],[140.116783,37.663311],[140.11729,37.663381],[140.117529,37.663695],[140.117529,37.664093],[140.117437,37.664445],[140.11742,37.664719],[140.117477,37.665415],[140.117751,37.665839],[140.118018,37.666055],[140.118273,37.666174],[140.11878,37.666245],[140.119321,37.666151],[140.119624,37.665982],[140.119869,37.665716],[140.120114,37.66557],[140.120297,37.665385],[140.120413,37.665169],[140.120481,37.664864],[140.120759,37.664459],[140.120823,37.664181],[140.120948,37.663917],[140.121001,37.663389],[140.120905,37.662697],[140.121879,37.663299],[140.122664,37.663947],[140.123136,37.664158],[140.123324,37.664546],[140.123663,37.664872],[140.124003,37.665081],[140.1244,37.665195],[140.124879,37.664883],[140.12484,37.663661],[140.125061,37.663382],[140.125528,37.663201],[140.126075,37.663223],[140.126403,37.663464],[140.127134,37.66437],[140.127145,37.665407],[140.1275,37.665785],[140.128058,37.666201],[140.130269,37.667582],[140.13094,37.667951],[140.131382,37.668008],[140.131892,37.667976],[140.132335,37.667815],[140.133009,37.667927],[140.133692,37.667867],[140.134314,37.667672],[140.13534,37.666969],[140.135863,37.666732],[140.136675,37.666715],[140.137501,37.666489],[140.137969,37.666542],[140.138327,37.66667],[140.138804,37.666941],[140.139995,37.667743],[140.141593,37.669019],[140.142734,37.669558],[140.143225,37.669925],[140.144001,37.67089],[140.144252,37.671297],[140.145761,37.673097],[140.145907,37.673438],[140.145843,37.673777],[140.145681,37.674217],[140.145698,37.674676],[140.144596,37.6753],[140.144165,37.675601],[140.14349,37.676181],[140.143012,37.676696],[140.142252,37.677549],[140.141855,37.67813],[140.141603,37.678587],[140.141285,37.679432],[140.141245,37.682293],[140.141404,37.682819],[140.141882,37.687538],[140.142468,37.688788],[140.143653,37.690711],[140.143923,37.692728],[140.144022,37.693927],[140.144204,37.695049],[140.14495,37.696372],[140.144899,37.696585],[140.144911,37.696932],[140.145329,37.697905],[140.145622,37.698305],[140.145854,37.698519],[140.147014,37.699214],[140.147073,37.699458],[140.147185,37.699649],[140.1475,37.700005],[140.147766,37.700224],[140.147662,37.700576],[140.147689,37.700931],[140.147813,37.70124],[140.148038,37.701531],[140.148373,37.701806],[140.148827,37.702052],[140.149309,37.702269],[140.150004,37.702458],[140.150307,37.702807],[140.150698,37.703728],[140.151103,37.704429],[140.151414,37.704801],[140.151888,37.705199],[140.152327,37.705424],[140.152891,37.705526],[140.153385,37.705883],[140.154114,37.70616],[140.154721,37.706518],[140.155202,37.706653],[140.155588,37.706828],[140.155397,37.707087],[140.155293,37.707352],[140.155301,37.7078],[140.155411,37.70805],[140.155691,37.708403],[140.155902,37.709024],[140.156178,37.709343],[140.156625,37.709584],[140.157052,37.709678],[140.157496,37.709665],[140.158069,37.709487],[140.158237,37.709493],[140.158414,37.709965],[140.158218,37.710158],[140.158035,37.710437],[140.157975,37.710667],[140.157973,37.711001],[140.158189,37.711487],[140.158822,37.712162],[140.158581,37.713125],[140.158646,37.713548],[140.158642,37.713978],[140.1588,37.714342],[140.15701,37.714971],[140.156088,37.715358],[140.154424,37.715962],[140.153636,37.716307],[140.15215,37.717104],[140.150305,37.718565],[140.149334,37.719266],[140.147829,37.720135],[140.147178,37.720295],[140.14652,37.720326],[140.146,37.720158],[140.14516,37.719687],[140.145236,37.719366],[140.145344,37.719153],[140.14538,37.718616],[140.145325,37.718151],[140.14511,37.717267],[140.144539,37.716023],[140.143951,37.714933],[140.142817,37.713053],[140.142341,37.71138],[140.142146,37.710091],[140.142105,37.709698],[140.14234,37.707565],[140.142488,37.703822],[140.142159,37.702436],[140.142045,37.700635],[140.142099,37.699813],[140.141963,37.697344],[140.141822,37.695914],[140.141655,37.69479],[140.141489,37.694302],[140.141299,37.693356],[140.141068,37.692532],[140.139739,37.689398],[140.138662,37.687208],[140.137712,37.686136],[140.137303,37.685841],[140.13687,37.685635],[140.136496,37.685525],[140.135957,37.685468],[140.134904,37.685529],[140.134244,37.685515],[140.133515,37.685266],[140.132291,37.684685],[140.132051,37.684671],[140.130649,37.684017],[140.12932,37.683494],[140.128607,37.68336],[140.127743,37.683339],[140.126977,37.683426],[140.124464,37.683529],[140.122371,37.683149],[140.121241,37.682761],[140.119997,37.682158],[140.117817,37.680804],[140.116666,37.679901],[140.11604,37.679603],[140.115576,37.679228],[140.115236,37.679044],[140.115708,37.678789],[140.115904,37.678457],[140.115836,37.678075],[140.115553,37.677682],[140.115124,37.677459],[140.114478,37.677263],[140.113257,37.677006],[140.111057,37.676331],[140.110819,37.676129],[140.11054,37.674343],[140.110375,37.674113],[140.109801,37.673975],[140.107818,37.674199],[140.106775,37.674067],[140.106406,37.673826],[140.105733,37.672895],[140.104731,37.67243],[140.104531,37.672066],[140.104516,37.67135],[140.104782,37.67016],[140.104738,37.669788],[140.103857,37.669199],[140.102336,37.668987],[140.102173,37.668576],[140.102467,37.668034],[140.10246,37.667624],[140.102029,37.666929],[140.101086,37.666682],[140.100774,37.666674],[140.098821,37.666941],[140.098101,37.666959],[140.094643,37.666093],[140.093412,37.665674],[140.092655,37.66532],[140.091946,37.664899],[140.089185,37.663023],[140.087805,37.66202],[140.086336,37.66072]]],[[[140.086336,37.66072],[140.087805,37.66202],[140.089185,37.663023],[140.091946,37.664899],[140.092655,37.66532],[140.093412,37.665674],[140.094643,37.666093],[140.098101,37.666959],[140.098821,37.666941],[140.100774,37.666674],[140.101086,37.666682],[140.102029,37.666929],[140.10196,37.667305],[140.101559,37.66777],[140.101664,37.667858],[140.101652,37.668108],[140.101212,37.668713],[140.101138,37.668913],[140.101109,37.669048],[140.101322,37.669308],[140.101321,37.669408],[140.101023,37.66952],[140.100857,37.669862],[140.100854,37.670055],[140.100906,37.670206],[140.101085,37.6703],[140.101562,37.670311],[140.101758,37.67047],[140.101276,37.670945],[140.101246,37.67116],[140.10129,37.671246],[140.101495,37.671405],[140.101755,37.671514],[140.101718,37.671614],[140.10142,37.671676],[140.101347,37.671769],[140.101327,37.67189],[140.101064,37.672096],[140.101017,37.672203],[140.101193,37.67254],[140.101296,37.672956],[140.101493,37.673072],[140.101798,37.673167],[140.101895,37.673361],[140.102037,37.673491],[140.102514,37.673516],[140.1028,37.67369],[140.102971,37.673663],[140.103048,37.673213],[140.103202,37.673142],[140.10369,37.673733],[140.103771,37.673762],[140.103916,37.673684],[140.10406,37.673678],[140.104221,37.673758],[140.104372,37.673917],[140.104572,37.674476],[140.104679,37.674584],[140.104975,37.674658],[140.105177,37.674473],[140.105261,37.674256],[140.105387,37.674268],[140.105471,37.674347],[140.105703,37.674885],[140.105981,37.675023],[140.106541,37.675192],[140.10709,37.6756],[140.107333,37.675613],[140.107785,37.675402],[140.108506,37.675361],[140.109138,37.675169],[140.109307,37.675009],[140.109356,37.675013],[140.109389,37.675271],[140.109329,37.675399],[140.108561,37.676023],[140.10851,37.676123],[140.108562,37.676352],[140.108784,37.676593],[140.109499,37.677014],[140.11058,37.677287],[140.110888,37.677493],[140.111623,37.677759],[140.113493,37.677974],[140.114183,37.678222],[140.114415,37.678403],[140.114624,37.678608],[140.114619,37.678651],[140.114569,37.678672],[140.11423,37.678477],[140.114126,37.67849],[140.114017,37.678593],[140.114176,37.678791],[140.11431,37.678878],[140.11426,37.678902],[140.114117,37.678869],[140.113764,37.678638],[140.113725,37.678863],[140.113666,37.678941],[140.11344,37.679036],[140.111829,37.679331],[140.111476,37.679568],[140.111275,37.679803],[140.111299,37.680053],[140.111897,37.681235],[140.112238,37.681674],[140.112341,37.682068],[140.112747,37.682379],[140.112729,37.682414],[140.112535,37.682416],[140.111921,37.682258],[140.111417,37.682626],[140.111165,37.682606],[140.110745,37.68231],[140.110412,37.681563],[140.11034,37.681159],[140.110006,37.680906],[140.109891,37.680758],[140.109466,37.680544],[140.109198,37.680313],[140.108523,37.679932],[140.107829,37.679659],[140.10711,37.679167],[140.106537,37.678937],[140.106317,37.678889],[140.105853,37.678889],[140.105569,37.678966],[140.105401,37.679097],[140.105354,37.67925],[140.1056,37.679778],[140.105625,37.679932],[140.105618,37.680086],[140.105354,37.680327],[140.105292,37.680305],[140.105206,37.679925],[140.105069,37.679763],[140.104871,37.679704],[140.104165,37.67966],[140.104069,37.679455],[140.103607,37.679305],[140.103328,37.679303],[140.103201,37.679366],[140.103096,37.679476],[140.103031,37.67969],[140.102927,37.679736],[140.102842,37.6797],[140.102739,37.679248],[140.102919,37.678867],[140.10288,37.678709],[140.102418,37.67863],[140.102306,37.678565],[140.102526,37.678206],[140.102556,37.677966],[140.102499,37.677887],[140.10202,37.677489],[140.101867,37.677441],[140.101702,37.677442],[140.100925,37.677836],[140.100636,37.677849],[140.100561,37.677809],[140.100471,37.677513],[140.100472,37.677096],[140.100406,37.676961],[140.100252,37.676722],[140.09991,37.676481],[140.099587,37.676463],[140.099456,37.676501],[140.098981,37.676977],[140.098078,37.677564],[140.097662,37.678103],[140.097617,37.678106],[140.097322,37.677719],[140.097192,37.677253],[140.096959,37.677019],[140.095661,37.676463],[140.095602,37.6757],[140.095497,37.675451],[140.095419,37.675379],[140.095253,37.675411],[140.094889,37.675745],[140.094754,37.675759],[140.094683,37.67571],[140.094654,37.675376],[140.094355,37.674942],[140.094216,37.674588],[140.094018,37.67453],[140.093892,37.674571],[140.093418,37.674895],[140.09311,37.675031],[140.0927,37.675321],[140.092348,37.675703],[140.091836,37.675291],[140.091488,37.675081],[140.091157,37.674956],[140.090528,37.67483],[140.089197,37.674763],[140.088794,37.674573],[140.088428,37.674313],[140.088028,37.673909],[140.087906,37.673594],[140.087463,37.672989],[140.086554,37.672231],[140.086215,37.671992],[140.085625,37.67173],[140.085018,37.671253],[140.084758,37.670436],[140.084426,37.669995],[140.084371,37.669589],[140.084233,37.669166],[140.084079,37.668814],[140.083788,37.668393],[140.083201,37.66778],[140.08296,37.667593],[140.08216,37.66715],[140.081492,37.66659],[140.080892,37.665981],[140.080757,37.665622],[140.080763,37.665472],[140.080964,37.664891],[140.081005,37.664523],[140.080882,37.664293],[140.080605,37.664036],[140.081262,37.662906],[140.082602,37.662814],[140.083346,37.662326],[140.083455,37.662227],[140.083323,37.66204],[140.083307,37.661861],[140.083394,37.661389],[140.083577,37.661097],[140.083893,37.660993],[140.084531,37.661091],[140.086336,37.66072]]],[[[140.087647,37.759067],[140.088539,37.758362],[140.088689,37.758128],[140.088533,37.757018],[140.088591,37.756554],[140.088646,37.756462],[140.089042,37.756132],[140.089932,37.755564],[140.090281,37.755288],[140.091011,37.755089],[140.092076,37.754942],[140.092714,37.754782],[140.094538,37.754257],[140.096068,37.75368],[140.096889,37.753529],[140.098616,37.753486],[140.099292,37.753527],[140.099403,37.753644],[140.099855,37.754479],[140.099988,37.754647],[140.10026,37.75481],[140.100556,37.754878],[140.10173,37.754923],[140.102431,37.755035],[140.102674,37.755124],[140.102811,37.755244],[140.102881,37.75542],[140.102026,37.755935],[140.101722,37.756234],[140.101624,37.756523],[140.101646,37.756624],[140.101883,37.756894],[140.102745,37.75733],[140.103064,37.75761],[140.103153,37.757759],[140.103126,37.758114],[140.103035,37.758486],[140.103056,37.758638],[140.103169,37.758889],[140.103538,37.759414],[140.103555,37.759548],[140.103449,37.759929],[140.102858,37.761352],[140.102708,37.761905],[140.102655,37.762251],[140.102657,37.763029],[140.102762,37.763664],[140.102851,37.76376],[140.103258,37.76396],[140.104368,37.764359],[140.10469,37.764448],[140.105181,37.764503],[140.105478,37.764469],[140.105969,37.764279],[140.106087,37.764149],[140.10627,37.763599],[140.106327,37.763516],[140.106599,37.763366],[140.107344,37.763246],[140.107796,37.763121],[140.108631,37.763053],[140.109318,37.76307],[140.10995,37.763239],[140.110301,37.763453],[140.110594,37.763706],[140.11095,37.764111],[140.11109,37.764345],[140.111183,37.764688],[140.111166,37.765153],[140.11058,37.766171],[140.110347,37.76743],[140.110193,37.767739],[140.109784,37.768058],[140.108873,37.768512],[140.108562,37.768766],[140.108425,37.768938],[140.108404,37.769427],[140.108506,37.769696],[140.10851,37.769958],[140.10803,37.770177],[140.107642,37.770212],[140.107614,37.77025],[140.107637,37.770365],[140.108722,37.772106],[140.109049,37.772103],[140.110155,37.771947],[140.111345,37.771643],[140.111334,37.770987],[140.11164,37.770262],[140.111938,37.768845],[140.11223,37.766896],[140.112387,37.766315],[140.112516,37.766044],[140.112856,37.765722],[140.113282,37.765764],[140.115248,37.766198],[140.116163,37.766501],[140.116649,37.7666],[140.116743,37.766772],[140.116799,37.767092],[140.116816,37.768199],[140.116885,37.768447],[140.11725,37.769099],[140.117348,37.769491],[140.117278,37.77033],[140.117313,37.770363],[140.118119,37.770323],[140.11816,37.770264],[140.118146,37.770107],[140.117971,37.76948],[140.117795,37.768549],[140.117659,37.767391],[140.117578,37.766574],[140.117582,37.765587],[140.11829,37.764459],[140.118528,37.763982],[140.118673,37.763436],[140.118771,37.762143],[140.118826,37.761869],[140.119036,37.761322],[140.119349,37.760818],[140.119852,37.760237],[140.119952,37.760011],[140.121179,37.758488],[140.12153,37.757903],[140.121856,37.757004],[140.12275,37.757247],[140.123929,37.757316],[140.125561,37.757257],[140.126342,37.757166],[140.127236,37.757005],[140.128692,37.756518],[140.130048,37.755759],[140.130364,37.755733],[140.132647,37.756623],[140.133452,37.757051],[140.133962,37.757444],[140.134298,37.757937],[140.134408,37.758192],[140.134448,37.759358],[140.134379,37.760309],[140.134653,37.761119],[140.134747,37.761957],[140.134728,37.762071],[140.134061,37.762818],[140.134022,37.7631],[140.134763,37.76445],[140.134641,37.764832],[140.134297,37.765348],[140.134074,37.765923],[140.134113,37.766062],[140.134238,37.766189],[140.135148,37.766213],[140.135453,37.766355],[140.135742,37.766636],[140.135725,37.766976],[140.135505,37.767643],[140.135476,37.76819],[140.136189,37.769705],[140.136433,37.770039],[140.136698,37.77086],[140.136349,37.771806],[140.136438,37.773087],[140.1364,37.773219],[140.136214,37.773726],[140.136021,37.774046],[140.135727,37.774329],[140.135221,37.774459],[140.134327,37.774853],[140.133712,37.775068],[140.13356,37.775725],[140.133163,37.7768],[140.133028,37.777028],[140.132772,37.777302],[140.132287,37.77769],[140.131985,37.777812],[140.131527,37.777942],[140.129734,37.778148],[140.1293,37.778297],[140.128822,37.779028],[140.128445,37.780447],[140.128251,37.780588],[140.127106,37.780914],[140.126876,37.781036],[140.126862,37.78116],[140.126571,37.781387],[140.125456,37.78218],[140.125166,37.782302],[140.12464,37.782653],[140.124266,37.782707],[140.123564,37.782649],[140.122968,37.782724],[140.122691,37.782824],[140.122259,37.783124],[140.119893,37.782562],[140.11941,37.782515],[140.119373,37.782846],[140.11813,37.782669],[140.117992,37.782731],[140.117942,37.783165],[140.117549,37.783174],[140.11728,37.783429],[140.117326,37.783644],[140.117264,37.783734],[140.117055,37.783695],[140.115816,37.783266],[140.115565,37.783087],[140.115436,37.782862],[140.115412,37.782333],[140.115007,37.781066],[140.114867,37.780693],[140.114649,37.780319],[140.114377,37.779931],[140.114086,37.779661],[140.11349,37.779232],[140.113174,37.779073],[140.112683,37.778854],[140.112204,37.778708],[140.11152,37.778669],[140.110077,37.779245],[140.109764,37.779257],[140.109458,37.779197],[140.109004,37.779051],[140.108676,37.778834],[140.107188,37.778102],[140.106866,37.777885],[140.106261,37.777284],[140.105867,37.777067],[140.103933,37.777],[140.103403,37.777043],[140.103204,37.777123],[140.10246,37.776054],[140.102156,37.775302],[140.101823,37.775028],[140.101011,37.774597],[140.10075,37.774381],[140.099511,37.773937],[140.099214,37.773701],[140.098852,37.772835],[140.098751,37.772672],[140.098288,37.772259],[140.098154,37.771771],[140.09788,37.771471],[140.097706,37.770319],[140.097436,37.769744],[140.097156,37.769307],[140.09558,37.767965],[140.094815,37.767226],[140.094027,37.766564],[140.09358,37.766275],[140.093244,37.766117],[140.092524,37.766058],[140.090527,37.766162],[140.089553,37.766322],[140.088408,37.766593],[140.088215,37.766437],[140.088091,37.766215],[140.088043,37.765277],[140.088068,37.76501],[140.088321,37.764253],[140.088227,37.763837],[140.088093,37.763603],[140.08825,37.762986],[140.088642,37.762282],[140.088597,37.762043],[140.088479,37.761851],[140.088159,37.761496],[140.087773,37.760936],[140.087647,37.759067]]],[[[140.093892,37.674571],[140.094018,37.67453],[140.094216,37.674588],[140.094355,37.674942],[140.094654,37.675376],[140.094683,37.67571],[140.094754,37.675759],[140.094889,37.675745],[140.095253,37.675411],[140.095419,37.675379],[140.095497,37.675451],[140.095624,37.675807],[140.095661,37.676463],[140.096959,37.677019],[140.097192,37.677253],[140.097322,37.677719],[140.097617,37.678106],[140.097662,37.678103],[140.098078,37.677564],[140.098981,37.676977],[140.099456,37.676501],[140.099587,37.676463],[140.09991,37.676481],[140.100252,37.676722],[140.100406,37.676961],[140.100472,37.677096],[140.100471,37.677513],[140.100561,37.677809],[140.100636,37.677849],[140.100925,37.677836],[140.101702,37.677442],[140.101867,37.677441],[140.10202,37.677489],[140.102499,37.677887],[140.102556,37.677966],[140.102526,37.678206],[140.102306,37.678565],[140.102418,37.67863],[140.10288,37.678709],[140.102919,37.678867],[140.102739,37.679248],[140.102842,37.6797],[140.102927,37.679736],[140.103031,37.67969],[140.103096,37.679476],[140.103201,37.679366],[140.103328,37.679303],[140.103607,37.679305],[140.104069,37.679455],[140.104165,37.67966],[140.104871,37.679704],[140.105069,37.679763],[140.105206,37.679925],[140.105292,37.680305],[140.105354,37.680327],[140.105618,37.680086],[140.105625,37.679932],[140.1056,37.679778],[140.105354,37.67925],[140.105401,37.679097],[140.105569,37.678966],[140.105853,37.678889],[140.106317,37.678889],[140.106537,37.678937],[140.10711,37.679167],[140.107829,37.679659],[140.108523,37.679932],[140.109198,37.680313],[140.109466,37.680544],[140.109891,37.680758],[140.110006,37.680906],[140.11034,37.681159],[140.110412,37.681563],[140.110745,37.68231],[140.111165,37.682606],[140.111417,37.682626],[140.111921,37.682258],[140.112535,37.682416],[140.112729,37.682414],[140.112747,37.682379],[140.112341,37.682068],[140.112238,37.681674],[140.111897,37.681235],[140.111299,37.680053],[140.111275,37.679803],[140.111476,37.679568],[140.111829,37.679331],[140.11344,37.679036],[140.113666,37.678941],[140.113725,37.678863],[140.113764,37.678638],[140.114117,37.678869],[140.11426,37.678902],[140.11431,37.678878],[140.114176,37.678791],[140.114017,37.678593],[140.114126,37.67849],[140.11423,37.678477],[140.114569,37.678672],[140.114619,37.678651],[140.114624,37.678608],[140.114415,37.678403],[140.114183,37.678222],[140.113493,37.677974],[140.111623,37.677759],[140.110888,37.677493],[140.11058,37.677287],[140.109499,37.677014],[140.108784,37.676593],[140.108562,37.676352],[140.10851,37.676123],[140.108561,37.676023],[140.109329,37.675399],[140.109389,37.675271],[140.109356,37.675013],[140.109307,37.675009],[140.109138,37.675169],[140.108506,37.675361],[140.107785,37.675402],[140.107333,37.675613],[140.10709,37.6756],[140.106541,37.675192],[140.105981,37.675023],[140.105703,37.674885],[140.105471,37.674347],[140.105387,37.674268],[140.105261,37.674256],[140.105177,37.674473],[140.104975,37.674658],[140.104679,37.674584],[140.104572,37.674476],[140.104372,37.673917],[140.104221,37.673758],[140.10406,37.673678],[140.103916,37.673684],[140.103771,37.673762],[140.10369,37.673733],[140.103202,37.673142],[140.103048,37.673213],[140.102971,37.673663],[140.1028,37.67369],[140.102514,37.673516],[140.102037,37.673491],[140.101895,37.673361],[140.101798,37.673167],[140.101493,37.673072],[140.101296,37.672956],[140.101193,37.67254],[140.101017,37.672203],[140.101064,37.672096],[140.101327,37.67189],[140.101347,37.671769],[140.10142,37.671676],[140.101718,37.671614],[140.101755,37.671514],[140.101495,37.671405],[140.10129,37.671246],[140.101246,37.67116],[140.101276,37.670945],[140.101758,37.67047],[140.101562,37.670311],[140.101085,37.6703],[140.100906,37.670206],[140.100854,37.670055],[140.100857,37.669862],[140.101023,37.66952],[140.101321,37.669408],[140.101322,37.669308],[140.101109,37.669048],[140.101138,37.668913],[140.101212,37.668713],[140.101652,37.668108],[140.101664,37.667858],[140.101559,37.66777],[140.10196,37.667305],[140.102029,37.666929],[140.10246,37.667624],[140.102467,37.668034],[140.102173,37.668576],[140.102336,37.668987],[140.103857,37.669199],[140.104738,37.669788],[140.104782,37.67016],[140.104516,37.67135],[140.104531,37.672066],[140.104731,37.67243],[140.105733,37.672895],[140.106406,37.673826],[140.106775,37.674067],[140.107818,37.674199],[140.109801,37.673975],[140.110375,37.674113],[140.11054,37.674343],[140.110819,37.676129],[140.111057,37.676331],[140.113257,37.677006],[140.114478,37.677263],[140.115124,37.677459],[140.115553,37.677682],[140.115836,37.678075],[140.115904,37.678457],[140.115708,37.678789],[140.115236,37.679044],[140.115054,37.679558],[140.11486,37.679667],[140.114544,37.679775],[140.11407,37.67979],[140.113362,37.679985],[140.112545,37.680104],[140.112909,37.680819],[140.11326,37.681283],[140.113392,37.681622],[140.113654,37.681837],[140.113825,37.682097],[140.11388,37.682328],[140.113857,37.682563],[140.113622,37.68297],[140.11335,37.683168],[140.113012,37.683287],[140.112525,37.683318],[140.112226,37.683284],[140.1117,37.683499],[140.111027,37.683514],[140.110526,37.683351],[140.110199,37.683155],[140.109839,37.682852],[140.109669,37.682593],[140.109335,37.681845],[140.109279,37.681599],[140.109071,37.681416],[140.107922,37.680699],[140.107472,37.68054],[140.10675,37.680143],[140.106631,37.680492],[140.106325,37.680868],[140.10501,37.68181],[140.10358,37.681136],[140.102355,37.680768],[140.10185,37.680427],[140.100871,37.679547],[140.099229,37.678347],[140.098726,37.6782],[140.098382,37.678383],[140.098091,37.678624],[140.097875,37.67868],[140.097442,37.678719],[140.096903,37.678615],[140.095973,37.678093],[140.094455,37.677123],[140.093761,37.676416],[140.093767,37.67593],[140.093884,37.675187],[140.093892,37.674571]]],[[[140.10501,37.68181],[140.106325,37.680868],[140.106631,37.680492],[140.10675,37.680143],[140.107472,37.68054],[140.107922,37.680699],[140.109071,37.681416],[140.109279,37.681599],[140.109335,37.681845],[140.109796,37.682804],[140.110199,37.683155],[140.110589,37.683383],[140.111027,37.683514],[140.11148,37.683526],[140.111841,37.683462],[140.112226,37.683284],[140.112745,37.683316],[140.113083,37.68327],[140.113469,37.683098],[140.113706,37.682872],[140.113857,37.682563],[140.113873,37.68227],[140.113735,37.681935],[140.113392,37.681622],[140.11326,37.681283],[140.112909,37.680819],[140.112545,37.680104],[140.113362,37.679985],[140.11407,37.67979],[140.114398,37.679797],[140.114752,37.679715],[140.115054,37.679558],[140.115236,37.679044],[140.115576,37.679228],[140.11604,37.679603],[140.116666,37.679901],[140.117817,37.680804],[140.119997,37.682158],[140.121241,37.682761],[140.122371,37.683149],[140.124464,37.683529],[140.126977,37.683426],[140.127743,37.683339],[140.128607,37.68336],[140.12932,37.683494],[140.130649,37.684017],[140.132051,37.684671],[140.132291,37.684685],[140.133515,37.685266],[140.134244,37.685515],[140.134904,37.685529],[140.135957,37.685468],[140.136496,37.685525],[140.13687,37.685635],[140.137303,37.685841],[140.137712,37.686136],[140.138662,37.687208],[140.139739,37.689398],[140.141068,37.692532],[140.141299,37.693356],[140.141489,37.694302],[140.141655,37.69479],[140.141822,37.695914],[140.141963,37.697344],[140.142099,37.699813],[140.142045,37.700635],[140.142159,37.702436],[140.142488,37.703822],[140.14234,37.707565],[140.142105,37.709698],[140.142146,37.710091],[140.142341,37.71138],[140.142817,37.713053],[140.143951,37.714933],[140.144539,37.716023],[140.14511,37.717267],[140.145325,37.718151],[140.14538,37.718616],[140.145344,37.719153],[140.145236,37.719366],[140.14516,37.719687],[140.143544,37.718512],[140.139194,37.714608],[140.138219,37.713828],[140.137061,37.713238],[140.13627,37.713051],[140.134478,37.712332],[140.13331,37.71362],[140.132771,37.714523],[140.132284,37.71511],[140.131648,37.716126],[140.131126,37.716552],[140.130776,37.716759],[140.130246,37.716879],[140.129563,37.716798],[140.128952,37.716603],[140.12827,37.716464],[140.126691,37.715889],[140.125758,37.715635],[140.12523,37.715583],[140.122922,37.715833],[140.121526,37.716042],[140.121201,37.716116],[140.121068,37.716201],[140.119816,37.718528],[140.119691,37.71888],[140.118498,37.721266],[140.118385,37.721713],[140.118101,37.72236],[140.117979,37.72254],[140.117903,37.722864],[140.117755,37.723177],[140.117716,37.723416],[140.117444,37.724062],[140.117218,37.7249],[140.116873,37.725689],[140.116641,37.726031],[140.116265,37.726304],[140.115915,37.726445],[140.115422,37.726479],[140.11493,37.726438],[140.114487,37.726339],[140.113973,37.726144],[140.112827,37.725582],[140.111515,37.724838],[140.110559,37.724402],[140.108043,37.723925],[140.106941,37.723678],[140.106475,37.723493],[140.104888,37.72268],[140.104578,37.722439],[140.104255,37.722341],[140.102575,37.721269],[140.102324,37.721153],[140.102051,37.720903],[140.101848,37.720844],[140.100906,37.720293],[140.100285,37.720002],[140.099471,37.71972],[140.09922,37.719689],[140.098958,37.719515],[140.097701,37.719153],[140.097715,37.719029],[140.097861,37.718868],[140.098033,37.718478],[140.098424,37.717966],[140.09862,37.717624],[140.09877,37.717139],[140.098767,37.716404],[140.098617,37.715936],[140.098393,37.715581],[140.097989,37.715196],[140.096252,37.713857],[140.095471,37.712974],[140.095367,37.71262],[140.095411,37.711981],[140.095535,37.711648],[140.095866,37.711078],[140.095966,37.710764],[140.096248,37.710299],[140.096572,37.709291],[140.096643,37.708385],[140.096785,37.707528],[140.096959,37.70709],[140.097061,37.706614],[140.097027,37.706385],[140.096793,37.705915],[140.096262,37.705146],[140.096229,37.704932],[140.095921,37.704347],[140.095811,37.703781],[140.095777,37.702929],[140.09598,37.701714],[140.096171,37.700865],[140.0966,37.699822],[140.096754,37.699501],[140.097243,37.69879],[140.097836,37.69815],[140.099806,37.696568],[140.101255,37.695816],[140.101812,37.695701],[140.102443,37.695646],[140.104304,37.695636],[140.104995,37.69551],[140.105463,37.695323],[140.106145,37.694744],[140.106665,37.693949],[140.106882,37.693331],[140.107202,37.691723],[140.10772,37.689784],[140.107771,37.689259],[140.107914,37.688617],[140.107828,37.68827],[140.10734,37.687694],[140.106865,37.687237],[140.106319,37.686518],[140.105907,37.685811],[140.105703,37.685333],[140.105528,37.684855],[140.105316,37.683792],[140.10514,37.683457],[140.10501,37.68181]]],[[[140.141536,37.642631],[140.143018,37.642674],[140.1445,37.642906],[140.14495,37.642927],[140.145972,37.64269],[140.14659,37.642438],[140.147909,37.642429],[140.148166,37.642324],[140.14874,37.641893],[140.149735,37.640821],[140.150119,37.640681],[140.150492,37.640791],[140.151338,37.641572],[140.1516,37.641574],[140.153095,37.641352],[140.154892,37.641585],[140.155946,37.641193],[140.156436,37.640958],[140.156825,37.640353],[140.157567,37.639709],[140.157975,37.639455],[140.158739,37.638858],[140.159694,37.638603],[140.160136,37.638618],[140.160667,37.638729],[140.161397,37.639164],[140.161826,37.63965],[140.162184,37.640457],[140.162498,37.640614],[140.164799,37.640909],[140.164861,37.64076],[140.165065,37.640547],[140.165458,37.640299],[140.166225,37.640084],[140.167081,37.640001],[140.16781,37.639791],[140.168176,37.639931],[140.168653,37.640232],[140.168825,37.640234],[140.169382,37.640053],[140.170137,37.639611],[140.170445,37.639524],[140.171271,37.638616],[140.172117,37.638021],[140.172743,37.637806],[140.174136,37.637692],[140.174521,37.637609],[140.174858,37.637458],[140.174995,37.637054],[140.175366,37.634896],[140.175591,37.634607],[140.175846,37.634403],[140.176281,37.633557],[140.176688,37.633089],[140.177807,37.633128],[140.178286,37.63301],[140.178683,37.632834],[140.17936,37.632624],[140.182077,37.6326],[140.183352,37.632837],[140.183586,37.632839],[140.184075,37.632513],[140.184658,37.631902],[140.185271,37.631742],[140.185613,37.631766],[140.185907,37.631968],[140.186093,37.632284],[140.18618,37.632549],[140.186367,37.632722],[140.186726,37.632775],[140.188291,37.632821],[140.188732,37.632774],[140.189357,37.632392],[140.189675,37.632101],[140.189946,37.632017],[140.190972,37.631974],[140.191324,37.631855],[140.191639,37.631836],[140.193328,37.632842],[140.194357,37.633378],[140.19517,37.633892],[140.196417,37.635045],[140.196814,37.63547],[140.196955,37.635715],[140.197102,37.636216],[140.197203,37.637719],[140.197255,37.637927],[140.197243,37.638199],[140.197097,37.638398],[140.196807,37.638611],[140.195877,37.638898],[140.195042,37.639249],[140.195397,37.639516],[140.195952,37.639835],[140.198106,37.640329],[140.198924,37.640385],[140.199869,37.64037],[140.201049,37.64022],[140.203816,37.639745],[140.205876,37.639526],[140.206001,37.640362],[140.205917,37.640802],[140.205787,37.641181],[140.205631,37.641423],[140.205876,37.642118],[140.206021,37.642828],[140.206261,37.643108],[140.206528,37.64336],[140.207173,37.643637],[140.207613,37.643733],[140.208485,37.643803],[140.209659,37.644261],[140.210099,37.644386],[140.211457,37.645225],[140.211691,37.645227],[140.212043,37.645107],[140.212595,37.644803],[140.21384,37.644518],[140.214777,37.644396],[140.215156,37.644262],[140.216696,37.643293],[140.217552,37.64234],[140.217923,37.642084],[140.219819,37.641503],[140.220897,37.640948],[140.221044,37.641729],[140.225611,37.639261],[140.227332,37.638149],[140.227682,37.638158],[140.228005,37.638275],[140.228551,37.638565],[140.23105,37.639625],[140.231697,37.639694],[140.232183,37.639661],[140.233258,37.639289],[140.235274,37.638308],[140.235816,37.638125],[140.23722,37.638041],[140.238236,37.638091],[140.239817,37.63828],[140.241867,37.638436],[140.24434,37.638545],[140.245006,37.638528],[140.245934,37.638434],[140.250188,37.637595],[140.251991,37.637292],[140.253715,37.637203],[140.254849,37.638831],[140.255254,37.639519],[140.255444,37.63998],[140.255632,37.640732],[140.255748,37.641901],[140.255754,37.642766],[140.25767,37.64155],[140.258521,37.641161],[140.259597,37.640781],[140.260334,37.640589],[140.261174,37.640516],[140.261812,37.640538],[140.262581,37.64077],[140.262714,37.641021],[140.262821,37.641588],[140.262538,37.642123],[140.261909,37.642858],[140.261023,37.643681],[140.26026,37.64432],[140.258719,37.645437],[140.258235,37.645876],[140.258921,37.646226],[140.259982,37.646572],[140.260394,37.646646],[140.261649,37.647089],[140.262904,37.647592],[140.263584,37.647799],[140.26436,37.648162],[140.264808,37.648415],[140.265224,37.648745],[140.265424,37.649027],[140.265586,37.649356],[140.265651,37.649606],[140.265545,37.65047],[140.265308,37.650928],[140.264638,37.651925],[140.264282,37.652275],[140.263823,37.65251],[140.26271,37.652825],[140.262505,37.653057],[140.262413,37.653241],[140.260793,37.653296],[140.260372,37.653377],[140.259285,37.65337],[140.252486,37.653119],[140.252432,37.653279],[140.252151,37.653635],[140.252135,37.653778],[140.251371,37.655127],[140.251309,37.655329],[140.250417,37.656778],[140.249935,37.657777],[140.24991,37.657991],[140.249984,37.658105],[140.250129,37.659328],[140.250613,37.661209],[140.250818,37.662313],[140.251413,37.663704],[140.251424,37.664255],[140.251691,37.665209],[140.251815,37.665457],[140.252081,37.665737],[140.252463,37.665916],[140.253087,37.665962],[140.253643,37.66582],[140.25397,37.666003],[140.254436,37.666508],[140.25489,37.666732],[140.254969,37.666889],[140.255,37.667338],[140.254691,37.667852],[140.254063,37.668352],[140.253094,37.668767],[140.252583,37.668511],[140.252123,37.668424],[140.251639,37.66845],[140.251117,37.668624],[140.250802,37.668871],[140.25062,37.669112],[140.250289,37.669748],[140.249889,37.670111],[140.249558,37.670012],[140.249162,37.669988],[140.248743,37.670061],[140.248477,37.670163],[140.248284,37.670006],[140.247211,37.66873],[140.247102,37.667714],[140.246895,37.666806],[140.246475,37.666141],[140.246116,37.664893],[140.245856,37.663351],[140.24574,37.662339],[140.245362,37.661703],[140.245185,37.661434],[140.244912,37.661165],[140.243192,37.659757],[140.24266,37.659558],[140.242116,37.659421],[140.241757,37.659276],[140.2414,37.659049],[140.240799,37.658568],[140.239551,37.65733],[140.239083,37.656745],[140.238254,37.655127],[140.23784,37.654586],[140.236422,37.652993],[140.236247,37.65252],[140.236017,37.651607],[140.23602,37.651226],[140.235892,37.650848],[140.235621,37.650436],[140.234859,37.649835],[140.234275,37.649431],[140.234048,37.649324],[140.234018,37.648804],[140.233804,37.647959],[140.233174,37.6469],[140.232776,37.646464],[140.232176,37.645945],[140.23159,37.645688],[140.230939,37.645479],[140.230191,37.645288],[140.22737,37.64484],[140.226491,37.644625],[140.224542,37.64402],[140.22429,37.644009],[140.222575,37.643368],[140.222353,37.643357],[140.221955,37.643636],[140.221673,37.643915],[140.222927,37.646232],[140.223731,37.646688],[140.224066,37.647046],[140.224205,37.64752],[140.224192,37.647838],[140.224111,37.648074],[140.223936,37.648328],[140.223725,37.648493],[140.223347,37.648665],[140.22306,37.648724],[140.222657,37.648739],[140.221306,37.648635],[140.220913,37.648577],[140.220374,37.648416],[140.220208,37.64877],[140.219929,37.649039],[140.219528,37.649246],[140.219127,37.649341],[140.217585,37.649345],[140.217196,37.649269],[140.216775,37.6491],[140.216777,37.649459],[140.216991,37.650257],[140.217457,37.651562],[140.217546,37.651691],[140.217579,37.651897],[140.218034,37.653135],[140.216529,37.653053],[140.213387,37.652994],[140.207566,37.653141],[140.206978,37.653185],[140.2064,37.653348],[140.20571,37.653425],[140.205426,37.653556],[140.204815,37.654053],[140.204395,37.654084],[140.203981,37.654024],[140.203497,37.653853],[140.202881,37.653735],[140.202146,37.65342],[140.20189,37.653246],[140.201662,37.653226],[140.200558,37.652713],[140.198917,37.651881],[140.19863,37.651846],[140.197932,37.651488],[140.197762,37.651635],[140.197048,37.652789],[140.196992,37.652951],[140.196256,37.6539],[140.197305,37.655109],[140.198328,37.656456],[140.197034,37.656905],[140.193407,37.658282],[140.191009,37.659248],[140.190347,37.659468],[140.189668,37.659535],[140.188931,37.659501],[140.188579,37.659303],[140.188139,37.658947],[140.187183,37.65802],[140.186986,37.657895],[140.186782,37.657898],[140.186084,37.658122],[140.185846,37.658469],[140.185834,37.659613],[140.186272,37.660685],[140.186844,37.661605],[140.187132,37.662174],[140.188716,37.666005],[140.188696,37.666148],[140.187179,37.666624],[140.18686,37.666679],[140.18663,37.665233],[140.186503,37.664822],[140.186136,37.664371],[140.18575,37.664006],[140.185237,37.663735],[140.184826,37.663441],[140.183572,37.662927],[140.183321,37.662782],[140.182642,37.661814],[140.182395,37.661354],[140.181844,37.660721],[140.180629,37.659907],[140.179878,37.659486],[140.179287,37.659229],[140.177667,37.659213],[140.176961,37.659075],[140.175818,37.658757],[140.17463,37.658224],[140.172626,37.657161],[140.172011,37.656889],[140.170786,37.656523],[140.169971,37.656398],[140.169198,37.656359],[140.167781,37.656416],[140.16653,37.656192],[140.165936,37.656155],[140.165522,37.656176],[140.164811,37.656467],[140.16443,37.65676],[140.163811,37.657409],[140.163161,37.658105],[140.163075,37.65831],[140.162789,37.658637],[140.161551,37.659935],[140.160583,37.660595],[140.160243,37.661013],[140.159606,37.661628],[140.159027,37.662416],[140.158939,37.662759],[140.158695,37.663086],[140.15764,37.664085],[140.157147,37.664673],[140.156663,37.665575],[140.156533,37.666447],[140.156641,37.666978],[140.157151,37.668612],[140.157231,37.668956],[140.15721,37.66919],[140.156741,37.669864],[140.156181,37.671062],[140.155876,37.671522],[140.155789,37.67176],[140.153699,37.674082],[140.152882,37.674668],[140.15231,37.674873],[140.15178,37.67497],[140.150141,37.675072],[140.149748,37.67537],[140.149426,37.675687],[140.149182,37.676043],[140.14893,37.67658],[140.148817,37.677004],[140.148782,37.677462],[140.148669,37.677833],[140.148727,37.678592],[140.148796,37.678811],[140.149347,37.679951],[140.149965,37.681004],[140.150785,37.68226],[140.151479,37.683486],[140.151704,37.683769],[140.152049,37.684606],[140.15271,37.688741],[140.153158,37.692116],[140.153353,37.692895],[140.153496,37.69323],[140.153562,37.693695],[140.15407,37.695724],[140.154613,37.697116],[140.155062,37.698013],[140.155923,37.699064],[140.156681,37.699734],[140.157306,37.700204],[140.158274,37.700619],[140.159431,37.700977],[140.159997,37.701075],[140.164184,37.701126],[140.171979,37.700508],[140.17668,37.700448],[140.17812,37.700458],[140.178615,37.700519],[140.179048,37.701244],[140.179483,37.701813],[140.180589,37.703623],[140.180659,37.703803],[140.182573,37.706807],[140.182199,37.7103],[140.182188,37.714688],[140.181851,37.716718],[140.181406,37.717568],[140.181266,37.717972],[140.179779,37.720126],[140.179755,37.720287],[140.179396,37.720857],[140.178056,37.722588],[140.177282,37.723358],[140.176798,37.72367],[140.17615,37.723904],[140.175278,37.724006],[140.17335,37.72392],[140.172167,37.723674],[140.171049,37.723588],[140.169307,37.72366],[140.168675,37.72381],[140.1657,37.724057],[140.162886,37.724025],[140.162956,37.723126],[140.163218,37.721184],[140.163253,37.720052],[140.162945,37.719417],[140.162611,37.719057],[140.162375,37.71871],[140.161982,37.718326],[140.161864,37.71814],[140.161711,37.717721],[140.161817,37.716983],[140.162195,37.71602],[140.162416,37.715765],[140.162578,37.715349],[140.162607,37.714818],[140.1625,37.714263],[140.162047,37.713896],[140.161592,37.713613],[140.161258,37.713318],[140.161054,37.712745],[140.16095,37.711993],[140.160909,37.710335],[140.161258,37.709258],[140.1614,37.708651],[140.161474,37.708133],[140.16141,37.707793],[140.161026,37.707254],[140.160407,37.706915],[140.159935,37.706817],[140.157872,37.706748],[140.157663,37.706675],[140.157478,37.706483],[140.15722,37.706052],[140.156886,37.705704],[140.156462,37.705421],[140.155385,37.705115],[140.154416,37.704547],[140.153273,37.704044],[140.152807,37.703481],[140.152507,37.702817],[140.152247,37.702424],[140.150683,37.700648],[140.149271,37.699188],[140.147752,37.696563],[140.146132,37.692857],[140.146046,37.692542],[140.145969,37.691361],[140.145771,37.690544],[140.145606,37.690085],[140.145521,37.689619],[140.145311,37.689109],[140.145234,37.688751],[140.144783,37.688004],[140.14467,37.687703],[140.144459,37.686499],[140.144302,37.686047],[140.144,37.68563],[140.143501,37.684446],[140.143286,37.683565],[140.143238,37.682269],[140.143237,37.68159],[140.143443,37.680847],[140.14342,37.680561],[140.143305,37.680338],[140.143325,37.679351],[140.144326,37.678464],[140.144371,37.67767],[140.144462,37.677585],[140.144762,37.677344],[140.146392,37.676433],[140.1471,37.67598],[140.147571,37.675654],[140.148045,37.6752],[140.148311,37.674708],[140.148481,37.67403],[140.148588,37.673372],[140.148486,37.672814],[140.148205,37.67228],[140.147356,37.671139],[140.147196,37.670083],[140.147075,37.669702],[140.146848,37.669371],[140.146621,37.669159],[140.146123,37.668803],[140.145822,37.668647],[140.145466,37.668541],[140.145022,37.668234],[140.144724,37.667964],[140.144398,37.667529],[140.144132,37.667299],[140.143194,37.666789],[140.142199,37.66584],[140.141794,37.665568],[140.141459,37.665416],[140.141092,37.665078],[140.140034,37.665011],[140.139737,37.665059],[140.139354,37.664816],[140.139152,37.664793],[140.138922,37.664831],[140.138714,37.66493],[140.138349,37.665303],[140.137881,37.665364],[140.137693,37.665298],[140.137587,37.665061],[140.137498,37.665017],[140.136994,37.664956],[140.136571,37.665032],[140.135811,37.664948],[140.135466,37.664802],[140.135138,37.664764],[140.133812,37.664243],[140.133705,37.664174],[140.133324,37.663653],[140.132655,37.66314],[140.13248,37.663078],[140.131636,37.662546],[140.131494,37.662419],[140.131064,37.661815],[140.130337,37.661259],[140.130041,37.660824],[140.129689,37.660535],[140.12956,37.660373],[140.129381,37.659932],[140.129185,37.659773],[140.128959,37.659482],[140.128872,37.659181],[140.129091,37.658939],[140.129447,37.658888],[140.130093,37.659072],[140.130324,37.65927],[140.130939,37.659407],[140.131444,37.659733],[140.132406,37.659836],[140.132737,37.66],[140.132944,37.660012],[140.13343,37.65993],[140.133826,37.65995],[140.134454,37.660105],[140.135126,37.660425],[140.135724,37.660451],[140.136864,37.660638],[140.137321,37.660834],[140.137354,37.661074],[140.13729,37.661206],[140.137365,37.6613],[140.137612,37.661167],[140.1375,37.660929],[140.137484,37.660732],[140.137168,37.660443],[140.136846,37.660294],[140.136637,37.660035],[140.136373,37.659962],[140.136176,37.659832],[140.135803,37.659786],[140.135486,37.659641],[140.134946,37.659612],[140.134484,37.659451],[140.134187,37.659456],[140.133461,37.659279],[140.132741,37.659288],[140.132561,37.659233],[140.132283,37.659123],[140.131904,37.658892],[140.131357,37.658702],[140.130677,37.658389],[140.130339,37.658022],[140.130327,37.657911],[140.130427,37.657833],[140.130585,37.657795],[140.130846,37.657793],[140.131939,37.658159],[140.132829,37.658237],[140.133125,37.658375],[140.133535,37.658305],[140.134059,37.658333],[140.134552,37.658237],[140.135278,37.658276],[140.135449,37.65853],[140.135688,37.658617],[140.135844,37.658604],[140.136489,37.658366],[140.136729,37.658334],[140.136932,37.658407],[140.137086,37.658637],[140.137389,37.658816],[140.137486,37.658802],[140.137464,37.658578],[140.137513,37.658502],[140.138044,37.658262],[140.138242,37.658245],[140.13873,37.658554],[140.138794,37.65874],[140.139122,37.658748],[140.13947,37.658991],[140.139561,37.659176],[140.139627,37.659176],[140.139768,37.658944],[140.139862,37.658873],[140.140235,37.658766],[140.14073,37.658788],[140.140971,37.658926],[140.141092,37.65908],[140.141182,37.659087],[140.141438,37.658774],[140.14214,37.658458],[140.142559,37.65853],[140.142712,37.658805],[140.142763,37.658798],[140.142938,37.658444],[140.143446,37.658345],[140.143998,37.658373],[140.144087,37.65846],[140.14418,37.658744],[140.144308,37.658786],[140.144323,37.658566],[140.144427,37.658379],[140.144665,37.658276],[140.145134,37.658234],[140.145752,37.658507],[140.145983,37.658766],[140.146312,37.658816],[140.146957,37.659102],[140.147206,37.659314],[140.147466,37.65965],[140.148157,37.660146],[140.148217,37.660142],[140.148224,37.660065],[140.148054,37.659654],[140.14787,37.659548],[140.147656,37.659317],[140.147522,37.659035],[140.146957,37.65853],[140.146953,37.658425],[140.14702,37.658325],[140.147261,37.658236],[140.148112,37.658319],[140.148918,37.65812],[140.149074,37.658116],[140.149271,37.658194],[140.149482,37.658026],[140.14985,37.657966],[140.150317,37.658121],[140.150548,37.657914],[140.151006,37.657864],[140.151347,37.657926],[140.151618,37.6578],[140.151757,37.657792],[140.152217,37.657882],[140.152754,37.657835],[140.153247,37.657949],[140.15334,37.658009],[140.153386,37.658289],[140.153441,37.658367],[140.153609,37.658413],[140.153662,37.658369],[140.153673,37.658098],[140.153711,37.65805],[140.154137,37.657812],[140.154464,37.657808],[140.15489,37.657579],[140.155206,37.657524],[140.155312,37.657415],[140.15544,37.657365],[140.155732,37.657355],[140.156024,37.657426],[140.156348,37.656999],[140.156831,37.656707],[140.157143,37.656641],[140.157548,37.656656],[140.158135,37.656481],[140.158461,37.656481],[140.158852,37.656358],[140.159021,37.65638],[140.159252,37.656507],[140.159398,37.656514],[140.160184,37.656266],[140.160399,37.656157],[140.16049,37.656054],[140.160611,37.6557],[140.160852,37.655597],[140.161013,37.655592],[140.161134,37.655498],[140.161039,37.655277],[140.160876,37.6551],[140.160432,37.654947],[140.160369,37.654825],[140.160423,37.654745],[140.160894,37.654513],[140.161146,37.654452],[140.161603,37.654443],[140.16169,37.654396],[140.162642,37.65347],[140.162779,37.653259],[140.162811,37.653042],[140.16283,37.652675],[140.162688,37.65234],[140.162526,37.65211],[140.162202,37.651857],[140.161977,37.651569],[140.161948,37.651432],[140.162128,37.651161],[140.161988,37.6512],[140.161522,37.651643],[140.161368,37.651711],[140.161128,37.651703],[140.161013,37.651567],[140.160982,37.650957],[140.160864,37.650789],[140.160926,37.650635],[140.161363,37.650423],[140.162996,37.649295],[140.162641,37.648269],[140.162286,37.647036],[140.161882,37.645309],[140.16181,37.645301],[140.160966,37.645939],[140.160578,37.646108],[140.160289,37.646127],[140.15904,37.645982],[140.158131,37.646062],[140.156976,37.646333],[140.155613,37.646723],[140.154366,37.647172],[140.152678,37.647704],[140.15081,37.648942],[140.150385,37.649118],[140.149638,37.649149],[140.149181,37.648959],[140.148059,37.648708],[140.14717,37.64858],[140.145893,37.648492],[140.145463,37.648389],[140.14516,37.64815],[140.144921,37.647791],[140.144899,37.647354],[140.144697,37.646158],[140.144538,37.6459],[140.144391,37.645362],[140.143815,37.644528],[140.143139,37.643922],[140.141542,37.642708],[140.141536,37.642631]]],[[[140.143675,37.74018],[140.146228,37.739571],[140.14885,37.738708],[140.151564,37.737726],[140.153949,37.736599],[140.155822,37.73561],[140.158687,37.73399],[140.162609,37.731271],[140.162719,37.731071],[140.162658,37.729761],[140.162759,37.729352],[140.162991,37.728991],[140.163318,37.728774],[140.163788,37.728663],[140.163709,37.728214],[140.163127,37.727552],[140.162553,37.727404],[140.161162,37.727175],[140.161008,37.726993],[140.164566,37.725645],[140.168024,37.725679],[140.170177,37.725455],[140.173877,37.725348],[140.175651,37.72558],[140.176192,37.725583],[140.177282,37.725839],[140.179255,37.726597],[140.17983,37.726696],[140.181674,37.727234],[140.182956,37.727519],[140.183989,37.727536],[140.184975,37.72738],[140.185494,37.727107],[140.186148,37.726673],[140.186404,37.726331],[140.186442,37.726084],[140.186603,37.725637],[140.186668,37.725236],[140.186656,37.724111],[140.186387,37.722354],[140.186246,37.722047],[140.1861,37.72115],[140.185672,37.717484],[140.185718,37.71654],[140.185819,37.716149],[140.187812,37.716116],[140.188748,37.716179],[140.190737,37.716593],[140.192233,37.71709],[140.19558,37.71841],[140.19613,37.718672],[140.197195,37.719061],[140.198106,37.719181],[140.198901,37.719229],[140.202391,37.719067],[140.203192,37.718247],[140.203522,37.717701],[140.203597,37.717468],[140.20346,37.716804],[140.203601,37.716476],[140.203646,37.715727],[140.203732,37.715499],[140.203748,37.714545],[140.203883,37.714284],[140.204517,37.713964],[140.204802,37.713698],[140.20495,37.713342],[140.204949,37.712817],[140.20455,37.711398],[140.204835,37.710613],[140.204842,37.710479],[140.204808,37.710312],[140.204749,37.71025],[140.204158,37.709912],[140.20392,37.709667],[140.203456,37.708734],[140.203069,37.708416],[140.201656,37.707553],[140.201305,37.707212],[140.203579,37.707061],[140.205825,37.70699],[140.206198,37.706926],[140.208095,37.706977],[140.210599,37.707344],[140.212104,37.707658],[140.213093,37.70776],[140.213348,37.707845],[140.213723,37.707854],[140.213917,37.707915],[140.21538,37.708008],[140.219986,37.708104],[140.221268,37.708202],[140.222376,37.708436],[140.223613,37.708611],[140.226998,37.709385],[140.226445,37.711601],[140.22631,37.712445],[140.226011,37.713544],[140.225875,37.714493],[140.225856,37.715695],[140.225917,37.717402],[140.226045,37.718348],[140.226952,37.720643],[140.227043,37.721097],[140.227014,37.722146],[140.226851,37.722808],[140.226631,37.724318],[140.226562,37.725753],[140.226607,37.726044],[140.226905,37.726891],[140.227258,37.727608],[140.227747,37.729667],[140.227981,37.730212],[140.228732,37.731391],[140.22939,37.732206],[140.229764,37.732575],[140.230409,37.732913],[140.232068,37.733396],[140.233938,37.733695],[140.235718,37.734102],[140.236123,37.734992],[140.236682,37.73553],[140.237364,37.73583],[140.238859,37.735816],[140.238832,37.736698],[140.238642,37.737054],[140.23756,37.738335],[140.237255,37.738762],[140.237111,37.739338],[140.237117,37.739925],[140.237305,37.740914],[140.237438,37.742031],[140.237394,37.742216],[140.236591,37.742636],[140.235722,37.743011],[140.228452,37.742745],[140.227217,37.743113],[140.225092,37.743514],[140.224363,37.743739],[140.223575,37.743838],[140.223192,37.743731],[140.221996,37.743208],[140.221391,37.743061],[140.22105,37.742992],[140.219897,37.742913],[140.219291,37.742918],[140.218785,37.742982],[140.218093,37.743172],[140.217544,37.743379],[140.217103,37.743605],[140.215809,37.744412],[140.215094,37.745041],[140.214501,37.745428],[140.212912,37.745198],[140.211554,37.745242],[140.20996,37.74546],[140.208064,37.745886],[140.207733,37.745889],[140.205867,37.745137],[140.205226,37.74498],[140.204266,37.744911],[140.203587,37.744964],[140.203183,37.745085],[140.202742,37.745307],[140.201975,37.745711],[140.201479,37.746075],[140.197718,37.749446],[140.197024,37.750299],[140.19107,37.750411],[140.190793,37.750481],[140.18955,37.750496],[140.188331,37.751013],[140.186659,37.751168],[140.185762,37.7514],[140.185056,37.751682],[140.183806,37.752302],[140.182467,37.752799],[140.181358,37.75312],[140.178841,37.753675],[140.176726,37.753732],[140.174763,37.753632],[140.171487,37.753232],[140.169428,37.753103],[140.168517,37.753464],[140.167029,37.754355],[140.166425,37.754651],[140.165698,37.754737],[140.165055,37.754732],[140.163921,37.754615],[140.162723,37.754306],[140.162255,37.754278],[140.16052,37.753641],[140.159374,37.753023],[140.159194,37.752983],[140.156488,37.751662],[140.156338,37.751656],[140.153863,37.75056],[140.153378,37.750433],[140.150982,37.750392],[140.150268,37.750282],[140.148687,37.749932],[140.147678,37.747296],[140.147358,37.746335],[140.146334,37.744053],[140.145614,37.742874],[140.144578,37.742156],[140.144103,37.741662],[140.143761,37.741092],[140.143618,37.740432],[140.143675,37.74018]]],[[[140.143675,37.74018],[140.143618,37.740432],[140.143761,37.741092],[140.144103,37.741662],[140.144578,37.742156],[140.145614,37.742874],[140.146334,37.744053],[140.147358,37.746335],[140.147678,37.747296],[140.148687,37.749932],[140.150268,37.750282],[140.150982,37.750392],[140.153378,37.750433],[140.153863,37.75056],[140.156338,37.751656],[140.156488,37.751662],[140.159194,37.752983],[140.159374,37.753023],[140.16052,37.753641],[140.162255,37.754278],[140.162723,37.754306],[140.163921,37.754615],[140.165055,37.754732],[140.165698,37.754737],[140.166425,37.754651],[140.167029,37.754355],[140.168517,37.753464],[140.169428,37.753103],[140.171487,37.753232],[140.174763,37.753632],[140.176726,37.753732],[140.178841,37.753675],[140.181358,37.75312],[140.182467,37.752799],[140.183806,37.752302],[140.185056,37.751682],[140.185762,37.7514],[140.186659,37.751168],[140.188331,37.751013],[140.18955,37.750496],[140.190793,37.750481],[140.19107,37.750411],[140.197024,37.750299],[140.197718,37.749446],[140.201479,37.746075],[140.201975,37.745711],[140.202742,37.745307],[140.203183,37.745085],[140.203587,37.744964],[140.204266,37.744911],[140.205226,37.74498],[140.205867,37.745137],[140.207733,37.745889],[140.208064,37.745886],[140.20996,37.74546],[140.211554,37.745242],[140.212912,37.745198],[140.214501,37.745428],[140.215094,37.745041],[140.215809,37.744412],[140.217103,37.743605],[140.217544,37.743379],[140.218093,37.743172],[140.218785,37.742982],[140.219291,37.742918],[140.219897,37.742913],[140.22105,37.742992],[140.221391,37.743061],[140.221996,37.743208],[140.223192,37.743731],[140.223575,37.743838],[140.224363,37.743739],[140.225092,37.743514],[140.227217,37.743113],[140.228452,37.742745],[140.234419,37.742989],[140.235722,37.743011],[140.235994,37.742913],[140.237394,37.742216],[140.237438,37.742031],[140.237305,37.740914],[140.237117,37.739925],[140.237111,37.739338],[140.237255,37.738762],[140.23756,37.738335],[140.238642,37.737054],[140.238832,37.736698],[140.238859,37.735816],[140.237364,37.73583],[140.236682,37.73553],[140.236123,37.734992],[140.235718,37.734102],[140.233938,37.733695],[140.232068,37.733396],[140.230409,37.732913],[140.229764,37.732575],[140.22939,37.732206],[140.228732,37.731391],[140.227981,37.730212],[140.227747,37.729667],[140.227258,37.727608],[140.226694,37.726364],[140.226562,37.725753],[140.226631,37.724318],[140.226851,37.722808],[140.227014,37.722146],[140.227043,37.721097],[140.226952,37.720643],[140.226045,37.718348],[140.225917,37.717402],[140.225856,37.715695],[140.225875,37.714493],[140.226011,37.713544],[140.22631,37.712445],[140.226445,37.711601],[140.227032,37.70925],[140.227205,37.708207],[140.227739,37.706794],[140.228312,37.705977],[140.229049,37.705476],[140.230486,37.704732],[140.231366,37.704356],[140.232978,37.704033],[140.233591,37.704027],[140.23431,37.704108],[140.234741,37.704235],[140.236066,37.705542],[140.236177,37.706363],[140.236029,37.706762],[140.23576,37.7072],[140.234812,37.708395],[140.234469,37.708984],[140.234342,37.709709],[140.234504,37.71032],[140.235045,37.711392],[140.236083,37.713173],[140.237813,37.715493],[140.239592,37.717603],[140.241779,37.719868],[140.242727,37.721076],[140.2438,37.721789],[140.244352,37.72183],[140.245075,37.721606],[140.24855,37.720007],[140.249875,37.719557],[140.250983,37.719316],[140.251651,37.719292],[140.251769,37.719567],[140.252265,37.720238],[140.251992,37.72054],[140.251587,37.721175],[140.251471,37.721515],[140.251438,37.721878],[140.251496,37.722136],[140.251904,37.722754],[140.253665,37.724997],[140.254806,37.726192],[140.25605,37.727846],[140.256899,37.729439],[140.257386,37.730477],[140.257499,37.730752],[140.257537,37.731036],[140.257806,37.731916],[140.258047,37.732376],[140.258381,37.732654],[140.259087,37.733007],[140.259861,37.733192],[140.261221,37.733395],[140.261937,37.733306],[140.262707,37.732971],[140.263577,37.732826],[140.264271,37.73262],[140.264325,37.732841],[140.264455,37.733086],[140.264126,37.733394],[140.263913,37.73376],[140.263878,37.734255],[140.263959,37.734541],[140.264273,37.734948],[140.264817,37.735243],[140.265055,37.735773],[140.265334,37.736109],[140.265755,37.736349],[140.266253,37.736488],[140.266249,37.736695],[140.265933,37.737709],[140.265602,37.738393],[140.265359,37.739265],[140.265568,37.739996],[140.265828,37.740197],[140.26495,37.740628],[140.264234,37.741081],[140.263731,37.741298],[140.263043,37.740971],[140.261411,37.740532],[140.260661,37.740444],[140.259993,37.740445],[140.258524,37.740233],[140.257359,37.739558],[140.256942,37.739198],[140.255397,37.737567],[140.25483,37.737193],[140.254396,37.737048],[140.253616,37.737043],[140.252171,37.737403],[140.251311,37.737803],[140.249741,37.738652],[140.249456,37.73865],[140.249169,37.738767],[140.248688,37.738859],[140.248222,37.738856],[140.24799,37.739535],[140.247986,37.73994],[140.248132,37.740346],[140.248416,37.740539],[140.248894,37.740709],[140.249042,37.740936],[140.248628,37.741804],[140.248439,37.741952],[140.246588,37.742405],[140.245849,37.742675],[140.244291,37.743633],[140.243695,37.743881],[140.242618,37.744935],[140.242055,37.745707],[140.241581,37.746526],[140.240431,37.748868],[140.24005,37.749462],[140.239824,37.749496],[140.239661,37.749292],[140.239396,37.748802],[140.23633,37.748973],[140.225605,37.749332],[140.221607,37.749651],[140.219938,37.749891],[140.218495,37.750036],[140.21744,37.750327],[140.215421,37.751053],[140.214548,37.751178],[140.212856,37.750762],[140.211986,37.750613],[140.209243,37.751608],[140.208414,37.751841],[140.206003,37.751205],[140.205312,37.751224],[140.20486,37.7514],[140.203893,37.751965],[140.201068,37.754927],[140.20096,37.755165],[140.200263,37.755709],[140.199855,37.755944],[140.199494,37.75599],[140.197378,37.75588],[140.195395,37.755938],[140.193562,37.756068],[140.191185,37.75641],[140.190476,37.756667],[140.189856,37.757068],[140.189371,37.757459],[140.18905,37.757981],[140.189015,37.758434],[140.189038,37.759126],[140.189256,37.759771],[140.18944,37.760798],[140.18954,37.762682],[140.189684,37.763256],[140.189888,37.763793],[140.190227,37.764392],[140.191195,37.765186],[140.191567,37.765439],[140.192942,37.76614],[140.194332,37.766733],[140.196437,37.76745],[140.192838,37.76696],[140.190883,37.766847],[140.18989,37.767033],[140.188585,37.767739],[140.188159,37.767894],[140.186121,37.768009],[140.185252,37.768418],[140.184942,37.768694],[140.184332,37.768425],[140.183631,37.768263],[140.183144,37.768274],[140.182737,37.768429],[140.182297,37.768747],[140.181956,37.768529],[140.181478,37.768382],[140.181612,37.768147],[140.181621,37.767331],[140.181258,37.765876],[140.18093,37.765366],[140.180539,37.764913],[140.179689,37.764306],[140.179663,37.764213],[140.182919,37.761517],[140.182957,37.761345],[140.184071,37.760022],[140.185525,37.758086],[140.185682,37.757794],[140.185474,37.757814],[140.184904,37.758003],[140.181502,37.759311],[140.180246,37.759559],[140.178623,37.759677],[140.177794,37.759671],[140.176543,37.759584],[140.174869,37.759329],[140.170809,37.758978],[140.169926,37.758986],[140.168969,37.759123],[140.164516,37.760078],[140.163712,37.760287],[140.162865,37.760303],[140.161552,37.760065],[140.160241,37.759626],[140.160025,37.759624],[140.154305,37.757072],[140.154125,37.757064],[140.152286,37.7563],[140.149634,37.755744],[140.147788,37.755666],[140.146553,37.755686],[140.144819,37.755287],[140.143814,37.754901],[140.143226,37.75455],[140.142246,37.75357],[140.141858,37.752852],[140.141368,37.751603],[140.140501,37.747984],[140.140423,37.747506],[140.140271,37.747143],[140.139735,37.746767],[140.138604,37.745814],[140.138118,37.745315],[140.137906,37.744903],[140.137581,37.743975],[140.137125,37.742894],[140.136749,37.742185],[140.13596,37.741827],[140.133829,37.741248],[140.133195,37.741024],[140.130843,37.739776],[140.129839,37.739311],[140.128242,37.738288],[140.126503,37.737007],[140.125373,37.736044],[140.124318,37.734873],[140.124024,37.734346],[140.123983,37.733802],[140.12406,37.733383],[140.124367,37.732813],[140.124598,37.732576],[140.125336,37.732114],[140.126575,37.731875],[140.127468,37.731586],[140.128118,37.731448],[140.128707,37.731386],[140.129499,37.73141],[140.130118,37.731882],[140.13102,37.733038],[140.131935,37.734395],[140.132363,37.734779],[140.132988,37.735247],[140.133777,37.735648],[140.134805,37.736052],[140.136213,37.736315],[140.137582,37.73632],[140.138154,37.736253],[140.138732,37.73608],[140.139239,37.735893],[140.140645,37.73525],[140.141037,37.735143],[140.141824,37.735106],[140.142447,37.735273],[140.142912,37.735534],[140.143412,37.735938],[140.143839,37.736366],[140.144223,37.73695],[140.144374,37.737443],[140.144397,37.73801],[140.14425,37.739273],[140.143944,37.739819],[140.143675,37.74018]]],[[[140.143814,37.754901],[140.144819,37.755287],[140.146553,37.755686],[140.147788,37.755666],[140.149634,37.755744],[140.152286,37.7563],[140.154125,37.757064],[140.154305,37.757072],[140.160025,37.759624],[140.160241,37.759626],[140.161552,37.760065],[140.162865,37.760303],[140.163712,37.760287],[140.164516,37.760078],[140.168969,37.759123],[140.169926,37.758986],[140.170809,37.758978],[140.174869,37.759329],[140.176543,37.759584],[140.177794,37.759671],[140.178623,37.759677],[140.180246,37.759559],[140.181502,37.759311],[140.184904,37.758003],[140.185474,37.757814],[140.185682,37.757794],[140.185525,37.758086],[140.184071,37.760022],[140.182957,37.761345],[140.182919,37.761517],[140.179663,37.764213],[140.179689,37.764306],[140.180539,37.764913],[140.18093,37.765366],[140.181258,37.765876],[140.181621,37.767331],[140.181612,37.768147],[140.181373,37.768567],[140.181001,37.768808],[140.180015,37.769101],[140.178462,37.769405],[140.175547,37.769714],[140.175303,37.769812],[140.173986,37.769889],[140.172679,37.769866],[140.171059,37.769725],[140.170853,37.770411],[140.17065,37.770824],[140.17016,37.771107],[140.16969,37.77124],[140.169282,37.771423],[140.168944,37.771821],[140.168772,37.771898],[140.168538,37.771925],[140.167475,37.771875],[140.167166,37.772045],[140.167002,37.772229],[140.165992,37.772337],[140.165747,37.772478],[140.165444,37.772898],[140.165324,37.773162],[140.165327,37.773713],[140.165527,37.774394],[140.165479,37.774644],[140.164191,37.775329],[140.163684,37.775533],[140.163414,37.775754],[140.163071,37.775845],[140.162583,37.776092],[140.162069,37.776398],[140.16178,37.776635],[140.161476,37.776311],[140.161335,37.776081],[140.161047,37.775228],[140.160859,37.775112],[140.160365,37.774929],[140.158586,37.774466],[140.158522,37.77292],[140.157971,37.772315],[140.157894,37.771907],[140.157698,37.771705],[140.157358,37.771481],[140.157279,37.771295],[140.157264,37.770257],[140.157078,37.769955],[140.155543,37.768628],[140.154545,37.767669],[140.154315,37.767267],[140.15413,37.766844],[140.153941,37.766077],[140.15392,37.765519],[140.153966,37.764625],[140.154064,37.763974],[140.154793,37.761683],[140.154758,37.761619],[140.151523,37.760801],[140.151188,37.760885],[140.15074,37.761454],[140.150196,37.762559],[140.149978,37.763523],[140.149583,37.766525],[140.14947,37.766925],[140.149195,37.767366],[140.148885,37.767621],[140.148786,37.767635],[140.148663,37.767398],[140.14856,37.766954],[140.14871,37.766383],[140.148704,37.766146],[140.148509,37.765065],[140.14854,37.764764],[140.148853,37.76413],[140.147072,37.763874],[140.147039,37.763623],[140.147103,37.762787],[140.147216,37.762323],[140.146001,37.762163],[140.145766,37.762219],[140.145558,37.762339],[140.145382,37.76271],[140.145223,37.763231],[140.144986,37.764281],[140.144337,37.764283],[140.141645,37.764021],[140.1406,37.763984],[140.140547,37.763905],[140.140956,37.762828],[140.141698,37.760251],[140.141846,37.759894],[140.141857,37.75973],[140.141645,37.759392],[140.141514,37.75904],[140.141472,37.758747],[140.141313,37.758424],[140.141898,37.756954],[140.14202,37.756526],[140.142036,37.755903],[140.142238,37.75559],[140.142865,37.755173],[140.143273,37.754947],[140.143634,37.754878],[140.143814,37.754901]]],[[[140.163414,37.775754],[140.163684,37.775533],[140.164191,37.775329],[140.165479,37.774644],[140.165527,37.774394],[140.165327,37.773713],[140.165324,37.773162],[140.165444,37.772898],[140.165747,37.772478],[140.165992,37.772337],[140.167002,37.772229],[140.167166,37.772045],[140.167475,37.771875],[140.168538,37.771925],[140.168772,37.771898],[140.168944,37.771821],[140.169282,37.771423],[140.16969,37.77124],[140.17016,37.771107],[140.17065,37.770824],[140.170853,37.770411],[140.171059,37.769725],[140.172679,37.769866],[140.173986,37.769889],[140.175303,37.769812],[140.175547,37.769714],[140.178462,37.769405],[140.180015,37.769101],[140.181001,37.768808],[140.181373,37.768567],[140.181478,37.768382],[140.181956,37.768529],[140.182297,37.768747],[140.180662,37.770296],[140.180461,37.770559],[140.180005,37.770992],[140.178959,37.771865],[140.177878,37.772609],[140.177579,37.772743],[140.176875,37.772916],[140.176268,37.773148],[140.175506,37.773637],[140.175415,37.773778],[140.174503,37.773908],[140.173917,37.773925],[140.173124,37.773905],[140.172431,37.773829],[140.1711,37.773562],[140.170361,37.773578],[140.169621,37.773673],[140.168807,37.773889],[140.165764,37.775249],[140.1641,37.775723],[140.163414,37.775754]]],[[[140.175415,37.773778],[140.175506,37.773637],[140.176268,37.773148],[140.176875,37.772916],[140.177579,37.772743],[140.177878,37.772609],[140.178959,37.771865],[140.180005,37.770992],[140.180461,37.770559],[140.180662,37.770296],[140.182165,37.768847],[140.182737,37.768429],[140.183144,37.768274],[140.183631,37.768263],[140.184332,37.768425],[140.184942,37.768694],[140.185252,37.768418],[140.186121,37.768009],[140.188159,37.767894],[140.188585,37.767739],[140.18989,37.767033],[140.190883,37.766847],[140.192838,37.76696],[140.196437,37.76745],[140.199769,37.767723],[140.201941,37.767688],[140.203835,37.767564],[140.205994,37.767114],[140.206877,37.767098],[140.207462,37.767188],[140.208598,37.767182],[140.209545,37.767109],[140.21033,37.76695],[140.210883,37.766718],[140.211962,37.766009],[140.212126,37.765882],[140.212287,37.765103],[140.212487,37.765004],[140.212896,37.764685],[140.213073,37.764965],[140.213106,37.765209],[140.213083,37.765716],[140.213831,37.765743],[140.214571,37.765626],[140.215141,37.765365],[140.215996,37.764698],[140.216421,37.764501],[140.217322,37.764579],[140.217986,37.764833],[140.218667,37.765217],[140.219346,37.765765],[140.219776,37.765968],[140.220009,37.766134],[140.220566,37.766296],[140.223354,37.766786],[140.224055,37.766984],[140.224818,37.767275],[140.225787,37.767704],[140.227122,37.768456],[140.227614,37.768867],[140.227979,37.769278],[140.228306,37.769916],[140.228516,37.770469],[140.228611,37.77092],[140.228635,37.772058],[140.228576,37.772544],[140.228152,37.773442],[140.227319,37.774462],[140.227191,37.774935],[140.227037,37.775267],[140.227081,37.775654],[140.227796,37.77625],[140.227794,37.776393],[140.227745,37.77655],[140.227629,37.776669],[140.227207,37.776842],[140.226759,37.777111],[140.226352,37.777543],[140.226279,37.777704],[140.226246,37.777962],[140.226271,37.77842],[140.226215,37.778644],[140.226002,37.778919],[140.22579,37.779065],[140.225271,37.779238],[140.225144,37.779338],[140.225063,37.779599],[140.22514,37.77971],[140.225504,37.779998],[140.225676,37.780219],[140.226319,37.781353],[140.226641,37.781551],[140.22676,37.781676],[140.226843,37.781795],[140.22684,37.782043],[140.226887,37.782182],[140.226982,37.782302],[140.22765,37.782755],[140.227766,37.783156],[140.227644,37.783933],[140.227795,37.784391],[140.227799,37.784806],[140.2277,37.784892],[140.227211,37.785104],[140.22694,37.785159],[140.226498,37.785164],[140.224635,37.784915],[140.223986,37.78494],[140.223552,37.785087],[140.22289,37.785412],[140.22201,37.785993],[140.219963,37.787703],[140.217829,37.790064],[140.217342,37.790104],[140.215864,37.790058],[140.215135,37.789896],[140.213348,37.789276],[140.211796,37.788543],[140.209332,37.787196],[140.208885,37.786814],[140.208317,37.785923],[140.208187,37.785485],[140.208053,37.785349],[140.206067,37.783976],[140.205568,37.783422],[140.205034,37.782724],[140.204805,37.782279],[140.204463,37.78134],[140.203975,37.780657],[140.203538,37.780196],[140.20276,37.779633],[140.200431,37.778279],[140.199929,37.778032],[140.198909,37.778828],[140.198034,37.779645],[140.197558,37.779942],[140.19577,37.780678],[140.194986,37.780832],[140.193847,37.781203],[140.192682,37.781403],[140.192686,37.781023],[140.192733,37.780838],[140.192982,37.780296],[140.190751,37.778299],[140.188954,37.780168],[140.188828,37.780217],[140.188213,37.778768],[140.187095,37.778739],[140.18679,37.778658],[140.186759,37.778171],[140.183913,37.776363],[140.1839,37.775876],[140.18382,37.775761],[140.183541,37.775702],[140.182556,37.775917],[140.181274,37.775314],[140.180719,37.774996],[140.180494,37.774987],[140.180059,37.775184],[140.179659,37.775489],[140.179285,37.77593],[140.178999,37.776486],[140.178795,37.777014],[140.178502,37.777434],[140.177929,37.777917],[140.177403,37.778213],[140.177213,37.778205],[140.176884,37.777831],[140.17669,37.777443],[140.17665,37.776971],[140.176676,37.776291],[140.176593,37.77564],[140.176349,37.774872],[140.176013,37.774312],[140.175638,37.77393],[140.175415,37.773778]]],[[[140.182573,37.706807],[140.180659,37.703803],[140.180589,37.703623],[140.179483,37.701813],[140.179048,37.701244],[140.178615,37.700519],[140.17812,37.700458],[140.17668,37.700448],[140.171979,37.700508],[140.164184,37.701126],[140.159997,37.701075],[140.159431,37.700977],[140.158274,37.700619],[140.157306,37.700204],[140.156681,37.699734],[140.155923,37.699064],[140.155062,37.698013],[140.154613,37.697116],[140.15407,37.695724],[140.153562,37.693695],[140.153496,37.69323],[140.153353,37.692895],[140.153158,37.692116],[140.15271,37.688741],[140.152049,37.684606],[140.151704,37.683769],[140.151479,37.683486],[140.150785,37.68226],[140.149965,37.681004],[140.149083,37.679443],[140.148727,37.678592],[140.148669,37.677833],[140.148782,37.677462],[140.148817,37.677004],[140.14893,37.67658],[140.149182,37.676043],[140.149426,37.675687],[140.149748,37.67537],[140.150141,37.675072],[140.15178,37.67497],[140.15231,37.674873],[140.152882,37.674668],[140.153699,37.674082],[140.155789,37.67176],[140.155876,37.671522],[140.156181,37.671062],[140.156741,37.669864],[140.15721,37.66919],[140.157231,37.668956],[140.157151,37.668612],[140.156641,37.666978],[140.156533,37.666447],[140.156663,37.665575],[140.157147,37.664673],[140.15764,37.664085],[140.158695,37.663086],[140.158939,37.662759],[140.159027,37.662416],[140.159606,37.661628],[140.160243,37.661013],[140.160583,37.660595],[140.161551,37.659935],[140.162789,37.658637],[140.163075,37.65831],[140.163161,37.658105],[140.16443,37.65676],[140.164811,37.656467],[140.165131,37.656316],[140.165522,37.656176],[140.165936,37.656155],[140.16653,37.656192],[140.167781,37.656416],[140.169198,37.656359],[140.169971,37.656398],[140.170786,37.656523],[140.172011,37.656889],[140.172626,37.657161],[140.17463,37.658224],[140.175818,37.658757],[140.176961,37.659075],[140.177667,37.659213],[140.179287,37.659229],[140.179878,37.659486],[140.180629,37.659907],[140.181844,37.660721],[140.182164,37.661048],[140.182395,37.661354],[140.182913,37.662231],[140.183321,37.662782],[140.183572,37.662927],[140.184826,37.663441],[140.185237,37.663735],[140.18575,37.664006],[140.186136,37.664371],[140.186503,37.664822],[140.18663,37.665233],[140.18686,37.666679],[140.187179,37.666624],[140.188696,37.666148],[140.188716,37.666005],[140.187132,37.662174],[140.186844,37.661605],[140.186272,37.660685],[140.185834,37.659613],[140.185846,37.658469],[140.186084,37.658122],[140.186782,37.657898],[140.186986,37.657895],[140.187183,37.65802],[140.188139,37.658947],[140.188579,37.659303],[140.188931,37.659501],[140.189668,37.659535],[140.190347,37.659468],[140.191009,37.659248],[140.193407,37.658282],[140.197034,37.656905],[140.198328,37.656456],[140.197305,37.655109],[140.196256,37.6539],[140.196992,37.652951],[140.197048,37.652789],[140.197762,37.651635],[140.197932,37.651488],[140.19863,37.651846],[140.198917,37.651881],[140.200558,37.652713],[140.201662,37.653226],[140.20189,37.653246],[140.202146,37.65342],[140.202881,37.653735],[140.203497,37.653853],[140.203981,37.654024],[140.204395,37.654084],[140.204815,37.654053],[140.205426,37.653556],[140.20571,37.653425],[140.2064,37.653348],[140.206978,37.653185],[140.207566,37.653141],[140.213387,37.652994],[140.216529,37.653053],[140.218034,37.653135],[140.217579,37.651897],[140.217546,37.651691],[140.217457,37.651562],[140.216991,37.650257],[140.216777,37.649459],[140.216775,37.6491],[140.217196,37.649269],[140.217585,37.649345],[140.219127,37.649341],[140.219528,37.649246],[140.219929,37.649039],[140.220208,37.64877],[140.220374,37.648416],[140.220913,37.648577],[140.221306,37.648635],[140.222657,37.648739],[140.22306,37.648724],[140.223415,37.648642],[140.223783,37.648456],[140.223979,37.64828],[140.224138,37.648013],[140.224205,37.64752],[140.224066,37.647046],[140.223731,37.646688],[140.222927,37.646232],[140.221709,37.644017],[140.221673,37.643915],[140.221859,37.643723],[140.222353,37.643357],[140.222575,37.643368],[140.22429,37.644009],[140.224542,37.64402],[140.226491,37.644625],[140.22737,37.64484],[140.230191,37.645288],[140.23159,37.645688],[140.232176,37.645945],[140.232776,37.646464],[140.233174,37.6469],[140.233539,37.64748],[140.233804,37.647959],[140.233932,37.648393],[140.234018,37.648804],[140.234048,37.649324],[140.234275,37.649431],[140.234859,37.649835],[140.235621,37.650436],[140.235892,37.650848],[140.23602,37.651226],[140.236017,37.651607],[140.236247,37.65252],[140.236422,37.652993],[140.23784,37.654586],[140.238254,37.655127],[140.239083,37.656745],[140.239551,37.65733],[140.240799,37.658568],[140.2414,37.659049],[140.241757,37.659276],[140.242116,37.659421],[140.24266,37.659558],[140.243192,37.659757],[140.245185,37.661434],[140.24574,37.662339],[140.245856,37.663351],[140.246116,37.664893],[140.246475,37.666141],[140.246895,37.666806],[140.247102,37.667714],[140.247211,37.66873],[140.248284,37.670006],[140.248477,37.670163],[140.248101,37.670466],[140.247864,37.670857],[140.247682,37.670629],[140.247353,37.670392],[140.246846,37.670198],[140.246395,37.670107],[140.245944,37.67011],[140.245608,37.670186],[140.245208,37.670356],[140.244766,37.670689],[140.244232,37.671258],[140.243824,37.671894],[140.243609,37.67235],[140.243563,37.672703],[140.243667,37.673151],[140.243885,37.673457],[140.244333,37.67375],[140.244863,37.673893],[140.244481,37.674208],[140.24416,37.67476],[140.243219,37.675247],[140.242899,37.67514],[140.242434,37.67509],[140.24192,37.675195],[140.24155,37.675388],[140.240953,37.675373],[140.240654,37.675416],[140.240198,37.675606],[140.239854,37.675978],[140.239162,37.675936],[140.238237,37.675725],[140.23747,37.67577],[140.236635,37.675314],[140.236291,37.675209],[140.235813,37.675181],[140.23535,37.675261],[140.234965,37.675454],[140.234729,37.67568],[140.234567,37.67598],[140.234508,37.676262],[140.234064,37.676677],[140.233857,37.677001],[140.233694,37.677431],[140.233207,37.677532],[140.232377,37.677559],[140.231852,37.677709],[140.231616,37.67785],[140.231307,37.678148],[140.230654,37.678626],[140.230287,37.679041],[140.230157,37.679435],[140.230193,37.679888],[140.229979,37.680703],[140.2299,37.681665],[140.229953,37.682144],[140.230431,37.683482],[140.230917,37.68438],[140.231178,37.685204],[140.231383,37.685559],[140.231725,37.685988],[140.23174,37.687641],[140.231815,37.688008],[140.232175,37.688622],[140.232921,37.689251],[140.231991,37.689227],[140.231704,37.689286],[140.231446,37.689402],[140.231129,37.689647],[140.230979,37.68985],[140.230884,37.690158],[140.230894,37.690451],[140.230986,37.690675],[140.231161,37.6909],[140.231516,37.691148],[140.231673,37.691217],[140.232372,37.691231],[140.232609,37.691557],[140.232714,37.691835],[140.233012,37.692037],[140.233105,37.692285],[140.233426,37.692593],[140.233185,37.692677],[140.231387,37.693591],[140.229924,37.694668],[140.224714,37.698135],[140.223784,37.698635],[140.221657,37.700004],[140.217549,37.702466],[140.213859,37.705113],[140.213075,37.70547],[140.211859,37.706148],[140.211568,37.706433],[140.210191,37.707187],[140.210142,37.70729],[140.208095,37.706977],[140.207123,37.706932],[140.206198,37.706926],[140.205825,37.70699],[140.203579,37.707061],[140.201305,37.707212],[140.200356,37.706317],[140.200029,37.705957],[140.199778,37.705573],[140.199677,37.705239],[140.199652,37.704809],[140.19956,37.704505],[140.199408,37.704396],[140.199312,37.704124],[140.199266,37.703437],[140.198627,37.702552],[140.19853,37.702323],[140.198525,37.702001],[140.198599,37.701787],[140.198972,37.701396],[140.199038,37.701139],[140.198508,37.700248],[140.198312,37.700018],[140.1981,37.699594],[140.197767,37.699635],[140.193757,37.700774],[140.19353,37.700958],[140.192626,37.702891],[140.192255,37.703926],[140.192206,37.704261],[140.191799,37.705289],[140.190882,37.706849],[140.190226,37.707553],[140.189645,37.707928],[140.188478,37.7084],[140.187965,37.708403],[140.187066,37.70829],[140.184714,37.707594],[140.183405,37.707098],[140.18293,37.706859],[140.182573,37.706807]]],[[[140.196437,37.76745],[140.196577,37.767312],[140.198733,37.766587],[140.20074,37.76573],[140.201358,37.765532],[140.202521,37.764896],[140.204128,37.763535],[140.204089,37.761556],[140.204309,37.760675],[140.204724,37.759416],[140.204688,37.75855],[140.204449,37.758148],[140.202994,37.756908],[140.202951,37.756657],[140.203071,37.756393],[140.203262,37.756223],[140.206737,37.754901],[140.208392,37.754347],[140.209657,37.753969],[140.210605,37.753775],[140.211615,37.753718],[140.212911,37.753862],[140.214112,37.754471],[140.215143,37.754922],[140.215432,37.754938],[140.215892,37.754855],[140.216433,37.754837],[140.217098,37.755021],[140.217473,37.755309],[140.218065,37.755571],[140.219288,37.755779],[140.221475,37.756874],[140.221943,37.75697],[140.222992,37.756619],[140.223867,37.756553],[140.226417,37.756527],[140.228968,37.756394],[140.229976,37.756551],[140.230244,37.756781],[140.230876,37.757537],[140.231203,37.758154],[140.232286,37.760593],[140.232979,37.762465],[140.232986,37.762623],[140.233134,37.763096],[140.233599,37.762627],[140.234128,37.761993],[140.234708,37.760802],[140.234975,37.759373],[140.235208,37.758624],[140.235803,37.75769],[140.236177,37.757228],[140.237897,37.755643],[140.239581,37.754002],[140.240252,37.753004],[140.240427,37.753527],[140.240847,37.753842],[140.240661,37.756897],[140.240817,37.758336],[140.240733,37.758636],[140.240404,37.759027],[140.239124,37.760035],[140.238732,37.760469],[140.238639,37.760711],[140.23869,37.760969],[140.239045,37.761579],[140.239897,37.76278],[140.240082,37.76326],[140.240168,37.763604],[140.240259,37.764406],[140.240296,37.765207],[140.240398,37.765595],[140.240124,37.765642],[140.238106,37.766423],[140.236891,37.767123],[140.234491,37.769168],[140.233544,37.770135],[140.233278,37.770555],[140.232219,37.771822],[140.231774,37.772212],[140.230925,37.77323],[140.232018,37.773845],[140.232851,37.774415],[140.233475,37.774929],[140.233309,37.775142],[140.230366,37.777312],[140.229665,37.777959],[140.229279,37.778664],[140.229084,37.779185],[140.229043,37.779729],[140.229119,37.781074],[140.229041,37.782519],[140.228908,37.783148],[140.22874,37.783733],[140.228474,37.784146],[140.227799,37.784806],[140.227795,37.784391],[140.227644,37.783933],[140.227766,37.783156],[140.22765,37.782755],[140.226982,37.782302],[140.226887,37.782182],[140.22684,37.782043],[140.226843,37.781795],[140.22676,37.781676],[140.226641,37.781551],[140.226319,37.781353],[140.225676,37.780219],[140.225504,37.779998],[140.22514,37.77971],[140.225063,37.779599],[140.225144,37.779338],[140.225271,37.779238],[140.22579,37.779065],[140.226002,37.778919],[140.226215,37.778644],[140.226271,37.77842],[140.226246,37.777962],[140.226279,37.777704],[140.226352,37.777543],[140.226759,37.777111],[140.227207,37.776842],[140.227629,37.776669],[140.227745,37.77655],[140.227796,37.77625],[140.227081,37.775654],[140.227037,37.775267],[140.227191,37.774935],[140.227319,37.774462],[140.228152,37.773442],[140.228576,37.772544],[140.228635,37.772058],[140.228611,37.77092],[140.228516,37.770469],[140.228306,37.769916],[140.227979,37.769278],[140.227614,37.768867],[140.227122,37.768456],[140.226477,37.768073],[140.225787,37.767704],[140.224055,37.766984],[140.223354,37.766786],[140.220566,37.766296],[140.220009,37.766134],[140.219776,37.765968],[140.219346,37.765765],[140.218667,37.765217],[140.217986,37.764833],[140.217322,37.764579],[140.216421,37.764501],[140.215996,37.764698],[140.215141,37.765365],[140.214571,37.765626],[140.213831,37.765743],[140.213083,37.765716],[140.213106,37.765209],[140.213073,37.764965],[140.212896,37.764685],[140.212487,37.765004],[140.212287,37.765103],[140.212126,37.765882],[140.211962,37.766009],[140.210883,37.766718],[140.21033,37.76695],[140.209545,37.767109],[140.208598,37.767182],[140.207462,37.767188],[140.206877,37.767098],[140.205994,37.767114],[140.203835,37.767564],[140.201941,37.767688],[140.199769,37.767723],[140.196437,37.76745]]],[[[140.196437,37.76745],[140.194332,37.766733],[140.192942,37.76614],[140.191567,37.765439],[140.191195,37.765186],[140.190227,37.764392],[140.189888,37.763793],[140.189684,37.763256],[140.18954,37.762682],[140.18944,37.760798],[140.189256,37.759771],[140.189038,37.759126],[140.189015,37.758434],[140.18905,37.757981],[140.189371,37.757459],[140.189856,37.757068],[140.190476,37.756667],[140.191185,37.75641],[140.193562,37.756068],[140.195395,37.755938],[140.197378,37.75588],[140.199494,37.75599],[140.199855,37.755944],[140.200263,37.755709],[140.20096,37.755165],[140.201068,37.754927],[140.203893,37.751965],[140.20486,37.7514],[140.205312,37.751224],[140.206003,37.751205],[140.208414,37.751841],[140.209243,37.751608],[140.211986,37.750613],[140.212856,37.750762],[140.214548,37.751178],[140.215421,37.751053],[140.21744,37.750327],[140.218495,37.750036],[140.219938,37.749891],[140.221607,37.749651],[140.225605,37.749332],[140.23633,37.748973],[140.239396,37.748802],[140.239661,37.749292],[140.239824,37.749496],[140.24005,37.749462],[140.240431,37.748868],[140.241581,37.746526],[140.242055,37.745707],[140.242618,37.744935],[140.243695,37.743881],[140.244291,37.743633],[140.24447,37.743741],[140.244588,37.743921],[140.244646,37.744112],[140.244635,37.744416],[140.244853,37.7448],[140.245799,37.745064],[140.246529,37.745374],[140.246792,37.745509],[140.247234,37.746016],[140.247663,37.746312],[140.24849,37.746582],[140.248776,37.746727],[140.249213,37.747259],[140.250409,37.747994],[140.250577,37.748144],[140.25066,37.748335],[140.251064,37.7487],[140.251953,37.748744],[140.252072,37.748859],[140.251899,37.749335],[140.251885,37.749545],[140.251762,37.749792],[140.249397,37.750845],[140.249333,37.751283],[140.24916,37.751712],[140.249015,37.751835],[140.248795,37.752139],[140.24878,37.752415],[140.249051,37.75296],[140.249095,37.7534],[140.248814,37.753817],[140.24827,37.754196],[140.247643,37.75442],[140.246812,37.754606],[140.244334,37.754886],[140.243106,37.755145],[140.242413,37.755404],[140.242025,37.754966],[140.240896,37.753879],[140.240427,37.753527],[140.240252,37.753004],[140.239581,37.754002],[140.237897,37.755643],[140.236177,37.757228],[140.235803,37.75769],[140.235208,37.758624],[140.234975,37.759373],[140.234708,37.760802],[140.234128,37.761993],[140.233599,37.762627],[140.233134,37.763096],[140.232986,37.762623],[140.232979,37.762465],[140.232286,37.760593],[140.231203,37.758154],[140.230876,37.757537],[140.230244,37.756781],[140.229976,37.756551],[140.228968,37.756394],[140.226417,37.756527],[140.223867,37.756553],[140.222992,37.756619],[140.221943,37.75697],[140.221475,37.756874],[140.219288,37.755779],[140.218065,37.755571],[140.217473,37.755309],[140.217098,37.755021],[140.216433,37.754837],[140.215892,37.754855],[140.215432,37.754938],[140.215143,37.754922],[140.214112,37.754471],[140.212911,37.753862],[140.211615,37.753718],[140.210605,37.753775],[140.209657,37.753969],[140.208392,37.754347],[140.206737,37.754901],[140.203262,37.756223],[140.203071,37.756393],[140.202951,37.756657],[140.202994,37.756908],[140.204449,37.758148],[140.204688,37.75855],[140.204724,37.759416],[140.204309,37.760675],[140.204089,37.761556],[140.204128,37.763535],[140.202521,37.764896],[140.201358,37.765532],[140.20074,37.76573],[140.198733,37.766587],[140.196577,37.767312],[140.196437,37.76745]]],[[[140.209934,37.61377],[140.210131,37.613574],[140.210191,37.613428],[140.211026,37.612704],[140.211568,37.612045],[140.211715,37.611728],[140.212108,37.611198],[140.212657,37.610722],[140.213139,37.6106],[140.213797,37.610519],[140.215934,37.609957],[140.217029,37.609764],[140.217845,37.609551],[140.218716,37.609235],[140.220566,37.609025],[140.221045,37.608774],[140.221551,37.608606],[140.221879,37.60859],[140.222091,37.608527],[140.22249,37.608255],[140.222634,37.608227],[140.223406,37.608357],[140.223781,37.608209],[140.223791,37.608091],[140.223686,37.607765],[140.223741,37.607662],[140.223855,37.607577],[140.22509,37.607202],[140.225701,37.606895],[140.225878,37.606735],[140.22596,37.606575],[140.226025,37.606389],[140.226094,37.605774],[140.226154,37.605632],[140.226336,37.605422],[140.227095,37.604711],[140.22856,37.603887],[140.230988,37.601256],[140.232799,37.600165],[140.234053,37.599505],[140.235089,37.598997],[140.235655,37.598781],[140.236425,37.59851],[140.237482,37.598278],[140.238237,37.598013],[140.238557,37.597819],[140.238758,37.597487],[140.239471,37.596966],[140.239725,37.596696],[140.240443,37.596233],[140.241426,37.595871],[140.241503,37.596101],[140.241758,37.596526],[140.242469,37.597389],[140.242854,37.596299],[140.243379,37.595569],[140.243865,37.595051],[140.245314,37.59487],[140.246545,37.594809],[140.247068,37.594679],[140.247305,37.594322],[140.247436,37.593973],[140.247634,37.592907],[140.248071,37.591451],[140.248226,37.590735],[140.248471,37.59024],[140.249093,37.589405],[140.249809,37.588814],[140.250764,37.588298],[140.25342,37.587318],[140.254554,37.587043],[140.255221,37.586688],[140.256446,37.585857],[140.257883,37.585026],[140.259083,37.584359],[140.25983,37.584054],[140.260474,37.583898],[140.261731,37.583723],[140.263576,37.583657],[140.263835,37.583852],[140.263932,37.584017],[140.263322,37.584879],[140.263339,37.584979],[140.264522,37.585344],[140.264738,37.585317],[140.265869,37.584537],[140.266429,37.584233],[140.268693,37.58351],[140.269667,37.583244],[140.27212,37.582365],[140.27267,37.582218],[140.273273,37.582122],[140.273984,37.582105],[140.276032,37.582289],[140.277083,37.582317],[140.278358,37.582496],[140.280582,37.583025],[140.281274,37.583079],[140.282012,37.583027],[140.283093,37.58279],[140.283902,37.582759],[140.286518,37.582832],[140.288404,37.582944],[140.289185,37.583106],[140.290144,37.583405],[140.290833,37.583731],[140.291226,37.584027],[140.291734,37.584523],[140.291195,37.584537],[140.290902,37.584577],[140.290797,37.584642],[140.290807,37.585119],[140.291218,37.586033],[140.291275,37.58638],[140.291212,37.586707],[140.2908,37.587456],[140.290885,37.588798],[140.290526,37.589487],[140.290104,37.589777],[140.28975,37.589882],[140.289293,37.589927],[140.288073,37.589812],[140.285991,37.58971],[140.28444,37.590476],[140.284214,37.590659],[140.284246,37.591232],[140.284324,37.591662],[140.284023,37.591797],[140.28352,37.591907],[140.2831,37.591928],[140.282415,37.591483],[140.282409,37.590613],[140.281456,37.589981],[140.281026,37.589489],[140.280531,37.589498],[140.279787,37.589708],[140.279512,37.589718],[140.279678,37.590076],[140.280011,37.591082],[140.280161,37.591378],[140.280479,37.591659],[140.281,37.59194],[140.281258,37.592165],[140.281678,37.592828],[140.282298,37.593958],[140.282298,37.594087],[140.28243,37.594411],[140.282538,37.594984],[140.282597,37.595092],[140.282169,37.59606],[140.28192,37.596232],[140.279761,37.597161],[140.278459,37.597659],[140.278075,37.597872],[140.27612,37.598617],[140.271049,37.600708],[140.270691,37.60132],[140.269543,37.602976],[140.269375,37.603327],[140.269019,37.60376],[140.268896,37.604039],[140.268288,37.604882],[140.268287,37.604984],[140.266756,37.607478],[140.26656,37.608164],[140.266711,37.6085],[140.266714,37.608834],[140.266833,37.60902],[140.267151,37.609259],[140.267319,37.609478],[140.267331,37.609669],[140.267199,37.609926],[140.267211,37.610041],[140.267355,37.610365],[140.267559,37.610651],[140.268087,37.611181],[140.268323,37.611324],[140.268635,37.611414],[140.269229,37.611438],[140.270009,37.611586],[140.270674,37.611858],[140.271412,37.612344],[140.271604,37.61254],[140.271717,37.612926],[140.271592,37.61316],[140.271574,37.613398],[140.271739,37.613682],[140.271687,37.613691],[140.271306,37.615096],[140.271194,37.615846],[140.271468,37.616188],[140.272352,37.61698],[140.272492,37.617172],[140.272473,37.617583],[140.272292,37.617767],[140.272005,37.617914],[140.271637,37.618001],[140.270341,37.61808],[140.26968,37.618286],[140.268244,37.619164],[140.267292,37.619683],[140.266691,37.619832],[140.266367,37.61983],[140.260248,37.618962],[140.25702,37.618757],[140.255893,37.620556],[140.255473,37.621299],[140.255304,37.621745],[140.255318,37.62184],[140.255584,37.622164],[140.257218,37.623683],[140.255237,37.625759],[140.255199,37.625911],[140.254606,37.626603],[140.254022,37.626652],[140.253454,37.62677],[140.251215,37.626713],[140.248756,37.626211],[140.245101,37.625565],[140.244464,37.625411],[140.243658,37.625069],[140.242818,37.624492],[140.241842,37.624106],[140.23812,37.622172],[140.23769,37.62199],[140.236838,37.621749],[140.235543,37.621608],[140.235509,37.621311],[140.235545,37.620488],[140.235177,37.620414],[140.234845,37.620276],[140.234533,37.620009],[140.23435,37.619414],[140.234092,37.619177],[140.23387,37.618875],[140.233783,37.618667],[140.233656,37.61785],[140.233286,37.617125],[140.232557,37.616255],[140.23187,37.615749],[140.231424,37.615339],[140.231103,37.614271],[140.230872,37.61296],[140.23038,37.611955],[140.229868,37.611254],[140.230193,37.610972],[140.230082,37.610906],[140.228441,37.610876],[140.227579,37.611171],[140.226151,37.611376],[140.225162,37.61138],[140.224651,37.611256],[140.224376,37.611239],[140.223238,37.6113],[140.222072,37.611428],[140.221753,37.611408],[140.220878,37.611231],[140.220159,37.611233],[140.219739,37.611355],[140.21936,37.611528],[140.219092,37.61178],[140.218333,37.612047],[140.217951,37.612102],[140.216957,37.612056],[140.216309,37.612134],[140.214991,37.612565],[140.214018,37.612766],[140.21226,37.613574],[140.211584,37.613716],[140.211067,37.613716],[140.210438,37.613633],[140.210306,37.613815],[140.210179,37.613885],[140.209934,37.61377]]],[[[140.209934,37.61377],[140.210179,37.613885],[140.210306,37.613815],[140.210438,37.613633],[140.211067,37.613716],[140.211584,37.613716],[140.21226,37.613574],[140.214018,37.612766],[140.214991,37.612565],[140.216309,37.612134],[140.216957,37.612056],[140.217951,37.612102],[140.218333,37.612047],[140.219092,37.61178],[140.21936,37.611528],[140.219739,37.611355],[140.220159,37.611233],[140.220878,37.611231],[140.221753,37.611408],[140.222072,37.611428],[140.223238,37.6113],[140.224376,37.611239],[140.224651,37.611256],[140.225162,37.61138],[140.226151,37.611376],[140.227579,37.611171],[140.228441,37.610876],[140.230082,37.610906],[140.230193,37.610972],[140.229868,37.611254],[140.23038,37.611955],[140.230872,37.61296],[140.231103,37.614271],[140.231424,37.615339],[140.23187,37.615749],[140.232557,37.616255],[140.233286,37.617125],[140.233656,37.61785],[140.233783,37.618667],[140.23387,37.618875],[140.234092,37.619177],[140.23435,37.619414],[140.234533,37.620009],[140.234845,37.620276],[140.235177,37.620414],[140.235545,37.620488],[140.235509,37.621311],[140.235543,37.621608],[140.23313,37.621102],[140.23235,37.620811],[140.229585,37.620321],[140.228749,37.620244],[140.226177,37.620191],[140.225225,37.620121],[140.224428,37.619722],[140.223856,37.619367],[140.223266,37.619092],[140.219241,37.618643],[140.217021,37.618464],[140.215223,37.61843],[140.214437,37.617483],[140.213809,37.616434],[140.212703,37.616384],[140.211625,37.616248],[140.211077,37.616244],[140.210382,37.616476],[140.209555,37.616919],[140.209179,37.617061],[140.208964,37.617038],[140.208113,37.616675],[140.20796,37.616674],[140.207645,37.616772],[140.20702,37.617104],[140.206696,37.617145],[140.205812,37.617396],[140.204344,37.617551],[140.204174,37.617507],[140.205337,37.616363],[140.206617,37.61527],[140.210087,37.614585],[140.209841,37.613886],[140.209934,37.61377]]],[[[140.210142,37.70729],[140.210191,37.707187],[140.211568,37.706433],[140.211859,37.706148],[140.213075,37.70547],[140.213859,37.705113],[140.217549,37.702466],[140.221657,37.700004],[140.223784,37.698635],[140.224714,37.698135],[140.229924,37.694668],[140.231387,37.693591],[140.233185,37.692677],[140.233426,37.692593],[140.233105,37.692285],[140.233012,37.692037],[140.232714,37.691835],[140.232609,37.691557],[140.232372,37.691231],[140.231673,37.691217],[140.231516,37.691148],[140.231161,37.6909],[140.230986,37.690675],[140.230894,37.690451],[140.230884,37.690158],[140.230979,37.68985],[140.231129,37.689647],[140.231446,37.689402],[140.231704,37.689286],[140.231991,37.689227],[140.232921,37.689251],[140.232175,37.688622],[140.231815,37.688008],[140.23174,37.687641],[140.231725,37.685988],[140.231383,37.685559],[140.231178,37.685204],[140.230917,37.68438],[140.230431,37.683482],[140.229947,37.682116],[140.229913,37.681485],[140.229987,37.680644],[140.230193,37.679888],[140.230165,37.679377],[140.230287,37.679041],[140.230654,37.678626],[140.231307,37.678148],[140.231616,37.67785],[140.231918,37.677681],[140.232377,37.677559],[140.233207,37.677532],[140.233694,37.677431],[140.233857,37.677001],[140.234064,37.676677],[140.234508,37.676262],[140.234567,37.67598],[140.234729,37.67568],[140.235023,37.675417],[140.23542,37.675241],[140.235887,37.675179],[140.236434,37.67524],[140.23747,37.67577],[140.238237,37.675725],[140.239162,37.675936],[140.239854,37.675978],[140.240198,37.675606],[140.240654,37.675416],[140.240953,37.675373],[140.24155,37.675388],[140.24192,37.675195],[140.242434,37.67509],[140.242899,37.67514],[140.243219,37.675247],[140.24416,37.67476],[140.244481,37.674208],[140.244863,37.673893],[140.244333,37.67375],[140.243839,37.673411],[140.24364,37.673076],[140.243571,37.67282],[140.243571,37.672525],[140.243645,37.672253],[140.243803,37.67193],[140.244232,37.671258],[140.244814,37.670644],[140.24515,37.670393],[140.245798,37.670132],[140.246542,37.670124],[140.247353,37.670392],[140.247682,37.670629],[140.247864,37.670857],[140.248144,37.670419],[140.248358,37.670234],[140.248606,37.670105],[140.249236,37.669986],[140.249558,37.670012],[140.249889,37.670111],[140.250289,37.669748],[140.25062,37.669112],[140.250802,37.668871],[140.25118,37.668593],[140.251711,37.668437],[140.252197,37.66843],[140.252651,37.668536],[140.253094,37.668767],[140.254063,37.668352],[140.254722,37.667814],[140.255,37.667338],[140.254969,37.666889],[140.25489,37.666732],[140.25449,37.666548],[140.25397,37.666003],[140.253643,37.66582],[140.253087,37.665962],[140.252463,37.665916],[140.252027,37.665697],[140.251737,37.66532],[140.251424,37.664255],[140.251413,37.663704],[140.250818,37.662313],[140.250613,37.661209],[140.250129,37.659328],[140.249984,37.658105],[140.24991,37.657991],[140.249981,37.657658],[140.250417,37.656778],[140.251309,37.655329],[140.251371,37.655127],[140.252135,37.653778],[140.252151,37.653635],[140.252432,37.653279],[140.252486,37.653119],[140.259285,37.65337],[140.260372,37.653377],[140.260793,37.653296],[140.262413,37.653241],[140.262505,37.653057],[140.26271,37.652825],[140.263823,37.65251],[140.264282,37.652275],[140.264638,37.651925],[140.265308,37.650928],[140.265545,37.65047],[140.265651,37.649606],[140.265586,37.649356],[140.265424,37.649027],[140.265224,37.648745],[140.264808,37.648415],[140.263584,37.647799],[140.262904,37.647592],[140.260394,37.646646],[140.259982,37.646572],[140.258921,37.646226],[140.258235,37.645876],[140.258719,37.645437],[140.26026,37.64432],[140.261023,37.643681],[140.261909,37.642858],[140.262538,37.642123],[140.262821,37.641588],[140.262714,37.641021],[140.262581,37.64077],[140.261812,37.640538],[140.261174,37.640516],[140.260334,37.640589],[140.259597,37.640781],[140.258521,37.641161],[140.25767,37.64155],[140.255754,37.642766],[140.255748,37.641901],[140.255632,37.640732],[140.255444,37.63998],[140.255254,37.639519],[140.254849,37.638831],[140.253715,37.637203],[140.251991,37.637292],[140.250188,37.637595],[140.247739,37.638095],[140.247067,37.637061],[140.247039,37.63647],[140.246629,37.635994],[140.246842,37.635422],[140.246046,37.634642],[140.245996,37.63428],[140.246138,37.633841],[140.246554,37.633334],[140.246194,37.633133],[140.245338,37.632318],[140.245498,37.632074],[140.245495,37.631651],[140.245129,37.631239],[140.245024,37.631019],[140.245116,37.630705],[140.245454,37.630563],[140.245749,37.630631],[140.246841,37.630723],[140.246696,37.629539],[140.246314,37.629444],[140.246017,37.629455],[140.245682,37.629608],[140.245418,37.629457],[140.2452,37.629095],[140.245918,37.628826],[140.246039,37.628978],[140.247357,37.628878],[140.247747,37.628571],[140.248911,37.627938],[140.249648,37.627793],[140.251281,37.627262],[140.251138,37.626699],[140.253454,37.62677],[140.254022,37.626652],[140.254606,37.626603],[140.255199,37.625911],[140.255237,37.625759],[140.257142,37.623772],[140.257218,37.623683],[140.255584,37.622164],[140.255318,37.62184],[140.255304,37.621745],[140.255473,37.621299],[140.255893,37.620556],[140.25702,37.618757],[140.260248,37.618962],[140.26606,37.619787],[140.266494,37.620323],[140.266743,37.620532],[140.267522,37.620973],[140.268283,37.621272],[140.269874,37.622326],[140.270962,37.623306],[140.271958,37.624442],[140.272472,37.625225],[140.269906,37.625474],[140.268406,37.626223],[140.268026,37.626364],[140.267423,37.626467],[140.266992,37.626407],[140.266389,37.626397],[140.265921,37.626451],[140.265336,37.626433],[140.264941,37.626366],[140.263912,37.625794],[140.261612,37.625573],[140.26019,37.625642],[140.259169,37.626044],[140.25778,37.626464],[140.257638,37.626558],[140.259086,37.626684],[140.26038,37.626885],[140.263064,37.62741],[140.264158,37.627724],[140.264686,37.628064],[140.264988,37.628402],[140.265155,37.628839],[140.265115,37.631043],[140.26515,37.631186],[140.265428,37.631281],[140.266029,37.631385],[140.266423,37.631595],[140.266815,37.631969],[140.267339,37.632681],[140.267742,37.632841],[140.268451,37.632974],[140.269476,37.633087],[140.269852,37.633233],[140.269954,37.63333],[140.270315,37.633484],[140.270565,37.633662],[140.270836,37.633708],[140.271412,37.633683],[140.272683,37.633428],[140.273815,37.633465],[140.274479,37.633767],[140.275045,37.63417],[140.276455,37.635604],[140.277352,37.635901],[140.276748,37.63668],[140.27562,37.637932],[140.276319,37.641247],[140.276489,37.642316],[140.276747,37.642871],[140.277211,37.644572],[140.277632,37.645652],[140.278624,37.648549],[140.279154,37.648294],[140.280489,37.647931],[140.282146,37.647874],[140.282793,37.647926],[140.284373,37.64825],[140.285977,37.648641],[140.286373,37.648672],[140.288203,37.649237],[140.289185,37.649414],[140.290216,37.649506],[140.29132,37.649494],[140.292209,37.649356],[140.293773,37.648936],[140.294808,37.648532],[140.295002,37.648304],[140.295009,37.647637],[140.294755,37.646557],[140.294411,37.645537],[140.294275,37.64526],[140.293872,37.644814],[140.292961,37.644009],[140.292842,37.643853],[140.292754,37.643608],[140.292773,37.64328],[140.292932,37.643025],[140.293257,37.642836],[140.293632,37.642761],[140.295005,37.642691],[140.295138,37.64344],[140.295793,37.643956],[140.296241,37.644209],[140.296522,37.644593],[140.296773,37.645047],[140.296907,37.645167],[140.297266,37.645181],[140.297463,37.645028],[140.297601,37.644718],[140.298244,37.644829],[140.298588,37.645022],[140.299603,37.645434],[140.300533,37.645475],[140.300851,37.64577],[140.301138,37.645893],[140.301416,37.64593],[140.301832,37.64569],[140.302103,37.645627],[140.302337,37.645635],[140.302924,37.645331],[140.30341,37.645327],[140.304156,37.645453],[140.304435,37.645447],[140.30476,37.645299],[140.305508,37.644749],[140.305685,37.645328],[140.306135,37.646003],[140.306453,37.646644],[140.306504,37.646883],[140.3065,37.647393],[140.306244,37.647754],[140.306075,37.647901],[140.305646,37.648213],[140.304651,37.648775],[140.303576,37.649575],[140.303211,37.65014],[140.303205,37.650779],[140.303369,37.651248],[140.30335,37.651333],[140.302232,37.651532],[140.300584,37.651975],[140.299513,37.652322],[140.29864,37.65267],[140.296919,37.653871],[140.29619,37.654258],[140.295619,37.654345],[140.295013,37.654341],[140.294529,37.65419],[140.294022,37.653887],[140.293569,37.653498],[140.293333,37.653158],[140.292976,37.652206],[140.292726,37.651943],[140.292641,37.652061],[140.292577,37.652476],[140.292571,37.653082],[140.292663,37.65355],[140.292797,37.653913],[140.293814,37.655479],[140.29553,37.657561],[140.2956,37.657869],[140.295535,37.658012],[140.294236,37.658419],[140.29205,37.659207],[140.289756,37.660145],[140.288526,37.660789],[140.287365,37.661676],[140.286737,37.662473],[140.286399,37.662958],[140.286258,37.663253],[140.285679,37.663745],[140.285143,37.663949],[140.283103,37.664287],[140.28276,37.664505],[140.282188,37.664978],[140.281696,37.665255],[140.281101,37.665505],[140.281657,37.666107],[140.281808,37.666379],[140.281897,37.666724],[140.281894,37.666959],[140.281781,37.667316],[140.281518,37.667686],[140.280956,37.667475],[140.280356,37.667128],[140.279141,37.666148],[140.278466,37.665235],[140.278261,37.665048],[140.277951,37.664566],[140.277558,37.664278],[140.277072,37.664232],[140.274497,37.664381],[140.272794,37.664613],[140.270362,37.66477],[140.268212,37.664806],[140.267572,37.664721],[140.266817,37.664764],[140.266331,37.664664],[140.266133,37.664674],[140.265906,37.664736],[140.265489,37.665022],[140.264439,37.665618],[140.264417,37.668074],[140.264496,37.668239],[140.264446,37.668711],[140.26133,37.668949],[140.25998,37.668955],[140.259131,37.668349],[140.258548,37.667767],[140.258163,37.667784],[140.258026,37.667802],[140.257804,37.667936],[140.257312,37.668513],[140.256143,37.66919],[140.255839,37.669419],[140.255841,37.669737],[140.256274,37.670584],[140.256314,37.671085],[140.256638,37.671924],[140.25701,37.672571],[140.257687,37.673269],[140.25876,37.673998],[140.260372,37.674767],[140.264674,37.676639],[140.266487,37.677216],[140.266955,37.677219],[140.267179,37.677277],[140.268655,37.677294],[140.269259,37.677183],[140.269874,37.676972],[140.269434,37.675889],[140.269195,37.675494],[140.268857,37.675113],[140.267295,37.673751],[140.266994,37.673227],[140.266992,37.67254],[140.267069,37.672025],[140.26742,37.671098],[140.26928,37.671445],[140.269422,37.671575],[140.269062,37.672524],[140.269028,37.673218],[140.269214,37.673541],[140.269778,37.673838],[140.271494,37.674171],[140.272399,37.674627],[140.272692,37.675008],[140.272939,37.67551],[140.273043,37.675983],[140.273174,37.676306],[140.273362,37.676507],[140.274367,37.676749],[140.275672,37.676779],[140.276438,37.676669],[140.279333,37.676086],[140.280101,37.675826],[140.280653,37.6755],[140.281405,37.675018],[140.281634,37.674648],[140.282142,37.674214],[140.282901,37.673919],[140.283423,37.673915],[140.283725,37.674296],[140.283883,37.674711],[140.284168,37.675965],[140.284282,37.676263],[140.284441,37.676345],[140.284568,37.67661],[140.284724,37.676706],[140.285355,37.676633],[140.285759,37.676661],[140.286511,37.676892],[140.287304,37.67683],[140.287913,37.676689],[140.288814,37.676396],[140.289019,37.676261],[140.289275,37.675845],[140.289487,37.675664],[140.290515,37.67518],[140.290869,37.675067],[140.291266,37.675123],[140.291727,37.675625],[140.291911,37.675709],[140.292081,37.675659],[140.292754,37.675185],[140.293009,37.67509],[140.293257,37.675095],[140.294216,37.675423],[140.294639,37.675462],[140.294731,37.675416],[140.294873,37.675129],[140.295072,37.674904],[140.29532,37.674825],[140.295929,37.674814],[140.296092,37.674763],[140.296262,37.674628],[140.296602,37.674076],[140.296957,37.673896],[140.297601,37.673929],[140.298608,37.674206],[140.299016,37.674239],[140.299629,37.673845],[140.299862,37.673732],[140.300039,37.67371],[140.300812,37.674268],[140.301116,37.674662],[140.301967,37.674482],[140.302145,37.674482],[140.302739,37.674617],[140.302938,37.674515],[140.303256,37.674245],[140.303484,37.674144],[140.303824,37.674183],[140.30444,37.674442],[140.304767,37.674471],[140.305404,37.674172],[140.305928,37.6742],[140.306581,37.673941],[140.306708,37.673547],[140.30692,37.673423],[140.307084,37.673423],[140.307353,37.673586],[140.307707,37.674082],[140.307799,37.674352],[140.308161,37.674589],[140.307955,37.675],[140.307041,37.675501],[140.306425,37.675575],[140.306247,37.675704],[140.306099,37.67593],[140.305581,37.676386],[140.304575,37.676825],[140.304298,37.677101],[140.304001,37.677529],[140.303838,37.677659],[140.303512,37.677834],[140.303058,37.678166],[140.302605,37.678312],[140.302101,37.678346],[140.300798,37.678149],[140.300663,37.678092],[140.300018,37.677484],[140.299557,37.677326],[140.299217,37.677304],[140.298318,37.677354],[140.297212,37.677597],[140.29583,37.677732],[140.295561,37.677856],[140.294738,37.678396],[140.294214,37.679196],[140.293321,37.679748],[140.29303,37.679991],[140.29264,37.680571],[140.292187,37.681021],[140.291755,37.681292],[140.291648,37.681533],[140.289732,37.681529],[140.289245,37.681626],[140.285265,37.681724],[140.284889,37.681528],[140.284583,37.681491],[140.283517,37.680984],[140.283121,37.680981],[140.282804,37.681129],[140.282206,37.681576],[140.282023,37.681897],[140.280596,37.683248],[140.279849,37.684152],[140.279496,37.684393],[140.278685,37.684481],[140.278566,37.684645],[140.278573,37.684845],[140.279191,37.685214],[140.279307,37.685372],[140.278745,37.686621],[140.278514,37.68727],[140.279049,37.687767],[140.277517,37.689804],[140.275678,37.691874],[140.275596,37.692053],[140.274213,37.693511],[140.274094,37.693703],[140.274028,37.693975],[140.27415,37.694405],[140.275391,37.696387],[140.275468,37.696802],[140.275447,37.697174],[140.27529,37.69761],[140.274403,37.698956],[140.27364,37.700561],[140.273513,37.701541],[140.273606,37.702171],[140.273754,37.702701],[140.274245,37.704056],[140.275073,37.705099],[140.275759,37.705819],[140.276768,37.706633],[140.276767,37.706762],[140.275412,37.707276],[140.273914,37.707596],[140.273227,37.707828],[140.272647,37.708239],[140.272158,37.708443],[140.271851,37.708513],[140.270312,37.708446],[140.269835,37.708472],[140.269058,37.708746],[140.267709,37.709425],[140.267455,37.709616],[140.267418,37.710696],[140.267126,37.711059],[140.266681,37.711371],[140.265817,37.71231],[140.265168,37.713279],[140.264237,37.714482],[140.26382,37.714816],[140.263722,37.71495],[140.262726,37.714506],[140.261675,37.713947],[140.261177,37.713314],[140.260728,37.712586],[140.260475,37.711478],[140.260288,37.710943],[140.260091,37.709053],[140.260023,37.70621],[140.259796,37.70493],[140.259607,37.704604],[140.258768,37.702062],[140.258176,37.701257],[140.257392,37.700374],[140.253618,37.698424],[140.252422,37.697939],[140.251299,37.697417],[140.249003,37.696525],[140.247064,37.695997],[140.242914,37.695627],[140.241257,37.695636],[140.240559,37.695784],[140.239908,37.696047],[140.238074,37.696989],[140.23665,37.697648],[140.236561,37.69813],[140.236545,37.699083],[140.236611,37.700745],[140.236539,37.701315],[140.236605,37.702985],[140.236529,37.703842],[140.236412,37.704281],[140.236213,37.70463],[140.235636,37.70515],[140.235217,37.704668],[140.234741,37.704235],[140.23431,37.704108],[140.233591,37.704027],[140.232978,37.704033],[140.231366,37.704356],[140.230486,37.704732],[140.229049,37.705476],[140.228312,37.705977],[140.228081,37.706281],[140.227739,37.706794],[140.227205,37.708207],[140.226998,37.709385],[140.223613,37.708611],[140.222376,37.708436],[140.221268,37.708202],[140.219986,37.708104],[140.21538,37.708008],[140.213917,37.707915],[140.213723,37.707854],[140.213348,37.707845],[140.213093,37.70776],[140.212104,37.707658],[140.210599,37.707344],[140.210142,37.70729]]],[[[140.233475,37.774929],[140.232851,37.774415],[140.232018,37.773845],[140.230925,37.77323],[140.231774,37.772212],[140.232219,37.771822],[140.233278,37.770555],[140.233544,37.770135],[140.234491,37.769168],[140.236891,37.767123],[140.238106,37.766423],[140.240124,37.765642],[140.240398,37.765595],[140.240671,37.76644],[140.242835,37.76903],[140.243109,37.769518],[140.243178,37.769776],[140.243183,37.770198],[140.243115,37.770741],[140.243238,37.771057],[140.243778,37.771976],[140.243784,37.772241],[140.243663,37.772655],[140.243351,37.773161],[140.242987,37.773567],[140.242524,37.773893],[140.241864,37.774082],[140.241277,37.774178],[140.240889,37.77419],[140.239245,37.77365],[140.238652,37.773539],[140.236552,37.773546],[140.235595,37.773662],[140.23488,37.773979],[140.234109,37.774396],[140.233475,37.774929]]],[[[140.235636,37.70515],[140.236221,37.704622],[140.236412,37.704281],[140.236529,37.703842],[140.236605,37.702985],[140.236539,37.701315],[140.236611,37.700745],[140.236545,37.699083],[140.236561,37.69813],[140.23665,37.697648],[140.238074,37.696989],[140.239908,37.696047],[140.240559,37.695784],[140.241257,37.695636],[140.242914,37.695627],[140.247064,37.695997],[140.249003,37.696525],[140.251299,37.697417],[140.252422,37.697939],[140.253618,37.698424],[140.257392,37.700374],[140.258176,37.701257],[140.258768,37.702062],[140.259607,37.704604],[140.259796,37.70493],[140.260023,37.70621],[140.260091,37.709053],[140.260288,37.710943],[140.260475,37.711478],[140.260728,37.712586],[140.261177,37.713314],[140.261675,37.713947],[140.262726,37.714506],[140.263722,37.71495],[140.263518,37.715229],[140.263344,37.715586],[140.262942,37.716987],[140.262784,37.716986],[140.262246,37.716764],[140.261346,37.716691],[140.260925,37.716746],[140.260139,37.717342],[140.259739,37.717711],[140.259376,37.717948],[140.258187,37.717978],[140.257538,37.718089],[140.257225,37.718192],[140.256865,37.718411],[140.256458,37.718225],[140.255806,37.71815],[140.255687,37.718042],[140.255688,37.717928],[140.255606,37.717826],[140.255522,37.717295],[140.255178,37.717096],[140.254423,37.716829],[140.252797,37.716551],[140.252198,37.716404],[140.2521,37.716463],[140.251968,37.716903],[140.251875,37.718697],[140.251651,37.719292],[140.250983,37.719316],[140.249875,37.719557],[140.24855,37.720007],[140.245075,37.721606],[140.244352,37.72183],[140.2438,37.721789],[140.242727,37.721076],[140.241779,37.719868],[140.239592,37.717603],[140.237813,37.715493],[140.236083,37.713173],[140.235045,37.711392],[140.234504,37.71032],[140.234342,37.709709],[140.234469,37.708984],[140.234812,37.708395],[140.23576,37.7072],[140.236029,37.706762],[140.236177,37.706363],[140.236066,37.705542],[140.235636,37.70515]]],[[[140.242413,37.755404],[140.243106,37.755145],[140.244334,37.754886],[140.246812,37.754606],[140.247643,37.75442],[140.24827,37.754196],[140.248814,37.753817],[140.249095,37.7534],[140.249051,37.75296],[140.24878,37.752415],[140.248795,37.752139],[140.249015,37.751835],[140.24916,37.751712],[140.249333,37.751283],[140.249397,37.750845],[140.251762,37.749792],[140.251885,37.749545],[140.251899,37.749335],[140.252072,37.748859],[140.251953,37.748744],[140.251064,37.7487],[140.25066,37.748335],[140.250577,37.748144],[140.250409,37.747994],[140.249213,37.747259],[140.248776,37.746727],[140.24849,37.746582],[140.247663,37.746312],[140.247234,37.746016],[140.246792,37.745509],[140.246529,37.745374],[140.245799,37.745064],[140.244853,37.7448],[140.244635,37.744416],[140.244646,37.744112],[140.244588,37.743921],[140.24447,37.743741],[140.244291,37.743633],[140.245849,37.742675],[140.246588,37.742405],[140.248439,37.741952],[140.248631,37.742287],[140.249181,37.74278],[140.249748,37.743201],[140.250824,37.743732],[140.251527,37.743951],[140.252097,37.743979],[140.252714,37.74384],[140.25391,37.742881],[140.254408,37.742622],[140.255206,37.742424],[140.256906,37.742101],[140.259399,37.742057],[140.259851,37.741893],[140.260078,37.74174],[140.260175,37.741013],[140.260331,37.740442],[140.261411,37.740532],[140.263043,37.740971],[140.263731,37.741298],[140.263867,37.741239],[140.263864,37.741452],[140.264534,37.743002],[140.264757,37.743218],[140.264986,37.74372],[140.265164,37.743936],[140.265934,37.745379],[140.266013,37.745608],[140.266262,37.745896],[140.266314,37.746061],[140.266919,37.746858],[140.266972,37.747016],[140.263295,37.747079],[140.263257,37.747251],[140.263324,37.747773],[140.263265,37.748259],[140.263036,37.748701],[140.262643,37.749236],[140.262388,37.749463],[140.262142,37.749783],[140.262186,37.749891],[140.262959,37.750096],[140.264414,37.750584],[140.264756,37.75063],[140.265042,37.750789],[140.267972,37.751551],[140.268567,37.751562],[140.268701,37.751627],[140.272035,37.751656],[140.272027,37.752433],[140.271865,37.753939],[140.269744,37.753774],[140.26789,37.753519],[140.265804,37.753106],[140.264726,37.752798],[140.263517,37.752991],[140.262794,37.753216],[140.262127,37.753197],[140.260741,37.753002],[140.260167,37.752784],[140.259195,37.752664],[140.254393,37.753463],[140.254878,37.755498],[140.255054,37.75766],[140.255529,37.758836],[140.255832,37.759124],[140.256485,37.7599],[140.25689,37.760265],[140.256953,37.762412],[140.257171,37.763443],[140.257346,37.763959],[140.257468,37.764161],[140.257227,37.764445],[140.256934,37.764939],[140.256652,37.765485],[140.256393,37.76618],[140.255779,37.766906],[140.255324,37.767117],[140.255208,37.766153],[140.255033,37.765493],[140.255003,37.76471],[140.25495,37.764618],[140.254546,37.764426],[140.254984,37.764022],[140.255055,37.76371],[140.254998,37.763406],[140.25451,37.762729],[140.25431,37.762376],[140.253991,37.762034],[140.253888,37.761843],[140.253524,37.761399],[140.253086,37.76089],[140.252291,37.760092],[140.25113,37.759005],[140.250685,37.758496],[140.250055,37.757645],[140.250012,37.757466],[140.249899,37.757477],[140.249068,37.757979],[140.248742,37.758251],[140.248151,37.758837],[140.247664,37.759407],[140.247511,37.759686],[140.247248,37.759696],[140.24709,37.759774],[140.246549,37.759618],[140.245056,37.758927],[140.244371,37.758414],[140.244206,37.757443],[140.244092,37.757211],[140.243217,37.756416],[140.242413,37.755404]]],[[[140.24709,37.759774],[140.247248,37.759696],[140.247511,37.759686],[140.247664,37.759407],[140.248151,37.758837],[140.248742,37.758251],[140.249068,37.757979],[140.249899,37.757477],[140.250012,37.757466],[140.250055,37.757645],[140.250685,37.758496],[140.25113,37.759005],[140.253086,37.76089],[140.25431,37.762376],[140.25451,37.762729],[140.254998,37.763406],[140.255055,37.76371],[140.254984,37.764022],[140.254546,37.764426],[140.253716,37.7638],[140.253424,37.7637],[140.252909,37.763661],[140.252734,37.7636],[140.252511,37.763449],[140.252034,37.762682],[140.251757,37.762446],[140.251539,37.762354],[140.250713,37.762165],[140.25046,37.762018],[140.249911,37.761494],[140.249294,37.760645],[140.249061,37.760476],[140.248035,37.76004],[140.24709,37.759774]]],[[[140.248439,37.741952],[140.248628,37.741804],[140.249042,37.740936],[140.248894,37.740709],[140.248416,37.740539],[140.248132,37.740346],[140.247986,37.73994],[140.24799,37.739535],[140.248222,37.738856],[140.248688,37.738859],[140.249169,37.738767],[140.249456,37.73865],[140.249741,37.738652],[140.251311,37.737803],[140.252171,37.737403],[140.253616,37.737043],[140.254396,37.737048],[140.25483,37.737193],[140.255397,37.737567],[140.256942,37.739198],[140.257359,37.739558],[140.258524,37.740233],[140.259993,37.740445],[140.260331,37.740442],[140.260175,37.741013],[140.260078,37.74174],[140.259851,37.741893],[140.259399,37.742057],[140.256906,37.742101],[140.255206,37.742424],[140.254408,37.742622],[140.25391,37.742881],[140.252714,37.74384],[140.252097,37.743979],[140.251527,37.743951],[140.250824,37.743732],[140.249748,37.743201],[140.249181,37.74278],[140.248631,37.742287],[140.248439,37.741952]]],[[[140.251651,37.719292],[140.251875,37.718697],[140.251968,37.716903],[140.2521,37.716463],[140.252198,37.716404],[140.252797,37.716551],[140.254423,37.716829],[140.255178,37.717096],[140.255522,37.717295],[140.255606,37.717826],[140.255688,37.717928],[140.255687,37.718042],[140.255806,37.71815],[140.256458,37.718225],[140.256865,37.718411],[140.256776,37.71858],[140.256783,37.719133],[140.256972,37.719382],[140.257065,37.719745],[140.257026,37.72099],[140.257086,37.721714],[140.25735,37.722797],[140.257905,37.722933],[140.258325,37.723225],[140.258567,37.723597],[140.258927,37.72454],[140.259125,37.724722],[140.259395,37.724935],[140.259945,37.72501],[140.260327,37.725188],[140.260635,37.725512],[140.260747,37.725872],[140.261203,37.725997],[140.261515,37.726154],[140.261783,37.726387],[140.261949,37.726713],[140.261966,37.726948],[140.261922,37.727184],[140.261817,37.727406],[140.261651,37.727601],[140.26123,37.727837],[140.260629,37.72792],[140.260366,37.729712],[140.260221,37.730024],[140.259772,37.730708],[140.259962,37.731326],[140.260126,37.73139],[140.261222,37.731571],[140.261858,37.731298],[140.262949,37.731087],[140.263588,37.730875],[140.265344,37.730746],[140.265944,37.730813],[140.266208,37.730919],[140.266429,37.731076],[140.266646,37.731325],[140.266739,37.731548],[140.266748,37.731842],[140.266595,37.732477],[140.26678,37.732999],[140.266784,37.733431],[140.266724,37.733727],[140.266577,37.733984],[140.266803,37.734266],[140.266958,37.734637],[140.26813,37.734395],[140.268592,37.734354],[140.268971,37.734409],[140.269526,37.734651],[140.269923,37.734725],[140.270321,37.73471],[140.27105,37.734589],[140.2723,37.734281],[140.272743,37.734218],[140.273734,37.734218],[140.274108,37.734334],[140.274586,37.734581],[140.275733,37.735524],[140.27633,37.735868],[140.276712,37.735989],[140.277492,37.736077],[140.277676,37.736465],[140.277537,37.736864],[140.273228,37.739077],[140.271978,37.73954],[140.272392,37.739766],[140.273094,37.740012],[140.27345,37.740224],[140.273762,37.740623],[140.274001,37.741298],[140.275841,37.742718],[140.277745,37.743354],[140.27929,37.743623],[140.279918,37.743851],[140.280396,37.744202],[140.280908,37.745039],[140.28107,37.745118],[140.281392,37.745007],[140.281886,37.744967],[140.282246,37.745035],[140.282515,37.745163],[140.283067,37.745185],[140.283492,37.745122],[140.283822,37.745156],[140.284101,37.745233],[140.284347,37.745365],[140.284629,37.745635],[140.284806,37.745899],[140.285138,37.746208],[140.285456,37.74671],[140.285704,37.747215],[140.285846,37.747784],[140.285861,37.748209],[140.285739,37.748668],[140.285378,37.749269],[140.285525,37.749361],[140.286664,37.749926],[140.287528,37.75021],[140.288052,37.75032],[140.289014,37.750255],[140.294301,37.750108],[140.297081,37.749886],[140.297817,37.74989],[140.298446,37.750037],[140.299152,37.750089],[140.302253,37.750882],[140.305217,37.751866],[140.306176,37.75205],[140.308006,37.752311],[140.308952,37.752317],[140.309779,37.752214],[140.312753,37.751262],[140.312809,37.751482],[140.313189,37.752084],[140.31317,37.752246],[140.311953,37.752596],[140.311536,37.752851],[140.310973,37.75332],[140.308738,37.754733],[140.308028,37.755406],[140.307407,37.756175],[140.306451,37.756196],[140.304636,37.756593],[140.304247,37.756762],[140.302909,37.757176],[140.302196,37.757344],[140.300569,37.757828],[140.300026,37.758089],[140.299165,37.758607],[140.298306,37.759012],[140.298201,37.759147],[140.29758,37.758788],[140.294324,37.757543],[140.293186,37.757217],[140.289717,37.756356],[140.288929,37.755821],[140.286961,37.753562],[140.286301,37.752842],[140.285979,37.752611],[140.285818,37.752389],[140.285058,37.751876],[140.284412,37.751507],[140.283262,37.751062],[140.282606,37.750535],[140.28204,37.749753],[140.281685,37.749131],[140.281648,37.748898],[140.281678,37.748628],[140.281757,37.748401],[140.28188,37.748226],[140.281426,37.748276],[140.280988,37.748237],[140.280643,37.748132],[140.280359,37.747944],[140.280093,37.747566],[140.280038,37.747335],[140.280072,37.746963],[140.279866,37.746648],[140.279378,37.746389],[140.27908,37.746145],[140.278583,37.74534],[140.276993,37.745056],[140.274588,37.744224],[140.274268,37.744024],[140.27244,37.742618],[140.271996,37.742153],[140.271676,37.742154],[140.271315,37.742079],[140.270745,37.741783],[140.269585,37.741367],[140.26934,37.741234],[140.268975,37.740862],[140.268854,37.740441],[140.268551,37.74024],[140.268383,37.740035],[140.267907,37.739742],[140.267637,37.739437],[140.267014,37.739617],[140.265981,37.740198],[140.265828,37.740197],[140.265568,37.739996],[140.265359,37.739265],[140.265602,37.738393],[140.265933,37.737709],[140.266249,37.736695],[140.266253,37.736488],[140.265755,37.736349],[140.265334,37.736109],[140.265055,37.735773],[140.264817,37.735243],[140.264273,37.734948],[140.263959,37.734541],[140.263878,37.734255],[140.263913,37.73376],[140.264126,37.733394],[140.264455,37.733086],[140.264325,37.732841],[140.264271,37.73262],[140.263577,37.732826],[140.262707,37.732971],[140.261937,37.733306],[140.261295,37.733398],[140.25988,37.733196],[140.259145,37.733025],[140.258441,37.732689],[140.25809,37.732424],[140.257806,37.731916],[140.257537,37.731036],[140.257499,37.730752],[140.257386,37.730477],[140.256899,37.729439],[140.25605,37.727846],[140.254806,37.726192],[140.253665,37.724997],[140.251904,37.722754],[140.251496,37.722136],[140.251438,37.721878],[140.251471,37.721515],[140.251587,37.721175],[140.251992,37.72054],[140.252265,37.720238],[140.251769,37.719567],[140.251651,37.719292]]],[[[140.256865,37.718411],[140.257225,37.718192],[140.257538,37.718089],[140.258187,37.717978],[140.259376,37.717948],[140.259739,37.717711],[140.260139,37.717342],[140.260925,37.716746],[140.261346,37.716691],[140.262246,37.716764],[140.262784,37.716986],[140.262942,37.716987],[140.26296,37.717057],[140.264402,37.717846],[140.265565,37.718683],[140.266002,37.719065],[140.266251,37.719431],[140.267114,37.720488],[140.267604,37.721007],[140.267702,37.721211],[140.268486,37.722103],[140.269126,37.722927],[140.269339,37.723329],[140.269349,37.723472],[140.271873,37.723249],[140.273558,37.722888],[140.275497,37.722346],[140.276314,37.722342],[140.277068,37.722595],[140.278105,37.723402],[140.278585,37.723415],[140.279547,37.723268],[140.280414,37.723063],[140.281668,37.723767],[140.282419,37.724373],[140.282942,37.724882],[140.283223,37.725666],[140.283466,37.726564],[140.283655,37.72688],[140.285322,37.728445],[140.285678,37.728857],[140.285865,37.72899],[140.285872,37.729217],[140.286022,37.729547],[140.284834,37.729404],[140.284095,37.7294],[140.283121,37.729544],[140.281722,37.729879],[140.280592,37.730287],[140.279913,37.730612],[140.279062,37.731122],[140.278308,37.731704],[140.278253,37.731861],[140.278025,37.732138],[140.277531,37.732937],[140.277225,37.733836],[140.27714,37.734243],[140.277195,37.735074],[140.277314,37.735711],[140.277492,37.736077],[140.276712,37.735989],[140.27633,37.735868],[140.275733,37.735524],[140.274586,37.734581],[140.274108,37.734334],[140.273734,37.734218],[140.272743,37.734218],[140.2723,37.734281],[140.27105,37.734589],[140.270321,37.73471],[140.269923,37.734725],[140.269526,37.734651],[140.268971,37.734409],[140.268592,37.734354],[140.26813,37.734395],[140.266958,37.734637],[140.266803,37.734266],[140.266577,37.733984],[140.266724,37.733727],[140.266784,37.733431],[140.26678,37.732999],[140.266595,37.732477],[140.266748,37.731842],[140.266739,37.731548],[140.26653,37.731174],[140.266145,37.730888],[140.2658,37.730782],[140.265396,37.730745],[140.263588,37.730875],[140.262949,37.731087],[140.261858,37.731298],[140.261222,37.731571],[140.260126,37.73139],[140.259962,37.731326],[140.259772,37.730708],[140.260221,37.730024],[140.260366,37.729712],[140.260629,37.72792],[140.26123,37.727837],[140.261651,37.727601],[140.261817,37.727406],[140.261922,37.727184],[140.261966,37.726948],[140.261949,37.726713],[140.261783,37.726387],[140.261515,37.726154],[140.261203,37.725997],[140.260747,37.725872],[140.260635,37.725512],[140.260327,37.725188],[140.259945,37.72501],[140.259395,37.724935],[140.259125,37.724722],[140.258927,37.72454],[140.258567,37.723597],[140.258325,37.723225],[140.257905,37.722933],[140.25735,37.722797],[140.257086,37.721714],[140.257026,37.72099],[140.257065,37.719745],[140.256972,37.719382],[140.256783,37.719133],[140.256776,37.71858],[140.256865,37.718411]]],[[[140.257468,37.764161],[140.257346,37.763959],[140.257171,37.763443],[140.256953,37.762412],[140.25689,37.760265],[140.256485,37.7599],[140.255832,37.759124],[140.255529,37.758836],[140.255054,37.75766],[140.254878,37.755498],[140.254393,37.753463],[140.259195,37.752664],[140.260167,37.752784],[140.260741,37.753002],[140.262127,37.753197],[140.262794,37.753216],[140.263517,37.752991],[140.264726,37.752798],[140.265804,37.753106],[140.26789,37.753519],[140.269744,37.753774],[140.275722,37.754283],[140.276802,37.754422],[140.277255,37.754143],[140.278064,37.753743],[140.279379,37.753207],[140.281565,37.752686],[140.282557,37.752573],[140.283253,37.75262],[140.283666,37.752751],[140.284049,37.752973],[140.284537,37.753367],[140.285673,37.753965],[140.286357,37.754084],[140.287461,37.754143],[140.286925,37.754888],[140.285996,37.755277],[140.285186,37.755394],[140.284375,37.755326],[140.28331,37.755044],[140.282499,37.754947],[140.282049,37.754977],[140.281743,37.755064],[140.281098,37.75571],[140.280686,37.755984],[140.280056,37.756143],[140.276797,37.756442],[140.276475,37.756872],[140.27552,37.756861],[140.275447,37.756633],[140.275032,37.756534],[140.27397,37.756781],[140.273591,37.75664],[140.273142,37.75687],[140.27272,37.756549],[140.27177,37.756651],[140.270665,37.756659],[140.269874,37.756425],[140.269366,37.756169],[140.268197,37.755342],[140.267533,37.755027],[140.267024,37.754905],[140.266268,37.754838],[140.265648,37.754939],[140.265202,37.755084],[140.264731,37.755291],[140.264332,37.75557],[140.264053,37.755879],[140.263851,37.75623],[140.263621,37.757049],[140.263336,37.758545],[140.262775,37.759967],[140.262462,37.760657],[140.262254,37.760966],[140.261744,37.761478],[140.26143,37.761686],[140.258513,37.763236],[140.258101,37.76353],[140.257468,37.764161]]],[[[140.262942,37.716987],[140.262981,37.716757],[140.263138,37.716393],[140.263149,37.716178],[140.26326,37.715836],[140.263518,37.715229],[140.26382,37.714816],[140.264237,37.714482],[140.265168,37.713279],[140.265817,37.71231],[140.266681,37.711371],[140.267126,37.711059],[140.267418,37.710696],[140.267455,37.709616],[140.267709,37.709425],[140.269058,37.708746],[140.269835,37.708472],[140.270312,37.708446],[140.271851,37.708513],[140.272158,37.708443],[140.272647,37.708239],[140.273227,37.707828],[140.273914,37.707596],[140.275412,37.707276],[140.276767,37.706762],[140.276768,37.706633],[140.275759,37.705819],[140.275073,37.705099],[140.274245,37.704056],[140.273754,37.702701],[140.273606,37.702171],[140.273513,37.701541],[140.27364,37.700561],[140.274403,37.698956],[140.27529,37.69761],[140.275447,37.697174],[140.275468,37.696802],[140.275391,37.696387],[140.27415,37.694405],[140.274028,37.693975],[140.274094,37.693703],[140.274213,37.693511],[140.275596,37.692053],[140.275678,37.691874],[140.277517,37.689804],[140.279049,37.687767],[140.278514,37.68727],[140.278745,37.686621],[140.279307,37.685372],[140.279191,37.685214],[140.278573,37.684845],[140.278566,37.684645],[140.278685,37.684481],[140.279496,37.684393],[140.279849,37.684152],[140.280596,37.683248],[140.282023,37.681897],[140.282206,37.681576],[140.282804,37.681129],[140.283121,37.680981],[140.283517,37.680984],[140.284583,37.681491],[140.284889,37.681528],[140.285265,37.681724],[140.289245,37.681626],[140.289732,37.681529],[140.291648,37.681533],[140.291755,37.681292],[140.292187,37.681021],[140.29264,37.680571],[140.29303,37.679991],[140.293321,37.679748],[140.294214,37.679196],[140.294738,37.678396],[140.295561,37.677856],[140.29583,37.677732],[140.297212,37.677597],[140.298318,37.677354],[140.299217,37.677304],[140.299557,37.677326],[140.300018,37.677484],[140.300663,37.678092],[140.300798,37.678149],[140.302101,37.678346],[140.302605,37.678312],[140.303058,37.678166],[140.303512,37.677834],[140.303838,37.677659],[140.304001,37.677529],[140.304298,37.677101],[140.304575,37.676825],[140.305581,37.676386],[140.306099,37.67593],[140.306247,37.675704],[140.306425,37.675575],[140.307041,37.675501],[140.307955,37.675],[140.308161,37.674589],[140.307799,37.674352],[140.307707,37.674082],[140.307353,37.673586],[140.307084,37.673423],[140.30692,37.673423],[140.306708,37.673547],[140.306581,37.673941],[140.305928,37.6742],[140.305404,37.674172],[140.304767,37.674471],[140.30444,37.674442],[140.303824,37.674183],[140.303484,37.674144],[140.303256,37.674245],[140.302938,37.674515],[140.302739,37.674617],[140.302145,37.674482],[140.301967,37.674482],[140.301116,37.674662],[140.300812,37.674268],[140.300039,37.67371],[140.299862,37.673732],[140.299629,37.673845],[140.299016,37.674239],[140.298608,37.674206],[140.297601,37.673929],[140.296957,37.673896],[140.296602,37.674076],[140.296262,37.674628],[140.296092,37.674763],[140.295929,37.674814],[140.29532,37.674825],[140.295072,37.674904],[140.294873,37.675129],[140.294731,37.675416],[140.294639,37.675462],[140.294216,37.675423],[140.293257,37.675095],[140.293009,37.67509],[140.292754,37.675185],[140.292081,37.675659],[140.291911,37.675709],[140.291727,37.675625],[140.291266,37.675123],[140.290869,37.675067],[140.290515,37.67518],[140.289487,37.675664],[140.289275,37.675845],[140.289019,37.676261],[140.288814,37.676396],[140.287913,37.676689],[140.287304,37.67683],[140.286511,37.676892],[140.285759,37.676661],[140.285355,37.676633],[140.284724,37.676706],[140.284568,37.67661],[140.284441,37.676345],[140.284282,37.676263],[140.284168,37.675965],[140.283883,37.674711],[140.283725,37.674296],[140.283423,37.673915],[140.282901,37.673919],[140.282142,37.674214],[140.281634,37.674648],[140.281405,37.675018],[140.280653,37.6755],[140.280101,37.675826],[140.279333,37.676086],[140.276438,37.676669],[140.275672,37.676779],[140.274367,37.676749],[140.273362,37.676507],[140.273174,37.676306],[140.273043,37.675983],[140.272939,37.67551],[140.272692,37.675008],[140.272399,37.674627],[140.271494,37.674171],[140.269778,37.673838],[140.269214,37.673541],[140.269028,37.673218],[140.269062,37.672524],[140.269422,37.671575],[140.26928,37.671445],[140.26742,37.671098],[140.267069,37.672025],[140.266992,37.67254],[140.266994,37.673227],[140.267295,37.673751],[140.268857,37.675113],[140.269195,37.675494],[140.269434,37.675889],[140.269874,37.676972],[140.269259,37.677183],[140.268655,37.677294],[140.267179,37.677277],[140.266955,37.677219],[140.266487,37.677216],[140.264674,37.676639],[140.260372,37.674767],[140.25876,37.673998],[140.257687,37.673269],[140.25701,37.672571],[140.256638,37.671924],[140.256314,37.671085],[140.256274,37.670584],[140.255841,37.669737],[140.255839,37.669419],[140.256143,37.66919],[140.257312,37.668513],[140.257804,37.667936],[140.258026,37.667802],[140.258163,37.667784],[140.258548,37.667767],[140.259131,37.668349],[140.25998,37.668955],[140.26133,37.668949],[140.264446,37.668711],[140.264496,37.668239],[140.264417,37.668074],[140.264439,37.665618],[140.265489,37.665022],[140.265906,37.664736],[140.266133,37.664674],[140.266331,37.664664],[140.266817,37.664764],[140.267572,37.664721],[140.268212,37.664806],[140.270362,37.66477],[140.272794,37.664613],[140.274497,37.664381],[140.277072,37.664232],[140.277558,37.664278],[140.277951,37.664566],[140.278261,37.665048],[140.278466,37.665235],[140.279141,37.666148],[140.280356,37.667128],[140.280956,37.667475],[140.281518,37.667686],[140.281781,37.667316],[140.281894,37.666959],[140.281897,37.666724],[140.281808,37.666379],[140.281657,37.666107],[140.281101,37.665505],[140.281696,37.665255],[140.282188,37.664978],[140.28276,37.664505],[140.283103,37.664287],[140.285143,37.663949],[140.285679,37.663745],[140.286258,37.663253],[140.286399,37.662958],[140.286737,37.662473],[140.287365,37.661676],[140.288526,37.660789],[140.289756,37.660145],[140.29205,37.659207],[140.294236,37.658419],[140.295535,37.658012],[140.2956,37.657869],[140.29553,37.657561],[140.293814,37.655479],[140.292797,37.653913],[140.292663,37.65355],[140.292571,37.653082],[140.292577,37.652476],[140.292641,37.652061],[140.292726,37.651943],[140.292976,37.652206],[140.293333,37.653158],[140.293569,37.653498],[140.294022,37.653887],[140.294529,37.65419],[140.295013,37.654341],[140.295619,37.654345],[140.29619,37.654258],[140.296919,37.653871],[140.29864,37.65267],[140.299513,37.652322],[140.300584,37.651975],[140.302232,37.651532],[140.30335,37.651333],[140.303369,37.651248],[140.303205,37.650779],[140.303211,37.65014],[140.303576,37.649575],[140.304651,37.648775],[140.305646,37.648213],[140.306075,37.647901],[140.306244,37.647754],[140.3065,37.647393],[140.306504,37.646883],[140.306453,37.646644],[140.306135,37.646003],[140.305685,37.645328],[140.305508,37.644749],[140.307534,37.644497],[140.309515,37.644348],[140.311715,37.644009],[140.312497,37.643753],[140.313316,37.643396],[140.31392,37.64296],[140.316115,37.641666],[140.31691,37.641327],[140.317704,37.641074],[140.319169,37.640863],[140.31965,37.640733],[140.321355,37.640514],[140.323756,37.640337],[140.323554,37.640116],[140.322575,37.639653],[140.321246,37.639349],[140.32073,37.639356],[140.320179,37.639276],[140.31976,37.639178],[140.319367,37.638928],[140.318625,37.638647],[140.317822,37.638604],[140.31713,37.636931],[140.316952,37.636653],[140.316454,37.636097],[140.316203,37.635943],[140.315763,37.635502],[140.315682,37.635244],[140.315281,37.634517],[140.314842,37.633932],[140.313839,37.633468],[140.312941,37.63332],[140.311514,37.633226],[140.309293,37.633413],[140.308668,37.633553],[140.307392,37.634118],[140.306403,37.634722],[140.305933,37.634958],[140.304375,37.636046],[140.30405,37.636206],[140.303738,37.636223],[140.303332,37.63604],[140.303046,37.635809],[140.302964,37.635618],[140.302953,37.635446],[140.303162,37.634894],[140.303356,37.634645],[140.303865,37.634544],[140.30735,37.632427],[140.308416,37.631923],[140.310808,37.631431],[140.311278,37.631167],[140.311615,37.630765],[140.31206,37.630368],[140.312557,37.630168],[140.313631,37.629918],[140.314344,37.629833],[140.314578,37.629727],[140.314842,37.629478],[140.314966,37.629037],[140.315039,37.628412],[140.315022,37.628309],[140.314612,37.62805],[140.314144,37.627636],[140.313886,37.627104],[140.313543,37.626106],[140.313365,37.625908],[140.312985,37.625679],[140.312364,37.625527],[140.311832,37.625488],[140.310791,37.625476],[140.309426,37.625539],[140.308407,37.624603],[140.307511,37.623465],[140.306845,37.622502],[140.306765,37.622328],[140.306693,37.621964],[140.306717,37.621756],[140.306809,37.621553],[140.307036,37.621334],[140.30925,37.620197],[140.310668,37.619281],[140.311031,37.618871],[140.311134,37.618324],[140.311071,37.617834],[140.310894,37.617464],[140.310259,37.616512],[140.310095,37.616344],[140.309887,37.615978],[140.309453,37.614323],[140.309343,37.613557],[140.309144,37.612676],[140.308663,37.612208],[140.307916,37.611316],[140.307961,37.609356],[140.308387,37.606082],[140.308302,37.605609],[140.30776,37.603861],[140.307725,37.602852],[140.307847,37.602266],[140.308058,37.601845],[140.308469,37.601168],[140.308967,37.600705],[140.309295,37.600292],[140.309561,37.5997],[140.309765,37.599079],[140.310064,37.59883],[140.310787,37.598369],[140.311519,37.598009],[140.31072,37.597911],[140.308535,37.597884],[140.306702,37.597787],[140.305615,37.597631],[140.304574,37.597396],[140.303391,37.597031],[140.302423,37.596618],[140.301592,37.596126],[140.301378,37.595917],[140.301344,37.595674],[140.301482,37.595381],[140.301991,37.594733],[140.302854,37.593887],[140.303452,37.593368],[140.305453,37.591878],[140.305988,37.591366],[140.306589,37.590582],[140.306873,37.589997],[140.30712,37.588943],[140.308104,37.589493],[140.309644,37.590181],[140.310253,37.590371],[140.310146,37.591265],[140.309565,37.593844],[140.309559,37.594431],[140.310126,37.594412],[140.310982,37.594224],[140.31181,37.594129],[140.312727,37.59412],[140.314469,37.594366],[140.315984,37.594847],[140.316281,37.594885],[140.316591,37.594805],[140.317355,37.59475],[140.317521,37.594649],[140.31775,37.594227],[140.317947,37.593984],[140.318301,37.593718],[140.319054,37.593382],[140.319773,37.593428],[140.320005,37.593412],[140.320125,37.593353],[140.320897,37.593333],[140.321108,37.593233],[140.321446,37.59317],[140.322051,37.593388],[140.322988,37.593357],[140.32316,37.593299],[140.323628,37.592997],[140.324018,37.592958],[140.324631,37.593104],[140.324968,37.5931],[140.325254,37.592971],[140.326273,37.592118],[140.326695,37.591852],[140.326891,37.59168],[140.326991,37.591484],[140.327239,37.591319],[140.328119,37.59096],[140.328398,37.590795],[140.328595,37.590575],[140.330395,37.589542],[140.331591,37.588947],[140.331787,37.588811],[140.332256,37.588283],[140.332392,37.588188],[140.332812,37.588131],[140.33339,37.587979],[140.333579,37.587885],[140.334145,37.587429],[140.335051,37.587087],[140.335509,37.586601],[140.335847,37.586441],[140.336316,37.586009],[140.336363,37.585708],[140.33642,37.585613],[140.33692,37.585416],[140.337053,37.585217],[140.337027,37.584856],[140.337065,37.58477],[140.337521,37.584489],[140.337744,37.584204],[140.337766,37.584093],[140.33863,37.584102],[140.339143,37.583954],[140.339559,37.583771],[140.340315,37.58366],[140.340649,37.583469],[140.340988,37.583743],[140.340933,37.583843],[140.340562,37.584141],[140.340955,37.584394],[140.341724,37.58384],[140.341995,37.583705],[140.342921,37.583689],[140.343601,37.583135],[140.344071,37.582816],[140.344517,37.583204],[140.343612,37.5839],[140.343031,37.584541],[140.343488,37.584744],[140.343724,37.584452],[140.344362,37.58447],[140.344386,37.584856],[140.345051,37.584796],[140.345502,37.584669],[140.346261,37.58418],[140.346577,37.584096],[140.3469,37.584105],[140.347492,37.584301],[140.347966,37.58454],[140.348369,37.584821],[140.347626,37.585461],[140.347488,37.585761],[140.347422,37.586154],[140.347432,37.587062],[140.347515,37.5878],[140.347451,37.587957],[140.346743,37.58879],[140.346631,37.589169],[140.34662,37.589433],[140.346678,37.589557],[140.346917,37.589593],[140.347144,37.590165],[140.347201,37.590504],[140.347171,37.59068],[140.347075,37.590785],[140.346739,37.590957],[140.345996,37.591239],[140.345936,37.591534],[140.34605,37.591787],[140.346182,37.591896],[140.346368,37.592202],[140.346355,37.592287],[140.345252,37.59264],[140.345186,37.592688],[140.345019,37.593049],[140.345046,37.59327],[140.345364,37.593218],[140.345567,37.593237],[140.345621,37.593423],[140.345939,37.593785],[140.346047,37.594062],[140.346035,37.594381],[140.345867,37.594677],[140.345681,37.594854],[140.345243,37.59493],[140.344428,37.595354],[140.343822,37.595493],[140.342947,37.59595],[140.342628,37.596165],[140.342437,37.596389],[140.342299,37.596914],[140.341891,37.597653],[140.341603,37.598001],[140.341202,37.598144],[140.341058,37.598359],[140.340938,37.59844],[140.34086,37.598616],[140.34092,37.598697],[140.341285,37.598879],[140.342161,37.598388],[140.342377,37.598307],[140.34297,37.59823],[140.343516,37.598311],[140.343948,37.598526],[140.344404,37.598994],[140.345039,37.600181],[140.345099,37.600377],[140.345153,37.600405],[140.34577,37.601516],[140.346322,37.60371],[140.34625,37.603834],[140.346082,37.603954],[140.345501,37.604258],[140.345231,37.604478],[140.345297,37.604592],[140.345687,37.604684],[140.345938,37.604822],[140.34601,37.604903],[140.346047,37.605113],[140.345896,37.605589],[140.345723,37.605775],[140.345345,37.606057],[140.344913,37.606276],[140.344751,37.606439],[140.344754,37.60723],[140.34494,37.607297],[140.344958,37.607521],[140.344946,37.607889],[140.344808,37.607974],[140.344802,37.608046],[140.345437,37.608217],[140.345246,37.608437],[140.344778,37.609181],[140.344719,37.609473],[140.345021,37.609067],[140.34576,37.6093],[140.346035,37.609435],[140.346556,37.6095],[140.347167,37.609504],[140.347396,37.609433],[140.348482,37.609349],[140.349843,37.609313],[140.351855,37.609606],[140.352609,37.609828],[140.35215,37.61056],[140.351885,37.610729],[140.351081,37.611023],[140.350815,37.611505],[140.350453,37.611799],[140.349754,37.612157],[140.347742,37.61407],[140.347546,37.614429],[140.347535,37.614608],[140.347691,37.615324],[140.346855,37.61733],[140.346662,37.617723],[140.346517,37.617851],[140.346012,37.618005],[140.345786,37.618133],[140.345704,37.618261],[140.345708,37.618805],[140.345848,37.619356],[140.346251,37.619523],[140.34677,37.619812],[140.346949,37.619963],[140.348178,37.621265],[140.348294,37.621445],[140.348407,37.621875],[140.348431,37.622204],[140.348361,37.623069],[140.34921,37.624877],[140.348988,37.625364],[140.348818,37.625564],[140.348359,37.625904],[140.347343,37.626419],[140.347212,37.626529],[140.347351,37.627136],[140.347103,37.627509],[140.34713,37.627688],[140.347382,37.628014],[140.347239,37.628426],[140.347233,37.628563],[140.347246,37.628689],[140.34735,37.628876],[140.347377,37.629109],[140.346983,37.629714],[140.346967,37.629885],[140.34708,37.630199],[140.346524,37.631157],[140.346308,37.631709],[140.346321,37.631969],[140.34678,37.632616],[140.347379,37.632971],[140.347641,37.633167],[140.347712,37.63329],[140.347758,37.633569],[140.347732,37.634294],[140.346548,37.634616],[140.346187,37.634824],[140.346077,37.634986],[140.346151,37.637519],[140.345894,37.638147],[140.345573,37.63846],[140.345205,37.638673],[140.343569,37.639236],[140.34308,37.639557],[140.342825,37.639947],[140.342997,37.640129],[140.343068,37.640321],[140.343096,37.640469],[140.343035,37.640621],[140.342872,37.640758],[140.342655,37.640829],[140.3426,37.640938],[140.342222,37.640974],[140.341801,37.641139],[140.341662,37.64129],[140.341644,37.641891],[140.341583,37.642082],[140.341211,37.642714],[140.341275,37.6429],[140.341431,37.643001],[140.341598,37.643021],[140.341773,37.64298],[140.342189,37.642691],[140.342339,37.642687],[140.342584,37.642803],[140.342655,37.642913],[140.342689,37.643109],[140.342356,37.643517],[140.342283,37.644299],[140.341981,37.645156],[140.342144,37.645537],[140.342157,37.645793],[140.34205,37.646019],[140.341948,37.646534],[140.342061,37.646615],[140.342084,37.647444],[140.343146,37.648465],[140.342499,37.648525],[140.341545,37.648502],[140.340837,37.648702],[140.340682,37.648859],[140.3401,37.649241],[140.338861,37.649456],[140.33774,37.64956],[140.336955,37.649322],[140.336673,37.649346],[140.336313,37.649541],[140.336073,37.649761],[140.335629,37.649952],[140.334715,37.650171],[140.333803,37.650309],[140.333437,37.650238],[140.332682,37.649823],[140.332124,37.64926],[140.331387,37.648635],[140.331027,37.648439],[140.330314,37.648163],[140.329468,37.648029],[140.32894,37.648024],[140.32807,37.648072],[140.327084,37.64833],[140.326138,37.648346],[140.326152,37.648821],[140.326438,37.650017],[140.326605,37.650462],[140.326988,37.650907],[140.327461,37.651304],[140.327963,37.651593],[140.330994,37.65274],[140.331244,37.652928],[140.331574,37.653273],[140.331918,37.65399],[140.332019,37.654749],[140.332381,37.655596],[140.332774,37.655898],[140.33332,37.65618],[140.334021,37.656356],[140.335603,37.656487],[140.336232,37.65664],[140.336906,37.656737],[140.337965,37.657022],[140.337855,37.658259],[140.337857,37.659039],[140.33777,37.659718],[140.337305,37.661433],[140.337282,37.662026],[140.337352,37.662191],[140.337842,37.662745],[140.338198,37.663269],[140.338564,37.664545],[140.338793,37.665118],[140.339157,37.665721],[140.339244,37.666015],[140.339214,37.666444],[140.339139,37.666694],[140.338949,37.666893],[140.338729,37.66725],[140.338583,37.667564],[140.338536,37.6678],[140.338638,37.668451],[140.338619,37.66961],[140.338769,37.669869],[140.33901,37.670077],[140.340356,37.670629],[140.340516,37.670765],[140.340689,37.671646],[140.340717,37.672158],[140.340108,37.672352],[140.338802,37.672477],[140.338385,37.672839],[140.337958,37.673043],[140.338338,37.673531],[140.338378,37.674553],[140.33847,37.675329],[140.33868,37.675949],[140.338744,37.67636],[140.338817,37.676464],[140.33895,37.676448],[140.339047,37.67675],[140.339746,37.678058],[140.339851,37.678597],[140.339838,37.679318],[140.339729,37.679647],[140.339392,37.680115],[140.338928,37.680496],[140.338262,37.680795],[140.338139,37.680953],[140.337892,37.681477],[140.336276,37.681489],[140.336213,37.681456],[140.336169,37.681395],[140.336211,37.681066],[140.336059,37.680667],[140.336009,37.680247],[140.335331,37.679376],[140.335119,37.67885],[140.335295,37.678386],[140.33557,37.677881],[140.33639,37.676722],[140.33642,37.676441],[140.336311,37.675968],[140.33557,37.675568],[140.335011,37.674861],[140.334985,37.674704],[140.335027,37.674554],[140.335226,37.674387],[140.33546,37.673959],[140.335669,37.67372],[140.335904,37.673632],[140.33567,37.673392],[140.334931,37.672118],[140.333966,37.670133],[140.333559,37.66957],[140.333143,37.669097],[140.332124,37.668149],[140.33102,37.667511],[140.330354,37.667323],[140.32956,37.667246],[140.328952,37.667285],[140.328448,37.667449],[140.328018,37.667697],[140.327572,37.66804],[140.327284,37.668432],[140.327221,37.668753],[140.327226,37.669028],[140.327363,37.669619],[140.327511,37.66984],[140.327951,37.671005],[140.328568,37.672404],[140.328794,37.672641],[140.328403,37.673238],[140.328611,37.673483],[140.329622,37.674431],[140.330126,37.675161],[140.33022,37.675555],[140.327785,37.676054],[140.327706,37.676519],[140.327607,37.676727],[140.327531,37.67675],[140.32502,37.676587],[140.323634,37.676424],[140.323071,37.676403],[140.323207,37.676807],[140.32324,37.677101],[140.32385,37.678363],[140.323993,37.678978],[140.324217,37.67961],[140.324464,37.680035],[140.324753,37.680377],[140.324744,37.680508],[140.324562,37.680728],[140.32423,37.680946],[140.323643,37.681175],[140.323079,37.681345],[140.321707,37.681406],[140.320719,37.681791],[140.320606,37.681897],[140.320325,37.6831],[140.320297,37.68369],[140.320341,37.683768],[140.324657,37.686791],[140.325075,37.687544],[140.325463,37.687803],[140.325881,37.688011],[140.326263,37.687999],[140.326734,37.688103],[140.327308,37.688162],[140.328289,37.68844],[140.331209,37.689041],[140.332846,37.68967],[140.333758,37.69011],[140.334623,37.690634],[140.336337,37.691973],[140.336852,37.692286],[140.337219,37.692389],[140.337691,37.692398],[140.338728,37.692243],[140.3392,37.692245],[140.339507,37.692354],[140.339716,37.692457],[140.340395,37.69295],[140.340782,37.69328],[140.341235,37.693771],[140.34132,37.693778],[140.341419,37.693915],[140.341145,37.694121],[140.340493,37.694851],[140.339533,37.694851],[140.339239,37.694909],[140.338863,37.695062],[140.338523,37.695281],[140.338491,37.695513],[140.338621,37.696122],[140.338725,37.696266],[140.338739,37.696379],[140.338625,37.696474],[140.338497,37.696503],[140.337742,37.696296],[140.337276,37.696293],[140.336863,37.696392],[140.336766,37.697095],[140.336487,37.69735],[140.336446,37.697696],[140.336316,37.697927],[140.336165,37.698034],[140.335849,37.698157],[140.335481,37.698197],[140.33489,37.698062],[140.334658,37.697924],[140.334336,37.697839],[140.333953,37.697872],[140.333516,37.698078],[140.332796,37.698128],[140.33233,37.698209],[140.332058,37.698321],[140.331606,37.698551],[140.331009,37.699054],[140.330715,37.699148],[140.330441,37.699581],[140.330398,37.699904],[140.330278,37.700073],[140.329902,37.700276],[140.329406,37.700743],[140.329137,37.700772],[140.32862,37.700637],[140.328442,37.700693],[140.327883,37.701002],[140.327804,37.70116],[140.327769,37.701413],[140.327613,37.701594],[140.327379,37.701735],[140.326642,37.70174],[140.326068,37.701937],[140.325338,37.70183],[140.324736,37.701965],[140.324701,37.702208],[140.324771,37.703408],[140.324736,37.703515],[140.324665,37.703565],[140.324254,37.703672],[140.323503,37.703706],[140.323311,37.70379],[140.3229,37.7041],[140.322581,37.704252],[140.321816,37.704365],[140.321625,37.704269],[140.321511,37.704038],[140.321157,37.703768],[140.32088,37.703689],[140.320562,37.703728],[140.320094,37.703988],[140.320002,37.704083],[140.319959,37.704213],[140.319973,37.704573],[140.31991,37.704697],[140.319435,37.705108],[140.319003,37.7053],[140.318443,37.705385],[140.318273,37.705458],[140.317777,37.70583],[140.317061,37.706055],[140.316575,37.706111],[140.316436,37.70655],[140.316386,37.707043],[140.316473,37.70743],[140.317515,37.707715],[140.318132,37.708237],[140.317127,37.708917],[140.317081,37.709013],[140.317108,37.709439],[140.317179,37.709565],[140.318751,37.711008],[140.318974,37.712669],[140.318959,37.712859],[140.318859,37.712969],[140.3178,37.713578],[140.316112,37.71394],[140.315647,37.71424],[140.31543,37.714149],[140.315175,37.713913],[140.314155,37.713473],[140.313439,37.713406],[140.312872,37.713242],[140.312078,37.712865],[140.311802,37.71287],[140.311434,37.712989],[140.311008,37.713028],[140.309804,37.712915],[140.308677,37.713214],[140.308492,37.713293],[140.30823,37.713563],[140.308102,37.713873],[140.308102,37.714301],[140.308011,37.714498],[140.307833,37.714696],[140.30733,37.714763],[140.306204,37.714662],[140.305679,37.714667],[140.304791,37.714857],[140.304709,37.714935],[140.304482,37.71552],[140.303916,37.71627],[140.303701,37.716822],[140.30358,37.716941],[140.303103,37.717213],[140.302986,37.717675],[140.302453,37.717943],[140.301974,37.718069],[140.30022,37.718767],[140.300074,37.719017],[140.300107,37.719332],[140.300786,37.719901],[140.301089,37.720225],[140.301365,37.720584],[140.301701,37.721237],[140.301673,37.722281],[140.301578,37.722882],[140.301474,37.724298],[140.301254,37.7252],[140.301154,37.726258],[140.301161,37.72653],[140.301243,37.726859],[140.301483,37.727186],[140.302021,37.727791],[140.302155,37.727906],[140.302801,37.728211],[140.303198,37.728682],[140.303599,37.728623],[140.303833,37.728671],[140.304052,37.728819],[140.304535,37.728729],[140.304959,37.729071],[140.305518,37.729096],[140.305697,37.729147],[140.305727,37.729301],[140.305785,37.729362],[140.306023,37.729482],[140.306074,37.729858],[140.306149,37.729933],[140.307071,37.730582],[140.308618,37.731851],[140.309256,37.732033],[140.309976,37.73202],[140.311155,37.73213],[140.311583,37.732385],[140.311758,37.732764],[140.311889,37.733214],[140.312087,37.734689],[140.312127,37.737712],[140.312261,37.738857],[140.31238,37.73908],[140.313887,37.740572],[140.314047,37.740844],[140.314107,37.7417],[140.314019,37.741917],[140.313824,37.742048],[140.313291,37.742167],[140.312399,37.742183],[140.311832,37.742141],[140.311338,37.742038],[140.310826,37.741866],[140.309769,37.741692],[140.308277,37.741809],[140.307591,37.741919],[140.30679,37.742283],[140.306464,37.742546],[140.30639,37.742745],[140.306372,37.743167],[140.306465,37.74339],[140.306773,37.743688],[140.307275,37.743881],[140.307871,37.744228],[140.309061,37.745122],[140.309413,37.7456],[140.309605,37.746195],[140.309951,37.746826],[140.310155,37.747175],[140.310418,37.747466],[140.310714,37.747639],[140.312097,37.748094],[140.312545,37.748362],[140.312612,37.748473],[140.312637,37.748663],[140.31257,37.75],[140.312593,37.750437],[140.312639,37.750863],[140.312753,37.751262],[140.309779,37.752214],[140.308952,37.752317],[140.308006,37.752311],[140.306176,37.75205],[140.305217,37.751866],[140.302253,37.750882],[140.299152,37.750089],[140.298446,37.750037],[140.297817,37.74989],[140.297081,37.749886],[140.294301,37.750108],[140.289014,37.750255],[140.288428,37.750311],[140.288052,37.75032],[140.287528,37.75021],[140.286664,37.749926],[140.285378,37.749269],[140.285739,37.748668],[140.285853,37.748267],[140.285846,37.747784],[140.28572,37.747273],[140.285486,37.746764],[140.285138,37.746208],[140.284806,37.745899],[140.284587,37.745586],[140.284289,37.745328],[140.283965,37.745187],[140.28364,37.745131],[140.283067,37.745185],[140.282515,37.745163],[140.282246,37.745035],[140.281886,37.744967],[140.281392,37.745007],[140.28107,37.745118],[140.280908,37.745039],[140.280396,37.744202],[140.279931,37.743857],[140.27929,37.743623],[140.277745,37.743354],[140.275804,37.742696],[140.274001,37.741298],[140.273762,37.740623],[140.27345,37.740224],[140.273094,37.740012],[140.272392,37.739766],[140.271978,37.73954],[140.273228,37.739077],[140.277537,37.736864],[140.277676,37.736465],[140.277314,37.735711],[140.277195,37.735074],[140.27714,37.734243],[140.277225,37.733836],[140.277531,37.732937],[140.278025,37.732138],[140.278253,37.731861],[140.278308,37.731704],[140.279062,37.731122],[140.279913,37.730612],[140.280592,37.730287],[140.281722,37.729879],[140.283121,37.729544],[140.284095,37.7294],[140.284834,37.729404],[140.286022,37.729547],[140.285872,37.729217],[140.285865,37.728981],[140.286322,37.728276],[140.286433,37.728012],[140.286471,37.727754],[140.286988,37.726491],[140.286925,37.725546],[140.286508,37.723891],[140.286501,37.723669],[140.286864,37.722513],[140.286814,37.722062],[140.286504,37.720586],[140.286269,37.71969],[140.28618,37.71959],[140.286045,37.719582],[140.285277,37.719813],[140.284737,37.719838],[140.284116,37.71982],[140.283504,37.719688],[140.282964,37.71967],[140.282333,37.719724],[140.280997,37.720037],[140.279655,37.720115],[140.27849,37.720437],[140.27783,37.720705],[140.277505,37.72071],[140.27728,37.720701],[140.276277,37.72013],[140.275074,37.719722],[140.274481,37.719618],[140.271423,37.7201],[140.267604,37.721007],[140.267114,37.720488],[140.266002,37.719065],[140.265565,37.718683],[140.264402,37.717846],[140.26296,37.717057],[140.262942,37.716987]],[[140.292347,37.730306],[140.293068,37.730856],[140.294793,37.730428],[140.296916,37.729785],[140.297323,37.729597],[140.297598,37.729086],[140.297832,37.728193],[140.297994,37.726906],[140.297425,37.726819],[140.296437,37.726456],[140.296107,37.726454],[140.2953,37.726079],[140.294955,37.726005],[140.294445,37.726002],[140.293992,37.726238],[140.29322,37.726889],[140.291427,37.729156],[140.291619,37.729563],[140.292347,37.730306]]],[[[140.263867,37.741239],[140.264234,37.741081],[140.26495,37.740628],[140.265683,37.740246],[140.265981,37.740198],[140.267014,37.739617],[140.267637,37.739437],[140.267907,37.739742],[140.268383,37.740035],[140.268551,37.74024],[140.268854,37.740441],[140.268975,37.740862],[140.26934,37.741234],[140.269585,37.741367],[140.270745,37.741783],[140.271315,37.742079],[140.271676,37.742154],[140.271996,37.742153],[140.27244,37.742618],[140.274268,37.744024],[140.274588,37.744224],[140.276993,37.745056],[140.278583,37.74534],[140.27908,37.746145],[140.279378,37.746389],[140.279866,37.746648],[140.280072,37.746963],[140.280038,37.747335],[140.280093,37.747566],[140.280359,37.747944],[140.280643,37.748132],[140.280988,37.748237],[140.281426,37.748276],[140.28188,37.748226],[140.281731,37.748456],[140.281673,37.748661],[140.28165,37.748957],[140.281731,37.749243],[140.282563,37.750487],[140.283286,37.751077],[140.28285,37.750947],[140.280469,37.750645],[140.279495,37.750472],[140.278789,37.750491],[140.274963,37.750086],[140.274812,37.750145],[140.273321,37.750008],[140.273255,37.750315],[140.2731,37.750486],[140.272856,37.750613],[140.272495,37.75069],[140.271954,37.750665],[140.272075,37.751174],[140.272035,37.751656],[140.268701,37.751627],[140.268567,37.751562],[140.267972,37.751551],[140.266031,37.751067],[140.265042,37.750789],[140.264756,37.75063],[140.264414,37.750584],[140.262959,37.750096],[140.262186,37.749891],[140.262142,37.749783],[140.262388,37.749463],[140.262643,37.749236],[140.263036,37.748701],[140.263265,37.748259],[140.263324,37.747773],[140.263257,37.747251],[140.263295,37.747079],[140.266972,37.747016],[140.266919,37.746858],[140.266314,37.746061],[140.266262,37.745896],[140.266013,37.745608],[140.265934,37.745379],[140.265164,37.743936],[140.264986,37.74372],[140.264757,37.743218],[140.264534,37.743002],[140.263864,37.741452],[140.263867,37.741239]]],[[[140.26606,37.619787],[140.266691,37.619832],[140.267292,37.619683],[140.268244,37.619164],[140.26968,37.618286],[140.270341,37.61808],[140.271637,37.618001],[140.272005,37.617914],[140.272292,37.617767],[140.272473,37.617583],[140.272492,37.617172],[140.272352,37.61698],[140.271468,37.616188],[140.271194,37.615846],[140.271306,37.615096],[140.271687,37.613691],[140.272613,37.613482],[140.273266,37.612962],[140.273861,37.61225],[140.274372,37.611433],[140.274781,37.610119],[140.275146,37.608289],[140.275287,37.607883],[140.275608,37.607937],[140.27599,37.607745],[140.276464,37.607667],[140.276783,37.607509],[140.276918,37.607526],[140.278178,37.608022],[140.278511,37.608275],[140.278773,37.608365],[140.279034,37.608635],[140.279331,37.608686],[140.279416,37.608821],[140.279693,37.608872],[140.279961,37.609052],[140.280641,37.608979],[140.281031,37.609278],[140.2812,37.609351],[140.28263,37.609509],[140.28285,37.609588],[140.283161,37.60983],[140.283211,37.610179],[140.283579,37.61072],[140.283664,37.610782],[140.283819,37.610798],[140.283897,37.610872],[140.284081,37.611401],[140.284272,37.61157],[140.284527,37.611643],[140.284683,37.611751],[140.284813,37.611919],[140.28619,37.612001],[140.287581,37.612009],[140.289863,37.611622],[140.290042,37.6117],[140.290363,37.611988],[140.290589,37.612123],[140.291362,37.61216],[140.291683,37.612107],[140.292375,37.611834],[140.292946,37.611676],[140.29357,37.611593],[140.294654,37.611113],[140.294922,37.611024],[140.295277,37.610987],[140.295896,37.611401],[140.297075,37.612333],[140.29749,37.612841],[140.297666,37.613224],[140.29798,37.614237],[140.298673,37.615796],[140.29879,37.616159],[140.298773,37.616655],[140.298697,37.617055],[140.298164,37.617643],[140.296897,37.618494],[140.297063,37.618715],[140.297362,37.618917],[140.298042,37.618372],[140.298449,37.61813],[140.298856,37.617906],[140.299419,37.617719],[140.29993,37.617668],[140.300784,37.617709],[140.301233,37.617789],[140.30105,37.620507],[140.301014,37.62241],[140.301146,37.62365],[140.30138,37.624348],[140.301861,37.625439],[140.301868,37.625992],[140.301356,37.626876],[140.300385,37.628072],[140.2996,37.62863],[140.29636,37.630156],[140.295613,37.630448],[140.295608,37.630671],[140.296219,37.631807],[140.296303,37.63241],[140.296194,37.632832],[140.295799,37.633468],[140.295842,37.633635],[140.295909,37.633695],[140.296525,37.633609],[140.29681,37.633492],[140.297663,37.632913],[140.298001,37.632837],[140.298773,37.632842],[140.299492,37.632989],[140.300373,37.63328],[140.301846,37.633942],[140.303023,37.634589],[140.303356,37.634645],[140.303145,37.634769],[140.301927,37.634915],[140.298839,37.634854],[140.298868,37.63493],[140.300723,37.636625],[140.301408,37.637312],[140.302421,37.638616],[140.303036,37.638596],[140.303367,37.638437],[140.303669,37.638182],[140.303993,37.638071],[140.304412,37.638115],[140.304857,37.638624],[140.305262,37.638639],[140.305638,37.638462],[140.305863,37.638511],[140.306301,37.638949],[140.306441,37.639182],[140.306476,37.639486],[140.306405,37.639897],[140.306048,37.640354],[140.305579,37.640751],[140.304495,37.641293],[140.303661,37.641473],[140.302288,37.641554],[140.301194,37.641542],[140.300055,37.641428],[140.299165,37.641202],[140.29717,37.640487],[140.296825,37.640514],[140.2965,37.640739],[140.29634,37.641006],[140.296307,37.641394],[140.296097,37.642161],[140.296013,37.642316],[140.295801,37.642494],[140.29544,37.642652],[140.293632,37.642761],[140.293257,37.642836],[140.292932,37.643025],[140.292773,37.64328],[140.292754,37.643608],[140.292842,37.643853],[140.292961,37.644009],[140.293872,37.644814],[140.294275,37.64526],[140.294411,37.645537],[140.294755,37.646557],[140.295009,37.647637],[140.295002,37.648304],[140.294808,37.648532],[140.293773,37.648936],[140.292209,37.649356],[140.29132,37.649494],[140.290216,37.649506],[140.289185,37.649414],[140.288203,37.649237],[140.286373,37.648672],[140.285977,37.648641],[140.284373,37.64825],[140.282793,37.647926],[140.282146,37.647874],[140.280489,37.647931],[140.279154,37.648294],[140.278624,37.648549],[140.277632,37.645652],[140.277211,37.644572],[140.276747,37.642871],[140.276489,37.642316],[140.276319,37.641247],[140.27562,37.637932],[140.276748,37.63668],[140.277352,37.635901],[140.279225,37.636086],[140.28068,37.636029],[140.28083,37.635956],[140.281096,37.635614],[140.281288,37.635505],[140.281629,37.635409],[140.282457,37.635342],[140.282625,37.635214],[140.282745,37.634899],[140.282799,37.634317],[140.283123,37.633354],[140.283165,37.632228],[140.283057,37.631603],[140.283057,37.631303],[140.283465,37.629905],[140.284256,37.629171],[140.284454,37.628909],[140.284802,37.628165],[140.285144,37.627678],[140.28527,37.627416],[140.285072,37.627034],[140.284844,37.626224],[140.284604,37.625837],[140.284065,37.625499],[140.283669,37.625322],[140.282865,37.625179],[140.282271,37.624883],[140.280682,37.623781],[140.279981,37.622837],[140.279393,37.62257],[140.278936,37.622266],[140.278082,37.622444],[140.277631,37.622632],[140.276733,37.623163],[140.276288,37.623512],[140.276098,37.623731],[140.275676,37.623991],[140.275315,37.624114],[140.274294,37.624322],[140.273887,37.624546],[140.273443,37.624705],[140.272697,37.625111],[140.272415,37.625148],[140.271958,37.624442],[140.270962,37.623306],[140.269874,37.622326],[140.268283,37.621272],[140.267522,37.620973],[140.266743,37.620532],[140.266494,37.620323],[140.26606,37.619787]]],[[[140.267604,37.721007],[140.271423,37.7201],[140.274481,37.719618],[140.275074,37.719722],[140.276277,37.72013],[140.27728,37.720701],[140.277505,37.72071],[140.27783,37.720705],[140.27849,37.720437],[140.279655,37.720115],[140.280997,37.720037],[140.282333,37.719724],[140.282964,37.71967],[140.283504,37.719688],[140.284116,37.71982],[140.284737,37.719838],[140.285277,37.719813],[140.286045,37.719582],[140.28618,37.71959],[140.286269,37.71969],[140.286504,37.720586],[140.286814,37.722062],[140.286864,37.722513],[140.286501,37.723669],[140.286508,37.723891],[140.286925,37.725546],[140.286988,37.726491],[140.286471,37.727754],[140.286433,37.728012],[140.286322,37.728276],[140.285865,37.72899],[140.285678,37.728857],[140.285322,37.728445],[140.283655,37.72688],[140.283466,37.726564],[140.283223,37.725666],[140.282942,37.724882],[140.282419,37.724373],[140.281668,37.723767],[140.280414,37.723063],[140.279547,37.723268],[140.278585,37.723415],[140.278105,37.723402],[140.277068,37.722595],[140.276314,37.722342],[140.275497,37.722346],[140.273558,37.722888],[140.271873,37.723249],[140.269349,37.723472],[140.269339,37.723329],[140.269126,37.722927],[140.268486,37.722103],[140.267702,37.721211],[140.267604,37.721007]]],[[[140.271739,37.613682],[140.271627,37.613522],[140.271562,37.613274],[140.271717,37.612926],[140.271687,37.612721],[140.271604,37.61254],[140.271412,37.612344],[140.270674,37.611858],[140.270009,37.611586],[140.269229,37.611438],[140.268635,37.611414],[140.268323,37.611324],[140.268087,37.611181],[140.267559,37.610651],[140.267355,37.610365],[140.267211,37.610041],[140.267199,37.609926],[140.267331,37.609669],[140.267319,37.609478],[140.267151,37.609259],[140.266833,37.60902],[140.266714,37.608834],[140.266711,37.6085],[140.26656,37.608164],[140.266594,37.607954],[140.266756,37.607478],[140.268287,37.604984],[140.268288,37.604882],[140.268896,37.604039],[140.269019,37.60376],[140.269375,37.603327],[140.269543,37.602976],[140.270691,37.60132],[140.271049,37.600708],[140.27612,37.598617],[140.278075,37.597872],[140.278459,37.597659],[140.279761,37.597161],[140.28192,37.596232],[140.282169,37.59606],[140.282597,37.595092],[140.282538,37.594984],[140.28243,37.594411],[140.282298,37.594087],[140.282298,37.593958],[140.281678,37.592828],[140.281258,37.592165],[140.281,37.59194],[140.280479,37.591659],[140.280161,37.591378],[140.280011,37.591082],[140.279678,37.590076],[140.279512,37.589718],[140.279787,37.589708],[140.280531,37.589498],[140.281026,37.589489],[140.281456,37.589981],[140.282409,37.590613],[140.282415,37.591483],[140.2831,37.591928],[140.28352,37.591907],[140.284023,37.591797],[140.284324,37.591662],[140.284246,37.591232],[140.284214,37.590659],[140.28444,37.590476],[140.285991,37.58971],[140.288073,37.589812],[140.289293,37.589927],[140.28975,37.589882],[140.290104,37.589777],[140.290526,37.589487],[140.290885,37.588798],[140.2908,37.587456],[140.291212,37.586707],[140.291275,37.58638],[140.291218,37.586033],[140.290807,37.585119],[140.290797,37.584642],[140.290902,37.584577],[140.29148,37.584509],[140.292192,37.584526],[140.29274,37.584601],[140.292979,37.584688],[140.29322,37.584911],[140.293548,37.58535],[140.293849,37.585852],[140.294087,37.586369],[140.294235,37.586899],[140.294281,37.587765],[140.294211,37.588437],[140.294054,37.588966],[140.29387,37.589351],[140.293822,37.589644],[140.293864,37.589952],[140.294122,37.590311],[140.294398,37.590585],[140.294782,37.590866],[140.295311,37.591012],[140.295742,37.591058],[140.296399,37.591019],[140.296985,37.590829],[140.297482,37.590596],[140.297825,37.590369],[140.29829,37.589742],[140.298847,37.58883],[140.299637,37.587976],[140.299908,37.587799],[140.300205,37.587765],[140.300492,37.587852],[140.300651,37.588161],[140.300918,37.588427],[140.300998,37.588578],[140.301138,37.588958],[140.301433,37.59014],[140.301665,37.590342],[140.301961,37.590408],[140.302313,37.590274],[140.304275,37.589041],[140.304338,37.589055],[140.30489,37.588665],[140.306243,37.588172],[140.307054,37.588034],[140.307523,37.588042],[140.30712,37.588943],[140.306873,37.589997],[140.306589,37.590582],[140.306397,37.59086],[140.305988,37.591366],[140.305453,37.591878],[140.303452,37.593368],[140.301991,37.594733],[140.301482,37.595381],[140.301344,37.595674],[140.301378,37.595917],[140.301592,37.596126],[140.302423,37.596618],[140.303391,37.597031],[140.304574,37.597396],[140.305615,37.597631],[140.306702,37.597787],[140.308535,37.597884],[140.31072,37.597911],[140.311519,37.598009],[140.310787,37.598369],[140.310064,37.59883],[140.309765,37.599079],[140.309561,37.5997],[140.309295,37.600292],[140.308967,37.600705],[140.308469,37.601168],[140.308058,37.601845],[140.307847,37.602266],[140.307725,37.602852],[140.30776,37.603861],[140.308302,37.605609],[140.308387,37.606082],[140.307961,37.609356],[140.307916,37.611316],[140.308663,37.612208],[140.309144,37.612676],[140.309343,37.613557],[140.309453,37.614323],[140.309887,37.615978],[140.310095,37.616344],[140.310259,37.616512],[140.310894,37.617464],[140.311071,37.617834],[140.311134,37.618324],[140.311031,37.618871],[140.310668,37.619281],[140.30925,37.620197],[140.307036,37.621334],[140.306809,37.621553],[140.306717,37.621756],[140.306693,37.621964],[140.306765,37.622328],[140.306845,37.622502],[140.307511,37.623465],[140.308407,37.624603],[140.309426,37.625539],[140.310791,37.625476],[140.312364,37.625527],[140.312985,37.625679],[140.313365,37.625908],[140.313543,37.626106],[140.313886,37.627104],[140.314144,37.627636],[140.314612,37.62805],[140.315022,37.628309],[140.314966,37.629037],[140.314842,37.629478],[140.314578,37.629727],[140.314344,37.629833],[140.313631,37.629918],[140.312557,37.630168],[140.31206,37.630368],[140.311615,37.630765],[140.311278,37.631167],[140.310808,37.631431],[140.308416,37.631923],[140.30735,37.632427],[140.303865,37.634544],[140.303504,37.634642],[140.303023,37.634589],[140.301846,37.633942],[140.300373,37.63328],[140.299492,37.632989],[140.298773,37.632842],[140.298001,37.632837],[140.297663,37.632913],[140.29681,37.633492],[140.296525,37.633609],[140.295909,37.633695],[140.295842,37.633635],[140.295799,37.633468],[140.296194,37.632832],[140.296303,37.63241],[140.296219,37.631807],[140.295608,37.630671],[140.295613,37.630448],[140.29636,37.630156],[140.2996,37.62863],[140.300385,37.628072],[140.301356,37.626876],[140.301868,37.625992],[140.301861,37.625439],[140.30138,37.624348],[140.301146,37.62365],[140.301014,37.62241],[140.30105,37.620507],[140.301233,37.617789],[140.300784,37.617709],[140.29993,37.617668],[140.299419,37.617719],[140.298856,37.617906],[140.298449,37.61813],[140.298042,37.618372],[140.297362,37.618917],[140.297063,37.618715],[140.296897,37.618494],[140.298164,37.617643],[140.298697,37.617055],[140.298773,37.616655],[140.29879,37.616159],[140.298673,37.615796],[140.29798,37.614237],[140.297666,37.613224],[140.29749,37.612841],[140.297075,37.612333],[140.295896,37.611401],[140.295277,37.610987],[140.294922,37.611024],[140.294654,37.611113],[140.29357,37.611593],[140.292946,37.611676],[140.292375,37.611834],[140.291683,37.612107],[140.291362,37.61216],[140.290589,37.612123],[140.290363,37.611988],[140.290042,37.6117],[140.289863,37.611622],[140.287581,37.612009],[140.28619,37.612001],[140.284813,37.611919],[140.284683,37.611751],[140.284527,37.611643],[140.284272,37.61157],[140.284081,37.611401],[140.283897,37.610872],[140.283819,37.610798],[140.283664,37.610782],[140.283579,37.61072],[140.283211,37.610179],[140.283161,37.60983],[140.282885,37.609605],[140.28263,37.609509],[140.2812,37.609351],[140.281031,37.609278],[140.280641,37.608979],[140.279961,37.609052],[140.279693,37.608872],[140.279416,37.608821],[140.279331,37.608686],[140.279034,37.608635],[140.278773,37.608365],[140.278511,37.608275],[140.278178,37.608022],[140.276918,37.607526],[140.276783,37.607509],[140.276464,37.607667],[140.27599,37.607745],[140.275608,37.607937],[140.275287,37.607883],[140.275146,37.608289],[140.274781,37.610119],[140.274372,37.611433],[140.273861,37.61225],[140.273266,37.612962],[140.272613,37.613482],[140.271739,37.613682]]],[[[140.271865,37.753939],[140.272027,37.752433],[140.272075,37.751174],[140.271954,37.750665],[140.272495,37.75069],[140.272856,37.750613],[140.2731,37.750486],[140.273255,37.750315],[140.273321,37.750008],[140.274812,37.750145],[140.274963,37.750086],[140.278789,37.750491],[140.279495,37.750472],[140.280469,37.750645],[140.28285,37.750947],[140.283326,37.751086],[140.284412,37.751507],[140.285058,37.751876],[140.285818,37.752389],[140.285979,37.752611],[140.286301,37.752842],[140.287461,37.754143],[140.286357,37.754084],[140.285673,37.753965],[140.284537,37.753367],[140.284049,37.752973],[140.283666,37.752751],[140.283253,37.75262],[140.282557,37.752573],[140.281565,37.752686],[140.279379,37.753207],[140.278064,37.753743],[140.277255,37.754143],[140.276802,37.754422],[140.275722,37.754283],[140.271865,37.753939]]],[[[140.272415,37.625148],[140.272697,37.625111],[140.273443,37.624705],[140.273887,37.624546],[140.274294,37.624322],[140.275315,37.624114],[140.275676,37.623991],[140.276098,37.623731],[140.276288,37.623512],[140.276733,37.623163],[140.277631,37.622632],[140.278082,37.622444],[140.278936,37.622266],[140.279393,37.62257],[140.279981,37.622837],[140.280682,37.623781],[140.282271,37.624883],[140.282865,37.625179],[140.283669,37.625322],[140.283849,37.625394],[140.284604,37.625837],[140.284844,37.626224],[140.285072,37.627034],[140.28527,37.627416],[140.285144,37.627678],[140.284802,37.628165],[140.284454,37.628909],[140.284256,37.629171],[140.283465,37.629905],[140.283057,37.631303],[140.283057,37.631603],[140.283165,37.632228],[140.283123,37.633354],[140.282757,37.634479],[140.282745,37.634899],[140.282571,37.635271],[140.282457,37.635342],[140.281629,37.635409],[140.281288,37.635505],[140.281096,37.635614],[140.28083,37.635956],[140.28068,37.636029],[140.279225,37.636086],[140.277352,37.635901],[140.276455,37.635604],[140.275045,37.63417],[140.274479,37.633767],[140.273815,37.633465],[140.272683,37.633428],[140.271412,37.633683],[140.270836,37.633708],[140.270565,37.633662],[140.270315,37.633484],[140.269954,37.63333],[140.269852,37.633233],[140.269476,37.633087],[140.268451,37.632974],[140.267742,37.632841],[140.267339,37.632681],[140.266815,37.631969],[140.266423,37.631595],[140.266029,37.631385],[140.265428,37.631281],[140.26515,37.631186],[140.265115,37.631043],[140.265155,37.628839],[140.264988,37.628402],[140.264686,37.628064],[140.264158,37.627724],[140.263064,37.62741],[140.26038,37.626885],[140.259086,37.626684],[140.257638,37.626558],[140.25778,37.626464],[140.259169,37.626044],[140.26019,37.625642],[140.261612,37.625573],[140.263912,37.625794],[140.264941,37.626366],[140.265336,37.626433],[140.265921,37.626451],[140.266389,37.626397],[140.266992,37.626407],[140.267423,37.626467],[140.268026,37.626364],[140.268406,37.626223],[140.269906,37.625474],[140.272472,37.625225],[140.272415,37.625148]]],[[[140.29274,37.584601],[140.292868,37.584359],[140.293268,37.583853],[140.296005,37.58055],[140.296292,37.580623],[140.296704,37.580847],[140.298101,37.581399],[140.299094,37.581877],[140.299793,37.582125],[140.300375,37.582407],[140.301948,37.583418],[140.302467,37.58365],[140.305025,37.585075],[140.307792,37.586229],[140.308294,37.586353],[140.307899,37.587309],[140.307523,37.588042],[140.307054,37.588034],[140.306243,37.588172],[140.30489,37.588665],[140.304338,37.589055],[140.304275,37.589041],[140.302313,37.590274],[140.301961,37.590408],[140.301665,37.590342],[140.301433,37.59014],[140.301138,37.588958],[140.300998,37.588578],[140.300918,37.588427],[140.300651,37.588161],[140.300492,37.587852],[140.300205,37.587765],[140.299908,37.587799],[140.299637,37.587976],[140.299337,37.588282],[140.298847,37.58883],[140.29829,37.589742],[140.297825,37.590369],[140.297482,37.590596],[140.296985,37.590829],[140.296399,37.591019],[140.295742,37.591058],[140.295311,37.591012],[140.294782,37.590866],[140.294398,37.590585],[140.294122,37.590311],[140.293864,37.589952],[140.293822,37.589644],[140.29387,37.589351],[140.294054,37.588966],[140.294211,37.588437],[140.294281,37.587765],[140.294235,37.586899],[140.294087,37.586369],[140.293849,37.585852],[140.293548,37.58535],[140.29322,37.584911],[140.292979,37.584688],[140.29274,37.584601]]],[[[140.295005,37.642691],[140.29544,37.642652],[140.295801,37.642494],[140.296013,37.642316],[140.296097,37.642161],[140.296307,37.641394],[140.29634,37.641006],[140.2965,37.640739],[140.296825,37.640514],[140.29717,37.640487],[140.299165,37.641202],[140.300055,37.641428],[140.301194,37.641542],[140.302288,37.641554],[140.303661,37.641473],[140.304495,37.641293],[140.305022,37.641058],[140.305676,37.64067],[140.307303,37.6408],[140.309334,37.641091],[140.310386,37.641175],[140.311903,37.641499],[140.312334,37.641645],[140.312682,37.64189],[140.312851,37.64212],[140.312831,37.642363],[140.31254,37.642662],[140.312223,37.64286],[140.311312,37.643105],[140.308807,37.643606],[140.307122,37.643889],[140.306481,37.644064],[140.305839,37.644383],[140.305612,37.644675],[140.30476,37.645299],[140.304435,37.645447],[140.304156,37.645453],[140.30341,37.645327],[140.302924,37.645331],[140.302337,37.645635],[140.302103,37.645627],[140.301832,37.64569],[140.301416,37.64593],[140.301138,37.645893],[140.300851,37.64577],[140.300533,37.645475],[140.299603,37.645434],[140.298588,37.645022],[140.298244,37.644829],[140.297601,37.644718],[140.297463,37.645028],[140.297266,37.645181],[140.296907,37.645167],[140.296773,37.645047],[140.296522,37.644593],[140.296241,37.644209],[140.295793,37.643956],[140.295138,37.64344],[140.295005,37.642691]]],[[[140.298201,37.759147],[140.298306,37.759012],[140.299165,37.758607],[140.300026,37.758089],[140.300569,37.757828],[140.302196,37.757344],[140.302909,37.757176],[140.304247,37.756762],[140.304636,37.756593],[140.306451,37.756196],[140.307407,37.756175],[140.306485,37.757314],[140.305313,37.758629],[140.3053,37.758757],[140.305683,37.758927],[140.305735,37.759094],[140.305674,37.759275],[140.305115,37.759863],[140.304571,37.760265],[140.303829,37.760542],[140.303052,37.760757],[140.302319,37.760857],[140.301718,37.76084],[140.301364,37.760742],[140.300024,37.760176],[140.298201,37.759147]]],[[[140.303356,37.634645],[140.303162,37.634894],[140.302953,37.635446],[140.302964,37.635618],[140.303046,37.635809],[140.303332,37.63604],[140.303738,37.636223],[140.30405,37.636206],[140.304375,37.636046],[140.305933,37.634958],[140.306403,37.634722],[140.307392,37.634118],[140.308668,37.633553],[140.309293,37.633413],[140.311514,37.633226],[140.312941,37.63332],[140.313839,37.633468],[140.314842,37.633932],[140.315281,37.634517],[140.315682,37.635244],[140.315763,37.635502],[140.316203,37.635943],[140.316454,37.636097],[140.316952,37.636653],[140.31713,37.636931],[140.317822,37.638604],[140.318625,37.638647],[140.319367,37.638928],[140.31976,37.639178],[140.320179,37.639276],[140.32073,37.639356],[140.321246,37.639349],[140.322575,37.639653],[140.323554,37.640116],[140.323756,37.640337],[140.321355,37.640514],[140.31965,37.640733],[140.319169,37.640863],[140.317704,37.641074],[140.31691,37.641327],[140.316115,37.641666],[140.31392,37.64296],[140.313316,37.643396],[140.312497,37.643753],[140.311715,37.644009],[140.309515,37.644348],[140.307534,37.644497],[140.305508,37.644749],[140.305839,37.644383],[140.306481,37.644064],[140.307122,37.643889],[140.308807,37.643606],[140.311312,37.643105],[140.312223,37.64286],[140.31254,37.642662],[140.312831,37.642363],[140.312851,37.64212],[140.312682,37.64189],[140.312334,37.641645],[140.311903,37.641499],[140.310386,37.641175],[140.309334,37.641091],[140.307303,37.6408],[140.305676,37.64067],[140.306048,37.640354],[140.306405,37.639897],[140.306476,37.639486],[140.306441,37.639182],[140.306301,37.638949],[140.305863,37.638511],[140.305638,37.638462],[140.305262,37.638639],[140.304857,37.638624],[140.304412,37.638115],[140.303993,37.638071],[140.303669,37.638182],[140.303367,37.638437],[140.303036,37.638596],[140.302421,37.638616],[140.301408,37.637312],[140.300723,37.636625],[140.298868,37.63493],[140.298839,37.634854],[140.301927,37.634915],[140.303145,37.634769],[140.303356,37.634645]]],[[[140.335909,37.680116],[140.335722,37.680314],[140.335628,37.680507],[140.335596,37.68094],[140.335404,37.6812],[140.335379,37.681507],[140.335265,37.681958],[140.33504,37.682198],[140.334472,37.682631],[140.334405,37.682846],[140.334091,37.683018],[140.334048,37.683779],[140.333984,37.683964],[140.333839,37.684135],[140.333731,37.684361],[140.333268,37.684662],[140.333152,37.684949],[140.333146,37.685107],[140.333981,37.68557],[140.335351,37.686717],[140.335663,37.6871],[140.336453,37.688476],[140.336712,37.688894],[140.33689,37.689092],[140.33801,37.689724],[140.33951,37.690675],[140.341578,37.691801],[140.341994,37.692245],[140.342348,37.692932],[140.342852,37.693232],[140.343624,37.693501],[140.343871,37.693667],[140.345153,37.694776],[140.345037,37.694954],[140.344566,37.695311],[140.344229,37.69545],[140.344101,37.695597],[140.344029,37.695628],[140.343805,37.695505],[140.343753,37.695033],[140.343681,37.694806],[140.343296,37.694482],[140.342995,37.694342],[140.342728,37.694323],[140.342429,37.694361],[140.342243,37.694466],[140.341717,37.69423],[140.34132,37.693778],[140.341235,37.693771],[140.340782,37.69328],[140.340395,37.69295],[140.339716,37.692457],[140.339507,37.692354],[140.3392,37.692245],[140.338728,37.692243],[140.337691,37.692398],[140.337219,37.692389],[140.336852,37.692286],[140.336337,37.691973],[140.334623,37.690634],[140.333758,37.69011],[140.332846,37.68967],[140.331209,37.689041],[140.328289,37.68844],[140.327308,37.688162],[140.326734,37.688103],[140.326263,37.687999],[140.325881,37.688011],[140.325463,37.687803],[140.325075,37.687544],[140.324657,37.686791],[140.320431,37.683846],[140.320297,37.68369],[140.320325,37.6831],[140.320458,37.682487],[140.320606,37.681897],[140.320719,37.681791],[140.321707,37.681406],[140.323079,37.681345],[140.323643,37.681175],[140.32423,37.680946],[140.324562,37.680728],[140.324744,37.680508],[140.324753,37.680377],[140.324464,37.680035],[140.324217,37.67961],[140.323993,37.678978],[140.32385,37.678363],[140.32324,37.677101],[140.323207,37.676807],[140.323071,37.676403],[140.323634,37.676424],[140.32502,37.676587],[140.327531,37.67675],[140.327607,37.676727],[140.327706,37.676519],[140.327785,37.676054],[140.33022,37.675555],[140.330126,37.675161],[140.329622,37.674431],[140.328611,37.673483],[140.328403,37.673238],[140.328794,37.672641],[140.328568,37.672404],[140.327951,37.671005],[140.327511,37.66984],[140.327363,37.669619],[140.327226,37.669028],[140.327221,37.668753],[140.327284,37.668432],[140.327572,37.66804],[140.328018,37.667697],[140.328448,37.667449],[140.328952,37.667285],[140.32956,37.667246],[140.330354,37.667323],[140.33102,37.667511],[140.332124,37.668149],[140.333143,37.669097],[140.333559,37.66957],[140.333966,37.670133],[140.334931,37.672118],[140.33567,37.673392],[140.335904,37.673632],[140.335669,37.67372],[140.33546,37.673959],[140.335226,37.674387],[140.335027,37.674554],[140.334985,37.674704],[140.335011,37.674861],[140.33557,37.675568],[140.336311,37.675968],[140.33642,37.676441],[140.33639,37.676722],[140.33557,37.677881],[140.335295,37.678386],[140.335119,37.67885],[140.335331,37.679376],[140.335909,37.680116]]],[[[140.345021,37.609067],[140.345524,37.608323],[140.345988,37.607799],[140.346439,37.607659],[140.347209,37.607001],[140.347341,37.606751],[140.3475,37.606616],[140.348273,37.606098],[140.348548,37.606014],[140.348766,37.605783],[140.349163,37.605592],[140.349271,37.605174],[140.349682,37.604894],[140.349851,37.604601],[140.35015,37.604345],[140.350592,37.604172],[140.350844,37.604163],[140.351033,37.604189],[140.351481,37.604385],[140.35197,37.604409],[140.352385,37.604264],[140.353297,37.603829],[140.3536,37.60362],[140.35402,37.603451],[140.354097,37.603387],[140.354069,37.603018],[140.354142,37.602915],[140.354538,37.602881],[140.354723,37.602746],[140.354906,37.602375],[140.354977,37.602029],[140.35526,37.601536],[140.355462,37.601001],[140.355747,37.600845],[140.355851,37.600721],[140.355936,37.600245],[140.355995,37.600167],[140.356573,37.59992],[140.356858,37.599699],[140.357281,37.599609],[140.357373,37.599459],[140.357626,37.599274],[140.357694,37.599171],[140.357696,37.598978],[140.357478,37.598719],[140.35756,37.598569],[140.357879,37.598592],[140.3581,37.59854],[140.35824,37.598473],[140.358363,37.598287],[140.358994,37.59813],[140.359324,37.597878],[140.359685,37.597776],[140.360134,37.597732],[140.360347,37.597644],[140.360381,37.597311],[140.360658,37.596933],[140.360816,37.596432],[140.36152,37.596569],[140.362802,37.596969],[140.363561,37.597085],[140.364485,37.597333],[140.365224,37.598232],[140.3654,37.598619],[140.365206,37.599276],[140.364955,37.599621],[140.364827,37.599928],[140.364791,37.600209],[140.364916,37.600842],[140.364922,37.601075],[140.364876,37.6012],[140.364655,37.601556],[140.363907,37.602279],[140.363409,37.602694],[140.362859,37.603067],[140.362339,37.603524],[140.362296,37.603643],[140.362337,37.6037],[140.362546,37.603758],[140.363733,37.603807],[140.365622,37.604225],[140.366271,37.604222],[140.366932,37.604131],[140.367303,37.604161],[140.367816,37.604469],[140.368015,37.604653],[140.367358,37.605055],[140.367279,37.605169],[140.367252,37.60556],[140.367023,37.605664],[140.366292,37.60566],[140.366094,37.605716],[140.365997,37.605849],[140.365988,37.60614],[140.365747,37.606287],[140.364871,37.60633],[140.364297,37.606246],[140.363865,37.606267],[140.363112,37.606625],[140.362853,37.606815],[140.362556,37.607185],[140.362363,37.60728],[140.361884,37.607268],[140.36028,37.606896],[140.359843,37.606884],[140.359206,37.606986],[140.358682,37.60736],[140.358256,37.607405],[140.357612,37.607669],[140.35758,37.607836],[140.357309,37.608025],[140.35671,37.608656],[140.356433,37.608826],[140.356096,37.608963],[140.355599,37.608917],[140.355178,37.609001],[140.354807,37.608946],[140.354549,37.608964],[140.354242,37.609067],[140.353921,37.609433],[140.353333,37.610264],[140.353253,37.610454],[140.353205,37.611193],[140.352271,37.611694],[140.351664,37.611862],[140.351543,37.611938],[140.351313,37.61229],[140.35123,37.612866],[140.351151,37.612937],[140.350714,37.612859],[140.350096,37.61296],[140.349956,37.613107],[140.349839,37.613464],[140.349363,37.613743],[140.349087,37.613823],[140.348985,37.613813],[140.348842,37.613693],[140.348704,37.613692],[140.348632,37.613744],[140.348576,37.613939],[140.348324,37.614014],[140.347742,37.61407],[140.349754,37.612157],[140.350453,37.611799],[140.350815,37.611505],[140.351081,37.611023],[140.351885,37.610729],[140.35215,37.61056],[140.352609,37.609828],[140.351855,37.609606],[140.349843,37.609313],[140.348482,37.609349],[140.347396,37.609433],[140.347167,37.609504],[140.346556,37.6095],[140.346035,37.609435],[140.34576,37.6093],[140.345021,37.609067]]]]}}]}
