{"type":"FeatureCollection","features":[{"type":"Feature","properties":{"potaRef":"JP-2133","nameJa":"琵琶湖","nameEn":"Yabase Kihan Island Prefectural Park","authority":"環境省 生物多様性「見える化」マップ","boundaryStatus":"全国GIS候補・公開前検証待ち","boundarySource":"環境省 生物多様性「見える化」マップの自然公園区域を、POTA代表座標で一意に空間照合して加工","boundaryScaleNote":"区域は概要データであり、正確性は保証されない。POTA運用可否は公式情報で最終確認すること。","candidateMethod":"POTA representative point inside one public natural-park area","sourceParkKind":"国定公園","sourceName":"琵琶湖","sourceFeatureCount":109,"cautionMeters":75},"geometry":{"type":"MultiPolygon","coordinates":[[[[136.124279,35.293784],[136.124485,35.293778],[136.124599,35.293916],[136.124613,35.294209],[136.124437,35.294386],[136.124283,35.294413],[136.124094,35.294281],[136.124047,35.294132],[136.124114,35.293966],[136.124279,35.293784]]],[[[136.027618,35.522201],[136.027805,35.520966],[136.029651,35.5204],[136.030548,35.520984],[136.030873,35.522142],[136.030495,35.52246],[136.030179,35.523327],[136.030522,35.52338],[136.030706,35.523539],[136.03075,35.523805],[136.030619,35.523973],[136.030021,35.524326],[136.02959,35.524707],[136.029027,35.525847],[136.028219,35.525626],[136.028227,35.52636],[136.028553,35.526573],[136.028913,35.526732],[136.029089,35.527581],[136.031181,35.52759],[136.031251,35.528138],[136.032623,35.528023],[136.032895,35.528315],[136.032913,35.528447],[136.032834,35.528748],[136.033827,35.529456],[136.034786,35.529969],[136.035445,35.530269],[136.036113,35.530083],[136.036412,35.530437],[136.036946,35.530744],[136.037458,35.530879],[136.038592,35.530924],[136.039223,35.531511],[136.038041,35.5314],[136.037114,35.530912],[136.0366,35.530747],[136.033598,35.530107],[136.032747,35.530057],[136.030511,35.529681],[136.02991,35.529401],[136.029111,35.529305],[136.028275,35.529068],[136.028073,35.529051],[136.027787,35.529117],[136.026625,35.529523],[136.026532,35.529497],[136.026466,35.528653],[136.0261,35.527449],[136.026083,35.527024],[136.026169,35.526851],[136.026392,35.526677],[136.02756,35.526307],[136.027635,35.526218],[136.027589,35.525727],[136.027337,35.525235],[136.027251,35.524992],[136.027257,35.524856],[136.027429,35.524668],[136.028007,35.524368],[136.028768,35.523778],[136.028865,35.523605],[136.028842,35.523428],[136.028687,35.523161],[136.028161,35.522623],[136.027618,35.522201]]],[[[136.140484,35.420059],[136.140795,35.420349],[136.141595,35.42064],[136.142261,35.421176],[136.143371,35.422963],[136.143616,35.423097],[136.14386,35.422918],[136.144926,35.422494],[136.146081,35.422315],[136.146014,35.425264],[136.145592,35.425509],[136.144837,35.425465],[136.143682,35.425174],[136.142927,35.424839],[136.142394,35.424124],[136.141839,35.422583],[136.141062,35.421466],[136.140506,35.420573],[136.140484,35.420059]]],[[[136.155194,35.462733],[136.155027,35.462435],[136.154483,35.462093],[136.153881,35.461878],[136.152598,35.461858],[136.15094,35.461932],[136.149681,35.462099],[136.148779,35.462488],[136.147942,35.462931],[136.147487,35.463333],[136.146805,35.46407],[136.146586,35.464459],[136.146171,35.465559],[136.145611,35.466088],[136.145399,35.466464],[136.145034,35.467449],[136.145887,35.468099],[136.145424,35.468837],[136.14466,35.468569],[136.143701,35.469152],[136.143953,35.47005],[136.143279,35.470117],[136.142434,35.470291],[136.141971,35.468817],[136.141938,35.467959],[136.142475,35.466289],[136.143271,35.465659],[136.144083,35.464426],[136.145448,35.463306],[136.145854,35.463092],[136.146171,35.46285],[136.148663,35.460702],[136.149224,35.460299],[136.149606,35.460149],[136.150886,35.460051],[136.151247,35.459924],[136.152441,35.459227],[136.152982,35.459193],[136.153489,35.459284],[136.153859,35.459529],[136.153932,35.459803],[136.153871,35.460289],[136.15377,35.460534],[136.153867,35.460705],[136.154009,35.460762],[136.154391,35.460672],[136.155608,35.460199],[136.157046,35.46105],[136.157541,35.461654],[136.157671,35.462223],[136.157533,35.462599],[136.15716,35.46284],[136.156981,35.462907],[136.155194,35.462733]]],[[[136.400517,35.416401],[136.401352,35.416265],[136.401909,35.416092],[136.402701,35.415618],[136.403502,35.415209],[136.403963,35.415123],[136.404399,35.415245],[136.404764,35.415589],[136.405295,35.415905],[136.406052,35.416085],[136.406479,35.416265],[136.406966,35.416329],[136.40734,35.416581],[136.408237,35.416774],[136.408663,35.417177],[136.409116,35.417399],[136.409717,35.417392],[136.410152,35.417608],[136.410639,35.417593],[136.410979,35.417514],[136.411588,35.417643],[136.412406,35.417636],[136.414116,35.417477],[136.411808,35.418598],[136.411732,35.420956],[136.411604,35.421485],[136.411684,35.422019],[136.411844,35.422411],[136.412074,35.42263],[136.412491,35.422848],[136.412934,35.423262],[136.412337,35.423468],[136.411867,35.42354],[136.41151,35.423432],[136.4109,35.422987],[136.409638,35.422463],[136.408986,35.422269],[136.407332,35.42145],[136.406496,35.421443],[136.404625,35.420954],[136.403572,35.420732],[136.401726,35.42043],[136.400612,35.420315],[136.400038,35.420186],[136.39955,35.419827],[136.39888,35.419726],[136.39821,35.419446],[136.397871,35.418857],[136.398558,35.418247],[136.397305,35.416753],[136.400517,35.416401]],[[136.403633,35.417651],[136.403136,35.418089],[136.402379,35.418218],[136.402231,35.418405],[136.402249,35.418541],[136.402701,35.418821],[136.405243,35.419295],[136.406949,35.419446],[136.408611,35.419202],[136.407062,35.418038],[136.405426,35.417981],[136.404059,35.417543],[136.403633,35.417651]]],[[[135.838106,35.080039],[135.838317,35.079079],[135.838171,35.078939],[135.837919,35.078913],[135.837112,35.079068],[135.836837,35.079076],[135.836591,35.078935],[135.836497,35.078491],[135.836577,35.078004],[135.836468,35.077695],[135.836325,35.077522],[135.835738,35.077401],[135.835246,35.077142],[135.834628,35.076316],[135.834219,35.076074],[135.834093,35.074994],[135.833999,35.07471],[135.833673,35.074268],[135.833484,35.073837],[135.833212,35.073432],[135.832929,35.073217],[135.832186,35.072093],[135.831892,35.071456],[135.831892,35.071257],[135.832122,35.071042],[135.832573,35.070853],[135.832699,35.070724],[135.832825,35.069944],[135.833485,35.069212],[135.834418,35.067752],[135.834471,35.067399],[135.834251,35.066779],[135.834313,35.066191],[135.838342,35.066857],[135.839343,35.06687],[135.840425,35.066617],[135.841004,35.066212],[135.841507,35.065326],[135.841985,35.064161],[135.842438,35.06325],[135.845389,35.060288],[135.845729,35.060301],[135.846056,35.060415],[135.846307,35.060769],[135.846433,35.061212],[135.846345,35.06187],[135.846056,35.062971],[135.846144,35.064642],[135.845955,35.065579],[135.844709,35.067806],[135.844709,35.068161],[135.845187,35.068591],[135.846106,35.068946],[135.848081,35.069148],[135.848824,35.069642],[135.849101,35.069971],[135.849013,35.070439],[135.848748,35.070933],[135.848144,35.071414],[135.847528,35.071629],[135.846685,35.071692],[135.846874,35.071971],[135.847465,35.072528],[135.848459,35.072983],[135.849201,35.073426],[135.849352,35.073743],[135.849315,35.075046],[135.848925,35.075869],[135.848157,35.07678],[135.846597,35.078325],[135.846068,35.07816],[135.845414,35.078249],[135.84486,35.07854],[135.844344,35.079135],[135.843929,35.079742],[135.843212,35.080008],[135.842545,35.080122],[135.841136,35.080211],[135.838106,35.080039]]],[[[135.973413,35.445824],[135.974952,35.445328],[135.975576,35.445673],[135.976543,35.445806],[135.97693,35.446053],[135.9778,35.44608],[135.979255,35.446018],[135.979396,35.445824],[135.979783,35.445824],[135.981435,35.446195],[135.984112,35.446611],[135.98435,35.446593],[135.984517,35.446239],[135.984552,35.445682],[135.984728,35.445399],[135.985071,35.445319],[135.985792,35.445364],[135.986266,35.445974],[135.98653,35.446496],[135.987145,35.447079],[135.987145,35.448273],[135.987444,35.450006],[135.987673,35.450785],[135.988183,35.450988],[135.989317,35.451262],[135.990047,35.451581],[135.990398,35.451669],[135.991058,35.451651],[135.99155,35.451342],[135.991796,35.451041],[135.992376,35.451581],[135.992376,35.452757],[135.992464,35.453721],[135.992886,35.454481],[135.994556,35.456453],[135.994943,35.457002],[135.995058,35.457479],[135.994978,35.457744],[135.994407,35.458363],[135.993774,35.458664],[135.993317,35.458779],[135.992701,35.458717],[135.992095,35.458434],[135.991242,35.458408],[135.991207,35.457373],[135.990407,35.456781],[135.990636,35.455923],[135.990926,35.455339],[135.991145,35.454711],[135.991075,35.454269],[135.990847,35.453906],[135.990495,35.453747],[135.990143,35.45373],[135.989123,35.454251],[135.988649,35.454251],[135.988279,35.454004],[135.987919,35.453429],[135.987664,35.452438],[135.987181,35.45273],[135.98617,35.453164],[135.986003,35.453172],[135.985677,35.452792],[135.984095,35.452881],[135.983831,35.452483],[135.983312,35.452023],[135.982548,35.451589],[135.981422,35.451404],[135.980209,35.451306],[135.979567,35.451377],[135.979277,35.450997],[135.97889,35.450687],[135.978389,35.450572],[135.978073,35.449741],[135.976139,35.450139],[135.974407,35.450572],[135.973589,35.449423],[135.973009,35.448821],[135.972279,35.448335],[135.971532,35.448052],[135.971761,35.447822],[135.972183,35.447725],[135.974046,35.447813],[135.974468,35.447672],[135.974855,35.4473],[135.974864,35.447026],[135.97453,35.446832],[135.973862,35.446664],[135.973431,35.446319],[135.973264,35.445983],[135.973413,35.445824]]],[[[136.17737,35.296502],[136.178104,35.296546],[136.178859,35.296776],[136.179561,35.297227],[136.179766,35.297572],[136.179593,35.297714],[136.179291,35.297785],[136.179021,35.297643],[136.178697,35.297546],[136.17833,35.297608],[136.17791,35.297493],[136.177338,35.296953],[136.17723,35.296696],[136.17737,35.296502]]],[[[136.192394,35.513052],[136.192877,35.513022],[136.193351,35.513147],[136.193848,35.513359],[136.194216,35.513443],[136.195591,35.513526],[136.196832,35.514589],[136.196818,35.515192],[136.197002,35.515458],[136.197462,35.515795],[136.197646,35.516213],[136.197895,35.51649],[136.19926,35.51734],[136.199421,35.517602],[136.199513,35.518141],[136.199582,35.51907],[136.199509,35.519374],[136.199224,35.519829],[136.199077,35.522151],[136.199536,35.522918],[136.199546,35.525388],[136.199794,35.525726],[136.200327,35.526284],[136.200525,35.526629],[136.200654,35.527157],[136.201082,35.527984],[136.201583,35.529111],[136.201638,35.529392],[136.201495,35.529718],[136.201063,35.530348],[136.200631,35.530781],[136.200208,35.530602],[136.200755,35.530173],[136.201013,35.529638],[136.201128,35.529361],[136.201031,35.528766],[136.200819,35.528333],[136.200314,35.527532],[136.200047,35.526739],[136.199523,35.526212],[136.199224,35.52581],[136.199113,35.525453],[136.199136,35.524136],[136.199031,35.522857],[136.198492,35.522235],[136.198764,35.519878],[136.199077,35.519104],[136.198847,35.517556],[136.198598,35.517313],[136.198019,35.51707],[136.197508,35.516767],[136.197177,35.516482],[136.197021,35.516099],[136.196336,35.515389],[136.196244,35.515071],[136.196202,35.514687],[136.196064,35.514448],[136.195361,35.514031],[136.194947,35.513921],[136.194211,35.513845],[136.193181,35.51353],[136.192606,35.513507],[136.192077,35.513568],[136.190261,35.514319],[136.189985,35.514509],[136.189952,35.514904],[136.190031,35.515921],[136.190141,35.516281],[136.190472,35.516547],[136.190674,35.516892],[136.190605,35.517275],[136.190403,35.517579],[136.189874,35.517807],[136.189493,35.518103],[136.189295,35.518497],[136.189175,35.518911],[136.189069,35.519803],[136.189378,35.520281],[136.189295,35.520979],[136.189175,35.521256],[136.189313,35.521404],[136.18964,35.521495],[136.189805,35.521624],[136.189723,35.521856],[136.189221,35.521806],[136.188826,35.521681],[136.18872,35.521431],[136.189014,35.520725],[136.188996,35.520315],[136.188936,35.520118],[136.188697,35.519863],[136.188784,35.518733],[136.188955,35.518232],[136.189249,35.517769],[136.190077,35.517215],[136.19015,35.516911],[136.190095,35.516725],[136.189621,35.516338],[136.18952,35.51441],[136.189543,35.514202],[136.189815,35.514027],[136.190624,35.513693],[136.191893,35.513185],[136.192394,35.513052]]],[[[136.253091,35.274306],[136.253373,35.274306],[136.254093,35.274784],[136.254298,35.275146],[136.254337,35.275727],[136.254902,35.276709],[136.254722,35.27689],[136.254619,35.277394],[136.254388,35.277859],[136.252551,35.278789],[136.251678,35.279306],[136.251485,35.279668],[136.251318,35.280973],[136.251087,35.281555],[136.249725,35.281748],[136.249635,35.280818],[136.24934,35.278893],[136.249032,35.277963],[136.249815,35.276464],[136.251935,35.274849],[136.253091,35.274306]]],[[[135.844901,35.094994],[135.845924,35.094589],[135.847811,35.093399],[135.848717,35.092665],[135.849271,35.091881],[135.849755,35.090957],[135.850422,35.09064],[135.85168,35.090222],[135.852775,35.090134],[135.854033,35.090602],[135.855153,35.091172],[135.854713,35.091678],[135.8547,35.091931],[135.855065,35.092197],[135.854977,35.092741],[135.855131,35.093168],[135.855528,35.093948],[135.856497,35.095412],[135.857012,35.096354],[135.857195,35.096825],[135.857174,35.097057],[135.856306,35.097963],[135.855153,35.099817],[135.854826,35.101298],[135.854725,35.101956],[135.854536,35.102095],[135.854109,35.101741],[135.853442,35.101563],[135.852171,35.101589],[135.851831,35.100842],[135.851605,35.100525],[135.851189,35.100462],[135.850019,35.100437],[135.849856,35.100044],[135.849856,35.099652],[135.849503,35.099336],[135.848962,35.099171],[135.848774,35.098981],[135.84861,35.098564],[135.848572,35.098234],[135.848418,35.097988],[135.848053,35.097861],[135.847172,35.098032],[135.846889,35.098026],[135.846499,35.097772],[135.846222,35.097462],[135.846109,35.097095],[135.846012,35.096374],[135.84592,35.096057],[135.845474,35.095374],[135.844901,35.094994]]],[[[135.862099,35.093548],[135.862388,35.093032],[135.862426,35.092627],[135.862401,35.092096],[135.861532,35.088514],[135.862753,35.086299],[135.864112,35.086248],[135.864917,35.086096],[135.865685,35.085792],[135.866251,35.085337],[135.866807,35.084751],[135.867008,35.08495],[135.86712,35.085182],[135.867106,35.086193],[135.867145,35.08649],[135.867934,35.087417],[135.868136,35.087736],[135.868251,35.088113],[135.868273,35.088443],[135.867963,35.089157],[135.867916,35.090175],[135.866872,35.091871],[135.86641,35.092306],[135.865769,35.092773],[135.865431,35.092937],[135.862603,35.093618],[135.862282,35.093632],[135.862099,35.093548]]],[[[135.865023,35.071197],[135.864977,35.071538],[135.864584,35.072607],[135.864523,35.073002],[135.864562,35.073114],[135.865276,35.07331],[135.865326,35.07339],[135.865312,35.074046],[135.865477,35.07505],[135.864552,35.074781],[135.863898,35.074806],[135.863218,35.074996],[135.862574,35.075382],[135.861932,35.076072],[135.861048,35.076337],[135.859991,35.076337],[135.858582,35.076768],[135.85755,35.076869],[135.85694,35.075654],[135.856487,35.074426],[135.856197,35.073844],[135.85655,35.072755],[135.857091,35.071604],[135.85733,35.07135],[135.857732,35.071199],[135.860866,35.071135],[135.862375,35.070895],[135.863558,35.070781],[135.864263,35.070907],[135.865023,35.071197]]],[[[135.904885,35.271609],[135.904455,35.271158],[135.904419,35.270804],[135.905466,35.269955],[135.906459,35.268779],[135.907874,35.267567],[135.908507,35.266754],[135.908929,35.26586],[135.908824,35.26525],[135.909386,35.264737],[135.910178,35.264295],[135.910661,35.264295],[135.911356,35.26449],[135.911918,35.264737],[135.912384,35.264799],[135.913663,35.264481],[135.914261,35.264428],[135.91514,35.264569],[135.915861,35.264941],[135.916529,35.265666],[135.916987,35.265825],[135.916863,35.264711],[135.916934,35.26388],[135.917426,35.262641],[135.918077,35.261633],[135.918956,35.260661],[135.919905,35.260148],[135.921453,35.259847],[135.922523,35.259786],[135.923206,35.261288],[135.923391,35.261978],[135.923329,35.263402],[135.923198,35.263826],[135.922705,35.264596],[135.921536,35.26579],[135.921246,35.26625],[135.921343,35.266984],[135.921554,35.268001],[135.921606,35.269407],[135.921422,35.271096],[135.921079,35.272104],[135.920587,35.272555],[135.920068,35.272803],[135.919576,35.272926],[135.91911,35.272183],[135.918345,35.271202],[135.917246,35.270503],[135.915787,35.270114],[135.91482,35.270043],[135.912705,35.270353],[135.909558,35.271237],[135.908327,35.271467],[135.906929,35.271679],[135.904885,35.271609]]],[[[136.092311,35.456184],[136.09239,35.455556],[136.092302,35.45445],[136.092118,35.453646],[136.091792,35.452867],[136.091309,35.452204],[136.090746,35.451665],[136.089691,35.450993],[136.088452,35.450418],[136.086482,35.449878],[136.08745,35.449091],[136.087511,35.448746],[136.0969,35.443582],[136.098852,35.442423],[136.1017,35.440929],[136.106377,35.438311],[136.109779,35.436507],[136.122078,35.429636],[136.140484,35.420059],[136.140506,35.420573],[136.141062,35.421466],[136.141839,35.422583],[136.142394,35.424124],[136.142927,35.424839],[136.143682,35.425174],[136.144837,35.425465],[136.145592,35.425509],[136.146014,35.425264],[136.146081,35.422315],[136.147236,35.422963],[136.185565,35.44849],[136.186032,35.451233],[136.191017,35.45118],[136.191082,35.450743],[136.194628,35.45147],[136.197088,35.452698],[136.198053,35.453252],[136.198383,35.45353],[136.198643,35.454008],[136.198996,35.459398],[136.197922,35.4599],[136.197577,35.460265],[136.197039,35.461513],[136.196681,35.461942],[136.196326,35.462242],[136.196004,35.462409],[136.195361,35.462424],[136.195108,35.462541],[136.19502,35.462739],[136.194924,35.464427],[136.19457,35.465285],[136.194441,35.46604],[136.194101,35.466734],[136.194032,35.466996],[136.19428,35.467554],[136.194257,35.467915],[136.194096,35.468351],[136.192528,35.470392],[136.192459,35.470726],[136.192482,35.471064],[136.192647,35.471428],[136.192601,35.473007],[136.192896,35.473682],[136.192928,35.474544],[136.1929,35.475102],[136.192652,35.475899],[136.192321,35.476536],[136.191709,35.47717],[136.191263,35.477819],[136.190849,35.478278],[136.189764,35.479014],[136.189281,35.47942],[136.189221,35.479815],[136.189341,35.480149],[136.19073,35.481177],[136.190891,35.481386],[136.190978,35.481644],[136.191042,35.482315],[136.191139,35.482691],[136.191539,35.483363],[136.1917,35.483901],[136.191746,35.485347],[136.19118,35.485932],[136.19073,35.486315],[136.190578,35.486577],[136.190454,35.48699],[136.190546,35.4874],[136.190801,35.487855],[136.191408,35.488205],[136.191923,35.488728],[136.192052,35.489472],[136.191307,35.492181],[136.191316,35.492735],[136.191518,35.493639],[136.191555,35.496253],[136.191104,35.497285],[136.190633,35.497832],[136.189304,35.498875],[136.188458,35.49971],[136.187589,35.500457],[136.186306,35.50218],[136.184871,35.503228],[136.183477,35.504009],[136.182912,35.504271],[136.182167,35.504324],[136.181334,35.504176],[136.180295,35.503907],[136.179798,35.503531],[136.179302,35.502943],[136.178626,35.502268],[136.178267,35.501687],[136.177664,35.499934],[136.177182,35.499171],[136.176712,35.499057],[136.176092,35.499053],[136.17514,35.499247],[136.174284,35.499657],[136.173797,35.499941],[136.173521,35.500302],[136.173056,35.500776],[136.172091,35.501455],[136.170283,35.502518],[136.169888,35.502897],[136.169511,35.503508],[136.169097,35.505132],[136.168982,35.506483],[136.169249,35.507011],[136.169258,35.507462],[136.169198,35.50777],[136.169046,35.508126],[136.168986,35.508813],[136.168747,35.509166],[136.168568,35.509644],[136.16854,35.510119],[136.168701,35.51057],[136.166902,35.51517],[136.166094,35.514969],[136.165044,35.514834],[136.164411,35.514874],[136.164809,35.516417],[136.16426,35.516099],[136.16391,35.515472],[136.163434,35.513809],[136.163283,35.5136],[136.163138,35.51357],[136.162813,35.514267],[136.162608,35.513764],[136.162053,35.513431],[136.161787,35.513386],[136.16119,35.513675],[136.160724,35.513529],[136.16061,35.512669],[136.160684,35.512411],[136.162499,35.509669],[136.162999,35.508808],[136.163381,35.507521],[136.163255,35.506086],[136.16293,35.50562],[136.162845,35.50497],[136.162544,35.504491],[136.162426,35.504025],[136.162491,35.503445],[136.162898,35.502838],[136.16345,35.502493],[136.163759,35.502426],[136.163925,35.502476],[136.163994,35.502691],[136.164173,35.502822],[136.164364,35.502818],[136.164506,35.502738],[136.164583,35.50251],[136.164559,35.502285],[136.164372,35.50186],[136.163877,35.501012],[136.163771,35.500619],[136.163702,35.499503],[136.163556,35.499084],[136.163446,35.498424],[136.1633,35.497965],[136.163028,35.497686],[136.162605,35.497408],[136.162252,35.497288],[136.16096,35.49713],[136.160403,35.496912],[136.159879,35.496453],[136.159713,35.496138],[136.159717,35.494606],[136.159912,35.494016],[136.160889,35.492491],[136.161116,35.491935],[136.161433,35.491358],[136.162246,35.490399],[136.162571,35.489515],[136.1627,35.488864],[136.162644,35.488368],[136.162221,35.487812],[136.160531,35.48694],[136.159142,35.486437],[136.158167,35.486029],[136.157346,35.485459],[136.156778,35.484909],[136.156404,35.484366],[136.155835,35.482898],[136.155502,35.482449],[136.154779,35.481638],[136.154511,35.481115],[136.154446,35.480753],[136.154495,35.479747],[136.154316,35.479285],[136.153764,35.478782],[136.153203,35.478594],[136.152106,35.478366],[136.151115,35.478044],[136.150449,35.477562],[136.149799,35.476945],[136.148913,35.475892],[136.148596,35.475296],[136.148596,35.474873],[136.148783,35.474277],[136.149937,35.472762],[136.150238,35.472212],[136.150205,35.471756],[136.149937,35.471153],[136.149068,35.46996],[136.148678,35.469336],[136.148605,35.468927],[136.148588,35.468217],[136.14884,35.46766],[136.149515,35.466849],[136.150839,35.46459],[136.151343,35.464074],[136.151936,35.463785],[136.153,35.463759],[136.159044,35.464027],[136.159174,35.46282],[136.159207,35.461915],[136.158801,35.461251],[136.158224,35.460501],[136.157964,35.460038],[136.156477,35.459207],[136.155608,35.458624],[136.155153,35.458107],[136.154869,35.457598],[136.154698,35.456411],[136.154755,35.455587],[136.154974,35.455077],[136.155754,35.454253],[136.155803,35.453602],[136.155592,35.453033],[136.155177,35.452423],[136.154251,35.452034],[136.152634,35.451109],[136.152236,35.450753],[136.152082,35.450277],[136.152082,35.449895],[136.152171,35.449419],[136.152366,35.44889],[136.150896,35.448675],[136.149661,35.448296],[136.148775,35.44782],[136.14624,35.446165],[136.144477,35.44601],[136.143218,35.445823],[136.142406,35.445628],[136.140683,35.444857],[136.140505,35.445186],[136.140586,35.445722],[136.141016,35.446325],[136.142056,35.44721],[136.142844,35.448055],[136.143779,35.450187],[136.144258,35.451702],[136.14425,35.45445],[136.144128,35.456368],[136.144205,35.457279],[136.143921,35.457983],[136.143092,35.458627],[136.142117,35.459022],[136.141264,35.459203],[136.14046,35.459183],[136.139745,35.459103],[136.139225,35.458969],[136.138502,35.458533],[136.137852,35.458386],[136.137657,35.458392],[136.136211,35.458164],[136.135228,35.458124],[136.134521,35.457963],[136.133936,35.457574],[136.132863,35.456971],[136.131913,35.456938],[136.131271,35.456736],[136.130101,35.456012],[136.129427,35.455912],[136.128566,35.456026],[136.128103,35.456374],[136.127973,35.456676],[136.127981,35.457058],[136.128647,35.457735],[136.129167,35.458352],[136.129289,35.458613],[136.129216,35.459351],[136.128696,35.45976],[136.127063,35.460015],[136.126128,35.460242],[136.12556,35.460544],[136.125202,35.461067],[136.124958,35.461831],[136.124958,35.462555],[136.125145,35.463018],[136.125933,35.463668],[136.126185,35.463963],[136.126348,35.464519],[136.126291,35.465109],[136.12612,35.465599],[136.125633,35.466041],[136.125032,35.466457],[136.124609,35.467007],[136.12361,35.469118],[136.12352,35.469628],[136.123512,35.470352],[136.123626,35.470834],[136.124219,35.471625],[136.124674,35.47235],[136.124845,35.472792],[136.124869,35.474461],[136.124666,35.475762],[136.124463,35.476539],[136.124609,35.476915],[136.124739,35.477102],[136.125113,35.477317],[136.126015,35.477049],[136.126445,35.477002],[136.126681,35.477109],[136.127664,35.478188],[136.127989,35.478343],[136.128233,35.478356],[136.129281,35.477867],[136.130645,35.477404],[136.131312,35.477371],[136.132344,35.477397],[136.132571,35.477532],[136.132766,35.477813],[136.132839,35.478356],[136.13279,35.478597],[136.132603,35.478805],[136.131921,35.479026],[136.131742,35.479181],[136.131645,35.479388],[136.131734,35.47971],[136.132352,35.480582],[136.132482,35.480863],[136.132473,35.481393],[136.132815,35.482063],[136.132863,35.48264],[136.132725,35.483478],[136.132514,35.48394],[136.131535,35.482948],[136.130463,35.481996],[136.12796,35.480401],[136.126774,35.479905],[136.125458,35.479435],[136.123077,35.478736],[136.121947,35.478602],[136.120065,35.478717],[136.118703,35.478876],[136.116663,35.479371],[136.114817,35.480096],[136.11385,35.480547],[136.113771,35.480017],[136.113384,35.478929],[136.112918,35.477364],[136.112707,35.476966],[136.112461,35.476638],[136.111696,35.476002],[136.111346,35.475595],[136.111157,35.475148],[136.111065,35.474573],[136.11125,35.472946],[136.111245,35.472398],[136.111127,35.47177],[136.110744,35.470788],[136.110111,35.469736],[136.108463,35.467755],[136.107742,35.467083],[136.107522,35.466579],[136.107448,35.465951],[136.107417,35.464523],[136.107283,35.463444],[136.107001,35.462577],[136.106149,35.460313],[136.105957,35.459526],[136.105474,35.45835],[136.105034,35.457479],[136.10459,35.456321],[136.104366,35.455963],[136.103522,35.454985],[136.103188,35.454486],[136.102784,35.453464],[136.102524,35.453018],[136.102085,35.45254],[136.101447,35.452058],[136.098507,35.450373],[136.097588,35.450307],[136.097056,35.451302],[136.095707,35.453279],[136.094054,35.454844],[136.092669,35.455874],[136.092481,35.456398],[136.092311,35.456184]]],[[[136.136472,35.157399],[136.136431,35.157117],[136.136718,35.156532],[136.136732,35.156115],[136.136223,35.155248],[136.136032,35.154691],[136.136216,35.1541],[136.136483,35.153835],[136.137513,35.153593],[136.138891,35.153509],[136.139737,35.153334],[136.140235,35.153182],[136.140638,35.152867],[136.140658,35.152495],[136.141306,35.15249],[136.141525,35.152598],[136.140907,35.153681],[136.140907,35.154856],[136.140831,35.155571],[136.140547,35.155988],[136.139946,35.156411],[136.137922,35.157027],[136.136472,35.157399]]],[[[135.913013,34.957752],[135.913162,34.957496],[135.913962,34.958017],[135.914516,34.958522],[135.916063,34.960768],[135.914336,34.962939],[135.914705,34.963478],[135.912841,34.965061],[135.911514,34.96522],[135.910907,34.965459],[135.910573,34.965671],[135.910178,34.966352],[135.909949,34.966494],[135.908455,34.966397],[135.908252,34.966096],[135.908701,34.965291],[135.908417,34.964707],[135.908444,34.96446],[135.908655,34.964265],[135.90916,34.964133],[135.909419,34.963956],[135.909652,34.963434],[135.909868,34.963328],[135.910088,34.963465],[135.910646,34.964354],[135.911081,34.964522],[135.911406,34.964442],[135.912026,34.963593],[135.912483,34.963399],[135.912914,34.963071],[135.91345,34.962315],[135.913239,34.961661],[135.912677,34.961701],[135.912101,34.961926],[135.911855,34.961931],[135.911626,34.961802],[135.911595,34.961546],[135.911835,34.961281],[135.912178,34.961183],[135.913391,34.961307],[135.914235,34.96106],[135.914929,34.960467],[135.914727,34.960131],[135.914121,34.959574],[135.913769,34.9596],[135.913347,34.959804],[135.912811,34.960149],[135.912398,34.959972],[135.912969,34.959353],[135.913092,34.95907],[135.91296,34.958309],[135.913013,34.957752]]],[[[136.267401,35.276192],[136.267915,35.27605],[136.268852,35.276373],[136.269597,35.276864],[136.270137,35.27649],[136.271036,35.276761],[136.271242,35.278014],[136.271242,35.27835],[136.271023,35.278802],[136.270432,35.279526],[136.26988,35.280004],[136.269302,35.280301],[136.269071,35.280598],[136.268994,35.282588],[136.2683,35.283984],[136.268262,35.284862],[136.268351,35.286516],[136.268506,35.287382],[136.268775,35.28795],[136.269341,35.28857],[136.269854,35.289423],[136.270176,35.29025],[136.270394,35.291956],[136.270355,35.293222],[136.270201,35.293958],[136.269854,35.294359],[136.269315,35.294617],[136.268814,35.294695],[136.267799,35.294643],[136.26699,35.29476],[136.266386,35.295083],[136.265692,35.294204],[136.265243,35.293299],[136.264915,35.291982],[136.264761,35.290715],[136.264678,35.283144],[136.264999,35.279513],[136.265114,35.27897],[136.265333,35.278712],[136.265615,35.278647],[136.265949,35.278996],[136.265988,35.280056],[136.265898,35.281064],[136.266026,35.281361],[136.266206,35.281412],[136.266515,35.281335],[136.266579,35.281038],[136.266579,35.279707],[136.266746,35.277161],[136.268557,35.278311],[136.268955,35.277898],[136.268095,35.277161],[136.26699,35.276528],[136.267401,35.276192]]],[[[136.403633,35.417651],[136.404059,35.417543],[136.405426,35.417981],[136.407062,35.418038],[136.408611,35.419202],[136.406949,35.419446],[136.405243,35.419295],[136.402701,35.418821],[136.402249,35.418541],[136.402231,35.418405],[136.402379,35.418218],[136.403136,35.418089],[136.403633,35.417651]]],[[[135.806733,34.891309],[135.807389,34.891073],[135.80832,34.890225],[135.809767,34.888516],[135.810623,34.88763],[135.8128,34.886288],[135.81329,34.885744],[135.813567,34.883795],[135.814083,34.882833],[135.814788,34.881858],[135.816008,34.880327],[135.817229,34.878922],[135.819028,34.880061],[135.819531,34.880327],[135.819921,34.880339],[135.821847,34.879631],[135.822778,34.879124],[135.822979,34.879213],[135.823042,34.880656],[135.823284,34.881327],[135.824058,34.880979],[135.825118,34.880631],[135.826427,34.880428],[135.827144,34.88015],[135.827307,34.879985],[135.827358,34.87896],[135.82766,34.878441],[135.828037,34.878112],[135.828566,34.878048],[135.82961,34.876859],[135.829786,34.876112],[135.830201,34.875618],[135.830441,34.874884],[135.830743,34.874466],[135.83068,34.87415],[135.830375,34.873669],[135.830412,34.873043],[135.830733,34.872511],[135.83106,34.872106],[135.831526,34.871277],[135.832114,34.87053],[135.832806,34.869923],[135.833712,34.869366],[135.834782,34.868897],[135.835549,34.868847],[135.836694,34.869239],[135.837753,34.869875],[135.838218,34.869494],[135.838643,34.868733],[135.838776,34.868585],[135.839738,34.868567],[135.840722,34.86882],[135.84067,34.86972],[135.84179,34.869821],[135.842759,34.869998],[135.843854,34.870378],[135.844961,34.871036],[135.845578,34.871669],[135.845678,34.872024],[135.845578,34.872732],[135.845414,34.873062],[135.845364,34.87391],[135.845691,34.874669],[135.845729,34.875175],[135.845691,34.875897],[135.846156,34.877188],[135.846785,34.877821],[135.847931,34.878656],[135.849126,34.880352],[135.849742,34.881124],[135.850258,34.881466],[135.85197,34.881922],[135.853127,34.882618],[135.854499,34.883339],[135.855065,34.88339],[135.855883,34.883162],[135.856663,34.88301],[135.858575,34.883061],[135.859569,34.882947],[135.860362,34.882997],[135.860803,34.883289],[135.860815,34.883732],[135.860715,34.884251],[135.861067,34.885137],[135.86113,34.885795],[135.860916,34.886339],[135.860752,34.887288],[135.860966,34.887946],[135.861784,34.889326],[135.862904,34.890554],[135.863483,34.890896],[135.865269,34.89106],[135.866477,34.891263],[135.867157,34.891706],[135.867849,34.892377],[135.868465,34.892035],[135.869472,34.893427],[135.869736,34.894149],[135.869711,34.895212],[135.869422,34.896857],[135.868981,34.898452],[135.868088,34.900161],[135.867081,34.901553],[135.86532,34.903705],[135.865798,34.904135],[135.868163,34.90573],[135.869474,34.906508],[135.869885,34.906616],[135.870562,34.906645],[135.870923,34.906493],[135.871917,34.907892],[135.871167,34.908015],[135.871095,34.908131],[135.873862,34.908863],[135.874402,34.909146],[135.874835,34.909472],[135.875591,34.910269],[135.875851,34.910472],[135.877774,34.910755],[135.878142,34.910929],[135.878653,34.911363],[135.878747,34.911595],[135.878819,34.912936],[135.878884,34.913154],[135.879064,34.913291],[135.880627,34.914031],[135.880944,34.914031],[135.881161,34.913944],[135.882076,34.913168],[135.882998,34.91248],[135.883726,34.912059],[135.884828,34.911682],[135.885426,34.911646],[135.886831,34.911806],[135.887609,34.911827],[135.889828,34.911653],[135.891615,34.911719],[135.893222,34.911523],[135.893956,34.911479],[135.894475,34.911298],[135.895239,34.910892],[135.896968,34.909849],[135.89758,34.909704],[135.899144,34.909523],[135.899547,34.909414],[135.899857,34.909175],[135.900052,34.908921],[135.900045,34.908457],[135.900563,34.908624],[135.901233,34.908986],[135.901896,34.909479],[135.902509,34.910044],[135.90302,34.910218],[135.903496,34.910291],[135.905153,34.910334],[135.905808,34.910298],[135.906169,34.910189],[135.906673,34.909841],[135.907329,34.909225],[135.908056,34.90866],[135.909123,34.909196],[135.910074,34.909399],[135.911075,34.909704],[135.911774,34.910073],[135.912149,34.910414],[135.911551,34.911218],[135.911543,34.911537],[135.911767,34.911726],[135.913042,34.911835],[135.913705,34.911943],[135.91408,34.912066],[135.914281,34.9124],[135.914303,34.912711],[135.914123,34.913074],[135.914072,34.913393],[135.914173,34.9139],[135.914692,34.915023],[135.915225,34.916661],[135.915441,34.917154],[135.915823,34.917792],[135.916385,34.918546],[135.916493,34.91885],[135.916515,34.919263],[135.916046,34.920597],[135.916104,34.921568],[135.916227,34.922329],[135.915189,34.923286],[135.916083,34.924134],[135.916608,34.924735],[135.916969,34.925554],[135.917228,34.926504],[135.91725,34.927373],[135.916998,34.928584],[135.916572,34.929729],[135.916436,34.930772],[135.91632,34.932345],[135.916147,34.933084],[135.915657,34.933903],[135.915211,34.934266],[135.915059,34.934498],[135.914822,34.935034],[135.914649,34.935215],[135.91418,34.935411],[135.913719,34.935686],[135.912682,34.936433],[135.911673,34.937266],[135.911356,34.937723],[135.911198,34.938259],[135.910967,34.939339],[135.911068,34.942579],[135.910974,34.943579],[135.910981,34.944434],[135.911176,34.945094],[135.911435,34.945746],[135.912242,34.947195],[135.91244,34.947971],[135.912354,34.949565],[135.911504,34.951537],[135.911446,34.952203],[135.911317,34.956958],[135.911201,34.958799],[135.91087,34.960306],[135.910279,34.961408],[135.909659,34.962205],[135.90878,34.963075],[135.907541,34.964481],[135.906893,34.965365],[135.90646,34.96651],[135.906316,34.967597],[135.906561,34.970322],[135.906691,34.971207],[135.906864,34.971917],[135.907484,34.973801],[135.907945,34.975468],[135.908118,34.976686],[135.908103,34.977874],[135.907901,34.97899],[135.907556,34.98028],[135.907556,34.980831],[135.9077,34.981672],[135.908118,34.983252],[135.908363,34.984832],[135.908711,34.988344],[135.909391,34.991382],[135.909592,34.994268],[135.909617,34.996293],[135.90773,34.996495],[135.906874,34.997002],[135.906824,34.997483],[135.906899,34.997888],[135.907906,34.999558],[135.908258,34.99966],[135.909488,34.999267],[135.909677,34.99947],[135.909601,34.999672],[135.909243,35.00002],[135.909224,35.000185],[135.90979,35.001356],[135.91008,35.001343],[135.910507,35.001172],[135.91074,35.001185],[135.910772,35.001286],[135.910551,35.001565],[135.910633,35.001678],[135.911992,35.001552],[135.912596,35.001685],[135.913125,35.00197],[135.913433,35.001982],[135.914886,35.001697],[135.915251,35.001773],[135.91566,35.002102],[135.916258,35.003007],[135.916572,35.003356],[135.917145,35.003767],[135.917623,35.004355],[135.917912,35.004931],[135.91817,35.006146],[135.919246,35.00733],[135.919598,35.007501],[135.919869,35.007558],[135.92029,35.00807],[135.920712,35.008912],[135.92085,35.009716],[135.920819,35.010988],[135.920517,35.011906],[135.920102,35.012722],[135.919542,35.013621],[135.919013,35.014741],[135.918806,35.015361],[135.918516,35.015918],[135.917994,35.016285],[135.917,35.0165],[135.915849,35.016639],[135.914804,35.016943],[135.914559,35.017291],[135.91459,35.017563],[135.91705,35.020462],[135.91722,35.020778],[135.917415,35.021962],[135.917503,35.023107],[135.917434,35.025291],[135.91722,35.02624],[135.916931,35.027044],[135.916541,35.027341],[135.91628,35.027126],[135.915713,35.026898],[135.91487,35.026797],[135.913839,35.026797],[135.912945,35.026923],[135.912039,35.027493],[135.911473,35.027911],[135.910907,35.028885],[135.910655,35.029543],[135.91058,35.030252],[135.910668,35.031024],[135.910806,35.031404],[135.911096,35.03186],[135.91202,35.032746],[135.913062,35.033328],[135.913049,35.033676],[135.912816,35.033986],[135.912414,35.034258],[135.91174,35.03448],[135.910382,35.034765],[135.909186,35.035163],[135.908419,35.035492],[135.907978,35.03579],[135.907613,35.036264],[135.907525,35.036625],[135.90762,35.037131],[135.907947,35.037669],[135.908507,35.038429],[135.909715,35.039992],[135.910608,35.041055],[135.911413,35.041815],[135.912514,35.042675],[135.914257,35.043758],[135.91656,35.045087],[135.917359,35.045606],[135.917648,35.045954],[135.917761,35.046593],[135.917805,35.048757],[135.917931,35.049643],[135.918145,35.050124],[135.918491,35.050529],[135.919095,35.05089],[135.919988,35.051314],[135.921077,35.052042],[135.921451,35.052497],[135.920596,35.053795],[135.920533,35.054377],[135.920709,35.054896],[135.921023,35.055478],[135.921476,35.055883],[135.922055,35.056149],[135.922911,35.056339],[135.923502,35.056276],[135.923927,35.05613],[135.92862,35.057725],[135.929023,35.057908],[135.929457,35.058383],[135.929985,35.059427],[135.930199,35.059953],[135.930275,35.060313],[135.930174,35.06099],[135.929878,35.062117],[135.929853,35.06294],[135.93025,35.063737],[135.931678,35.065465],[135.931911,35.065231],[135.930564,35.063573],[135.930803,35.063471],[135.931225,35.063554],[135.932017,35.064091],[135.932483,35.064091],[135.933012,35.063769],[135.933339,35.063212],[135.933842,35.062781],[135.934553,35.062319],[135.935931,35.061933],[135.936453,35.062047],[135.937183,35.062541],[135.937881,35.063402],[135.938202,35.063705],[135.938642,35.063724],[135.939542,35.06349],[135.940725,35.065034],[135.941203,35.065534],[135.93951,35.066604],[135.93912,35.066439],[135.938818,35.066515],[135.93807,35.067053],[135.937711,35.067427],[135.937365,35.067927],[135.936818,35.068357],[135.936572,35.068629],[135.936208,35.069275],[135.935547,35.070034],[135.934867,35.07068],[135.934654,35.070768],[135.933779,35.07168],[135.933269,35.071654],[135.932923,35.071768],[135.93237,35.072705],[135.931741,35.074122],[135.931583,35.074939],[135.931659,35.075211],[135.931885,35.075382],[135.93247,35.075502],[135.933433,35.07547],[135.934012,35.07535],[135.934943,35.075521],[135.936308,35.075629],[135.937667,35.075591],[135.939366,35.075306],[135.940926,35.075344],[135.941587,35.075053],[135.941989,35.074787],[135.942071,35.074515],[135.942021,35.074312],[135.941499,35.073869],[135.939303,35.072635],[135.938271,35.071958],[135.937894,35.071585],[135.938321,35.071439],[135.942486,35.070793],[135.943059,35.070863],[135.943587,35.071192],[135.944349,35.071825],[135.945751,35.07354],[135.947916,35.076413],[135.94813,35.076837],[135.948167,35.077306],[135.948633,35.077527],[135.948858,35.07777],[135.948325,35.078679],[135.94745,35.078204],[135.947771,35.077635],[135.947274,35.077647],[135.946802,35.077875],[135.946513,35.078179],[135.946374,35.07854],[135.946399,35.079008],[135.946475,35.079198],[135.94667,35.0794],[135.946994,35.078907],[135.947749,35.079362],[135.947371,35.079869],[135.947715,35.080072],[135.947519,35.080217],[135.947406,35.080628],[135.947419,35.080831],[135.947979,35.080938],[135.948229,35.081185],[135.948301,35.081426],[135.948178,35.081517],[135.947713,35.081663],[135.947788,35.082935],[135.947285,35.083296],[135.947364,35.083549],[135.947552,35.083786],[135.947505,35.083932],[135.947232,35.084292],[135.9472,35.084561],[135.947332,35.084992],[135.947622,35.085473],[135.947618,35.085799],[135.947411,35.086099],[135.947131,35.086314],[135.946807,35.086305],[135.945778,35.085903],[135.944545,35.08627],[135.942076,35.086811],[135.941635,35.086992],[135.941245,35.087346],[135.940858,35.087893],[135.940522,35.088631],[135.940028,35.09152],[135.940119,35.091684],[135.940493,35.091934],[135.940651,35.092979],[135.94088,35.093437],[135.94122,35.093846],[135.9425,35.094982],[135.942551,35.095219],[135.93989,35.095868],[135.938911,35.096057],[135.937675,35.096387],[135.937524,35.096532],[135.937502,35.096792],[135.937968,35.098098],[135.938505,35.100032],[135.940445,35.106107],[135.938268,35.1065],[135.939174,35.109651],[135.941377,35.109126],[135.943112,35.114714],[135.943301,35.11517],[135.943628,35.115461],[135.943691,35.116132],[135.943641,35.117486],[135.943276,35.117929],[135.94315,35.118284],[135.942936,35.118435],[135.942568,35.118524],[135.941863,35.119227],[135.942115,35.1201],[135.942471,35.121049],[135.942684,35.121454],[135.943024,35.12172],[135.943704,35.122796],[135.944496,35.123593],[135.945616,35.124378],[135.946849,35.12553],[135.948032,35.126821],[135.948321,35.127011],[135.948762,35.127163],[135.949441,35.127163],[135.950159,35.127099],[135.951593,35.126606],[135.952021,35.12658],[135.956639,35.125745],[135.95767,35.125517],[135.958224,35.125302],[135.958702,35.124935],[135.959809,35.123935],[135.960829,35.122758],[135.961382,35.122302],[135.962074,35.122138],[135.963408,35.122036],[135.965459,35.121783],[135.970706,35.121353],[135.971146,35.121442],[135.972203,35.122328],[135.972656,35.122391],[135.978281,35.12834],[135.980206,35.130466],[135.98037,35.131061],[135.980282,35.131833],[135.97974,35.1332],[135.979275,35.134732],[135.979325,35.135466],[135.979829,35.136289],[135.981238,35.138187],[135.983503,35.14101],[135.984333,35.141959],[135.98539,35.142541],[135.986271,35.142807],[135.987101,35.142794],[135.990448,35.14206],[135.992688,35.141516],[135.995531,35.139774],[135.997117,35.14256],[135.998703,35.141738],[135.997136,35.138802],[136.000011,35.137048],[136.001974,35.135959],[136.003094,35.135516],[136.004906,35.135542],[136.007221,35.135377],[136.009108,35.135314],[136.010203,35.135441],[136.012116,35.135795],[136.01277,35.136086],[136.014406,35.138896],[136.017048,35.14382],[136.017564,35.144706],[136.018256,35.145326],[136.019099,35.145959],[136.02032,35.146161],[136.023692,35.14644],[136.027253,35.14644],[136.029769,35.146199],[136.031959,35.145807],[136.037759,35.144465],[136.039518,35.143997],[136.039964,35.143737],[136.040285,35.143294],[136.040398,35.142889],[136.040405,35.141453],[136.040518,35.141048],[136.040726,35.140643],[136.041248,35.140333],[136.04182,35.14013],[136.042204,35.139674],[136.043179,35.137326],[136.043639,35.136789],[136.044142,35.136466],[136.045117,35.136111],[136.046136,35.136048],[136.047338,35.136213],[136.049194,35.136706],[136.049603,35.136915],[136.050163,35.137668],[136.050207,35.137972],[136.050131,35.138339],[136.048747,35.139814],[136.048646,35.140738],[136.048917,35.140927],[136.050037,35.141016],[136.053717,35.141946],[136.055605,35.142377],[136.057341,35.142921],[136.058178,35.143237],[136.059235,35.143902],[136.060682,35.14513],[136.063223,35.147737],[136.063444,35.148079],[136.063978,35.148718],[136.064431,35.149446],[136.06569,35.152635],[136.066124,35.153977],[136.066042,35.155477],[136.066168,35.156129],[136.067414,35.156629],[136.079399,35.162002],[136.079851,35.162533],[136.080242,35.163293],[136.0806,35.164249],[136.080896,35.16454],[136.081934,35.165166],[136.082827,35.165615],[136.085275,35.166489],[136.085595,35.166451],[136.086067,35.166185],[136.086426,35.166058],[136.0873,35.166046],[136.08776,35.165913],[136.088609,35.1654],[136.089546,35.164616],[136.090459,35.162983],[136.090987,35.163109],[136.092749,35.163806],[136.09368,35.164331],[136.094221,35.16454],[136.094963,35.164685],[136.095668,35.164951],[136.096064,35.16504],[136.096649,35.164869],[136.097266,35.164521],[136.098518,35.163641],[136.098971,35.163204],[136.099267,35.162818],[136.099462,35.162141],[136.100166,35.160698],[136.101311,35.157293],[136.09982,35.157066],[136.099015,35.156825],[136.09714,35.156471],[136.096977,35.156585],[136.096064,35.159489],[136.095762,35.160198],[136.095511,35.160464],[136.093107,35.161198],[136.091767,35.159743],[136.091641,35.159344],[136.091711,35.15885],[136.09212,35.157793],[136.091962,35.157635],[136.091402,35.157433],[136.091371,35.157078],[136.09161,35.156572],[136.092101,35.156268],[136.092805,35.156255],[136.093,35.156116],[136.092975,35.155642],[136.092824,35.155161],[136.092673,35.154945],[136.091906,35.154578],[136.092214,35.153667],[136.092994,35.153743],[136.0939,35.153971],[136.094775,35.154275],[136.09575,35.154743],[136.097618,35.155857],[136.098335,35.155142],[136.098939,35.154642],[136.099348,35.154559],[136.100783,35.154996],[136.102765,35.155047],[136.103098,35.15518],[136.103538,35.155047],[136.104954,35.154002],[136.105784,35.153167],[136.106684,35.152047],[136.107848,35.152648],[136.10859,35.153091],[136.109213,35.153357],[136.10961,35.153408],[136.110044,35.153148],[136.112315,35.151528],[136.114322,35.152338],[136.115322,35.152553],[136.116486,35.15261],[136.117637,35.152591],[136.117971,35.152699],[136.119059,35.153363],[136.120651,35.153224],[136.121148,35.152718],[136.12386,35.152998],[136.124259,35.152893],[136.124676,35.152502],[136.125018,35.151959],[136.125606,35.15211],[136.125302,35.152627],[136.125701,35.152611],[136.126106,35.152444],[136.126719,35.15186],[136.127605,35.151964],[136.128339,35.151933],[136.128889,35.151792],[136.129142,35.151818],[136.129363,35.152022],[136.129686,35.152752],[136.129692,35.153765],[136.130021,35.154621],[136.130224,35.155346],[136.130059,35.155915],[136.129591,35.156928],[136.129484,35.15781],[136.124986,35.157705],[136.125094,35.155628],[136.12338,35.15687],[136.123272,35.157742],[136.124657,35.157799],[136.124366,35.158102],[136.124284,35.158431],[136.124227,35.159694],[136.124037,35.160555],[136.122595,35.163805],[136.12083,35.166299],[136.12078,35.16678],[136.120858,35.167001],[136.12179,35.167096],[136.121494,35.16833],[136.120154,35.167875],[136.118675,35.16747],[136.115121,35.166666],[136.111981,35.165818],[136.10961,35.164957],[136.10664,35.163654],[136.105596,35.163287],[136.104778,35.163255],[136.104205,35.163362],[136.103532,35.163381],[136.103092,35.163236],[136.10257,35.163166],[136.102224,35.163375],[136.101959,35.163666],[136.101368,35.163647],[136.100852,35.164021],[136.100311,35.164337],[136.099285,35.164337],[136.098197,35.164729],[136.095366,35.166014],[136.094215,35.166464],[136.093032,35.166767],[136.090144,35.167236],[136.088672,35.167432],[136.087319,35.16747],[136.084595,35.168134],[136.083966,35.168362],[136.083853,35.168248],[136.083903,35.16785],[136.084287,35.167704],[136.084822,35.167603],[136.085287,35.167293],[136.080943,35.165331],[136.080188,35.164837],[136.079874,35.164495],[136.079458,35.163419],[136.079257,35.163078],[136.078817,35.162597],[136.078427,35.162268],[136.077546,35.161787],[136.076791,35.162736],[136.075457,35.161875],[136.075457,35.161217],[136.07518,35.161002],[136.074929,35.160964],[136.074916,35.16128],[136.075054,35.161774],[136.074778,35.161863],[136.074538,35.161774],[136.074274,35.160711],[136.073912,35.160293],[136.073308,35.159856],[136.071849,35.159167],[136.07071,35.15873],[136.068628,35.158401],[136.066923,35.157749],[136.067077,35.157357],[136.066309,35.157179],[136.065152,35.157103],[136.064133,35.157192],[136.06295,35.157572],[136.062358,35.15785],[136.062094,35.158179],[136.061578,35.158268],[136.061201,35.157774],[136.060263,35.15785],[136.05981,35.158027],[136.060314,35.15904],[136.060691,35.159394],[136.061295,35.159622],[136.062654,35.159217],[136.064391,35.158508],[136.065724,35.158255],[136.066747,35.1583],[136.067621,35.159768],[136.068275,35.16047],[136.069546,35.161388],[136.069961,35.161565],[136.070729,35.16178],[136.071799,35.162268],[136.072962,35.16347],[136.072377,35.163628],[136.070792,35.16366],[136.068533,35.164014],[136.067483,35.164059],[136.065457,35.164236],[136.065677,35.164881],[136.065753,35.165502],[136.065759,35.166356],[136.065992,35.166773],[136.063985,35.167388],[136.062336,35.168223],[136.061877,35.168628],[136.061368,35.169463],[136.06116,35.169539],[136.059405,35.16959],[136.059273,35.169951],[136.059033,35.1704],[136.058914,35.170925],[136.059027,35.171324],[136.059247,35.171596],[136.059763,35.171925],[136.060619,35.172286],[136.061198,35.172602],[136.061481,35.1729],[136.061745,35.173311],[136.062884,35.173995],[136.063249,35.174431],[136.063525,35.174944],[136.063601,35.175583],[136.0635,35.176267],[136.063374,35.176672],[136.062525,35.177722],[136.062135,35.178292],[136.061808,35.179007],[136.061676,35.179994],[136.06177,35.180374],[136.062116,35.180741],[136.062513,35.181013],[136.063444,35.181241],[136.064513,35.181418],[136.065803,35.181791],[136.066262,35.182007],[136.066652,35.182361],[136.067086,35.183798],[136.06725,35.184228],[136.067458,35.184601],[136.067917,35.185013],[136.068433,35.185772],[136.069295,35.186513],[136.069395,35.18774],[136.069502,35.188266],[136.069792,35.188626],[136.070748,35.189069],[136.07122,35.189449],[136.071824,35.189702],[136.072472,35.189886],[136.072912,35.190183],[136.073579,35.19081],[136.074177,35.191209],[136.074938,35.191316],[136.075504,35.191303],[136.075938,35.191133],[136.076347,35.190803],[136.07663,35.190417],[136.077662,35.189772],[136.077907,35.189411],[136.078021,35.1885],[136.078329,35.188088],[136.078845,35.187728],[136.079826,35.187202],[136.079927,35.186316],[136.080198,35.186297],[136.081487,35.186734],[136.081487,35.187165],[136.082129,35.187443],[136.081947,35.187816],[136.080946,35.187797],[136.080824,35.187987],[136.080874,35.188266],[136.081176,35.188785],[136.081692,35.189114],[136.082484,35.189228],[136.082774,35.189645],[136.083239,35.19005],[136.083768,35.190278],[136.084649,35.190291],[136.086272,35.189962],[136.087757,35.189595],[136.088826,35.188721],[136.089241,35.188101],[136.089443,35.186671],[136.089657,35.186418],[136.090474,35.186392],[136.090588,35.186671],[136.090474,35.187418],[136.0906,35.187949],[136.091129,35.188861],[136.091107,35.189057],[136.090666,35.189164],[136.090327,35.189126],[136.089911,35.188981],[136.089635,35.189076],[136.089446,35.189411],[136.088946,35.189873],[136.088807,35.190152],[136.088983,35.190531],[136.088832,35.191101],[136.088895,35.191443],[136.089839,35.191924],[136.090443,35.192557],[136.091173,35.192569],[136.091563,35.192696],[136.092104,35.192974],[136.093111,35.193101],[136.094558,35.193101],[136.094441,35.195537],[136.095517,35.196284],[136.096769,35.196993],[136.098298,35.197588],[136.099676,35.197854],[136.099996,35.197955],[136.100481,35.198259],[136.101198,35.199157],[136.101657,35.199569],[136.102387,35.199822],[136.10965,35.20179],[136.110899,35.202537],[136.111119,35.202625],[136.111308,35.202549],[136.112466,35.201417],[136.113026,35.20105],[136.114536,35.199771],[136.115479,35.199062],[136.116304,35.198689],[136.117788,35.198347],[136.119374,35.198195],[136.123807,35.198216],[136.125429,35.197658],[136.128682,35.195703],[136.130924,35.194574],[136.132006,35.193892],[136.132626,35.193144],[136.134893,35.18897],[136.136451,35.186418],[136.136785,35.185958],[136.137421,35.185394],[136.139529,35.183983],[136.140086,35.18315],[136.140308,35.182382],[136.140229,35.181811],[136.139799,35.181011],[136.137771,35.177979],[136.137652,35.177546],[136.137803,35.177152],[136.138113,35.176818],[136.138453,35.176565],[136.14135,35.179849],[136.141056,35.180217],[136.141135,35.180676],[136.141477,35.181221],[136.142034,35.181378],[136.143728,35.181195],[136.14562,35.18084],[136.146074,35.181083],[136.146972,35.182113],[136.14811,35.183596],[136.148102,35.184233],[136.146511,35.184882],[136.144515,35.185867],[136.143656,35.186549],[136.143569,35.186916],[136.143585,35.187186],[136.143791,35.187363],[136.144722,35.187756],[136.144571,35.188137],[136.143593,35.188819],[136.143259,35.188944],[136.142503,35.188938],[136.141732,35.189436],[136.140849,35.190335],[136.139998,35.190119],[136.13863,35.190119],[136.137262,35.189062],[136.136785,35.189476],[136.136173,35.190676],[136.135728,35.191418],[136.1356,35.192186],[136.133692,35.194207],[136.133588,35.194528],[136.133708,35.194797],[136.134328,35.195165],[136.134606,35.195394],[136.134535,35.195677],[136.134304,35.195847],[136.134065,35.195933],[136.132411,35.196077],[136.131505,35.196497],[136.130638,35.196746],[136.128411,35.197973],[136.127218,35.198439],[136.126805,35.198702],[136.126431,35.199036],[136.126193,35.199633],[136.125859,35.200021],[136.125047,35.200322],[136.124149,35.200513],[136.121157,35.200524],[136.120239,35.200853],[136.120037,35.201056],[136.120176,35.201296],[136.120692,35.201398],[136.121573,35.201398],[136.122619,35.201842],[136.122906,35.20216],[136.123136,35.202549],[136.123092,35.203257],[136.12282,35.203618],[136.12226,35.203632],[136.121274,35.203328],[136.120519,35.202657],[136.119411,35.201366],[136.11899,35.200765],[136.118738,35.200189],[136.11782,35.200265],[136.116618,35.200505],[136.115637,35.200828],[136.11334,35.202619],[136.110566,35.205087],[136.110069,35.205024],[136.109647,35.205347],[136.110069,35.205897],[136.110648,35.207081],[136.110805,35.207606],[136.11088,35.208195],[136.109408,35.211675],[136.108779,35.213314],[136.108704,35.214966],[136.110434,35.215086],[136.111113,35.215276],[136.112044,35.215618],[136.112082,35.21701],[136.111767,35.217308],[136.112466,35.217624],[136.112906,35.217744],[136.113623,35.217719],[136.114718,35.217479],[136.114938,35.21732],[136.115114,35.21665],[136.115857,35.216726],[136.12189,35.217061],[136.133898,35.219441],[136.135648,35.219869],[136.138772,35.220809],[136.143514,35.222044],[136.147259,35.224134],[136.147574,35.223723],[136.150943,35.22562],[136.1502,35.226124],[136.149283,35.226974],[136.148679,35.228009],[136.148416,35.228922],[136.148494,35.230422],[136.148776,35.231217],[136.149283,35.23207],[136.149786,35.232656],[136.150635,35.233296],[136.151594,35.233764],[136.15265,35.234041],[136.153158,35.234144],[136.154168,35.234171],[136.155164,35.23408],[136.15634,35.233726],[136.157351,35.233261],[136.158104,35.232703],[136.162729,35.234727],[136.162994,35.234605],[136.174869,35.240063],[136.174803,35.240394],[136.177423,35.24162],[136.178044,35.241712],[136.179468,35.242288],[136.191313,35.248144],[136.191252,35.248409],[136.192127,35.248829],[136.192045,35.25035],[136.195511,35.252058],[136.196778,35.251327],[136.201046,35.253396],[136.201785,35.253974],[136.203535,35.255029],[136.207069,35.257055],[136.209784,35.258961],[136.212154,35.260907],[136.214127,35.262674],[136.214489,35.263037],[136.214513,35.26356],[136.214284,35.264152],[136.214247,35.264406],[136.215237,35.266273],[136.215502,35.2669],[136.21654,35.267502],[136.217915,35.268204],[136.218319,35.268244],[136.219242,35.268059],[136.219917,35.267835],[136.22049,35.267845],[136.221703,35.268273],[136.224321,35.269403],[136.226227,35.270324],[136.227367,35.270956],[136.229647,35.272569],[136.231089,35.273485],[136.232301,35.274346],[136.231503,35.275868],[136.230813,35.277926],[136.230408,35.280322],[136.230433,35.282398],[136.23067,35.284247],[136.230852,35.285194],[136.231365,35.286733],[136.231763,35.287644],[136.232447,35.28896],[136.233104,35.290003],[136.234897,35.292279],[136.235957,35.29329],[136.237143,35.294265],[136.238125,35.294939],[136.239571,35.295836],[136.241006,35.296592],[136.243004,35.297384],[136.244693,35.297921],[136.246276,35.298322],[136.249957,35.298732],[136.251861,35.298741],[136.254529,35.298619],[136.254206,35.299229],[136.253749,35.299406],[136.252518,35.300325],[136.25158,35.301145],[136.250581,35.302243],[136.249781,35.303445],[136.24913,35.304706],[136.248798,35.30564],[136.248478,35.307028],[136.248451,35.308144],[136.248495,35.309847],[136.248771,35.311099],[136.249221,35.312274],[136.249651,35.313221],[136.250413,35.314423],[136.251439,35.315644],[136.252664,35.316737],[136.255181,35.318276],[136.256726,35.318904],[136.258392,35.319387],[136.260059,35.319706],[136.261946,35.319869],[136.264099,35.319778],[136.266229,35.319387],[136.26716,35.319116],[136.268137,35.320395],[136.267112,35.321052],[136.26786,35.321987],[136.268475,35.322958],[136.269419,35.324904],[136.270094,35.326497],[136.27042,35.327612],[136.270432,35.328458],[136.270275,35.328966],[136.27001,35.329244],[136.269503,35.329443],[136.269141,35.329483],[136.269045,35.329931],[136.269202,35.330031],[136.269588,35.33015],[136.270107,35.33019],[136.270119,35.330867],[136.269265,35.330727],[136.268523,35.330708],[136.268722,35.331066],[136.269229,35.331444],[136.270453,35.332111],[136.271696,35.334067],[136.273089,35.336073],[136.275279,35.339647],[136.276479,35.342046],[136.276992,35.34328],[136.277288,35.344221],[136.277408,35.344858],[136.277101,35.345136],[136.277607,35.348202],[136.277475,35.350228],[136.278011,35.351876],[136.278005,35.352269],[136.277734,35.352597],[136.277704,35.353045],[136.278778,35.353448],[136.278753,35.357535],[136.27818,35.35752],[136.278253,35.358645],[136.278229,35.359117],[136.277975,35.360088],[136.277758,35.361322],[136.27733,35.362512],[136.277058,35.363711],[136.276636,35.364722],[136.276292,35.365185],[136.275918,35.365488],[136.275403,35.365129],[136.274258,35.364598],[136.272975,35.364104],[136.271646,35.363714],[136.27045,35.363459],[136.269024,35.3633],[136.267668,35.363213],[136.265318,35.363338],[136.264398,35.363452],[136.262977,35.363748],[136.261386,35.364214],[136.25973,35.364867],[136.258337,35.365622],[136.25687,35.366609],[136.255269,35.368077],[136.254239,35.369299],[136.253246,35.370836],[136.252301,35.373151],[136.252071,35.374251],[136.252007,35.375898],[136.252209,35.378031],[136.253092,35.380497],[136.254445,35.38263],[136.25401,35.382968],[136.253063,35.383491],[136.251537,35.384213],[136.248575,35.385457],[136.244558,35.387388],[136.243472,35.387468],[136.243412,35.38703],[136.24144,35.38698],[136.241349,35.387358],[136.237887,35.387259],[136.236343,35.387398],[136.23101,35.388413],[136.227282,35.389185],[136.227194,35.388709],[136.227934,35.388633],[136.227736,35.387229],[136.225892,35.386796],[136.225152,35.387859],[136.226412,35.388026],[136.226375,35.388682],[136.226173,35.388792],[136.225394,35.388553],[136.223663,35.387771],[136.223006,35.387597],[136.221751,35.387617],[136.220985,35.387736],[136.219375,35.388418],[136.218216,35.387259],[136.216998,35.388244],[136.216636,35.388677],[136.216425,35.38915],[136.218349,35.389613],[136.219236,35.389946],[136.217993,35.391449],[136.217185,35.391245],[136.217167,35.391559],[136.216962,35.391858],[136.216757,35.392047],[136.217197,35.393057],[136.217668,35.393206],[136.218222,35.396088],[136.218271,35.397128],[136.218066,35.398104],[136.217631,35.399179],[136.215406,35.403858],[136.214465,35.40551],[136.213795,35.406471],[136.21242,35.408352],[136.211798,35.409094],[136.211322,35.409547],[136.213753,35.410134],[136.212896,35.412712],[136.212022,35.412558],[136.211678,35.413289],[136.210827,35.4131],[136.210351,35.413907],[136.20947,35.413742],[136.208469,35.415599],[136.205839,35.414569],[136.204795,35.4143],[136.202642,35.416923],[136.196622,35.426434],[136.196453,35.426937],[136.196827,35.429396],[136.198474,35.429391],[136.199366,35.42959],[136.197886,35.43386],[136.197053,35.435961],[136.196016,35.435642],[136.19423,35.441286],[136.192131,35.447508],[136.189429,35.446771],[136.188789,35.447279],[136.188041,35.447558],[136.187716,35.448344],[136.185565,35.44849],[136.147236,35.422963],[136.146081,35.422315],[136.144926,35.422494],[136.14386,35.422918],[136.143616,35.423097],[136.143371,35.422963],[136.142261,35.421176],[136.141595,35.42064],[136.140795,35.420349],[136.140484,35.420059],[136.122078,35.429636],[136.109779,35.436507],[136.106377,35.438311],[136.1017,35.440929],[136.098852,35.442423],[136.0969,35.443582],[136.087511,35.448746],[136.08745,35.449091],[136.086482,35.449878],[136.088452,35.450418],[136.089691,35.450993],[136.090746,35.451665],[136.091309,35.452204],[136.091792,35.452867],[136.092118,35.453646],[136.092302,35.45445],[136.09239,35.455556],[136.092311,35.456184],[136.091573,35.455794],[136.090052,35.455282],[136.088056,35.454459],[136.085357,35.453973],[136.085155,35.454689],[136.084592,35.45545],[136.084126,35.455892],[136.083871,35.456299],[136.083995,35.457581],[136.083071,35.458669],[136.082377,35.460057],[136.082219,35.460685],[136.082184,35.461189],[136.082289,35.462825],[136.082219,35.463241],[136.081049,35.463948],[136.080293,35.464337],[136.07979,35.464761],[136.079491,35.464679],[136.079264,35.464101],[136.078235,35.464432],[136.077726,35.463798],[136.076926,35.463329],[136.076153,35.463126],[136.075124,35.463258],[136.074562,35.463524],[136.07422,35.463853],[136.073582,35.463638],[136.072281,35.463015],[136.070703,35.461923],[136.068411,35.460647],[136.067382,35.459992],[136.064813,35.458144],[136.063904,35.457427],[136.063651,35.457624],[136.061334,35.455839],[136.060589,35.45514],[136.06028,35.454607],[136.05939,35.452505],[136.058979,35.451952],[136.058379,35.451438],[136.058436,35.450911],[136.058196,35.449698],[136.058392,35.448853],[136.058588,35.44864],[136.058764,35.448189],[136.058799,35.447641],[136.058535,35.447004],[136.057937,35.446367],[136.05704,35.446102],[136.05632,35.446129],[136.055757,35.446306],[136.0553,35.44665],[136.054856,35.447181],[136.054606,35.447627],[136.053019,35.447418],[136.052123,35.447101],[136.050649,35.446155],[136.049278,35.444997],[136.047739,35.44352],[136.044363,35.439381],[136.043133,35.437701],[136.041999,35.435994],[136.040882,35.43373],[136.040469,35.432802],[136.040381,35.431917],[136.04053,35.431139],[136.041515,35.42937],[136.043373,35.426804],[136.043682,35.426251],[136.044112,35.425273],[136.044093,35.42446],[136.043853,35.423444],[136.043808,35.421863],[136.043903,35.420085],[136.044175,35.41945],[136.045387,35.419291],[136.045418,35.417062],[136.045298,35.416039],[136.044781,35.414312],[136.044661,35.412407],[136.045267,35.41207],[136.045109,35.411537],[136.044692,35.410953],[136.044875,35.410813],[136.045665,35.410773],[136.046078,35.412135],[136.046944,35.411905],[136.047594,35.411533],[136.047999,35.410879],[136.048157,35.410083],[136.048139,35.409605],[136.047788,35.40881],[136.047295,35.408279],[136.046504,35.408774],[136.044714,35.407206],[136.045333,35.406761],[136.044853,35.40638],[136.04378,35.40605],[136.041381,35.406037],[136.040093,35.405948],[136.039235,35.40544],[136.038363,35.404411],[136.038868,35.40417],[136.038073,35.403052],[136.036974,35.400652],[136.035753,35.398134],[136.036724,35.397844],[136.036029,35.395907],[136.034992,35.396168],[136.034702,35.396092],[136.034146,35.393653],[136.033931,35.392282],[136.033944,35.391177],[136.034298,35.389144],[136.034815,35.38729],[136.036106,35.383797],[136.036169,35.382584],[136.036094,35.381505],[136.036491,35.381371],[136.035671,35.379796],[136.035627,35.379307],[136.035709,35.378717],[136.036914,35.377199],[136.037911,35.376637],[136.039317,35.37654],[136.04301,35.37616],[136.044267,35.375859],[136.045172,35.375417],[136.046025,35.37463],[136.047467,35.372888],[136.050676,35.36882],[136.051757,35.367767],[136.053172,35.366565],[136.056091,35.364318],[136.060548,35.360719],[136.061744,35.359835],[136.064715,35.35827],[136.06541,35.357836],[136.065805,35.357367],[136.067397,35.353636],[136.070307,35.347118],[136.070518,35.346225],[136.070799,35.342882],[136.07086,35.33976],[136.071001,35.338655],[136.071045,35.335073],[136.071432,35.334207],[136.074685,35.335153],[136.075669,35.333287],[136.072341,35.332198],[136.07368,35.328769],[136.073932,35.327283],[136.073853,35.325822],[136.073683,35.324831],[136.073253,35.323675],[136.072268,35.322023],[136.073129,35.321702],[136.073999,35.32057],[136.073981,35.320464],[136.072583,35.320128],[136.071819,35.320606],[136.071959,35.320827],[136.071694,35.321103],[136.069901,35.318265],[136.069314,35.317979],[136.067572,35.318023],[136.067003,35.317941],[136.065349,35.31695],[136.064364,35.316544],[136.063209,35.316283],[136.061347,35.316105],[136.060311,35.31608],[136.06069,35.31547],[136.058695,35.314461],[136.056871,35.313444],[136.055507,35.312371],[136.053594,35.312911],[136.052609,35.313317],[136.052003,35.313673],[136.051365,35.314162],[136.050721,35.314499],[136.049901,35.314721],[136.048619,35.314727],[136.047735,35.314524],[136.046851,35.314124],[136.046233,35.313584],[136.045519,35.312822],[136.046277,35.311387],[136.046391,35.310904],[136.046327,35.310237],[136.046094,35.309672],[136.046157,35.309482],[136.047047,35.310009],[136.047761,35.310091],[136.04848,35.310631],[136.048954,35.310917],[136.049554,35.311101],[136.050267,35.311133],[136.051296,35.311717],[136.05324,35.312435],[136.053695,35.312473],[136.054345,35.312339],[136.055052,35.312085],[136.055576,35.311723],[136.053348,35.31058],[136.052413,35.309793],[136.049743,35.307754],[136.04744,35.306668],[136.046561,35.306191],[136.046201,35.305731],[136.046122,35.305298],[136.046289,35.304369],[136.046104,35.303883],[136.045585,35.303219],[136.04468,35.302645],[136.043643,35.302317],[136.043177,35.302362],[136.042552,35.303087],[136.042201,35.303626],[136.041858,35.303777],[136.040065,35.304192],[136.035248,35.305049],[136.033846,35.305004],[136.031049,35.304681],[136.029957,35.304376],[136.028,35.303449],[136.026169,35.30275],[136.025184,35.30228],[136.022129,35.300127],[136.021277,35.299327],[136.020702,35.298304],[136.019465,35.297581],[136.018461,35.296895],[136.017899,35.296329],[136.018328,35.295879],[136.017305,35.295085],[136.016769,35.29551],[136.01586,35.294805],[136.015746,35.294031],[136.01904,35.292784],[136.018917,35.290821],[136.0161,35.291763],[136.016352,35.290627],[136.017672,35.287889],[136.018114,35.286765],[136.018309,35.285832],[136.01824,35.28472],[136.018006,35.284149],[136.017457,35.284187],[136.017477,35.284399],[136.016486,35.284383],[136.015651,35.284162],[136.015036,35.283746],[136.014104,35.282933],[136.013242,35.282358],[136.012442,35.282093],[136.010658,35.281995],[136.00853,35.282004],[136.007484,35.282641],[136.00686,35.282862],[136.005163,35.282871],[136.004363,35.283499],[136.003871,35.284622],[136.003387,35.28494],[136.00293,35.285152],[136.002798,35.285373],[136.002614,35.286788],[136.002297,35.28693],[135.999378,35.287054],[135.999713,35.287505],[136.001225,35.28876],[136.002367,35.289963],[136.003396,35.290962],[136.004025,35.291352],[136.004974,35.29167],[136.004666,35.291871],[136.004616,35.292341],[136.00442,35.292748],[136.004073,35.292862],[136.002078,35.294437],[136.001857,35.295212],[136.001409,35.296291],[135.999445,35.296272],[135.998442,35.29671],[135.997741,35.296945],[135.997785,35.297606],[135.997179,35.297631],[135.996548,35.297384],[135.99502,35.297149],[135.994281,35.296717],[135.99322,35.296628],[135.992772,35.296526],[135.991996,35.296114],[135.991321,35.295636],[135.9906,35.294495],[135.989792,35.293416],[135.989273,35.292815],[135.988631,35.292231],[135.987629,35.291719],[135.986609,35.291427],[135.985475,35.291268],[135.984315,35.291197],[135.981871,35.291374],[135.982697,35.290746],[135.98377,35.290047],[135.986284,35.2885],[135.986433,35.288164],[135.98653,35.287323],[135.986697,35.286925],[135.987093,35.286545],[135.987559,35.286333],[135.989106,35.286041],[135.988868,35.285581],[135.987717,35.284379],[135.988244,35.283618],[135.98835,35.283326],[135.987198,35.282672],[135.987479,35.280337],[135.98777,35.27947],[135.989537,35.279479],[135.99024,35.279559],[135.991163,35.279364],[135.991919,35.279046],[135.992473,35.278551],[135.993,35.277843],[135.993343,35.276968],[135.993774,35.275305],[135.994275,35.274244],[135.995559,35.273094],[135.995682,35.272643],[135.995743,35.272015],[135.995849,35.271573],[135.99606,35.271352],[135.997247,35.271918],[135.998741,35.272502],[135.999937,35.272944],[136.002653,35.273811],[136.002882,35.271556],[136.000438,35.270733],[135.997713,35.269672],[135.995594,35.26854],[135.993176,35.267205],[135.990934,35.265887],[135.988411,35.264322],[135.984473,35.261775],[135.981145,35.259537],[135.978548,35.258423],[135.976904,35.257539],[135.976379,35.257065],[135.976695,35.256752],[135.977007,35.256345],[135.97709,35.255836],[135.977042,35.25539],[135.976717,35.254873],[135.97615,35.254448],[135.975455,35.25428],[135.974926,35.254292],[135.974477,35.253665],[135.974239,35.253311],[135.974182,35.252495],[135.973861,35.251552],[135.973452,35.250666],[135.972861,35.249685],[135.972043,35.248559],[135.971615,35.24778],[135.971219,35.246863],[135.969306,35.24735],[135.96925,35.247033],[135.968803,35.246533],[135.968054,35.246034],[135.967174,35.245654],[135.965475,35.244793],[135.96365,35.243635],[135.962688,35.2428],[135.962291,35.242059],[135.961329,35.239528],[135.960549,35.238167],[135.959379,35.236275],[135.957642,35.233731],[135.955969,35.231414],[135.953351,35.228326],[135.955006,35.227674],[135.956654,35.227503],[135.955912,35.2262],[135.954767,35.225086],[135.953697,35.224219],[135.954012,35.223573],[135.953012,35.222535],[135.952445,35.221687],[135.95186,35.221111],[135.950866,35.220586],[135.949671,35.220213],[135.949054,35.220111],[135.948161,35.219789],[135.946362,35.219004],[135.945041,35.21827],[135.94394,35.21758],[135.941568,35.215441],[135.939954,35.214403],[135.939199,35.21377],[135.938406,35.212897],[135.937299,35.211517],[135.936443,35.210201],[135.935978,35.208973],[135.936091,35.207644],[135.936368,35.206366],[135.936267,35.205847],[135.935537,35.205264],[135.934682,35.205113],[135.933826,35.205366],[135.93292,35.20591],[135.932279,35.206201],[135.931335,35.206049],[135.930102,35.205631],[135.928403,35.204644],[135.926931,35.203454],[135.925736,35.2021],[135.924616,35.200645],[135.924163,35.199834],[135.923873,35.19891],[135.923873,35.197265],[135.923307,35.196746],[135.922338,35.195645],[135.921319,35.19424],[135.920602,35.192848],[135.920438,35.191848],[135.920262,35.191227],[135.919117,35.190114],[135.918727,35.189304],[135.918092,35.188266],[135.917437,35.186823],[135.917362,35.185987],[135.917566,35.183791],[135.917459,35.183424],[135.916899,35.182791],[135.916503,35.182159],[135.91622,35.181323],[135.916173,35.180861],[135.916299,35.180178],[135.917689,35.177342],[135.918595,35.175292],[135.919325,35.173824],[135.920574,35.171925],[135.921222,35.170621],[135.921876,35.169659],[135.922297,35.16921],[135.922945,35.168773],[135.923637,35.168533],[135.923996,35.168311],[135.923807,35.16709],[135.923814,35.165957],[135.924339,35.166343],[135.925031,35.166736],[135.926667,35.167267],[135.927774,35.167533],[135.929435,35.16766],[135.93102,35.167584],[135.932153,35.167406],[135.933902,35.166938],[135.935298,35.166381],[135.936406,35.165748],[135.937664,35.164723],[135.938482,35.163964],[135.939413,35.162736],[135.940017,35.16147],[135.94047,35.159673],[135.940571,35.158382],[135.940432,35.157141],[135.939954,35.155812],[135.939161,35.154294],[135.937991,35.152851],[135.936443,35.151636],[135.934833,35.150787],[135.93292,35.150167],[135.931486,35.149876],[135.930693,35.149876],[135.929636,35.14975],[135.928705,35.149534],[135.927787,35.149091],[135.927157,35.148446],[135.926214,35.14718],[135.925597,35.146016],[135.925434,35.145117],[135.925358,35.142763],[135.923773,35.138826],[135.923681,35.137807],[135.924613,35.135839],[135.924871,35.13508],[135.925103,35.134061],[135.925563,35.133156],[135.92599,35.13251],[135.927494,35.130409],[135.927878,35.130017],[135.930108,35.128435],[135.9308,35.12765],[135.931418,35.126799],[135.931594,35.126311],[135.931579,35.126046],[135.931157,35.126511],[135.930434,35.127451],[135.929867,35.128052],[135.929631,35.12777],[135.930459,35.126631],[135.930777,35.126084],[135.93089,35.125622],[135.930147,35.126137],[135.929575,35.126419],[135.929292,35.126444],[135.928452,35.123723],[135.927939,35.122385],[135.927867,35.121701],[135.927917,35.120793],[135.927832,35.120201],[135.927838,35.118477],[135.927996,35.11828],[135.927989,35.117894],[135.927662,35.117524],[135.927467,35.117091],[135.92708,35.116648],[135.926857,35.116692],[135.926586,35.117069],[135.926322,35.117274],[135.926017,35.116784],[135.925487,35.11691],[135.925323,35.116879],[135.925311,35.116455],[135.926755,35.115689],[135.925182,35.114297],[135.92287,35.114278],[135.922354,35.113132],[135.922461,35.11298],[135.92253,35.112752],[135.921895,35.11162],[135.921813,35.110993],[135.921404,35.110398],[135.92092,35.10981],[135.920655,35.10962],[135.920058,35.109468],[135.918038,35.108006],[135.916566,35.107525],[135.91605,35.107215],[135.915717,35.106816],[135.915446,35.106234],[135.915301,35.105569],[135.915295,35.104544],[135.915459,35.103405],[135.91544,35.10307],[135.915094,35.102785],[135.91476,35.102753],[135.914244,35.102918],[135.91376,35.103196],[135.91337,35.103563],[135.913068,35.103949],[135.91264,35.104785],[135.91242,35.10505],[135.912112,35.105215],[135.911722,35.105316],[135.911432,35.105272],[135.910633,35.104842],[135.909941,35.104721],[135.909161,35.104418],[135.908916,35.104266],[135.90889,35.104057],[135.908972,35.103861],[135.90945,35.103576],[135.909998,35.10338],[135.910784,35.102766],[135.910759,35.102633],[135.910482,35.102557],[135.908519,35.10319],[135.907651,35.103335],[135.907041,35.103297],[135.906846,35.103202],[135.907116,35.102842],[135.905644,35.102911],[135.905242,35.102804],[135.905034,35.102614],[135.904562,35.101595],[135.903794,35.10057],[135.903725,35.100139],[135.903883,35.099734],[135.904279,35.09957],[135.904606,35.099614],[135.905569,35.100291],[135.906185,35.100412],[135.906525,35.100418],[135.906701,35.100272],[135.906764,35.099405],[135.906569,35.098886],[135.906626,35.098627],[135.906739,35.098424],[135.908425,35.098658],[135.909664,35.099209],[135.909947,35.099234],[135.910168,35.099127],[135.910218,35.097962],[135.910092,35.097735],[135.908601,35.097374],[135.908519,35.097216],[135.908689,35.096697],[135.908551,35.096273],[135.908299,35.096032],[135.907425,35.095861],[135.906676,35.095393],[135.906022,35.094728],[135.905858,35.094134],[135.90589,35.093608],[135.906116,35.09302],[135.906154,35.09257],[135.906066,35.092298],[135.905103,35.091887],[135.903354,35.091653],[135.902568,35.091153],[135.901725,35.090412],[135.901228,35.089634],[135.900869,35.089254],[135.899906,35.089058],[135.899416,35.088805],[135.898831,35.088147],[135.898214,35.087716],[135.897692,35.087204],[135.89738,35.087014],[135.897078,35.086988],[135.896927,35.087305],[135.896009,35.08814],[135.89582,35.088431],[135.895682,35.089419],[135.895153,35.089014],[135.894851,35.088393],[135.894449,35.087318],[135.895005,35.086596],[135.895024,35.085451],[135.895144,35.085343],[135.896012,35.085153],[135.896289,35.085027],[135.896446,35.084837],[135.896478,35.08421],[135.897145,35.083666],[135.897239,35.083425],[135.897157,35.083261],[135.896408,35.083337],[135.895729,35.083305],[135.895068,35.082951],[135.894905,35.082717],[135.894854,35.081755],[135.894785,35.081559],[135.894634,35.081381],[135.893187,35.081318],[135.892797,35.081179],[135.89208,35.080362],[135.891363,35.079875],[135.891287,35.079438],[135.890954,35.078869],[135.891004,35.078603],[135.891627,35.078173],[135.891791,35.077983],[135.891526,35.077704],[135.890646,35.077559],[135.890369,35.077375],[135.890205,35.076983],[135.890287,35.076673],[135.890281,35.076496],[135.889979,35.076268],[135.889129,35.076685],[135.888802,35.076717],[135.888557,35.076635],[135.888343,35.07647],[135.888337,35.076356],[135.888456,35.07611],[135.888437,35.075882],[135.887859,35.07547],[135.887689,35.075255],[135.887682,35.075078],[135.888003,35.074635],[135.888356,35.074572],[135.88867,35.074629],[135.889306,35.074629],[135.889765,35.074407],[135.890709,35.07354],[135.890753,35.072572],[135.89069,35.071844],[135.889475,35.071768],[135.889155,35.071604],[135.888871,35.071325],[135.888695,35.071002],[135.888381,35.070205],[135.887789,35.06961],[135.887607,35.069148],[135.887053,35.068465],[135.886795,35.067351],[135.88682,35.06687],[135.88767,35.066041],[135.88777,35.065724],[135.887733,35.065433],[135.887349,35.065401],[135.88616,35.065965],[135.885619,35.066123],[135.884983,35.066117],[135.884703,35.065977],[135.884477,35.065623],[135.884188,35.065446],[135.883898,35.065484],[135.883571,35.065408],[135.882199,35.064661],[135.881746,35.064256],[135.881533,35.063762],[135.881218,35.063256],[135.880853,35.063028],[135.880425,35.063054],[135.88001,35.06299],[135.879394,35.061838],[135.87918,35.060851],[135.879255,35.060699],[135.879293,35.060396],[135.879145,35.058503],[135.87883,35.05832],[135.878233,35.057807],[135.878053,35.057358],[135.878569,35.056953],[135.878683,35.056687],[135.878595,35.055991],[135.878884,35.055763],[135.87911,35.05551],[135.879211,35.055206],[135.878808,35.054953],[135.877173,35.05494],[135.876481,35.054649],[135.875965,35.054307],[135.875461,35.053447],[135.87482,35.052662],[135.874203,35.051422],[135.874455,35.050763],[135.874555,35.049612],[135.874782,35.048295],[135.874769,35.047131],[135.874027,35.046219],[135.873096,35.045738],[135.872354,35.045156],[135.871385,35.045118],[135.870693,35.044802],[135.86995,35.044726],[135.869409,35.044511],[135.868692,35.043954],[135.868377,35.043283],[135.867865,35.041207],[135.867531,35.040112],[135.867512,35.039321],[135.868085,35.038366],[135.868953,35.037764],[135.86911,35.03741],[135.868079,35.03653],[135.867707,35.036018],[135.867544,35.034296],[135.867556,35.032562],[135.867953,35.032176],[135.86833,35.031537],[135.868481,35.031138],[135.868431,35.030948],[135.867783,35.030512],[135.867563,35.030259],[135.867493,35.029942],[135.868506,35.028411],[135.86984,35.026873],[135.889805,35.006042],[135.889715,35.00501],[135.889792,35.004876],[135.89008,35.004967],[135.890719,35.005558],[135.891007,35.005649],[135.891372,35.005662],[135.891775,35.005502],[135.892115,35.005079],[135.892428,35.004574],[135.892638,35.00409],[135.892733,35.003598],[135.89266,35.003015],[135.892346,35.002389],[135.892226,35.001732],[135.892265,35.001162],[135.892471,35.000558],[135.893055,34.999772],[135.893862,34.998908],[135.894368,34.998537],[135.894787,34.998377],[135.895912,34.998325],[135.895912,34.997695],[135.89495,34.997574],[135.895001,34.996235],[135.895611,34.996054],[135.896152,34.9957],[135.896435,34.995354],[135.896418,34.995009],[135.896135,34.994706],[135.895113,34.994724],[135.895268,34.992798],[135.896006,34.991148],[135.89653,34.990155],[135.897071,34.990362],[135.897551,34.989352],[135.898504,34.98784],[135.899088,34.987314],[135.900642,34.986122],[135.901655,34.985439],[135.902514,34.984964],[135.903244,34.984274],[135.903682,34.983669],[135.903896,34.982961],[135.903973,34.982399],[135.904102,34.982253],[135.90454,34.982149],[135.904978,34.981208],[135.90527,34.980353],[135.905648,34.978953],[135.905965,34.977321],[135.905974,34.976639],[135.905596,34.975723],[135.905201,34.974177],[135.904978,34.970542],[135.90424,34.968028],[135.90449,34.966649],[135.904892,34.965333],[135.905723,34.963789],[135.907082,34.962599],[135.90853,34.961596],[135.909323,34.960901],[135.909607,34.960448],[135.909856,34.95981],[135.910039,34.959157],[135.910162,34.958465],[135.910328,34.95212],[135.910497,34.951413],[135.911358,34.948906],[135.911308,34.948138],[135.910825,34.946992],[135.909989,34.945402],[135.909643,34.944079],[135.909575,34.941883],[135.909467,34.940147],[135.909614,34.938252],[135.909809,34.937538],[135.910068,34.937067],[135.910421,34.936708],[135.911041,34.936208],[135.911823,34.935679],[135.913029,34.934657],[135.91379,34.933563],[135.914481,34.933019],[135.914878,34.932392],[135.915303,34.931186],[135.915702,34.928964],[135.915854,34.928638],[135.916311,34.927971],[135.916452,34.927638],[135.91652,34.927275],[135.916423,34.926496],[135.916203,34.926072],[135.915432,34.925079],[135.915195,34.924699],[135.914359,34.923963],[135.913811,34.923637],[135.913487,34.923648],[135.912241,34.924101],[135.910767,34.924134],[135.910212,34.924025],[135.909341,34.923684],[135.907781,34.922517],[135.908255,34.921729],[135.908673,34.920653],[135.908887,34.918083],[135.909277,34.917261],[135.910297,34.915577],[135.911064,34.914008],[135.911014,34.913831],[135.904043,34.913134],[135.902961,34.913615],[135.901677,34.914438],[135.899287,34.916438],[135.898079,34.917084],[135.896217,34.9174],[135.890554,34.916818],[135.888164,34.916995],[135.88571,34.917514],[135.882703,34.918451],[135.881545,34.918058],[135.880274,34.917894],[135.878764,34.917995],[135.876902,34.918311],[135.874449,34.918349],[135.87236,34.918045],[135.871432,34.917805],[135.87074,34.91728],[135.870098,34.916533],[135.869873,34.916031],[135.869672,34.915795],[135.869392,34.915121],[135.869341,34.914375],[135.869521,34.91357],[135.869536,34.911324],[135.868995,34.91028],[135.868325,34.909475],[135.867634,34.90899],[135.866798,34.9087],[135.866193,34.908352],[135.865587,34.907975],[135.864694,34.907287],[135.863044,34.905946],[135.861538,34.904823],[135.86107,34.90438],[135.860985,34.904047],[135.861123,34.903578],[135.861564,34.902755],[135.862067,34.902085],[135.862822,34.901477],[135.863816,34.900528],[135.864496,34.899642],[135.865452,34.898174],[135.86598,34.897047],[135.866144,34.895996],[135.866144,34.895022],[135.865993,34.894427],[135.865578,34.893718],[135.865137,34.893465],[135.862684,34.893149],[135.861853,34.892959],[135.860796,34.892364],[135.860306,34.891959],[135.859941,34.891415],[135.85989,34.89082],[135.859777,34.890516],[135.85911,34.889794],[135.857374,34.887706],[135.857084,34.887212],[135.85711,34.886871],[135.857839,34.886174],[135.857839,34.885972],[135.857613,34.885833],[135.857034,34.885858],[135.855112,34.886193],[135.854313,34.886174],[135.852684,34.885738],[135.851891,34.885086],[135.851174,34.88463],[135.850406,34.884371],[135.848179,34.884023],[135.847732,34.883725],[135.847254,34.883219],[135.84604,34.881257],[135.845103,34.880131],[135.84314,34.878346],[135.842737,34.877726],[135.842416,34.8767],[135.842479,34.875587],[135.842328,34.873517],[135.842183,34.872796],[135.841951,34.872625],[135.841529,34.872416],[135.838817,34.872713],[135.837811,34.872625],[135.837037,34.872391],[135.836376,34.87191],[135.835905,34.871808],[135.835552,34.871891],[135.835175,34.872232],[135.834631,34.872834],[135.834178,34.873694],[135.834014,34.874479],[135.833725,34.875036],[135.833674,34.875428],[135.83385,34.875783],[135.834329,34.876061],[135.834517,34.876314],[135.834505,34.876707],[135.834178,34.877074],[135.832781,34.877605],[135.832353,34.878112],[135.831812,34.879023],[135.831548,34.879947],[135.831347,34.880251],[135.830894,34.880656],[135.830768,34.880922],[135.830686,34.882441],[135.830283,34.88277],[135.828626,34.883855],[135.826234,34.884479],[135.822394,34.885848],[135.820939,34.886479],[135.819759,34.887385],[135.818653,34.887867],[135.818401,34.888034],[135.818408,34.888374],[135.819222,34.889099],[135.819788,34.889769],[135.82008,34.89019],[135.820292,34.890625],[135.820303,34.891027],[135.820217,34.891255],[135.81986,34.89152],[135.819438,34.891697],[135.818487,34.891882],[135.816427,34.892183],[135.815912,34.892342],[135.814554,34.893002],[135.812824,34.894093],[135.811971,34.89448],[135.811592,34.894596],[135.810555,34.894799],[135.808476,34.894814],[135.806563,34.893266],[135.806066,34.892719],[135.806488,34.89161],[135.806733,34.891309]],[[136.057181,35.197113],[136.056237,35.197341],[136.055004,35.197847],[136.053846,35.198429],[136.053557,35.198771],[136.05323,35.198759],[136.051959,35.19848],[136.051761,35.198929],[136.053554,35.199372],[136.053573,35.19986],[136.053472,35.200056],[136.053157,35.200145],[136.051572,35.200107],[136.051509,35.200467],[136.053031,35.200645],[136.053472,35.200803],[136.053849,35.201062],[136.054114,35.201404],[136.054195,35.201689],[136.054177,35.202296],[136.054799,35.202296],[136.054768,35.201246],[136.055026,35.201031],[136.055366,35.201043],[136.055976,35.201208],[136.05787,35.202347],[136.0587,35.20291],[136.059109,35.203296],[136.059505,35.204106],[136.059839,35.204499],[136.060204,35.204802],[136.060933,35.205245],[136.061707,35.205524],[136.062443,35.20598],[136.063359,35.206074],[136.063988,35.205847],[136.064592,35.20553],[136.064592,35.205011],[136.063862,35.205315],[136.063107,35.205378],[136.062453,35.205328],[136.061987,35.205125],[136.063145,35.203746],[136.063547,35.203163],[136.063761,35.202315],[136.063799,35.201075],[136.06361,35.200315],[136.063032,35.199328],[136.062239,35.198505],[136.060955,35.197784],[136.060075,35.197392],[136.058753,35.1971],[136.057181,35.197113]],[[136.124279,35.293784],[136.124114,35.293966],[136.124047,35.294132],[136.124094,35.294281],[136.124283,35.294413],[136.124437,35.294386],[136.124613,35.294209],[136.124599,35.293916],[136.124485,35.293778],[136.124279,35.293784]],[[136.142844,35.419869],[136.142777,35.419992],[136.143066,35.420182],[136.143355,35.420606],[136.143755,35.420695],[136.144232,35.420695],[136.144654,35.42064],[136.144754,35.42055],[136.144754,35.420383],[136.144676,35.42017],[136.144099,35.419869],[136.143544,35.419757],[136.143122,35.419746],[136.142844,35.419869]],[[136.17737,35.296502],[136.17723,35.296696],[136.177338,35.296953],[136.17791,35.297493],[136.17833,35.297608],[136.178697,35.297546],[136.179021,35.297643],[136.179291,35.297785],[136.179593,35.297714],[136.179766,35.297572],[136.179561,35.297227],[136.178859,35.296776],[136.178104,35.296546],[136.17737,35.296502]]],[[[135.813792,35.047527],[135.815615,35.046949],[135.815901,35.047369],[135.81662,35.047982],[135.816919,35.048171],[135.817441,35.048216],[135.81817,35.048666],[135.818442,35.048939],[135.818884,35.049153],[135.819111,35.049219],[135.821101,35.049409],[135.821387,35.049566],[135.821567,35.049816],[135.821858,35.050622],[135.82204,35.050872],[135.823121,35.050999],[135.823981,35.051549],[135.824303,35.051979],[135.824658,35.052178],[135.8251,35.052271],[135.825342,35.052427],[135.825568,35.053168],[135.825849,35.053426],[135.826983,35.053853],[135.82795,35.053661],[135.828138,35.053404],[135.829688,35.053078],[135.83052,35.052992],[135.830841,35.052886],[135.831125,35.052635],[135.831556,35.052592],[135.832474,35.052849],[135.832824,35.052844],[135.833287,35.053014],[135.833435,35.053465],[135.833329,35.05378],[135.833715,35.053713],[135.834281,35.053339],[135.834854,35.052643],[135.836074,35.052308],[135.837012,35.051751],[135.837352,35.051947],[135.837723,35.052421],[135.838333,35.052776],[135.839554,35.053168],[135.840875,35.05389],[135.841441,35.054092],[135.842649,35.054333],[135.843794,35.054643],[135.845581,35.055409],[135.846537,35.055516],[135.848299,35.055592],[135.849148,35.055719],[135.850129,35.056105],[135.851224,35.0567],[135.851853,35.057295],[135.852526,35.058307],[135.853011,35.059573],[135.853492,35.06049],[135.853731,35.060642],[135.854008,35.060579],[135.854184,35.060389],[135.85431,35.059984],[135.854474,35.059668],[135.854864,35.059491],[135.855744,35.059566],[135.857028,35.059769],[135.856826,35.060807],[135.856134,35.063288],[135.856084,35.063642],[135.856235,35.063781],[135.858412,35.064262],[135.859154,35.064566],[135.859695,35.065022],[135.860211,35.065794],[135.864198,35.066058],[135.864047,35.066215],[135.863964,35.066461],[135.864,35.066639],[135.86413,35.066769],[135.86453,35.066889],[135.864926,35.066932],[135.865085,35.067037],[135.86524,35.067874],[135.865423,35.068429],[135.865467,35.068943],[135.865398,35.069585],[135.865171,35.070244],[135.865023,35.071197],[135.864263,35.070907],[135.863558,35.070781],[135.862375,35.070895],[135.860866,35.071135],[135.857732,35.071199],[135.85733,35.07135],[135.857091,35.071604],[135.85655,35.072755],[135.856197,35.073844],[135.856487,35.074426],[135.85694,35.075654],[135.85755,35.076869],[135.858582,35.076768],[135.859991,35.076337],[135.861048,35.076337],[135.861932,35.076072],[135.862574,35.075382],[135.863218,35.074996],[135.863898,35.074806],[135.864552,35.074781],[135.865477,35.07505],[135.866288,35.077213],[135.866893,35.078296],[135.867253,35.078554],[135.867444,35.078876],[135.868046,35.080199],[135.86864,35.080967],[135.866785,35.081953],[135.866486,35.082159],[135.866324,35.082493],[135.866565,35.083138],[135.866396,35.084203],[135.866465,35.084413],[135.866807,35.084751],[135.866251,35.085337],[135.865685,35.085792],[135.864917,35.086096],[135.864112,35.086248],[135.862753,35.086299],[135.861532,35.088514],[135.862401,35.092096],[135.862426,35.092627],[135.862388,35.093032],[135.862099,35.093548],[135.861702,35.093364],[135.861151,35.093201],[135.859919,35.093096],[135.855823,35.093085],[135.855131,35.093168],[135.854977,35.092741],[135.855065,35.092197],[135.8547,35.091931],[135.854713,35.091678],[135.855153,35.091172],[135.854033,35.090602],[135.852775,35.090134],[135.85168,35.090222],[135.850422,35.09064],[135.849755,35.090957],[135.849271,35.091881],[135.848717,35.092665],[135.847811,35.093399],[135.845924,35.094589],[135.844901,35.094994],[135.843681,35.09488],[135.843328,35.094577],[135.842762,35.094241],[135.841894,35.093969],[135.839547,35.094045],[135.838928,35.093026],[135.838868,35.092393],[135.83878,35.092127],[135.838314,35.091862],[135.8381,35.091843],[135.837735,35.091387],[135.837251,35.091222],[135.836462,35.090461],[135.837086,35.090046],[135.83749,35.089651],[135.838002,35.088931],[135.838353,35.088687],[135.838669,35.0883],[135.838912,35.088119],[135.839061,35.087617],[135.839495,35.087022],[135.83984,35.086137],[135.83985,35.08586],[135.839756,35.08568],[135.839196,35.085014],[135.838854,35.083901],[135.838497,35.083757],[135.834643,35.083714],[135.832207,35.083468],[135.830471,35.083236],[135.827503,35.082649],[135.825363,35.082054],[135.825557,35.080416],[135.825874,35.078423],[135.825881,35.077235],[135.825745,35.07643],[135.825658,35.074553],[135.825219,35.072995],[135.825002,35.071929],[135.82506,35.070393],[135.825283,35.069226],[135.825709,35.068038],[135.826033,35.066762],[135.825096,35.066305],[135.82493,35.066117],[135.824923,35.065972],[135.825204,35.065602],[135.824102,35.065037],[135.823482,35.06495],[135.823165,35.064791],[135.822286,35.064631],[135.821371,35.063892],[135.820896,35.063211],[135.820564,35.062906],[135.820031,35.062696],[135.817581,35.062283],[135.817387,35.062102],[135.817293,35.061826],[135.817164,35.060645],[135.816868,35.060123],[135.816421,35.058717],[135.816112,35.058355],[135.81529,35.057789],[135.814491,35.056963],[135.813893,35.056217],[135.813828,35.055934],[135.813893,35.055644],[135.814159,35.055449],[135.814599,35.055398],[135.815615,35.055391],[135.815968,35.055318],[135.816443,35.055093],[135.816947,35.054514],[135.817351,35.053956],[135.817459,35.053622],[135.817308,35.052839],[135.81707,35.052216],[135.816465,35.051433],[135.814988,35.049853],[135.813792,35.047527]],[[135.838106,35.080039],[135.841136,35.080211],[135.842545,35.080122],[135.843212,35.080008],[135.843929,35.079742],[135.844344,35.079135],[135.84486,35.07854],[135.845414,35.078249],[135.846068,35.07816],[135.846597,35.078325],[135.848157,35.07678],[135.848925,35.075869],[135.849315,35.075046],[135.849352,35.073743],[135.849201,35.073426],[135.848459,35.072983],[135.847465,35.072528],[135.846874,35.071971],[135.846685,35.071692],[135.847528,35.071629],[135.848144,35.071414],[135.848748,35.070933],[135.849013,35.070439],[135.849101,35.069971],[135.848824,35.069642],[135.848081,35.069148],[135.846106,35.068946],[135.845187,35.068591],[135.844709,35.068161],[135.844709,35.067806],[135.845955,35.065579],[135.846144,35.064642],[135.846056,35.062971],[135.846345,35.06187],[135.846433,35.061212],[135.846307,35.060769],[135.846056,35.060415],[135.845729,35.060301],[135.845389,35.060288],[135.842438,35.06325],[135.841985,35.064161],[135.841507,35.065326],[135.841004,35.066212],[135.840425,35.066617],[135.839343,35.06687],[135.838342,35.066857],[135.834313,35.066191],[135.834251,35.066779],[135.834471,35.067399],[135.834418,35.067752],[135.833485,35.069212],[135.832825,35.069944],[135.832699,35.070724],[135.832573,35.070853],[135.832122,35.071042],[135.831892,35.071257],[135.831892,35.071456],[135.832186,35.072093],[135.832929,35.073217],[135.833212,35.073432],[135.833484,35.073837],[135.833673,35.074268],[135.833999,35.07471],[135.834093,35.074994],[135.834219,35.076074],[135.834628,35.076316],[135.835246,35.077142],[135.835738,35.077401],[135.836325,35.077522],[135.836468,35.077695],[135.836577,35.078004],[135.836497,35.078491],[135.836591,35.078935],[135.836837,35.079076],[135.837112,35.079068],[135.837919,35.078913],[135.838171,35.078939],[135.838317,35.079079],[135.838106,35.080039]]],[[[135.843004,35.009104],[135.843766,35.007969],[135.844344,35.007298],[135.844848,35.007045],[135.84627,35.006906],[135.847327,35.006615],[135.848132,35.006273],[135.847355,35.004665],[135.847838,35.003933],[135.847961,35.003621],[135.847824,35.003194],[135.847934,34.999918],[135.848013,34.999729],[135.848193,34.999693],[135.850506,35.000588],[135.850769,35.000613],[135.8511,35.000367],[135.851342,35.000273],[135.851605,35.000273],[135.851891,35.000367],[135.852676,35.000845],[135.853094,35.00115],[135.853051,35.00186],[135.852907,35.002251],[135.852943,35.00252],[135.85357,35.003049],[135.853779,35.003281],[135.854528,35.003433],[135.855609,35.003534],[135.856423,35.003484],[135.856754,35.003339],[135.856884,35.003165],[135.856869,35.002817],[135.856711,35.002549],[135.856214,35.001947],[135.856135,35.001527],[135.856625,35.000527],[135.856682,35.000135],[135.856106,34.997787],[135.855637,34.997142],[135.855501,34.9967],[135.855515,34.996395],[135.855998,34.995634],[135.856027,34.995084],[135.856099,34.994707],[135.856789,34.994793],[135.857091,34.995021],[135.857386,34.995395],[135.857368,34.995866],[135.85721,34.996116],[135.856616,34.996145],[135.856533,34.99679],[135.856987,34.996888],[135.856972,34.997135],[135.856796,34.997595],[135.856824,34.997928],[135.857217,34.999389],[135.857404,34.999885],[135.857934,35.000871],[135.857923,35.001103],[135.856896,35.001269],[135.856976,35.002143],[135.858139,35.002146],[135.858712,35.00473],[135.858777,35.005205],[135.857469,35.005879],[135.857296,35.005861],[135.857131,35.005582],[135.856806,35.004683],[135.856522,35.004187],[135.856298,35.004027],[135.856075,35.004183],[135.855506,35.004933],[135.855214,35.005042],[135.853716,35.005074],[135.853586,35.005223],[135.853471,35.005672],[135.853445,35.006335],[135.854541,35.006618],[135.854191,35.007227],[135.853701,35.007176],[135.853589,35.007307],[135.85342,35.00731],[135.85306,35.007136],[135.852563,35.007057],[135.852116,35.007082],[135.851929,35.007234],[135.851889,35.007394],[135.853168,35.008289],[135.853932,35.008897],[135.854299,35.009253],[135.85436,35.009528],[135.854314,35.010738],[135.854357,35.011014],[135.854544,35.011304],[135.854991,35.01176],[135.855095,35.012032],[135.855038,35.013025],[135.854912,35.013626],[135.854912,35.014601],[135.854169,35.015061],[135.85351,35.015395],[135.853031,35.015736],[135.852566,35.016395],[135.852466,35.016935],[135.852105,35.017649],[135.851705,35.017903],[135.851035,35.01819],[135.849705,35.017601],[135.848459,35.017222],[135.847515,35.016753],[135.846572,35.016855],[135.845691,35.016855],[135.844911,35.016551],[135.844294,35.016044],[135.843601,35.015335],[135.844185,35.014931],[135.844373,35.014714],[135.844401,35.014395],[135.844337,35.01409],[135.843767,35.012894],[135.843688,35.012503],[135.844005,35.011677],[135.844034,35.010981],[135.843004,35.009104]]],[[[135.844576,35.02956],[135.845859,35.029499],[135.846965,35.02935],[135.848132,35.029263],[135.848679,35.029412],[135.84958,35.029444],[135.850268,35.029636],[135.850697,35.029977],[135.85119,35.030484],[135.852134,35.030897],[135.853114,35.031031],[135.854148,35.031068],[135.85431,35.03114],[135.854429,35.0313],[135.854562,35.031354],[135.855693,35.031329],[135.85574,35.031858],[135.853834,35.031905],[135.852919,35.032064],[135.852869,35.032238],[135.853031,35.033391],[135.853125,35.033604],[135.853705,35.03401],[135.853564,35.034322],[135.853438,35.034423],[135.851565,35.034438],[135.851026,35.034511],[135.850736,35.034752],[135.850221,35.035764],[135.849868,35.036056],[135.849063,35.036562],[135.848623,35.03698],[135.848308,35.03765],[135.848195,35.038157],[135.847931,35.038245],[135.847805,35.038106],[135.84659,35.035473],[135.845961,35.033271],[135.845634,35.031752],[135.844576,35.02956]]],[[[135.85998,34.996609],[135.860532,34.99747],[135.860658,34.9979],[135.86067,34.998913],[135.861938,34.997388],[135.862026,34.99685],[135.862265,34.996635],[135.863398,34.996799],[135.863876,34.996723],[135.864197,34.996394],[135.864279,34.996052],[135.86426,34.995742],[135.863549,34.994964],[135.863517,34.994508],[135.863618,34.993882],[135.863983,34.992996],[135.864417,34.992173],[135.864565,34.991591],[135.86454,34.991198],[135.864351,34.990793],[135.863042,34.99011],[135.863193,34.989186],[135.863533,34.988553],[135.864062,34.98811],[135.86591,34.98751],[135.86743,34.987517],[135.867906,34.987608],[135.868449,34.987876],[135.868842,34.988137],[135.870413,34.989858],[135.871108,34.990677],[135.870463,34.991018],[135.868857,34.99154],[135.868799,34.991616],[135.869047,34.99204],[135.870117,34.993533],[135.870881,34.994247],[135.871317,34.99454],[135.87252,34.994975],[135.871299,34.995674],[135.870921,34.995254],[135.870651,34.995279],[135.870388,34.995435],[135.870099,34.995692],[135.869858,34.995808],[135.868705,34.995855],[135.867996,34.995939],[135.867441,34.996312],[135.867171,34.996584],[135.867063,34.996812],[135.867102,34.997613],[135.867048,34.997812],[135.865849,34.998338],[135.865668,34.998334],[135.865279,34.997954],[135.864786,34.998196],[135.864793,34.99845],[135.864588,34.998617],[135.862732,34.998533],[135.862516,34.999635],[135.863766,35.00007],[135.863936,35.00024],[135.863968,35.000429],[135.863889,35.000824],[135.863691,35.001056],[135.863399,35.001157],[135.863103,35.001345],[135.862732,35.001378],[135.862527,35.001324],[135.862088,35.000951],[135.861911,35.000878],[135.861709,35.000961],[135.861349,35.001559],[135.86118,35.001744],[135.860834,35.001835],[135.860499,35.001806],[135.860113,35.001606],[135.859476,35.000943],[135.859108,35.000305],[135.858532,34.999458],[135.858291,34.998957],[135.858201,34.998533],[135.858269,34.997537],[135.858424,34.996986],[135.858741,34.996428],[135.859022,34.996214],[135.859245,34.996138],[135.859497,34.996131],[135.85998,34.996609]]],[[[135.893617,35.214446],[135.894732,35.2135],[135.89572,35.213057],[135.896902,35.212803],[135.897318,35.212829],[135.898249,35.214031],[135.898702,35.214221],[135.900023,35.214044],[135.900891,35.214082],[135.901281,35.21417],[135.902325,35.214056],[135.903382,35.214006],[135.90449,35.214234],[135.905358,35.214183],[135.905773,35.214056],[135.906214,35.214639],[135.906641,35.215651],[135.90678,35.216234],[135.906921,35.216569],[135.907236,35.216873],[135.907896,35.217214],[135.908139,35.217474],[135.908403,35.218411],[135.908765,35.218664],[135.909954,35.218936],[135.909922,35.2191],[135.908897,35.220455],[135.90889,35.221214],[135.909073,35.221657],[135.909054,35.222069],[135.908802,35.22255],[135.911885,35.223771],[135.911281,35.224771],[135.911162,35.225397],[135.911187,35.226505],[135.911338,35.227328],[135.912118,35.227429],[135.913565,35.227423],[135.914609,35.227264],[135.91544,35.226961],[135.916358,35.227334],[135.917069,35.227688],[135.917365,35.227847],[135.917679,35.228277],[135.917856,35.228783],[135.91751,35.229062],[135.916855,35.229422],[135.91673,35.230789],[135.91688,35.230929],[135.919158,35.231315],[135.918994,35.231517],[135.918478,35.23184],[135.91807,35.23191],[135.916931,35.232909],[135.917076,35.23534],[135.916503,35.235745],[135.915679,35.236466],[135.915452,35.236922],[135.915308,35.237719],[135.913898,35.238795],[135.916176,35.238827],[135.917749,35.239086],[135.919271,35.239681],[135.920574,35.24032],[135.921203,35.240801],[135.921901,35.241624],[135.923235,35.240972],[135.92382,35.241751],[135.92521,35.244118],[135.926066,35.243858],[135.927205,35.243643],[135.92913,35.243833],[135.929495,35.244561],[135.929822,35.245023],[135.930243,35.245352],[135.931332,35.246029],[135.931753,35.246421],[135.932124,35.247149],[135.932565,35.24818],[135.933068,35.249541],[135.933194,35.250364],[135.933213,35.252073],[135.932967,35.253256],[135.932336,35.253957],[135.931,35.254859],[135.929154,35.25592],[135.928661,35.256292],[135.92773,35.258131],[135.927167,35.25868],[135.925901,35.259369],[135.924864,35.259652],[135.921453,35.259847],[135.919905,35.260148],[135.918956,35.260661],[135.918077,35.261633],[135.917426,35.262641],[135.916934,35.26388],[135.916863,35.264711],[135.916987,35.265825],[135.916529,35.265666],[135.915861,35.264941],[135.91514,35.264569],[135.914261,35.264428],[135.913663,35.264481],[135.912384,35.264799],[135.911918,35.264737],[135.911356,35.26449],[135.910661,35.264295],[135.910178,35.264295],[135.909386,35.264737],[135.908824,35.26525],[135.908929,35.26586],[135.908507,35.266754],[135.907874,35.267567],[135.906459,35.268779],[135.905466,35.269955],[135.904419,35.270804],[135.904455,35.271158],[135.904885,35.271609],[135.904912,35.272334],[135.905061,35.273086],[135.905914,35.274465],[135.906055,35.274801],[135.905905,35.27519],[135.904683,35.276092],[135.904172,35.276321],[135.902239,35.276265],[135.89995,35.275686],[135.899539,35.275176],[135.899525,35.273535],[135.897277,35.269053],[135.895153,35.26453],[135.892699,35.263772],[135.891753,35.263358],[135.890999,35.262724],[135.89078,35.262158],[135.890561,35.260697],[135.889766,35.259552],[135.889643,35.259166],[135.889821,35.25787],[135.888656,35.255732],[135.889114,35.255217],[135.893327,35.252955],[135.894286,35.252145],[135.895526,35.250508],[135.896194,35.249829],[135.897026,35.249251],[135.898813,35.248823],[135.900366,35.248834],[135.901263,35.24818],[135.901902,35.247787],[135.903062,35.24718],[135.903275,35.246906],[135.903275,35.24637],[135.902849,35.245667],[135.90279,35.245048],[135.902979,35.244655],[135.90402,35.243679],[135.904482,35.242762],[135.905358,35.241393],[135.905583,35.240797],[135.905535,35.239654],[135.904731,35.237094],[135.904162,35.235856],[135.903689,35.235153],[135.902671,35.234355],[135.902186,35.234046],[135.901831,35.233915],[135.900304,35.233867],[135.899606,35.233546],[135.897748,35.233165],[135.896623,35.232593],[135.895688,35.231641],[135.89531,35.230855],[135.894943,35.229747],[135.894623,35.2292],[135.894067,35.22883],[135.892876,35.228237],[135.891641,35.227509],[135.891203,35.227021],[135.891203,35.22683],[135.891321,35.226318],[135.891865,35.225449],[135.891794,35.224401],[135.891404,35.223496],[135.891345,35.223055],[135.891487,35.222115],[135.891416,35.221329],[135.891865,35.220781],[135.89196,35.2204],[135.891854,35.219888],[135.891084,35.218721],[135.89112,35.218114],[135.891499,35.217256],[135.892114,35.21628],[135.893475,35.214744],[135.893617,35.214446]]],[[[135.903321,34.967199],[135.901698,34.967147],[135.900926,34.967873],[135.900256,34.968313],[135.899389,34.968331],[135.8975,34.96789],[135.896719,34.967519],[135.896384,34.967216],[135.896015,34.96675],[135.895671,34.965878],[135.895362,34.965498],[135.894641,34.964954],[135.894143,34.964418],[135.894048,34.964073],[135.894521,34.962406],[135.894512,34.961534],[135.894632,34.960955],[135.895019,34.959789],[135.895474,34.958701],[135.895757,34.958373],[135.897028,34.957794],[135.898547,34.957345],[135.899686,34.95723],[135.90001,34.95724],[135.900335,34.957335],[135.900561,34.95753],[135.900738,34.957889],[135.900878,34.958056],[135.901073,34.958121],[135.90215,34.95811],[135.903209,34.958338],[135.904675,34.959063],[135.905039,34.95919],[135.905371,34.959212],[135.905681,34.959016],[135.905983,34.958897],[135.906581,34.959317],[135.907121,34.959509],[135.907543,34.95956],[135.907575,34.960379],[135.907806,34.960386],[135.907882,34.96052],[135.907799,34.961198],[135.906648,34.961181],[135.906295,34.961371],[135.905956,34.961751],[135.905779,34.962245],[135.905477,34.962637],[135.904584,34.963219],[135.904269,34.964156],[135.90398,34.964574],[135.903603,34.964763],[135.903489,34.965093],[135.903552,34.965612],[135.903477,34.966055],[135.903288,34.96627],[135.903253,34.966472],[135.903417,34.966928],[135.903321,34.967199]]],[[[135.930693,35.149876],[135.931662,35.151053],[135.93331,35.152484],[135.933637,35.153091],[135.934191,35.153863],[135.934745,35.154395],[135.93555,35.154901],[135.936292,35.155521],[135.936481,35.155939],[135.936355,35.156483],[135.93482,35.1568],[135.934078,35.156812],[135.933537,35.157053],[135.931423,35.158559],[135.930715,35.159007],[135.930567,35.158838],[135.931448,35.158192],[135.933461,35.156876],[135.934342,35.156395],[135.93477,35.156002],[135.934896,35.155521],[135.934644,35.154914],[135.933801,35.153964],[135.931612,35.151281],[135.930693,35.149876]]],[[[136.079789,35.159635],[136.079984,35.159217],[136.080625,35.158641],[136.08089,35.158167],[136.08121,35.156578],[136.081248,35.155939],[136.081085,35.155661],[136.080644,35.155281],[136.080242,35.154813],[136.080153,35.154458],[136.080229,35.154116],[136.08089,35.153604],[136.081173,35.153275],[136.081456,35.152522],[136.081808,35.152009],[136.081972,35.151591],[136.081953,35.151104],[136.081638,35.150648],[136.080606,35.14961],[136.079908,35.149218],[136.078971,35.148598],[136.077624,35.148629],[136.076976,35.148579],[136.076756,35.148402],[136.076744,35.148098],[136.076945,35.147845],[136.077178,35.147256],[136.07719,35.146826],[136.076737,35.145244],[136.076473,35.144845],[136.075938,35.144503],[136.075643,35.144199],[136.075724,35.143421],[136.075856,35.142984],[136.076121,35.142763],[136.07714,35.142681],[136.077385,35.142567],[136.07809,35.141548],[136.078241,35.141168],[136.078027,35.140567],[136.078102,35.13994],[136.078379,35.139548],[136.080204,35.140003],[136.081103,35.140035],[136.082469,35.139947],[136.083331,35.140238],[136.083299,35.140972],[136.084054,35.141136],[136.084375,35.140782],[136.085231,35.14113],[136.086401,35.141497],[136.087313,35.141738],[136.087785,35.141801],[136.088339,35.141611],[136.089031,35.141124],[136.089842,35.140377],[136.089918,35.140776],[136.090465,35.141149],[136.0901,35.141681],[136.089414,35.142332],[136.0873,35.143813],[136.086671,35.144598],[136.086558,35.144889],[136.086659,35.145054],[136.087747,35.145623],[136.088401,35.145908],[136.089572,35.145959],[136.089852,35.146142],[136.088392,35.14694],[136.08697,35.148079],[136.086077,35.148902],[136.0858,35.149686],[136.085674,35.150408],[136.085611,35.151724],[136.085636,35.153268],[136.08585,35.153939],[136.086165,35.15461],[136.086039,35.156585],[136.085536,35.15704],[136.084768,35.157344],[136.084001,35.157825],[136.082919,35.158825],[136.081799,35.159584],[136.08117,35.159875],[136.080238,35.159825],[136.079789,35.159635]]],[[[136.092481,35.456398],[136.092669,35.455874],[136.094054,35.454844],[136.095707,35.453279],[136.097056,35.451302],[136.097588,35.450307],[136.098507,35.450373],[136.101447,35.452058],[136.102085,35.45254],[136.102524,35.453018],[136.102784,35.453464],[136.103188,35.454486],[136.103522,35.454985],[136.104366,35.455963],[136.10459,35.456321],[136.105034,35.457479],[136.105474,35.45835],[136.105957,35.459526],[136.106149,35.460313],[136.107001,35.462577],[136.107283,35.463444],[136.107417,35.464523],[136.107448,35.465951],[136.107522,35.466579],[136.107742,35.467083],[136.108463,35.467755],[136.110111,35.469736],[136.110744,35.470788],[136.111127,35.47177],[136.111245,35.472398],[136.11125,35.472946],[136.111065,35.474573],[136.111157,35.475148],[136.111346,35.475595],[136.111696,35.476002],[136.112461,35.476638],[136.112707,35.476966],[136.112918,35.477364],[136.113384,35.478929],[136.113771,35.480017],[136.11385,35.480547],[136.113516,35.481741],[136.113577,35.48259],[136.113788,35.483068],[136.115072,35.484518],[136.115573,35.48488],[136.116566,35.485031],[136.117081,35.485252],[136.118289,35.486398],[136.117594,35.486945],[136.1181,35.48758],[136.11862,35.488094],[136.118362,35.488405],[136.115546,35.486543],[136.1129,35.484907],[136.112434,35.484447],[136.112004,35.483748],[136.11174,35.482961],[136.111766,35.481918],[136.111863,35.481281],[136.111854,35.480529],[136.111371,35.478858],[136.111001,35.477983],[136.1105,35.477196],[136.109551,35.476143],[136.109085,35.4754],[136.109006,35.474153],[136.109217,35.472862],[136.109173,35.47196],[136.108645,35.470917],[136.107828,35.469847],[136.105867,35.467627],[136.105656,35.467026],[136.105445,35.466212],[136.105357,35.464196],[136.105173,35.462896],[136.104847,35.461516],[136.104557,35.460579],[136.10403,35.459774],[136.103502,35.458819],[136.10163,35.458863],[136.097806,35.459058],[136.096179,35.459199],[136.095581,35.45935],[136.094905,35.459641],[136.094201,35.459801],[136.093217,35.459792],[136.092856,35.457271],[136.092481,35.456398]]],[[[136.125897,35.482871],[136.12634,35.483605],[136.127306,35.485475],[136.128078,35.485489],[136.128866,35.485335],[136.131954,35.484363],[136.132514,35.48394],[136.132725,35.483478],[136.132863,35.48264],[136.132815,35.482063],[136.132473,35.481393],[136.132482,35.480863],[136.132352,35.480582],[136.131734,35.47971],[136.131645,35.479388],[136.131742,35.479181],[136.131921,35.479026],[136.132603,35.478805],[136.13279,35.478597],[136.132839,35.478356],[136.132766,35.477813],[136.132571,35.477532],[136.132344,35.477397],[136.131312,35.477371],[136.130645,35.477404],[136.129281,35.477867],[136.128233,35.478356],[136.127989,35.478343],[136.127664,35.478188],[136.126681,35.477109],[136.126445,35.477002],[136.126015,35.477049],[136.125113,35.477317],[136.124739,35.477102],[136.124609,35.476915],[136.124463,35.476539],[136.124666,35.475762],[136.124869,35.474461],[136.124845,35.472792],[136.124674,35.47235],[136.124219,35.471625],[136.123626,35.470834],[136.123512,35.470352],[136.12352,35.469628],[136.12361,35.469118],[136.124609,35.467007],[136.125032,35.466457],[136.125633,35.466041],[136.12612,35.465599],[136.126291,35.465109],[136.126348,35.464519],[136.126185,35.463963],[136.125933,35.463668],[136.125145,35.463018],[136.124958,35.462555],[136.124958,35.461831],[136.125202,35.461067],[136.12556,35.460544],[136.126128,35.460242],[136.127063,35.460015],[136.128696,35.45976],[136.129216,35.459351],[136.129289,35.458613],[136.129167,35.458352],[136.128647,35.457735],[136.127981,35.457058],[136.127973,35.456676],[136.128103,35.456374],[136.128566,35.456026],[136.129427,35.455912],[136.130101,35.456012],[136.131271,35.456736],[136.131913,35.456938],[136.132863,35.456971],[136.133936,35.457574],[136.134521,35.457963],[136.135228,35.458124],[136.136211,35.458164],[136.137657,35.458392],[136.137616,35.459505],[136.135642,35.459431],[136.131165,35.458218],[136.131206,35.459398],[136.130897,35.459914],[136.130052,35.46039],[136.128452,35.461121],[136.127201,35.461456],[136.126738,35.461758],[136.126705,35.462059],[136.126803,35.462475],[136.127664,35.464117],[136.127729,35.464935],[136.127648,35.465512],[136.127306,35.466169],[136.126071,35.467416],[136.125511,35.46824],[136.125218,35.469065],[136.125113,35.469829],[136.125275,35.470607],[136.126031,35.472041],[136.126315,35.473006],[136.126356,35.475427],[136.126957,35.475567],[136.127477,35.475762],[136.128005,35.476084],[136.128338,35.476492],[136.12872,35.476311],[136.130101,35.475976],[136.131799,35.475862],[136.132758,35.475956],[136.133497,35.476104],[136.134098,35.476446],[136.134505,35.476787],[136.134773,35.477196],[136.13483,35.47786],[136.134773,35.478369],[136.134496,35.478933],[136.134074,35.479348],[136.133855,35.479663],[136.133855,35.480012],[136.134066,35.480602],[136.134464,35.481299],[136.134586,35.481768],[136.134618,35.482291],[136.134293,35.484162],[136.133985,35.484865],[136.133392,35.485301],[136.132457,35.485757],[136.131149,35.486233],[136.129378,35.486769],[136.128029,35.486924],[136.126458,35.486783],[136.125541,35.485315],[136.125131,35.484459],[136.125209,35.484155],[136.125897,35.482871]]],[[[136.136472,35.157399],[136.137922,35.157027],[136.139946,35.156411],[136.140547,35.155988],[136.140831,35.155571],[136.140907,35.154856],[136.140907,35.153681],[136.141525,35.152598],[136.143128,35.15343],[136.143892,35.153632],[136.145209,35.153728],[136.145953,35.153998],[136.146198,35.153936],[136.146492,35.153435],[136.147945,35.152321],[136.148341,35.151876],[136.148661,35.151116],[136.148832,35.149962],[136.149514,35.149388],[136.149589,35.148464],[136.15021,35.14811],[136.150203,35.146522],[136.150988,35.14628],[136.151711,35.145987],[136.151745,35.145548],[136.15077,35.144816],[136.15051,35.144411],[136.150183,35.142851],[136.147993,35.143054],[136.147467,35.142891],[136.147795,35.142187],[136.148361,35.141337],[136.149487,35.140262],[136.150831,35.1394],[136.152591,35.138533],[136.154147,35.138111],[136.155587,35.138038],[136.156821,35.138083],[136.157695,35.138257],[136.159482,35.138972],[136.15996,35.139023],[136.160936,35.13882],[136.161672,35.138984],[136.161788,35.138882],[136.161918,35.138477],[136.16301,35.13859],[136.163672,35.138545],[136.163999,35.138421],[136.164313,35.138398],[136.164661,35.138511],[136.165336,35.139057],[136.16563,35.139209],[136.165985,35.139316],[136.166278,35.139322],[136.166544,35.13922],[136.166708,35.138939],[136.166892,35.138905],[136.167274,35.139372],[136.167472,35.139502],[136.167758,35.139524],[136.168175,35.139276],[136.16857,35.139226],[136.169089,35.139265],[136.170624,35.139766],[136.171272,35.139642],[136.171552,35.139704],[136.173728,35.140994],[136.174131,35.141061],[136.17437,35.141275],[136.174656,35.142356],[136.174493,35.142598],[136.173817,35.142784],[136.173067,35.142874],[136.172917,35.143105],[136.173135,35.143876],[136.173919,35.145092],[136.174745,35.145672],[136.175427,35.14628],[136.17568,35.146713],[136.175891,35.148081],[136.174056,35.14834],[136.173476,35.149185],[136.172992,35.14959],[136.173019,35.149979],[136.171954,35.150525],[136.170733,35.151335],[136.169689,35.152186],[136.169758,35.155062],[136.168564,35.155935],[136.16767,35.156723],[136.166878,35.157168],[136.166264,35.157297],[136.166421,35.158739],[136.166387,35.160337],[136.166196,35.160596],[136.166135,35.160861],[136.166292,35.161255],[136.166974,35.161683],[136.167731,35.162336],[136.168004,35.161897],[136.16855,35.161486],[136.169587,35.161553],[136.170092,35.161469],[136.170385,35.161137],[136.171033,35.161323],[136.17177,35.161908],[136.172234,35.162595],[136.172582,35.163276],[136.172521,35.16416],[136.17218,35.164847],[136.172125,35.165202],[136.1722,35.165618],[136.172794,35.166496],[136.170808,35.167707],[136.171006,35.168281],[136.170911,35.168855],[136.170781,35.169232],[136.170815,35.169666],[136.171143,35.170195],[136.171886,35.17073],[136.174404,35.17109],[136.174731,35.171237],[136.174943,35.171574],[136.17497,35.172295],[136.175066,35.172622],[136.175257,35.172785],[136.176048,35.172858],[136.176205,35.173083],[136.176226,35.173466],[136.176314,35.173686],[136.176676,35.174068],[136.177078,35.174023],[136.178191,35.173522],[136.178634,35.173505],[136.178941,35.173686],[136.179234,35.174237],[136.179289,35.174924],[136.177972,35.175662],[136.175243,35.176985],[136.174574,35.17587],[136.174104,35.175453],[136.173155,35.175324],[136.17207,35.17538],[136.171463,35.175498],[136.170754,35.175836],[136.169648,35.175836],[136.169089,35.175656],[136.168448,35.17565],[136.167588,35.175797],[136.166367,35.175746],[136.16535,35.175904],[136.16477,35.17511],[136.163665,35.175042],[136.162055,35.175082],[136.160997,35.175493],[136.159735,35.173764],[136.159796,35.172993],[136.159394,35.172425],[136.159605,35.171462],[136.159407,35.171],[136.158821,35.170482],[136.1588,35.170071],[136.159189,35.169632],[136.159284,35.168765],[136.159141,35.168275],[136.158752,35.167909],[136.157995,35.167504],[136.156467,35.164937],[136.156426,35.163805],[136.155853,35.162702],[136.15487,35.161396],[136.154938,35.160343],[136.155211,35.15853],[136.155716,35.157342],[136.155511,35.157128],[136.154645,35.156492],[136.154174,35.156335],[136.153376,35.156323],[136.152523,35.15647],[136.15092,35.156858],[136.150626,35.156858],[136.150428,35.156723],[136.149337,35.155462],[136.148088,35.15473],[136.147508,35.154477],[136.147024,35.154516],[136.146519,35.154702],[136.145891,35.154753],[136.145632,35.15491],[136.145045,35.156053],[136.144663,35.15616],[136.144158,35.156177],[136.143838,35.156245],[136.143585,35.156447],[136.14349,35.156841],[136.144445,35.157517],[136.144342,35.157838],[136.144042,35.158187],[136.143319,35.158181],[136.142664,35.158457],[136.142009,35.158874],[136.141879,35.159099],[136.141866,35.159504],[136.142391,35.160247],[136.142425,35.160934],[136.142637,35.161424],[136.142589,35.161807],[136.141982,35.162516],[136.141695,35.162511],[136.14134,35.162724],[136.140221,35.163614],[136.140024,35.16394],[136.140044,35.16483],[136.139901,35.165083],[136.139546,35.165213],[136.138625,35.164999],[136.138175,35.165072],[136.137049,35.165928],[136.136421,35.166063],[136.136114,35.166035],[136.136032,35.165877],[136.136025,35.165635],[136.136612,35.164869],[136.136674,35.164087],[136.136919,35.163563],[136.137376,35.163012],[136.137909,35.162606],[136.138441,35.162291],[136.138761,35.161874],[136.138939,35.159758],[136.138946,35.158823],[136.13872,35.15844],[136.138311,35.158147],[136.137677,35.158001],[136.136964,35.157691],[136.136472,35.157399]]],[[[136.142406,35.445628],[136.142398,35.446004],[136.142552,35.446292],[136.143242,35.447043],[136.144006,35.44774],[136.144559,35.448571],[136.144843,35.449242],[136.145233,35.450643],[136.145379,35.451601],[136.14529,35.456187],[136.144128,35.456368],[136.14425,35.45445],[136.144258,35.451702],[136.143779,35.450187],[136.142844,35.448055],[136.142056,35.44721],[136.141016,35.446325],[136.140586,35.445722],[136.140505,35.445186],[136.140683,35.444857],[136.142406,35.445628]]],[[[136.150896,35.448675],[136.152366,35.44889],[136.152171,35.449419],[136.152082,35.449895],[136.152082,35.450277],[136.152236,35.450753],[136.152634,35.451109],[136.154251,35.452034],[136.155177,35.452423],[136.155592,35.453033],[136.155803,35.453602],[136.155754,35.454253],[136.154974,35.455077],[136.154755,35.455587],[136.154698,35.456411],[136.154869,35.457598],[136.155153,35.458107],[136.155608,35.458624],[136.156477,35.459207],[136.157964,35.460038],[136.158224,35.460501],[136.158801,35.461251],[136.159207,35.461915],[136.159174,35.46282],[136.159044,35.464027],[136.153,35.463759],[136.151936,35.463785],[136.151343,35.464074],[136.150839,35.46459],[136.149515,35.466849],[136.14884,35.46766],[136.148588,35.468217],[136.148605,35.468927],[136.148678,35.469336],[136.149068,35.46996],[136.149937,35.471153],[136.150205,35.471756],[136.150238,35.472212],[136.149937,35.472762],[136.148783,35.474277],[136.148596,35.474873],[136.148596,35.475296],[136.148913,35.475892],[136.149799,35.476945],[136.150449,35.477562],[136.151115,35.478044],[136.152106,35.478366],[136.153203,35.478594],[136.153764,35.478782],[136.154316,35.479285],[136.154495,35.479747],[136.154446,35.480753],[136.154511,35.481115],[136.154779,35.481638],[136.155502,35.482449],[136.155835,35.482898],[136.156404,35.484366],[136.156778,35.484909],[136.157346,35.485459],[136.158167,35.486029],[136.159142,35.486437],[136.160531,35.48694],[136.162221,35.487812],[136.162644,35.488368],[136.1627,35.488864],[136.162571,35.489515],[136.162246,35.490399],[136.161433,35.491358],[136.161116,35.491935],[136.160889,35.492491],[136.159912,35.494016],[136.159717,35.494606],[136.159714,35.495615],[136.158346,35.495642],[136.1582,35.494576],[136.158346,35.493503],[136.159808,35.491009],[136.160954,35.489548],[136.160872,35.488898],[136.160434,35.488375],[136.158939,35.487664],[136.15755,35.487141],[136.15651,35.486478],[136.155616,35.485613],[136.153081,35.481242],[136.152943,35.480096],[136.152781,35.479781],[136.152269,35.479492],[136.150855,35.478929],[136.149352,35.478011],[136.148085,35.477012],[136.147508,35.476208],[136.147264,35.475363],[136.147337,35.474552],[136.147483,35.474002],[136.148507,35.47244],[136.148548,35.47181],[136.14819,35.470938],[136.147516,35.469986],[136.147207,35.469269],[136.147175,35.468485],[136.147345,35.467902],[136.148377,35.466313],[136.149433,35.464302],[136.150148,35.46337],[136.151058,35.46284],[136.151708,35.462626],[136.155194,35.462733],[136.156981,35.462907],[136.157533,35.462599],[136.157671,35.462223],[136.157541,35.461654],[136.157046,35.46105],[136.155608,35.460199],[136.154665,35.459461],[136.154015,35.458737],[136.153496,35.457578],[136.153422,35.456619],[136.153585,35.455252],[136.153918,35.454407],[136.153999,35.453763],[136.153699,35.453307],[136.15274,35.452671],[136.151367,35.451926],[136.15079,35.451444],[136.150554,35.450834],[136.15053,35.449661],[136.150668,35.449191],[136.150896,35.448675]]],[[[136.157443,35.502432],[136.161035,35.502946],[136.161839,35.50202],[136.162473,35.501491],[136.162361,35.499292],[136.162215,35.498742],[136.161699,35.498327],[136.161082,35.498008],[136.160515,35.497968],[136.160403,35.496912],[136.16096,35.49713],[136.162252,35.497288],[136.162605,35.497408],[136.163028,35.497686],[136.1633,35.497965],[136.163446,35.498424],[136.163556,35.499084],[136.163702,35.499503],[136.163771,35.500619],[136.163877,35.501012],[136.164372,35.50186],[136.164559,35.502285],[136.164583,35.50251],[136.164506,35.502738],[136.164364,35.502818],[136.164173,35.502822],[136.163994,35.502691],[136.163925,35.502476],[136.163759,35.502426],[136.16345,35.502493],[136.162898,35.502838],[136.162491,35.503445],[136.162426,35.504025],[136.162544,35.504491],[136.162845,35.50497],[136.16293,35.50562],[136.163255,35.506086],[136.163381,35.507521],[136.162999,35.508808],[136.162499,35.509669],[136.160684,35.512411],[136.16061,35.512669],[136.160724,35.513529],[136.159712,35.513212],[136.159501,35.512873],[136.158192,35.511813],[136.158059,35.511555],[136.158059,35.511286],[136.158216,35.511022],[136.158427,35.510803],[136.158958,35.509902],[136.160044,35.508747],[136.160165,35.508324],[136.160165,35.507832],[136.159978,35.506901],[136.15935,35.506035],[136.159049,35.505856],[136.158608,35.505238],[136.157981,35.505084],[136.157661,35.504726],[136.15748,35.504367],[136.157443,35.502432]]],[[[136.168701,35.51057],[136.16854,35.510119],[136.168568,35.509644],[136.168747,35.509166],[136.168986,35.508813],[136.169046,35.508126],[136.169198,35.50777],[136.169258,35.507462],[136.169249,35.507011],[136.168982,35.506483],[136.169097,35.505132],[136.169511,35.503508],[136.169888,35.502897],[136.170283,35.502518],[136.172091,35.501455],[136.173056,35.500776],[136.173521,35.500302],[136.173797,35.499941],[136.174284,35.499657],[136.17514,35.499247],[136.176092,35.499053],[136.176712,35.499057],[136.177182,35.499171],[136.177664,35.499934],[136.178267,35.501687],[136.178626,35.502268],[136.179302,35.502943],[136.179798,35.503531],[136.180295,35.503907],[136.181334,35.504176],[136.182167,35.504324],[136.182912,35.504271],[136.183477,35.504009],[136.184871,35.503228],[136.186306,35.50218],[136.187589,35.500457],[136.188458,35.49971],[136.189304,35.498875],[136.190633,35.497832],[136.190849,35.497961],[136.191373,35.497892],[136.191787,35.497684],[136.192224,35.49724],[136.192381,35.496932],[136.192394,35.496644],[136.192233,35.496382],[136.191925,35.496135],[136.191544,35.495938],[136.191518,35.493639],[136.191316,35.492735],[136.191307,35.492181],[136.191399,35.491756],[136.191831,35.490383],[136.192052,35.489472],[136.191923,35.488728],[136.191408,35.488205],[136.190801,35.487855],[136.190546,35.4874],[136.190454,35.48699],[136.190578,35.486577],[136.19073,35.486315],[136.19118,35.485932],[136.191746,35.485347],[136.1917,35.483901],[136.191539,35.483363],[136.191139,35.482691],[136.191042,35.482315],[136.190978,35.481644],[136.190891,35.481386],[136.19073,35.481177],[136.189341,35.480149],[136.189221,35.479815],[136.189281,35.47942],[136.189764,35.479014],[136.190849,35.478278],[136.191263,35.477819],[136.191709,35.47717],[136.192321,35.476536],[136.192652,35.475899],[136.1929,35.475102],[136.192928,35.474544],[136.192896,35.473682],[136.192601,35.473007],[136.192647,35.471428],[136.192482,35.471064],[136.192459,35.470726],[136.192528,35.470392],[136.194096,35.468351],[136.194257,35.467915],[136.19428,35.467554],[136.194032,35.466996],[136.194101,35.466734],[136.194441,35.46604],[136.19457,35.465285],[136.194924,35.464427],[136.19502,35.462739],[136.195108,35.462541],[136.195361,35.462424],[136.196004,35.462409],[136.196326,35.462242],[136.196681,35.461942],[136.197039,35.461513],[136.197577,35.460265],[136.197922,35.4599],[136.198996,35.459398],[136.199288,35.459159],[136.199547,35.458443],[136.199698,35.457835],[136.200247,35.456755],[136.200313,35.455959],[136.200953,35.455128],[136.201043,35.454774],[136.201061,35.453689],[136.201224,35.453421],[136.20199,35.45252],[136.202123,35.452107],[136.202177,35.451748],[136.202033,35.450937],[136.202099,35.450479],[136.202931,35.448424],[136.203076,35.44819],[136.204506,35.446622],[136.204506,35.445835],[136.204248,35.445222],[136.204903,35.445439],[136.205404,35.445799],[136.205828,35.446323],[136.205943,35.446964],[136.206253,35.450178],[136.206246,35.45126],[136.206182,35.451894],[136.205922,35.452588],[136.205352,35.453408],[136.204588,35.454212],[136.203457,35.454865],[136.203071,35.455419],[136.201571,35.457863],[136.201277,35.458697],[136.201167,35.45938],[136.200826,35.459942],[136.198959,35.462113],[136.197442,35.464617],[136.196549,35.466165],[136.196044,35.467949],[136.194508,35.471205],[136.194386,35.471785],[136.1944,35.472597],[136.194519,35.473155],[136.194763,35.473846],[136.194537,35.474995],[136.19416,35.47613],[136.193949,35.477075],[136.193781,35.478411],[136.193907,35.478855],[136.194459,35.479291],[136.195729,35.479951],[136.19605,35.480236],[136.196244,35.480706],[136.196593,35.481124],[136.197982,35.481879],[136.197016,35.484334],[136.196864,35.485605],[136.19714,35.487396],[136.196961,35.491768],[136.196676,35.493331],[136.196142,35.495524],[136.195172,35.497881],[136.193907,35.499907],[136.193498,35.500374],[136.193112,35.500666],[136.191406,35.499774],[136.191019,35.500347],[136.190665,35.500765],[136.189782,35.501455],[136.18855,35.502894],[136.187354,35.504013],[136.187005,35.504241],[136.186646,35.504309],[136.186232,35.504305],[136.185478,35.504108],[136.18462,35.504662],[136.183958,35.504996],[136.182546,35.505273],[136.180458,35.505015],[136.178729,35.504264],[136.177929,35.503512],[136.177083,35.502913],[136.176678,35.502434],[136.176427,35.501213],[136.176078,35.500977],[136.17571,35.500924],[136.175374,35.500958],[136.174707,35.5013],[136.1729,35.502548],[136.171948,35.503379],[136.171474,35.503926],[136.171093,35.504726],[136.170895,35.505299],[136.170996,35.507838],[136.170803,35.508555],[136.170293,35.509701],[136.170251,35.510077],[136.170421,35.510502],[136.170706,35.510866],[136.171838,35.511303],[136.172141,35.511639],[136.171125,35.512231],[136.169856,35.511523],[136.168908,35.510828],[136.168701,35.51057]]],[[[136.177784,35.530582],[136.178446,35.529748],[136.1788,35.529103],[136.178934,35.528515],[136.178998,35.527327],[136.178787,35.525741],[136.178842,35.525233],[136.179003,35.524694],[136.178851,35.523848],[136.178644,35.523172],[136.178662,35.521745],[136.179072,35.521711],[136.17967,35.521465],[136.180516,35.520827],[136.18115,35.520231],[136.181615,35.519522],[136.181941,35.518706],[136.18196,35.517541],[136.181776,35.515021],[136.181891,35.514171],[136.18218,35.512783],[136.182433,35.512388],[136.182806,35.512198],[136.184103,35.512054],[136.184549,35.511898],[136.185036,35.511557],[136.185584,35.510733],[136.186149,35.509682],[136.186379,35.509474],[136.188499,35.508665],[136.189488,35.50843],[136.189966,35.508248],[136.190481,35.507971],[136.19118,35.507193],[136.191764,35.506688],[136.192178,35.506426],[136.192519,35.506316],[136.192937,35.506339],[136.195591,35.507679],[136.195936,35.507804],[136.196612,35.507997],[136.198023,35.508172],[136.198617,35.508305],[136.199237,35.508563],[136.199895,35.508923],[136.2007,35.509481],[136.200967,35.509876],[136.200994,35.510862],[136.201077,35.51131],[136.201449,35.51197],[136.201546,35.513078],[136.201845,35.513625],[136.202415,35.514236],[136.203271,35.51468],[136.205023,35.51578],[136.205285,35.516152],[136.205358,35.516581],[136.205092,35.518953],[136.205023,35.520527],[136.204866,35.520884],[136.204135,35.521385],[136.204066,35.521685],[136.204029,35.522311],[136.203818,35.522781],[136.203473,35.523195],[136.20351,35.525218],[136.203353,35.525897],[136.203151,35.526322],[136.203119,35.526845],[136.203811,35.529786],[136.203625,35.530249],[136.203284,35.530651],[136.203013,35.531099],[136.202953,35.531604],[136.203271,35.532283],[136.203197,35.532746],[136.203082,35.533056],[136.201074,35.531682],[136.201049,35.531971],[136.201435,35.532613],[136.197599,35.53214],[136.19623,35.532026],[136.194758,35.532001],[136.193926,35.532066],[136.19331,35.532344],[136.192237,35.533051],[136.191199,35.532917],[136.190879,35.533549],[136.190409,35.533972],[136.189788,35.534246],[136.188841,35.534455],[136.187779,35.534514],[136.186349,35.534514],[136.185801,35.534609],[136.185191,35.534967],[136.183768,35.536266],[136.182284,35.535341],[136.181632,35.534783],[136.181041,35.534176],[136.179907,35.532578],[136.17928,35.531822],[136.178701,35.531269],[136.177784,35.530582]],[[136.18539,35.527821],[136.185579,35.528113],[136.185648,35.528925],[136.184774,35.529043],[136.18488,35.529627],[136.185096,35.530196],[136.185377,35.530576],[136.186016,35.531221],[136.187543,35.532355],[136.18849,35.531885],[136.188798,35.531794],[136.189065,35.531851],[136.189709,35.532537],[136.190215,35.532272],[136.190021,35.532037],[136.190012,35.531517],[136.189759,35.531289],[136.189759,35.531103],[136.189865,35.530826],[136.189424,35.529282],[136.188826,35.529433],[136.187589,35.527593],[136.186995,35.52757],[136.186931,35.526781],[136.185436,35.52669],[136.18539,35.527821]],[[136.192394,35.513052],[136.191893,35.513185],[136.190624,35.513693],[136.189815,35.514027],[136.189543,35.514202],[136.18952,35.51441],[136.189621,35.516338],[136.190095,35.516725],[136.19015,35.516911],[136.190077,35.517215],[136.189249,35.517769],[136.188955,35.518232],[136.188784,35.518733],[136.188697,35.519863],[136.188936,35.520118],[136.188996,35.520315],[136.189014,35.520725],[136.18872,35.521431],[136.188826,35.521681],[136.189221,35.521806],[136.189723,35.521856],[136.189805,35.521624],[136.18964,35.521495],[136.189313,35.521404],[136.189175,35.521256],[136.189295,35.520979],[136.189378,35.520281],[136.189069,35.519803],[136.189175,35.518911],[136.189295,35.518497],[136.189493,35.518103],[136.189874,35.517807],[136.190403,35.517579],[136.190605,35.517275],[136.190674,35.516892],[136.190472,35.516547],[136.190141,35.516281],[136.190031,35.515921],[136.189952,35.514904],[136.189985,35.514509],[136.190261,35.514319],[136.192077,35.513568],[136.192606,35.513507],[136.193181,35.51353],[136.194211,35.513845],[136.194947,35.513921],[136.195361,35.514031],[136.196064,35.514448],[136.196202,35.514687],[136.196244,35.515071],[136.196336,35.515389],[136.197021,35.516099],[136.197177,35.516482],[136.197508,35.516767],[136.198019,35.51707],[136.198598,35.517313],[136.198847,35.517556],[136.199077,35.519104],[136.198764,35.519878],[136.198492,35.522235],[136.199031,35.522857],[136.199136,35.524136],[136.199113,35.525453],[136.199224,35.52581],[136.199523,35.526212],[136.200047,35.526739],[136.200314,35.527532],[136.200819,35.528333],[136.201031,35.528766],[136.201128,35.529361],[136.201013,35.529638],[136.200755,35.530173],[136.200208,35.530602],[136.200631,35.530781],[136.201063,35.530348],[136.201495,35.529718],[136.201638,35.529392],[136.201583,35.529111],[136.201082,35.527984],[136.200654,35.527157],[136.200525,35.526629],[136.200327,35.526284],[136.199794,35.525726],[136.199546,35.525388],[136.199536,35.522918],[136.199077,35.522151],[136.199224,35.519829],[136.199509,35.519374],[136.199582,35.51907],[136.199513,35.518141],[136.199421,35.517602],[136.19926,35.51734],[136.197895,35.51649],[136.197646,35.516213],[136.197462,35.515795],[136.197002,35.515458],[136.196818,35.515192],[136.196832,35.514589],[136.195591,35.513526],[136.194216,35.513443],[136.193848,35.513359],[136.193351,35.513147],[136.192877,35.513022],[136.192394,35.513052]]],[[[136.184567,35.233415],[136.184836,35.233051],[136.184867,35.232527],[136.185233,35.231821],[136.185279,35.231087],[136.185696,35.230318],[136.185701,35.229244],[136.185981,35.229231],[136.186276,35.229298],[136.186663,35.229546],[136.18825,35.22937],[136.188729,35.228933],[136.189095,35.228396],[136.190499,35.227644],[136.190794,35.227405],[136.190743,35.226641],[136.191288,35.226086],[136.192097,35.226107],[136.192972,35.226233],[136.193918,35.22646],[136.193308,35.227346],[136.193135,35.227955],[136.193104,35.228467],[136.193364,35.22882],[136.19375,35.22895],[136.195043,35.228966],[136.195775,35.228601],[136.196488,35.228496],[136.196829,35.228551],[136.197261,35.228736],[136.197627,35.228992],[136.19838,35.228517],[136.19862,35.228824],[136.198279,35.229097],[136.198487,35.229407],[136.198971,35.229185],[136.199474,35.229025],[136.200304,35.229202],[136.201443,35.229697],[136.202598,35.2296],[136.202878,35.229647],[136.203143,35.229768],[136.203835,35.230297],[136.203479,35.230893],[136.204618,35.231909],[136.205259,35.231208],[136.205804,35.231364],[136.206404,35.231334],[136.207045,35.231171],[136.207768,35.23125],[136.208226,35.231427],[136.208933,35.231788],[136.208668,35.232313],[136.208678,35.232501],[136.208918,35.232804],[136.209416,35.233119],[136.209416,35.233312],[136.209141,35.23358],[136.208561,35.233899],[136.207849,35.234105],[136.207142,35.234407],[136.206582,35.234806],[136.206226,35.235247],[136.206028,35.235839],[136.206211,35.23746],[136.20618,35.238308],[136.205895,35.239051],[136.204801,35.241309],[136.204644,35.241796],[136.204628,35.24343],[136.204852,35.244122],[136.204852,35.24463],[136.204435,35.244933],[136.203046,35.245365],[136.202575,35.244749],[136.202227,35.244503],[136.20178,35.244326],[136.200732,35.244061],[136.200136,35.243747],[136.199357,35.243041],[136.199153,35.243533],[136.198745,35.243952],[136.198083,35.244517],[136.197713,35.244649],[136.197481,35.24459],[136.196791,35.243952],[136.196764,35.243633],[136.196284,35.243401],[136.195743,35.243306],[136.193833,35.242513],[136.193596,35.242445],[136.193392,35.242572],[136.193469,35.242873],[136.193955,35.243633],[136.19348,35.243943],[136.192603,35.243538],[136.192575,35.24321],[136.191924,35.242723],[136.191593,35.242814],[136.191234,35.242846],[136.189896,35.242026],[136.194142,35.238265],[136.193287,35.237509],[136.192995,35.237126],[136.192686,35.236544],[136.190755,35.234738],[136.190123,35.234354],[136.189242,35.233935],[136.188928,35.233832],[136.188343,35.233775],[136.18742,35.233927],[136.186959,35.233866],[136.186622,35.233703],[136.185644,35.233684],[136.184975,35.233585],[136.184567,35.233415]]],[[[136.194628,35.45147],[136.194909,35.450673],[136.195108,35.450355],[136.195319,35.450181],[136.195584,35.450121],[136.196157,35.450136],[136.196387,35.449996],[136.197074,35.450096],[136.197684,35.449718],[136.198015,35.449713],[136.198347,35.449767],[136.198679,35.450011],[136.199324,35.450285],[136.199559,35.450484],[136.199566,35.450957],[136.199493,35.451226],[136.198383,35.453281],[136.198383,35.45353],[136.198053,35.453252],[136.197088,35.452698],[136.194628,35.45147]]],[[[136.254426,35.301989],[136.255669,35.301591],[136.256532,35.301068],[136.257165,35.301014],[136.258263,35.300128],[136.258263,35.299272],[136.258395,35.298973],[136.258643,35.298789],[136.258908,35.298694],[136.259174,35.298784],[136.259198,35.299097],[136.259342,35.299301],[136.259481,35.299257],[136.259578,35.299147],[136.259644,35.298714],[136.259523,35.297967],[136.259523,35.29733],[136.260422,35.295608],[136.260639,35.294842],[136.261538,35.294558],[136.261816,35.294533],[136.262117,35.294608],[136.262431,35.294976],[136.262811,35.295245],[136.263643,35.295325],[136.264313,35.296101],[136.26412,35.296469],[136.263474,35.29736],[136.2631,35.297694],[136.2626,35.297923],[136.262274,35.297997],[136.261978,35.298211],[136.261984,35.29841],[136.262232,35.29859],[136.262823,35.298669],[136.263082,35.298834],[136.263209,35.299062],[136.263106,35.299296],[136.262654,35.299595],[136.261538,35.30077],[136.261417,35.301004],[136.261448,35.301158],[136.261574,35.301262],[136.261948,35.301218],[136.262642,35.300795],[136.263028,35.30075],[136.263312,35.300814],[136.263589,35.300959],[136.263752,35.301252],[136.263734,35.301531],[136.263535,35.30184],[136.262461,35.302721],[136.262226,35.303059],[136.262208,35.303442],[136.262395,35.303945],[136.262702,35.304408],[136.262057,35.304806],[136.260724,35.304418],[136.26044,35.304209],[136.259928,35.303661],[136.259596,35.303462],[136.259228,35.303363],[136.258595,35.303293],[136.257569,35.302756],[136.255663,35.303641],[136.255287,35.303274],[136.254889,35.302783],[136.254426,35.301989]]],[[[136.32852,35.298068],[136.3284,35.297511],[136.328591,35.296874],[136.328981,35.296382],[136.329784,35.295791],[136.330389,35.29522],[136.330516,35.294879],[136.330508,35.293869],[136.330897,35.293219],[136.331462,35.291769],[136.331804,35.291539],[136.332488,35.291526],[136.333068,35.291631],[136.333705,35.291513],[136.334214,35.29108],[136.334818,35.290765],[136.335645,35.290391],[136.336512,35.290115],[136.338047,35.290181],[136.33889,35.290273],[136.33947,35.290227],[136.339947,35.289964],[136.340305,35.289459],[136.34048,35.289072],[136.342611,35.287497],[136.34191,35.289062],[136.341634,35.289878],[136.341433,35.290738],[136.341398,35.292663],[136.340744,35.293819],[136.339838,35.295097],[136.340821,35.295559],[136.34141,35.295889],[136.34214,35.296472],[136.343389,35.297706],[136.344219,35.29828],[136.34492,35.298386],[136.346863,35.298202],[136.347081,35.298814],[136.347063,35.299922],[136.346757,35.301355],[136.346757,35.301885],[136.346987,35.30221],[136.345214,35.302998],[136.343907,35.303469],[136.3431,35.303654],[136.341728,35.303663],[136.341062,35.303741],[136.340349,35.304072],[136.339814,35.303114],[136.339844,35.302857],[136.340114,35.302521],[136.340085,35.30221],[136.337476,35.301302],[136.331281,35.299587],[136.329956,35.298994],[136.329032,35.298484],[136.32852,35.298068]]],[[[136.371478,35.284728],[136.370783,35.283324],[136.369799,35.281958],[136.368145,35.280734],[136.367026,35.280253],[136.365748,35.279937],[136.364553,35.279801],[136.36374,35.279636],[136.361961,35.27895],[136.36096,35.278363],[136.363204,35.277682],[136.364664,35.277133],[136.366095,35.276774],[136.367473,35.276263],[136.368156,35.276157],[136.369328,35.275812],[136.370983,35.274888],[136.371425,35.274723],[136.371766,35.274762],[136.37335,35.275841],[136.374128,35.276268],[136.37494,35.27657],[136.378097,35.277153],[136.378809,35.27759],[136.380181,35.278839],[136.380481,35.279257],[136.380364,35.280189],[136.380052,35.281322],[136.379957,35.282318],[136.38001,35.285418],[136.379474,35.28621],[136.379286,35.286336],[136.378974,35.286336],[136.378073,35.2862],[136.377802,35.286317],[136.377584,35.286623],[136.377319,35.287366],[136.377201,35.287847],[136.376931,35.288105],[136.376601,35.288158],[136.376236,35.28775],[136.374905,35.28706],[136.373921,35.286671],[136.372991,35.286156],[136.37199,35.284976],[136.371478,35.284728]]],[[[136.387939,35.395265],[136.389088,35.393936],[136.389715,35.393469],[136.390611,35.39311],[136.391551,35.393045],[136.392056,35.39311],[136.392491,35.393275],[136.392787,35.393505],[136.393214,35.394051],[136.393431,35.394144],[136.393823,35.394144],[136.39391,35.393943],[136.394441,35.394001],[136.394363,35.393139],[136.395729,35.392514],[136.397348,35.393713],[136.396867,35.395667],[136.396632,35.397581],[136.396336,35.3985],[136.395649,35.400005],[136.394883,35.401491],[136.395827,35.401466],[136.39628,35.401183],[136.397581,35.400206],[136.398908,35.399506],[136.399613,35.399294],[136.400793,35.399046],[136.402407,35.398892],[136.403778,35.400091],[136.404736,35.400655],[136.40588,35.401086],[136.406611,35.401301],[136.407138,35.401233],[136.4087,35.400568],[136.409627,35.400586],[136.410498,35.40064],[136.411642,35.400877],[136.412343,35.401042],[136.413422,35.40152],[136.414554,35.401743],[136.415748,35.401771],[136.417698,35.401613],[136.417733,35.402253],[136.417985,35.402928],[136.419038,35.404687],[136.420144,35.405951],[136.421058,35.407086],[136.422602,35.408501],[136.421867,35.409475],[136.421534,35.410044],[136.421367,35.410606],[136.420604,35.411642],[136.420306,35.412908],[136.417982,35.414918],[136.416164,35.415857],[136.415651,35.416218],[136.414812,35.417073],[136.414116,35.417477],[136.412406,35.417636],[136.411588,35.417643],[136.410979,35.417514],[136.410639,35.417593],[136.410152,35.417608],[136.409717,35.417392],[136.409116,35.417399],[136.408663,35.417177],[136.408237,35.416774],[136.40734,35.416581],[136.406966,35.416329],[136.406479,35.416265],[136.406052,35.416085],[136.405295,35.415905],[136.404764,35.415589],[136.404399,35.415245],[136.403963,35.415123],[136.403502,35.415209],[136.402701,35.415618],[136.401909,35.416092],[136.401352,35.416265],[136.400517,35.416401],[136.397444,35.411977],[136.396138,35.410612],[136.395338,35.409901],[136.394363,35.409449],[136.392944,35.409154],[136.391647,35.407661],[136.391717,35.407345],[136.392431,35.407244],[136.393318,35.406763],[136.393997,35.405887],[136.394398,35.405046],[136.394546,35.404228],[136.394485,35.403517],[136.394023,35.40282],[136.390577,35.399854],[136.390342,35.3992],[136.38955,35.397706],[136.387939,35.395265]]],[[[136.015396,35.287257],[136.015669,35.287133],[136.01595,35.287151],[136.016029,35.287195],[136.016051,35.287363],[136.015893,35.288018],[136.015084,35.289857],[136.014557,35.291237],[136.01424,35.291679],[136.013779,35.291997],[136.013409,35.292475],[136.013242,35.292422],[136.012943,35.29182],[136.012038,35.291891],[136.012108,35.291652],[136.013031,35.291069],[136.013427,35.290635],[136.013805,35.28976],[136.01377,35.288486],[136.014394,35.287487],[136.01479,35.287452],[136.015396,35.287257]]],[[[135.806733,34.891309],[135.806513,34.890712],[135.806387,34.890135],[135.806405,34.889233],[135.806772,34.887653],[135.806715,34.887305],[135.805793,34.886562],[135.805421,34.886204],[135.805403,34.885917],[135.805483,34.885664],[135.807406,34.882402],[135.807864,34.881094],[135.808037,34.88075],[135.808354,34.880311],[135.808728,34.880003],[135.809078,34.879804],[135.811084,34.879431],[135.811077,34.878655],[135.811956,34.878525],[135.812252,34.878369],[135.812399,34.878228],[135.812435,34.877872],[135.81263,34.877575],[135.813455,34.876999],[135.813221,34.876637],[135.81308,34.876296],[135.813077,34.876042],[135.813624,34.875376],[135.814028,34.874995],[135.814503,34.874702],[135.814935,34.874546],[135.815281,34.874549],[135.816737,34.875325],[135.817385,34.8756],[135.817998,34.875709],[135.819208,34.875774],[135.819716,34.875727],[135.820227,34.875593],[135.820786,34.87539],[135.821254,34.875115],[135.821622,34.874727],[135.822079,34.874136],[135.822209,34.873799],[135.822277,34.872669],[135.822392,34.872375],[135.822609,34.872183],[135.82294,34.872071],[135.825606,34.871814],[135.825829,34.871542],[135.825847,34.8714],[135.825718,34.871132],[135.825696,34.870603],[135.825916,34.870335],[135.826157,34.869567],[135.826398,34.86936],[135.82704,34.869146],[135.827101,34.868273],[135.827598,34.867874],[135.827771,34.867248],[135.828142,34.866704],[135.828621,34.866269],[135.829115,34.865968],[135.829558,34.865842],[135.830851,34.865776],[135.831791,34.865921],[135.832278,34.866081],[135.832872,34.866432],[135.8341,34.86695],[135.835761,34.867512],[135.836399,34.867773],[135.836845,34.868019],[135.837213,34.868306],[135.837447,34.868646],[135.837569,34.868983],[135.837753,34.869875],[135.836694,34.869239],[135.835549,34.868847],[135.834782,34.868897],[135.833712,34.869366],[135.832806,34.869923],[135.832114,34.87053],[135.831526,34.871277],[135.83106,34.872106],[135.830733,34.872511],[135.830412,34.873043],[135.830375,34.873669],[135.83068,34.87415],[135.830743,34.874466],[135.830441,34.874884],[135.830201,34.875618],[135.829786,34.876112],[135.82961,34.876859],[135.828566,34.878048],[135.828037,34.878112],[135.82766,34.878441],[135.827358,34.87896],[135.827307,34.879985],[135.827144,34.88015],[135.826427,34.880428],[135.825118,34.880631],[135.824058,34.880979],[135.823284,34.881327],[135.823042,34.880656],[135.822979,34.879213],[135.822778,34.879124],[135.821847,34.879631],[135.819921,34.880339],[135.819531,34.880327],[135.819028,34.880061],[135.817229,34.878922],[135.816008,34.880327],[135.814788,34.881858],[135.814083,34.882833],[135.813567,34.883795],[135.81329,34.885744],[135.8128,34.886288],[135.810623,34.88763],[135.809767,34.888516],[135.80832,34.890225],[135.807389,34.891073],[135.806733,34.891309]]],[[[135.813792,35.047527],[135.812999,35.046737],[135.812221,35.046353],[135.810967,35.045874],[135.810146,35.045454],[135.809526,35.044903],[135.80913,35.044302],[135.808792,35.042707],[135.809188,35.039105],[135.809332,35.038953],[135.80975,35.038859],[135.810153,35.038859],[135.810535,35.03912],[135.810975,35.039243],[135.811335,35.039265],[135.812041,35.039011],[135.812531,35.038989],[135.812869,35.039091],[135.813021,35.039265],[135.813064,35.039866],[135.813129,35.039989],[135.813813,35.040468],[135.813878,35.040772],[135.814051,35.040881],[135.814274,35.040917],[135.814599,35.041048],[135.81488,35.041236],[135.815211,35.041265],[135.815633,35.041417],[135.816006,35.041076],[135.816396,35.040833],[135.816823,35.040417],[135.817204,35.039933],[135.817447,35.039769],[135.818146,35.039531],[135.819223,35.038814],[135.820646,35.037294],[135.820873,35.036996],[135.820949,35.036731],[135.821272,35.036481],[135.821534,35.036151],[135.821704,35.036054],[135.822712,35.035961],[135.823005,35.035846],[135.823231,35.035839],[135.823819,35.036074],[135.824027,35.036095],[135.824334,35.035789],[135.824617,35.035638],[135.824673,35.035371],[135.824703,35.034742],[135.82487,35.034467],[135.824827,35.03404],[135.825489,35.033464],[135.825552,35.033328],[135.826211,35.033648],[135.825422,35.035003],[135.826251,35.035235],[135.826834,35.035268],[135.827076,35.035239],[135.827331,35.035083],[135.827569,35.035029],[135.827857,35.035097],[135.827962,35.035235],[135.827648,35.035699],[135.827576,35.036032],[135.827825,35.036391],[135.827951,35.036453],[135.828315,35.036286],[135.828599,35.036018],[135.82888,35.03555],[135.829605,35.034894],[135.83004,35.034358],[135.830343,35.034195],[135.83088,35.034191],[135.832584,35.034021],[135.832443,35.032974],[135.833416,35.033695],[135.833789,35.033673],[135.834178,35.033565],[135.83528,35.033586],[135.835633,35.033521],[135.836138,35.033188],[135.836563,35.032876],[135.836649,35.032651],[135.836008,35.032101],[135.835821,35.031716],[135.835756,35.031354],[135.835835,35.031013],[135.836404,35.030318],[135.836527,35.030013],[135.836512,35.029781],[135.835993,35.028854],[135.835806,35.02823],[135.835532,35.027853],[135.835158,35.0276],[135.83448,35.027622],[135.832845,35.027991],[135.832614,35.027752],[135.832254,35.02773],[135.831851,35.027853],[135.831526,35.028035],[135.831217,35.028114],[135.831202,35.027506],[135.831433,35.02723],[135.83149,35.026817],[135.831426,35.026368],[135.831217,35.025868],[135.830727,35.025034],[135.830503,35.024962],[135.829581,35.024962],[135.828644,35.024396],[135.827268,35.023715],[135.827067,35.023969],[135.827016,35.024259],[135.827031,35.024933],[135.827269,35.025842],[135.827469,35.025942],[135.827576,35.026163],[135.827486,35.026939],[135.827575,35.027327],[135.827939,35.02774],[135.828077,35.028167],[135.828162,35.028875],[135.828299,35.029086],[135.828767,35.0291],[135.82881,35.029796],[135.82827,35.03002],[135.828097,35.030245],[135.827982,35.030629],[135.827816,35.030941],[135.827038,35.031629],[135.826577,35.03139],[135.827204,35.030854],[135.827607,35.030281],[135.827643,35.029093],[135.827571,35.028354],[135.82716,35.0266],[135.826404,35.025549],[135.826346,35.025244],[135.826375,35.024853],[135.826087,35.024309],[135.826137,35.02399],[135.826397,35.023743],[135.826421,35.023614],[135.827027,35.022895],[135.827374,35.022133],[135.8277,35.022056],[135.82799,35.022062],[135.828617,35.022201],[135.828746,35.022165],[135.829154,35.021702],[135.829431,35.021596],[135.829845,35.021594],[135.830046,35.021417],[135.830288,35.021382],[135.830596,35.02147],[135.830938,35.021375],[135.831481,35.021574],[135.83206,35.02158],[135.832288,35.021665],[135.832724,35.021655],[135.833022,35.021767],[135.833724,35.022242],[135.834425,35.022166],[135.834518,35.022081],[135.83458,35.020643],[135.834676,35.020335],[135.834936,35.019939],[135.834883,35.019079],[135.835171,35.018686],[135.835157,35.01838],[135.834867,35.017995],[135.835021,35.01762],[135.835374,35.01733],[135.836404,35.017163],[135.839711,35.016757],[135.841073,35.01641],[135.842182,35.01604],[135.843263,35.015569],[135.843601,35.015335],[135.844294,35.016044],[135.844911,35.016551],[135.845691,35.016855],[135.846572,35.016855],[135.847515,35.016753],[135.848459,35.017222],[135.849705,35.017601],[135.851035,35.01819],[135.850862,35.018439],[135.850326,35.018787],[135.849537,35.019059],[135.849018,35.019327],[135.848834,35.019533],[135.848881,35.020425],[135.849148,35.0207],[135.84994,35.021124],[135.850063,35.021316],[135.850077,35.021541],[135.849814,35.021907],[135.849584,35.02199],[135.849306,35.02199],[135.848388,35.021624],[135.847707,35.021628],[135.847332,35.021762],[135.847192,35.022103],[135.847256,35.022675],[135.846756,35.023237],[135.846777,35.023472],[135.846983,35.023755],[135.847548,35.024114],[135.847645,35.024284],[135.847498,35.024762],[135.847199,35.025063],[135.846759,35.025291],[135.845783,35.025502],[135.845394,35.025748],[135.845019,35.02627],[135.844601,35.027136],[135.844288,35.028277],[135.844407,35.029035],[135.844576,35.02956],[135.845634,35.031752],[135.845961,35.033271],[135.84659,35.035473],[135.847805,35.038106],[135.847931,35.038245],[135.848195,35.038157],[135.848308,35.03765],[135.848623,35.03698],[135.849063,35.036562],[135.849868,35.036056],[135.850221,35.035764],[135.850736,35.034752],[135.851026,35.034511],[135.851565,35.034438],[135.851558,35.035032],[135.851677,35.035304],[135.851968,35.035688],[135.852048,35.035967],[135.852073,35.036308],[135.852203,35.036721],[135.852195,35.037254],[135.851986,35.037634],[135.851839,35.038051],[135.851179,35.038116],[135.851043,35.038217],[135.85105,35.03891],[135.851659,35.03904],[135.851659,35.039402],[135.85181,35.039837],[135.852048,35.040381],[135.852411,35.04095],[135.85213,35.041069],[135.85101,35.041243],[135.85088,35.041432],[135.850884,35.041725],[135.85103,35.042236],[135.851354,35.042838],[135.851383,35.043273],[135.851311,35.043642],[135.851152,35.043816],[135.851116,35.044128],[135.851152,35.044316],[135.851304,35.044403],[135.852118,35.044483],[135.852327,35.04457],[135.852464,35.044737],[135.852471,35.045845],[135.853335,35.046498],[135.853321,35.046628],[135.852896,35.046686],[135.852565,35.046882],[135.852413,35.047078],[135.852399,35.04736],[135.852521,35.047657],[135.852687,35.047788],[135.853018,35.047889],[135.854056,35.047969],[135.85433,35.048063],[135.854625,35.048824],[135.854856,35.048962],[135.857694,35.050064],[135.858069,35.050303],[135.858177,35.050665],[135.858608,35.051629],[135.858867,35.051984],[135.859213,35.052303],[135.859609,35.05251],[135.860113,35.052676],[135.860459,35.052879],[135.860243,35.053242],[135.8602,35.053423],[135.861284,35.053495],[135.861644,35.053803],[135.861861,35.054137],[135.862077,35.0553],[135.861526,35.055825],[135.860913,35.05626],[135.860539,35.056398],[135.859714,35.056489],[135.859591,35.056633],[135.859624,35.05697],[135.859768,35.05725],[135.860031,35.057344],[135.86047,35.057398],[135.860697,35.057619],[135.861122,35.05825],[135.861345,35.058348],[135.86217,35.058348],[135.862477,35.058264],[135.863006,35.057866],[135.863226,35.057826],[135.864346,35.05776],[135.86524,35.057876],[135.865658,35.057985],[135.865769,35.058152],[135.865751,35.058826],[135.866021,35.059279],[135.866039,35.05954],[135.86582,35.059783],[135.86538,35.060007],[135.864779,35.060178],[135.86417,35.060467],[135.863438,35.060714],[135.863165,35.060899],[135.863154,35.061069],[135.863248,35.061192],[135.863705,35.061236],[135.864227,35.06116],[135.864883,35.061152],[135.866011,35.061442],[135.866454,35.061609],[135.867099,35.062033],[135.865722,35.063298],[135.865359,35.06378],[135.865157,35.064146],[135.865233,35.064653],[135.865438,35.064957],[135.865492,35.065167],[135.864879,35.065396],[135.864198,35.066058],[135.860211,35.065794],[135.859695,35.065022],[135.859154,35.064566],[135.858412,35.064262],[135.856235,35.063781],[135.856084,35.063642],[135.856134,35.063288],[135.856826,35.060807],[135.857028,35.059769],[135.855744,35.059566],[135.854864,35.059491],[135.854474,35.059668],[135.85431,35.059984],[135.854184,35.060389],[135.854008,35.060579],[135.853731,35.060642],[135.853492,35.06049],[135.853011,35.059573],[135.852526,35.058307],[135.851853,35.057295],[135.851224,35.0567],[135.850129,35.056105],[135.849148,35.055719],[135.848299,35.055592],[135.846537,35.055516],[135.845581,35.055409],[135.843794,35.054643],[135.842649,35.054333],[135.841441,35.054092],[135.840875,35.05389],[135.839554,35.053168],[135.838333,35.052776],[135.837723,35.052421],[135.837352,35.051947],[135.837012,35.051751],[135.836074,35.052308],[135.834854,35.052643],[135.834281,35.053339],[135.833715,35.053713],[135.833329,35.05378],[135.833435,35.053465],[135.833287,35.053014],[135.832824,35.052844],[135.832474,35.052849],[135.831556,35.052592],[135.831125,35.052635],[135.830841,35.052886],[135.83052,35.052992],[135.829688,35.053078],[135.828138,35.053404],[135.82795,35.053661],[135.826983,35.053853],[135.825849,35.053426],[135.825568,35.053168],[135.825342,35.052427],[135.8251,35.052271],[135.824658,35.052178],[135.824303,35.051979],[135.823981,35.051549],[135.823121,35.050999],[135.82204,35.050872],[135.821858,35.050622],[135.821567,35.049816],[135.821387,35.049566],[135.821101,35.049409],[135.819111,35.049219],[135.818884,35.049153],[135.818442,35.048939],[135.81817,35.048666],[135.817441,35.048216],[135.816919,35.048171],[135.81662,35.047982],[135.815901,35.047369],[135.815615,35.046949],[135.813792,35.047527]]],[[[135.828626,34.883855],[135.830283,34.88277],[135.830686,34.882441],[135.830768,34.880922],[135.830894,34.880656],[135.831347,34.880251],[135.831548,34.879947],[135.831812,34.879023],[135.832353,34.878112],[135.832781,34.877605],[135.834178,34.877074],[135.834505,34.876707],[135.834517,34.876314],[135.834329,34.876061],[135.83385,34.875783],[135.833674,34.875428],[135.833725,34.875036],[135.834014,34.874479],[135.834178,34.873694],[135.834631,34.872834],[135.835175,34.872232],[135.835552,34.871891],[135.835905,34.871808],[135.836376,34.87191],[135.837037,34.872391],[135.837811,34.872625],[135.838817,34.872713],[135.841529,34.872416],[135.841951,34.872625],[135.842183,34.872796],[135.842328,34.873517],[135.842479,34.875587],[135.842416,34.8767],[135.842737,34.877726],[135.84314,34.878346],[135.845103,34.880131],[135.84604,34.881257],[135.847254,34.883219],[135.847732,34.883725],[135.848179,34.884023],[135.850406,34.884371],[135.851174,34.88463],[135.851891,34.885086],[135.852684,34.885738],[135.854313,34.886174],[135.855112,34.886193],[135.857034,34.885858],[135.857613,34.885833],[135.857839,34.885972],[135.857839,34.886174],[135.85711,34.886871],[135.857084,34.887212],[135.857374,34.887706],[135.85911,34.889794],[135.859777,34.890516],[135.85989,34.89082],[135.859941,34.891415],[135.860306,34.891959],[135.860796,34.892364],[135.861853,34.892959],[135.862684,34.893149],[135.865137,34.893465],[135.865578,34.893718],[135.865993,34.894427],[135.866144,34.895022],[135.866144,34.895996],[135.86598,34.897047],[135.865452,34.898174],[135.864496,34.899642],[135.863816,34.900528],[135.862822,34.901477],[135.862067,34.902085],[135.861564,34.902755],[135.861123,34.903578],[135.860985,34.904047],[135.86107,34.90438],[135.859233,34.906062],[135.858707,34.906439],[135.857302,34.903677],[135.857266,34.90346],[135.857367,34.903264],[135.8579,34.902706],[135.858462,34.901981],[135.860443,34.899394],[135.861257,34.898256],[135.861625,34.897618],[135.861754,34.897191],[135.861776,34.896749],[135.856675,34.896952],[135.847633,34.897169],[135.847705,34.896662],[135.847914,34.896401],[135.848483,34.895879],[135.849312,34.895364],[135.849737,34.895046],[135.849895,34.89485],[135.849924,34.894422],[135.849809,34.894234],[135.848959,34.893647],[135.848058,34.892835],[135.84733,34.892052],[135.847013,34.89161],[135.846559,34.890436],[135.845961,34.889074],[135.845608,34.888392],[135.844074,34.886189],[135.842582,34.884305],[135.841033,34.883834],[135.838454,34.883174],[135.837316,34.883167],[135.835975,34.883268],[135.833346,34.883152],[135.832654,34.883239],[135.831307,34.883747],[135.830701,34.883884],[135.829866,34.883935],[135.828626,34.883855]]],[[[135.836462,35.090461],[135.837251,35.091222],[135.837735,35.091387],[135.8381,35.091843],[135.838314,35.091862],[135.83878,35.092127],[135.838868,35.092393],[135.838928,35.093026],[135.839547,35.094045],[135.841894,35.093969],[135.842762,35.094241],[135.843328,35.094577],[135.843681,35.09488],[135.844901,35.094994],[135.845474,35.095374],[135.84592,35.096057],[135.846012,35.096374],[135.846109,35.097095],[135.846222,35.097462],[135.846499,35.097772],[135.846889,35.098026],[135.847172,35.098032],[135.848053,35.097861],[135.848418,35.097988],[135.848572,35.098234],[135.84861,35.098564],[135.848774,35.098981],[135.848962,35.099171],[135.849503,35.099336],[135.849856,35.099652],[135.849856,35.100044],[135.850019,35.100437],[135.851189,35.100462],[135.851605,35.100525],[135.851831,35.100842],[135.852171,35.101589],[135.853442,35.101563],[135.854109,35.101741],[135.854536,35.102095],[135.854725,35.101956],[135.854826,35.101298],[135.855153,35.099817],[135.856021,35.098387],[135.856075,35.099014],[135.856414,35.099775],[135.856997,35.100391],[135.857567,35.100757],[135.859559,35.10142],[135.860189,35.101496],[135.860971,35.101673],[135.861385,35.101894],[135.860884,35.102337],[135.860827,35.102507],[135.861367,35.103601],[135.861454,35.103931],[135.861446,35.104217],[135.861162,35.104576],[135.859955,35.10541],[135.859465,35.105605],[135.858874,35.10575],[135.858269,35.105968],[135.857621,35.106058],[135.85694,35.106069],[135.855978,35.106453],[135.854951,35.10646],[135.854353,35.106283],[135.853993,35.106065],[135.853615,35.105739],[135.852199,35.105888],[135.851532,35.106007],[135.850862,35.106036],[135.850549,35.105892],[135.850178,35.105884],[135.849929,35.106116],[135.849854,35.106457],[135.849742,35.106569],[135.849591,35.106544],[135.849457,35.10612],[135.848939,35.106113],[135.848092,35.106562],[135.847663,35.106656],[135.846983,35.10671],[135.845581,35.10646],[135.844483,35.105899],[135.844202,35.105964],[135.843686,35.106348],[135.843169,35.106453],[135.842942,35.105718],[135.843096,35.10531],[135.843336,35.105052],[135.843437,35.104854],[135.843461,35.104553],[135.843265,35.104138],[135.843016,35.103805],[135.843057,35.103546],[135.842968,35.103244],[135.842938,35.102515],[135.842587,35.101972],[135.842046,35.101605],[135.841731,35.101478],[135.841433,35.101243],[135.841337,35.101027],[135.841312,35.100737],[135.84094,35.100529],[135.840398,35.100479],[135.839815,35.100258],[135.839286,35.099829],[135.839232,35.09957],[135.839114,35.099336],[135.838798,35.098973],[135.838703,35.098246],[135.838578,35.098059],[135.837895,35.097444],[135.837686,35.096555],[135.837323,35.095889],[135.837579,35.09493],[135.837525,35.094486],[135.837032,35.093478],[135.836675,35.092853],[135.836377,35.092549],[135.835854,35.092329],[135.835046,35.091327],[135.83507,35.091156],[135.835307,35.090912],[135.836462,35.090461]]],[[[135.840722,34.86882],[135.840992,34.868817],[135.841143,34.868704],[135.841723,34.867693],[135.841853,34.86719],[135.842105,34.866758],[135.84231,34.866574],[135.842725,34.8664],[135.843467,34.866338],[135.844194,34.866392],[135.844619,34.866548],[135.844872,34.866711],[135.845358,34.867349],[135.845866,34.867432],[135.846035,34.867541],[135.846161,34.868012],[135.846558,34.868472],[135.846561,34.86877],[135.846655,34.869038],[135.846864,34.869197],[135.847062,34.869277],[135.847926,34.869136],[135.848258,34.869001],[135.84905,34.86832],[135.849357,34.86815],[135.849702,34.868059],[135.850135,34.867824],[135.850455,34.867719],[135.850927,34.867704],[135.85096,34.867849],[135.850621,34.868059],[135.850369,34.86832],[135.850232,34.868538],[135.850239,34.86898],[135.85029,34.869125],[135.850509,34.869393],[135.85052,34.869643],[135.850383,34.869857],[135.850308,34.870853],[135.850398,34.871234],[135.850423,34.872074],[135.850549,34.872339],[135.8507,34.872509],[135.851334,34.872933],[135.851799,34.87343],[135.852512,34.873629],[135.852862,34.873774],[135.853543,34.874216],[135.85377,34.874296],[135.854076,34.874263],[135.854713,34.874318],[135.85494,34.874528],[135.855079,34.87451],[135.855367,34.874162],[135.85572,34.873915],[135.856189,34.873821],[135.856606,34.875329],[135.85719,34.876314],[135.85804,34.877293],[135.860173,34.87925],[135.860548,34.879692],[135.861261,34.880815],[135.861808,34.881373],[135.862233,34.881641],[135.862731,34.881764],[135.86402,34.881656],[135.864806,34.881496],[135.865425,34.881257],[135.866038,34.880931],[135.866542,34.880547],[135.866981,34.880011],[135.867291,34.87951],[135.867457,34.879076],[135.867543,34.877358],[135.86768,34.876959],[135.86786,34.876677],[135.868012,34.876633],[135.868271,34.877046],[135.86861,34.878525],[135.868848,34.879757],[135.869056,34.881605],[135.869222,34.88212],[135.869546,34.882707],[135.87209,34.885511],[135.872263,34.885787],[135.872306,34.886178],[135.872119,34.886577],[135.871679,34.887193],[135.871225,34.888026],[135.871153,34.888657],[135.871167,34.889244],[135.871456,34.890367],[135.871614,34.891266],[135.871729,34.892491],[135.871672,34.893027],[135.871095,34.894593],[135.870951,34.895339],[135.870843,34.896593],[135.870656,34.897028],[135.870202,34.897738],[135.869763,34.898253],[135.869373,34.898948],[135.86915,34.899615],[135.868992,34.900623],[135.868984,34.901659],[135.86946,34.902891],[135.869532,34.903261],[135.869446,34.903927],[135.869381,34.906218],[135.869258,34.90637],[135.868163,34.90573],[135.865798,34.904135],[135.86532,34.903705],[135.867081,34.901553],[135.868088,34.900161],[135.868981,34.898452],[135.869422,34.896857],[135.869711,34.895212],[135.869736,34.894149],[135.869472,34.893427],[135.868465,34.892035],[135.867849,34.892377],[135.867157,34.891706],[135.866477,34.891263],[135.865269,34.89106],[135.863483,34.890896],[135.862904,34.890554],[135.861784,34.889326],[135.860966,34.887946],[135.860752,34.887288],[135.860916,34.886339],[135.86113,34.885795],[135.861067,34.885137],[135.860715,34.884251],[135.860815,34.883732],[135.860803,34.883289],[135.860362,34.882997],[135.859569,34.882947],[135.858575,34.883061],[135.856663,34.88301],[135.855883,34.883162],[135.855065,34.88339],[135.854499,34.883339],[135.853127,34.882618],[135.85197,34.881922],[135.850258,34.881466],[135.849742,34.881124],[135.849126,34.880352],[135.847931,34.878656],[135.846785,34.877821],[135.846156,34.877188],[135.845691,34.875897],[135.845729,34.875175],[135.845691,34.874669],[135.845364,34.87391],[135.845414,34.873062],[135.845578,34.872732],[135.845678,34.872024],[135.845578,34.871669],[135.844961,34.871036],[135.843854,34.870378],[135.842759,34.869998],[135.84179,34.869821],[135.84067,34.86972],[135.840722,34.86882]]],[[[135.843004,35.009104],[135.841397,35.008611],[135.841116,35.008423],[135.84095,35.008162],[135.840922,35.007937],[135.841008,35.007125],[135.84095,35.006625],[135.840482,35.006075],[135.840302,35.005669],[135.840217,35.004194],[135.840736,35.004158],[135.841511,35.004364],[135.842002,35.004411],[135.842355,35.004498],[135.843407,35.00552],[135.843883,35.005817],[135.844164,35.005926],[135.844574,35.005527],[135.846123,35.004788],[135.846513,35.004687],[135.847355,35.004665],[135.848132,35.006273],[135.847327,35.006615],[135.84627,35.006906],[135.844848,35.007045],[135.844344,35.007298],[135.843766,35.007969],[135.843004,35.009104]]],[[[135.856099,34.994707],[135.856055,34.993591],[135.856221,34.993127],[135.856495,34.992866],[135.856653,34.992583],[135.856603,34.992301],[135.856135,34.991344],[135.855969,34.990909],[135.855846,34.990358],[135.855104,34.988945],[135.854931,34.988503],[135.854845,34.987938],[135.854967,34.987575],[135.855335,34.987104],[135.855472,34.986829],[135.855472,34.986372],[135.855364,34.985314],[135.855392,34.984872],[135.855592,34.98423],[135.855747,34.983991],[135.855748,34.983382],[135.855932,34.983231],[135.856519,34.982911],[135.856632,34.982719],[135.856695,34.982457],[135.856144,34.981296],[135.85676,34.980002],[135.856746,34.979665],[135.856506,34.979228],[135.855774,34.978428],[135.855456,34.977876],[135.855222,34.977701],[135.854162,34.977335],[135.853929,34.977189],[135.85388,34.976843],[135.854077,34.976587],[135.8547,34.975193],[135.854756,34.974978],[135.854438,34.974291],[135.854127,34.973954],[135.853597,34.973727],[135.853411,34.973538],[135.852889,34.973294],[135.852669,34.972916],[135.852275,34.971347],[135.852311,34.971004],[135.852438,34.970789],[135.852734,34.970649],[135.853088,34.970649],[135.853823,34.970929],[135.85407,34.970864],[135.854459,34.970696],[135.854779,34.970321],[135.855648,34.969879],[135.856186,34.969155],[135.856412,34.968469],[135.856117,34.967127],[135.856195,34.966726],[135.856386,34.966516],[135.857312,34.96622],[135.857702,34.965647],[135.858048,34.965386],[135.858726,34.964996],[135.858854,34.96485],[135.85894,34.964359],[135.859053,34.964085],[135.859682,34.963637],[135.859816,34.963364],[135.860021,34.963125],[135.861232,34.962878],[135.862081,34.961319],[135.862363,34.961022],[135.863043,34.960781],[135.86322,34.96056],[135.863681,34.959358],[135.863695,34.958928],[135.86349,34.95837],[135.863511,34.958114],[135.863582,34.957916],[135.863878,34.957602],[135.864861,34.957165],[135.866313,34.956814],[135.867712,34.956546],[135.868264,34.9565],[135.868755,34.956684],[135.86925,34.95676],[135.869582,34.956678],[135.869907,34.956411],[135.870854,34.955352],[135.871052,34.955311],[135.871519,34.955526],[135.871837,34.955567],[135.872153,34.955461],[135.873381,34.955341],[135.873959,34.955179],[135.874204,34.955018],[135.874566,34.954213],[135.874761,34.953996],[135.876303,34.955121],[135.876749,34.955574],[135.876793,34.957577],[135.877038,34.960049],[135.876285,34.960306],[135.875449,34.96048],[135.875352,34.960585],[135.875395,34.961151],[135.87546,34.961469],[135.875546,34.961618],[135.876912,34.962477],[135.877412,34.962865],[135.879217,34.963042],[135.880373,34.963241],[135.880525,34.963379],[135.880564,34.963767],[135.880662,34.963919],[135.88113,34.964057],[135.881692,34.964129],[135.882121,34.964086],[135.88282,34.963901],[135.88448,34.963357],[135.885457,34.962741],[135.885799,34.962629],[135.886148,34.962611],[135.886519,34.962727],[135.88769,34.963415],[135.888184,34.963568],[135.888691,34.963876],[135.889524,34.964571],[135.889754,34.964916],[135.889963,34.965456],[135.890032,34.965822],[135.890313,34.966304],[135.890435,34.966677],[135.890273,34.966869],[135.890071,34.966988],[135.889711,34.966978],[135.889318,34.966771],[135.887751,34.965669],[135.887052,34.965673],[135.886519,34.965742],[135.886325,34.96593],[135.886263,34.966122],[135.88716,34.968235],[135.88715,34.968485],[135.887038,34.968558],[135.886573,34.968587],[135.884988,34.969148],[135.884585,34.969213],[135.884351,34.969174],[135.88403,34.968887],[135.883504,34.968065],[135.883295,34.967887],[135.881598,34.968731],[135.881328,34.968927],[135.882513,34.969598],[135.882784,34.969956],[135.882938,34.970384],[135.882863,34.970822],[135.882074,34.971036],[135.881591,34.971025],[135.880669,34.970348],[135.880276,34.970214],[135.880085,34.969974],[135.879873,34.969837],[135.87948,34.969724],[135.879257,34.970014],[135.879095,34.970326],[135.879513,34.970899],[135.879649,34.971207],[135.880121,34.971968],[135.880377,34.972558],[135.880406,34.972913],[135.880247,34.973203],[135.88002,34.973399],[135.879815,34.973504],[135.879412,34.973547],[135.878695,34.973366],[135.87818,34.973395],[135.877769,34.97374],[135.876703,34.97387],[135.875867,34.974044],[135.875168,34.974258],[135.874898,34.974251],[135.874624,34.974171],[135.872956,34.973305],[135.872466,34.973185],[135.872617,34.973558],[135.873064,34.974305],[135.873104,34.974501],[135.873025,34.974595],[135.872686,34.974645],[135.871285,34.974428],[135.870521,34.975486],[135.869786,34.976316],[135.871504,34.977251],[135.871883,34.977545],[135.872459,34.978146],[135.872596,34.978374],[135.873215,34.978889],[135.873896,34.979313],[135.874847,34.980001],[135.876342,34.980951],[135.875525,34.9816],[135.875355,34.981683],[135.874801,34.981552],[135.874617,34.981864],[135.874221,34.982295],[135.872509,34.981371],[135.872264,34.981306],[135.873161,34.98231],[135.873331,34.982611],[135.873349,34.98281],[135.873093,34.983045],[135.872841,34.983252],[135.871955,34.983169],[135.871926,34.983669],[135.871865,34.983872],[135.871695,34.983991],[135.870906,34.984002],[135.870128,34.9841],[135.868835,34.984375],[135.867372,34.984843],[135.867524,34.985002],[135.868111,34.985245],[135.868421,34.985466],[135.868114,34.985818],[135.867978,34.986057],[135.868176,34.986517],[135.868165,34.986698],[135.867992,34.986832],[135.867045,34.986843],[135.866774,34.986923],[135.866447,34.987061],[135.86591,34.98751],[135.864062,34.98811],[135.863533,34.988553],[135.863193,34.989186],[135.863042,34.99011],[135.864351,34.990793],[135.86454,34.991198],[135.864565,34.991591],[135.864417,34.992173],[135.863983,34.992996],[135.863618,34.993882],[135.863517,34.994508],[135.863549,34.994964],[135.86426,34.995742],[135.864279,34.996052],[135.864197,34.996394],[135.863876,34.996723],[135.863398,34.996799],[135.862265,34.996635],[135.862026,34.99685],[135.861938,34.997388],[135.86067,34.998913],[135.860658,34.9979],[135.860532,34.99747],[135.85998,34.996609],[135.860204,34.996062],[135.859425,34.995297],[135.859465,34.994352],[135.859951,34.993656],[135.859325,34.993127],[135.85895,34.993565],[135.858215,34.993554],[135.858208,34.994051],[135.857862,34.994442],[135.858219,34.994794],[135.858251,34.995],[135.858139,34.995142],[135.857812,34.99529],[135.857386,34.995395],[135.857091,34.995021],[135.856789,34.994793],[135.856099,34.994707]]],[[[135.869873,34.916031],[135.870098,34.916533],[135.87074,34.91728],[135.871432,34.917805],[135.87236,34.918045],[135.874449,34.918349],[135.876902,34.918311],[135.878764,34.917995],[135.880274,34.917894],[135.881545,34.918058],[135.882703,34.918451],[135.88571,34.917514],[135.888164,34.916995],[135.890554,34.916818],[135.896217,34.9174],[135.898079,34.917084],[135.899287,34.916438],[135.901677,34.914438],[135.902961,34.913615],[135.904043,34.913134],[135.911014,34.913831],[135.911064,34.914008],[135.910297,34.915577],[135.909277,34.917261],[135.908887,34.918083],[135.908673,34.920653],[135.908255,34.921729],[135.907781,34.922517],[135.907327,34.923068],[135.906772,34.923434],[135.905998,34.923844],[135.905392,34.924108],[135.904758,34.924315],[135.904041,34.924373],[135.903274,34.924311],[135.901588,34.923858],[135.900958,34.923485],[135.900165,34.92284],[135.89983,34.922691],[135.899452,34.922742],[135.898645,34.923358],[135.898029,34.923931],[135.897719,34.92426],[135.897535,34.924536],[135.897384,34.925253],[135.897251,34.925648],[135.896851,34.926105],[135.896466,34.926707],[135.896192,34.928004],[135.896055,34.928181],[135.894927,34.928736],[135.894142,34.929015],[135.892942,34.92937],[135.891019,34.929787],[135.890028,34.930084],[135.888281,34.930758],[135.887315,34.931033],[135.886901,34.931269],[135.886613,34.931345],[135.886487,34.931229],[135.886245,34.930638],[135.886109,34.930627],[135.88528,34.930921],[135.884293,34.931146],[135.882009,34.931533],[135.881076,34.931581],[135.880907,34.931718],[135.880734,34.932222],[135.880683,34.932671],[135.880287,34.932779],[135.879645,34.932842],[135.879331,34.932728],[135.878915,34.932449],[135.878714,34.932475],[135.878701,34.932829],[135.879406,34.933348],[135.879582,34.93374],[135.87968,34.934307],[135.878846,34.933927],[135.878387,34.93354],[135.877848,34.932936],[135.877643,34.932775],[135.877477,34.932695],[135.876988,34.932711],[135.876841,34.932654],[135.876573,34.931973],[135.875947,34.930749],[135.875673,34.93058],[135.875429,34.930564],[135.874939,34.930419],[135.874646,34.930218],[135.874303,34.92988],[135.873677,34.929057],[135.873452,34.928896],[135.872874,34.928208],[135.872845,34.927902],[135.872894,34.92742],[135.872815,34.927159],[135.872649,34.926918],[135.872153,34.926752],[135.870853,34.926165],[135.870713,34.926004],[135.871675,34.924628],[135.871854,34.923899],[135.871728,34.923566],[135.871282,34.923222],[135.870377,34.922797],[135.870363,34.921937],[135.870168,34.921295],[135.869053,34.920171],[135.868654,34.919525],[135.868635,34.919362],[135.868654,34.919232],[135.869056,34.918639],[135.869195,34.918194],[135.869247,34.917844],[135.869221,34.917014],[135.86936,34.916335],[135.869873,34.916031]]],[[[135.893617,35.214446],[135.892374,35.214244],[135.891108,35.213911],[135.890007,35.213494],[135.889155,35.212994],[135.888907,35.212303],[135.888421,35.21191],[135.887486,35.211386],[135.886184,35.210791],[135.885605,35.210969],[135.885285,35.210838],[135.884705,35.210136],[135.884279,35.208517],[135.883735,35.207647],[135.882208,35.205837],[135.881024,35.204635],[135.880421,35.204194],[135.879545,35.20417],[135.879071,35.204016],[135.878716,35.203468],[135.878385,35.202777],[135.877878,35.20235],[135.877355,35.201622],[135.87719,35.200598],[135.877261,35.199848],[135.87777,35.19855],[135.877829,35.198145],[135.877154,35.197502],[135.876906,35.196847],[135.876894,35.195764],[135.877,35.194418],[135.876764,35.194097],[135.874929,35.193787],[135.87429,35.193335],[135.872171,35.192954],[135.871757,35.192608],[135.871485,35.192108],[135.871449,35.19156],[135.871611,35.190962],[135.872379,35.189962],[135.872593,35.18924],[135.872567,35.188494],[135.872102,35.186342],[135.872253,35.185342],[135.872039,35.184646],[135.872328,35.184076],[135.872442,35.183646],[135.872429,35.182747],[135.873234,35.181114],[135.873662,35.180684],[135.873813,35.180393],[135.873876,35.178874],[135.874077,35.178342],[135.874493,35.178013],[135.875185,35.17771],[135.875965,35.17695],[135.876443,35.176178],[135.876606,35.175494],[135.87682,35.172874],[135.876946,35.172355],[135.877814,35.171773],[135.878406,35.170963],[135.879205,35.170229],[135.881602,35.168698],[135.882533,35.1679],[135.883477,35.166913],[135.884383,35.166229],[135.884861,35.167204],[135.885691,35.166938],[135.886283,35.166976],[135.886861,35.167153],[135.887755,35.167318],[135.887956,35.167546],[135.887943,35.168077],[135.887755,35.168811],[135.887541,35.16928],[135.888396,35.170305],[135.889315,35.171014],[135.890083,35.171406],[135.89041,35.171735],[135.890724,35.172773],[135.887365,35.176343],[135.888359,35.176153],[135.890561,35.17533],[135.892423,35.174887],[135.892989,35.176001],[135.893354,35.176444],[135.894449,35.177355],[135.894575,35.177849],[135.894952,35.178494],[135.895141,35.179001],[135.895304,35.180937],[135.895657,35.181848],[135.896349,35.183102],[135.896613,35.18338],[135.897318,35.183431],[135.897833,35.184836],[135.897796,35.185038],[135.897431,35.185253],[135.89738,35.185405],[135.897733,35.185709],[135.897947,35.186038],[135.897947,35.186405],[135.897818,35.186665],[135.897214,35.187165],[135.897384,35.187392],[135.898988,35.186449],[135.900139,35.185658],[135.902448,35.185006],[135.903033,35.185057],[135.903958,35.185848],[135.904688,35.187013],[135.906154,35.189038],[135.90694,35.19036],[135.907544,35.192114],[135.907764,35.193113],[135.907733,35.19398],[135.905556,35.194531],[135.904631,35.19462],[135.904732,35.195177],[135.904373,35.195221],[135.904424,35.195721],[135.904851,35.195721],[135.904895,35.196107],[135.907601,35.196246],[135.907966,35.197373],[135.907695,35.197613],[135.908217,35.19979],[135.908387,35.2001],[135.90884,35.200581],[135.909243,35.200904],[135.909343,35.201195],[135.909312,35.201442],[135.909054,35.201638],[135.908935,35.20191],[135.908979,35.202157],[135.909394,35.20253],[135.909929,35.202543],[135.910828,35.202473],[135.911803,35.20317],[135.911722,35.203492],[135.911432,35.204087],[135.911243,35.204733],[135.911256,35.205334],[135.911407,35.205764],[135.911841,35.205454],[135.912288,35.205309],[135.912854,35.205277],[135.913571,35.205511],[135.914333,35.206018],[135.91459,35.206391],[135.915176,35.207815],[135.915446,35.208125],[135.916761,35.208884],[135.917069,35.209593],[135.917428,35.210587],[135.917667,35.211441],[135.916843,35.211675],[135.917145,35.212587],[135.917742,35.212504],[135.917805,35.212859],[135.918441,35.212802],[135.918177,35.213384],[135.917925,35.214169],[135.917522,35.214511],[135.916711,35.21496],[135.914559,35.216814],[135.914439,35.217124],[135.914452,35.217396],[135.915006,35.217719],[135.916157,35.218036],[135.917598,35.218213],[135.918749,35.218232],[135.919284,35.218055],[135.919863,35.217732],[135.920221,35.217719],[135.921096,35.218036],[135.921945,35.218422],[135.92292,35.218479],[135.922272,35.218972],[135.922134,35.219244],[135.922335,35.219504],[135.923254,35.22008],[135.9237,35.220561],[135.924147,35.22151],[135.924675,35.221947],[135.92594,35.221934],[135.926148,35.222757],[135.926185,35.22325],[135.926531,35.223276],[135.926462,35.223769],[135.92767,35.223155],[135.928538,35.224244],[135.928073,35.224871],[135.928274,35.226212],[135.928293,35.22682],[135.928683,35.2267],[135.929979,35.225972],[135.930577,35.225915],[135.931414,35.225371],[135.933766,35.227364],[135.934018,35.228123],[135.934081,35.228756],[135.934081,35.230908],[135.933987,35.23194],[135.933219,35.232895],[135.933578,35.233085],[135.933219,35.233889],[135.933697,35.234218],[135.933766,35.234712],[135.935559,35.234756],[135.936705,35.234939],[135.93795,35.235446],[135.939095,35.236148],[135.939542,35.235965],[135.940096,35.235636],[135.940317,35.235604],[135.940462,35.235721],[135.940434,35.23605],[135.939764,35.237145],[135.939698,35.237446],[135.939814,35.237629],[135.940226,35.237692],[135.942482,35.237591],[135.944366,35.237632],[135.94849,35.242417],[135.949003,35.241948],[135.95017,35.243249],[135.95045,35.243809],[135.950572,35.244325],[135.950025,35.244689],[135.949194,35.245008],[135.949009,35.24536],[135.94932,35.245939],[135.949959,35.246617],[135.950635,35.246646],[135.951551,35.246579],[135.952189,35.246345],[135.952567,35.24682],[135.952837,35.247364],[135.952787,35.24775],[135.953885,35.248766],[135.953469,35.249522],[135.954136,35.249918],[135.955099,35.250291],[135.955816,35.249291],[135.956156,35.249484],[135.956574,35.248959],[135.957354,35.24944],[135.958364,35.250225],[135.958855,35.250911],[135.958905,35.251259],[135.960116,35.251285],[135.960601,35.251414],[135.961079,35.251304],[135.962375,35.25068],[135.962469,35.25143],[135.962878,35.252484],[135.962806,35.253297],[135.962609,35.253807],[135.962301,35.255735],[135.962073,35.256248],[135.961361,35.256823],[135.962372,35.257813],[135.962908,35.257468],[135.96384,35.257282],[135.964807,35.258591],[135.965132,35.258503],[135.965712,35.258114],[135.966899,35.258034],[135.96849,35.258697],[135.969598,35.258936],[135.97038,35.259051],[135.971295,35.259033],[135.971101,35.260183],[135.971497,35.260042],[135.972754,35.260386],[135.972983,35.260846],[135.973791,35.260006],[135.974688,35.26059],[135.975462,35.259599],[135.974363,35.259449],[135.974715,35.258043],[135.975093,35.25707],[135.977994,35.258697],[135.978987,35.259033],[135.979242,35.258715],[135.981145,35.259537],[135.984473,35.261775],[135.988411,35.264322],[135.990934,35.265887],[135.993176,35.267205],[135.997713,35.269672],[136.000438,35.270733],[136.002882,35.271556],[136.002653,35.273811],[135.999937,35.272944],[135.998741,35.272502],[135.997247,35.271918],[135.99606,35.271352],[135.995849,35.271573],[135.995743,35.272015],[135.995682,35.272643],[135.995559,35.273094],[135.994275,35.274244],[135.993774,35.275305],[135.993343,35.276968],[135.993,35.277843],[135.992473,35.278551],[135.991919,35.279046],[135.991163,35.279364],[135.99024,35.279559],[135.989537,35.279479],[135.98777,35.27947],[135.987479,35.280337],[135.987198,35.282672],[135.98835,35.283326],[135.988244,35.283618],[135.987717,35.284379],[135.988868,35.285581],[135.989106,35.286041],[135.987559,35.286333],[135.987093,35.286545],[135.986697,35.286925],[135.98653,35.287323],[135.986433,35.288164],[135.986284,35.2885],[135.98377,35.290047],[135.982697,35.290746],[135.981871,35.291374],[135.984315,35.291197],[135.985475,35.291268],[135.986609,35.291427],[135.987629,35.291719],[135.988631,35.292231],[135.989273,35.292815],[135.989792,35.293416],[135.9906,35.294495],[135.991321,35.295636],[135.989319,35.294596],[135.988113,35.294088],[135.987147,35.293808],[135.985241,35.293738],[135.984287,35.293929],[135.983586,35.29424],[135.983044,35.294615],[135.981516,35.294545],[135.980954,35.294888],[135.980449,35.295047],[135.978391,35.295313],[135.977513,35.295294],[135.976737,35.295009],[135.976162,35.294996],[135.975632,35.295167],[135.975133,35.295167],[135.972955,35.294443],[135.97238,35.29438],[135.971838,35.294551],[135.971156,35.294939],[135.969792,35.296152],[135.969268,35.296412],[135.967532,35.297638],[135.967039,35.297822],[135.966522,35.29793],[135.963675,35.298197],[135.961591,35.298552],[135.960543,35.298578],[135.959899,35.298393],[135.958536,35.297663],[135.957368,35.296939],[135.956837,35.296495],[135.95714,35.295758],[135.957387,35.295307],[135.957443,35.294424],[135.957418,35.293249],[135.956812,35.291427],[135.956667,35.290417],[135.956578,35.288944],[135.956389,35.288645],[135.954988,35.288283],[135.954811,35.288061],[135.95488,35.287508],[135.95507,35.286988],[135.955038,35.286511],[135.954918,35.285895],[135.953567,35.282815],[135.952923,35.281952],[135.952708,35.281539],[135.952689,35.280465],[135.952614,35.279951],[135.952241,35.279183],[135.952267,35.278414],[135.953251,35.277239],[135.953201,35.277119],[135.950284,35.276769],[135.948636,35.27628],[135.947854,35.275849],[135.946888,35.275017],[135.945316,35.273372],[135.944394,35.272749],[135.943908,35.272305],[135.943586,35.271663],[135.94327,35.27045],[135.94315,35.269752],[135.942879,35.269187],[135.942582,35.26899],[135.940442,35.26892],[135.93964,35.268806],[135.938756,35.268247],[135.938194,35.269104],[135.937203,35.26972],[135.936496,35.27026],[135.935139,35.271079],[135.934331,35.271486],[135.933725,35.271676],[135.933254,35.271975],[135.9328,35.272699],[135.932673,35.273384],[135.932774,35.274375],[135.933595,35.277411],[135.933671,35.278313],[135.933469,35.279049],[135.933178,35.279405],[135.933014,35.27877],[135.932838,35.27844],[135.931714,35.278211],[135.931486,35.27783],[135.930893,35.277182],[135.930262,35.276839],[135.929226,35.275874],[135.927976,35.275086],[135.927405,35.274794],[135.926351,35.274096],[135.925202,35.273543],[135.924412,35.273029],[135.923914,35.274636],[135.923541,35.275321],[135.923036,35.275868],[135.9225,35.276338],[135.921995,35.276617],[135.921149,35.27675],[135.919766,35.27682],[135.918901,35.277112],[135.91755,35.277938],[135.917058,35.278122],[135.916344,35.278224],[135.914627,35.278236],[135.914501,35.279653],[135.914299,35.280078],[135.913822,35.280377],[135.912484,35.280961],[135.911953,35.282307],[135.911372,35.283082],[135.910678,35.283679],[135.909201,35.284568],[135.90817,35.284976],[135.907244,35.285015],[135.906476,35.284857],[135.906042,35.284282],[135.905806,35.283449],[135.905215,35.282359],[135.90484,35.281883],[135.90553,35.281467],[135.905609,35.281229],[135.905412,35.280377],[135.904722,35.279207],[135.904702,35.278414],[135.904172,35.276321],[135.904683,35.276092],[135.905905,35.27519],[135.906055,35.274801],[135.905914,35.274465],[135.905061,35.273086],[135.904912,35.272334],[135.904885,35.271609],[135.906929,35.271679],[135.908327,35.271467],[135.909558,35.271237],[135.912705,35.270353],[135.91482,35.270043],[135.915787,35.270114],[135.917246,35.270503],[135.918345,35.271202],[135.91911,35.272183],[135.919576,35.272926],[135.920068,35.272803],[135.920587,35.272555],[135.921079,35.272104],[135.921422,35.271096],[135.921606,35.269407],[135.921554,35.268001],[135.921343,35.266984],[135.921246,35.26625],[135.921536,35.26579],[135.922705,35.264596],[135.923198,35.263826],[135.923329,35.263402],[135.923391,35.261978],[135.923206,35.261288],[135.922523,35.259786],[135.924864,35.259652],[135.925901,35.259369],[135.927167,35.25868],[135.92773,35.258131],[135.928661,35.256292],[135.929154,35.25592],[135.931,35.254859],[135.932336,35.253957],[135.932967,35.253256],[135.933213,35.252073],[135.933194,35.250364],[135.933068,35.249541],[135.932565,35.24818],[135.932124,35.247149],[135.931753,35.246421],[135.931332,35.246029],[135.930243,35.245352],[135.929822,35.245023],[135.929495,35.244561],[135.92913,35.243833],[135.927205,35.243643],[135.926066,35.243858],[135.92521,35.244118],[135.92382,35.241751],[135.923235,35.240972],[135.921901,35.241624],[135.921203,35.240801],[135.920574,35.24032],[135.919271,35.239681],[135.917749,35.239086],[135.916176,35.238827],[135.913898,35.238795],[135.915308,35.237719],[135.915452,35.236922],[135.915679,35.236466],[135.916503,35.235745],[135.917076,35.23534],[135.916931,35.232909],[135.91807,35.23191],[135.918478,35.23184],[135.918994,35.231517],[135.919158,35.231315],[135.91688,35.230929],[135.91673,35.230789],[135.916855,35.229422],[135.91751,35.229062],[135.917856,35.228783],[135.917679,35.228277],[135.917365,35.227847],[135.917069,35.227688],[135.916358,35.227334],[135.91544,35.226961],[135.914609,35.227264],[135.913565,35.227423],[135.912118,35.227429],[135.911338,35.227328],[135.911187,35.226505],[135.911162,35.225397],[135.911281,35.224771],[135.911885,35.223771],[135.908802,35.22255],[135.909054,35.222069],[135.909073,35.221657],[135.90889,35.221214],[135.908897,35.220455],[135.909922,35.2191],[135.909954,35.218936],[135.908765,35.218664],[135.908403,35.218411],[135.908139,35.217474],[135.907896,35.217214],[135.907236,35.216873],[135.906921,35.216569],[135.90678,35.216234],[135.906641,35.215651],[135.906214,35.214639],[135.905773,35.214056],[135.905358,35.214183],[135.90449,35.214234],[135.903382,35.214006],[135.902325,35.214056],[135.901281,35.21417],[135.900891,35.214082],[135.900023,35.214044],[135.898702,35.214221],[135.898249,35.214031],[135.897318,35.212829],[135.896902,35.212803],[135.89572,35.213057],[135.894732,35.2135],[135.893617,35.214446]]],[[[135.91622,35.181323],[135.915345,35.180513],[135.915918,35.178899],[135.916623,35.177431],[135.917497,35.175849],[135.919435,35.171969],[135.920574,35.171925],[135.919325,35.173824],[135.918595,35.175292],[135.917689,35.177342],[135.916777,35.17914],[135.916299,35.180178],[135.916173,35.180861],[135.91622,35.181323]]],[[[135.917566,35.183791],[135.917362,35.185987],[135.917437,35.186823],[135.918092,35.188266],[135.918727,35.189304],[135.919117,35.190114],[135.920262,35.191227],[135.920438,35.191848],[135.920602,35.192848],[135.921319,35.19424],[135.922338,35.195645],[135.923307,35.196746],[135.923873,35.197265],[135.923873,35.19891],[135.924163,35.199834],[135.924616,35.200645],[135.925736,35.2021],[135.926931,35.203454],[135.928403,35.204644],[135.930102,35.205631],[135.931335,35.206049],[135.932279,35.206201],[135.93292,35.20591],[135.933826,35.205366],[135.934682,35.205113],[135.935537,35.205264],[135.936267,35.205847],[135.936368,35.206366],[135.936091,35.207644],[135.935978,35.208973],[135.936443,35.210201],[135.937299,35.211517],[135.938406,35.212897],[135.939199,35.21377],[135.939954,35.214403],[135.940448,35.214713],[135.939624,35.215422],[135.939347,35.215612],[135.937957,35.213688],[135.936944,35.212188],[135.935415,35.210359],[135.934301,35.209264],[135.932257,35.207783],[135.927551,35.204878],[135.926318,35.204018],[135.925959,35.203689],[135.926324,35.203347],[135.925839,35.20286],[135.924103,35.200879],[135.924027,35.20036],[135.923694,35.199727],[135.923077,35.198967],[135.922763,35.198157],[135.922127,35.196752],[135.920347,35.194208],[135.91851,35.191784],[135.918,35.190955],[135.917296,35.189291],[135.915943,35.185196],[135.915597,35.183734],[135.916446,35.183677],[135.917566,35.183791]]],[[[135.923681,35.137807],[135.923773,35.138826],[135.925358,35.142763],[135.925434,35.145117],[135.925597,35.146016],[135.926214,35.14718],[135.927157,35.148446],[135.927787,35.149091],[135.928705,35.149534],[135.929636,35.14975],[135.930693,35.149876],[135.931612,35.151281],[135.933801,35.153964],[135.934644,35.154914],[135.934896,35.155521],[135.93477,35.156002],[135.934342,35.156395],[135.933461,35.156876],[135.931448,35.158192],[135.930567,35.158838],[135.930715,35.159007],[135.929422,35.159825],[135.92639,35.162609],[135.923946,35.165135],[135.92377,35.164748],[135.925437,35.162995],[135.925883,35.162375],[135.926538,35.161616],[135.927752,35.160527],[135.9294,35.159382],[135.930916,35.158122],[135.932823,35.156793],[135.933402,35.156268],[135.933955,35.155578],[135.934075,35.154888],[135.933968,35.154578],[135.933213,35.153781],[135.931854,35.15211],[135.931527,35.1518],[135.93091,35.150908],[135.930401,35.150787],[135.929935,35.150579],[135.92835,35.150471],[135.927595,35.1498],[135.927022,35.149041],[135.926487,35.148648],[135.926034,35.148224],[135.925688,35.147604],[135.925311,35.146319],[135.924399,35.143699],[135.923417,35.140003],[135.923197,35.138909],[135.923103,35.137763],[135.923681,35.137807]]],[[[136.004974,35.29167],[136.004025,35.291352],[136.003396,35.290962],[136.002367,35.289963],[136.001225,35.28876],[135.999713,35.287505],[135.999378,35.287054],[136.002297,35.28693],[136.002614,35.286788],[136.002798,35.285373],[136.00293,35.285152],[136.003387,35.28494],[136.003871,35.284622],[136.004363,35.283499],[136.005163,35.282871],[136.00686,35.282862],[136.007484,35.282641],[136.00853,35.282004],[136.010658,35.281995],[136.012442,35.282093],[136.013242,35.282358],[136.014104,35.282933],[136.015036,35.283746],[136.015651,35.284162],[136.016486,35.284383],[136.017477,35.284399],[136.017508,35.284714],[136.017419,35.285216],[136.017179,35.285368],[136.016106,35.285584],[136.015241,35.285832],[136.013316,35.286791],[136.012621,35.287077],[136.012192,35.287102],[136.011125,35.286911],[136.010241,35.288112],[136.009818,35.288372],[136.009243,35.288429],[136.009111,35.288975],[136.008764,35.289382],[136.00769,35.290182],[136.004974,35.29167]]],[[[136.027618,35.522201],[136.027056,35.521775],[136.02499,35.520853],[136.024468,35.520398],[136.024044,35.520164],[136.023454,35.520005],[136.023386,35.519916],[136.023386,35.519776],[136.023534,35.519481],[136.023551,35.519355],[136.023534,35.519233],[136.023288,35.518881],[136.023277,35.518156],[136.023237,35.518035],[136.02287,35.517646],[136.021529,35.514923],[136.021074,35.513786],[136.020576,35.512878],[136.020439,35.512261],[136.020306,35.512026],[136.020132,35.511896],[136.019656,35.511797],[136.019408,35.511836],[136.018667,35.512138],[136.017831,35.512376],[136.015963,35.512272],[136.015775,35.512201],[136.015139,35.511648],[136.015091,35.511549],[136.015117,35.511454],[136.015693,35.510776],[136.015757,35.510542],[136.015418,35.509499],[136.015103,35.508729],[136.014889,35.508465],[136.014614,35.508262],[136.013758,35.507821],[136.013292,35.50731],[136.012388,35.505761],[136.011727,35.504841],[136.011706,35.504555],[136.011764,35.504374],[136.011901,35.504154],[136.012292,35.503726],[136.012351,35.503452],[136.012266,35.503314],[136.011872,35.502947],[136.011748,35.502722],[136.011741,35.50252],[136.011872,35.501946],[136.011714,35.501311],[136.011755,35.500912],[136.011693,35.500458],[136.011611,35.500339],[136.010951,35.499967],[136.010773,35.49977],[136.010746,35.499658],[136.010794,35.499456],[136.011604,35.497981],[136.011679,35.497774],[136.011686,35.497617],[136.011446,35.49705],[136.011095,35.496643],[136.010524,35.495682],[136.010188,35.495244],[136.009468,35.494616],[136.00889,35.49385],[136.008719,35.493715],[136.008485,35.493631],[136.007071,35.49331],[136.007022,35.493214],[136.007084,35.492732],[136.007022,35.492212],[136.006932,35.492066],[136.006665,35.491819],[136.006191,35.491606],[136.005195,35.491308],[136.004343,35.490971],[136.004171,35.490954],[136.003771,35.49106],[136.003353,35.491426],[136.002454,35.491876],[136.002069,35.491966],[136.001781,35.491937],[136.001127,35.491668],[136.000647,35.491578],[136.000345,35.491597],[135.999888,35.491736],[135.999623,35.491752],[135.99825,35.491409],[135.99781,35.491403],[135.997611,35.491493],[135.997488,35.491628],[135.997309,35.49201],[135.996679,35.49263],[135.996536,35.492602],[135.995867,35.492102],[135.995307,35.491793],[135.994819,35.491629],[135.993779,35.491541],[135.99319,35.491587],[135.99235,35.491873],[135.990873,35.492542],[135.990427,35.492663],[135.989924,35.492715],[135.989507,35.492682],[135.989107,35.492504],[135.988031,35.491756],[135.987612,35.491371],[135.987,35.490454],[135.986377,35.49001],[135.985175,35.489489],[135.984501,35.489143],[135.984082,35.488616],[135.982716,35.487311],[135.981702,35.486617],[135.98145,35.486547],[135.981159,35.486557],[135.980951,35.486689],[135.980299,35.488074],[135.98015,35.488191],[135.979739,35.488332],[135.97939,35.488542],[135.979293,35.488882],[135.979304,35.489802],[135.978789,35.491173],[135.977655,35.49265],[135.976317,35.493842],[135.976231,35.494047],[135.976111,35.494879],[135.975699,35.495294],[135.975178,35.496327],[135.974715,35.497412],[135.974601,35.497533],[135.9732,35.498265],[135.973034,35.498579],[135.9726,35.50019],[135.971395,35.500912],[135.971029,35.501014],[135.970412,35.501075],[135.970098,35.501159],[135.969755,35.501454],[135.96925,35.502222],[135.968976,35.502461],[135.968324,35.502569],[135.967187,35.502984],[135.966906,35.502975],[135.965843,35.502737],[135.965142,35.502507],[135.964765,35.502128],[135.964108,35.501782],[135.963674,35.501619],[135.963242,35.501534],[135.96266,35.501296],[135.961985,35.501842],[135.961682,35.502025],[135.960887,35.502156],[135.960761,35.502259],[135.960509,35.502853],[135.958786,35.504357],[135.958633,35.50482],[135.958338,35.505138],[135.957934,35.505705],[135.957586,35.505961],[135.956659,35.50612],[135.956009,35.505956],[135.954377,35.505681],[135.95254,35.506175],[135.952042,35.505835],[135.95184,35.505101],[135.951743,35.503704],[135.951559,35.50304],[135.951778,35.502342],[135.951884,35.501316],[135.952042,35.500546],[135.95228,35.499919],[135.952297,35.499291],[135.952825,35.499052],[135.953581,35.498557],[135.954275,35.497973],[135.954952,35.497151],[135.955532,35.495983],[135.955699,35.49532],[135.956148,35.494471],[135.956262,35.493905],[135.955392,35.48951],[135.955066,35.488767],[135.954495,35.487741],[135.954231,35.487087],[135.954214,35.484938],[135.953915,35.484027],[135.953906,35.48332],[135.954038,35.482002],[135.953836,35.481719],[135.953203,35.481179],[135.95286,35.48095],[135.952517,35.480481],[135.952025,35.48018],[135.95155,35.480136],[135.950934,35.480189],[135.949528,35.480817],[135.949167,35.480817],[135.946433,35.478677],[135.945466,35.478226],[135.944156,35.47743],[135.943181,35.476634],[135.942591,35.475909],[135.941906,35.475405],[135.941053,35.474936],[135.940904,35.474644],[135.940833,35.474282],[135.940719,35.472354],[135.94078,35.471699],[135.940543,35.470718],[135.940007,35.469656],[135.939304,35.468569],[135.938873,35.468127],[135.938293,35.467684],[135.938161,35.467172],[135.938152,35.465553],[135.938319,35.464165],[135.938723,35.462732],[135.938715,35.461927],[135.938495,35.460937],[135.937879,35.459319],[135.937668,35.458602],[135.937765,35.457983],[135.938117,35.457046],[135.938468,35.455799],[135.938336,35.453093],[135.938811,35.452023],[135.93904,35.450272],[135.93933,35.449564],[135.940684,35.447804],[135.941317,35.44707],[135.944174,35.444683],[135.94449,35.444754],[135.946099,35.445885],[135.947304,35.446283],[135.948288,35.446301],[135.949044,35.446151],[135.950407,35.445753],[135.952921,35.445134],[135.954301,35.444966],[135.955303,35.445169],[135.958073,35.445956],[135.959242,35.446151],[135.960394,35.446177],[135.961396,35.445868],[135.962011,35.445496],[135.963092,35.444568],[135.963717,35.443958],[135.964385,35.444798],[135.964921,35.445346],[135.965545,35.445523],[135.966512,35.445408],[135.967224,35.445081],[135.970275,35.443303],[135.970671,35.442905],[135.971198,35.442021],[135.971365,35.441145],[135.971374,35.439837],[135.971268,35.437696],[135.971453,35.43729],[135.973071,35.435344],[135.973739,35.434133],[135.974407,35.433434],[135.975242,35.432824],[135.976033,35.433646],[135.976306,35.433752],[135.978257,35.43278],[135.979682,35.432001],[135.980402,35.431515],[135.980868,35.430869],[135.981079,35.430277],[135.981449,35.428314],[135.981475,35.427014],[135.981581,35.426633],[135.981835,35.426289],[135.982178,35.426165],[135.982442,35.426165],[135.983066,35.426536],[135.984737,35.427925],[135.986618,35.429225],[135.988297,35.430595],[135.988789,35.431312],[135.989247,35.432143],[135.989721,35.43262],[135.990583,35.433266],[135.991576,35.433655],[135.99249,35.433779],[135.99315,35.433788],[135.994293,35.434681],[135.995225,35.435105],[135.997704,35.436114],[135.998407,35.436644],[135.998811,35.43721],[135.999497,35.437502],[135.999946,35.437617],[136.000596,35.438563],[136.001229,35.43966],[136.001792,35.440924],[136.002346,35.442658],[136.002882,35.442613],[136.003471,35.442383],[136.003981,35.441994],[136.004693,35.441968],[136.004921,35.442003],[136.004719,35.44249],[136.005897,35.44279],[136.007022,35.443312],[136.008218,35.443993],[136.010003,35.444002],[136.010715,35.444081],[136.011339,35.444373],[136.011902,35.444957],[136.012113,35.445302],[136.012051,35.446443],[136.012139,35.447203],[136.012552,35.448229],[136.013194,35.447787],[136.01395,35.447495],[136.01504,35.447407],[136.016104,35.44761],[136.017308,35.447911],[136.017132,35.448238],[136.016543,35.448707],[136.014873,35.449228],[136.014249,35.449467],[136.013748,35.449909],[136.013458,35.45059],[136.012271,35.451952],[136.011612,35.452606],[136.010838,35.45319],[136.010293,35.453765],[136.010073,35.454251],[136.010073,35.457506],[136.009748,35.458585],[136.009458,35.459097],[136.009097,35.459602],[136.00806,35.4603],[136.008324,35.46198],[136.008825,35.46336],[136.009528,35.464545],[136.011207,35.465535],[136.01162,35.466305],[136.012051,35.46726],[136.011998,35.467543],[136.011655,35.468233],[136.011251,35.469365],[136.011005,35.470222],[136.011005,35.470744],[136.01126,35.471372],[136.011269,35.47177],[136.011058,35.472212],[136.010521,35.472787],[136.009405,35.47368],[136.008965,35.474317],[136.008473,35.474918],[136.007735,35.475422],[136.007084,35.476006],[136.006688,35.476431],[136.006609,35.476784],[136.006732,35.477023],[136.007365,35.477421],[136.00777,35.477792],[136.007875,35.478137],[136.007761,35.478712],[136.007805,35.478986],[136.008719,35.479809],[136.009106,35.480277],[136.009308,35.48064],[136.009256,35.481144],[136.008922,35.482135],[136.008922,35.482418],[136.009106,35.482789],[136.009774,35.483311],[136.009985,35.483399],[136.011998,35.481781],[136.013045,35.4811],[136.013836,35.480693],[136.01453,35.480445],[136.015673,35.480375],[136.017106,35.480543],[136.018205,35.480914],[136.020825,35.482152],[136.022073,35.483001],[136.02137,35.483373],[136.022548,35.484292],[136.023155,35.484991],[136.024245,35.485088],[136.024579,35.485407],[136.024922,35.486105],[136.025097,35.486742],[136.025115,35.487617],[136.026003,35.488458],[136.027005,35.487326],[136.028051,35.485831],[136.028289,35.485283],[136.028746,35.48477],[136.030021,35.483824],[136.030996,35.484425],[136.031796,35.4853],[136.033282,35.486609],[136.032992,35.486981],[136.0325,35.487051],[136.032262,35.48737],[136.031902,35.488077],[136.032007,35.488369],[136.032799,35.489068],[136.033062,35.489705],[136.033669,35.490262],[136.034073,35.490898],[136.034091,35.491305],[136.033871,35.491694],[136.033915,35.492251],[136.034109,35.492472],[136.034671,35.492632],[136.036588,35.493021],[136.03657,35.49364],[136.036289,35.494312],[136.036764,35.494215],[136.037933,35.493569],[136.040517,35.496815],[136.039964,35.497319],[136.039779,35.497672],[136.039753,35.49853],[136.040131,35.498972],[136.040764,35.499476],[136.040922,35.500025],[136.04115,35.500184],[136.041493,35.500193],[136.041564,35.501219],[136.041201,35.501634],[136.041596,35.5022],[136.041662,35.502665],[136.041979,35.50297],[136.042401,35.503093],[136.04197,35.504725],[136.042284,35.505136],[136.042372,35.505543],[136.04239,35.505941],[136.042961,35.506613],[136.043339,35.507727],[136.04355,35.509213],[136.043946,35.509576],[136.044139,35.512061],[136.044368,35.513343],[136.044324,35.513785],[136.044104,35.514059],[136.044157,35.51459],[136.044509,35.51505],[136.0457,35.515846],[136.045612,35.516518],[136.046069,35.516898],[136.046298,35.517376],[136.047054,35.517844],[136.047581,35.518083],[136.048346,35.518012],[136.049805,35.517712],[136.050658,35.517207],[136.051071,35.517039],[136.051966,35.517039],[136.052841,35.517132],[136.0539,35.517871],[136.054876,35.518127],[136.055456,35.518229],[136.055918,35.518154],[136.056361,35.517915],[136.056616,35.517614],[136.056761,35.517141],[136.056942,35.517004],[136.057157,35.517101],[136.058005,35.517787],[136.058551,35.517946],[136.059474,35.517924],[136.060186,35.518096],[136.061504,35.51883],[136.062405,35.519153],[136.064181,35.519401],[136.066269,35.519834],[136.067109,35.519962],[136.068146,35.51994],[136.069267,35.519582],[136.069584,35.519679],[136.070146,35.520104],[136.070476,35.520435],[136.070555,35.520718],[136.070221,35.521315],[136.070586,35.521841],[136.070863,35.522023],[136.072775,35.521718],[136.073531,35.521505],[136.073803,35.521523],[136.073962,35.521837],[136.074006,35.522876],[136.073966,35.524176],[136.074168,35.524242],[136.074401,35.523676],[136.074713,35.52384],[136.07532,35.524388],[136.076151,35.524464],[136.076876,35.524627],[136.077439,35.524861],[136.078348,35.525494],[136.079157,35.526391],[136.07972,35.527201],[136.079744,35.52759],[136.079428,35.528041],[136.078953,35.528465],[136.078144,35.529031],[136.077485,35.529615],[136.077283,35.53003],[136.077247,35.530876],[136.077047,35.530541],[136.0769,35.530453],[136.075274,35.529818],[136.075,35.529761],[136.07431,35.529745],[136.073983,35.529632],[136.072782,35.528925],[136.072617,35.528685],[136.072352,35.528059],[136.072154,35.52782],[136.071549,35.527294],[136.070282,35.526556],[136.069436,35.526267],[136.068634,35.526305],[136.067357,35.526722],[136.066771,35.52685],[136.066417,35.527074],[136.06601,35.527426],[136.065315,35.528299],[136.065121,35.528249],[136.065013,35.528099],[136.064899,35.528033],[136.064639,35.527998],[136.063808,35.528129],[136.063022,35.528172],[136.062554,35.528091],[136.062351,35.528148],[136.062016,35.528508],[136.061803,35.528949],[136.061543,35.530238],[136.061071,35.531194],[136.061028,35.531546],[136.060929,35.531704],[136.060716,35.531867],[136.059449,35.532214],[136.059317,35.532207],[136.059223,35.532141],[136.059076,35.531944],[136.058911,35.531828],[136.058651,35.531793],[136.058026,35.531863],[136.057832,35.531924],[136.057563,35.532129],[136.05728,35.532489],[136.057098,35.532601],[136.056344,35.532895],[136.055834,35.533485],[136.055579,35.533551],[136.055026,35.533536],[136.053972,35.533138],[136.053471,35.533146],[136.053078,35.533296],[136.052828,35.5335],[136.052403,35.533728],[136.051538,35.534107],[136.049472,35.53432],[136.048617,35.534512],[136.048346,35.534532],[136.048115,35.534393],[136.047992,35.534231],[136.04769,35.533474],[136.047288,35.532639],[136.047165,35.532469],[136.046937,35.5318],[136.04696,35.531469],[136.04685,35.53074],[136.046569,35.530341],[136.046377,35.530176],[136.04614,35.530182],[136.045587,35.530447],[136.0453,35.530496],[136.044816,35.53049],[136.043973,35.530694],[136.042632,35.530681],[136.041999,35.5308],[136.04191,35.530866],[136.041539,35.531555],[136.041188,35.532089],[136.040938,35.532182],[136.040304,35.531915],[136.039844,35.531645],[136.03959,35.531552],[136.039223,35.531511],[136.038592,35.530924],[136.037458,35.530879],[136.036946,35.530744],[136.036412,35.530437],[136.036113,35.530083],[136.035445,35.530269],[136.034786,35.529969],[136.033827,35.529456],[136.032834,35.528748],[136.032913,35.528447],[136.032895,35.528315],[136.032623,35.528023],[136.031251,35.528138],[136.031181,35.52759],[136.029089,35.527581],[136.028913,35.526732],[136.028553,35.526573],[136.028227,35.52636],[136.028219,35.525626],[136.029027,35.525847],[136.02959,35.524707],[136.030021,35.524326],[136.030619,35.523973],[136.03075,35.523805],[136.030706,35.523539],[136.030522,35.52338],[136.030179,35.523327],[136.030495,35.52246],[136.030873,35.522142],[136.030548,35.520984],[136.029651,35.5204],[136.027805,35.520966],[136.027618,35.522201]],[[135.973413,35.445824],[135.973264,35.445983],[135.973431,35.446319],[135.973862,35.446664],[135.97453,35.446832],[135.974864,35.447026],[135.974855,35.4473],[135.974468,35.447672],[135.974046,35.447813],[135.972183,35.447725],[135.971761,35.447822],[135.971532,35.448052],[135.972279,35.448335],[135.973009,35.448821],[135.973589,35.449423],[135.974407,35.450572],[135.976139,35.450139],[135.978073,35.449741],[135.978389,35.450572],[135.97889,35.450687],[135.979277,35.450997],[135.979567,35.451377],[135.980209,35.451306],[135.981422,35.451404],[135.982548,35.451589],[135.983312,35.452023],[135.983831,35.452483],[135.984095,35.452881],[135.985677,35.452792],[135.986003,35.453172],[135.98617,35.453164],[135.987181,35.45273],[135.987664,35.452438],[135.987919,35.453429],[135.988279,35.454004],[135.988649,35.454251],[135.989123,35.454251],[135.990143,35.45373],[135.990495,35.453747],[135.990847,35.453906],[135.991075,35.454269],[135.991145,35.454711],[135.990926,35.455339],[135.990636,35.455923],[135.990407,35.456781],[135.991207,35.457373],[135.991242,35.458408],[135.992095,35.458434],[135.992701,35.458717],[135.993317,35.458779],[135.993774,35.458664],[135.994407,35.458363],[135.994978,35.457744],[135.995058,35.457479],[135.994943,35.457002],[135.994556,35.456453],[135.992886,35.454481],[135.992464,35.453721],[135.992376,35.452757],[135.992376,35.451581],[135.991796,35.451041],[135.99155,35.451342],[135.991058,35.451651],[135.990398,35.451669],[135.990047,35.451581],[135.989317,35.451262],[135.988183,35.450988],[135.987673,35.450785],[135.987444,35.450006],[135.987145,35.448273],[135.987145,35.447079],[135.98653,35.446496],[135.986266,35.445974],[135.985792,35.445364],[135.985071,35.445319],[135.984728,35.445399],[135.984552,35.445682],[135.984517,35.446239],[135.98435,35.446593],[135.984112,35.446611],[135.981435,35.446195],[135.979783,35.445824],[135.979396,35.445824],[135.979255,35.446018],[135.9778,35.44608],[135.97693,35.446053],[135.976543,35.445806],[135.975576,35.445673],[135.974952,35.445328],[135.973413,35.445824]]],[[[136.035248,35.305049],[136.040065,35.304192],[136.041858,35.303777],[136.042201,35.303626],[136.042552,35.303087],[136.043177,35.302362],[136.043643,35.302317],[136.04468,35.302645],[136.045585,35.303219],[136.046104,35.303883],[136.046289,35.304369],[136.046122,35.305298],[136.046201,35.305731],[136.046561,35.306191],[136.04744,35.306668],[136.049743,35.307754],[136.049471,35.307996],[136.048209,35.307405],[136.047281,35.307424],[136.046201,35.308339],[136.044869,35.307996],[136.042647,35.3079],[136.039433,35.306643],[136.035563,35.305309],[136.035248,35.305049]]],[[[136.036914,35.377199],[136.037066,35.376532],[136.037596,35.376043],[136.038139,35.375903],[136.039086,35.375783],[136.041296,35.375389],[136.043524,35.37509],[136.044086,35.374855],[136.044838,35.37436],[136.045526,35.373769],[136.046062,35.373033],[136.046189,35.372658],[136.046201,35.372175],[136.047233,35.370893],[136.047975,35.369845],[136.048657,35.369616],[136.048954,35.369318],[136.049162,35.368867],[136.04925,35.368187],[136.050071,35.367749],[136.049699,35.366949],[136.052167,35.365564],[136.051384,35.363005],[136.053537,35.362408],[136.05348,35.361995],[136.053985,35.361925],[136.05427,35.361824],[136.054364,35.361348],[136.058878,35.360173],[136.059579,35.359392],[136.060052,35.358991],[136.06206,35.358337],[136.062167,35.35748],[136.063159,35.356762],[136.064263,35.356051],[136.064327,35.355803],[136.065154,35.355143],[136.065375,35.353454],[136.066113,35.353073],[136.066561,35.352692],[136.065602,35.350024],[136.067856,35.349135],[136.067774,35.348443],[136.068522,35.348214],[136.069292,35.346093],[136.069806,35.337748],[136.06992,35.334846],[136.070899,35.332484],[136.071745,35.332211],[136.072341,35.332198],[136.071045,35.335073],[136.071001,35.338655],[136.07086,35.33976],[136.070799,35.342882],[136.070518,35.346225],[136.070307,35.347118],[136.067397,35.353636],[136.065805,35.357367],[136.06541,35.357836],[136.064715,35.35827],[136.061744,35.359835],[136.060548,35.360719],[136.056091,35.364318],[136.053172,35.366565],[136.051757,35.367767],[136.050676,35.36882],[136.047467,35.372888],[136.046025,35.37463],[136.045172,35.375417],[136.044267,35.375859],[136.04301,35.37616],[136.039317,35.37654],[136.037911,35.376637],[136.036914,35.377199]]],[[[136.043373,35.426804],[136.041515,35.42937],[136.04053,35.431139],[136.040381,35.431917],[136.040469,35.432802],[136.041999,35.435994],[136.043133,35.437701],[136.044363,35.439381],[136.047739,35.44352],[136.049278,35.444997],[136.050649,35.446155],[136.051479,35.446688],[136.05081,35.44731],[136.049465,35.446072],[136.047773,35.444389],[136.046719,35.443252],[136.045204,35.441429],[136.043183,35.438756],[136.042394,35.437587],[136.040153,35.433701],[136.039837,35.432907],[136.039787,35.431548],[136.03913,35.431421],[136.039029,35.432069],[136.03843,35.432297],[136.037899,35.432431],[136.037741,35.430932],[136.039326,35.430894],[136.039642,35.430424],[136.038903,35.430214],[136.038082,35.429808],[136.038341,35.428715],[136.040071,35.428652],[136.040229,35.42803],[136.041997,35.42808],[136.042931,35.426645],[136.043373,35.426804]]],[[[136.065992,35.166773],[136.066583,35.167818],[136.067077,35.169299],[136.067379,35.169818],[136.067907,35.170362],[136.069392,35.171375],[136.070286,35.172045],[136.070889,35.172982],[136.071242,35.173779],[136.071292,35.174893],[136.071431,35.175881],[136.071682,35.176817],[136.071695,35.177931],[136.071821,35.179387],[136.072727,35.180412],[136.072764,35.181057],[136.072475,35.181703],[136.072966,35.182298],[136.073632,35.182753],[136.074501,35.182842],[136.075646,35.182538],[136.076803,35.182412],[136.07815,35.182399],[136.079748,35.1825],[136.08083,35.182703],[136.081393,35.183013],[136.081846,35.183102],[136.082462,35.183051],[136.083349,35.182766],[136.085435,35.181943],[136.086278,35.181475],[136.086744,35.181057],[136.087033,35.18069],[136.089273,35.180804],[136.091034,35.180703],[136.091626,35.180792],[136.092356,35.181247],[136.092871,35.181829],[136.093979,35.182184],[136.09462,35.182272],[136.095501,35.182728],[136.096168,35.182994],[136.096973,35.18307],[136.096759,35.183336],[136.095086,35.184095],[136.094781,35.184298],[136.094353,35.184987],[136.094076,35.185646],[136.094139,35.186785],[136.094624,35.187709],[136.095127,35.189025],[136.094957,35.189297],[136.094598,35.189607],[136.094454,35.190145],[136.094504,35.190664],[136.095033,35.191563],[136.095259,35.192221],[136.094558,35.193101],[136.093111,35.193101],[136.092104,35.192974],[136.091563,35.192696],[136.091173,35.192569],[136.090443,35.192557],[136.089839,35.191924],[136.088895,35.191443],[136.088832,35.191101],[136.088983,35.190531],[136.088807,35.190152],[136.088946,35.189873],[136.089446,35.189411],[136.089635,35.189076],[136.089911,35.188981],[136.090327,35.189126],[136.090666,35.189164],[136.091107,35.189057],[136.091129,35.188861],[136.0906,35.187949],[136.090474,35.187418],[136.090588,35.186671],[136.090474,35.186392],[136.089657,35.186418],[136.089443,35.186671],[136.089241,35.188101],[136.088826,35.188721],[136.087757,35.189595],[136.086272,35.189962],[136.084649,35.190291],[136.083768,35.190278],[136.083239,35.19005],[136.082774,35.189645],[136.082484,35.189228],[136.081692,35.189114],[136.081176,35.188785],[136.080874,35.188266],[136.080824,35.187987],[136.080946,35.187797],[136.081947,35.187816],[136.082129,35.187443],[136.081487,35.187165],[136.081487,35.186734],[136.080198,35.186297],[136.079927,35.186316],[136.079826,35.187202],[136.078845,35.187728],[136.078329,35.188088],[136.078021,35.1885],[136.077907,35.189411],[136.077662,35.189772],[136.07663,35.190417],[136.076347,35.190803],[136.075938,35.191133],[136.075504,35.191303],[136.074938,35.191316],[136.074177,35.191209],[136.073579,35.19081],[136.072912,35.190183],[136.072472,35.189886],[136.071824,35.189702],[136.07122,35.189449],[136.070748,35.189069],[136.069792,35.188626],[136.069502,35.188266],[136.069395,35.18774],[136.069295,35.186513],[136.068433,35.185772],[136.067917,35.185013],[136.067458,35.184601],[136.06725,35.184228],[136.067086,35.183798],[136.066652,35.182361],[136.066262,35.182007],[136.065803,35.181791],[136.064513,35.181418],[136.063444,35.181241],[136.062513,35.181013],[136.062116,35.180741],[136.06177,35.180374],[136.061676,35.179994],[136.061808,35.179007],[136.062135,35.178292],[136.062525,35.177722],[136.063374,35.176672],[136.0635,35.176267],[136.063601,35.175583],[136.063525,35.174944],[136.063249,35.174431],[136.062884,35.173995],[136.061745,35.173311],[136.061481,35.1729],[136.061198,35.172602],[136.060619,35.172286],[136.059763,35.171925],[136.059247,35.171596],[136.059027,35.171324],[136.058914,35.170925],[136.059033,35.1704],[136.059273,35.169951],[136.059405,35.16959],[136.06116,35.169539],[136.061368,35.169463],[136.061877,35.168628],[136.062336,35.168223],[136.063985,35.167388],[136.065992,35.166773]]],[[[136.079789,35.159635],[136.080238,35.159825],[136.08117,35.159875],[136.081799,35.159584],[136.082919,35.158825],[136.084001,35.157825],[136.084768,35.157344],[136.085536,35.15704],[136.086039,35.156585],[136.086165,35.15461],[136.08585,35.153939],[136.085636,35.153268],[136.085611,35.151724],[136.085674,35.150408],[136.0858,35.149686],[136.086077,35.148902],[136.08697,35.148079],[136.088392,35.14694],[136.089861,35.146149],[136.0901,35.148433],[136.08988,35.149091],[136.089458,35.149737],[136.089263,35.150269],[136.089263,35.151053],[136.089156,35.151294],[136.088169,35.151895],[136.087904,35.15218],[136.088754,35.15242],[136.089226,35.152661],[136.089716,35.152781],[136.090289,35.152819],[136.091635,35.153433],[136.091541,35.15418],[136.091339,35.154616],[136.090585,35.155876],[136.090289,35.15649],[136.090264,35.157407],[136.090578,35.159205],[136.090591,35.159565],[136.089962,35.160426],[136.089779,35.161622],[136.089685,35.162856],[136.089446,35.163344],[136.087867,35.165179],[136.087489,35.165508],[136.087219,35.165597],[136.08635,35.16571],[136.085363,35.166052],[136.08469,35.165305],[136.084633,35.164869],[136.084438,35.164305],[136.084199,35.162995],[136.084048,35.162571],[136.083821,35.162236],[136.084447,35.161913],[136.084863,35.161559],[136.084586,35.160901],[136.083136,35.161249],[136.082544,35.161299],[136.082053,35.160977],[136.081544,35.160863],[136.080499,35.16085],[136.080116,35.160648],[136.079789,35.160242],[136.079789,35.159635]]],[[[136.07979,35.464761],[136.080293,35.464337],[136.081049,35.463948],[136.082219,35.463241],[136.082289,35.462825],[136.082184,35.461189],[136.082219,35.460685],[136.082377,35.460057],[136.083071,35.458669],[136.083995,35.457581],[136.083871,35.456299],[136.084126,35.455892],[136.084592,35.45545],[136.085155,35.454689],[136.085357,35.453973],[136.088056,35.454459],[136.090052,35.455282],[136.091573,35.455794],[136.092311,35.456184],[136.092481,35.456398],[136.092856,35.457271],[136.093217,35.459792],[136.094201,35.459801],[136.094905,35.459641],[136.095581,35.45935],[136.096179,35.459199],[136.097806,35.459058],[136.10163,35.458863],[136.103502,35.458819],[136.10403,35.459774],[136.104557,35.460579],[136.104847,35.461516],[136.105173,35.462896],[136.105357,35.464196],[136.105445,35.466212],[136.105656,35.467026],[136.105867,35.467627],[136.107828,35.469847],[136.108645,35.470917],[136.109173,35.47196],[136.109217,35.472862],[136.109006,35.474153],[136.109085,35.4754],[136.109551,35.476143],[136.1105,35.477196],[136.111001,35.477983],[136.111371,35.478858],[136.111854,35.480529],[136.111863,35.481281],[136.111766,35.481918],[136.11174,35.482961],[136.112004,35.483748],[136.112434,35.484447],[136.1129,35.484907],[136.115546,35.486543],[136.118362,35.488405],[136.118197,35.488666],[136.117863,35.489498],[136.117825,35.490228],[136.118469,35.490304],[136.118456,35.491041],[136.11881,35.491485],[136.118507,35.491974],[136.117534,35.49299],[136.116739,35.493645],[136.116082,35.493981],[136.115375,35.494102],[136.114662,35.494089],[136.114113,35.493949],[136.112907,35.493105],[136.111568,35.4916],[136.110091,35.490723],[136.109675,35.490425],[136.109334,35.489586],[136.109049,35.48864],[136.108721,35.488132],[136.107844,35.4873],[136.107408,35.487186],[136.105432,35.486926],[136.103601,35.486621],[136.102326,35.48629],[136.10136,35.485871],[136.100413,35.485312],[136.100009,35.485001],[136.099782,35.484595],[136.099567,35.48382],[136.099535,35.482671],[136.099826,35.481877],[136.100047,35.481489],[136.100078,35.481058],[136.099826,35.480499],[136.099409,35.480143],[136.098096,35.47987],[136.097679,35.479464],[136.096423,35.478543],[136.096246,35.478295],[136.096076,35.477323],[136.096057,35.476485],[136.096303,35.47611],[136.096897,35.475463],[136.097029,35.475177],[136.097016,35.474878],[136.095432,35.473519],[136.094895,35.473272],[136.0947,35.47296],[136.09499,35.471659],[136.095306,35.470623],[136.095476,35.469639],[136.095154,35.469328],[136.094213,35.468934],[136.093374,35.468458],[136.092705,35.467956],[136.092162,35.468115],[136.09165,35.468369],[136.090583,35.469283],[136.090141,35.469563],[136.0898,35.469595],[136.088696,35.469379],[136.088039,35.469436],[136.085975,35.469868],[136.085659,35.469525],[136.0854,35.469042],[136.084952,35.468388],[136.08415,35.468077],[136.07992,35.468001],[136.078575,35.467931],[136.079794,35.466845],[136.080312,35.466165],[136.080482,35.465759],[136.080469,35.465168],[136.080305,35.464901],[136.07979,35.464761]]],[[[136.126458,35.486783],[136.128029,35.486924],[136.129378,35.486769],[136.131149,35.486233],[136.132457,35.485757],[136.133392,35.485301],[136.133985,35.484865],[136.134293,35.484162],[136.134618,35.482291],[136.134586,35.481768],[136.134464,35.481299],[136.134066,35.480602],[136.133855,35.480012],[136.133855,35.479663],[136.134074,35.479348],[136.134496,35.478933],[136.134773,35.478369],[136.13483,35.47786],[136.134773,35.477196],[136.134505,35.476787],[136.134098,35.476446],[136.133497,35.476104],[136.132758,35.475956],[136.131799,35.475862],[136.130101,35.475976],[136.12872,35.476311],[136.128338,35.476492],[136.128005,35.476084],[136.127477,35.475762],[136.126957,35.475567],[136.126356,35.475427],[136.126315,35.473006],[136.126031,35.472041],[136.125275,35.470607],[136.125113,35.469829],[136.125218,35.469065],[136.125511,35.46824],[136.126071,35.467416],[136.127306,35.466169],[136.127648,35.465512],[136.127729,35.464935],[136.127664,35.464117],[136.126803,35.462475],[136.126705,35.462059],[136.126738,35.461758],[136.127201,35.461456],[136.128452,35.461121],[136.130052,35.46039],[136.130897,35.459914],[136.131206,35.459398],[136.131165,35.458218],[136.135642,35.459431],[136.137616,35.459505],[136.137649,35.459224],[136.13864,35.459599],[136.140744,35.460249],[136.140712,35.460866],[136.142215,35.460812],[136.143693,35.460403],[136.144408,35.459968],[136.145375,35.459143],[136.145863,35.458439],[136.145863,35.458104],[136.145083,35.458017],[136.144984,35.456234],[136.14529,35.456187],[136.145379,35.451601],[136.145233,35.450643],[136.144843,35.449242],[136.144559,35.448571],[136.144006,35.44774],[136.143242,35.447043],[136.142552,35.446292],[136.142398,35.446004],[136.142406,35.445628],[136.143218,35.445823],[136.144477,35.44601],[136.14624,35.446165],[136.148775,35.44782],[136.149661,35.448296],[136.150896,35.448675],[136.150668,35.449191],[136.15053,35.449661],[136.150554,35.450834],[136.15079,35.451444],[136.151367,35.451926],[136.15274,35.452671],[136.153699,35.453307],[136.153999,35.453763],[136.153918,35.454407],[136.153585,35.455252],[136.153422,35.456619],[136.153496,35.457578],[136.154015,35.458737],[136.154665,35.459461],[136.155608,35.460199],[136.154391,35.460672],[136.154009,35.460762],[136.153867,35.460705],[136.15377,35.460534],[136.153871,35.460289],[136.153932,35.459803],[136.153859,35.459529],[136.153489,35.459284],[136.152982,35.459193],[136.152441,35.459227],[136.151247,35.459924],[136.150886,35.460051],[136.149606,35.460149],[136.149224,35.460299],[136.148663,35.460702],[136.146171,35.46285],[136.145854,35.463092],[136.145448,35.463306],[136.144083,35.464426],[136.143271,35.465659],[136.142475,35.466289],[136.141938,35.467959],[136.141971,35.468817],[136.142434,35.470291],[136.143279,35.470117],[136.143953,35.47005],[136.143701,35.469152],[136.14466,35.468569],[136.145424,35.468837],[136.145887,35.468099],[136.145034,35.467449],[136.145399,35.466464],[136.145611,35.466088],[136.146171,35.465559],[136.146586,35.464459],[136.146805,35.46407],[136.147487,35.463333],[136.147942,35.462931],[136.148779,35.462488],[136.149681,35.462099],[136.15094,35.461932],[136.152598,35.461858],[136.153881,35.461878],[136.154483,35.462093],[136.155027,35.462435],[136.155194,35.462733],[136.151708,35.462626],[136.151058,35.46284],[136.150148,35.46337],[136.149433,35.464302],[136.148377,35.466313],[136.147345,35.467902],[136.147175,35.468485],[136.147207,35.469269],[136.147516,35.469986],[136.14819,35.470938],[136.148548,35.47181],[136.148507,35.47244],[136.147483,35.474002],[136.147337,35.474552],[136.147264,35.475363],[136.147508,35.476208],[136.148085,35.477012],[136.149352,35.478011],[136.150855,35.478929],[136.152269,35.479492],[136.152781,35.479781],[136.152943,35.480096],[136.153081,35.481242],[136.155616,35.485613],[136.15651,35.486478],[136.15755,35.487141],[136.158939,35.487664],[136.160434,35.488375],[136.160872,35.488898],[136.160954,35.489548],[136.159808,35.491009],[136.158346,35.493503],[136.1582,35.494576],[136.158346,35.495642],[136.158078,35.496017],[136.15807,35.49654],[136.158435,35.497291],[136.15941,35.497747],[136.160036,35.497807],[136.160174,35.497981],[136.161082,35.498008],[136.161699,35.498327],[136.162215,35.498742],[136.162361,35.499292],[136.162473,35.501491],[136.161839,35.50202],[136.161035,35.502946],[136.157443,35.502432],[136.157372,35.500211],[136.157191,35.499973],[136.156057,35.499211],[136.15587,35.498977],[136.155749,35.498494],[136.155236,35.497723],[136.154259,35.497041],[136.154,35.496966],[136.153698,35.497011],[136.153234,35.49732],[136.152866,35.497449],[136.152498,35.497379],[136.152353,35.49731],[136.15219,35.497131],[136.152124,35.496991],[136.152118,35.496842],[136.15222,35.496643],[136.152806,35.496389],[136.153946,35.49608],[136.153891,35.495792],[136.152944,35.495792],[136.151641,35.494746],[136.151485,35.494423],[136.151557,35.494134],[136.152293,35.492795],[136.152438,35.49187],[136.152691,35.491208],[136.152468,35.489938],[136.152003,35.489048],[136.150719,35.488027],[136.15032,35.487589],[136.150025,35.486972],[136.149313,35.487047],[136.147359,35.487634],[136.147377,35.488983],[136.146369,35.489162],[136.145796,35.487709],[136.143052,35.485658],[136.141683,35.486768],[136.138866,35.488565],[136.137653,35.48951],[136.137104,35.48971],[136.136248,35.489924],[136.134927,35.490023],[136.130928,35.489973],[136.130222,35.489899],[136.12954,35.4896],[136.128834,35.489192],[136.127544,35.488216],[136.126458,35.486783]]],[[[136.166902,35.51517],[136.168701,35.51057],[136.168908,35.510828],[136.169856,35.511523],[136.171125,35.512231],[136.1718,35.512953],[136.172319,35.5137],[136.17241,35.514128],[136.172078,35.51468],[136.171438,35.514964],[136.170202,35.515307],[136.167234,35.515253],[136.166902,35.51517]]],[[[136.172141,35.511639],[136.171838,35.511303],[136.170706,35.510866],[136.170421,35.510502],[136.170251,35.510077],[136.170293,35.509701],[136.170803,35.508555],[136.170996,35.507838],[136.170895,35.505299],[136.171093,35.504726],[136.171474,35.503926],[136.171948,35.503379],[136.1729,35.502548],[136.174707,35.5013],[136.175374,35.500958],[136.17571,35.500924],[136.176078,35.500977],[136.176427,35.501213],[136.176678,35.502434],[136.177083,35.502913],[136.177929,35.503512],[136.178729,35.504264],[136.180458,35.505015],[136.182546,35.505273],[136.182721,35.505637],[136.183199,35.50591],[136.183208,35.50648],[136.183622,35.506464],[136.184146,35.506146],[136.184174,35.505789],[136.185453,35.505258],[136.185478,35.504108],[136.186232,35.504305],[136.186646,35.504309],[136.187005,35.504241],[136.187354,35.504013],[136.18855,35.502894],[136.189782,35.501455],[136.190665,35.500765],[136.191019,35.500347],[136.191406,35.499774],[136.193112,35.500666],[136.193498,35.500374],[136.193907,35.499907],[136.195172,35.497881],[136.196142,35.495524],[136.196676,35.493331],[136.196961,35.491768],[136.19714,35.487396],[136.196864,35.485605],[136.197016,35.484334],[136.197982,35.481879],[136.196593,35.481124],[136.196244,35.480706],[136.19605,35.480236],[136.195729,35.479951],[136.194459,35.479291],[136.193907,35.478855],[136.193781,35.478411],[136.193949,35.477075],[136.19416,35.47613],[136.194537,35.474995],[136.194763,35.473846],[136.194519,35.473155],[136.1944,35.472597],[136.194386,35.471785],[136.194508,35.471205],[136.196044,35.467949],[136.196549,35.466165],[136.197442,35.464617],[136.198959,35.462113],[136.200826,35.459942],[136.201167,35.45938],[136.201277,35.458697],[136.201571,35.457863],[136.203071,35.455419],[136.203457,35.454865],[136.204588,35.454212],[136.205352,35.453408],[136.205922,35.452588],[136.206182,35.451894],[136.206246,35.45126],[136.206253,35.450178],[136.205943,35.446964],[136.205828,35.446323],[136.205404,35.445799],[136.204903,35.445439],[136.204248,35.445222],[136.20415,35.444989],[136.205863,35.445417],[136.207419,35.445636],[136.207395,35.446184],[136.207486,35.446443],[136.207697,35.446552],[136.208583,35.446746],[136.208843,35.446861],[136.209325,35.446836],[136.210055,35.446682],[136.211587,35.446602],[136.21216,35.44699],[136.212263,35.447214],[136.212564,35.447513],[136.2128,35.447612],[136.212812,35.44808],[136.212963,35.448264],[136.213367,35.448493],[136.213125,35.449384],[136.212166,35.449394],[136.210869,35.45244],[136.210538,35.453077],[136.209995,35.453769],[136.208469,35.455536],[136.207926,35.45584],[136.205706,35.456422],[136.205332,35.456711],[136.204892,35.457388],[136.204536,35.457781],[136.203915,35.458259],[136.203794,35.458786],[136.203921,35.459314],[136.204289,35.460254],[136.204132,35.460692],[136.203613,35.461165],[136.203179,35.461329],[136.202238,35.46131],[136.201924,35.461449],[136.200639,35.462614],[136.200573,35.46343],[136.200332,35.463947],[136.200338,35.464176],[136.200537,35.464624],[136.200633,35.464973],[136.200513,35.465286],[136.200265,35.46555],[136.199891,35.465704],[136.199457,35.465774],[136.199179,35.466217],[136.197955,35.466431],[136.197744,35.46659],[136.197509,35.467153],[136.197515,35.467511],[136.197659,35.468183],[136.197147,35.468566],[136.197038,35.468746],[136.197038,35.469129],[136.197141,35.469393],[136.197503,35.469676],[136.196791,35.470647],[136.195796,35.470707],[136.19544,35.470955],[136.195289,35.471264],[136.195391,35.471722],[136.196139,35.473389],[136.196163,35.473817],[136.195735,35.474872],[136.195705,35.475231],[136.195385,35.475664],[136.195343,35.476007],[136.195723,35.47651],[136.196224,35.47657],[136.197153,35.476366],[136.197448,35.47646],[136.198781,35.47646],[136.199131,35.476341],[136.199421,35.476097],[136.199541,35.475843],[136.199511,35.475659],[136.199161,35.475121],[136.199161,35.474947],[136.199523,35.474658],[136.199789,35.474614],[136.20076,35.474668],[136.201212,35.474255],[136.201526,35.474086],[136.201797,35.474021],[136.202057,35.474076],[136.202401,35.47423],[136.203486,35.474126],[136.204439,35.474255],[136.204759,35.474375],[136.204807,35.474559],[136.204723,35.474778],[136.204457,35.475037],[136.204445,35.475335],[136.204614,35.475644],[136.205085,35.476037],[136.205676,35.476107],[136.206171,35.475933],[136.206526,35.475669],[136.207009,35.47541],[136.208716,35.475296],[136.209042,35.475201],[136.209488,35.474877],[136.209772,35.474589],[136.210495,35.47433],[136.211038,35.474225],[136.211298,35.474076],[136.212088,35.473494],[136.212679,35.472852],[136.212577,35.473479],[136.212118,35.474141],[136.210447,35.476147],[136.209313,35.477729],[136.208396,35.47862],[136.207793,35.479108],[136.207389,35.479885],[136.207099,35.480133],[136.206792,35.480288],[136.205863,35.480467],[136.205537,35.480641],[136.20529,35.480984],[136.204765,35.482104],[136.20412,35.483025],[136.203782,35.483194],[136.203167,35.483294],[136.20298,35.483433],[136.202937,35.483632],[136.203227,35.484757],[136.203124,35.485086],[136.202835,35.485305],[136.202292,35.485464],[136.201423,35.485484],[136.200971,35.485618],[136.200694,35.485743],[136.200561,35.485947],[136.200615,35.486524],[136.200977,35.487216],[136.201399,35.487724],[136.20187,35.487898],[136.202401,35.487928],[136.203535,35.487729],[136.203896,35.487793],[136.203963,35.487987],[136.203631,35.488605],[136.202823,35.489177],[136.202449,35.48957],[136.202346,35.489909],[136.202419,35.491969],[136.202395,35.49281],[136.202648,35.493218],[136.203468,35.493686],[136.203571,35.494438],[136.203408,35.494692],[136.203245,35.495184],[136.202974,35.495398],[136.202395,35.495448],[136.201773,35.495598],[136.200923,35.496135],[136.20009,35.496827],[136.199927,35.497235],[136.200036,35.498713],[136.198986,35.499669],[136.198962,35.500201],[136.198848,35.500515],[136.198311,35.501157],[136.198142,35.5017],[136.198154,35.502406],[136.198383,35.503103],[136.19886,35.50377],[136.19968,35.504372],[136.200603,35.50483],[136.201972,35.50484],[136.202177,35.505114],[136.202575,35.505343],[136.202799,35.505418],[136.203607,35.505313],[136.203836,35.505452],[136.203903,35.505617],[136.203951,35.506025],[136.205483,35.505995],[136.207335,35.506931],[136.20713,35.507657],[136.207069,35.508837],[136.206804,35.509121],[136.206165,35.509464],[136.20605,35.509703],[136.206165,35.512465],[136.206925,35.512485],[136.207027,35.512978],[136.20728,35.513282],[136.207811,35.513431],[136.2088,35.513545],[136.209301,35.513998],[136.210109,35.514058],[136.210749,35.514352],[136.211563,35.514068],[136.212136,35.513685],[136.212323,35.513137],[136.212492,35.512943],[136.213204,35.513087],[136.214495,35.51366],[136.214863,35.514068],[136.215068,35.515039],[136.215357,35.517363],[136.215327,35.518279],[136.215098,35.518901],[136.214495,35.519857],[136.213318,35.521977],[136.212806,35.522997],[136.212625,35.5245],[136.212426,35.524908],[136.212148,35.525277],[136.211865,35.525501],[136.211756,35.525809],[136.211762,35.527949],[136.21128,35.528522],[136.210399,35.529239],[136.20941,35.529283],[136.20906,35.529502],[136.208686,35.529886],[136.208342,35.530358],[136.208071,35.530941],[136.207847,35.531244],[136.206074,35.532071],[136.205646,35.532344],[136.205356,35.532633],[136.205127,35.533011],[136.204982,35.533161],[136.204156,35.533006],[136.203082,35.533056],[136.203197,35.532746],[136.203271,35.532283],[136.202953,35.531604],[136.203013,35.531099],[136.203284,35.530651],[136.203625,35.530249],[136.203811,35.529786],[136.203119,35.526845],[136.203151,35.526322],[136.203353,35.525897],[136.20351,35.525218],[136.203473,35.523195],[136.203818,35.522781],[136.204029,35.522311],[136.204066,35.521685],[136.204135,35.521385],[136.204866,35.520884],[136.205023,35.520527],[136.205092,35.518953],[136.205358,35.516581],[136.205285,35.516152],[136.205023,35.51578],[136.203271,35.51468],[136.202415,35.514236],[136.201845,35.513625],[136.201546,35.513078],[136.201449,35.51197],[136.201077,35.51131],[136.200994,35.510862],[136.200967,35.509876],[136.2007,35.509481],[136.199895,35.508923],[136.199237,35.508563],[136.198617,35.508305],[136.198023,35.508172],[136.196612,35.507997],[136.195936,35.507804],[136.195591,35.507679],[136.192937,35.506339],[136.192519,35.506316],[136.192178,35.506426],[136.191764,35.506688],[136.19118,35.507193],[136.190481,35.507971],[136.189966,35.508248],[136.189488,35.50843],[136.188499,35.508665],[136.186379,35.509474],[136.186149,35.509682],[136.185584,35.510733],[136.185036,35.511557],[136.184549,35.511898],[136.184103,35.512054],[136.182806,35.512198],[136.182433,35.512388],[136.18218,35.512783],[136.181891,35.514171],[136.181776,35.515021],[136.18196,35.517541],[136.181941,35.518706],[136.181615,35.519522],[136.18115,35.520231],[136.180516,35.520827],[136.17967,35.521465],[136.179072,35.521711],[136.178662,35.521745],[136.178644,35.523172],[136.178851,35.523848],[136.179003,35.524694],[136.178842,35.525233],[136.178787,35.525741],[136.178998,35.527327],[136.178934,35.528515],[136.1788,35.529103],[136.178446,35.529748],[136.177096,35.531528],[136.17583,35.531],[136.174804,35.530488],[136.174563,35.530299],[136.17437,35.529925],[136.174285,35.529492],[136.17399,35.529194],[136.173375,35.528766],[136.17247,35.528298],[136.171686,35.527989],[136.170938,35.52786],[136.168585,35.52777],[136.16759,35.527292],[136.166963,35.526874],[136.166637,35.526516],[136.166335,35.525954],[136.165985,35.525018],[136.16616,35.524669],[136.166287,35.522335],[136.166619,35.522096],[136.166685,35.521335],[136.166812,35.521046],[136.166957,35.517627],[136.16715,35.517199],[136.167614,35.516726],[136.168308,35.516372],[136.169581,35.516044],[136.170642,35.516139],[136.171215,35.516258],[136.172204,35.516283],[136.172518,35.516074],[136.172687,35.516049],[136.173085,35.516248],[136.173242,35.516263],[136.173688,35.516069],[136.174497,35.515586],[136.17469,35.515317],[136.174708,35.515029],[136.174533,35.51474],[136.174123,35.514392],[136.17408,35.514128],[136.174261,35.5137],[136.174638,35.513152],[136.17465,35.512873],[136.174494,35.512664],[136.174071,35.512386],[136.173179,35.511271],[136.172141,35.511639]]],[[[136.349603,35.275831],[136.349856,35.275489],[136.350309,35.275049],[136.351057,35.274452],[136.351153,35.269574],[136.350963,35.269076],[136.351639,35.268572],[136.352475,35.268144],[136.352357,35.267959],[136.351633,35.267775],[136.351503,35.26741],[136.351627,35.267017],[136.351951,35.266711],[136.352286,35.266477],[136.35261,35.266361],[136.353028,35.265836],[136.35357,35.265491],[136.353717,35.265272],[136.353741,35.264947],[136.353723,35.264738],[136.352704,35.263795],[136.352651,35.263324],[136.352104,35.262906],[136.351503,35.262279],[136.350991,35.261988],[136.350072,35.26087],[136.349583,35.260817],[136.349413,35.260292],[136.34926,35.259286],[136.349613,35.258645],[136.34979,35.257892],[136.349919,35.25639],[136.350137,35.256055],[136.350272,35.255953],[136.350561,35.256108],[136.350791,35.256444],[136.351262,35.258164],[136.351603,35.2588],[136.35188,35.259087],[136.352675,35.259505],[136.353605,35.259767],[136.354447,35.259894],[136.356438,35.259981],[136.357121,35.260078],[136.35804,35.260545],[136.359836,35.261589],[136.361638,35.262926],[136.363705,35.264252],[136.364812,35.26484],[136.365565,35.265098],[136.370671,35.265506],[136.371425,35.265661],[136.372019,35.265919],[136.373309,35.266842],[136.373933,35.267503],[136.374422,35.268406],[136.374652,35.269087],[136.375182,35.269505],[136.376035,35.269893],[136.376936,35.270622],[136.377272,35.270987],[136.377867,35.271283],[136.379139,35.271482],[136.380782,35.27189],[136.381889,35.272517],[136.38339,35.27361],[136.384103,35.273421],[136.384274,35.273265],[136.38438,35.272716],[136.38458,35.272517],[136.384768,35.272459],[136.385228,35.272532],[136.38561,35.272512],[136.387106,35.270763],[136.387401,35.271069],[136.387566,35.2726],[136.387407,35.273008],[136.387147,35.273183],[136.386853,35.273295],[136.386447,35.273824],[136.386317,35.274228],[136.386176,35.274966],[136.385934,35.275564],[136.385334,35.276171],[136.384085,35.277629],[136.386918,35.280136],[136.387648,35.280622],[136.389197,35.281322],[136.389314,35.281633],[136.389208,35.28207],[136.387359,35.286166],[136.387147,35.287269],[136.386965,35.289558],[136.386653,35.290107],[136.386135,35.290646],[136.385958,35.290996],[136.385781,35.291594],[136.385793,35.292993],[136.385628,35.294013],[136.385281,35.294558],[136.384839,35.294319],[136.384162,35.29379],[136.383732,35.293275],[136.383155,35.292284],[136.382342,35.291171],[136.381889,35.290374],[136.381353,35.290073],[136.380758,35.289966],[136.379151,35.289907],[136.378244,35.289966],[136.377731,35.289762],[136.376883,35.288931],[136.376554,35.288425],[136.376601,35.288158],[136.376931,35.288105],[136.377201,35.287847],[136.377319,35.287366],[136.377584,35.286623],[136.377802,35.286317],[136.378073,35.2862],[136.378974,35.286336],[136.379286,35.286336],[136.379474,35.28621],[136.38001,35.285418],[136.379957,35.282318],[136.380052,35.281322],[136.380364,35.280189],[136.380481,35.279257],[136.380181,35.278839],[136.378809,35.27759],[136.378097,35.277153],[136.37494,35.27657],[136.374128,35.276268],[136.37335,35.275841],[136.371766,35.274762],[136.371425,35.274723],[136.370983,35.274888],[136.369328,35.275812],[136.368156,35.276157],[136.367473,35.276263],[136.366095,35.276774],[136.364664,35.277133],[136.363204,35.277682],[136.36096,35.278363],[136.361961,35.27895],[136.36374,35.279636],[136.364553,35.279801],[136.365748,35.279937],[136.367026,35.280253],[136.368145,35.280734],[136.369799,35.281958],[136.370783,35.283324],[136.371478,35.284728],[136.369623,35.285413],[136.369246,35.285486],[136.368781,35.285087],[136.367638,35.284334],[136.366749,35.283814],[136.366007,35.283596],[136.365006,35.283469],[136.363233,35.283343],[136.362321,35.283158],[136.361585,35.282828],[136.36122,35.282488],[136.36066,35.281623],[136.360289,35.281147],[136.359895,35.280904],[136.358016,35.280408],[136.357074,35.279976],[136.356344,35.279495],[136.355755,35.278994],[136.355089,35.278207],[136.354312,35.277532],[136.353647,35.277182],[136.351597,35.276754],[136.350567,35.276468],[136.349978,35.276152],[136.349603,35.275831]]],[[[136.397348,35.393713],[136.398027,35.392665],[136.397679,35.392493],[136.397339,35.391983],[136.397235,35.391387],[136.397122,35.391207],[136.397078,35.390855],[136.397392,35.390489],[136.397374,35.390079],[136.397078,35.389419],[136.397035,35.388399],[136.397104,35.387695],[136.397383,35.387221],[136.398184,35.386725],[136.398723,35.385576],[136.399507,35.38633],[136.403624,35.385842],[136.404259,35.386496],[136.404999,35.38656],[136.405286,35.386776],[136.405608,35.386847],[136.40546,35.386144],[136.405486,35.385713],[136.405617,35.385404],[136.405887,35.385232],[136.406453,35.385447],[136.40701,35.385447],[136.407297,35.385339],[136.407514,35.385081],[136.407671,35.384779],[136.413546,35.386495],[136.413738,35.386438],[136.414382,35.386093],[136.414756,35.386194],[136.415261,35.386582],[136.415496,35.387135],[136.415505,35.388679],[136.415844,35.389081],[136.416149,35.389038],[136.416627,35.388866],[136.416636,35.38995],[136.416053,35.390237],[136.415714,35.390532],[136.41567,35.390963],[136.415827,35.391329],[136.415949,35.392234],[136.416706,35.392816],[136.416775,35.393326],[136.417559,35.394317],[136.417541,35.395085],[136.417916,35.395638],[136.417054,35.396565],[136.417019,35.397311],[136.416601,35.398044],[136.416584,35.398669],[136.416862,35.399358],[136.417324,35.400206],[136.41742,35.40106],[136.417698,35.401613],[136.415748,35.401771],[136.414554,35.401743],[136.413422,35.40152],[136.412343,35.401042],[136.411642,35.400877],[136.410498,35.40064],[136.409627,35.400586],[136.4087,35.400568],[136.407138,35.401233],[136.406611,35.401301],[136.40588,35.401086],[136.404736,35.400655],[136.403778,35.400091],[136.402407,35.398892],[136.400793,35.399046],[136.399613,35.399294],[136.398908,35.399506],[136.397581,35.400206],[136.39628,35.401183],[136.395827,35.401466],[136.394883,35.401491],[136.395649,35.400005],[136.396336,35.3985],[136.396632,35.397581],[136.396867,35.395667],[136.397348,35.393713]]],[[[136.404625,35.420954],[136.406496,35.421443],[136.407332,35.42145],[136.408986,35.422269],[136.409638,35.422463],[136.4109,35.422987],[136.41151,35.423432],[136.411867,35.42354],[136.412337,35.423468],[136.412934,35.423262],[136.413431,35.423578],[136.413754,35.423862],[136.414009,35.424298],[136.415124,35.425072],[136.416334,35.42553],[136.417086,35.425977],[136.417489,35.426282],[136.417825,35.426457],[136.418174,35.426533],[136.418322,35.426642],[136.418752,35.427394],[136.418878,35.427798],[136.418631,35.428332],[136.418282,35.428735],[136.416333,35.430185],[136.416186,35.430414],[136.416172,35.430948],[136.415559,35.43165],[136.4155,35.431886],[136.4155,35.432442],[136.415554,35.432812],[136.415729,35.433423],[136.415903,35.433608],[136.416199,35.433793],[136.416575,35.433924],[136.417059,35.434011],[136.417274,35.434121],[136.418201,35.434949],[136.419491,35.435418],[136.420149,35.436017],[136.421211,35.437315],[136.421547,35.43786],[136.421963,35.438819],[136.422218,35.439092],[136.423119,35.439735],[136.423199,35.439855],[136.423186,35.439931],[136.422524,35.440469],[136.422259,35.440836],[136.422151,35.441087],[136.422111,35.441479],[136.422205,35.442558],[136.422326,35.442798],[136.422931,35.443605],[136.423186,35.444433],[136.423602,35.445305],[136.424892,35.44681],[136.425967,35.447878],[136.426169,35.448161],[136.426222,35.448401],[136.426222,35.448946],[136.426101,35.449175],[136.425621,35.449664],[136.425555,35.449837],[136.425537,35.450222],[136.425053,35.451061],[136.424892,35.451595],[136.424596,35.453329],[136.424301,35.453677],[136.423884,35.453993],[136.422957,35.45432],[136.422164,35.454724],[136.421735,35.455127],[136.421467,35.455639],[136.421319,35.456435],[136.421292,35.457089],[136.421171,35.457634],[136.420781,35.458561],[136.420741,35.458877],[136.420759,35.45974],[136.420929,35.461035],[136.421171,35.462071],[136.421104,35.463761],[136.420862,35.465036],[136.420539,35.465962],[136.420364,35.466235],[136.41976,35.466736],[136.419343,35.467226],[136.418886,35.467477],[136.418349,35.467204],[136.417919,35.467084],[136.417247,35.46703],[136.416401,35.466855],[136.415581,35.46654],[136.414748,35.466475],[136.414304,35.466528],[136.414076,35.466626],[136.413404,35.467215],[136.413055,35.467368],[136.411913,35.468087],[136.411053,35.468327],[136.410005,35.468588],[136.409355,35.468675],[136.40815,35.468708],[136.407545,35.468948],[136.407008,35.469079],[136.406336,35.469134],[136.404885,35.468959],[136.404428,35.468992],[136.403864,35.469286],[136.40162,35.470017],[136.401566,35.470147],[136.401499,35.47115],[136.401566,35.471641],[136.401835,35.472371],[136.401956,35.473472],[136.401445,35.474202],[136.400653,35.474878],[136.399981,35.475707],[136.399618,35.476688],[136.399134,35.477691],[136.398771,35.478595],[136.398583,35.478922],[136.39814,35.479511],[136.398073,35.479718],[136.398086,35.480612],[136.398006,35.480928],[136.397817,35.481135],[136.397508,35.481299],[136.396756,35.481473],[136.395842,35.481833],[136.395668,35.481953],[136.395157,35.482738],[136.394794,35.482988],[136.394122,35.483305],[136.393988,35.483457],[136.393907,35.484111],[136.3938,35.484384],[136.393303,35.485038],[136.392846,35.485463],[136.392591,35.485561],[136.392429,35.485572],[136.392214,35.485376],[136.391717,35.485201],[136.391529,35.48519],[136.391066,35.485373],[136.390786,35.484062],[136.390908,35.482388],[136.390586,35.480787],[136.390177,35.479868],[136.389628,35.479128],[136.38955,35.478481],[136.389463,35.476858],[136.388671,35.475293],[136.388523,35.474531],[136.388471,35.472125],[136.388349,35.471285],[136.388062,35.470804],[136.387444,35.470409],[136.385877,35.469741],[136.385529,35.469403],[136.385546,35.468463],[136.385407,35.468003],[136.385033,35.467536],[136.384275,35.467235],[136.38344,35.46699],[136.382891,35.466739],[136.382404,35.465719],[136.381864,35.465209],[136.381342,35.464872],[136.381177,35.464455],[136.381055,35.463629],[136.380489,35.463098],[136.379941,35.462013],[136.379401,35.461547],[136.378783,35.461302],[136.378426,35.46108],[136.377999,35.46029],[136.377294,35.458595],[136.376737,35.457812],[136.376232,35.457324],[136.375432,35.457044],[136.372577,35.456757],[136.371323,35.455765],[136.370714,35.455564],[136.370018,35.455256],[136.369809,35.454911],[136.368938,35.454006],[136.36913,35.453015],[136.368669,35.45262],[136.368695,35.452024],[136.368843,35.451894],[136.369043,35.451866],[136.369347,35.45211],[136.371941,35.452332],[136.372768,35.451629],[136.373839,35.451542],[136.373961,35.451133],[136.374187,35.450954],[136.374587,35.451068],[136.375275,35.451384],[136.377886,35.452907],[136.378252,35.453582],[136.379087,35.454343],[136.379731,35.454688],[136.380201,35.454853],[136.380915,35.455492],[136.381542,35.455636],[136.385032,35.455571],[136.385111,35.455399],[136.385607,35.454882],[136.386242,35.454724],[136.386782,35.45435],[136.38747,35.454041],[136.388288,35.454005],[136.389141,35.454551],[136.389619,35.454566],[136.392152,35.453826],[136.394041,35.452993],[136.395712,35.452461],[136.39606,35.452203],[136.396469,35.452023],[136.397618,35.451686],[136.398149,35.4516],[136.398358,35.45142],[136.398437,35.451219],[136.398872,35.450695],[136.399524,35.450687],[136.399533,35.450515],[136.399385,35.450156],[136.399377,35.448554],[136.399951,35.447032],[136.400221,35.445911],[136.401013,35.444813],[136.401222,35.443211],[136.399246,35.441681],[136.398323,35.440604],[136.397227,35.439527],[136.396992,35.439046],[136.39707,35.438636],[136.397383,35.43822],[136.39781,35.437832],[136.39855,35.437437],[136.399437,35.436776],[136.399611,35.436453],[136.399646,35.435893],[136.400186,35.435174],[136.400682,35.434219],[136.401152,35.432984],[136.40137,35.4319],[136.400525,35.42563],[136.400647,35.424718],[136.401343,35.423913],[136.401909,35.423533],[136.403485,35.423152],[136.404816,35.422743],[136.405173,35.422161],[136.405006,35.42155],[136.404625,35.420954]]],[[[136.057181,35.197113],[136.058753,35.1971],[136.060075,35.197392],[136.060955,35.197784],[136.062239,35.198505],[136.063032,35.199328],[136.06361,35.200315],[136.063799,35.201075],[136.063761,35.202315],[136.063547,35.203163],[136.063145,35.203746],[136.061987,35.205125],[136.062453,35.205328],[136.063107,35.205378],[136.063862,35.205315],[136.064592,35.205011],[136.064592,35.20553],[136.063988,35.205847],[136.063359,35.206074],[136.062443,35.20598],[136.061707,35.205524],[136.060933,35.205245],[136.060204,35.204802],[136.059839,35.204499],[136.059505,35.204106],[136.059109,35.203296],[136.0587,35.20291],[136.05787,35.202347],[136.055976,35.201208],[136.055366,35.201043],[136.055026,35.201031],[136.054768,35.201246],[136.054799,35.202296],[136.054177,35.202296],[136.054195,35.201689],[136.054114,35.201404],[136.053849,35.201062],[136.053472,35.200803],[136.053031,35.200645],[136.051509,35.200467],[136.051572,35.200107],[136.053157,35.200145],[136.053472,35.200056],[136.053573,35.19986],[136.053554,35.199372],[136.051761,35.198929],[136.051959,35.19848],[136.05323,35.198759],[136.053557,35.198771],[136.053846,35.198429],[136.055004,35.197847],[136.056237,35.197341],[136.057181,35.197113]]],[[[136.142844,35.419869],[136.143122,35.419746],[136.143544,35.419757],[136.144099,35.419869],[136.144676,35.42017],[136.144754,35.420383],[136.144754,35.42055],[136.144654,35.42064],[136.144232,35.420695],[136.143755,35.420695],[136.143355,35.420606],[136.143066,35.420182],[136.142777,35.419992],[136.142844,35.419869]]],[[[136.18539,35.527821],[136.185436,35.52669],[136.186931,35.526781],[136.186995,35.52757],[136.187589,35.527593],[136.188826,35.529433],[136.189424,35.529282],[136.189865,35.530826],[136.189759,35.531103],[136.189759,35.531289],[136.190012,35.531517],[136.190021,35.532037],[136.190215,35.532272],[136.189709,35.532537],[136.189065,35.531851],[136.188798,35.531794],[136.18849,35.531885],[136.187543,35.532355],[136.186016,35.531221],[136.185377,35.530576],[136.185096,35.530196],[136.18488,35.529627],[136.184774,35.529043],[136.185648,35.528925],[136.185579,35.528113],[136.18539,35.527821]]],[[[135.86984,35.026873],[135.869507,35.026556],[135.866153,35.026278],[135.865656,35.026113],[135.865109,35.025367],[135.863064,35.02336],[135.863033,35.021626],[135.861944,35.020993],[135.861517,35.018582],[135.861353,35.017044],[135.86146,35.016468],[135.860705,35.015937],[135.860913,35.015393],[135.861882,35.01595],[135.86219,35.015494],[135.86112,35.014766],[135.861435,35.014336],[135.862728,35.014975],[135.863357,35.014266],[135.863885,35.014102],[135.864905,35.014038],[135.865609,35.013861],[135.866263,35.013469],[135.866666,35.012988],[135.866943,35.012456],[135.86883,35.011431],[135.869472,35.011216],[135.870214,35.010608],[135.874002,35.008532],[135.874669,35.008102],[135.875499,35.008254],[135.876055,35.008283],[135.876545,35.008214],[135.877807,35.007532],[135.881717,35.007091],[135.883022,35.006914],[135.884078,35.006685],[135.88686,35.006335],[135.889805,35.006042],[135.86984,35.026873]]],[[[135.874761,34.953996],[135.874937,34.95381],[135.875427,34.953665],[135.875506,34.953423],[135.875449,34.952978],[135.875742,34.952414],[135.875791,34.952092],[135.875713,34.95056],[135.876008,34.949939],[135.876771,34.949399],[135.876839,34.949303],[135.876918,34.948754],[135.876987,34.948657],[135.87773,34.948293],[135.878112,34.947915],[135.878442,34.947434],[135.878679,34.947206],[135.878748,34.947045],[135.878778,34.946859],[135.878748,34.946714],[135.878533,34.946472],[135.877624,34.945835],[135.876958,34.945009],[135.876684,34.944622],[135.87641,34.944116],[135.876028,34.94323],[135.876077,34.942927],[135.876713,34.942242],[135.87686,34.942001],[135.877056,34.941236],[135.876566,34.940818],[135.876547,34.940574],[135.876684,34.940268],[135.877643,34.939541],[135.877839,34.938961],[135.878181,34.938534],[135.878504,34.937914],[135.878524,34.937627],[135.878397,34.936927],[135.878886,34.936259],[135.879416,34.935411],[135.879631,34.934952],[135.879924,34.934525],[135.87968,34.934307],[135.879582,34.93374],[135.879406,34.933348],[135.878701,34.932829],[135.878714,34.932475],[135.878915,34.932449],[135.879331,34.932728],[135.879645,34.932842],[135.880287,34.932779],[135.880683,34.932671],[135.881508,34.9337],[135.881717,34.934066],[135.881807,34.93474],[135.882013,34.93499],[135.882204,34.935106],[135.883219,34.935009],[135.883749,34.935212],[135.884016,34.935367],[135.884109,34.935632],[135.884041,34.935973],[135.883861,34.936183],[135.883864,34.936726],[135.883457,34.937063],[135.883371,34.93723],[135.883681,34.93773],[135.883717,34.937926],[135.883612,34.938121],[135.883151,34.938538],[135.883209,34.939335],[135.883299,34.939622],[135.883493,34.939912],[135.883472,34.940118],[135.883219,34.940452],[135.882874,34.940629],[135.882585,34.940589],[135.882128,34.940372],[135.881782,34.940339],[135.881559,34.940437],[135.881544,34.940604],[135.882286,34.941368],[135.882477,34.941662],[135.882546,34.941948],[135.882521,34.942271],[135.882308,34.94255],[135.881872,34.942742],[135.881361,34.942883],[135.880691,34.942948],[135.880467,34.943039],[135.880381,34.943169],[135.880453,34.943311],[135.882575,34.944499],[135.882859,34.944633],[135.883493,34.94467],[135.883846,34.945014],[135.88492,34.945891],[135.885759,34.946818],[135.886516,34.947141],[135.886887,34.947406],[135.88707,34.947666],[135.887099,34.947938],[135.886739,34.948221],[135.885255,34.949022],[135.884754,34.949236],[135.884275,34.949384],[135.883742,34.94942],[135.883111,34.949366],[135.882366,34.949373],[135.881339,34.949946],[135.880759,34.950725],[135.879703,34.951921],[135.878677,34.952993],[135.877758,34.953802],[135.877135,34.954421],[135.876303,34.955121],[135.874761,34.953996]]],[[[135.903321,34.967199],[135.903417,34.966928],[135.903253,34.966472],[135.903288,34.96627],[135.903477,34.966055],[135.903552,34.965612],[135.903489,34.965093],[135.903603,34.964763],[135.90398,34.964574],[135.904269,34.964156],[135.904584,34.963219],[135.905477,34.962637],[135.905779,34.962245],[135.905956,34.961751],[135.906295,34.961371],[135.906648,34.961181],[135.907799,34.961198],[135.90853,34.961596],[135.907082,34.962599],[135.905723,34.963789],[135.904892,34.965333],[135.90449,34.966649],[135.90424,34.968028],[135.903321,34.967199]]],[[[135.913062,35.033328],[135.91202,35.032746],[135.911096,35.03186],[135.910806,35.031404],[135.910668,35.031024],[135.91058,35.030252],[135.910655,35.029543],[135.910907,35.028885],[135.911473,35.027911],[135.912039,35.027493],[135.912945,35.026923],[135.913839,35.026797],[135.91487,35.026797],[135.915713,35.026898],[135.91628,35.027126],[135.916541,35.027341],[135.914848,35.027917],[135.914339,35.028436],[135.913848,35.029138],[135.914295,35.029373],[135.914666,35.028835],[135.915496,35.029202],[135.914351,35.031031],[135.91359,35.030626],[135.913911,35.030056],[135.913376,35.029778],[135.913024,35.030531],[135.912804,35.031252],[135.913062,35.033328]]],[[[135.921451,35.052497],[135.92265,35.054181],[135.923398,35.053826],[135.923807,35.054459],[135.923065,35.05489],[135.923927,35.05613],[135.923502,35.056276],[135.922911,35.056339],[135.922055,35.056149],[135.921476,35.055883],[135.921023,35.055478],[135.920709,35.054896],[135.920533,35.054377],[135.920596,35.053795],[135.921451,35.052497]]],[[[135.92287,35.114278],[135.925182,35.114297],[135.926755,35.115689],[135.925311,35.116455],[135.923939,35.115651],[135.923084,35.116075],[135.922958,35.115841],[135.923933,35.115366],[135.923763,35.115081],[135.923203,35.115113],[135.92287,35.114278]]],[[[135.923814,35.165957],[135.923946,35.165135],[135.92639,35.162609],[135.929422,35.159825],[135.931423,35.158559],[135.933537,35.157053],[135.934078,35.156812],[135.93482,35.1568],[135.936355,35.156483],[135.936481,35.155939],[135.936292,35.155521],[135.93555,35.154901],[135.934745,35.154395],[135.934191,35.153863],[135.933637,35.153091],[135.93331,35.152484],[135.931662,35.151053],[135.930693,35.149876],[135.931486,35.149876],[135.93292,35.150167],[135.934833,35.150787],[135.936443,35.151636],[135.937991,35.152851],[135.939161,35.154294],[135.939954,35.155812],[135.940432,35.157141],[135.940571,35.158382],[135.94047,35.159673],[135.940017,35.16147],[135.939413,35.162736],[135.938482,35.163964],[135.937664,35.164723],[135.936406,35.165748],[135.935298,35.166381],[135.933902,35.166938],[135.932153,35.167406],[135.93102,35.167584],[135.929435,35.16766],[135.927774,35.167533],[135.926667,35.167267],[135.925031,35.166736],[135.924339,35.166343],[135.923814,35.165957]]],[[[135.940445,35.106107],[135.941377,35.109126],[135.939174,35.109651],[135.938268,35.1065],[135.940445,35.106107]]],[[[135.947715,35.080072],[135.947371,35.079869],[135.947749,35.079362],[135.946994,35.078907],[135.94667,35.0794],[135.946475,35.079198],[135.946399,35.079008],[135.946374,35.07854],[135.946513,35.078179],[135.946802,35.077875],[135.947274,35.077647],[135.947771,35.077635],[135.94745,35.078204],[135.948325,35.078679],[135.948858,35.07777],[135.949413,35.078451],[135.949897,35.078888],[135.950212,35.078919],[135.950527,35.078825],[135.950734,35.078622],[135.950936,35.078021],[135.951131,35.077793],[135.951552,35.077603],[135.95176,35.077413],[135.951904,35.077141],[135.952836,35.077249],[135.953679,35.07728],[135.953748,35.077628],[135.954006,35.078128],[135.953043,35.078673],[135.953049,35.078869],[135.953414,35.079742],[135.953886,35.080236],[135.953414,35.080451],[135.952747,35.079824],[135.951118,35.079533],[135.949463,35.079508],[135.948608,35.079641],[135.948067,35.079812],[135.947715,35.080072]]],[[[135.974926,35.254292],[135.975455,35.25428],[135.97615,35.254448],[135.976717,35.254873],[135.977042,35.25539],[135.97709,35.255836],[135.977007,35.256345],[135.976695,35.256752],[135.976379,35.257065],[135.97613,35.25684],[135.975708,35.256257],[135.97555,35.255814],[135.975726,35.255355],[135.974926,35.254292]]],[[[135.995531,35.139774],[135.997136,35.138802],[135.998703,35.141738],[135.997117,35.14256],[135.995531,35.139774]]],[[[136.015746,35.294031],[136.014281,35.2941],[136.014048,35.293929],[136.013252,35.293954],[136.013107,35.293688],[136.013625,35.293459],[136.013429,35.293129],[136.013745,35.292913],[136.014124,35.293307],[136.014433,35.293135],[136.014938,35.292703],[136.015336,35.29203],[136.018917,35.290821],[136.01904,35.292784],[136.015746,35.294031]]],[[[136.034992,35.396168],[136.036029,35.395907],[136.036724,35.397844],[136.035753,35.398134],[136.034992,35.396168]]],[[[136.044875,35.410813],[136.044882,35.409994],[136.044983,35.409136],[136.045343,35.408558],[136.0458,35.408133],[136.046504,35.408774],[136.047295,35.408279],[136.047788,35.40881],[136.048139,35.409605],[136.048157,35.410083],[136.047999,35.410879],[136.047594,35.411533],[136.046944,35.411905],[136.046078,35.412135],[136.045665,35.410773],[136.044875,35.410813]]],[[[136.054606,35.447627],[136.054856,35.447181],[136.0553,35.44665],[136.055757,35.446306],[136.05632,35.446129],[136.05704,35.446102],[136.057937,35.446367],[136.058535,35.447004],[136.058799,35.447641],[136.058764,35.448189],[136.058588,35.44864],[136.058392,35.448853],[136.056763,35.448034],[136.055501,35.447723],[136.054606,35.447627]]],[[[136.066747,35.1583],[136.065724,35.158255],[136.064391,35.158508],[136.062654,35.159217],[136.061295,35.159622],[136.060691,35.159394],[136.060314,35.15904],[136.05981,35.158027],[136.060263,35.15785],[136.061201,35.157774],[136.061578,35.158268],[136.062094,35.158179],[136.062358,35.15785],[136.06295,35.157572],[136.064133,35.157192],[136.065152,35.157103],[136.066309,35.157179],[136.067077,35.157357],[136.066747,35.1583]]],[[[136.071432,35.334207],[136.072341,35.332198],[136.075669,35.333287],[136.074685,35.335153],[136.071432,35.334207]]],[[[136.071694,35.321103],[136.071959,35.320827],[136.071819,35.320606],[136.072583,35.320128],[136.073981,35.320464],[136.073999,35.32057],[136.073129,35.321702],[136.072268,35.322023],[136.071694,35.321103]]],[[[136.07422,35.463853],[136.074562,35.463524],[136.075124,35.463258],[136.076153,35.463126],[136.076926,35.463329],[136.077726,35.463798],[136.078235,35.464432],[136.077408,35.464451],[136.075886,35.464285],[136.07422,35.463853]]],[[[136.11385,35.480547],[136.114817,35.480096],[136.116663,35.479371],[136.118703,35.478876],[136.120065,35.478717],[136.121947,35.478602],[136.123077,35.478736],[136.125458,35.479435],[136.126774,35.479905],[136.12796,35.480401],[136.130463,35.481996],[136.131535,35.482948],[136.132514,35.48394],[136.131954,35.484363],[136.128866,35.485335],[136.128078,35.485489],[136.127306,35.485475],[136.12634,35.483605],[136.125897,35.482871],[136.125541,35.482751],[136.124697,35.482836],[136.124208,35.48312],[136.123743,35.483697],[136.123382,35.484474],[136.123297,35.485076],[136.12346,35.485792],[136.123062,35.486061],[136.122753,35.487509],[136.121749,35.487491],[136.121547,35.48711],[136.1206,35.487224],[136.11988,35.487199],[136.118882,35.486881],[136.118289,35.486398],[136.117081,35.485252],[136.116566,35.485031],[136.115573,35.48488],[136.115072,35.484518],[136.114615,35.484014],[136.113788,35.483068],[136.113577,35.48259],[136.113516,35.481741],[136.11385,35.480547]]],[[[136.124657,35.157799],[136.123272,35.157742],[136.12338,35.15687],[136.125094,35.155628],[136.124986,35.157705],[136.124657,35.157799]]],[[[136.137649,35.459224],[136.137657,35.458392],[136.137852,35.458386],[136.138502,35.458533],[136.139225,35.458969],[136.139745,35.459103],[136.14046,35.459183],[136.141264,35.459203],[136.142117,35.459022],[136.143092,35.458627],[136.143921,35.457983],[136.144205,35.457279],[136.144128,35.456368],[136.144984,35.456234],[136.145083,35.458017],[136.145863,35.458104],[136.145863,35.458439],[136.145375,35.459143],[136.144408,35.459968],[136.143693,35.460403],[136.142215,35.460812],[136.140712,35.460866],[136.140744,35.460249],[136.13864,35.459599],[136.137649,35.459224]]],[[[136.1502,35.226124],[136.151716,35.226813],[136.152561,35.227308],[136.153619,35.228181],[136.153822,35.228702],[136.153967,35.228794],[136.15412,35.228765],[136.154547,35.228496],[136.15469,35.228526],[136.154868,35.22882],[136.1547,35.229176],[136.154736,35.229466],[136.15496,35.229861],[136.156455,35.230755],[136.157524,35.231477],[136.157661,35.232006],[136.15789,35.232506],[136.158104,35.232703],[136.157351,35.233261],[136.15634,35.233726],[136.155164,35.23408],[136.154168,35.234171],[136.153158,35.234144],[136.151594,35.233764],[136.150635,35.233296],[136.149786,35.232656],[136.149283,35.23207],[136.148776,35.231217],[136.148494,35.230422],[136.148416,35.228922],[136.148679,35.228009],[136.149283,35.226974],[136.1502,35.226124]]],[[[136.158346,35.495642],[136.159714,35.495615],[136.159713,35.496138],[136.159879,35.496453],[136.160403,35.496912],[136.160515,35.497968],[136.160174,35.497981],[136.160036,35.497807],[136.15941,35.497747],[136.158435,35.497291],[136.15807,35.49654],[136.158078,35.496017],[136.158346,35.495642]]],[[[136.179468,35.242288],[136.180807,35.239378],[136.181071,35.238946],[136.183478,35.235596],[136.183218,35.235327],[136.184567,35.233415],[136.184975,35.233585],[136.185644,35.233684],[136.186622,35.233703],[136.186959,35.233866],[136.18742,35.233927],[136.188343,35.233775],[136.188928,35.233832],[136.189242,35.233935],[136.190123,35.234354],[136.190755,35.234738],[136.192686,35.236544],[136.192995,35.237126],[136.193287,35.237509],[136.194142,35.238265],[136.189896,35.242026],[136.191234,35.242846],[136.191593,35.242814],[136.191924,35.242723],[136.192575,35.24321],[136.192603,35.243538],[136.19348,35.243943],[136.193955,35.243633],[136.193469,35.242873],[136.193392,35.242572],[136.193596,35.242445],[136.193833,35.242513],[136.195743,35.243306],[136.196284,35.243401],[136.196764,35.243633],[136.196791,35.243952],[136.197481,35.24459],[136.197713,35.244649],[136.198083,35.244517],[136.198745,35.243952],[136.199153,35.243533],[136.199357,35.243041],[136.200136,35.243747],[136.200732,35.244061],[136.20178,35.244326],[136.202227,35.244503],[136.202575,35.244749],[136.203046,35.245365],[136.199576,35.246297],[136.19866,35.246654],[136.196406,35.247846],[136.191451,35.245579],[136.190158,35.247582],[136.179468,35.242288]]],[[[136.182546,35.505273],[136.183958,35.504996],[136.18462,35.504662],[136.185478,35.504108],[136.185453,35.505258],[136.184174,35.505789],[136.184146,35.506146],[136.183622,35.506464],[136.183208,35.50648],[136.183199,35.50591],[136.182721,35.505637],[136.182546,35.505273]]],[[[136.185565,35.44849],[136.187511,35.448364],[136.187571,35.44922],[136.18786,35.449449],[136.188898,35.449658],[136.188886,35.450106],[136.187981,35.450186],[136.187993,35.450504],[136.190213,35.450444],[136.191082,35.450743],[136.191017,35.45118],[136.186032,35.451233],[136.185565,35.44849]]],[[[136.190633,35.497832],[136.191104,35.497285],[136.191555,35.496253],[136.191544,35.495938],[136.191925,35.496135],[136.192233,35.496382],[136.192394,35.496644],[136.192381,35.496932],[136.192224,35.49724],[136.191787,35.497684],[136.191373,35.497892],[136.190849,35.497961],[136.190633,35.497832]]],[[[136.192127,35.248829],[136.194086,35.249849],[136.194503,35.249588],[136.195114,35.249886],[136.194977,35.250269],[136.196778,35.251327],[136.195511,35.252058],[136.192045,35.25035],[136.192127,35.248829]]],[[[136.226173,35.388792],[136.226375,35.388682],[136.226412,35.388026],[136.225152,35.387859],[136.225892,35.386796],[136.227736,35.387229],[136.227934,35.388633],[136.227194,35.388709],[136.227282,35.389185],[136.225461,35.389593],[136.225364,35.389021],[136.226173,35.388792]]],[[[136.232301,35.274346],[136.23443,35.275769],[136.235215,35.276202],[136.237139,35.276919],[136.239576,35.278487],[136.242055,35.280507],[136.243647,35.281722],[136.244594,35.282613],[136.245167,35.283359],[136.245511,35.283499],[136.246766,35.283698],[136.246754,35.283877],[136.246561,35.284031],[136.245988,35.284096],[136.245529,35.284205],[136.245529,35.28432],[136.245692,35.284514],[136.246072,35.284723],[136.246512,35.284713],[136.247809,35.286057],[136.246506,35.286147],[136.24717,35.287067],[136.247852,35.287102],[136.249191,35.288361],[136.249999,35.288008],[136.252303,35.290317],[136.255482,35.293956],[136.257219,35.295862],[136.25658,35.296106],[136.255247,35.296514],[136.255174,35.297231],[136.254812,35.297858],[136.254529,35.298619],[136.251861,35.298741],[136.249957,35.298732],[136.248346,35.298572],[136.246276,35.298322],[136.244693,35.297921],[136.243004,35.297384],[136.241006,35.296592],[136.239571,35.295836],[136.238125,35.294939],[136.237143,35.294265],[136.235957,35.29329],[136.234897,35.292279],[136.233104,35.290003],[136.232447,35.28896],[136.231763,35.287644],[136.231365,35.286733],[136.230852,35.285194],[136.23067,35.284247],[136.230433,35.282398],[136.230408,35.280322],[136.230813,35.277926],[136.231503,35.275868],[136.232301,35.274346]]],[[[136.254206,35.299229],[136.253727,35.300133],[136.253256,35.300864],[136.254149,35.301242],[136.254107,35.301596],[136.254288,35.301914],[136.254426,35.301989],[136.254889,35.302783],[136.255287,35.303274],[136.258444,35.306702],[136.259409,35.307967],[136.259747,35.308325],[136.26047,35.308708],[136.260187,35.308853],[136.259692,35.308897],[136.259192,35.308873],[136.259855,35.309495],[136.262781,35.31279],[136.264373,35.314925],[136.26716,35.319116],[136.266229,35.319387],[136.264099,35.319778],[136.261946,35.319869],[136.260059,35.319706],[136.258392,35.319387],[136.256726,35.318904],[136.255181,35.318276],[136.253967,35.317565],[136.252664,35.316737],[136.251439,35.315644],[136.250413,35.314423],[136.249651,35.313221],[136.249221,35.312274],[136.248771,35.311099],[136.248495,35.309847],[136.248451,35.308144],[136.248478,35.307028],[136.248798,35.30564],[136.24913,35.304706],[136.249781,35.303445],[136.250581,35.302243],[136.25158,35.301145],[136.252518,35.300325],[136.253749,35.299406],[136.254206,35.299229]]],[[[136.254445,35.38263],[136.253092,35.380497],[136.252209,35.378031],[136.252007,35.375898],[136.252071,35.374251],[136.252301,35.373151],[136.253246,35.370836],[136.254239,35.369299],[136.255269,35.368077],[136.25687,35.366609],[136.258337,35.365622],[136.25973,35.364867],[136.261386,35.364214],[136.262977,35.363748],[136.264398,35.363452],[136.265318,35.363338],[136.267668,35.363213],[136.269024,35.3633],[136.27045,35.363459],[136.271646,35.363714],[136.272975,35.364104],[136.274258,35.364598],[136.275403,35.365129],[136.275918,35.365488],[136.275484,35.365752],[136.274229,35.36616],[136.273717,35.366668],[136.273512,35.366976],[136.273536,35.367768],[136.273457,35.368101],[136.272619,35.369266],[136.272311,35.3695],[136.271774,35.369784],[136.271467,35.370003],[136.271268,35.370261],[136.271117,35.370923],[136.270568,35.371575],[136.268831,35.372994],[136.268384,35.373442],[136.267944,35.373716],[136.266478,35.374308],[136.266382,35.372586],[136.265236,35.371645],[136.264934,35.371854],[136.26532,35.372183],[136.265013,35.372436],[136.265592,35.372894],[136.265628,35.373666],[136.264964,35.374029],[136.263468,35.372675],[136.262684,35.373283],[136.264331,35.37498],[136.263909,35.375199],[136.262232,35.373507],[136.260881,35.374273],[136.259952,35.376174],[136.261044,35.377235],[136.260048,35.377862],[136.259704,35.377797],[136.259584,35.377901],[136.259596,35.378195],[136.259427,35.378544],[136.259083,35.378972],[136.258709,35.378862],[136.25848,35.37921],[136.257666,35.37923],[136.256869,35.379703],[136.255241,35.381724],[136.254445,35.38263]]],[[[136.32852,35.298068],[136.329032,35.298484],[136.329956,35.298994],[136.331281,35.299587],[136.337476,35.301302],[136.340085,35.30221],[136.340114,35.302521],[136.339844,35.302857],[136.339814,35.303114],[136.340349,35.304072],[136.338619,35.304768],[136.337697,35.30528],[136.336337,35.306395],[136.334993,35.308082],[136.334484,35.308449],[136.333792,35.307517],[136.333116,35.306835],[136.33174,35.305923],[136.330667,35.305345],[136.329872,35.304998],[136.329426,35.304906],[136.329037,35.30465],[136.328233,35.303757],[136.327716,35.303429],[136.326341,35.303009],[136.325864,35.302727],[136.325625,35.302478],[136.325243,35.30192],[136.325172,35.300352],[136.32541,35.299906],[136.325514,35.299066],[136.325744,35.298797],[136.326404,35.298587],[136.327669,35.298449],[136.32852,35.298068]]],[[[136.342611,35.287497],[136.343041,35.287307],[136.344114,35.287051],[136.345268,35.287005],[136.345737,35.286788],[136.346977,35.284682],[136.347478,35.283324],[136.34821,35.281545],[136.348639,35.279268],[136.349482,35.278173],[136.349603,35.275831],[136.349978,35.276152],[136.350567,35.276468],[136.351597,35.276754],[136.353647,35.277182],[136.354312,35.277532],[136.355089,35.278207],[136.355755,35.278994],[136.356344,35.279495],[136.357074,35.279976],[136.358016,35.280408],[136.359895,35.280904],[136.360289,35.281147],[136.36066,35.281623],[136.36122,35.282488],[136.361585,35.282828],[136.362321,35.283158],[136.363233,35.283343],[136.365006,35.283469],[136.366007,35.283596],[136.366749,35.283814],[136.367638,35.284334],[136.368781,35.285087],[136.369246,35.285486],[136.369623,35.285413],[136.371478,35.284728],[136.37199,35.284976],[136.372991,35.286156],[136.373921,35.286671],[136.374905,35.28706],[136.376236,35.28775],[136.376601,35.288158],[136.376554,35.288425],[136.376883,35.288931],[136.377731,35.289762],[136.378244,35.289966],[136.379151,35.289907],[136.380758,35.289966],[136.381353,35.290073],[136.381889,35.290374],[136.382342,35.291171],[136.383155,35.292284],[136.383732,35.293275],[136.384162,35.29379],[136.384839,35.294319],[136.385281,35.294558],[136.381771,35.295364],[136.38004,35.295656],[136.379127,35.296302],[136.378332,35.296598],[136.377402,35.296822],[136.376571,35.297279],[136.37603,35.297347],[136.374764,35.297317],[136.372891,35.296807],[136.371313,35.296817],[136.369287,35.296341],[136.36735,35.296331],[136.365724,35.295486],[136.364358,35.295213],[136.363805,35.294834],[136.361944,35.293391],[136.361243,35.293095],[136.360778,35.292964],[136.360059,35.292983],[136.359653,35.293066],[136.358911,35.293372],[136.358204,35.294334],[136.357775,35.295495],[136.357751,35.296919],[136.35748,35.297789],[136.356956,35.298819],[136.355884,35.300354],[136.35546,35.300884],[136.354789,35.301137],[136.354147,35.301287],[136.353535,35.301501],[136.352469,35.302152],[136.351839,35.302429],[136.351009,35.302628],[136.349872,35.302818],[136.349159,35.303129],[136.347293,35.304382],[136.346698,35.303843],[136.34724,35.302764],[136.347275,35.302405],[136.346987,35.30221],[136.346757,35.301885],[136.346757,35.301355],[136.347063,35.299922],[136.347081,35.298814],[136.346863,35.298202],[136.34492,35.298386],[136.344219,35.29828],[136.343389,35.297706],[136.34214,35.296472],[136.34141,35.295889],[136.340821,35.295559],[136.339838,35.295097],[136.340744,35.293819],[136.341398,35.292663],[136.341433,35.290738],[136.341634,35.289878],[136.34191,35.289062],[136.342611,35.287497]]],[[[136.350963,35.269076],[136.350601,35.268727],[136.350169,35.268641],[136.349833,35.268663],[136.347857,35.269375],[136.347382,35.269474],[136.346847,35.269232],[136.34639,35.268883],[136.345769,35.268684],[136.344932,35.268677],[136.343802,35.268171],[136.342758,35.26763],[136.341852,35.266854],[136.341092,35.266092],[136.340566,35.265822],[136.339824,35.265651],[136.33922,35.265245],[136.338668,35.264647],[136.338254,35.264298],[136.337382,35.264177],[136.33645,35.264213],[136.335777,35.264491],[136.33469,35.265551],[136.334224,35.265751],[136.332705,35.26585],[136.332645,35.263031],[136.332775,35.262376],[136.333284,35.261458],[136.334405,35.260283],[136.335423,35.259599],[136.33601,35.258909],[136.336424,35.258325],[136.337244,35.25762],[136.337753,35.257307],[136.338573,35.257065],[136.339436,35.256652],[136.340255,35.256054],[136.340739,35.255356],[136.341075,35.25443],[136.341179,35.253064],[136.341551,35.251728],[136.341355,35.249876],[136.341525,35.249876],[136.342365,35.250678],[136.344609,35.245946],[136.344687,35.24547],[136.344556,35.244517],[136.344661,35.243824],[136.345265,35.242558],[136.345435,35.242504],[136.346026,35.242579],[136.347075,35.242904],[136.347823,35.243489],[136.347863,35.24403],[136.349004,35.244929],[136.349477,35.245741],[136.349739,35.246574],[136.350802,35.2477],[136.352914,35.249389],[136.352744,35.250429],[136.352993,35.25136],[136.353675,35.252161],[136.354462,35.25267],[136.35525,35.252583],[136.357047,35.251684],[136.358241,35.251598],[136.359606,35.251381],[136.360918,35.250916],[136.361994,35.250927],[136.363293,35.251425],[136.364054,35.251912],[136.36442,35.253033],[136.366649,35.254869],[136.36795,35.256269],[136.368398,35.256866],[136.368433,35.257955],[136.368798,35.259213],[136.370706,35.260501],[136.371425,35.261181],[136.371878,35.261497],[136.374975,35.263241],[136.375235,35.263518],[136.375394,35.264053],[136.375623,35.264403],[136.376459,35.265146],[136.377567,35.265958],[136.379486,35.266924],[136.380163,35.267085],[136.380517,35.267245],[136.383549,35.268917],[136.384256,35.269262],[136.385917,35.269641],[136.386506,35.26999],[136.387106,35.270763],[136.38561,35.272512],[136.385228,35.272532],[136.384768,35.272459],[136.38458,35.272517],[136.38438,35.272716],[136.384274,35.273265],[136.384103,35.273421],[136.38339,35.27361],[136.381889,35.272517],[136.380782,35.27189],[136.379139,35.271482],[136.377867,35.271283],[136.377272,35.270987],[136.376936,35.270622],[136.376035,35.269893],[136.375182,35.269505],[136.374652,35.269087],[136.374422,35.268406],[136.373933,35.267503],[136.373309,35.266842],[136.372019,35.265919],[136.371425,35.265661],[136.370671,35.265506],[136.365565,35.265098],[136.364812,35.26484],[136.363705,35.264252],[136.361638,35.262926],[136.359836,35.261589],[136.35804,35.260545],[136.357121,35.260078],[136.356438,35.259981],[136.354447,35.259894],[136.353605,35.259767],[136.352675,35.259505],[136.35188,35.259087],[136.351603,35.2588],[136.351262,35.258164],[136.350791,35.256444],[136.350561,35.256108],[136.350272,35.255953],[136.350137,35.256055],[136.349919,35.25639],[136.34979,35.257892],[136.349613,35.258645],[136.34926,35.259286],[136.349413,35.260292],[136.349583,35.260817],[136.350072,35.26087],[136.350991,35.261988],[136.351503,35.262279],[136.352104,35.262906],[136.352651,35.263324],[136.352704,35.263795],[136.353723,35.264738],[136.353741,35.264947],[136.353717,35.265272],[136.35357,35.265491],[136.353028,35.265836],[136.35261,35.266361],[136.352286,35.266477],[136.351951,35.266711],[136.351627,35.267017],[136.351503,35.26741],[136.351633,35.267775],[136.352357,35.267959],[136.352475,35.268144],[136.351639,35.268572],[136.350963,35.269076]]],[[[136.387939,35.395265],[136.38955,35.397706],[136.390342,35.3992],[136.390577,35.399854],[136.394023,35.40282],[136.394485,35.403517],[136.394546,35.404228],[136.394398,35.405046],[136.393997,35.405887],[136.393318,35.406763],[136.392431,35.407244],[136.391717,35.407345],[136.391647,35.407661],[136.392944,35.409154],[136.391874,35.409119],[136.3874,35.409679],[136.386416,35.409557],[136.385807,35.409233],[136.384762,35.4083],[136.383857,35.407926],[136.382665,35.40756],[136.38276,35.407101],[136.382264,35.406418],[136.381672,35.405442],[136.381263,35.40333],[136.381141,35.401678],[136.381359,35.40078],[136.381838,35.399797],[136.382473,35.399071],[136.383065,35.397908],[136.383021,35.396191],[136.382752,35.39589],[136.382821,35.395739],[136.383178,35.395437],[136.383378,35.395071],[136.383457,35.394669],[136.387939,35.395265]]]]}}]}
